:020000040800F2
:1000000000000824514F0108493101084B31010813
:100010004D3101084F310108513101080000000045
:100020000000000000000000000000001175000842
:100030005331010800000000A1750008356D00086B
:10004000A14F0108A14F0108A14F0108A14F0108CC
:10005000A14F0108A14F0108A14F0108A14F0108BC
:10006000A14F010855310108A14F0108A14F010816
:10007000A14F0108A14F0108A14F0108A14F01089C
:10008000A14F0108A14F0108A14F01085D310108EE
:10009000693101087531010879310108A14F010862
:1000A000A14F0108A14F0108A14F0108A14F01086C
:1000B0007D310108A14F0108A14F0108A14F01089E
:1000C000A14F0108A14F0108A14F0108A14F01084C
:1000D000A14F0108A14F0108A14F0108A14F01083C
:1000E000A14F0108A14F010800000000A14F010825
:1000F000A14F0108A14F0108A14F0108A14F01081C
:10010000A14F0108C9310108A14F0108A14F010801
:10011000A14F0108A14F0108A14F0108A14F0108FB
:10012000A14F0108A14F0108A14F0108A14F0108EB
:10013000A14F0108A14F0108A14F0108A14F0108DB
:10014000A14F0108A14F01080000000000000000BD
:10015000A14F0108A14F0108A14F0108A14F0108BB
:10016000A14F0108A14F0108A14F0108A14F0108AB
:10017000A14F010889310108A14F0108A14F0108D1
:10018000A14F0108A14F0108A14F0108A14F01088B
:10019000A14F0108A14F0108A14F0108A14F01087B
:1001A00095310108A14F010889420008A14F0108BB
:1001B000A14F0108A14F0108A14F0108A14F01085B
:1001C000A14F0108A14F0108A14F0108A14F01084B
:1001D000A14F0108A14F0108A14F0108A14F01083B
:1001E000A14F0108A14F0108A14F0108A14F01082B
:1001F000A14F0108A14F0108A14F0108A14F01081B
:10020000A14F0108A14F0108A14F0108A14F01080A
:10021000A14F0108A14F0108A14F0108A14F0108FA
:10022000A14F0108A1310108AD310108A14F01081A
:10023000A14F0108A14F0108A14F0108A14F0108DA
:10024000A14F0108A14F0108A14F0108A14F0108CA
:10025000A14F0108A14F0108A14F0108A14F0108BA
:10026000A14F0108A14F0108A14F0108A14F0108AA
:10027000A14F0108A14F0108A14F0108A14F01089A
:10028000A14F0108A14F0108A14F01080000000083
:08029000A14F0108A14F010874
:1002C00002780B78012A28BF9A4240F0D8806DE965
:1002D000044540EA0104CDE902676FF0000C4FEAE3
:1002E00044721AB380EA010414F0070F6BD100F0D6
:1002F000070420F0070004F0030521F007014FEA8E
:10030000C505F0E8042314F0040FF1E804670CFAC3
:1003100005F462EA040266EA04060BD063EA040309
:10032000624667EA0407664604E000BFF0E804237B
:10033000F1E8046782FA4CF582EA0604A4FA8CF428
:100340006CBB83FA4CF583EA0705A5FA8CF595B9E1
:1003500050E9022351E9026782FA4CF582EA060469
:10036000A4FA8CF483FA4CF583EA0705A5FA8CF518
:100370002543DBD09CB92DBAB5FA85F424F00704E7
:1003800027FA04F1DDE9026723FA04F303F0FF0022
:1003900001F0FF01FDE80445A0EB0100704724BA1D
:1003A000B4FA84F424F0070426FA04F1DDE90267C4
:1003B00022FA04F202F0FF0001F0FF01FDE804451B
:1003C000A0EB0100704714F0030F3CD110F00304C0
:1003D00028D150F8082B51F8083B82FA4CF582EAF4
:1003E0000305A5FA8CF55DB950F8042C51F8043CCE
:1003F00082FA4CF582EA0305A5FA8CF5002DE8D0C7
:100400002DBAB5FA85F424F0070423FA04F122FA90
:1004100004F202F0FF0001F0FF01FDE80445A0EB4B
:10042000010070474FEAC40420F0030050F8082B85
:1004300021F0030151F8083B0CFA04F462EA0402CB
:1004400063EA0403C9E710F003041DD0A1EB040123
:1004500020F00300E40750F8042B06D012D28B786A
:100460005FFAA2F4E41A06D12BB1CB785FFAB2F4AA
:10047000E41A00D133B920465DF8104B7047A2EB67
:100480000300704701F1040150F8042BCC0721F060
:10049000030151F8043B48D824D222F07F4482FA69
:1004A0004CF594EA1325A5FA8CF50AD165B951F8F3
:1004B000043B84EA0204B4EB036F0ED150F8042B22
:1004C000EBE74FEA132355E035F07F454DD108782F
:1004D000FDE80445C0F1000070474FEA126203F0E6
:1004E000FF0347E002EA1C4482FA4CF594EA134504
:1004F000A5FA8CF50AD165B951F8043B84EA0204E7
:10050000B4EB034F0CD150F8042BEBE74FEA134345
:1005100030E015EA1C4528D10B884FEA124229E049
:100520004FEA124203EA1C4324E002F0FF0482FA7D
:100530004CF594EA1365A5FA8CF50AD165B951F822
:10054000043B84EA0204B4EB032F09D150F8042BD6
:10055000EBE74FEA13630DE015F0FF0F05D10B68D1
:100560004FEA122223F07F4304E04FF00000FDE841
:100570000445704712BA1BBA82FA4CF482EA0304AB
:10058000A4FA8CF5B5FA85F402FA04F203FA04F33E
:100590004FEA1260FDE80445A0EB1360704700BF0E
:1005A00001F0FF01102A2BDB10F0070F08D010F824
:1005B000013B013A8B422DD010F0070F42B3F6D128
:1005C000F0B441EA012141EA014122F007047FF041
:1005D00000070023F0E80256083C85EA010586EA98
:1005E000010685FA47F5A3FA87F586FA47F6A5FAD4
:1005F00087F68EB9EED1F0BC01F0FF0102F00702E0
:1006000032B110F8013B013A83EA010313B1F8D18A
:100610000020704701387047002D06BF354603386B
:10062000073815F0010F07D1013015F4807F02BFA4
:10063000013015F4C03F0130F0BC0138704700BFF5
:10064000844641EA000313F003036DD1403A41D3DD
:1006500051F8043B40F8043B51F8043B40F8043B9C
:1006600051F8043B40F8043B51F8043B40F8043B8C
:1006700051F8043B40F8043B51F8043B40F8043B7C
:1006800051F8043B40F8043B51F8043B40F8043B6C
:1006900051F8043B40F8043B51F8043B40F8043B5C
:1006A00051F8043B40F8043B51F8043B40F8043B4C
:1006B00051F8043B40F8043B51F8043B40F8043B3C
:1006C00051F8043B40F8043B51F8043B40F8043B2C
:1006D000403ABDD2303211D351F8043B40F8043BCC
:1006E00051F8043B40F8043B51F8043B40F8043B0C
:1006F00051F8043B40F8043B103AEDD20C3205D3DC
:1007000051F8043B40F8043B043AF9D2043208D0D3
:10071000D2071CBF11F8013B00F8013B01D30B8845
:1007200003806046704700BF082A13D38B078DD023
:1007300010F003038AD0C3F10403D21ADB071CBFF5
:1007400011F8013B00F8013B80D331F8023B20F85F
:10075000023B7BE7043AD9D3013A11F8013B00F898
:10076000013BF9D20B7803704B7843708B78837020
:10077000604670470000000000000000000000001C
:1007800030B490F800F020F007016FF0000C10F08A
:10079000070491F820F040F048804FF000046FF01B
:1007A0000700D1E9002391F840F000F1080082FA37
:1007B0004CF2A4FA8CF283FA4CF3A2FA8CF34BBB02
:1007C000D1E9022382FA4CF200F10800A4FA8CF27B
:1007D00083FA4CF3A2FA8CF3E3B9D1E9042382FA49
:1007E0004CF200F10800A4FA8CF283FA4CF3A2FA5E
:1007F0008CF37BB9D1E9062301F1200182FA4CF296
:1008000000F10800A4FA8CF283FA4CF3A2FA8CF3FC
:10081000002BC6D0002A04BF04301A4612BAB2FA1E
:1008200082F200EBD20030BC7047D1E9002304F023
:100830000305C4F100004FEAC50514F0040F91F858
:1008400040F00CFA05F562EA05021CBF63EA0503F5
:1008500062464FF00004AAE781F0004102E000BFC9
:1008600083F0004330B54FEA41044FEA430594EA70
:10087000050F08BF90EA020F1FBF54EA000C55EAAB
:10088000020C7FEA645C7FEA655C00F0E2804FEA7C
:100890005454D4EB5555B8BF6D420CDD2C4480EA5E
:1008A000020281EA030382EA000083EA010180EA8E
:1008B000020281EA0303362D88BF30BD11F0004FDC
:1008C0004FEA01314FF4801C4CEA113102D0404212
:1008D00061EB410113F0004F4FEA03334CEA13334D
:1008E00002D0524263EB430394EA050F00F0A78065
:1008F000A4F10104D5F1200E0DDB02FA0EFC22FA60
:1009000005F2801841F1000103FA0EF2801843FA53
:1009100005F359410EE0A5F120050EF1200E012A44
:1009200003FA0EFC28BF4CF0020C43FA05F3C01882
:1009300051EBE37101F0004507D54FF0000EDCF1FB
:10094000000C7EEB00006EEB0101B1F5801F1BD3A4
:10095000B1F5001F0CD349085FEA30004FEA3C0CA8
:1009600004F101044FEA445212F5800F80F09A809E
:10097000BCF1004F08BF5FEA500C50F1000041EBA2
:10098000045141EA050130BD5FEA4C0C404141EBA6
:100990000101013C28BFB1F5801FE9D291F0000FA1
:1009A00004BF01460020B1FA81F308BF2033A3F150
:1009B0000B03B3F120020CDA0C3208DD02F1140C47
:1009C000C2F10C0201FA0CF021FA02F10CE002F182
:1009D0001402D8BFC2F1200C01FA02F120FA0CFC7B
:1009E000DCBF41EA0C019040E41AA2BF01EB0451C4
:1009F000294330BD6FEA04041F3C1CDA0C340EDCC2
:100A000004F11404C4F1200220FA04F001FA02F304
:100A100040EA030021FA04F345EA030130BDC4F1C2
:100A20000C04C4F1200220FA02F001FA04F340EAB7
:100A30000300294630BD21FA04F0294630BD94F068
:100A4000000F83F4801306BF81F480110134013D4F
:100A50004EE77FEA645C18BF7FEA655C29D094EAC0
:100A6000050F08BF90EA020F05D054EA000C04BF3E
:100A70001946104630BD91EA030F1EBF0021002029
:100A800030BD5FEA545C05D14000494128BF41F0C8
:100A9000004130BD14F580043CBF01F5801130BD2C
:100AA00001F0004545F0FE4141F470014FF00000B7
:100AB00030BD7FEA645C1ABF194610467FEA655C68
:100AC0001CBF0B46024650EA013406BF52EA03350A
:100AD00091EA030F41F4002130BD00BF90F0000FF8
:100AE00004BF0021704730B54FF4806404F1320434
:100AF0004FF000054FF0000150E700BF90F0000FED
:100B000004BF0021704730B54FF4806404F1320413
:100B100010F0004548BF40424FF000013EE700BFE3
:100B200042004FEAE2014FEA31014FEA02701FBF73
:100B300012F07F4393F07F4F81F06051704732F0A5
:100B40007F4208BF704793F07F4F04BF41F40021FC
:100B5000704730B54FF4607401F0004521F000415A
:100B60001CE700BF50EA010208BF704730B54FF0E4
:100B700000050AE050EA010208BF704730B511F0E5
:100B8000004502D5404261EB41014FF4806404F11D
:100B900032045FEA915C3FF4D8AE4FF003025FEAA3
:100BA000DC0C18BF03325FEADC0C18BF033202EB27
:100BB000DC02C2F1200300FA03FC20FA02F001FA81
:100BC00003FE40EA0E0021FA02F11444BDE600BF24
:100BD00080F0004002E000BF81F0004142001FBFF2
:100BE0005FEA410392EA030F7FEA226C7FEA236CFB
:100BF0006AD04FEA1262D2EB1363C1BFD2184140F0
:100C000048404140B8BF5B42192B88BF704710F085
:100C1000004F40F4000020F07F4018BF404211F028
:100C2000004F41F4000121F07F4118BF494292EA90
:100C3000030F3FD0A2F1010241FA03FC10EB0C00BC
:100C4000C3F1200301FA03F100F0004302D5494249
:100C500060EB4000B0F5000F13D3B0F1807F06D3F6
:100C600040084FEA310102F10102FE2A51D2B1F1EE
:100C7000004F40EBC25008BF20F0010040EA0300E3
:100C80007047490040EB0000013A28BFB0F5000F63
:100C9000EDD2B0FA80FCACF1080CB2EB0C0200FA19
:100CA0000CF0AABF00EBC25052421843BCBFD04068
:100CB0001843704792F0000F81F4000106BF80F4E2
:100CC00000000132013BB5E74FEA41037FEA226CA5
:100CD00018BF7FEA236C21D092EA030F04D092F070
:100CE000000F08BF0846704790EA010F1CBF0020A4
:100CF000704712F07F4F04D1400028BF40F0004001
:100D0000704712F100723CBF00F50000704700F020
:100D1000004343F0FE4040F4000070477FEA226247
:100D200016BF08467FEA23630146420206BF5FEA18
:100D3000412390EA010F40F4800070474FF0000318
:100D400004E000BF10F0004348BF40425FEA000CDF
:100D500008BF704743F0964301464FF000001CE087
:100D600050EA010208BF70474FF000030AE000BFDD
:100D700050EA010208BF704711F0004302D540421B
:100D800061EB41015FEA010C02BF8446014600208D
:100D900043F0B64308BFA3F18053A3F50003BCFAA8
:100DA0008CF2083AA3EBC25310DB01FA02FC634455
:100DB00000FA02FCC2F12002BCF1004F20FA02F25C
:100DC00043EB020008BF20F00100704702F120024F
:100DD00001FA02FCC2F1200250EA4C0021FA02F2B0
:100DE00043EB020008BF20EADC70704753B94AB9F0
:100DF000002908BF00281CBF4FF0FF314FF0FF3023
:100E000000F0E2B8ADF1080C6DE904CE3BF0CCF98E
:100E1000DDF804E0DDE9022304B0704700F134019D
:100E200091E838009C46A6464CF8045D90E8FF0F18
:100E3000E54600BD90EC210B704700BF80EC210B14
:100E4000704700BF90EC200B704700BF80EC200B78
:100E5000704700BFD0EC200B704700BFC0EC200BE8
:100E6000704700BFF0EC0201F0EC0211F0EC02213F
:100E7000F0EC0231F0EC0241F0EC0251F0EC0261D6
:100E8000F0EC0271F0EC0281F0EC0291F0EC02A1C6
:100E9000F0EC02B1F0EC02C1F0EC02D1F0EC02E1B6
:100EA000F0EC02F1704700BFE0EC0201E0EC02114F
:100EB000E0EC0221E0EC0231E0EC0241E0EC025116
:100EC000E0EC0261E0EC0271E0EC0281E0EC029106
:100ED000E0EC02A1E0EC02B1E0EC02C1E0EC02D1F6
:100EE000E0EC02E1E0EC02F1704700BFB0FC0181F0
:100EF000B0FC0191B0FC01A1B0FC01B1704700BF92
:100F0000A0FC0181A0FC0191A0FC01A1A0FC01B109
:100F1000704700BFEC4600B52DE900502DE9FF1FDA
:100F20004FF000032DE90C0001A93BF0F7FBDDF8C1
:100F300040E012B0704700BFEC4600B52DE900500C
:100F40002DE9FF1F4FF000032DE90C0001A93BF034
:100F500021FCDDF840E012B0704700BFEC4600B560
:100F60002DE900502DE9FF1F4FF000032DE90C0083
:100F700001A93BF031FCDDF840E012B0704700BF42
:100F8000EC4600B52DE900502DE9FF1F4FF000039E
:100F90002DE90C0001AB3BF0F5FBDDF840E012B0B1
:100FA000704700BFEC4600B52DE900502DE9FF1F4A
:100FB0004FF000032DE90C0001AA3BF06DFCDDF8B9
:100FC00040E012B0704700BF704700BF0348044BB9
:100FD000834202D0034B03B118477047C007002477
:100FE000C0070024000000000548064B1B1AD90F5B
:100FF00001EBA301491002D0034B03B1184770471E
:10100000C0070024C00700240000000010B5064CF3
:10101000237843B9FFF7DAFF044B13B10448AFF369
:1010200000800123237010BDC08100240000000057
:1010300014D3030808B5054B1BB105490548AFF3A8
:101040000080BDE80840FFF7CFBF00BF00000000F0
:10105000C481002414D303087047043870477047D4
:1010600082B002AB03E9060002B0704782B002B062
:10107000704782B002B0704782B002B0704782B051
:1010800002B0704784B004B0704782B002B07047BD
:1010900084B001A804B080E80E00704784B001A8B5
:1010A00004B080E80E00704784B004A800E90E0088
:1010B00004B0704784B004A800E90E0004B0704783
:1010C00082B002AB03E9060002B0704710B50446D7
:1010D00010212DF065F8204610BDA0F10400F5E7C1
:1010E00084B010B5044603A880E80E00E0689DF8BF
:1010F00010209DF80C1000F099FA9DF81410E0688B
:1011000000F0C8F99DF81810E06800F06BFABDF81F
:101110002020BDF81C10E068BDE8104004B000F0CD
:10112000D3B9A0F10400FFF7DBBF84B010B50446CB
:1011300003A880E80E00E0689DF80C1000F09CFA0F
:101140009DF81010E06800F025FA9DF81410E06892
:1011500000F0BAF89DF81810E068BDE8104004B03F
:1011600000F09DBAA0F10400FFF7DFBFBCEEC00A9B
:1011700084B00021C06810EE103A9AB204B000F0BA
:1011800069B9A0F10400FFF7F1BF13B502AB044643
:10119000C06803E90600DDED017A0022FCEEE77A83
:1011A00017EE903A99B200F055F99DF80010E068FA
:1011B00002B0BDE8104000F049BAA0F10400FFF70A
:1011C000E4BF82B002AB03E9060002B0704782B010
:1011D00002B0704782B002B0704782B002B0704770
:1011E00082B002B0704784B004B0704782B002B0E1
:1011F000704784B001A804B080E80E00704784B046
:1012000001A804B080E80E00704784B004A800E98B
:101210000E0004B0704784B004A800E90E0004B0CA
:10122000704782B002AB03E9060002B070470000CD
:101230000022C1608260024A0260583242607047F8
:10124000C4D303087047704770470000034B10B5C4
:101250000446036000F04AFC204610BDC8F10308B4
:1012600010B50446FFF7F2FF45F6607120462CF0FA
:1012700097FF204610BD0268B0EE401AD0ED0E0A6E
:10128000D26F90ED0D0A104710B5044600F062FDD4
:101290000B4B00220021236004F5A04303F5756089
:1012A000C3F84C2F016003F65470016003F65871C7
:1012B000044808602046A3F85C2F83F85E2F10BD19
:1012C000C8F1030800009D424B1E00F5A0405942A2
:1012D000594180F85E1F704738B5044600F0EFFBB7
:1012E0005023564A04F597500221554D0C301DF0FD
:1012F00044FE04F644301BF053FD04F5955064237E
:101300002A460A2118301DF038FE04F5BA601BF099
:1013100047FD04F596504B4B2A460A210C301DF030
:101320002CFE04F21C601BF03BFD082104F59B50D1
:10133000B4232A4608441DF020FE04F552601BF039
:101340002FFD00232A46042104F59E501DF015FEB2
:1013500004F6F4601BF024FD04F5975106223A4888
:101360001EF03BF804F5CD601BF01AFD04F5975014
:1013700042F210732A460A2110301DF0FEFD04F5DA
:10138000985042F210732A460A2104301DF0F5FDF0
:1013900004F6E8301BF004FD04F5985042F2107397
:1013A0002A460A2118301DF0E8FD04F5995042F252
:1013B00010732A460A210C301DF0DFFD04F6384078
:1013C0001BF0EEFC42F210732A460A2104F59A50F3
:1013D0001DF0D3FD04F59A5042F210732A460A21FB
:1013E00014301DF0CAFD04F688401BF0D9FC04F649
:1013F000D4401BF0D5FC04F59F5000232A46082159
:1014000018301DF0BAFD04F5825010301BF0C8FCF6
:1014100004F5A0500D4B0A210D4A08301DF0ADFD1A
:1014200004F5845004F5A0441C301BF0B9FC0023E3
:10143000A4F85C3F84F85E3F38BD00BF64D4030865
:1014400067D403087EC912006AD4030870D4030865
:1014500075D4030870B504460D460D4E082100F5FD
:101460009E501346324608441DF087FD04F5746013
:101470001BF096FC04F59E502B463246082118308E
:101480001DF07BFD04F68C70BDE870401BF088BC3D
:1014900067D4030803290A4A10B598BF094B0446CC
:1014A00000F597508CBF2D235B5C02210C301DF0A2
:1014B00064FD04F64430BDE810401BF071BC00BF71
:1014C00064D40308B9F1030807EE901A9FED2F7A50
:1014D0000821F0B52DED028BF8EEE78A83B0F8EE27
:1014E000677A04462A4D00F59B5068EE878A01AB67
:1014F000084404F6582608EE102A2A46CDED017A53
:101500001DF062FF04F5526004F2B4671BF048FC62
:10151000B0EE680A3046FFF7AEFE304604F5F466DA
:101520001BF03EFCB0EE680A3846FFF7A4FEB0EEB2
:10153000680A3046FFF79FFE38461BF031FC304604
:101540001BF02EFCB8EE488A04F59B5001AB2A46EE
:10155000082118308DED018A1DF036FF04F66C501D
:101560001BF01EFC082104F59C5001AB2A468DEDB2
:10157000018A08441DF028FF04F6B85003B0BDEC02
:10158000028BBDE8F0401BF00BBC00BF2EFA8E3C76
:1015900078D403080B46022900F5A0514FF00A0247
:1015A00010B500F5845401F1080104F11C040CD0BD
:1015B000032B0CD0012B14BF064807481DF00DFF6C
:1015C0002046BDE810401BF0EBBB0448F6E704489A
:1015D000F4E700BF70D403087DD4030881D4030866
:1015E00089D40308012910B504460ED0022911D070
:1015F000A9B900F59751062209481DF0EEFE04F541
:10160000CD60BDE810401BF0CBBB00F59751062222
:101610000448F2E700F5975106220348EDE710BDB4
:1016200092D403086AD4030896D4030838B5044654
:101630000D4600F50E70114617F0DCFB294604F24A
:101640000440BDE8384017F0D5BB000038B504466B
:101650000D4600F68C0017F0CDFB2B4604F59E508E
:10166000044A04211DF089FC04F6F460BDE838400A
:101670001BF096BB67D4030807B521B101290CD034
:1016800003B05DF804FB062300F5945001A9ADF802
:1016900004300C3017F06DFCF2E70723F4E700F597
:1016A000A04313B503291FD8DFE801F01E02070A83
:1016B0000122A3F85C2F02B010BD4FF48072F8E74E
:1016C00040F2011200F58E54A3F85C2F04340E236F
:1016D000204601A9ADF8043017F04BFC204602B0BB
:1016E000BDE810401BF05CBB002200F58E54A3F84F
:1016F0005C2F04340F23EBE7F7B500F5A0473C233C
:1017000000F587560446D7F84C5F0836013595FB3F
:10171000F3F2C7F84C5F03FB125597F85C3F4BB1EF
:101720001D2D01A93046D4BF14231523ADF8043074
:1017300017F01FFC304604F588561BF031FB97F874
:101740005D3F14364BB11D2D01A93046D4BF1F2378
:101750002023ADF8043017F00CFC304604F58A5411
:101760001BF01EFB97F85E3F4BB11D2D01A92046D3
:10177000D4BF17231823ADF8043017F0FAFB204626
:1017800003B0BDE8F0401BF00BBB002202607047C5
:101790002DE9F04FC1B004460DF1900B0DF11C0A7C
:1017A0000DF1A8080DF12409584630AF0FF080FD67
:1017B00050460FF08FFD40460FF09CFD17A80FF02C
:1017C000ABFD48460FF0B6FD0BA80FF0C3FD0DA80A
:1017D0000FF0D0FD0FA80FF0DDFD11A80FF0EAFD0E
:1017E00020A80FF0F7FD38AE13A81AAD0FF000FED9
:1017F00038460FF00DFE30460FF01CFE28460FF065
:101800002BFE1DA80FF036FE15A80FF041FED4F8F0
:1018100000C027ABDCF800E093E807008DE8070084
:1018200060469BE80E00DEF808B0D84720680368E1
:101830009AE80600DB689847D4F800C02DABDCF8C6
:1018400000E093E807008DE80700604698E80E0086
:10185000DEF81080C04720689DED191A03689DEDE1
:10186000170ADDED180A5B6998472068036899E854
:1018700006009B69984720689DED0B0A0368DDED23
:101880000C0ADB69984720689DED0D0A0368DDEDC1
:101890000E0A1B6A984720689DED0F0A0368DDED6C
:1018A000100A5B6A984720689DED110A0368DDED18
:1018B000120A9B6A984720689DED221A0368DDEDA5
:1018C000231A9DED200ADDED210ADB6A9847206886
:1018D0009DED130A0368DDED140A1B6B98470DF1AB
:1018E000CC0ED4F80080EC46BEE80F00D8F800908B
:1018F000ACE80F00DEF800304046CCF8003097E846
:101900000E00D9F83470B8470DF1EC0CD4F800E0B3
:101910006F46BCE80F00DEF800800FC7DCF800302F
:1019200070463B6096E80E00D8F83860B0472068F3
:101930000368DE6B95E80E00B047206803681D6CF5
:101940001DAB0ECBA847206815AA036806CA5B6CBE
:10195000984741B0BDE8F08F704700F5987308686C
:10196000496803C37047704701F064BC10B5044672
:101970004FF4AE712CF014FC204610BD10B5044697
:10198000D0F85801FFF704FF2046BDE810401AF0D8
:10199000EFB810B50446D0F8400158B10368DB68D1
:1019A000984738B1D4F8400103689B6898470023F2
:1019B000C4F8403110BD000010B5044601F006FC2B
:1019C000014B2046236010BDFCF103080020704746
:1019D00081807047C18070470181704741817047A5
:1019E0007047704770477047704710B4C4880368E9
:1019F000121B84885B6D091B12B25DF8044B09B29F
:101A000018474FF6FF7383814FF0FF33036213686B
:101A1000C36110607047704770477047002070477F
:101A20008B888380012070477047017670478182E0
:101A3000C2827047704730B585B0036804460181A3
:101A40006D460146D3F884303C342846984795E8E3
:101A5000070084E8070005B030BD30B585B00368E5
:101A6000044641816D460146D3F884303C34284613
:101A7000984795E8070084E8070005B030BD0022CC
:101A8000028042808280C280704780F836107047A2
:101A9000036870B504461B6B1546984723682046BB
:101AA00029465B6EBDE87040184700207047806C87
:101AB0007047806C7047C06C7047704770477047C4
:101AC00010B5044608212CF06BFB204610BD10B564
:101AD000044650212CF064FB204610BD10B504468E
:101AE0004C212CF05DFB204610BD0000034B10B5CF
:101AF0000446036018F066F9204610BD08F4030898
:101B0000064B10B50446036018F05CF945F64C71BD
:101B100020462CF045FB204610BD00BF08F403080A
:101B200090F8252012B103685B691847704708B523
:101B3000FFF7F6FF08BD90F825201AB190F8242091
:101B400002B1186070470000036870B55E6B044610
:101B5000114B8DB21B682BB9104B6C21104A1148E8
:101B600034F096F81049828D0988914203D80F4BC2
:101B70006D210B4AF3E713F812200D4B1B6853F845
:101B8000220003681B6B9847291A3346204609B286
:101B9000BDE87040184700BF042C03249BD4030801
:101BA000DDD4030818D50308F82B03245DD50308FA
:101BB000FC2B0324036870B504461B6B154698473D
:101BC0002368204629465B6BBDE87040184770B516
:101BD00004461D46BDF91060FFF7ECFF2368294657
:101BE00020469B6B9847236831462046DB6BBDE857
:101BF000704018470022C0E90122C0E90322C0E971
:101C00000522C0E907224FF480728284014A0260F3
:101C1000704700BF50F2030838B504460D4626222F
:101C2000002136F09BFB2046FFF7E4FF064B2046E1
:101C3000294623602B88E384FF2384F8283017F09B
:101C400098F9204638BD00BFD4050408002370B5BC
:101C5000124E05468380124B0360336893F85C2074
:101C60000AB1186D00B9986803681B6B9847336810
:101C7000B0FA80F4186D640930B103681B6B9847A3
:101C8000002808BF44F001042CB9064B2C21064A59
:101C9000064833F0FDFF284670BD00BFA42B032487
:101CA000B8F203089BD50308F9D5030832D6030818
:101CB00010B50446FFF7CAFF4FF6FF732046A38115
:101CC0000023A37384F82030C4E90433C4E9063345
:101CD000024B23602433A36010BD00BFD0FF030874
:101CE00000224FF0FF318260C0E90021704710B53B
:101CF0000446FFF7F5FF204610BD000010B504466E
:101D00000021262236F02AFB2046FFF773FF094BFD
:101D10004FF47F0204F13C002360074BA3624FF6AF
:101D2000FF73A3850023C4E90C322387FFF7D8FF94
:101D3000204610BDF4030408D8F2030810B5044689
:101D4000FFF7DCFF024B204623600023A36410BD95
:101D5000E8F203082DE9F04F044600264FF6FF771E
:101D600004F16C0A04F50E7804F2044904F6582BC9
:101D70002DED048BB1B0B0EE008A1BF053FBDF4BAE
:101D80002246E66331462DAD42F8403B279226229B
:101D9000279836F0E3FA2798FFF72CFFD84B5046E8
:101DA000A6662364FF239FEDD79A84F8663016F069
:101DB00019FF04F50373DFEDD48A18462893FFF763
:101DC00077FF404616F00EFF04F576731846299308
:101DD000FFF76EFF484616F005FF04F2A4531846BD
:101DE0002A93FFF765FF04F5BA6318461993FFF7C6
:101DF000A5FF04F21C6318461A93FFF79FFF04F532
:101E0000CD6318461B93FFF799FF04F2B46318469D
:101E1000029315F0F5FD04F5F4631846039315F0ED
:101E2000EFFD04F68C031846049316F0DBFE04F66F
:101E30002C2318462B93FFF73BFF584615F0E0FD87
:101E400004F6443318461C93FFF778FF04F5396312
:101E50002946ADF8B47018461D93FFF7DDFE04F671
:101E6000BC332946ADF8B47018461E93FFF7D4FE74
:101E700004F6E83318461793FFF740FFA34BC4F866
:101E8000306CC4F8E83B04F63843C4F8346C1846A8
:101E90001893FFF733FF9D4BC4F8806CC4F8383CAF
:101EA00004F68843C4F8846C18461093FFF746FF85
:101EB00004F6D44318461193FFF740FF04F552632C
:101EC00018461F93FFF73AFF04F66C531846209309
:101ED000FFF734FF04F6B85318462193FFF72EFF9F
:101EE00004F604632946ADF8B47018462293FFF750
:101EF00093FE04F563632946ADF8B4701846239346
:101F0000FFF78AFE04F65C6318461293FFF716FF8C
:101F100004F6A86318461393FFF710FF04F6F46362
:101F200018462493FFF70AFF04F5746318461493C8
:101F3000FFF704FF04F68C7318461593FFF7FEFEB7
:101F400004F6D87318461693FFF7F8FE04F581538C
:101F50002946ADF8B470043318460693FFF75CFECB
:101F600004F58253103318460793FFF7E7FE04F594
:101F700084531C3318460893FFF7E0FE04F587539B
:101F80002946ADF8B470083318460993FFF744FEAC
:101F900004F588532946ADF8B470143318460A93F3
:101FA000FFF73AFE04F58A532946ADF8B470184697
:101FB0002593FFF731FE04F58B532946ADF8B47035
:101FC0000C3318460B93FFF727FE04F58C53294674
:101FD000ADF8B470183318460C93FFF71DFE04F5E6
:101FE0008E532946ADF8B470043318460D93FFF7AD
:101FF00013FE04F58F53103318460F93FFF77EFE40
:1020000004F580531A460593404BC2F8F03104F5AD
:102010009253C2E98E6618462693FFF78FFE04F5A9
:1020200094532946ADF8B4700C33271D18460E930F
:10203000FFF7F2FD04F5A2504FF496410C3017F073
:10204000B7FE4FF4487332463146279800934FF459
:10205000A063FFF7BCFD4FF07F4327993846A36686
:1020600013F09FF90C2350462946ADF8B43013F015
:102070002BF94FF4A8735046F82278210093FFF70C
:10208000A6FDA8225046114616F088FE5046792239
:102090006FF0860116F0F8FE334696225046314620
:1020A000009612F0B9FF5046314616F0A3FE504696
:1020B000174912F0E9FF1322682350461B2116F03E
:1020C00059FE5046012116F0DEFD5046012116F062
:1020D000DDFD5046012116F0DCFD0D232946289830
:1020E000ADF8B43014F0ACFC504616F0E8FD289B77
:1020F0008362504616F0E3FD0CE000BF08F40308CD
:102100008404040800007A440000724278F3030853
:10211000BFD701084FF489534363504616F0CFFDF3
:102120004FF488530364504616F0C9FDB42114F0EF
:1021300029FD4FF4A873324650460093314616F0FD
:1021400083FD514638464FF0F00A13F02AF9022376
:1021500040462946ADF8B43013F0B6F85346404631
:102160004FF494723146CDF800A0FFF730FD78228D
:102170004046114616F012FE404632466FF0B3015B
:1021800016F082FE3346642240463146009612F035
:1021900043FF4046314616F02DFE4046E24912F01C
:1021A00073FF0722432340461B2116F0E3FD404600
:1021B000012116F068FD4046012116F067FD4046FA
:1021C000012116F066FD032329462998ADF8B430A5
:1021D00014F036FC404616F072FD299B836240469F
:1021E00016F06DFD4FF489534363404616F067FDCA
:1021F0004FF488530364404616F061FDB42114F097
:10220000C1FC5346324640463146CDF800A016F098
:102210001BFD4046012116F03FFD414638464FF078
:102220001E0813F0BEF8092348462946ADF8B4301D
:1022300013F04AF8534648464FF494724FF4A8718D
:10224000CDF800A0FFF7C3FC78224846114616F0EF
:10225000A5FD48463246B42116F016FE33466422E8
:1022600048463146009612F0D7FE4846314616F0F1
:10227000C1FD4846AC4912F007FF072243234846F8
:102280001B2116F077FD4846012116F0FCFC48465C
:10229000012116F0FBFC4846012116F0FAFC4FF034
:1022A0000A0329462A98ADF8B43014F0C9FB484611
:1022B00016F005FD2A9B8362484616F000FD4FF498
:1022C00089534363484616F0FAFC4FF48B5303647A
:1022D000484616F0F4FCB42114F054FC5346324640
:1022E00048463146CDF800A016F0AEFC49463846C7
:1022F00004F2A46913F055F808220A2140F20313EE
:1023000019984FF0220ACDF80080FFF760FC4FF0DB
:10231000FF332846A4F80466C4F80036FFF7E0FC53
:1023200004F20C6395E8070083E80700059B294643
:102330001998A3F8B86204F595531833C4F8183601
:102340007A4B2D931523ADF8B83016F0ADFB1999E3
:10235000384613F026F8F5230A212E221A98CDF8D4
:1023600000804FF00108FFF732FC4FF0FF322846A3
:10237000A4F85066C4F84C26FFF7B2FC04F5CB6312
:1023800095E8070083E8070004F59653059A294667
:102390001A980C33A2F8CC62C4F86436634B2D93C0
:1023A0001423ADF8B83016F07FFB1A99384612F0B6
:1023B000F8FF1823D42140F24D221B980093992353
:1023C000FFF705FC4FF0FF322846A4F89C66C4F8DE
:1023D0009826FFF785FC95E8070089E8070084F850
:1023E000A1862846FFF77CFC04F5975395E8070083
:1023F00089E80700059A29461B98A2F8E062C4F80C
:10240000B0364A4BDFF840912D931623ADF8B83023
:1024100016F04AFB1B99384612F0C3FF4A2240F2DD
:102420008B210298FFF7C6FB29460298ADF8B4A0AD
:1024300015F0EEFC3E4B029AC4F8BC363D4B1046FC
:1024400082ED0C8AD36215F087FBB7EE000A029882
:1024500015F0EFFC029A104682ED169A15F07CFBFF
:10246000029A1046C2F84890C2ED118A82ED139A82
:1024700015F072FB029A1046C2F85490C2ED148A0D
:1024800015F06AFB9FED2C1A0298F0EE410AB0EEAF
:10249000410A15F0C6FC0299384684F8DD6612F050
:1024A00080FF4A2240F2BD310398FFF783FB2946A3
:1024B0000398ADF8B4A015F0ABFC204B039AC4F818
:1024C000A8371F4B104682ED0C8AD36215F044FBEF
:1024D000B7EE000A039815F0ACFC039A9FED198A39
:1024E000104682ED169A15F037FB039A1046C2F893
:1024F000489082ED118A82ED139A15F02DFB039A14
:102500001046C2F8549082ED148A4FF0B80915F0C5
:1025100023FB9FED091A0398F0EE410AB0EE410A41
:1025200015F07FFC12E000BFBFD70108D8F2030806
:1025300079007C000000A4410000000089007C00BC
:102540000000E441000089420000784203993846C7
:1025500084F8C96712F025FF042329460498ADF8D2
:10256000B43012F0B1FE4B4640F2511240F2E53168
:102570000498CDF80090FFF72AFB5C2204981146DE
:1025800016F00CFC4FF4B4726FF0B301049816F01F
:102590007BFC3346642231460498009612F03CFDE1
:1025A0003146049816F026FC8049049812F06CFD20
:1025B000082235231B21049816F0DCFB41460498C1
:1025C00016F061FB4146049816F060FB4146049802
:1025D00016F05FFB052329462B98ADF8B43014F0B4
:1025E0002FFA049816F06BFB2B9ADFF8E0818262D9
:1025F000049816F064FB4FF448634363049816F0A4
:102600005EFB4FF41C630364049816F058FBB4217E
:1026100014F0B8FA4B46324631460498CDF8009093
:1026200016F012FB04993846DFF8A49112F0B9FEB7
:102630003C224FF446715846FFF7BCFA2123294645
:102640005846ADF8B43015F0E3FB4FF098135846F8
:10265000C4F8603A564BCBF82C30CBF8303015F03C
:102660007BFAB7EE000A584615F0E3FB58468BEDAF
:10267000169A15F071FA5846CBF84480CBF848808A
:102680008BED139A15F068FA5846CBF85080CBF8CA
:10269000548015F061FA9FED471A5846F0EE410A52
:1026A000B0EE410A15F0BDFB5946384684F8816A00
:1026B00012F077FE29234FF483714FF401721C98B6
:1026C00000933423FFF783FA4FF0FF322846A4F833
:1026D000786BC4F8742BFFF703FB04F5386395E8B7
:1026E000070083E8070004F59753059A29461C98CC
:1026F0000C33A2F8EC62C4F88C3B2F4B2D931323C0
:10270000ADF8B83016F0D0F91C99384612F049FEF1
:1027100040F24B2240F29A211D98FFF74BFA2946CE
:102720001D98ADF8B4A016F024FC1D99384612F09F
:1027300038FE40F24B224FF478711E98FFF73AFAB8
:1027400029461E98ADF8B4A016F013FC1E99384621
:1027500012F027FECB2240F206211798FFF72AFA43
:102760004FF0FF332846A4F81C6CC4F8183C04F55D
:10277000975AFFF7B5FA04F624430AF1100A95E8D0
:10278000070083E80700D9F800302BB90B4B602114
:102790000B4A0C4833F07CFADFF83880B8F8003088
:1027A000112B19D8084B6121054AF2E7BFD7010860
:1027B0000000C04000000000D8F203089BD40308CA
:1027C00092D6030818D503085DD503080000984287
:1027D000042C0324F82B0324DFF894B31121DBF835
:1027E000000000F0ADFFDE4A03460A2150461CF00F
:1027F000C4FBC4F830ACD9F8003004F5985A0AF19B
:10280000040A002BC2D0B8F80030102BCAD910210E
:10281000DBF8000000F094FFD14A03460A2150463D
:102820001CF0ABFB1798C4F834AC04F5985A16F0BA
:102830001BF9CC4B294617982D9312230AF1180A3D
:10284000ADF8B83016F030F91799384612F0A9FDF6
:1028500040F2E531CB221898FFF7ACF94FF0FF3288
:102860002846A4F86C6CC4F8682CFFF739FA04F613
:10287000744395E8070083E80700D9F80030002B7F
:1028800084D0B8F80030112B8CD91121DBF800006E
:1028900000F056FFB24A03460A2150461CF06DFB79
:1028A000C4F880ACD9F8003004F5995A0AF10C0A42
:1028B000002B3FF46BAFB8F80030102B7FF672AFEF
:1028C0001021DBF8000000F03BFFA54A03460A2177
:1028D00050461CF052FB1898C4F884AC16F0C4F8AB
:1028E000A04B294618982D930F23ADF8B83016F059
:1028F000DBF81899384612F054FD40F2D32240F22A
:102900008D311098FFF756F94FF0FF332846A4F8A1
:10291000BC6CC4F8B83CFFF7E3F904F6C44395E88F
:10292000070083E80700D9F8003004F59A55002B1A
:102930003FF42CAFB8F80030112B7FF633AF1121E4
:10294000DBF8000000F0FCFE854A03460A21284619
:10295000DFF810921CF011FB1098C4F8D05C2DAD7C
:1029600016F082F80E2329461098ADF8B8304FF0D3
:10297000FF3A4FF00008CDF8B49016F095F8109992
:1029800038465E4612F00DFD40F2D32240F242215D
:102990001198FFF70FF92846C4F804AD04F59A5BC7
:1029A000A4F8088DFFF79CF904F551630BF1140BA3
:1029B00095E8070083E807006B4B1B68002B3FF48A
:1029C000E5AE6A4B1B88112B7FF6ECAE1121306807
:1029D00000F0B6FE624A03460A21584604F58056C6
:1029E0001CF0CBFA1198C4F81CBD4FF00B0B16F07D
:1029F0003BF80D2329461198ADF8B830CDF8B490C6
:102A000016F052F81199384612F0CBFC1823242204
:102A100040F23A311F9800935523FFF7D8F8284623
:102A2000C4F850ADA4F8548DFFF75AF904F65C537E
:102A300095E8070083E8070004F59B53A6F8688330
:102A400029461F980833CDF8B490C4F8683D0C238C
:102A5000ADF8B83016F028F81F99384612F0A1FCEE
:102A6000182324224FF42671209800935523FFF752
:102A7000AEF82846C4F89CADA4F8A08DFFF730F955
:102A800004F6A85395E8070083E8070004F59B5374
:102A9000A6F87883294620981833CDF8B490C4F866
:102AA000B43D0923ADF8B83015F0FEFF2099384643
:102AB00012F077FC1823242240F2DE312198009393
:102AC0005523FFF784F82846C4F8E8ADA4F8EC8D48
:102AD000FFF706F904F6F45395E8070083E80700CA
:102AE00004F59C53A6F88883294621980833CDF82D
:102AF000B490C4F8003E0823ADF8B83015F0D4FF08
:102B00002199384612F04DFC40F2811222984FF480
:102B1000E471FFF74FF829462298ADF8B48016F01B
:102B200028FA2299384612F03CFC40F28112239890
:102B30003A21FFF73FF829462398ADF8B4B016F0D4
:102B400018FA2399384612F02CFC55220A211298C3
:102B5000FFF730F82846C4F88CAEA4F8908E09E050
:102B600075D40308D8F20308042C0324F82B03249B
:102B7000002C0324FFF7B4F804F6986395E80700E7
:102B800083E8070004F59C531298A6F8988318333D
:102B9000C4F8A43E15F068FF29461298ADF8B8B005
:102BA0004FF0070BCDF8B49015F07EFF1299384620
:102BB00012F0F7FB78220A211398FEF7FBFF284654
:102BC000C4F8D8AEA4F8DC8EFFF78AF804F6E46304
:102BD00095E8070083E8070004F59D531398A6F8CD
:102BE000AC830C33C4F8F03E15F03EFF0A232946AF
:102BF0001398ADF8B830CDF8B49015F055FF13998F
:102C0000384612F0CEFB15234FF4C77240F21A413A
:102C1000249800934E23FEF7DAFFE44B2846A4F8ED
:102C2000288FC4F8243FFFF75BF804F5736395E839
:102C3000070083E8070004F59E5329462498A6F868
:102C4000C083C4F83C3FCDF8B490ADF8B8B015F0EF
:102C50002BFF2499384612F0A4FB5A464FF4C77153
:102C60001498FEF7A7FF2846C4F870AFA4F8748F35
:102C7000FFF736F804F67C7395E8070083E8070051
:102C800004F59E531498A6F8C8830833C4F8883F07
:102C900015F0EAFE062329461498ADF8B830CDF8B1
:102CA000B49015F001FF1499384612F07AFB2E22E9
:102CB0004FF4C7711598FEF77DFF2846C4F8BCAFE6
:102CC000A4F8C08FFFF70CF804F6C87395E8070066
:102CD00083E8070004F59E531598A6F8D8831833A7
:102CE000C4F8D43F15F0C0FE052329461598ADF869
:102CF000B830CDF8B49015F0D7FE1599384612F0DB
:102D000050FB55224FF490711698FEF753FF28465A
:102D1000C6F808A0A6F80C80FEF7E2FF06F114033F
:102D200095E8070083E8070004F59F531698A6F876
:102D3000E8830833336215F097FE0423294616987A
:102D4000ADF8B830CDF8B49015F0AEFE169938460F
:102D500012F027FB40F29B2241460698FEF72AFF1D
:102D6000102329460698ADF8B43016F002F90699FA
:102D7000384612F016FB20234FF4A772D42107988F
:102D800000939923FEF723FF2846C6F880A0A6F8F3
:102D90008480FEF7A5FF06F18C0395E8070083E821
:102DA000070004F59F53294607981833A6F8F883BF
:102DB000CDF8B490C6F898300323ADF8B83015F0CC
:102DC00073FE0799384612F0ECFA2D2340F26E227A
:102DD0004FF4417108980093D323FEF7F8FE28467C
:102DE000C6F8CCA0A6F8D080FEF77AFF06F1D8038B
:102DF00095E8070083E8070004F5A05329460898E2
:102E00000833A6F80884CDF8B490C6F8E43002235D
:102E1000ADF8B83015F048FE0899384612F0C1FAFE
:102E200040F20F1209983021FEF7C4FE4FF015034F
:102E300029460998ADF8B43016F09BF80999384640
:102E400012F0AFFA40F20F120A984FF4E471FEF755
:102E5000B1FE4FF0200329460A98ADF8B43016F0C1
:102E600088F80A99384612F09CFA4FF406724146E7
:102E70002598FEF79FFE4FF0180329462598ADF8D8
:102E8000B43016F076F82599384612F08AFA40F2F6
:102E90009B220B989221FEF78DFE1D2329460B984D
:102EA000ADF8B43016F065F80B99384612F079FA9F
:102EB00040F29B220C9840F23111FEF77BFE132367
:102EC00029460C98ADF8B43016F053F80C993846F2
:102ED00012F067FA97220D98E421FEF76BFE0F239C
:102EE00029460D98ADF8B43016F043F80D993846E0
:102EF00012F057FA362340F23B224FF4C7710F9875
:102F0000009340F20713FEF762FE2846C6F820A29F
:102F1000A6F82482FEF7E4FE06F50B7395E8070099
:102F200083E8070004F5A05329460F981C33A6F840
:102F30001C84CDF8B490C6F8383204F5A1530C3394
:102F4000C6F83C320123ADF8B83015F0ADFD0F994D
:102F5000384612F026FA282340F2F52240F24221A8
:102F60002698009340F23623FEF731FE2846C6F835
:102F700070A2A6F87482FEF7B3FE06F51F7395E8FB
:102F8000070083E8070004F5A153294626981C335F
:102F9000A6F83C84CDF8B490C6F88832ADF8B88075
:102FA00015F082FD2699384602E000BFF7F7FFFFD3
:102FB00012F0F7F9ED220E984FF43C71FEF7FAFD8E
:102FC00029460E98ADF8B4B015F0D3FF38460E99E7
:102FD00012F0E7F9204631B0BDEC048BBDE8F08F6C
:102FE00070477047704741607047704770470123D2
:102FF00003727047704710B441680346C2689B680B
:10300000541001EB6200D20748BF0A595DF8044B27
:1030100048BFD35818470346406830B19A681AB978
:10302000D86800F0010070470120704710B50446D1
:103030000C212BF0B5F8204610BD10B50446102128
:103040002BF0AEF8204610BD10B504464FF4AE711B
:103050002BF0A6F8204610BD10B518F0E7FC036869
:10306000BDE81040DB6B18472DE9F14FD0E9556AF8
:103070000746B06803681B6A984745F65F73984235
:1030800005D8444BA321444A444832F001FE7068FD
:1030900003681B6A98470F2803D8414BA4213E4A76
:1030A000F2E7F06803681B6A98470B2803D83D4B8A
:1030B000A521394AE8E7DFF8F49018F0B7FC0430AE
:1030C00018F0F4FCD9F8000010B10368DB689847E9
:1030D000D9F8000010B103681B689847DFF8D0806A
:1030E000D8F8000010B103685B699847D7F83C0135
:1030F00010B103685B689847D8F8000010B1036806
:103100001B689847D7F83C0110B103689B68984743
:10311000F06800214FF0000B03685B6A9847224B70
:103120000446C0F804B080F808B059460360B0689F
:1031300003685B6A98470546FEF7A6F8706859462B
:1031400003685B6A984706462946FEF771F8331D07
:10315000C7F83C612846C9F80040C8F80050CAF8D2
:1031600000302B68C6F808A0DB68EE639847336828
:1031700030461B689847214628461AF0EEFA236825
:1031800020461B699847236820465B6901B0BDE86B
:10319000F04F1847DDD603086BD703083DD8030866
:1031A00082D8030825D90308A8F40308EC2B0324CC
:1031B000F02B0324044B1B6893F85C200AB1186DB4
:1031C00000B99868704700BFA42B0324F8B51746D0
:1031D00004460E4618F040FD124B00251C6029469F
:1031E000114B2360114BC4E95135114B1868C4E9E8
:1031F00053550368C4E94F559B68C4E95576984711
:10320000284600F061FAFFF7D5FF23F0F8FAFFF740
:10321000D1FF23F06FFBFFF7CDFF23F077FB2046B4
:10322000F8BD00BFF42B032454F403083CF4030856
:10323000A42B0324064BC0F84801C0F84C310023EE
:10324000C0F8503100F5A273C0F84031704700BF9C
:103250006930000813B5002451B1036801AA019434
:103260008DF803409C680DF10303A04702B010BD28
:103270000846FBE7C0897047008A7047C0887047DE
:1032800080887047807A00F07F007047807AC0099C
:1032900070470020704700009FED010A704700BF93
:1032A00000000000406A7047806A704770470B88D2
:1032B0008A889BB2D20A10B54C88C16943EA04439C
:1032C00051F82200184410BD10B50446BAB1107B65
:1032D00068B1537BD27A1B0203F4E0631A43236A7A
:1032E00003EB82031A888A4202D193F9020010BDCF
:1032F00005D80138043380B20028F3D1F7E7002065
:10330000F5E710B504462C212AF04AFF204610BDEF
:1033100030B58BB00446BDF860500895BDF85C50E0
:1033200007959DF8505006959DF84C5005959DF8D1
:10333000485004959DF8445003959DF840500295DF
:103340009DF83C500195BDF83850009519F0D0FD1E
:10335000064B20462360159BE361169B2362199B55
:1033600063621A9BA3620BB030BD00BFCCF40308AC
:103370007047000030B5164D8FB02C68BFF35B8FDF
:1033800014F0010421D128462AF00CFFE8B13F23B4
:10339000082210490993104B10480893104B0A94C7
:1033A0000793012304940194CDE905430423CDE957
:1033B00002430A23CDE90B440093FFF7A9FF094814
:1033C00032F086FC28462AF009FF04480FB030BDD1
:1033D000DC8100245067040834830408E081002461
:1033E00030830408713300087047000030B5174D72
:1033F0008FB02C68BFF35B8F14F0010422D12846F4
:103400002AF0D0FEF0B13F23282211490993114B35
:1034100011480893114B0A940793012304940194D3
:10342000CDE905430423CDE902431A23CDE90B443A
:1034300000931F23FFF76CFF094832F049FC284630
:103440002AF0CCFE04480FB030BD00BF0C8200242F
:10345000C067040830820408108200242C84040809
:10346000E93300087047000030B5174D8FB02C6865
:10347000BFF35B8F14F0010422D128462AF092FE9C
:10348000F0B13F23252211490993114B11480893AC
:10349000114B0A940793012304940194CDE9054349
:1034A0000423CDE902432823CDE90B4400933023C4
:1034B000FFF72EFF094832F00BFC28462AF08EFE5B
:1034C00004480FB030BD00BF3C820024087D0408D2
:1034D000C88204084082002430840408653400084F
:1034E0007047000030B5174D8FB02C68BFF35B8F6D
:1034F00014F0010422D128462AF054FEF0B13F23F3
:10350000392211490993114B11480893114B0A9420
:103510000793012304940194CDE905330423CDE9F5
:1035200002431423CDE90B4400931823FFF7F0FE68
:10353000094832F0CDFB28462AF050FE04480FB06F
:1035400030BD00BF6C820024107F0408388304085B
:103550007082002434840408E1340008704708B500
:10356000052914D8DFE801F0030B070B0F0F00F05B
:103570001FF8006808BD00F01BF88068FAE700F04B
:1035800017F84068F6E700F013F8C068F2E700208B
:10359000F0E710B5044604212AF002FE204610BDD3
:1035A0000048704740F503082420704717207047F3
:1035B000004870479C82002410B5074CFFF716FFA7
:1035C0002060FFF751FF6060FFF7D4FEA060FFF7B7
:1035D00089FFE06010BD00BF9C820024002070477E
:1035E000002070470EB403B503AB002153F8042B41
:1035F000019319F0ADFA02B05DF804EB03B0704727
:103600000CB407B504AB53F8042B019319F0A0FADE
:1036100003B05DF804EB02B070470000436C10B5D6
:10362000044673B3038F2BB9184BC521184A1948A8
:1036300032F02EFBC38E00EB43035B8C0BB31AF00E
:10364000D2FD238F012B03D8134BCB21134AEEE776
:10365000E28E40F63F10531C9BB2092B194688BFDF
:10366000A3F10A0104EB4101498C814209D10A2BE3
:1036700004EB420228BF0023508C04EB4303588420
:1036800051842046BDE810401AF0B1BCC8D90308E7
:10369000D1D903087CDA0308C4DA0308D2DA0308B4
:1036A0001AF06DBC10B586B002AC84E806001A466C
:1036B0000AAB214605930193099B0093089B17F0E1
:1036C00029FD06B010BD000038B518BB124B1348D9
:1036D0001C681349B4B12268224402606268224423
:1036E0000A60A26814440F4B00221A80FFF760FFA3
:1036F0000546FFF75BFF0C4B1C600C4B1D600C4B31
:10370000188007E00B4B03600B4B0B600B4B1C68E6
:10371000002CE8D138BD00BFB8820024B08200245C
:10372000AC820024B4820024042C0324FC2B032448
:10373000F82B032438840408E885040810F80308EB
:10374000044B1B6853F82100034B1B6803EB40003C
:10375000704700BFAC820024B0820024012380F8AF
:103760007C1080F87D307047704700207047000063
:1037700081640039024B18BF01211970704700BFE6
:10378000972B0324704700207047C36B0BB108468A
:10379000184770474FF6FF707047406803689B6991
:1037A0001847704770470000034B902283F85A2354
:1037B00083F85823704700BF00E100E0094A0A4936
:1037C000D3680A48C3F30A03013B9BB20B8011691B
:1037D000C1F30A01013901801364536B43F0010303
:1037E0005363704700100050BE820024BC82002446
:1037F000014BD3F8AC00704700100050024B01227F
:10380000C3F8AC105A627047001000500163C0E961
:103810000D217047704700EB810011464068036836
:10382000DB68184780F83C107047000038B5044644
:1038300012F0A9F823689D6E18F0F8F801462046AA
:10384000A8472368094A4FF05041D3F88C502046CE
:103850000023A8476368064A5364064B5A60064A29
:103860001A639A634FF416225A6338BD00E02ED0D3
:1038700008830024C082002400C05DD012F06AB822
:1038800038B504460D46406C4FF0FF3103F045FB60
:10389000606C03F065FB242303FB0545002385F8DA
:1038A000283094F828300BB9236BA36338BD12F08D
:1038B0001AB812F098B910B5044612F02BFE23681E
:1038C0002046D3F8BC30BDE81040184710B5044678
:1038D00012F04AF960680368BDE810401B69184798
:1038E00010B5044648212AF05BFC204610BD0000BC
:1038F00090F838100D4B10B590F87C401A788C4237
:1039000009D03AB90A490B4A088814881080012264
:103910000C801A7010BD002AFCD0064A0449148895
:1039200008880C8010800022F3E700BF962B032448
:103930009E2B0324A02B0324124A5369DB0370B58A
:103940001ED50023C2F88430BFF34F8FD2F88030E9
:1039500043F6E074C3F3C900C3F34E335B0103EADB
:103960000406014646EA81750139C2F87452F9D25B
:10397000203B13F1200FF2D1BFF34F8FBFF36F8FB6
:1039800070BD00BF00ED00E008B5094B1B888B42FD
:1039900003D8084B1B88934205D9074BA521074A3A
:1039A000074832F075F9074B1980074B1A8008BD9C
:1039B000A02B03249E2B0324A4DB030807DC0308AD
:1039C0004ADC03089C2B03249A2B032408B531B14D
:1039D000044B4FF4B871044A044832F059F990F896
:1039E000290008BD8DDC0308A1DC03082BDE0308D9
:1039F00010B531B1064B4FF4B571064A064832F0A6
:103A000047F9406811460368BDE810401B6B184732
:103A10008DDC03086CDE03082BDE030808B529B132
:103A2000034B7921034A044832F032F9C06808BDDB
:103A30008DDC03081AE003082BDE030810B50446EA
:103A400029B1194BA221194A194832F021F9052A46
:103A500015D8DFE802F0031115171C22406803682F
:103A60001B69984758B1012384F8293084F82C3019
:103A70000023C4E9043302E0002380F8293010BD9C
:103A80000362F5E70362012380F82A30F0E70023A0
:103A900080F8293001230362F1E7003B18BF0123BE
:103AA00080F82D30EBE700BF8DDC0308CFE1030881
:103AB0002BDE030810B50C4611461A462CB1064BF6
:103AC0009021064A064832F0E3F8C4604068036873
:103AD000BDE810409B6818478DDC0308A3E303088A
:103AE0002BDE030808B529B1054B8221054A06489B
:103AF00032F0CEF8C0E90411C0E9063208BD00BFBB
:103B00008DDC03087EE503082BDE030890F83D30CA
:103B100010B5044653B14FF0FF31406C03F0FDF98E
:103B2000002384F83D30012384F83E3010BD0000AE
:103B30002DE9F0410D460446194635B9154B40F2C2
:103B40000131154A154832F0A3F8C0E91052003A85
:103B50000368134E18BF0122D3F890303270984793
:103B6000E569A5B12B681F68337873B123682046D7
:103B70005B6B9847236C834207D1616C094B2846E5
:103B80001A883B46BDE8F0411847216CF6E7BDE8CE
:103B9000F08100BF3AE7030872E703084ADC030834
:103BA000982B03249C2B032410B50446104629B1FE
:103BB000134BD021134A144832F06AF894F8293094
:103BC00033B1124B1B6893F86F2063691344636130
:103BD00094F82B300BB9012010BDA3680363036870
:103BE0005B699847002394F82C0084F82B30002858
:103BF000F1D194F82D30002BEED184F82900EBE7B9
:103C00008DDC0308C0E703082BDE0308A42B032484
:103C100070B51A4C054611F0A9FE94F8293013B975
:103C200094F82A30ABB1E169D4E9053253432269F3
:103C30004A4393420DD394F83C0038B19B1AB3FB2E
:103C4000F1F2994298BF02F1FF326262012384F8D7
:103C50002E300123206C84F83D3003F016FA94F8DE
:103C60003E302BB1606C03F07BF9002384F83E30CA
:103C700068680368BDE870401B691847C08200246B
:103C8000034690F87E0018B1586803681B6818470F
:103C900070470000084B4FF08062C3F88820BFF3E4
:103CA0004F8FBFF36F8F4FF08072C3F88820BFF340
:103CB0004F8FBFF36F8F704700E100E0034B4FF071
:103CC00080629A604FF080729A60704700E100E075
:103CD000034690F8280070B5C8B901229D6BD860E2
:103CE0009A624FF4807205F5162418619A8558611E
:103CF0009861D8611862586283F82E00D3E90C26C7
:103D0000324494420AD90B4B52210B4A03E00B4B2D
:103D100040F2C5110A4A0B4831F0BAFF9D609C631E
:103D20004FF4207381F83400CB864FF4F0730863AE
:103D30000B8770BD18EB030853EB030861E9030818
:103D400091E903082BDE030838B5184C23685BB3F0
:103D5000174B184A1B6C11888B4216D1164B002545
:103D6000198805F0D7F8236893F86E2083F88050FF
:103D7000013283F86E2000F067FB206812F0CAFB66
:103D80002846BDE8384001F0C4B905F0C3F82468FE
:103D9000236820461B6A98470123002084F880305E
:103DA000BDE8384001F0B6B938BD00BFA42B0324EC
:103DB00000100050BE820024BC8200242DE9F7438D
:103DC000044601264FF4A0674FF0FF31206C03F04A
:103DD00030F94FF0FF31606C03F09FF894F82E300B
:103DE00043B36568D4F820802B6884F82B60B8F161
:103DF000000F23D05B6A4146284698470023236280
:103E00002B684FF4207200972846D3F814804FF4A3
:103E1000F073A168C047236984F82C000133236143
:103E2000F0B12B6828469B6A984701380023E06070
:103E300084F82E30606C03F093F8C5E7626A002ABC
:103E4000DED02846D3E909939847616A01442846A1
:103E5000C8472369626AC4F8248013442361CFE70A
:103E60000120E3E7014808B5FFF7A8FFC08200245E
:103E700038B51448002500F0B9FC134C134B2A4602
:103E80002946012023604FF48073A563A387A3858F
:103E900084F83E5084F82E50C4E90C55C4E91055FE
:103EA000C4E90155C4E90355C4E90555C4E90755FA
:103EB000C4E9095503F073F82064284602F0F8FFBE
:103EC000606438BD08830024C08200241CF8030805
:103ED00003685B6C18470120704740F2EF30704771
:103EE000104B07B5D3F8D42005215A2042F0100218
:103EF000C3F8D420D3F8D42002F010020192019A22
:103F0000DA6F42F01002DA67DA6F22F01002DA6735
:103F1000002204F0E3F85A2003B05DF804EB04F04B
:103F20000FB900BF0044025810B504464FF0FF31EE
:103F3000D0F8A40D02F0F1FF606803681B68984791
:103F400078B9637A6BB1237A5BB984F8A03D2046D7
:103F500023685B6A9847D4F8A40DBDE8104002F0CE
:103F6000FFBF0B490B4A0B681B01D35C012BF2D13D
:103F7000207A0028EFD1A07A0028ECD1086884F8D4
:103F8000A03D02EB0010237201F038F8E3E700BF18
:103F900040F300240C000024054B4FF080620360C6
:103FA000044BC3F88820BFF34F8FBFF36F8F704768
:103FB00060F8030800E100E010B5044640F6A8519F
:103FC000FFF7EAFF20462AF0EBF8204610BD00007C
:103FD00008B50A2809D8DFE800F006100E0808081E
:103FE000081010101000022008BD054B8D21054A55
:103FF000054831F04DFE0020F6E70120F4E700BF50
:10400000F6EC030811ED03085CED030838B50C4627
:10401000887FFFF7DDFF124BA58AE28A586342EAE8
:10402000054221695A64628BD963521B1A64256860
:10403000082D0ED19A611A6158620A4A207F42EA1D
:104040000062DA61E2681A62074A5961D9601A604F
:1040500038BD0022D8611A61E2689A63034AF6E724
:104060000010005209000100012302000123030097
:1040700008B50B280BD8DFE800F00612100A0A0A70
:104080000A0808080808022008BD0520FCE7054BBF
:104090006C21054A054831F0FBFD0020F4E70120C2
:1040A000F2E700BFF6EC030887ED03085CED0308B8
:1040B0002DE9F04191F81D800C464046FFF7D8FFEE
:1040C000A77F05463846FFF7D3FF06463846FFF779
:1040D0007FFFA18A628B434B521A1A649A61228B2A
:1040E000521A1A61E28A586342EA014221695A640B
:1040F0006268D963DA602068802828D0227F0FD8D0
:10410000202866D0402864D004281AD045EA0265E9
:10411000344BB84545F40035DD6160D0324A44E0A7
:10412000B0F5807F04D0B0F5007FEFD12F4800E0DC
:104130002F4840EA0262DA61E2681A625E625961FF
:1041400032E045EA026242F40032DA61F6E7A06842
:10415000021DDA62227F45EA026545F40035DD6121
:104160005E625961017841B1012921D0214B40F2B1
:104170001711214A214831F08BFDDA69418822F478
:104180007F42013922F0100242EA01220121DA6164
:10419000144BDA6942F02002DA61DA699206FCD443
:1041A00010229A600029B9D0154A1A60BDE8F08142
:1041B000B2F1FF01DA69408822F47F4218BF012181
:1041C000013822F0100242EA002242F01002DA61C5
:1041D000DEE745EA0262034B42F40032B5E742F201
:1041E0000132E2E700100052012301000900020041
:1041F0000A000200D1ED0308EBED03085CED0308B3
:104200000123020090F8A03D10B50446D3B903681D
:104210009B6A984719491A4A0B681B01D35C012B0A
:104220002AD11848006838BB207A28BBA07A18BB6E
:10423000086884F8A03D237202EB0010BDE810402E
:1042400000F0DCBE037A43B1002303720B4B186805
:104250000B4B03EB001000F011FF606803681B6854
:10426000984748B9637A3BB1236884F8A00D20468B
:104270005B6ABDE81040184710BD00BF40F3002442
:104280000C0000243CF30024094B5A6891070ED51A
:104290001A6892050BD51A6822F400721A6002227D
:1042A0009A60044B1B68586803685B69184770473D
:1042B00000100052A42B032470B504460E4B0C30A2
:1042C00000262546602260602672667245F8203B13
:1042D000294612F077FA04F55A63EE6024359D42C0
:1042E000FBD184F8A06D0020C4F8A46D02F0E0FDBD
:1042F000C4F8A40D204670BD60F80308034B1A688B
:10430000D207FCD423229A60704700BF00100052ED
:104310000B4A5369DB0311D500290FDD00F01F03A1
:104320001944BFF34F8F0144C2F8680220300B1AC2
:10433000002BF9DCBFF34F8FBFF36F8F704700BFC7
:1043400000ED00E030B50F4C2568ED07FCD42325C7
:104350001204FF2BA56042F001024FF002056563D5
:104360006264E063E16008D01B0643F00213E3617E
:10437000054B65626061236030BD044BE36101233E
:10438000F9E700BF0010005201000200020002FF26
:1043900030B50B4C2568ED07FCD4232512041B0611
:1043A000A56042F00102022543F4003365636264B4
:1043B000E063E160E361034B65626061236030BDEF
:1043C00000100052010002000121002208B5084639
:1043D00002F0E5FD0A4B186028B90A4B28210A4A69
:1043E0000A4831F055FC00220421012002F076FE3B
:1043F000074B186018B9074B2C21034AF0E708BD9A
:104400005483002429EE030872EE0308A1EE03088A
:1044100050830024CEEE0308024B4FF0FF311868A2
:1044200002F007BE54830024014B186802F02DBE31
:1044300054830024024B0021186802F0FABD00BF2B
:1044400054830024FFF7F0BF0023034803491A46B2
:10445000006802F07EBE00BF5083002404000024E8
:1044600013B50023074C01A91A46206802F0A2FEEA
:104470004FF0FF33002201A9206802F09BFE02B03A
:1044800010BD00BF50830024012070470C207047EE
:104490000C2303FB0100083070470C2303FB0100D1
:1044A000083070470120704745F66070704745F648
:1044B000607303FB01000830704745F6607303FB2F
:1044C000010008307047012070471020704700EB52
:1044D00001100830704700EB0110083070470846A3
:1044E000FEF7A8BE034B10B50446036010F07CFD38
:1044F000204610BD18F9030810B50446FFF7F2FF77
:104500001421204629F04CFE204610BD034B10B567
:104510000446036010F068FD204610BDE4F803086F
:1045200010B50446FFF7F2FF45F66871204629F002
:1045300037FE204610BD0000034B10B50446036053
:1045400010F052FD204610BDB0F8030810B5044627
:10455000FFF7F2FF1821204629F022FE204610BD69
:10456000094B10B50446036000F5BF401430FFF757
:10457000B9FF04F12C00FFF7C9FF04F11400FFF7A5
:10458000DBFF204610BD00BF4CF9030808B5024808
:10459000FFF7E6FF08BD00BF2092002410B50446D7
:1045A000FFF7DEFF46F20811204629F0F9FD20460C
:1045B00010BD00002DE9F341FEF7F2FF002405468F
:1045C000FEF7F2FF234601462246284600941AF0E1
:1045D000DDFF264B264A2046264D1A60FFF774F869
:1045E00025481AF039FF2B68BFF35B8FDB0737D400
:1045F000284629F0D7FD98B3204C214B04F1140034
:1046000004F12C08236000F5BF476060C4F80880FF
:1046100007F11806E760266110F0E8FC194B4046E8
:10462000636110F0E3FC184B3846E36210F0DEFCE7
:1046300004F5A043154A03F6A870C3F8942FFDF7BC
:10464000A4F8224607F114013046FDF7B5F93046CB
:10465000FEF7F0FD0E4831F03BFB284629F0BEFD89
:104660000C4802B0BDE8F04100F02DBD002C032441
:10467000E08300241C9200240800002420920024DF
:104680004CF90308B0F80308E4F8030818F9030824
:104690008D4500085883002470470000014811F040
:1046A00086B900BF5883002470B5254E254B264C93
:1046B0003046264D2360FFF7FFFD284620F0EEF937
:1046C000234B00224FF4807122481A639A8683F8A4
:1046D0005C209A6683F874209A67DC60C3E9131241
:1046E0001D49C3E91B121D49C3E91F011C491D488F
:1046F000C3F884101C49C3E90422C3E90622C3E9B4
:104700000822C3E90A22C3E90F22C3E91122C3E93F
:104710001522C3E91822C3E901650B604FF4A061BB
:1047200083F838200180114801804FF44871104807
:1047300001801048018010490A70104A1A6070BD4B
:104740007084002490FA030818920024E483002463
:104750005883002400000101010000010004C8008A
:1047600042001400A02B0324A42B03249C2B03241D
:104770009E2B03249A2B0324962B0324A4F90308CD
:104780000148FFF709BC00BF7084002440697047EE
:1047900090F840007047036B23B9C06A003818BF17
:1047A00001207047012070478068704770470430CF
:1047B00010B50C460FC884E80F0010BD704700000C
:1047C00008B5034A4FF4E571024B034831F060FA33
:1047D00010EF0308CFD903086BEF030810B50446A8
:1047E000482129F0DDFC204610BD000000220E4BC0
:1047F00010B5114604460360C26380F84020C0E94A
:104800000522C0E90722C0E90922C0E90B22C0E95C
:104810000D22C0E90322C0E90122012002F0BFFB02
:10482000024B1860204610BD60F9030844F30024D1
:1048300010B40C4611461A46036B3BB1C36B406B78
:10484000E41A20445DF8044B33F042BEC06AF8E736
:10485000036B10B573B1C36B426BC91A5318525C2A
:1048600098785C78000440EA04201043DB7840EA42
:10487000036010BDC26A5318525C597898780004DE
:1048800040EA0120F1E7036B43B1C36BC91A436BE4
:104890005A18585C527840EA02207047C36A5A1886
:1048A000585C537840EA03207047000070B5044616
:1048B000006B0D461646D8B1A36B934208D209236C
:1048C0000D4AA1210D4884F840300D4B31F0E0F93C
:1048D0000368DB689847206B3246616B03681B698D
:1048E000984710B90D2384F84030606BE56370BDC4
:1048F000E06A0844FBE700BFB5EF03086BEF03086D
:10490000A2EF03082DE9F843436904462BB9224B73
:10491000E721224A224831F0BBF908228169FFF7DA
:10492000C5FFA16943F2300646F2643704312046E0
:10493000FFF78EFFA3691844A36A00F108029A42A8
:1049400006D3012300206361236AA361BDE8F883D5
:10495000636900F1090108222046013321F00101B9
:104960006361A161FFF7A2FFD4F818902046494681
:10497000FFF789FF09F1020180462046FFF783FF18
:1049800009F1040105462046FFF762FFB045D1D189
:10499000BD42CFD10120D9E7F7EF030840F003086B
:1049A0006BEF03080129036838BF0121DB6A70B58A
:1049B0000D4604469847A84204D223682046DB6A85
:1049C000984705466B1EE6691022204606EB031643
:1049D00006F10801FFF76AFF06F110012046FFF714
:1049E00037FF236A043B0344C4E9055370BD00004C
:1049F000002148222DE9F0410446816180F84010F1
:104A0000FFF754FFA6690423634A31462046FFF7A7
:104A10000FFF48B10323614A40F22F1184F8403060
:104A20005F4B604831F034F906F1080104235E4A17
:104A30002046A161FFF7FCFE38B10423574A40F23B
:104A4000371184F84030594BEBE706F10C01042391
:104A5000574A2046A161FFF7EBFE074638B1052310
:104A60004E4A4FF49F7184F84030524BD9E706F11B
:104A700010012046FFF7ECFE054620B94E4B4FF4DF
:104A8000A271464ACDE706F1140804234B4A20469A
:104A90004146FFF7CDFE002849D0062384F8403078
:104AA0000423474A06F118012046FFF7C1FE0028FB
:104AB0003FD0072384F840304544424F0C22204623
:104AC0002946FFF7F3FE05F1080604233A4620467F
:104AD0003146FFF7ADFE94F84030002848D0002B57
:104AE00048D1A36AAB4249D805F10C0304352046EE
:104AF000A3612946FFF7ACFE304429466062204698
:104B0000FFF7A6FE0644042220463146FFF7CEFEFC
:104B100004232D4A31462046FFF78AFE002838D16B
:104B20000123E6616361A3692362BDE8F081012787
:104B3000B6E7002FC0D006F120012046FFF788FE1F
:104B40004FF47A7306F13001B0FBF3F06060204659
:104B5000FFF77EFE06F14001A0602046FFF778FED9
:104B600006F14401E0602046FFF772FE2061A3E7F2
:104B7000002BB9D00A2384F84030D6E7291D2046FF
:104B8000FFF766FE85190C2220462946FFF78EFEA8
:104B900099E70B23EFE700BF73F0030891F00308D8
:104BA00078F003086BEF0308BEF00308C3F00308B6
:104BB000DBF00308E0F00308F6F0030802F1030855
:104BC00007F103080CF1030811F10308C0E90A21F9
:104BD00000220263FFF70CBF10B50023044608460D
:104BE000E3620B6821639B689847A0622046BDE89A
:104BF0001040FFF7FDBE000037B5134B0024134DE6
:104C00001C60134B1C60134B2C601C60124B196012
:104C1000124B1A60124B1C60124B2A684FF4C0757D
:104C20001C701C74C3E90244C3E9064403EB02137D
:104C30000D4AD2686A4300924FF450425B680AF012
:104C400035FA204603B030BD60F3002450F3002451
:104C500040F3002470F3002468F300246CF3002474
:104C600048F300240C00002428F300244B68012B97
:104C700015D1CB681A071EBF23F00F031033CB608A
:104C80008B6818071EBF23F00F0310338B60CB68AF
:104C90008A681B09120953430E4A13607047022B9E
:104CA0000ED1CB681A0703D023F00F031033CB606B
:104CB0008B685A071EBF23F0070308338B607047C9
:104CC000002BFCD1CB685807F2D023F00703083340
:104CD000EDE700BF58F300240B4A13680B4430B4CF
:104CE00013600A4A126893420CD2094CD21A256802
:104CF000B2F5504F294428BF4FF45042216030BCD8
:104D00000AF036BA30BC704770F300246CF300240C
:104D100068F30024F8B5204C0121204D0646236895
:104D20001F4F1B01E954236805EB03139A601D4BC9
:104D30001968226805EB0212D1601A68F9680A4402
:104D40001A602368013323602368012B01D90023F3
:104D5000236023681B01EB5C33B1022130460AF06B
:104D6000D9F9114B01221A6022683046FB6805EB25
:104D700002154FF4C07269685A430AF0FCF90B4BF4
:104D80001B681A7A3AB99B7A2BB9094B1868BDE8A7
:104D9000F84002F07AB9F8BD50F300240C0000246A
:104DA00028F3002448F3002460F3002454F3002483
:104DB00044F3002472B6FEE7014B01221A607047EB
:104DC00064F3002438B5164D04462B6813B1154B17
:104DD0001B681BBB144B1868037A63B9134B144A46
:104DE0001B681B01D35C012B05D10E4B1B6813B94B
:104DF00003681B6998470F4A1368012B0CD10E4BAF
:104E00000B491B681B01CB5C33B92B6823B902210A
:104E1000204613600AF0DBFB022038BD0120FCE7CE
:104E200064F300243CF3002454F3002440F30024F2
:104E30000C00002460F3002450F3002470B50546F4
:104E4000002A3BD0002B39D01D4802240461EC68B5
:104E500026074FF4A06618BF24F00F04466018BF61
:104E6000103404602409C4602C6914F00F0418BFC6
:104E7000C4F1100484600698124C40082060124867
:104E8000124C03601248FFF7B7FE6A6C114B104DCD
:104E90001A602846FFF796FF20602368022B05D191
:104EA0000D4B4FF0FF31186802F0C3F82368012B57
:104EB000EFD10023094A1360094A136070BD00BF97
:104EC00028F300244CF3002474F300245CF3002442
:104ED0009C1B032454F3002444F3002464F30024B3
:104EE0003CF300242DE9F04F9946436985B0044610
:104EF0000F4690462BB9294BB321294A294830F057
:104F0000C7FE08228169FFF7D1FCA6692046314619
:104F1000FFF7B9FCB11C83462046FFF7B4FC311DF6
:104F200082462046FFF794FC06F10801A36A054675
:104F30000A189A4226D243F230039B4517D146F213
:104F400064339A4513D190B10246A1612046FFF720
:104F5000ADFC0E9B01462A462046CDF80080CDE9E7
:104F600001933B46FFF76AFF636901336361A369FD
:104F70002B4405B908330133626A23F001039342DD
:104F8000A36109D1012301206361236AA36180F039
:104F9000010005B0BDE8F08F0020F8E7F7EF030847
:104FA00016F103086BEF0308F8B50446816916464D
:104FB0000822FFF77BFCA7692046391DFFF748FC54
:104FC00007F10801024605462046FFF76FFC01463F
:104FD0006EB12A46074C084D33460748FFF70CFED2
:104FE0002846FFF7EFFE20602368002BF8D0012051
:104FF000F8BD00BF5CF300249C1B0324D0F80CC058
:1050000017494FEA0C120B68B2FBF3F24B68F0B58C
:105010005A430224134B144D12015C63CF682D6870
:105020003E01ED1B3C05AC4515D38968C1F110016B
:10503000214359640D4909680A44DA630C4A12682D
:10504000921B1A6400221A610A4ADA614268DA6025
:10505000094A1A60F0BD44F010045C64EAE700BF3E
:1050600028F300240010005258F3002474F30024A5
:105070004CF300240B0009FF012301000C4B00221C
:10508000027019688260013119601968012900D91C
:105090001A60084B084A1B68D2689B1AC2689A4279
:1050A00002D3064B01221A60054B186801F0EDBFD0
:1050B00040F3002458F3002428F300243CF3002498
:1050C00044F30024704710B50446FEF7AFFB0223FB
:1050D00084F86C3010BDFEF78BBBFEF78FBBFEF77C
:1050E000E6BBFEF7E6BBFEF75FBBFEF7E7BDFEF7EC
:1050F000D1BDFEF763BBFEF7C1BBFEF789BD10F063
:10510000ECBB10B50446882129F04AF8204610BDB2
:1051100070477047704770477047000010B5124CD9
:1051200001228021204603F0C1FA642002F082FBB4
:1051300000228021204603F0B9FA642002F07AFBB5
:1051400001228021204603F0B1FA4FF47A7002F078
:1051500071FB09200022072102F0C0FF0920BDE8F1
:10516000104002F0EDBF00BF0018025870B588B0C3
:1051700010260D46144604AB32460021184633F083
:10518000EDF81A4A117811B9002008B070BD00215D
:10519000012311706422009082211548CDE901623B
:1051A000324603F01DFC0028EED19DF911309DF828
:1051B0001120002BE8DA9DF810000128E4D102F05C
:1051C0003F029DF812309DF8131043EA0223094A6A
:1051D00001F03F01084E13609DF8142042EA0122BD
:1051E00032602B6033682360CFE700BF80F3002478
:1051F000701A03247CF3002478F3002410B50446CD
:10520000042128F0CDFF204610BD0000082802D15F
:10521000014B01221A70704780F30024704708B5D3
:10522000FFF73AFABDE80840FFF7C4B9FFF736BA0E
:1052300000F108034FF0FF3243600361C0E902232D
:1052400000230360704700230361704743689A6836
:105250004B608A60516099600368086101330360A4
:10526000704730B50C68631C0AD103695A684A60FC
:1052700091608B605960036808610133036030BD41
:1052800000F10802134652681568A542FAD9EDE705
:105290000369D0E901128A6051605968814208BFF0
:1052A0005A60002202611A68013A1A601868704751
:1052B00010B5044602F03EF9A46B02F05BF9B4FAB3
:1052C00084F0400910BD70B51646026C0446856B2B
:1052D00042B906689EB9806801F0AAFAA660013555
:1052E000A56370BD6EB94068FBF7AAF96368226CCC
:1052F0001344A2689342636024BF23686360002064
:10530000EDE7C068FBF79CF9226CE36851429B1AF9
:1053100022689342E3603EBFA3685B18E360022EFD
:10532000EDD10DB1013DEAE72846D8E7034608462E
:105330001A6C10B462B1DC68996814448C42DC6069
:105340005DF8044B24BF1968D960D968FBF778B9B8
:105350005DF8044B704770B5044602F0EBF894F822
:10536000455004F124066DB2002D01DD636AB3B926
:10537000FF2304F1100684F8453002F0FBF802F038
:10538000D9F894F844506DB2002D01DD23697BB942
:10539000FF2384F84430BDE8704002F0EBB830469B
:1053A00001F062F908B101F0E9F9013D6DB2DBE706
:1053B000304601F059F908B101F0E0F9013D6DB254
:1053C000E2E738B50D46044640B94FF0500383F389
:1053D0001188BFF36F8FBFF34F8FFEE702F0AAF87B
:1053E0002268D4E90F3162604B43D0185B1AA06089
:1053F0001A440020FF23E260A06384F8443084F85C
:105400004530A5B9236973B104F1100001F02CF9FE
:1054100048B14FF0E0234FF08052C3F8042DBFF3A2
:105420004F8FBFF36F8F02F0A5F8012038BD04F154
:105430001000FFF7FDFE04F12400FFF7F9FEF2E78C
:1054400037B50D461C4640B94FF0500383F3118821
:10545000BFF36F8FBFF34F8FFEE743B94FF0500399
:1054600083F31188BFF36F8FBFF34F8FFEE74AB10D
:1054700091B94FF0500383F31188BFF36F8FBFF3DF
:105480004F8FFEE741B14FF0500383F31188BFF314
:105490006F8FBFF34F8FFEE750230193019B502B7B
:1054A00008D04FF0500383F31188BFF36F8FBFF321
:1054B0004F8FFEE70121002D08BF2246019B84F893
:1054C00046102260C4E90F052046FFF77AFF9DF8D9
:1054D0001830204684F84C3003B030BDF8B50D4686
:1054E0001746064640B94FF0500383F31188BFF3C7
:1054F0006F8FBFF34F8FFEE74843503001F0E0FE5F
:10550000044670B1002380F8463065B100F15003C5
:10551000012120462360C4E90F65FFF752FF84F89C
:105520004C702046F8BD0346F2E713B513460C460F
:1055300040B94FF0500383F31188BFF36F8FBFF36F
:105540004F8FFEE7884208D24FF0500383F3118853
:10555000BFF36F8FBFF34F8FFEE70222009200224E
:105560001146FFF76DFF00B1846302B010BD10B5A6
:105570000C4640B94FF0500383F31188BFF36F8F8F
:10558000BFF34F8FFEE7884208D24FF0500383F3FA
:105590001188BFF36F8FBFF34F8FFEE70222002108
:1055A000FFF79CFF00B1846310BD2DE9FF410F465A
:1055B0001E460446019240B94FF0500383F3118810
:1055C000BFF36F8FBFF34F8FFEE751B9036C43B149
:1055D0004FF0500383F31188BFF36F8FBFF34F8FEA
:1055E000FEE7022E0BD1E36B012B08D04FF05003E6
:1055F00083F31188BFF36F8FBFF34F8FFEE701F086
:10560000C9F8054620B300254FF0000801F092FFCD
:10561000A26BE36B9A4227D2324639462046FFF707
:1056200052FE636A1BB104F1240001F01DF848B179
:105630004FF0E0234FF08052C3F8042DBFF34F8F9B
:10564000BFF36F8F01F096FF012004B0BDE8F08139
:10565000019B002BD8D04FF0500383F31188BFF388
:105660006F8FBFF34F8FFEE7022ED5D0019B1BB982
:1056700001F080FF0020E8E715B902A801F036F834
:1056800001F078FF00F076FD01F054FF94F844300B
:10569000FF2B01D184F8448094F84530FF2B01D1D1
:1056A00084F8458001F066FF01A902A801F02AF8FC
:1056B00038BB01F03FFFA26BE36B9A420ED101F0C1
:1056C00059FF019904F1100000F096FF2046FFF702
:1056D00042FE00F0FBFD48B1012597E701F04AFFCB
:1056E0002046FFF738FE00F0F1FDF5E74FF0E0232C
:1056F0004FF08052C3F8042DBFF34F8FBFF36F8F6D
:10570000EAE72046FFF727FE00F0E0FDB2E70022BF
:105710000B4613B5114600900120FFF791FE044699
:1057200038B100231A46194683600360C360FFF74F
:105730003CFF204602B010BD38B5044640B94FF0DA
:10574000500383F31188BFF36F8FBFF34F8FFEE7D2
:10575000856801F019F885420BD1E368013BE360ED
:105760000BB1012038BD1A4619462046FFF71DFF30
:10577000F7E70020F6E770B50646502001F0A0FDDF
:10578000044698B100250121006080F84650C0E928
:105790000F15FFF716FE2B462A462946204684F8A9
:1057A0004C60A5602560E560FFF7FFFE204670BDF8
:1057B0002DE9F843894617461E46044640B94FF086
:1057C000500383F31188BFF36F8FBFF34F8FFEE752
:1057D00051B9036C43B14FF0500383F31188BFF309
:1057E0006F8FBFF34F8FFEE7022E0BD1E36B012BC0
:1057F00008D04FF0500383F31188BFF36F8FBFF3CE
:105800004F8FFEE701F0A8FFEFF311884FF0500330
:1058100083F31188BFF36F8FBFF34F8FA26BE36BDE
:105820009A4201D3022E1ED194F845503246494681
:1058300020466DB2A36BFFF746FD6B1C0ED1636A69
:105840003BB104F1240000F00FFF10B10FB10123B0
:105850003B60012088F31188BDE8F88301356DB203
:1058600084F84550F5E70020F4E770B50D4604468E
:1058700040B94FF0500383F31188BFF36F8FBFF32C
:105880004F8FFEE7036C43B14FF0500383F3118851
:10589000BFF36F8FBFF34F8FFEE7036853B9836881
:1058A00043B14FF0500383F31188BFF36F8FBFF301
:1058B0004F8FFEE701F050FFEFF311864FF05003DA
:1058C00083F31188BFF36F8FBFF34F8FA26BE36B2E
:1058D000934219D994F845100132FF294BB2A263C3
:1058E0000DD1636A3BB104F1240000F0BDFE10B19C
:1058F0000DB101232B60012086F3118870BD0133A7
:105900005BB284F84530F6E70020F5E72DE9FF416A
:105910000E460446019240B94FF0500383F31188BC
:10592000BFF36F8FBFF34F8FFEE751B9036C43B1E5
:105930004FF0500383F31188BFF36F8FBFF34F8F86
:10594000FEE700F027FF054618B300254FF00008DA
:1059500001F0F0FDA76B47B3013F31462046FFF74A
:10596000E5FCA763236973B104F1100000F07CFE2D
:1059700048B14FF0E0234FF08052C3F8042DBFF33D
:105980004F8FBFF36F8F01F0F5FD012004B0BDE82C
:10599000F081019B002BD9D04FF0500383F3118885
:1059A000BFF36F8FBFF34F8FFEE7019B1BB901F071
:1059B000E1FD0020EAE715B902A800F097FE01F02A
:1059C000D9FD00F0D7FB01F0B5FD94F84430FF2B72
:1059D00001D184F8448094F84530FF2B01D184F83C
:1059E000458001F0C7FD01A902A800F08BFE00BBB5
:1059F0002046FFF75DFCB0B1019904F1240000F0EE
:105A0000FBFD2046FFF7A7FC00F060FC48B94FF013
:105A1000E0234FF08052C3F8042DBFF34F8FBFF344
:105A20006F8F012594E72046FFF795FC00F04EFCB0
:105A3000F7E72046FFF78FFC00F048FC2046FFF711
:105A400037FC0028EDD0B4E7F0B585B004460191ED
:105A500040B94FF0500383F31188BFF36F8FBFF34A
:105A60004F8FFEE7056C45B14FF0500383F311886B
:105A7000BFF36F8FBFF34F8FFEE700F08BFE06463C
:105A800020B32E46002701F055FDA36B53B3013B15
:105A9000A363236813B900F05BFFA060236973B1AF
:105AA00004F1100000F0E0FD48B14FF0E0234FF0AA
:105AB0008052C3F8042DBFF34F8FBFF36F8F01F0F7
:105AC00059FD012005B0F0BD3546DBE7019B002BF9
:105AD000FAD04FF0500383F31188BFF36F8FBFF3F9
:105AE0004F8FFEE7019B53B9002D66D04FF0500356
:105AF00083F31188BFF36F8FBFF34F8FFEE716B9A3
:105B000002A800F0F3FD01F035FD00F033FB01F0D9
:105B100011FD94F84430FF2B01D184F8447094F8BF
:105B20004530FF2B01D184F8457001F023FD01A918
:105B300002A800F0E7FD50BB2046FFF7B9FB00B319
:105B400023683BB901F0F6FCA06800F033FE05467F
:105B500001F010FD019904F1240000F04DFD2046F4
:105B6000FFF7F9FB00F0B2FB48B94FF0E0234FF02C
:105B70008052C3F8042DBFF34F8FBFF36F8F012600
:105B800081E72046FFF7E7FB00F0A0FBF7E72046A0
:105B9000FFF7E1FB00F09AFB2046FFF789FB0028A6
:105BA000EDD065B101F0C6FC616A19B1236B1968CB
:105BB000C1F13801A06800F07DFE01F0DBFC00209F
:105BC00080E770B50D46044640B94FF0500383F3AB
:105BD0001188BFF36F8FBFF34F8FFEE7866800F029
:105BE000D3FD864204D1E36801200133E36070BD38
:105BF00029462046FFF728FF0028F8D0E368013344
:105C0000E360F4E72DE9F84389469046044640B93D
:105C10004FF0500383F31188BFF36F8FBFF34F8FA3
:105C2000FEE751B9036C43B14FF0500383F3118881
:105C3000BFF36F8FBFF34F8FFEE701F08DFDEFF3E2
:105C400011874FF0500383F31188BFF36F8FBFF3B9
:105C50004F8FA56B0DB394F8446049462046013D33
:105C600076B2FFF763FBA563731C11D1236953B1AF
:105C700004F1100000F0F8FC28B1B8F1000F02D0D8
:105C80000123C8F80030012087F31188BDE8F883AC
:105C9000013676B284F84460F5E72846F4E710B59B
:105CA000044640B94FF0500383F31188BFF36F8F60
:105CB000BFF34F8FFEE701F03DFCA36BE46BE41AEA
:105CC00001F058FC204610BD0023074A30B552F8B9
:105CD000335002EBC3041DB942F83310606030BD8D
:105CE0000133082BF3D1FAE784F300240023094A97
:105CF00010B552F83310DC00814206D1064A00216B
:105D000042F833102244516010BD0133082BF0D10A
:105D1000FAE700BF88F3002484F3002410B540B9EB
:105D20004FF0500383F31188BFF36F8FBFF34F8F92
:105D3000FEE7FFF7DBFF90F846301BB9BDE81040E7
:105D400001F056BB10BD70B504460D46164601F075
:105D5000F1FB94F84430FF2B02D1002384F8443047
:105D600094F84530FF2B02D1002384F8453001F030
:105D700001FCA36B2BB93246294604F1240000F044
:105D800055FC2046BDE87040FFF7E5BA2DE9F0412B
:105D9000044601F0CFFB2F4B2F4E1A682F4F0132D4
:105DA0001A603568002D4AD134601B68012B1FD161
:105DB000B84601354046FFF73BFA08F11408382D84
:105DC000F7D1DFF8C080264D4046FFF731FA28466C
:105DD000FFF72EFA2348FFF72BFA2348FFF728FA9C
:105DE0002248FFF725FA224BC3F80080214B1D60A3
:105DF000214A136801331360204A63641168E36A1F
:105E00008B4200D913601420211D00FB0370FFF7A3
:105E10001DFA01F0AFFB1A4B1B6873B13368DA6AE5
:105E2000E36A9A4209D24FF0E0234FF08052C3F860
:105E3000042DBFF34F8FBFF36F8FBDE8F081104B80
:105E40001A68E36A002AD3D13268D26A9A42CFD85C
:105E50003460CDE7E8F30024BCF800245CF40024AF
:105E600034F4002418F4002404F40024ECF3002497
:105E700030F400242CF40024CCF30024E0F30024BC
:105E8000DCF3002448F40024F8B5154B0646154D04
:105E90000F461C6828680430FFF7FAF9731C07D115
:105EA00037B1296810480431BDE8F840FFF7CEB992
:105EB000A4192B685C6007D30C4B18682968BDE8EF
:105EC000F8400431FFF7CDB9094B1868296804314F
:105ED000FFF7C7F9074B1A68A24200D91C60F8BD4A
:105EE000E4F30024BCF80024ECF300242CF4002498
:105EF00030F40024C8F30024064A13681968064BDE
:105F000019B94FF0FF321A6070471268D268D26830
:105F10005268F8E730F40024C8F3002410B50446B2
:105F2000583032F097FB94F89D313BB9206B01F06B
:105F30005FFA2046BDE8104001F05ABA012BF8D0B4
:105F4000022B08D04FF0500383F31188BFF36F8FFB
:105F5000BFF34F8FFEE710BD80B5144C144F154DA5
:105F6000236883B9144B1B68012B09D94FF0E02338
:105F70004FF08052C3F8042DBFF34F8FBFF36F8FE4
:105F80000BF020FCEBE701F0D5FAFB68DE68301D72
:105F9000FFF77EF92B68013B2B602368013B2360F0
:105FA00001F0E8FA3046FFF7B9FFD9E700F4002422
:105FB00004F40024E8F300245CF400242DE9F04705
:105FC000960007460D46A52132469846043EDDE977
:105FD0000994206B32F0C2F9236B1E4426F00706A9
:105FE000002D52D06B1E04F133020F3513F8011F40
:105FF00002F8011F09B1AB42F8D1002384F8433005
:10600000089D4FF0000A201D372DC4F850A028BF6E
:106010003725E562E564C5F13805FFF714F904F1A9
:106020001800FFF710F94FF4A0725146C4F898A178
:1060300004F158002461A5616462C4F854A084F896
:106040009CA132F08BF9124B3946304603F16802BD
:10605000E365D0332266012263660023C4E93C2352
:106060000C4A0D4BC4E93E230C4B4246C4F80031A8
:106070000B23A4F8043101F037FA2060B9F1000FC6
:1060800001D0C9F80040BDE8F08784F83450B7E784
:106090004C3603240E33CDAB34126DE6ECDE050036
:1060A00070B586B0DDE90B5445B94FF0500383F36A
:1060B0001188BFF36F8FBFF34F8FFEE744B94FF0E6
:1060C000500383F31188BFF36F8FBFF34F8FFEE749
:1060D0004FF4D0760596059EB6F5D07F08D04FF0E8
:1060E000500383F31188BFF36F8FBFF34F8FFEE729
:1060F00025630225059E84F89D5104AD0294019507
:106100000A9D0095FFF75AFF2046FFF73FFE0498CF
:1061100006B070BD2DE9F043074685B09000884673
:106120001646994601F0CCF8054620B94FF0FF30ED
:1061300005B0BDE8F0834FF4D07001F0C1F804461B
:1061400098B1002305633246414680F89D310D9B8E
:106150000290384601930C9B00934B46FFF72EFFAD
:106160002046FFF713FE0120E2E7284601F040F940
:10617000DCE70000024A136801331360704700BF78
:10618000C4F30024014B1868704700BFE4F30024F7
:1061900008B501F0E1FA014B186808BDE4F30024EA
:1061A0003F4B1B682DE9F74F002B72D13D4B1C680C
:1061B00001341C60BCB93C4B1A68126842B14FF004
:1061C000500383F31188BFF36F8FBFF34F8FFEE748
:1061D000364A1968106818601160354A136801332F
:1061E0001360FFF789FE334D4FF0000B324E2B68E2
:1061F000324F9C4212D23A681421D26A4A43B258B2
:10620000022A2F4A126828BF4FF0010B002A18BF3C
:106210004FF0010B584603B0BDE8F08FDFF88890CF
:10622000DFF8A4A0D9F8002012681AB94FF0FF32A5
:106230002A60E0E7D9F80020D268D2F80C80D8F8BC
:1062400004108C4201D22960D5E708F104031846F6
:106250000193FFF71DF8D8F8281019B108F11800BC
:10626000FFF716F8D8F82C00DAF80010884201D9A8
:10627000CAF800001423019903FB0060FEF7E6FF53
:106280003868D8F82C10C26A914228BF4FF0010B31
:10629000C8E70C4A4FF0000B136801331360B9E7ED
:1062A000C4F30024E4F3002430F400242CF400248C
:1062B000D0F30024C8F300245CF40024BCF80024CC
:1062C000D4F30024D8F30024E0F300242DE9F041B6
:1062D000304C236843B94FF0500383F31188BFF368
:1062E0006F8FBFF34F8FFEE701F024F92368013B66
:1062F000236024682CB1002401F03CF92046BDE85D
:10630000F081254B1B68002BF5D0244D244EDFF87F
:10631000A0801DE0EB68DC68271D04F11800FEF783
:10632000B7FF3846FEF7B4FFE36A3268934200D9FC
:1063300033601420394600FB0380FEF787FF194BBA
:10634000E26A1B68DB6A9A4202D3174B01221A6089
:106350002B68002BDED10CB1FFF7CEFD134D2C685E
:1063600044B1114E0127FFF71BFF00B13760013C1C
:10637000F9D12C600C4B1B68002BBCD04FF0E023F4
:106380004FF08052C3F8042DBFF34F8FBFF36F8FD0
:106390000124B1E7C4F30024E8F3002418F4002436
:1063A000E0F30024BCF80024D4F30024D8F3002444
:1063B0005CF4002410B540B94FF0500383F311880A
:1063C000BFF36F8FBFF34F8FFEE741B94FF050031C
:1063D00083F31188BFF36F8FBFF34F8FFEE7184B26
:1063E0001B6843B14FF0500383F31188BFF36F8FE5
:1063F000BFF34F8FFEE7FFF7BDFE124B04681A682C
:1064000063182CBF0121002194420FD979B9036090
:10641000FFF75CFF48B94FF0E0234FF08052C3F81C
:10642000042DBFF34F8FBFF36F8F10BD09B99A4290
:10643000EDD203600021981AFFF726FDE8E700BFC0
:10644000C4F30024E4F3002408B550B94FF0E0236E
:106450004FF08052C3F8042DBFF34F8FBFF36F8FFF
:1064600008BD0A4B196841B14FF0500383F31188FE
:10647000BFF36F8FBFF34F8FFEE7FFF77BFEFFF792
:1064800003FDFFF723FF0028E0D0E9E7C4F3002471
:10649000034608460BB9034B1B685B6D03B11847F5
:1064A00018467047BCF8002410B588B0002407AA2D
:1064B00006A905A8CDE9054400F0C4FE059B079A8E
:1064C0000293069B1B491C48CDE900432346FFF776
:1064D000E7FD60B300F09AFA01281DD14FF0500398
:1064E00083F31188BFF36F8FBFF34F8F134A1449A3
:1064F000136858330B604FF0FF31124B196021467F
:10650000114B1860114B1C601068FFF7C1FF08B0F9
:10651000BDE8104001F09EB8013008D14FF05003A3
:1065200083F31188BFF36F8FBFF34F8FFEE708B07F
:1065300010BD00BF70D40308595F0008BCF80024E8
:1065400070060024C8F30024DCF30024E4F30024E4
:10655000F8B5234B1A68234B12B101221A60F8BD1B
:10656000214C01211A602068FFF792FF22682368FE
:1065700012681B6B9A4204D82068216834310BF0F2
:1065800022F91A4E14271A49326807FB02F3CD5834
:10659000C818C5B1456808336D680B449D42456015
:1065A00004BF6B684360142303FB02114B68002196
:1065B000DB68236032602068FFF76AFF23680D4ABA
:1065C00058331360CBE742B94FF0500383F311887F
:1065D000BFF36F8FBFF34F8FFEE7013AD5E700BFE0
:1065E000C4F30024D4F30024BCF80024E0F3002416
:1065F0005CF400247006002410B50C4640B94FF03E
:10660000500383F31188BFF36F8FBFF34F8FFEE703
:10661000054B19681831FEF724FE20460121BDE81C
:106620001040FFF731BC00BFBCF8002438B50D4660
:10663000144640B94FF0500383F31188BFF36F8FB6
:10664000BFF34F8FFEE7074B19681831FEF7FEFDC9
:10665000002C21460CBF28464FF0FF30BDE83840E3
:10666000FFF712BCBCF8002438B5C368DC6844B935
:106670004FF0500383F31188BFF36F8FBFF34F8F39
:10668000FEE704F118052846FEF702FE114B1B68D1
:10669000D3B9251D2846FEF7FBFD0F4AE36A1168B2
:1066A0008B4200D9136014200C4A294600FB0320BA
:1066B000FEF7CCFD0A4BE26A1B68DB6A9A4206D9F8
:1066C0000120084B186038BD29460748F0E7002034
:1066D000F9E700BFC4F30024E0F300245CF40024D5
:1066E000BCF80024D4F3002418F40024034B1B68E6
:1066F0000360034B1B684360704700BFD0F3002466
:10670000E4F3002470B50C46054640B94FF0500341
:1067100083F31188BFF36F8FBFF34F8FFEE741B94B
:106720004FF0500383F31188BFF36F8FBFF34F8F88
:10673000FEE700F0FFFE0F4B196823685A1C10D0CB
:106740000D482E6800686A68864201D08A420FD9D7
:10675000881A83420AD95B1A284613442360FFF73C
:10676000C5FF002400F006FF204670BD0023236013
:106770000124F7E7E4F30024D0F30024014B0122C5
:106780001A607047D4F30024014B1868704700BFAB
:10679000BCF80024054B1B6833B1054B1868B0FAF0
:1067A00080F040094000704701207047DCF300246E
:1067B000C4F30024F8B5044638B31A4DC36A2A68F6
:1067C000D26A934226D28269002A04DB2A68D26AFE
:1067D000C2F1380282611422134E02FB0363626924
:1067E0009A4213D1271D3846FEF752FD2B680F4AF7
:1067F000DB6A1168E3628B4200D9136014203946CA
:1068000000FB0360FEF722FD0120F8BD2B68DB6A68
:10681000E362F9E72B68C06CDB6A98422CBF00206A
:106820000120F2E7BCF800245CF40024E0F300242B
:1068300038B508B9002038BD1B4B1C68844208D00D
:106840004FF0500383F31188BFF36F8FBFF34F8F67
:10685000FEE7236D43B94FF0500383F31188BFF374
:106860006F8FBFF34F8FFEE7E16A013BE26C236558
:106870009142DFD0002BDDD1251D2846FEF708FD13
:10688000E36CC3F13802E362A261084A11688B42EB
:1068900000D91360064A1420294600FB0320FEF7A6
:1068A000D5FC0120C7E700BFBCF80024E0F30024BA
:1068B0005CF4002470B50446002842D0026D42B951
:1068C0004FF0500383F31188BFF36F8FBFF34F8FE7
:1068D000FEE7C36C994238BF1946C36A8B4230D079
:1068E000012A2ED1174A1268824208D14FF0500374
:1068F00083F31188BFF36F8FBFF34F8FFEE7826979
:10690000114D002A4FF01402C16202FB0353A8BFCD
:10691000C1F138014269A8BF81619A4211D1061DB7
:106920003046FEF7B5FC094AE36A11688B4200D98C
:1069300013601420314600FB0350BDE87040FEF7A1
:1069400085BC70BDBCF800245CF40024E0F3002496
:10695000044B1A681AB119680A6D01320A65186881
:10696000704700BFBCF80024914208B54160006147
:106970000AD8D21A83699A420DD2011D074B1868B2
:10698000FEF76FFC002008BD9A4201D2994202D264
:10699000011D034BF3E70120F5E700BFBCF900241C
:1069A000C0F90024F7B5114C00F0C4FD2568BDB94D
:1069B0000F4F104E3846FEF73BFC3046FEF738FCD2
:1069C0000D4B0E4A10211F600A200D4B1E600D4B0F
:1069D0000095FEF735FD206010B10B49FFF774F903
:1069E00003B0BDE8F04000F0C5BD00BFB8F9002419
:1069F000D8F90024C4F90024C0F9002410F90024B7
:106A0000BCF90024C0F8002471F1030810B588B067
:106A1000FFF7C8FF124B1B68B3B1002407AA06A9F1
:106A200005A8CDE9054400F019FC059B079A0293DF
:106A3000069B0C49019302230B4800932346FFF762
:106A40002FFB0A4B186040B94FF0500383F31188B5
:106A5000BFF36F8FBFF34F8FFEE7012008B010BD6B
:106A6000B8F9002476F10308696B0008B4F9002432
:106A70007FB5164604461A4640B94FF0500383F3DB
:106A80001188BFF36F8FBFF34F8FFEE70C4D28685F
:106A900078B105290294CDE900160CDCFFF77AFEE7
:106AA00000230228694628680CBF089A1A46FEF798
:106AB0007CFD04B070BD00236946FEF779FEF8E75F
:106AC000B8F900242DE9F347DFF898800646FFF770
:106AD00059FB0546D8F80030834209D91F4F3B685F
:106AE0001A686AB91E4A116813600123396000E010
:106AF000002328463360C8F8005002B0BDE8F08794
:106B0000DB68DC68D3F8009004F1040A5046FEF715
:106B1000BFFB236A2046984794F828305B07DED5F0
:106B2000A3694B44994506D2514638686360246195
:106B3000FEF797FBD3E700234A4620461946009309
:106B4000FFF796FF0028CAD14FF0500383F3118856
:106B5000BFF36F8FBFF34F8FFEE700BFC0F9002474
:106B6000BCF90024B0F900242DE9F0436E4D89B042
:106B70006E4E2B68D3F80080B8F1000F35D0DB687B
:106B80000024D3F80080FFF7F5FA04A8FFF79AFF76
:106B9000049B8146002B69D1002C4CD1404550D339
:106BA000FFF794FB2B68DB68DF68381DFEF770FB8E
:106BB00097F8283058071AD5B96943464A463846E7
:106BC0004144FFF7D1FEB0B1234642462146384644
:106BD0000094FFF74DFF70B94FF0500383F3118815
:106BE000BFF36F8FBFF34F8FFEE70124CBE723F096
:106BF000010387F828303B6A38469847002204A9E9
:106C00003068FEF783FE0028B3D0049B0698002B63
:106C10002FDB069C6369002B32D103A8FFF752FFDC
:106C2000049B0246092BE9D8DFE803F02E2E2E57ED
:106C30005E762E2E575E3E4B1B681C68B4FA84F4B9
:106C400064092246A8EB09013068FFF77CF8FFF7DA
:106C50003DFB0028D2D14FF0E0234FF08052C3F823
:106C6000042DBFF34F8FBFF36F8FC7E7FFF72EFBE6
:106C7000C4E7059B07999847049B002BBEDBC8E738
:106C8000201DFEF705FBC8E794F828302046A169CF
:106C900043F0010384F82830059B1944FFF764FE94
:106CA0000028ABD0236A2046984794F8283059072B
:106CB000A4D5A26900230599204600930A441946E9
:106CC000FFF7D6FE002899D14FF0500383F31188C7
:106CD000BFF36F8FBFF34F8FFEE794F8283023F098
:106CE000010384F8283089E794F8283043F0010341
:106CF00084F828300599A16141B94FF0500383F31E
:106D00001188BFF36F8FBFF34F8FFEE70346014437
:106D10002046FFF729FE71E794F828309A07DED461
:106D2000204600F065FB69E7C0F90024B8F90024AB
:106D3000BCF9002408B54FF0E0231B69FFF72AFDDA
:106D4000012803D0BDE8084000F05CBC08BD00008D
:106D5000EFF305832BB9064B186828B901221A6096
:106D600070476FF0050070474FF0FF30704700BF6D
:106D70003015012408B5FFF70DFD38B1022804D005
:106D8000034B1868431E5842584108BD0320FCE7D6
:106D90003015012410B5EFF305845CB9084B1A686F
:106DA000012A0AD1074AD47702221A60FFF77CFB36
:106DB000204610BD6FF00500FBE74FF0FF30F8E70D
:106DC0003015012400ED00E0EFF305830BB1FFF770
:106DD000DFB9FFF7D7B9F0B5144687B000220B46EC
:106DE0000592EFF30582D2B9C8B1002C2ED0A56967
:106DF000002D08BF1825691EAC4637292CD86168BC
:106E0000C90729D466696EB1B2082168D4E9027E47
:106E10005FB1BEF5D07F02D3246904B1F6B90598FD
:106E200007B0F0BD4FF40072EFE7BEF1000FF6D1EE
:106E30002469002CF3D105AC92B2CDE900C4FFF770
:106E400069F901281CBF00230593E8E721464FF0AC
:106E5000180C4FF40072EEE71046E1E7CDE9014768
:106E60000095FFF71DF90590D9E708B5EFF3058206
:106E700022B908B1FFF7E8FA002008BD6FF005005D
:106E8000FBE737B50546EFF305845CB9FFF77AF900
:106E9000291A0190002908DD01A8FFF78BFA204686
:106EA00003B030BD6FF00500FAE76FF00300F7E7BD
:106EB00070B50546EFF3058616B10024204670BD77
:106EC00010B146683307F8D406F001067DB1D5E964
:106ED000021351B14F2BF0D9DEB10420FEF717FC9D
:106EE00004460028E9D02D680AE0002BE5D196B1D0
:106EF0000420FEF740FC04460028DED0002DF2D12D
:106F000029462046FEF7E0FE002ED7D044F00104CB
:106F1000D4E70120E2E70120EBE738B503460C4651
:106F200020F0010003F00102EFF3058595B9012B74
:106F300013D962B1FEF745FE012801D1002038BD0A
:106F4000002C14BF6FF001006FF00200F7E7FEF7AE
:106F50007BFDF1E76FF00500F1E76FF00300EEE76E
:106F6000024620F0010008B502F00103EFF30581AD
:106F700079B9012A10D93BB1FEF7DEFB01280CBF1D
:106F800000206FF0020008BD1A461946FEF70DFBFF
:106F9000F4E76FF00500F6E76FF00300F3E7F7B5ED
:106FA00004460E461546EFF3058242B938B18842D1
:106FB00005D355B1D5E902372BB14F2F22D8002484
:106FC000204603B0F0BD002FF9D1012C0CD0204693
:106FD0003146FEF7CCFA04460028F0D085B92946A0
:106FE0002046FEF771FEEBE7032200210120FEF7A9
:106FF00075FA0EE01A46FEF798FA04460028DED02D
:107000002D68ECE70128F5D1032100911146FEF728
:1070100017FA04460028D2D0002EDFD000231A46EB
:107020001946FEF7C2FA0128D8D02046FEF776FEB0
:10703000C5E713B50C4628B3EFF30583CBB109BB05
:1070400001AA0191FEF7DEFD012803D06FF00200D6
:1070500002B010BD019B0BB90020F9E74FF0E0230F
:107060004FF08052C3F8042DBFF34F8FBFF36F8FE3
:10707000F2E7FEF7E9FC0128EED0002CE6D06FF035
:107080000100E5E76FF00300E2E707B518B3EFF39F
:107090000583CBB1002301A90193FEF7E6FB01288C
:1070A00004D06FF0020003B05DF804FB019B4BB10C
:1070B0004FF0E0234FF08052C3F8042DBFF34F8F01
:1070C000BFF36F8F0020EEE71A461946FEF76DFA00
:1070D0000128F7D0E5E76FF00300E4E7F7B50546D0
:1070E0000E461446EFF305871FB10025284603B06E
:1070F000F0BD0028F9D00029F7D0DAB1D2E9023288
:1071000083B14F2AF1D92269002AEED04D43666936
:10711000AE42EAD30097FEF793F905460028E4D083
:10712000246811E0002AE0D12369002BDDD16369D6
:10713000002BDAD1284600223146FEF7CFF905466A
:107140000028D2D0002CEBD121462846FEF7BCFD0A
:10715000CCE773B51C46EFF30586DEB138B331B327
:107160002BBB01AA0193FEF723FB012803D06FF08C
:10717000020002B070BD019B0BB90020F9E74FF08F
:10718000E0234FF08052C3F8042DBFF34F8FBFF3BD
:107190006F8FF2E758B151B133462246FEF705FA38
:1071A0000128EAD0002CE2D06FF00100E1E76FF097
:1071B0000300DEE737B51C46EFF30583DBB130B3E0
:1071C00029B324BB01AA0194FEF71CFD012803D0BA
:1071D0006FF0020003B030BD019B0BB90020F9E74E
:1071E0004FF0E0234FF08052C3F8042DBFF34F8FD0
:1071F000BFF36F8FF2E750B149B12246FEF786FB2D
:107200000128EBD0002CE3D06FF00100E2E76FF033
:107210000300DFE7A0B1EFF305827AB1EFF311824B
:107220004FF0500181F31188BFF36F8FBFF34F8F81
:10723000D0E90E01081A82F311887047FEF72FBDBE
:1072400070470000034B0360034B0B604FF4007367
:107250001360704790130124900B0124034B0360CB
:10726000034B0B604FF4806313607047F0090124F7
:10727000ECF90024104B10B51A461B688342FBD36F
:1072800054681119884201BF4168104609195160BC
:10729000446801198B420CD1084909688B4203D01C
:1072A00059682144416019689042016018BF10601C
:1072B00010BD1946F8E700BF4C15012448150124FC
:1072C0002DE9F0410446FEF755FF4249424D0B6857
:1072D0000BBB424A5607424E1BBFD01D02F500327F
:1072E0004FF4003320F007001CBF131A02460020A1
:1072F000134432607060083B23F00703C3E90000C9
:10730000981A0B60C2E90030364B1860364B186093
:107310004FF000432B602E68264255D1002C46D0FA
:1073200004F1080360071CBF23F007030833002B98
:107330004AD02D4F3C689C4246D3294A156868685C
:10734000984204D2D5F800C0BCF1000F15D10968ED
:10735000A94239D02968D2F800801160C21A102AD7
:1073600012D9E81841070BD04FF0500383F311886E
:10737000BFF36F8FBFF34F8FFEE72A466546DEE708
:1073800042606B60FFF776FF6A6800231549A41A14
:1073900016430868154A84422B6013683C6003F169
:1073A000010338BF0C6008F108046E601360FEF73B
:1073B0008DFF63070AD04FF0500383F31188BFF3AA
:1073C0006F8FBFF34F8FFEE70024F0E72046BDE844
:1073D000F08100BF481501243415012454150124FF
:1073E0004C15012440150124441501243C150124A9
:1073F00010B5044690B31A4A50F8043C1268134280
:1074000008D14FF0500383F31188BFF36F8FBFF3A0
:107410004F8FFEE750F8081C41B14FF0500383F343
:107420001188BFF36F8FBFF34F8FFEE723EA02038C
:1074300040F8043CFEF79EFE0A4A54F8043CA4F1CE
:10744000080011680B441360FFF714FF064A136825
:107450000133BDE810401360FEF738BF10BD00BF18
:107460003415012444150124381501240848006806
:10747000006880F308884FF0000080F3148862B63B
:1074800061B6BFF34F8FBFF36F8F00DF00BF000007
:1074900008ED00E0DFF80C00016841F470010160C4
:1074A0007047000088ED00E0002382B001930D4B8F
:1074B0001B68013308D04FF0500383F31188BFF3EA
:1074C0006F8FBFF34F8FFEE74FF0500383F31188A8
:1074D000BFF36F8FBFF34F8F019B002BFCD002B027
:1074E000704700BF2C0000244FF0807321F0010191
:1074F00040F8202C44380364034BC16383636FF06E
:1075000002030362704700BFA97400080000000076
:10751000074B19680868B0E8F04F80F30988BFF39B
:107520006F8F4FF0000080F311887047AFF3008039
:10753000BCF800244FF0500383F31188BFF36F8F22
:10754000BFF34F8F0A4A13680133012B13600ED12A
:107550004FF0E023D3F8043DDBB243B14FF05003CA
:1075600083F31188BFF36F8FBFF34F8FFEE7704730
:107570002C000024084A136843B94FF0500383F3EA
:107580001188BFF36F8FBFF34F8FFEE7013B13608E
:107590000BB983F3118870472C0000240000000011
:1075A000EFF30980BFF36F8F154B1A681EF0100FB1
:1075B00008BF20ED108A20E9F04F10602DE9090086
:1075C0004FF0500080F31188BFF34F8FBFF36F8FE0
:1075D000FEF7BEFF4FF0000080F3118809BC196868
:1075E0000868B0E8F04F1EF0100F08BFB0EC108A2A
:1075F00080F30988BFF36F8F704700BFAFF300803F
:10760000BCF8002408B54FF0500383F31188BFF392
:107610006F8FBFF34F8FFEF7C3FD28B14FF0E0230C
:107620004FF08052C3F8042D002383F3118808BD66
:107630004FF0E02200234FF47A7113619361044B01
:107640001B68B3FBF1F3013B5361072313617047E0
:10765000600000244FF0E02337B5D3F8001D384A0E
:10766000914208D14FF0500383F31188BFF36F8F1D
:10767000BFF34F8FFEE7D3F8002D324B9A4208D16B
:107680004FF0500383F31188BFF36F8FBFF34F8F19
:10769000FEE72D4B1A78D2B20192FF221A701B78A6
:1076A0002A4ADBB28DF803309DF8033003F0500313
:1076B00013700723264A13609DF803101368090608
:1076C0000AD4032B11D04FF0500383F31188BFF37A
:1076D0006F8FBFF34F8FFEE7013B13609DF80330C0
:1076E0005B00DBB28DF80330E6E74FF440734FF0F8
:1076F000E02400251360019B134ADBB21370D4F819
:10770000203D43F47003C4F8203DD4F8203D43F0FD
:107710007043C4F8203DFFF78BFF0E4B1D60FFF751
:10772000B9FED4F8343F43F04043C4F8343FFFF788
:107730009DFEFEF70DFF2846FFF7B6FE03B030BDF5
:1077400071C20F4170C20F4100E400E058150324DC
:10775000541503242C000024EFF305830F2B0ED9BE
:10776000114A9B5C114A12789A4208D94FF0500393
:1077700083F31188BFF36F8FBFF34F8FFEE74FF096
:10778000E0230B4AD3F80C3D126803F4E063934204
:1077900008D94FF0500383F31188BFF36F8FBFF305
:1077A0004F8FFEE7704700BFF0E300E05815032459
:1077B0005415032410B5032000F07EFC02F0DAFB20
:1077C0000F49104A8B69C3F30323D35C03F01F03F3
:1077D000D8408B6903F00F03D35C0B4A03F01F03FF
:1077E00020FA03F31360094B186004200BF014FD1A
:1077F000044618B90BF0EEFC204610BD0124FBE74F
:1078000000440258F0FD03085C00002460000024DE
:10781000034A044B11681B780B441360704700BF88
:107820005C15032430000024014B1868704700BF2A
:107830005C15032438B50446FFF7F6FF0546631CC4
:107840001EBF044B1B78E418FFF7EEFF431BA34257
:10785000FAD338BD30000024014B1868000C704783
:107860000010005C034A536823EA00030B43536093
:10787000704700BF00040058806800F001007047A6
:107880008068C0F3800070470023F7B50193054678
:1078900090F85030012B00F0F4810124036880F847
:1078A00050401846FFF7ECFF002840F020810A689E
:1078B000002A4FEA926007DBC2F31306002E77D14D
:1078C0008440DA692243DA614C6803F1300C1F27E7
:1078D00000F01F00A60904F01F0406F00C06A740E4
:1078E000A0405CF8062022EA0702024318464CF842
:1078F0000620FFF7C5FF9A6802F0080202434BD149
:10790000086803F114070726C40DC0F3045004F0FF
:10791000040486403A5922EA06028E6886403243C1
:107920003A519A4A4869126802F07042B2F1805F97
:10793000DA6846D1C2F3820252000F6990400C68A7
:10794000042F46D003F1600604F0F84456F82720CF
:1079500002F000422243024346F82720487E0C6989
:10796000471E56F82420784222F00042784142EA2D
:10797000C07246F824200A7E0C6902F1FF3C1869A7
:1079800004F01F04DCF1000220F4F04042EB0C0292
:10799000D202A24002431A611846FFF76DFF024669
:1079A00000283DD00020002385F8503003B0F0BD02
:1079B00092FAA2F2B2FA82F2012402F01F0294407B
:1079C0007FE712F0100FDA68B4D0520802F0080214
:1079D000B3E71A6EA00602F0F842B2EB846F03D14F
:1079E0001A6E22F000421A665A6E02F0F842904275
:1079F00003D15A6E22F000425A669A6E02F0F842A3
:107A0000904203D19A6E22F000429A66DA6E02F03A
:107A1000F8429042C0D1DA6E22F00042DA66BBE74B
:107A20000C68CE68C4F31300D3F8C01006F0180732
:107A300021EA00015648F84020400143C3F8C01035
:107A400054498E4234D154498B4256D153498C42C9
:107A50007CD053498C427BD052498C427AD05249D7
:107A60008C4279D001F1866110318C4276D04F4939
:107A70008C4201F1042101F5401171D08C4261D09A
:107A800001F1866101F500618C4259D048498C4270
:107A90005AD048484849844208BF0A46C2F31301F5
:107AA00000295FD1910E01228A40D9690A43DA6127
:107AB000002CBFF677AF38498B425DD03F4E404A2D
:107AC0004048B34218BF02468B42926802D03B49FD
:107AD0008B4253D13048FFF7CFFE01463748FFF7BE
:107AE000CBFE01430CBF0120002000287ED16B6D2E
:107AF000012043F020036B6555E730498B42CDD11F
:107B000026498C4222D026498C4221D025498C42DC
:107B100020D025498C421FD001F1866110318C4262
:107B20001CD022498C421BD001F1042101F54011E7
:107B30008C4201F1866101F5006103D08C42A8D12D
:107B4000214AABE7214AA9E7214AA7E70122A5E795
:107B5000204AA3E7204AA1E7204A9FE7204A9DE761
:107B6000204A9BE792FAA2F2B2FA82F2012102F0D5
:107B70001F0201FA02F298E7114AA5E71A48FFF737
:107B80007BFEB0FA80F04009AFE700BF0010005C58
:107B9000FFFF0F000000FF470020024002003004FA
:107BA000040060080800900C1000C0100004002AB7
:107BB000000021430000844B0000B84F0021024028
:107BC000002302400063025800209036001060320B
:107BD00000005247400020198000501D0001802104
:107BE0000002B0250008302E00600258264802F03E
:107BF000E07184421ED114023FF5D4AE234A934271
:107C00007FF4D0AED2F8083323F0E0730B4343F493
:107C10000003C2F808331E4B1E4A1B68B3FBF2F385
:107C200001335B000193019B002B3FF4BBAE019B32
:107C3000013BF7E71848844210D1D0013FF5B2AEBE
:107C4000124A93427FF4AEAED2F8083323F0E073C9
:107C50000B4343F08073C2F80833A3E60F48844215
:107C60007FF4A0AE52023FF59DAE084A93427FF4E6
:107C700099AED2F8083323F0E0730B4343F480034A
:107C8000E9E7022092E600BF000084CB00600258C2
:107C900060000024400D0300000052C70000B8CF70
:107CA00038B5434A05460368934203D002F5807213
:107CB000934225D13F4B9B6813F4403F14BF0123EF
:107CC0000023FBB94FF40020002103F091FB6B6807
:107CD0000446B3F5101F4AD03FD8B3F5E01F44D097
:107CE00036D8B3F5801F08D02CD8B3F5002F04D0B8
:107CF00023F40022B2F5802F16D19B0C5B000FE01D
:107D00002D4BD8E702F0FEFA6B680446B3F5003F4E
:107D100005D0B3F5403F06D0B3F5803F04D11B0C2E
:107D2000B4FBF3F400E08408FFF796FD41F203038F
:107D300098422B6823D8214A94429A681BD942F46E
:107D400080721AE0B3F5A01FD7D0B3F5C01FD3E7F8
:107D5000B3F5001FE8D14409E6E7B3F5201F08D0CA
:107D6000B3F5301FE0D1040ADEE70409DCE784093B
:107D7000DAE7C409D8E722F480729A6038BD104A65
:107D8000944203D89A6822F44072F6E70D4A94426E
:107D900003D89A6822F44072D1E70B4A94429A6859
:107DA00096BF22F4407242F4407242F40072E4E75B
:107DB000002002400023024000630258002D3101E0
:107DC00021BCBE0041787D0181F0FA02002373B529
:107DD00004460193002800F0ED80456D25B908F0B8
:107DE00065FDA56584F8505023689A68900005D514
:107DF0009A6822F0204222F03F029A609A68D100ED
:107E000040F19E809A68D20000F1B080626D012539
:107E100042F010026265A26D42F00102A2651846AE
:107E2000FFF72EFD626D02F01002024340F0BE80AB
:107E3000626D184622F4817242F002026265FFF719
:107E40001BFD88B95C4A934204D002F580729342CC
:107E500040F08E805848FFF70FFD03465748FFF764
:107E60000BFD034300F09280FFF7F6FC41F20303A1
:107E7000A2689842217F607D236B40F28980102A9E
:107E800040F086800A0442EA4032134343F01C0368
:107E9000012902BF226A02F1FF3243EA4243626AC9
:107EA00022B102F47872A16A0A431343226844495A
:107EB000D068014010461943D160FFF7E1FC936898
:107EC00003F00803034327D1D368217D23F48043C3
:107ED00023F0030343EA8133E16A0B43D36094F850
:107EE0003830012B5AD1E36B1069591ED4E9103692
:107EF000334343EA0143A16C0B43324901400B4336
:107F000043F00103136120461369616B23F0704352
:107F10000B431361FFF7C4FEE3682268012B41D1D4
:107F2000116BA36921F00F01013B0B431363636DD8
:107F300023F0030343F001036365284602B070BDDC
:107F40009A68214922F0104222F03F0242F080520A
:107F50009A601E4A1268B2FBF1F201320192019A54
:107F6000002A3FF44FAF019A013AF7E7002556E7A0
:107F70001748FFF781FC00287FF476AF154A936815
:107F8000616823F47C130B4393606DE7124AF6E7B4
:107F9000134343EA403343EA014379E7136923F08B
:107FA0000103AFE7136B23F00F03BFE7636D43F0EB
:107FB000100363650125C0E7002002400021024054
:107FC00003C0F0FF1EF800FC400D03006000002419
:107FD000006002580063025800230240806800F0ED
:107FE000010070478068C0F38000704770B590F85A
:107FF00050209AB00346012A55D001222B4C80F81C
:10800000502000201D681690A54217900ED12848D8
:10801000FFF7E8FF04462846FFF7E4FF20430ED0B1
:10802000596D104641F02001596524E0596D83F8DF
:108030005000104641F0200159651AB070BD0C681F
:108040001C4AE4B190684E6820F440403043906090
:108050002846FFF7C3FF05461548FFF7BFFF054356
:1080600008D1896890680C4320F4716121F00F01F8
:108070000C4394600020002283F85020DDE79168D3
:10808000284621F440419160FFF7A8FF01460848C7
:10809000FFF7A4FF0143EDD1916821F4716121F054
:1080A0000F019160E6E70220C7E700BF0020024011
:1080B000002102400023024007490302CA6803F47A
:1080C000E06322F4E0621204120C134343F0BF6336
:1080D00043F40033CB60704700ED00E0164B30B541
:1080E000DC68C4F30224C4F10703251D042B28BF58
:1080F0000423062D4FF0FF358CBF033C002405FA06
:1081000003F3002805FA04F521EA030322EA050235
:1081100003FA04F343EA02034FEA0313DBB206DB7C
:1081200000F1604000F5614080F8003330BD00F0A0
:108130000F00024A1354F9E700ED00E014ED00E0EF
:10814000002807DB0123410900F01F00024A834099
:1081500042F82130704700BF00E100E010B504464E
:1081600008B9012010BD437F03F0FF0213B9027765
:1081700008F0F6FB022363772379E3B92368134AF7
:108180005A619A6822F018029A6062792368D2B91B
:108190004FF0FF321A6100209A68616922F0600294
:1081A0000A43A1699A609A6822F080020A439A60A1
:1081B00001236377D6E7D4E90212204600F008F8DD
:1081C0000028E2D0CDE72269E4E700BFB71DC10473
:1081D000CB0710B50DD51F23013B1DD321FA03F4A6
:1081E000E407F9D5102A13D0102A04D83AB1082A86
:1081F00010D001200BE0182AFBD1062BF9D800681B
:108200004161836823F0180313438360002010BD8D
:10821000072BF3E70F2BF1E7102AE5D1E9E710B5BB
:10822000044600B390F84D3003F0FF021BB980F80C
:108230004C2008F0C7FB2168D4E901300A680343E9
:10824000606922F40022034322F47E7213430B6020
:10825000FFF702FB01236065002023642065A06511
:1082600084F84D3010BD0120FCE710B5044600280D
:1082700036D090F8613003F0FF021BB980F860201F
:1082800008F03EFC0223E069626884F861302368EC
:108290000243A069196821F4E02121F040010A435A
:1082A0001A60596BA26821F48371024321F0010125
:1082B0000A43E1685A631A6C6FF30F020A431A64A7
:1082C000596BD4E9040221F44011520542EA0052EC
:1082D00000200A435A630123606684F8613010BDB0
:1082E0000120FCE770B590F8603002460220012BB7
:1082F00032D082F861001C20012300FB012082F8AB
:108300006030836BD0E90B451B0543EA0543C56B21
:10831000406B234343EA4553A4F10905012D96BF61
:1083200000F07F4043EA006303431068A9B9446A40
:10833000012D194901EA040141EA0301936A4162EE
:10834000836103D8536B23F07F43836201230020B2
:1083500082F8613082F8600070BD0B2C05BF1C24D0
:108360000E4E0F4E04FB012404BF246C43EA8443E9
:10837000C469012D24EA060443EA0403C3614FF0F3
:108380001C0303FB01218B6A0361DFD84B6B23F0D5
:108390007F430362DAE700BFF0FFCC000F003FFF2E
:1083A0000F0033FF2DE9F74F0023DFF8C4914FF0A2
:1083B000B0440A6832FA03F502D103B0BDE8F08F89
:1083C000012505FA03F818EA020200F0BB804E68A6
:1083D00003274FEA430E06F0030507FA0EFC6F1E53
:1083E0006FEA0C0C012F34D8876807EA0C0ACF68B3
:1083F00007FA0EF747EA0A078760476827EA08087E
:10840000C6F300179F4047EA08074760C768022D78
:1084100007EA0C088F6807FA0EF747EA0807C760F3
:1084200019D14FEAD30803F0070A4FF00F0B00EB06
:1084300088084FEA8A0AD8F820700BFA0AFB27EA64
:108440000B0B0F6907FA0AF747EA0B07C8F8207009
:1084500001E0032DDAD1076805FA0EF516F4403F66
:1084600007EA0C0745EA070505606BD0D9F8F45018
:1084700023F0030703F0030C4FF00F0E45F0020545
:1084800007F1B0474FEA8C0CC9F8F45007F5806744
:10849000D9F8F4500EFA0CFE05F002050195019D85
:1084A000BD6825EA0E0E314DA8424DD005F5806518
:1084B000A8424BD005F58065A84249D005F58065F6
:1084C000A84247D005F58065A84245D005F58065EE
:1084D000A84243D005F58065A84241D005F58065E6
:1084E000A8423FD005F58065A8423DD005F58065DE
:1084F000A84214BF0A25092505FA0CF516F4801FB9
:1085000045EA0E05BD606FEA020725680CBF3D40D5
:10851000154316F4001F256065680CBF3D401543E8
:1085200016F4003F6560D4F884500CBF3D401543FD
:10853000F603C4F88450D4F8805054BF3D4015432E
:10854000C4F88050013334E70025D5E70125D3E78F
:108550000225D1E70325CFE70425CDE70525CBE7A5
:108560000625C9E70725C7E70825C5E70000025823
:10857000004402582DE9F04F00224FF0010A4FF05D
:108580000F084FF0030B4FF0B04431FA02F301D162
:10859000BDE8F08F0AFA02FC1CEA010670D022F056
:1085A000030502F0030705F1B045BF00D5F8083414
:1085B00008FA07F905F5806509EA030E3A4B984277
:1085C00060D003F5806398425ED003F580639842E3
:1085D0005CD003F5806398425AD003F580639842DB
:1085E00058D003F58063984256D003F580639842D3
:1085F00054D003F58063984252D003F580639842CB
:1086000050D003F58063984214BF0A230923BB406E
:10861000734517D1D4F8803023EA0603C4F88030BC
:10862000D4F8843023EA0603C4F88430636823EA6C
:1086300006036360236823EA06032360AB6823EA2A
:108640000903AB6053000568D6080BFA03F300EB8F
:1086500086061D43056002F00705376AAD0008FA7B
:1086600005F527EA05073762C56825EA0305C560F1
:10867000456825EA0C054560856825EA03038360A3
:10868000013282E70023C2E70123C0E70223BEE7ED
:108690000323BCE70423BAE70523B8E70623B6E7BC
:1086A0000723B4E70823B2E7000002580AB181614A
:1086B00070470904FBE74FF0B042D2F8881001423E
:1086C00008B503D0C2F88800FCF7A0FD08BD036818
:1086D0009A69910701D500229A629A69D20703D458
:1086E0009A6942F001029A617047000030B5039D1B
:1086F000C1F3090104682B43606843EA0243054A59
:108700000B4342EA555223F0004320EA02000343A0
:10871000636030BDFF63FF0303682DE9F0419C698E
:1087200005460F46164614F010046FD000241022A0
:10873000A046DA612B689A69900661D4B8F1000FFF
:1087400035D044F0040401202E68B369D90505D55D
:108750004FF4807244F001040120F2615A0505D5FE
:108760004FF4806244F008040120F2619B054FD56C
:108770004FF4007344F00204F3612846FFF7A7FFAB
:108780007368012023F0FF7323F48B3323F4FF730A
:1087900023F0010373606B6C23436B64202385F823
:1087A0004130002385F8423085F8403032E07A1CB1
:1087B000C1D0FFF739F8801BB84201D8002FB9D1DA
:1087C0002B68596895F842209869D2B200040AD5FE
:1087D000490408D4202A06D05A6842F480425A60DC
:1087E000FFF722F806462B689B699B06A2D4FFF789
:1087F0001BF8801B1928F6D920244FF0010899E7AF
:10880000B8F1000F9DD12022DA619AE720469BE75C
:108810000028B2D1BDE8F08170B504460D46164679
:1088200023689B699B0701D500201FE0324629463B
:108830002046FFF771FFC0B96A1CF1D0FEF7F4FFC4
:10884000801BA84201D8002DEAD123689B6913F050
:108850000203E5D1626C84F8403042F02002626489
:10886000202284F8412084F84230012070BD2DE997
:10887000F041DDF8188004460F4616461D46236871
:108880009B6937EA03030CBF01230023B34201D0E5
:10889000002025E0424629462046FFF73DFFF0B97B
:1088A0006B1CECD0FEF7C0FFA0EB0800A84201D87B
:1088B000002DE4D123689B6937EA03030CBF012331
:1088C0000023B342DBD1636C43F0200363642023B5
:1088D00084F84130002384F8423084F8403001208D
:1088E000BDE8F08170B504460D46164623689B69C5
:1088F0009B0601D500201DE0324629462046FFF7A1
:108900000BFFB0B9FEF790FF801BA84201D8002DE5
:10891000ECD123689B6913F02003E7D1626C84F8E3
:10892000403042F020026264202284F8412084F822
:108930004230012070BD10B5044600284ED090F89A
:10894000413003F0FF021BB980F8402009F03CF9E8
:10895000242384F8413023681A6822F001021A6047
:10896000626822F070621A619A6822F400429A608A
:10897000D4E90221012906D142F400429A605A68E2
:1089800022F4006207E042F4044202299A60F6D120
:108990005A6842F400625A6000205A6842F000723D
:1089A00042F400425A60DA6822F40042DA60D4E904
:1089B00004210A43A16942EA0122DA60D4E90721CD
:1089C0000A431A601A6842F001021A6020236064A8
:1089D00084F84130206384F8420010BD0120FCE798
:1089E0002DE9F74F994690F8413004460F46202B69
:1089F0001646BDF834A0DDF8388040F0C9800C9BE5
:108A000013B1BAF1000F06D14FF400736364012073
:108A100003B0BDE8F08F90F84030012B00F0B88033
:108A20004FF0010B80F840B0FEF7FEFE19230090D6
:108A300005465A464FF400412046FFF718FF03460B
:108A40000028E4D122226063394684F84120402284
:108A500084F842200C9A6064204662624D4AA4F871
:108A60002AA000925FFA89F2FFF740FE2A464146AB
:108A70002046FFF7D1FE20BBB9F1010F236816D1C4
:108A8000F6B20022402120469E6243460095FFF741
:108A9000EEFEB0B9638D9BB2FF2B3F4B15D8628DB4
:108AA00092B22285D2B200934FF0007312E0320AE4
:108AB000414620469A622A46FFF7AEFE08B923686F
:108AC000DEE7002384F84030A1E7FF2222850093EF
:108AD0004FF0807339462046FFF708FE43460022D8
:108AE000042120460095FFF7C2FE00288FD123689D
:108AF0005A6A636A1A70636A228D0133013A6362AB
:108B0000638D92B2013B22859BB26385638D9BB2DC
:108B1000B3B1AAB94346802120460095FFF7A7FECE
:108B200000287FF474AF638D9BB2FF2B28D9FF22FE
:108B30004FF080732285009039462046FFF7D6FD1E
:108B4000638D9BB2002BC9D12A4641462046FFF7D0
:108B5000C9FE00287FF45BAF23682021D9615A68E1
:108B600022F0FF7222F48B3222F4FF7222F0010213
:108B70005A6084F8411084F8400084F8420047E7C6
:108B8000628D4FF0007392B22285D2B20090D3E78B
:108B900002203DE7002000800024008010B590F8FE
:108BA00041200346202AD4B21CD190F84020012A4B
:108BB00018D0242280F841200268106820F00100BB
:108BC0001060106820F4805010601068014300208D
:108BD0001160116841F00101116083F8414083F890
:108BE000400010BD0220FCE710B590F8412003467C
:108BF000202AD4B21BD190F84020012A17D0242279
:108C000080F841200268106820F0010010601068B0
:108C100020F4706040EA012100201160116841F0E9
:108C20000101116083F8414083F8400010BD02202B
:108C3000FCE70000094B82B0D3F8F42042F00202B6
:108C4000C3F8F420D3F8F430054A03F0020301938B
:108C5000019B53680343536002B0704700440258BD
:108C600000040058D201006884328318F0B5C76848
:108C70005D684C68C7F30B4705F470450E682744E0
:108C80005D6006F1010CC568A41BC5F30B45654486
:108C900045EA07455D60C768CD68C7F30A072F44FA
:108CA0009D6805F470459D608D68D0F80CC0013555
:108CB000CCF30A0C6544D1F810C045EA07458F692A
:108CC000BCF1070F9D601D6925F007051D61C3F804
:108CD00010C091F8305045EA076591F8317045EAC7
:108CE000072591F8327045EA07459D615D6925F0D9
:108CF000FF055D614D695D61DD6925F4E06525F085
:108D00000705DD61D1E9075745EA070588BF012757
:108D1000DD614D6A9D629CBF0C4D15F80C70DD6ADB
:108D20007C4305F0E0250734DD628D6AC96A7D4326
:108D300044EA0544DC621C6B6FF30A041C6319638C
:108D4000835843F001038350F0BD00BFA0FA03082D
:108D500038B5044600284ED090F8A13003F0FF0249
:108D60001BB980F8A02009F06FF9022384F8A13024
:108D700023689A6922F070429A619969D4E90120C6
:108D80000243E0680243206902430A439A61D4E93E
:108D9000051242EA01429A60D4E9071242EA01420E
:108DA000DA60D4E9091242EA01421A61D4E90B12ED
:108DB00042EA01425A61DA6A94F8350002F07F42D1
:108DC00094F83610DA62DD6A94F834202A4342EAD5
:108DD0000022002042EA0142DA625A6B42F00602A7
:108DE0005A639A6942F001029A610123C4F8A4000F
:108DF00084F8A13038BD0120FCE770477047036854
:108E000070B59E6B04465D6B720714D5690712D569
:108E10005A6B22F004025A630422DA63D0F8A430B9
:108E200043F00103C0F8A430002380F8A12080F8AB
:108E3000A030FFF7E2FFB20716D5AB0714D52368C1
:108E400020465A6B22F002025A630222DA63D4F8F7
:108E5000A4301343C4F8A430042384F8A1300023C1
:108E600084F8A030FFF7C9FFF00710D5E9070ED549
:108E7000236820465A6B22F001025A630122DA630A
:108E8000002384F8A12084F8A030FAF75DFF3207B0
:108E900011D52B070FD5236820465A6B22F0080204
:108EA0005A630822DA63012384F8A130002384F88E
:108EB000A030FFF7A3FF70BD2DE9F04190F8A0307E
:108EC00006460F469446012B4FF002001FD0342473
:108ED0004FF001080D4686F8A10004FB026486F8F5
:108EE000A08038340FCD0FC40FCD0FC40FCD0FC4E9
:108EF0002B683046624639462360FFF7B3FE33687D
:108F00000020C3F8248086F8A18086F8A000BDE880
:108F1000F081000090F8A02003460220012A12D020
:108F20001A6883F8A100506B20F0010050630648D6
:108F300001640020516B41F001015163012283F86B
:108F4000A00083F8A12070470010005030B50468DD
:108F500011F05F4F656963F310056561039D6369F7
:108F600005F1FF35C3F3130343EA055363614FF083
:108F70001F036360E261A161A36A0CBF43F4803305
:108F800023F4803312F05F4FA362A36A0CBF43F453
:108F9000003323F40033A362C36D636230BD38B580
:108FA0000446FEF741FC0546002C61D000232268F0
:108FB00084F83C30022384F83D30D36823F0010369
:108FC000D3602368DA68D20748D4D4E903210A437E
:108FD000DA60D4E905210A43E1690A43216A0A43B8
:108FE000616A0A43E16A0A43216B0A43A1680A43A2
:108FF000A16A013942EA81426168B1F1804F1A6188
:1090000003D11A6942F040421A6100225A61626B30
:10901000002A04DA5869524240F48020586192B222
:109020001A62A26B002A25DA5869524240F40020E5
:109030005861186A40EA0242B1F1804F1A624FF05B
:10904000000219D0C9B299625A620123A2660020B7
:10905000626684F83D30C4E917220AE0FEF7E4FBBB
:10906000401B0528ADD94023A366032384F83D3077
:10907000012038BD186ADDE79A62E5E7034630B59E
:1090800000B390F83C0001281ED0012493F83D5015
:10909000A542E8B283F83C4012D11C6825696D00F6
:1090A00007D421636263226939B922F000420020AB
:1090B0002261002283F83C2030BD42F00042F6E7F6
:1090C0002046F6E70120F7E70220F5E773B50446EE
:1090D000002842D090F83C50012D3CD0012580F86A
:1090E0003C5090F83D50012D4FF0000531D1022643
:1090F00080F83D6085660568EE6826F00106EE6042
:10910000069E0096FFF722FFEB6843F00603EB6034
:10911000C36C1BB1EB6843F01003EB60236D1BB114
:10912000EB6843F00803EB60A36C1BB1EB6843F002
:109130002003EB60EB6843F00103EB606368B3F17D
:10914000804F03D1EB6843F48033EB60002002B022
:1091500070BD80F83C500220F9E70120F7E728B104
:1091600090F83D30022B03D08023836601207047A6
:109170000268042380F83D300020D36823F0010307
:10918000D3607047002337B501934FF0A442584B8A
:10919000044601211D680368106803F12E42403A1D
:1091A000C2F3841201FA02F2024200F09E801A68B1
:1091B000D10729D5DA68920726D5DA6822F00202AB
:1091C000DA609A68A16E100654BF41F0010141F0C7
:1091D0000201A166910503D5A16E41F00401A166CB
:1091E000D00503D5A16E41F00801A166510503D554
:1091F000A16E41F01001A166120503D5A26E42F0E6
:109200002002A26601225A601A68D00608D5DA68E0
:10921000910605D510225A60A36C0BB120469847E1
:1092200023681A68120708D5DA68D00605D508221F
:109230005A60E36C0BB12046984723681A685107BF
:1092400008D5DA68120705D504225A60236D0BB1E0
:109250002046984723681A68900724D5DA68510792
:1092600021D5DA6822F03E02DA6094F83D20042A23
:109270004FF000020CD1012384F83C2084F83D30EB
:10928000A36D002B31D0204603B0BDE83040184715
:1092900002215960012384F83C2084F83D30636C3E
:1092A0000BB120469847A36EFBB14FF41653B5FBA4
:1092B000F3F5042384F83D302368DA6822F00102D4
:1092C000DA60019A0132AA42019202D8DA68D20722
:1092D000F7D4002284F83C20DB68DB074CBF032373
:1092E000012384F83D30636DCBE703B030BD00BF90
:1092F00060000024024A136843F4807313607047CF
:1093000000480258F8B1104A0168136823F0E003DE
:109310000B4313604FF0B0431A6822F480321A6096
:109320005A6822F480325A604168CA0703D51A6825
:1093300042F480321A608B0705D54FF0B042536873
:1093400043F480335360704700480258024A136860
:1093500043F01003136070470048025870B51C4D6D
:109360000446EB6803F00703062B06D0E86800F01C
:109370003F00001B18BF012070BDEB6823F03F03C6
:109380000343EB60FEF750FA06466B689A0408D573
:10939000A4F11D03012B0CD92D3C012C09D900206F
:1093A000EAE7FEF741FA801BB0F57A7FEDD901209C
:1093B000E2E7FEF739FA064D0446EB68DB03EED42C
:1093C000FEF732FA001BB0F57A7FF6D9EFE700BF5F
:1093D00000480258024AD36843F08073D360704754
:1093E000004802582DE9F0474C6A34B1B2F1406FA1
:1093F00003D08B6A0568013B2B61D1F818A0D1E935
:1094000007C6BAF1000F52D04F6944EA0A0A05684C
:10941000BF040B68D1F834E04AEA020AD1E90B989C
:109420004EB38C684AEA0600EC610C69BCF1000F8F
:1094300013D043EA0C0343EA090343EA080343EA6F
:109440000E032343CC6823433B430343B2F1406FF5
:109450006B610ED04B68AB610BE043EA090343EA52
:10946000080343EA0E0323433B4303436B61C5F800
:1094700018C0BDE8F087BCF1000F0DD043EA0C0323
:10948000C86843EA090343EA080343EA0E030343B7
:109490003B4343EA0A03D9E743EA090343EA0803E3
:1094A00043EA0E0040EA070343EA0A03DEE716B385
:1094B0008B68264305684F691643EB61BF040B694F
:1094C0004C6BD1E90B8EBCF1000F0BD043EA0C03BF
:1094D000C86843EA080343EA0E03234303433B43BC
:1094E0003343B3E743EA080242EA0E0222433A4317
:1094F00032436A61BBE7BCF1000F1AD044EA0C03A7
:10950000CC6A0068B2F1406F43EA020343EA040305
:109510000C6B43EA04034C6B43EA0403CC6843EA54
:1095200004034C6943EA84434361A2D04B688361DE
:109530009FE7002C9DD0CB6A0068234313430A6B3E
:1095400013434A6B13434A6943EA82434361C0F8B9
:1095500018C08EE72DE9F041DDF8188004460E466C
:1095600015461F4622689368334214BF0123002327
:10957000AB4201D100200FE0B8F1FF3FF3D0FEF77E
:1095800053F9C01B404509D90423012084F8413018
:10959000636C43F001036364BDE8F081B8F1000F30
:1095A000E0D1F1E737B50446FEF73EF90546002C59
:1095B0003FD094F841302BB9204608F059FE41F2D3
:1095C0008833A36421682046A3680A68013B22F41B
:1095D000F85242EA0322A36C0A6000220093202181
:1095E0002B46FFF7B7FF10BB2268E569E3681168F7
:1095F0002B43256A21F07F412B43656821F0D00180
:1096000043EA05630B4313605568D4E905310B4306
:10961000216943EA0143084929400B435360136819
:1096200043F0010313600123606484F8413003B008
:1096300030BD0120FBE700BFFEF8E0FF10B5044697
:1096400058B10268136823F00103136008F08CFE20
:109650000020606484F8410010BD0120FCE72DE982
:10966000F34704468A469046FEF7DEF894F8403009
:109670000746012B35D00123022684F8403094F8A8
:109680004130012B5FFA83F929D1002203462021C2
:109690002046626484F84160CDF80080FFF75AFFED
:1096A0000546A8B9024651462046FFF79BFEDAF868
:1096B00024305BB93B464A4631462046CDF800800F
:1096C000FFF748FF054618B92368DE6084F841902B
:1096D000002384F84030284602B0BDE8F0873546C4
:1096E000F6E70225F7E72DE9F341044688461746D9
:1096F000FEF79AF894F8403006462568012B4CD0C6
:10970000012384F8403094F84130012BD8B242D183
:1097100000236364B8F1000F38D0122384F841307D
:109720002B690133E3622B69C4F824800133A362FF
:109730006B6923F040636B61E36A9BB93346012296
:10974000022120460097FFF705FF10B92368022287
:10975000DA60012384F84130002384F8403002B0FD
:10976000BDE8F08133460122042120460097FFF72F
:10977000F1FE0028EDD1636A1B7885F82030636A1A
:1097800001336362E36A013BE362D5E7636C43F054
:1097900008036364E0E70220DEE70220DFE72DE94B
:1097A000F341044617468846FEF73EF8256806460C
:1097B000AA6994F84030012B4FD0012384F840303F
:1097C00094F84130012BD8B245D100236364B8F13D
:1097D000000F3BD0222384F841302B690133A3636F
:1097E0002B69C4F8308001336363696921F04061FB
:1097F00041F080616961AA61A36B9BB93346012284
:10980000022120460097FFF7A5FE10B92368022227
:10981000DA60012384F84130002384F8403002B03C
:10982000BDE8F08133460122062120460097FFF76C
:1098300091FE0028EDD195F82020236B1A70236B40
:1098400001332363A36B013BA363D5E7636C43F050
:1098500008036364E0E70220DEE70220DFE72DE98A
:10986000F74304461F4689461546FDF7DDFF94F889
:1098700040300646012B41D0012384F8403094F853
:109880004130012B5FFA83F836D142230022202198
:10989000626484F84130034600972046FFF75AFE81
:1098A00020BB226820462B68296993626B6853624B
:1098B000AB68D362136823F440030B43494643F477
:1098C000800313604FF00062EB68C9F82830FFF79F
:1098D00089FD33464246082120460097FFF73AFEAD
:1098E00020B923680822DA6084F84180002384F8D4
:1098F000403003B0BDE8F0830220F7E70220F8E72C
:10990000F7B5044616460F46FDF78EFF94F8402043
:109910000346012A33D0012284F8402094F84120E4
:10992000012A2AD1002282212046626484F8411053
:10993000A16C00912021FFF70DFE0546B8B9236800
:1099400072681868082A20F0080040EA02001860CF
:1099500007D132681A631022DA601A6842F4801262
:109960001A604FF0406239462046FFF73BFD002366
:1099700084F84030284603B0F0BD0225F7E7022501
:10998000F8E70000F8B50446002874D00368D8074B
:109990005ED42368990700F1AF802368DA0627D5E3
:1099A0009D4A1369916A03F03803082B07D0182BDE
:1099B00040F0058101F00303012B40F000811368A2
:1099C000DB0502D5E369802B55D1FDF745FF41F258
:1099D0000303216A9842904B00F2EA805A682029DA
:1099E00022F0F8420CBF42F0804242EA81625A60A3
:1099F0002368190700F1258123689A0600F1468142
:109A000023685D071ED5854D2B6843F480732B605A
:109A1000FDF70AFF06462B68DA0540F15C81A36872
:109A20007D4D012B40F05E812B6F43F001032B67CE
:109A300041F28837FDF7F8FE774E0546336F9B07F6
:109A400040F17681616A002940F0798100202CE0A4
:109A5000714A1369916A03F03803102B05D0182B53
:109A60000BD101F00303022B07D113689A0390D5A1
:109A70006368002B8DD1012017E06368664DB3F554
:109A8000803F13D12B6843F480332B60FDF7CCFE6D
:109A9000614E054633689B033FF57BAFFDF7C4FE7F
:109AA000401BB0F5FA7FF5D90320F8BDABB92B68A0
:109AB00023F480332B602B6823F480232B60FDF785
:109AC000B3FE06462B689F037FF563AFFDF7ACFE40
:109AD000801BB0F5FA7FF5D9E6E7B3F5A02F2B6828
:109AE00003D143F480232B60CCE723F480332B6035
:109AF0002B6823F48023C8E74749E2680B69886A2A
:109B000013F0380303D0182B2AD1800728D10B6813
:109B10005B0701D5002AAED03F4D2B6823F0190317
:109B200013432B60FDF780FE06462B685F0711D5B7
:109B3000FDF792FE41F20303226998426B6822D836
:109B400023F47C33402A0CBF43F4003343EA02334E
:109B50006B6022E7FDF768FE801B0228E5D9A3E7CA
:109B60002D4D2B68A2B123F0190313432B60FDF791
:109B70005BFE06462B685807DAD4FDF755FE801BBE
:109B80000228F7D990E723F0FE4343EA0263DFE7B8
:109B900023F001032B60FDF747FE06462B685907AB
:109BA0007FF5FBAEFDF740FE801B0228F6D97BE770
:109BB000DA6822F07C5242EA0162DA6018E7E3696F
:109BC000154D6BB32B6843F080032B60FDF72CFE23
:109BD00006462B68DF0511D5FDF73EFE41F2030373
:109BE000226A984210D86B68202A23F0F8430CBFF1
:109BF00043F0804343EA82636B60F9E6FDF714FEAD
:109C0000801B0228E5D94FE7EB6823F07C5343EA39
:109C10000263EB60ECE600BF0044025800480258C3
:109C20002B6823F080032B60FDF7FEFD06462B68B2
:109C3000D8057FF5DDAEFDF7F7FD801B0228F6D9CC
:109C400032E76369A34D83B16B6F43F001036B6728
:109C5000FDF7EAFD06466B6F9B073FF5CDAEFDF7BE
:109C6000E3FD801B0228F6D91EE76B6F23F001038A
:109C70006B67FDF7D9FD06466B6F9F077FF5BCAE9E
:109C8000FDF7D2FD801B0228F6D90DE7A369914D9F
:109C900083B12B6843F480532B60FDF7C5FD064666
:109CA0002B6898043FF5ACAEFDF7BEFD801B022883
:109CB000F6D9F9E62B6823F480532B60FDF7B4FD49
:109CC00006462B6899047FF59BAEFDF7ADFD801B22
:109CD0000228F6D9E8E6FDF7A7FD801B64287FF689
:109CE0009AAEE1E6B3B92B6F41F2883723F0010356
:109CF0002B672B6F23F004032B67FDF795FD0646BA
:109D00002B6F98077FF59EAEFDF78EFD801BB84246
:109D1000F6D9C9E6052B2B6F03D143F004032B675B
:109D200082E623F001032B672B6F23F004037EE60A
:109D3000FDF77AFD401BB8427FF680AEB4E6654D74
:109D40002B6903F03803182B78D02B68022923F0F5
:109D500080732B6065D1FDF767FD06462B6899017E
:109D600059D4AB6AA26A23F47C7323F00303134330
:109D7000E26A43EA0213AB62636BA26B013B013AF6
:109D80005B0212049BB202F4FE021343226B013AFF
:109D9000C2F308021343E26B013A120602F0FE42DC
:109DA00013432B63EB6A23F00103EB626B6BA26C32
:109DB0006FF3CF0343EAC2036B63EB6A226C23F0B9
:109DC0000C031343EB62EB6A626C23F00203134350
:109DD000EB62EB6A43F48033EB62EB6A43F40033EB
:109DE000EB62EB6A43F48023EB62EB6A43F001031E
:109DF000EB622B6843F080732B60FDF715FD354D4A
:109E000004462B689A013FF521AEFDF70DFD001BBE
:109E10000228F6D948E6FDF707FD801B02289DD9E8
:109E200042E6FDF701FD04462B689B017FF50EAE6F
:109E3000FDF7FAFC001B0228F6D935E60129AA6ACB
:109E40002B6B3FF418AE02F00301A06A81427FF44D
:109E500012AEC2F30512E16A8A427FF40CAE226BA5
:109E6000C3F30801013A91427FF405AE626BC3F37C
:109E70004621013A91427FF4FEADA26BC3F3064145
:109E8000013A91427FF4F7ADE26BC3F30663013A06
:109E900093427FF4F0AD6B6BA26CC3F3CC039A4298
:109EA0003FF4D4AD0B4DEB6A23F00103EB62FDF7F9
:109EB000BBFC0646FDF7B8FCB042FBD06B6BA26C56
:109EC0006FF3CF0343EAC2036B63EB6A43F0010312
:109ED000EB62BBE50044025870B5234C88B00E46D7
:109EE0001546D4F8E030F8B943F001034FF4807C14
:109EF00003A9C4F8E030D4F8E030079003F0010380
:109F00000193019B0223CDE903C30323CDE905039C
:109F10001648FEF747FA236923F0FE7343EA060169
:109F20002943216108B070BD43F004034FF400726F
:109F300003210F48C4F8E030D4F8E03003F0040304
:109F40000293029B0223CDE903230023CDE90531CF
:109F500003A90793FEF726FA236923F07E4343EA19
:109F6000060141EAC511DCE700440258000002582E
:109F700000080258494B1A6902F03802102A30B51D
:109F800000F08880182A0CD0002A40F085801A68DA
:109F9000434812F0200F03D01B68C3F3C103D8401D
:109FA00030BD996A9D6ADC6A15F47C7FC5F30510A3
:109FB0005A6BF5D0C2F3CC0204F0010401F00301A6
:109FC00007EE900A6243B7EE006A0129B8EEE77A1D
:109FD00006EE902AFAEEE96A4ED002293ED0002918
:109FE0004AD11A68920627D519682D4AC1F3C101D2
:109FF0001B6BCA40C3F3080307EE902AF8EEE75A3A
:10A00000C5EE877A07EE103AB8EEC77A37EE267AB1
:10A0100037EE067A67EE877A204B1B6BC3F3462335
:10A02000013307EE103AF8EEC76A87EEA67AFCEE27
:10A03000C77A17EE900AB3E71B6BC3F3080307EE6A
:10A04000903AF8EEE77A77EEA67A77EE867A9FED89
:10A05000156AC6EE076A67EEA67ADDE71B6BC3F3E7
:10A06000080307EE903AF8EEE77A77EEA67A77EEF5
:10A07000867A9FED0D6AECE71B6BC3F3080307EECE
:10A08000903AF8EEE77A77EEA67A77EE867A9FED49
:10A09000076ADEE7064883E7064881E7004402587E
:10A0A0000090D0030024744C0024744B0024744AA4
:10A0B0000024F40000093D002DE9F0410D4604465E
:10A0C00010B90120BDE8F081884A136803F00F033E
:10A0D0008B42C0F0938023685F0700F19B801E07CE
:10A0E0000BD583496069CA6902F07002904204D9B5
:10A0F000CA6922F070020243CA61D8060BD57C49B6
:10A10000A069CA6902F4E062904204D9CA6922F4E3
:10A11000E0620243CA6199060BD57549E0690A6A93
:10A1200002F07002904204D90A6A22F070020243DF
:10A130000A629A070BD56E49E0688A6902F00F023D
:10A14000904204D98A6922F00F0202438A61DF0734
:10A150006ED423689E0700F1A18064490A6802F06A
:10A160000F02AA4200F2A880580700F1B180190737
:10A170000BD55F496069CA6902F07002904204D24F
:10A18000CA6922F070020243CA61DA060BD5584947
:10A19000A069CA6902F4E062904204D2CA6922F45A
:10A1A000E0620243CA619B060BD5514AE169136A1A
:10A1B00003F07003994204D2136A23F070030B4337
:10A1C0001362FFF7D7FE4A494A4A8B69C3F3032358
:10A1D000D35C03F01F03D8408B6903F00F03D35CFB
:10A1E000454A03F01F0320FA03F31360434B186042
:10A1F000434BBDE8F041186809F00EB8136823F02E
:10A200000F030B431360136803F00F038B427FF4BB
:10A2100058AF60E7364920698A6902F070029042BF
:10A220007FF65DAF8A6922F0700202438A6156E7C9
:10A230002F4BA1689A6922F470620A439A6161689F
:10A240001A6802291DD112F4003F3FF43AAF1A698F
:10A2500041F28838264F22F007020A431A61FDF7BF
:10A26000E3FA06463B69626803F03803B3EBC20FBA
:10A270003FF46FAFFDF7D8FA801B4045F2D90320B9
:10A2800020E7032902D112F0007FDEE7012902D185
:10A2900012F4807FD9E712F0040FD6E71449E06882
:10A2A0008A6902F00F029042BFF457AF8A6922F028
:10A2B0000F0202438A6150E70A6822F00F022A4324
:10A2C0000A600A6802F00F02AA427FF4FAAE4BE776
:10A2D000074920698A6902F070029042BFF447AFD3
:10A2E0008A6922F0700202438A6140E7002000522E
:10A2F00000440258F0FD03085C00002460000024C4
:10A300003400002408B5FFF735FE0B4A0B4993696A
:10A310009269C3F3032302F00F02CB5C03F01F0327
:10A3200020FA03F3885C064A00F01F0023FA00F0CD
:10A330001060044A136008BD00440258F0FD030891
:10A340005C0000246000002408B5FFF7DBFF054B2C
:10A35000054ADB69C3F30213D35C03F01F03D84043
:10A3600008BD00BF00440258F0FD030808B5FFF720
:10A37000C9FF054B054ADB69C3F30223D35C03F035
:10A380001F03D84008BD00BF00440258F0FD030879
:10A390003F230360114B1A6902F0070242609A6979
:10A3A00002F4706282609A6902F00F02C2609A69D8
:10A3B00002F070020261DA6902F070024261DA6949
:10A3C00002F4E06282611B6A03F07003C361044B14
:10A3D0001B6803F00F030B60704700BF0044025876
:10A3E00000200052F8B5394C06460D46A36A03F02A
:10A3F0000303032B67D0236823F080632360FDF7FA
:10A4000013FA074623681A0149D4A36A326823F471
:10A410007C3343EA0233A362B368F268013B013A3A
:10A420005B0212049BB202F4FE0213437268013A0B
:10A43000C2F3080213433269013A120602F0FE42E7
:10A440001343A363E36A726923F0C0031343E36217
:10A45000E36AB26923F020031343E362E36A23F063
:10A460001003E362E36BF2696FF3CF0343EAC203C5
:10A47000E363E36A43F01003E362E36AB5B943F4CC
:10A480000023E362114C236843F080632360FDF7EF
:10A49000CBF9054623681B010FD5002005E0FDF729
:10A4A000C3F9C01B0228ADD90320F8BD012D0CBF94
:10A4B00043F4801343F40013E3E7FDF7B5F9401BC1
:10A4C0000228E7D9F0E70120EFE700BF0044025877
:10A4D000F8B5394C06460D46A36A03F00303032B77
:10A4E00067D0236823F080532360FDF79DF907466A
:10A4F00023689A0049D4A36A326823F07C7343EA44
:10A500000253A362B368F268013B013A5B02120492
:10A510009BB202F4FE0213437268013AC2F30802CE
:10A5200013433269013A120602F0FE4213432364D8
:10A53000E36A726923F440631343E362E36AB26936
:10A5400023F400731343E362E36A23F48073E3624A
:10A55000636CF2696FF3CF0343EAC2036364E36A97
:10A5600043F48073E362E36AB5B943F48003E362C2
:10A57000114C236843F080532360FDF755F90546DD
:10A5800023689B000FD5002005E0FDF74DF9C01BA7
:10A590000228ADD90320F8BD012D0CBF43F4000300
:10A5A00043F08073E3E7FDF73FF9401B0228E7D94A
:10A5B000F0E70120EFE700BF004402582DE9F8431F
:10A5C000036805461C011ED5C36EB3F5001F2AD0D3
:10A5D0000FD8D3B1B3F5801F1DD001262B68D80545
:10A5E0004FD5EB6D042B4BD8DFE803F0223D442719
:10A5F0002700B3F5401FF0D1864AE96E136D23F4AE
:10A6000040130B4313650026E8E7824AD36A43F4FC
:10A610000033D362F0E702210830FFF7E3FE06467D
:10A620000028DBD1E8E702212830FFF751FFF6E7E9
:10A63000784AD36A43F40033D36234461CBB754A6C
:10A64000E96D136D23F007030B4313652B68990520
:10A6500028D52B6E802B43D017D8A3B3402B38D0EE
:10A66000012634461EE0002105F10800FFF7BAFE7E
:10A670000446E3E7002105F12800FFF729FFF7E78B
:10A6800001263446E2E72646E0E7C02B02D0B3F5C8
:10A69000807FE5D154BB5F4A296E136D23F4E073CC
:10A6A0000B4313652B685A0531D5D5F8AC30B3F59B
:10A6B000800F49D01CD8002B39D0B3F5001F3CD0F7
:10A6C0000126344623E0534AD36A43F40033D3626D
:10A6D000E0E7002105F10800FFF784FE0446D9E712
:10A6E000002105F12800FFF7F3FEF7E72646D9E73A
:10A6F000B3F5C00F02D0B3F5000FE1D154BB454A0A
:10A70000D5F8AC10936D23F460030B4393652B686D
:10A710001B0530D5D5F8B030B3F1007F45D01BD83C
:10A72000B3B3B3F1807F39D00126344623E0394AF0
:10A73000D36A43F40033D362E0E7002105F1080057
:10A74000FFF750FE0446D9E7002105F12800FFF786
:10A75000BFFEF7E72646DAE7B3F1407F02D0B3F158
:10A76000806FE1D13CBB2B4AD5F8B010936D23F03C
:10A77000E0630B4393652B689F0128D5EB6C202B7E
:10A780003ED01AD8DBB1102B34D0012634461EE05F
:10A79000204AD36A43F40033D362E3E7002105F192
:10A7A0000800FFF71FFE0446DCE7002105F1280042
:10A7B000FFF78EFEF7E72646DDE7302BE5D134BB09
:10A7C000144AE96CD36C23F030030B43D3642B6839
:10A7D000D80430D56B6EB3F5005F00F095801BD8C0
:10A7E000002B00F08480B3F5805F00F086800126A6
:10A7F000344620E0074AD36A43F40033D362DEE7ED
:10A80000022105F10800FFF7EDFD0446D7E72646D3
:10A81000DDE700BF00440258B3F5405F02D0B3F556
:10A82000804FE4D1002C75D1934A696E136D23F4E7
:10A83000E0430B4313652B6899040CD5AB6EB3F55D
:10A84000003F00F0818067D8002B6DD0B3F5803FCA
:10A8500073D0012634462B685A040ED5D5F8B4308F
:10A86000B3F1005F00F0918076D8002B7CD0B3F17B
:10A87000805F00F08380012634462B685B0115D58C
:10A880002B6D4BB1B3F5807F40F08780012105F13E
:10A890000800FFF7A7FD0446002C40F08180764AAF
:10A8A000296DD36C23F480730B43D3642B681F048E
:10A8B00011D56B6FB3F1805F74D0B3F1005F77D0C7
:10A8C000002B7CD1002C7DD16B4A696F136D23F076
:10A8D00040530B4313652B68D80140F18380AB6C68
:10A8E000032B00F2C480DFE803F0746FBB74624A8C
:10A8F000D36A43F40033D36294E7002105F10800E2
:10A90000FFF770FD04468DE7002105F12800FFF7F1
:10A91000DFFDF7E726468EE723F48032B2F5802F7D
:10A9200002D0B3F5403F94D1A4B9534AA96E136D38
:10A9300023F4E0230B4313658DE7012105F10800A3
:10A94000FFF750FD0446EFE7012105F12800FFF76E
:10A95000BFFDF7E726467EE723F08052B2F1804F35
:10A9600002D0B3F1405F86D1ACB9434AD5F8B410F8
:10A97000936D23F0E0430B4393657EE7012105F1DE
:10A980000800FFF72FFD0446EEE7012105F128003E
:10A99000FFF79EFDF7E726466FE70126344685E779
:10A9A000264683E7344AD36A43F40033D36289E707
:10A9B000012105F10800FFF715FD044682E7012695
:10A9C000344688E7264686E72B4AD36A43F40033A9
:10A9D000D362002C4ED1284AA96CD36C23F0030318
:10A9E0000B43D3642B68590254D5244F3B6843F47E
:10A9F00080733B60FCF718FF80463B68DA0541D561
:10AA0000002C74D11C4BD5F8B8001A6F424012F4D8
:10AA1000407F0BD01A6F196F22F4407241F48031DD
:10AA20001967196F21F4803119671A67B0F5807FB3
:10AA300048D0D5F8B830104903F44072B2F5407FE1
:10AA400051D108690E4A20F47C5002EA13120243E5
:10AA50000A61C3F30B03084A116F0B43136719E034
:10AA6000022105F10800FFF7BDFC0446B1E701260D
:10AA70003446B7E72646B5E7004402580048025876
:10AA8000CFFFFF00FCF7D0FEA0EB08006428B4D98C
:10AA9000032634462B68D80709D5D5F88030102B0B
:10AAA0003ED026D85BB3082B33D0012634462B6822
:10AAB00099074BD5EB6F052B5ED8DFE803F03F39E4
:10AAC000573F3F3FFCF7B0FEDFF8B880074641F242
:10AAD0008839D8F870309B07ABD4FCF7A5FEC01BB3
:10AAE0004845F6D9D4E70A6922F47C52B0E72646F5
:10AAF000D0E723F00802202A01D0182BD5D1ACB919
:10AB0000204AD5F88010536D23F038030B4353656A
:10AB1000CDE7012105F10800FFF764FC0446EEE7EC
:10AB2000012105F12800FFF7D3FCF7E72646BEE731
:10AB3000012105F10800FFF755FC0446FCB9114A54
:10AB4000E96F536D23F007030B4353652B685A07D6
:10AB50002BD5D5F89830052B00F26E81DFE813F085
:10AB60001A00140066011A001A001A00012105F1EA
:10AB70002800FFF7ADFCE0E701263446E6E726466D
:10AB8000E4E700BF00440258012105F10800FFF787
:10AB900029FC0446002C40F05281AA4AD5F89810AE
:10ABA000936D23F007030B4393652B689B0610D529
:10ABB000D5F89430B3F1005F00F0608100F2448179
:10ABC000002B00F04A81B3F1805F00F05081012634
:10ABD00034462B685F0610D5D5F8A030B3F5006F6A
:10ABE00000F06E8100F25281002B00F05881B3F525
:10ABF000806F00F05E81012634462B68180610D560
:10AC0000D5F8A430B3F5804F00F07C8100F260816C
:10AC1000002B00F06681B3F5005F00F06C81012627
:10AC200034462B68190714D5D5F88830B3F5805F02
:10AC300007D1022105F12800FFF74AFC002818BFC0
:10AC40000126804AD5F88810536D23F440530B43F6
:10AC500053652B68DA0614D5D5F89C30B3F5807FA0
:10AC600007D1022105F12800FFF732FC002818BFA8
:10AC70000126744AD5F89C10936D23F440730B435E
:10AC800093652B681B031BD5D5F8A810B1F5803F41
:10AC900000F04081B1F5003F07D0002940F040812D
:10ACA00005F10800FFF79EFB0446002C40F03B81B5
:10ACB000644AD5F8A810936D23F440330B43936591
:10ACC0002B685F030FD5D5F88C30B3F5001F00F06B
:10ACD0003B81B3F5401F00F02D81B3F5801F00F0DC
:10ACE0002481012634462B68D80309D56B6D002BCF
:10ACF00000F03381B3F5803F00F03D8101263446FA
:10AD00002B68990007D5022105F12800FFF7E0FB29
:10AD1000002818BF0126D5E900319A0340F143818C
:10AD2000D5F88400B0F5807F00F03F8100F22C81DF
:10AD3000002800F02F810124DF0206D54148AE6FC4
:10AD4000026D22F0004232430265DE0007D53D4825
:10AD5000D5F8BC60026922F4804232430261980255
:10AD600006D538482E6F026D22F08072324302659C
:10AD70005A0009D5334A106920F400401061106967
:10AD8000D5F8C06030431061002B06DA2D48AE6D57
:10AD9000C26C22F040523243C2641F0207D5294AD6
:10ADA000D5F89000536D23F4400303435365CE0759
:10ADB00006D5002105F10800FFF714FB074600B98E
:10ADC00027466B689C0706D5012105F10800FFF7AF
:10ADD00009FB064600B93E466B68580706D50221B6
:10ADE00005F10800FFF7FEFA044600B934466B6827
:10ADF000190706D5002105F12800FFF769FB064673
:10AE000000B926466B68DA0606D5012105F128004F
:10AE1000FFF75EFB044600B934466B689B0600F101
:10AE2000CA80201E18BF0120BDE8F883012105F16A
:10AE30002800FFF74DFBACE601263446B5E6264672
:10AE4000B3E600BF0044025823F08052B2F1804FB5
:10AE500003D0B3F1405F7FF4BAAEACB95B4AD5F82A
:10AE60009410536D23F0E0430B435365B1E600218A
:10AE700005F10800FFF7B6FA0446EEE7022105F1F6
:10AE80002800FFF725FBF7E72646A2E623F48062B9
:10AE9000B2F5805F03D0B3F5406F7FF4ACAEACB9D0
:10AEA0004A4AD5F8A010936D23F4E0530B43936501
:10AEB000A3E6002105F10800FFF794FA0446EEE747
:10AEC000022105F12800FFF703FBF7E7264694E689
:10AED00023F40052B2F5004F03D0B3F5C04F7FF416
:10AEE0009EAEACB9394AD5F8A410936D23F46043F3
:10AEF0000B43936595E6002105F10800FFF772FA10
:10AF00000446EEE7022105F12800FFF7E1FAF7E732
:10AF1000264686E6022105F12800FFF7D9FAC3E6A6
:10AF200001263446CCE62646CAE6284AD36A43F4CC
:10AF30000033D3627CB9254AD5F88C10536D23F4C5
:10AF400040130B435365CEE6012105F12800FFF7BE
:10AF5000BFFA0446EEE72646C5E61C4AD36A43F428
:10AF60000033D36274B9194A696DD36C23F480330A
:10AF70000B43D364C4E6022105F10800FFF732FA5F
:10AF80000446EFE72646BBE620F48072B2F5007F68
:10AF90007FF4D1AE002C7FF4CFAE0C4C626D22F466
:10AFA0004072024362653446C6E6084FFA6A42F4CC
:10AFB0000032FA62EEE7022105F12800FFF788FA75
:10AFC00000283FF42EAF01202EE700BF00440258B6
:10AFD00008B5FFF797F9054B054A1B6AC3F302133F
:10AFE000D35C03F01F03D84008BD00BF00440258E3
:10AFF000F0FD03084F4970B58C6A8E6ACD6A16F46D
:10B000007C3FC6F30533CA6B00F0908007EE903AA0
:10B01000C2F3CC03C5F3001204F00304B8EEE77AE0
:10B020005343012CB7EE006A06EE903AFAEEE96A55
:10B030006ED0022C5ED0002C6AD10B689B0647D5DF
:10B040000A688B6BC2F3C1013B4AC3F30803CA40D1
:10B0500007EE902AF8EEE75AC5EE877A07EE103A27
:10B06000B8EEC77A37EE267A37EE067A67EE877A39
:10B07000304A936BC3F3462307EE103AB8EEC77A13
:10B0800037EE067AC7EE876AFCEEE66AC0ED006A24
:10B09000936BC3F3064307EE103AB8EEC77A37EE68
:10B0A000067AC7EE876AFCEEE66AC0ED016A936B2A
:10B0B000C3F3066306EE903AF8EEE66A76EE866A29
:10B0C00087EEA67AFCEEC77A17EE903A836070BDE1
:10B0D0008B6BDFED1A5AC3F3080307EE903AF8EED4
:10B0E000E77A77EEA67A77EE867AC5EE876A67EE1C
:10B0F000A67ABDE78B6BDFED125AC3F3080307EEA8
:10B10000903AF8EEE77A77EEA67A77EE867AECE771
:10B110008B6BDFED0C5AC3F3080307EE903AF8EEA1
:10B12000E77A77EEA67A77EE867ADEE7C0E9003333
:10B13000CCE700BF004402580090D0030024744CB8
:10B140000024744B0024744A4F4970B58C6A8E6A8F
:10B15000CD6A16F07C7FC6F305534A6C00F09080F0
:10B1600007EE903AC2F3CC03C5F3002204F00304C7
:10B17000B8EEE77A5343012CB7EE006A06EE903A38
:10B18000FAEEE96A6ED0022C5ED0002C6AD10B6810
:10B190009B0647D50A680B6CC2F3C1013B4AC3F357
:10B1A0000803CA4007EE902AF8EEE75AC5EE877A00
:10B1B00007EE103AB8EEC77A37EE267A37EE067AFF
:10B1C00067EE877A304A136CC3F3462307EE103AD2
:10B1D000B8EEC77A37EE067AC7EE876AFCEEE66A03
:10B1E000C0ED006A136CC3F3064307EE103AB8EEE5
:10B1F000C77A37EE067AC7EE876AFCEEE66AC0EDDC
:10B20000016A136CC3F3066306EE903AF8EEE66A41
:10B2100076EE866A87EEA67AFCEEC77A17EE903A4B
:10B22000836070BD0B6CDFED1A5AC3F3080307EEA1
:10B23000903AF8EEE77A77EEA67A77EE867AC5EE60
:10B24000876A67EEA67ABDE70B6CDFED125AC3F38F
:10B25000080307EE903AF8EEE77A77EEA67A77EEF3
:10B26000867AECE70B6CDFED0C5AC3F3080307EEAC
:10B27000903AF8EEE77A77EEA67A77EE867ADEE70E
:10B28000C0E90033CCE700BF004402580090D0036F
:10B290000024744C0024744B0024744A4F4970B548
:10B2A0008C6A8E6ACD6A16F47C7FC6F305134A6BEE
:10B2B00000F0908007EE903AC2F3CC0305F0010253
:10B2C00004F00304B8EEE77A5343012CB7EE006AAA
:10B2D00006EE903AFAEEE96A4ED0022C5ED0002CCF
:10B2E0006AD10B689B0667D50A680B6BC2F3C10174
:10B2F0003B4AC3F30803CA4007EE902AF8EEE75A28
:10B30000C5EE877A07EE103AB8EEC77A37EE267A9E
:10B3100037EE067A67EE877A304A136BC3F346231B
:10B3200007EE103AB8EEC77A37EE067AC7EE876AAC
:10B33000FCEEE66AC0ED006A136BC3F3064307EE4A
:10B34000103AB8EEC77A37EE067AC7EE876AFCEE97
:10B35000E66AC0ED016A136BC3F3066306EE903A2A
:10B36000F8EEE66A76EE866A87EEA67AFCEEC77A93
:10B3700017EE903A836070BD0B6BDFED1A5AC3F382
:10B38000080307EE903AF8EEE77A77EEA67A77EEC2
:10B39000867AC5EE876A67EEA67ABDE70B6BDFEDAE
:10B3A000125AC3F3080307EE903AF8EEE77A77EE05
:10B3B000A67A77EE867AECE70B6BDFED0C5AC3F3D7
:10B3C000080307EE903AF8EEE77A77EEA67A77EE82
:10B3D000867ADEE7C0E90033CCE700BF00440258BC
:10B3E0000090D0030024744A0024744B0024744C51
:10B3F0001FB5A0F580730B4315D19D4B1A6D02F05C
:10B400000702042A2DD8DFE812F01C00E100050035
:10B4100051014100186810F0005000F0DF8001A8D1
:10B42000FFF792FED9E0A0F500730B431BD1904BC0
:10B430001A6D02F4E072802AECD00CD8002A40F099
:10B44000C580186810F0007000F0C88001A8FFF7F0
:10B4500025FF0298C2E0C02A00F02881B2F5807F63
:10B4600014D00020BAE0A0F580630B432ED1804BAE
:10B470009A6D02F46002B2F5800FCBD0DED9B2F53E
:10B48000C00F00F01381B2F5000FE9E7DA6C19681C
:10B4900002F04052480706D52AB91B68C3F3C1031E
:10B4A0007448D8409AE0724B1968C90503D5B2F1C7
:10B4B000805F00F0FD80186810F4003000F08E808E
:10B4C000B2F1005F6C4818BF002087E0A0F5006370
:10B4D0000B431FD1664B9A6D02F0E062B2F1007F20
:10B4E00098D0ABD9B2F1407F00F0E080B2F1806F2C
:10B4F000B7D1DA6C196802F040521B68480701D5D1
:10B50000002ACBD0D90503D5B2F1805F00F0D080FE
:10B51000574BD0E7A0F580530B430FD1544B1A6D16
:10B5200002F4E042B2F5005F3FF474AF86D9B2F5A1
:10B53000405F00F0BB80B2F5804FD9E7A0F5005323
:10B540000B4332D14A4A136D03F4E023B3F5403F75
:10B5500000F081800DD8B3F5803F16D0B3F5003FE1
:10B560001BD0002B7FF47DAF05B05DF804EBFEF738
:10B57000EBBEB3F5802F74D0B3F5A02F7FF471AF7D
:10B5800010683D4B10F400306FE0106810F0006060
:10B5900024D001A8FFF72EFD5BE7106810F00050E3
:10B5A0001CD001A8FFF7D0FD53E7A0F500230B4303
:10B5B00020D12F4B9A6D02F44032B2F5803F10D06B
:10B5C000B2F5003F95D0002A7FF44BAF186810F019
:10B5D000006003D001A8FFF70DFD019805B05DF8EC
:10B5E00004FB186810F00050F8D001A8FFF7ACFD7C
:10B5F0000398F3E7A0F580330B430CD11C4BDA6CB6
:10B60000D2037FF51EAF186810F00060E6D001A8E5
:10B61000FFF7F0FCECE7A0F580430B4330D1144A70
:10B62000936D03F0E043B3F1405F14D00DD8B3F154
:10B63000805FAAD0B3F1005FAFD0002B7FF411AFD1
:10B6400005B05DF804EBFFF7C3BCB3F1804F08D041
:10B65000B3F1A04F92E7106810F00400BED0136859
:10B660001CE71068054B10F4807018BF1846B5E74A
:10B67000004402580090D0030024F40000093D006B
:10B68000A0F5004008437FF4ECAE0A4A136D03F0C6
:10B690004053B3F1805F07D0B3F1005F3FF475AF63
:10B6A000002B7FF4DEAE6BE71068CBE6024895E72F
:10B6B000024893E7004402580080BB0000093D00A7
:10B6C00038B50D460446F0B190F82C3003F0FF0277
:10B6D0001BB980F82D2006F001F80223211D2068F7
:10B6E00084F82C3004F09EFE62682946206804F03D
:10B6F000CFFE064A0020136843F000431360012385
:10B7000084F82C3038BD0120FCE700BF0040005217
:10B7100070B590F82C3005460E46022BD8B210D0EA
:10B7200000F0FB04012C10D10223286885F82C308E
:10B7300004F0E4FE3368022B04D1052385F82C3095
:10B74000002070BD85F82C40FAE70120F9E738B5F4
:10B7500090F82C300446022BD8B20DD094F82C303F
:10B76000012BDDB209D10223206884F82C3004F0CB
:10B77000D7FE002084F82C5038BD0120FCE738B5F6
:10B7800090F82C300446022BD8B20DD094F82C300F
:10B79000012BDDB209D10223206884F82C3004F09B
:10B7A000C7FE002084F82C5038BD0120FCE70000C3
:10B7B000036A026A23F0020322F0010270B50262FA
:10B7C000446882690D6822F4803222F073022A43B1
:10B7D0008D682B43124DA8420FD005F58065A84215
:10B7E0000BD005F57055A84207D005F58065A84235
:10B7F00003D005F58065A8420BD1CD6823F008037E
:10B800002B4324F44075D1E9054623F00403344367
:10B810002C43446082614A684263036270BD00BF8A
:10B8200000000140036A026A23F4007322F480726C
:10B8300070B502624468C2690D6822F4803222F059
:10B8400073022A438D6843EA0523144DA8420FD0A2
:10B8500005F58065A8420BD005F57055A8420FD1BB
:10B8600024F44055D1E90546344345EA04140EE07A
:10B8700023F40063CD6843EA052323F48063EFE7F4
:10B88000074DA842ECD005F58065A842E8D0446099
:10B89000C2614A68C263036270BD00BF000001401C
:10B8A00000440140036A026A23F4005322F48052E8
:10B8B00030B502624468C2690D6822F0807222F4D9
:10B8C000E64242EA05228D6843EA05330E4DA8425E
:10B8D0000FD005F58065A8420BD005F57055A8423C
:10B8E00007D005F58065A84203D005F58065A8421C
:10B8F00004D124F480444D6944EA85144460C26153
:10B900004A680264036230BD00000140036A026AB3
:10B9100023F4003322F4803230B502624468426D71
:10B920000D6822F4803222F070022A438D6843EAC7
:10B9300005430F4DA8420FD005F58065A8420BD0F6
:10B9400005F57055A84207D005F58065A84203D0DB
:10B9500005F58065A84204D124F480344D6944EA99
:10B960000524446042654A688265036230BD00BFB9
:10B9700000000140036A026A23F4001322F48012DB
:10B9800030B502624468426D0D6822F0807222F484
:10B99000E04242EA05228D6843EA05530E4DA84273
:10B9A0000FD005F58065A8420BD005F57055A8426B
:10B9B00007D005F58065A84203D005F58065A8424B
:10B9C00004D124F480244D6944EA8524446042650E
:10B9D0004A68C265036230BD0000014090F83D3006
:10B9E000012B33D1022380F83D300368DA6842F03E
:10B9F0000102DA60164A93421AD0B3F1804F17D091
:10BA0000A2F57C42934213D002F5806293420FD09C
:10BA100002F5806293420BD002F57842934207D040
:10BA2000A2F56C42934203D002F59432934207D1BF
:10BA30009968084A0A40062A06D0B2F5803F03D02A
:10BA40001A6842F001021A60002070470120704716
:10BA500000000140070001007047704770477047C1
:10BA60007047036870B5DD6804461E69B2070DD5DE
:10BA7000A9070BD56FF002021A61012202779B69B8
:10BA80009A0775D0FFF7EAFF00232377730710D5D5
:10BA900068070ED523686FF0040220461A6102225F
:10BAA00022779B6913F4407F68D0FFF7D7FF00230C
:10BAB000237731070FD52A070DD523686FF00802C9
:10BAC00020461A6104222277DB699B075CD0FFF7CE
:10BAD000C5FF00232377F10610D5EA060ED52368AB
:10BAE0006FF0100220461A6108222277DB6913F4F6
:10BAF000407F4FD0FFF7B2FF00232377F30708D52D
:10BB0000E80706D523686FF0010220461A6104F0A9
:10BB100037FE16F4025F08D0290606D523686FF4B5
:10BB2000025220461A6100F03CFBF20508D52B06B4
:10BB300006D523686FF4807220461A6100F032FB4C
:10BB4000700608D5690606D523686FF040022046C6
:10BB50001A61FFF785FFB20622D5AB0620D5236810
:10BB60006FF0200220461A61BDE8704000F018BB5B
:10BB7000FFF773FF2046FFF772FF85E7FFF76DFFC2
:10BB80002046FFF76CFF92E7FFF767FF2046FFF7BD
:10BB900066FF9EE7FFF761FF2046FFF760FFABE718
:10BBA00070BD0000274A0368904212D0B0F1804F68
:10BBB0000FD0A2F57C4290420BD002F580629042F9
:10BBC00007D002F58062904203D002F5784290429D
:10BBD00008D123F070034A68134323F44073CA6802
:10BBE00013430AE0184A9042F7D002F5806290426F
:10BBF000F3D002F580629042EFD04A6923F08003CF
:10BC000013438A68C2620A6882620E4A90420FD069
:10BC100002F5806290420BD002F57052904207D03C
:10BC200002F58062904203D002F58062904201D119
:10BC30000A690263026842F0040202600122426162
:10BC400003607047000001400040014010B5044609
:10BC500050B390F83D3003F0FF021BB980F83C2050
:10BC600006F0EEFE02232068211D84F83D30FFF728
:10BC700099FF0123002084F8483084F83E3084F88E
:10BC80003F3084F8403084F8413084F8423084F802
:10BC9000433084F8443084F8453084F8463084F8E2
:10BCA000473084F83D3010BD0120FCE710B5044654
:10BCB00050B390F83D3003F0FF021BB980F83C20F0
:10BCC000FFF7CAFE02232068211D84F83D30FFF7EC
:10BCD00069FF0123002084F8483084F83E3084F85E
:10BCE0003F3084F8403084F8413084F8423084F8A2
:10BCF000433084F8443084F8453084F8463084F882
:10BD0000473084F83D3010BD0120FCE710B50446F3
:10BD100050B390F83D3003F0FF021BB980F83C208F
:10BD200006F050FE02232068211D84F83D30FFF705
:10BD300039FF0123002084F8483084F83E3084F82D
:10BD40003F3084F8403084F8413084F8423084F841
:10BD5000433084F8443084F8453084F8463084F821
:10BD6000473084F83D3010BD0120FCE7036A026AC9
:10BD700023F0200322F0100270B502624468826949
:10BD80000D6822F0807222F4E64242EA05228D68B4
:10BD900043EA0513134DA8420FD005F58065A8426C
:10BDA0000BD005F57055A8420FD124F44065D1E9B8
:10BDB0000546344345EA84040EE023F08003CD6851
:10BDC00043EA051323F04003EFE7074DA842ECD008
:10BDD00005F58065A842E8D0446082614A688263C4
:10BDE000036270BD000001400044014010B590F8AE
:10BDF0003C300446012B29D00C2A1FD009D8042A34
:10BE000014D0082A16D062B10120002384F83C30F7
:10BE100010BD102A16D0142AF6D10068FFF7AAFD2B
:10BE200002E00068FFF7C4FC0020EEE70068FFF7BF
:10BE30009DFFF9E70068FFF7F5FCF5E70068FFF7FD
:10BE400031FDF1E70068FFF761FDEDE70220DFE774
:10BE500038B590F83C300446012B73D001200C2AF1
:10BE600084F83C004ED008D8042A2BD0082A39D0B8
:10BE7000BAB1002384F83C3038BD102A52D0142ABD
:10BE8000F7D12068FFF776FD0A69436D43F400633C
:10BE90004365436D23F480634365436D43EA0223A6
:10BEA0004EE02068FFF784FC0A69836943F00803C9
:10BEB0008361836923F0040383618369134383618E
:10BEC0000020D6E72068FFF751FF0A69836943F431
:10BED00000638361836923F480638361836943EA38
:10BEE0000223ECE72068FFF79DFC0A69C36943F071
:10BEF0000803C361C36923F00403C361C369134327
:10BF0000C361DDE72068FFF7CDFC0A69C36943F42C
:10BF10000063C361C36923F48063C361C36943EAF7
:10BF20000223EDE72068FFF7F1FC0A69436D43F057
:10BF300008034365436D23F004034365436D1343D6
:10BF40004365BDE7022097E710B501F01F0101240A
:10BF5000036A8C408A4023EA04030362036A1A439B
:10BF6000026210BD082908B518D005D859B10429B6
:10BF700011D090F8433008E00C2912D01029F8D1E4
:10BF800090F8423001E090F83E30013B18BF0123A9
:10BF900053B1012041E090F83F30F6E790F840308F
:10BFA000F3E790F84130F0E708294FF0020338D06A
:10BFB00006D861B1042931D0022380F8433008E06B
:10BFC0000C2931D01029F7D180F8423001E080F8F7
:10BFD0003E3000680122FFF7B7FF244B98420FD094
:10BFE00003F5806398420BD003F57053984207D055
:10BFF00003F58063984203D003F58063984216D11D
:10C00000436C43F400434364184B984227D1826841
:10C01000174B1340062B1AD1002008BD80F83F3083
:10C02000D7E780F84030D4E780F84130D1E7B0F16D
:10C03000804FECD00F4B9842E9D003F580639842D3
:10C04000E5D003F580639842E1D00B4B0BE0B3F5EC
:10C05000803FE1D0036843F001030360DCE7074B56
:10C060009842D4D0064B9842D1D0F3E7000001406B
:10C0700007000100000400400018004000040140D7
:10C0800000400140FFF76EBF70B590F83C300446A9
:10C090000220012B3BD023681D4D84F83D00AB42AC
:10C0A0005A68986802D01B4EB34203D122F4700242
:10C0B0004E6832430E6822F07002AB4242EA06023A
:10C0C0005A6019D0B3F1804F16D0134A934213D05F
:10C0D00002F5806293420FD002F5806293420BD04A
:10C0E00002F57842934207D0A2F56C42934203D006
:10C0F00002F59432934204D1896820F080020A4309
:10C100009A600123002084F83D3084F83C0070BD23
:10C1100000000140000401400004004010B590F808
:10C120003C300246012B37D0CB68886823F440733B
:10C130001A4C0343486823F480630343086823F4DC
:10C1400000630343086923F480530343486923F4DD
:10C1500000530343886A23F480430343886923F42C
:10C16000702343EA00431068A04203D004F58064C2
:10C17000A0420CD14C6A23F4700343EA0453CC6907
:10C18000096A23F08073234323F000730B43436455
:10C19000002082F83C0010BD0220FCE700000140B6
:10C1A000704770477047000010B5026852E8003FC2
:10C1B00023F4907342E8003102680029F5D10F4C56
:10C1C00002F1080353E8003F234002F1080C4CE859
:10C1D00000310029F4D1C36E012B07D152E8003F92
:10C1E00023F0100342E800310029F7D12023C0F8E2
:10C1F0008C300023C366436710BD00BFFEFFFFEF16
:10C200000268C369816830B504460069156887B063
:10C21000014360690143A548194328400143E06890
:10C220001160516821F440510143A0695160A04957
:10C230008A421CBF216A0843916821F06E4121F4B3
:10C2400030610143606A9160D16A21F00F010143BE
:10C25000D16298498A4212D1974A526D02F038024F
:10C26000182A00F001813BD8082A00F0F580102A36
:10C2700000F03A81002A00F0E98001206AE08F494D
:10C280008A420DD18C4A526D02F00702052AF4D879
:10C29000DFE812F07E00E2002A01EA0007012B002D
:10C2A00087498A42EED087498A42EBD086498A4242
:10C2B000E8D086498A42CFD085498A42E2D0854972
:10C2C0008A42DFD07A4B9A42D7D17B4A936D03F0F2
:10C2D0000703052BD1D8DFE803F038454A4F590F43
:10C2E000202A00F0DE80282AC7D1B3F5004F00F0E5
:10C2F0008A804FF40040C4E04FF40040764B626AFD
:10C30000656833F8122005EB4501B0FBF2F3994262
:10C31000B3D8B3EB053FB0D800231946F4F766FD58
:10C320002A4609026B0841EA10610002C0184FF06A
:10C33000000341F10001F4F759FD684BA0F540728C
:10C340009A429AD82368D86003E0FEF741FE00289D
:10C35000D4D100204FF00113A3660023C4E91D339C
:10C3600007B030BD6846FEF745FE0198EFE703A829
:10C37000FEF7EAFE0498EAE71368594813F0200F25
:10C38000BCD01368C3F3C103D840B7E75548B5E73D
:10C39000B3F5004F55D10023082B3FF66EAF01A235
:10C3A00052F823F0D1C30008DDC300087BC20008A7
:10C3B0007BC20008E3C300087BC200087BC2000800
:10C3C0007BC20008EDC300080423E5E70823E3E788
:10C3D000FDF7BAFF0346002BBBD014E0FDF7C6FF04
:10C3E000F8E76846FEF706FE019BF4E703A8FEF7B0
:10C3F000ABFE049BEFE713F0200F394B03D012681C
:10C40000C2F3C102D340606A334A616832F8102037
:10C41000B3FBF2F34A0802EB43034FF6EF72B3FBB0
:10C42000F1F3A3F1100191423FF627AF23F00F0281
:10C43000C3F34203216892B21343CB6089E7294BCF
:10C44000E1E7FDF781FF002883D01AE0B3F5004F44
:10C45000C4D0FDF78BFFF6E7B3F5004FB4D06846C4
:10C46000FEF7C8FD0198EEE7B3F5004F124A1368D6
:10C47000C1D013F0200F1A4803D01368C3F3C103CF
:10C48000D840616A144A636832F81120B0FBF2F0B8
:10C4900000EB5300B0FBF3F04FF6EF73A0F1100286
:10C4A0004EE7B3F5004FCAD00E48EAE7F369FFCF75
:10C4B000000C0058001001400044025800440040A5
:10C4C00000480040004C0040005000400014014073
:10C4D00000780040007C0040A8FA0308FFFC0F0031
:10C4E0000090D00300093D00B3F5004F3FF46EAF5C
:10C4F00003A8FEF729FE0498A5E700BF836A1A0780
:10C5000010B506D50168846B4A6822F400422243C4
:10C510004A60DC0706D50168C46A4A6822F4003222
:10C5200022434A60990706D50168046B4A6822F4E1
:10C53000803222434A605A0706D50168446B4A6834
:10C5400022F4802222434A60DC0606D50168C46BCF
:10C550008A6822F4805222438A60990606D50168CF
:10C56000046C8A6822F4005222438A605A0610D56D
:10C570000168446C4A68B4F5801F22F4801242EAD4
:10C5800004024A6005D14A68846C22F4C002224346
:10C590004A601B0606D50268C16C536823F4002369
:10C5A0000B43536010BD2DE9F843DDF8209004469D
:10C5B0000D46174698462268D36935EA03030CBF37
:10C5C00001230023BB4201D0002022E0B9F1FF3F4C
:10C5D000F2D0FBF729F9A0EB0800484529D8B9F1BA
:10C5E000000F26D021680B685A07E4D5802DE2D0D1
:10C5F000402DE0D0CE6916F008060CD00825204664
:10C600000D62FFF7D1FD00230120C4F8905084F89B
:10C610008430BDE8F883CB691B05CCD54FF40063AB
:10C6200020460B62FFF7C0FD202384F88460C4F825
:10C6300090300320EDE773B500260446C0F8906003
:10C64000FBF7F2F8236805461B681A071CD56FF044
:10C650007E4332464FF40011009303462046FFF715
:10C66000A2FF88B1226852E8003F23F0800342E82D
:10C6700000310029F6D12023C4F88830032000239C
:10C6800084F8843002B070BD23681B685B0724D532
:10C690006FF07E4300224FF48001204600932B462A
:10C6A000FFF781FFC8B1226852E8003F23F490737E
:10C6B00042E8003122680029F5D102F1080353E86D
:10C6C000003F23F0010302F1080040E80031002997
:10C6D000F3D12023C4F88C30D0E720230020C4F805
:10C6E0008830C4F88C30E0662067C8E710B504468F
:10C6F00050B3D0F888301BB980F8843006F056FC6F
:10C7000024232268C4F88830136823F001031360DF
:10C71000A36A13B12046FFF7F1FE2046FFF770FD34
:10C72000012811D0236820465A6822F490425A60AA
:10C730009A6822F02A029A601A6842F00102BDE863
:10C7400010401A60FFF777BF012010BD436E30B56F
:10C750002BB90123A0F86A30A0F8683030BD036817
:10C76000094D9A689968094CC2F34262490F6B5CA3
:10C77000615C1B01B3FBF1F3A0F86A30AB5CA25C17
:10C780001B01B3FBF2F3E7E7C8FA0308C0FA03089A
:10C79000F8B50F4616461D460446002833D0D0F89B
:10C7A00088301BB980F8843006F000FC242322680E
:10C7B000C4F88830136823F001031360A36A13B12F
:10C7C0002046FFF79BFE2046FFF71AFD01281AD0EE
:10C7D00023682D049A6845EA465542F480429A60DF
:10C7E000986820F400403843986020461A686FF338
:10C7F000194215431D601A6842F001021A60BDE833
:10C80000F840FFF718BF0120F8BD90F88430012BE5
:10C8100014D002682423C0F888301168136821F00E
:10C82000005123F0010313600023436611602022AE
:10C8300080F88430C0F8882018467047022070477E
:10C8400070B590F884300446012B17D00568242376
:10C85000C0F888302E682B6823F001032B60AB688A
:10C8600023F060431943A960FFF770FF20232E6077
:10C87000C0F88830002084F8840070BD0220FCE7F6
:10C8800070B590F884300446012B17D00568242336
:10C89000C0F888302E682B6823F001032B60AB684A
:10C8A00023F060631943A960FFF750FF20232E6037
:10C8B000C0F88830002084F8840070BD0220FCE7B6
:10C8C00010B590F8D4330446012B09D0012380F829
:10C8D000D433006803F050FA002084F8D40310BD6C
:10C8E0000220FCE737B50446D8B190F8D53303F001
:10C8F000FF021BB980F8D42306F00EFD0323206845
:10C90000251D84F8D53303F029F8237C8DF80030F9
:10C91000206895E80E0002F0CDFF28B1022384F8CC
:10C92000D533012003B030BD0121206803F01CF88D
:10C930000028F3D1237C8DF80030206895E80E00A4
:10C9400003F0C8F80028E9D1012384F8D533E9E7DA
:10C95000F0B43C269DF81070059D06FB0106BDF85D
:10C9600018409DF81CC0F27586F826307FB9032761
:10C97000022B86F819C086F82A7042D0BB4240D0FC
:10C98000012B1ED13C23002203FB01032EE04FF0BC
:10C99000020C86F82AC0032B13D801A656F823F000
:10C9A000B1C9000885C9000803CA000803CA000805
:10C9B000012F06D13C2303FB0103D2B994B983F8BC
:10C9C0003D703C2202FB0103597519465C6300244B
:10C9D000DD621431A3F84C409C6382790068F0BC9E
:10C9E00003F044BA93F83D60002EEAD183F82A2080
:10C9F000E7E79A7E012AE4D193F83C20002AE0D1AF
:10CA0000F4E73C2303FB01032AB993F83D60002EB1
:10CA1000ECD00222EAE793F83C20002AF9D1E5E7BE
:10CA20002DE9F04F046885B00546204603F04EF826
:10CA3000012840F0F580286803F03BF8002800F05A
:10CA4000EF80286803F035F8860203D52B684FF491
:10CA500000125A61286803F02CF8C00203D52B6835
:10CA60004FF480125A61286803F023F8410103D57E
:10CA70002B684FF080625A61286803F01AF8820729
:10CA800002D52B6802225A61286803F012F883004D
:10CA900018D52B684FF000525A61D4F84034DF07A4
:10CAA00010D41021204602F08DFF204602F0ADFF89
:10CAB0006B7A022B03D10121286803F069F828461C
:10CAC00006F098FC286802F0F4FFC6013DD52E68F8
:10CAD000D6F840340293D6F840340393039B23F0F6
:10CAE0002E030393029B980709D5029BD90702D511
:10CAF000284606F07BFC039B43F002030393029B52
:10CB00001A0718D5039B43F008030393029B5B07A6
:10CB100040F19180697A022940F08580029B286863
:10CB200003F4C023B3F5802F18BF012103F030F8C0
:10CB3000284606F067FC029B9F0603D5039B43F043
:10CB400020030393039BC6F84034286802F0B1FF2A
:10CB5000000705D5284606F045FC2B6808225A61D7
:10CB6000286802F0A6FF810111D5AA4604F5A06845
:10CB70004FF000094FF0070B286803F0F8F8009019
:10CB80006A792C684A455AD84FF000736361286867
:10CB900002F08FFFC30643D52E68B36923F010035C
:10CBA000B361376A07F4F013B3F5802F33D1C7F3BD
:10CBB0000A18B8F1000F2ED007F00F073C2404FB31
:10CBC0000754E16A39B3A36B626B4344934200F2AA
:10CBD00082834246304602F04CFFE36A06F5A066C7
:10CBE0007A01434406EB4717E362A36B3969434478
:10CBF000A363238D98450ED1BC4B0B405BB1B3585A
:10CC000023F0804343F00043B35094F83C3083F06A
:10CC1000010384F83C302A68936943F01003936160
:10CC200005B0BDE8F08FEB79012B81D14EF6602283
:10CC3000C6F804247CE7284606F0E8FB7BE709F009
:10CC40000F02009B23FA02F2D2072AD5D8F800205F
:10CC50005FFA89F64FEA491720461304314640F13E
:10CC6000BD8102F02AFF400722D504F5A06204230B
:10CC70003A4493608AF84DB03146286803F07CF856
:10CC80003146286802F019FF10F4007248D004F50C
:10CC9000A0643146286803F06FF83C444FF40073F9
:10CCA000A36009F101090AF13C0A08F1200867E7CD
:10CCB0003146286802F001FFC10509D504F5A062DC
:10CCC0004FF480713A44916008228AF84D20D3E7EE
:10CCD0003146286802F0F1FE020706D504F5A0628D
:10CCE00008213A4491600622EFE73146286802F0B5
:10CCF000E4FE430507D504F5A0624FF480613A4491
:10CD000091600922E1E73146286802F0D6FE00066C
:10CD1000B6D504F5A06280213A4491600722D4E799
:10CD200031462868019202F0C8FEC1074FD504F5CC
:10CD3000A0612020019ACC19A0609AF81B0001285C
:10CD400005D18AF81B20626822F480326260AA79D9
:10CD50003AB12069DAF83020C0F31200121ACAF88A
:10CD60003820012000228AF84D00CAF84420A06033
:10CD70009AF82620032A09D8DFE802F0021D021DD6
:10CD80003146286802F0F8FF1022A260AA79012A31
:10CD90000AD1DAF83820BAF82810013A0A44B2FB6E
:10CDA000F1F2D2077FF57DAF9AF83C2082F00102C4
:10CDB0008AF83C2075E7CA5942F00052CA51012254
:10CDC0008AF84C003146284606F018FBDEE731466B
:10CDD000286802F072FE830613D504F5A0642022B1
:10CDE00028683C44A2609AF81A20012A7FF459AFBF
:10CDF0008AF81B20314603228AF84D2002F0BCFF3E
:10CE00004FE73146286802F058FE800740F19780CE
:10CE100004F5A0640222E1198A609AF84D000138F5
:10CE2000082800F225820FF2080C5CF820F000BF01
:10CE300055CE0008A3CC0008F1CE000825CF00088D
:10CE400095CE0008B3D2000861CE00082FCF0008AD
:10CE500061CE00088AF84D2001228AF84C2007E2B2
:10CE6000DAF844008AF84D2001300228CAF844005C
:10CE70005AD99AF81A0000220128CAF8442007D18A
:10CE80008AF81B208AF81C204A6822F480324A6003
:10CE90000422E2E79AF81BC08AF84D20BCF1010F8A
:10CEA00040F0E6819AF82600032812D1DAF848000B
:10CEB00001300228CAF84800CFD90022CAF8482019
:10CEC0008AF81B20DAF84420022A98BF8AF81CC08E
:10CED000DAE710F0FD0F8AF84C2040F0C981E259E2
:10CEE00022F0804242F00042E251C1E10000F81F0E
:10CEF0009AF81B008AF84D20012840F0B9818AF881
:10CF00004C204A6842F480324A60CA6842F04002CB
:10CF1000CA60CA6822F02002CA609AF8262012F07D
:10CF2000FD0FDAE78AF84D208AF84C20F5E78AF8F9
:10CF30004D20DAF844200132CAF84420A8E73146EF
:10CF4000286802F0BAFD10F040020FD004F5A0648A
:10CF500040223C44A26005228AF84D209AF81A200B
:10CF60000AB9CAF844203146286847E7314628689C
:10CF7000019202F0A2FDC1067FF593AE9AF8261049
:10CF800004F5A064019A032919D1CAF844200422A7
:10CF900031468AF84D20286802F0EEFE9AF81B20F0
:10CFA000012A18D1E21900218AF81B10516821F4D6
:10CFB00080315160D16841F02001D1600BE011F067
:10CFC000FD01EBD1CAF84410AA79002ADFD09AF803
:10CFD0001B20012ADBD03C44102293E002F06DFDBF
:10CFE00010F0040207D004F5A06404233C44A360BD
:10CFF0008AF84DB0B7E731462868019202F05DFD2E
:10D00000820630D504F5A0642021019A3C44A16039
:10D010009AF8191001290BD1286831468AF819208D
:10D0200002228AF84C2003228AF84D2002F0A4FE46
:10D030009AF81A20012A7FF434AE9AF81B100029BE
:10D040007FF42FAE9AF826100129314618BF8AF8CE
:10D050001B2003228AF84D20286802F08DFE002252
:10D06000CAF844201DE63146286802F026FD10F477
:10D07000007206D004F5A0644FF400723C44A26034
:10D0800071E731462868019202F017FDC3071FD5EA
:10D09000019A04F5A06431462868CAF844203C444B
:10D0A00002F00BFD470604D501228AF81920402220
:10D0B000A2609AF81B2032B100228AF81B20626815
:10D0C00022F4803262600122A2608AF84D204AE791
:10D0D0003146286802F0F1FC400615D505228AF891
:10D0E0004D209AF81A2012B901228AF8192000223C
:10D0F00004F5A06431462868CAF844203C4402F094
:10D100003BFE4022A260CCE53146286802F0D5FC07
:10D11000010706D504F5A06408223C44A26006225B
:10D12000D3E73146286802F0C8FCC20615D50022B4
:10D13000CAF8442004228AF84D209AF819202AB906
:10D140009AF8182012B901228AF819203146286865
:10D1500004F5A06402F010FE3DE73146286802F0B5
:10D16000ACFC030629D504F5A061AA79CC1942B913
:10D17000072231468AF84D20286802F0FDFD802202
:10D18000C0E7DAF844200132022ACAF844200AD95A
:10D19000002231462846CAF8442004228AF84C204E
:10D1A00006F02CF9EBE702228AF84C20CA5922F04B
:10D1B000804242F00042CA51E1E73146286802F05D
:10D1C0007CFC40050CD5092204F5A06431468AF8A0
:10D1D0004D203C44286802F0CFFD4FF4806291E777
:10D1E0003146286802F069FC81077FF55AAD04F5E5
:10D1F000A0640222E01982609AF84D1001390829D2
:10D200003FF64FAD0FF2040C5CF821F031D200086C
:10D21000A3CC00087FD200088DD20008ADD2000850
:10D22000B3D20008BBD20008A3CC0008BBD20008D0
:10D230008AF84D2001228AF84C209AF82620023ADA
:10D24000012A15D8AA7932B99AF83D2082F0010254
:10D250008AF83D200CE0012A0AD1DAF834203AB1EC
:10D26000BAF82810013A0A44B2FBF1F2D207EBD423
:10D270009AF84C203146284606F0C0F811E59AF895
:10D280001B108AF84D200129F2D1E6E58AF84D20DD
:10D290008AF84C209AF81B20012AE9D100228AF84A
:10D2A0001B20426822F480324260E1E78AF84D2078
:10D2B000D3E58AF84D200522CFE5DAF844108AF844
:10D2C0004D2001310229CAF8441001D9002233E669
:10D2D0008AF84C2003E6042384F84C309BE400BF1A
:10D2E00010B590F8D4330446012B0CD0012180F8FE
:10D2F000D413006802F089FC206802F029FB0020AA
:10D3000084F8D40310BD0220FCE710B590F8D433A4
:10D310000446012B09D0012380F8D433006802F0C1
:10D32000D1FE002084F8D40310BD0220FCE7006881
:10D3300002F04DBC3C2303FB010090F84C00704709
:10D340003C2303FB0100806B7047006802F088BC3F
:10D35000006802F07ABC3C2303FB010100204883F3
:10D36000888470472DE9F04F994690F8D43385B002
:10D370000446012B0E4690469DF838A09DF83CB01F
:10D38000BDF8407037D001233C2580F8D43300230A
:10D3900005FB01056B7602F07F036975AB7585F8B7
:10D3A000149085F826B0FFF7D6FFD309EB752068F7
:10D3B00002F04BFCBBF1010F06D1BAF1010F03D112
:10D3C00010B9BC2F28BFBC273C23BFB24246314610
:10D3D00003FB064383F818A01F854B46CDF800A039
:10D3E000CDE901B7206802F040FC002384F8D43373
:10D3F00005B0BDE8F08F0220FAE7000038B50A4A10
:10D4000004460368DA60FAF70FFA05462368DB681A
:10D410009B0601D5002038BDFAF706FA401BB0F58F
:10D420007A7FF3D90320F6E75FFF0300026870B547
:10D43000D468054614F040041AD14FF0FF33D3608E
:10D44000FAF7F2F9234606462A68D46814F0400435
:10D4500001D1032B01D1184670BDFAF7E5F9801B05
:10D460002346B0F57A7FEFD9032385F82130EBE727
:10D470000023F0E738B50F4C0546E36823F080033E
:10D48000E360A3689B0606D4FFF7B8FF10B1032042
:10D4900085F8210038BDA36823F02003A360FFF7BF
:10D4A000ADFF10B1032085F82100A36843F02003ED
:10D4B000A360EFE70040005838B50446002845D087
:10D4C00090F8213003F0FF021BB980F8202005F00E
:10D4D000DFFC022384F821302368DA68D20604D501
:10D4E0000123002084F8213038BDCA2220465A6228
:10D4F00053225A62FFF79AFF10BB22682069936893
:10D5000023F4E00323F040039360636891680343CE
:10D51000A069034320460B439360D4E9021343EA16
:10D5200001431361FFF7A6FF50B922686569D36C08
:10D5300023F00303D364E369D16C2B430B43D3641F
:10D540002368FF225A620028CAD0CDE70120CBE72A
:10D550000023092803D840EA0310C0B270470A38F4
:10D560000133C0B2F5E72DE9F04190F820300546CF
:10D570000E469046012B4FF0020354D0012280F852
:10D580002130036880F82020CA225A6253225A624E
:10D59000FFF74CFF70BB296830787478B7788B68D8
:10D5A000B8F1000F32D113F0400308BFF370FFF75A
:10D5B000CFFF80462046FFF7CBFF02463846FFF7F5
:10D5C000C7FFF37840EA835343EA084343EA022360
:10D5D00003F07F3323F0FE430B608B6823F480233A
:10D5E0008B608A68D6E903300343284613438B6077
:10D5F000FFF740FF2B68FF225A6210B9012385F81C
:10D600002130002385F82030BDE8F08113F040037D
:10D610004FEA042408BFF37044EA0043F2783B4326
:10D6200043EA8253D4E71846EEE7F8B590F8203085
:10D6300005460220012B2BD0012385F8210085F817
:10D6400020300E78C8784C7876038F780AB346EA93
:10D6500000433B4343EA04242B68CA2228465A620B
:10D6600053225A62FFF7E2FE40B924F07F442A6851
:10D67000284624F0C0045460FFF7FCFE2B68FF220C
:10D680005A6210B9012385F82130002385F8203033
:10D69000F8BDE30642BF24F010040A344C70FFF7D3
:10D6A00057FF04464878FFF753FF02463846FFF716
:10D6B0004FFF40EA060343EA044343EA0224CBE770
:10D6C0002DE9F04790F8203004460220012B00F0AD
:10D6D00081800123266884F8210084F820300878AE
:10D6E00091F8019091F802A091F82070CD69B3688B
:10D6F000002A4DD113F0400308BFCB70FFF728FF7D
:10D7000080464846FFF724FF02465046FFF720FFB9
:10D7100081463846FFF71CFF4B692B43CD7843EA1F
:10D72000855343EA090343EA084343EA022343EAF1
:10D7300000658B694F681F43CA237362532373626A
:10D740004B6AB3F5807FB36846D123F48073B3602E
:10D75000F368DBB263F4C073F360B36823F48053FF
:10D76000B360FAF761F806462368DA68D10721D575
:10D77000DD615F649A6842F480729A60FF222368D8
:10D7800000205A62012384F8200084F8213021E02F
:10D7900013F0400308BFCB704B691D43CB7845EABB
:10D7A0000A0545EA004545EA092545EA835545EA63
:10D7B0000765BEE7FAF738F8801BB0F57A7FD3D952
:10D7C0002368FF2203205A62032384F821300023B8
:10D7D00084F82030BDE8F08723F40073B360F36869
:10D7E000DBB263F42073F360B36823F40053B360D7
:10D7F000FAF71AF806462368DA68920705D51D621B
:10D800009F649A6842F40072B7E7FAF70DF8801B3C
:10D81000B0F57A7FEFD9D3E7030900F00F0003EBEF
:10D82000830300EB4300C0B2704738B50368986AC1
:10D83000486018691B68C0F30E00C3F3062503F0A7
:10D840007F048860C3F30540C3F380534D700870B4
:10D850008C70CB7052B9FFF7DFFF08702846FFF7D6
:10D86000DBFF48702046FFF7D7FF8870002038BDE7
:10D870002DE9F04F99B004464C22CC4905A8F2F7A7
:10D88000DFFE002C00F0B381C94B22689A4204BF2E
:10D8900003F58073636094F8983003F0FF0223B9B6
:10D8A000204684F8992003F0D5F92268936923F083
:10D8B00010039361F9F7B8FF054623689A691107C9
:10D8C00000F186819A6942F001029A61F9F7ACFF92
:10D8D000054623689A69D20740F18D819A6942F022
:10D8E00002029A61227C012A9A690CBF22F040024E
:10D8F00042F040029A61627C012A9A690CBF42F4AC
:10D90000804222F480429A61A27C012A9A690CBF6B
:10D9100022F4805242F480529A619A69A06822F4FB
:10D92000407202439A619A6922F0A4029A611A69CC
:10D9300022F010021A61E268012A40F063819A69BC
:10D9400042F004029A61A269B0F5407F02F1FF3112
:10D95000E26902F1FF324FEA022242EA4162216AA1
:10D9600001F1FF3142EA0102616901F1FF3142EA4E
:10D970000142DA610ED1E26A511E226B013A1201B4
:10D9800042EA0122A16A01390A43616A013942EA85
:10D990000142DA60266E2EB1D3F8C020616E0A43D0
:10D9A000C3F8C020D4F85CE0A26E16EB0E0F019213
:10D9B0000CD018A80199D3F8C82000EB810122F0FF
:10D9C000070251F84C1C0A43C3F8C820D4E910C21E
:10D9D0000392BCF1000F0CD018A80399D3F8BC2017
:10D9E00000EB810122F0070251F84C1C0A43C3F8F6
:10D9F000BC20D4E91289B8F1000F0CD018A9D3F8D3
:10DA0000BC2001EB890122F0700251F84C1C42EA63
:10DA10000112C3F8BC20226DD4F854B0029262B156
:10DA200018A9D3F8BC2001EB8B0122F4E06251F875
:10DA30004C1C42EA0122C3F8BC205D4A934204D147
:10DA400061688A6822F003028A600022594D606B87
:10DA5000C4F89C20C4F894200122D4F83CA084F897
:10DA60009820D3F884202A4042EA8002C3F8842018
:10DA7000D3F88410A26B21F47F0141EA0241C3F87C
:10DA800084108118D3F8887000F180502F4000F581
:10DA90002C5047EA810701EB4A01C3F888708000E7
:10DAA000D3F8887027F4FE0747EA0A47C3F888705E
:10DAB000D3F8A0702F4047EA8107C3F8A070D3F8CD
:10DAC000A07027F4FE0747EA0C47C3F8A070039F35
:10DAD00007FB0CFCD3F8B07061442F4047EA810784
:10DAE000C3F8B070D3F8B07027F4FE0747EA0847D0
:10DAF000C3F8B07009FB08F7D3F8AC8001EB070955
:10DB000008EA0508029948EA89080BFB01FBC3F8FB
:10DB1000AC80D3F8F08009EB0B01D4F8589008EAF8
:10DB2000050848EA810801EB4901C3F8F080D3F801
:10DB3000F08028F47C1848EA0948C3F8F080D3F84C
:10DB4000C08008EA050848EA8101C3F8C010D3F88C
:10DB5000C01021F47C1141EA0E41C3F8C010D3F883
:10DB6000C01021F07C5141EA0661C3F8C01000EBFF
:10DB70008203019A236703EBCA0302FB0EFE63676D
:10DB800003EB8C035643A36703EB8703E066E3676D
:10DB900003EB8B03C4F8803003EBC903C4F8843073
:10DBA00003EB8E0303EB860606E000BF30D30308C9
:10DBB00000A000400300FFFFC4F88830204BC4F8E9
:10DBC00090609E4235D9D4F89C3043F0200309E0A0
:10DBD000F9F72AFE401B0A287FF66FAED4F89C3076
:10DBE00043F00103C4F89C30032384F898300120EB
:10DBF00019B0BDE8F08FF9F717FE401B0A287FF631
:10DC000068AEEBE7002A3FF49EAE022A0AD099697B
:10DC1000032A41F080019961196941F010011961ED
:10DC20007FF491AE9A6942F020028BE6002340F81F
:10DC3000043BD4F890309842F8D30020D8E700BFD6
:10DC4000FCD3004030B590F89830013B012B2DD823
:10DC5000D1E90054D1E90323BDB9072A4FEA0343B0
:10DC60000BD1CA6943EA02238A69134343F0605324
:10DC7000C26E42F82430002030BD8D68496943EA05
:10DC800085730B4343EAC263F2E7072A43EA427310
:10DC90001ABF8D684A698A69016F18BF42EA8572A6
:10DCA00001EBC40041F834304260E4E7D0F89C3026
:10DCB00043F00203C0F89C300120DDE710B590F876
:10DCC0009840012C0BD10468029840EA430040EAD6
:10DCD0008202002042EA0111C4F8801010BDD0F881
:10DCE0009C3043F00403C0F89C300120F6E790F824
:10DCF0009830012B0CD10268022380F89830936988
:10DD000023F0010393610023C0F89C30184670474C
:10DD1000D0F89C3043F00403C0F89C3001207047D9
:10DD2000F0B590F89840022C40F0AC80402966D1C4
:10DD30000568D5F8A04014F4FE0F04D1D0F89C304B
:10DD400043F0200307E0D5F8A440660607D1D0F8D9
:10DD50009C3043F48073C0F89C300120F0BDD5F8AE
:10DD6000A44014F0807402D0D5F8A040E40FD5F898
:10DD7000A450466FC5F305252544446C6C4306EB5F
:10DD80008404276807F0804757602668002F5ED11B
:10DD9000C6F38A461660073454F8076CDFF8F0C003
:10DDA00006F00056966054F8076C06F000461661BF
:10DDB00034F8036CD66134F8016C06F00F06D660B7
:10DDC00054F8036C06F48016566154F8036C06F49C
:10DDD00000169661267806F07F06166254F8036CEA
:10DDE000F60F56620026D7681CF80770B74231D884
:10DDF0004029026833D1C2F8A8500020AEE741297B
:10DE00001AD10568D5F8B04014F4FE0F96D0D5F8B5
:10DE1000B44064069BD0D5F8B44014F0807402D0AE
:10DE2000D5F8B040E40FD5F8B450866FC5F305259A
:10DE30002544C46C6C43A2E7046D8C427FF67EAF30
:10DE4000446DC56F4C4305EB8404002599E726F02B
:10DE500060469FE714F8017F9F550136C3E74129CB
:10DE600002D1C2F8B850C8E71F294FF0010303D808
:10DE70008B40C2F89830C0E701F01F018B40C2F818
:10DE80009C30BAE7D0F89C3043F0080363E700BF4A
:10DE9000D0FA03084029036804D1D3F8A40000F0A5
:10DEA0007F007047D3F8B400F9E7000090F898308D
:10DEB000013B012B2DD80368986D08421FD1D86D06
:10DEC00040F00100D865880504D5D3F8E000104380
:10DED000C3F8E000480504D5D3F8E4000243C3F8D2
:10DEE000E42021F04042586D22F440120243002009
:10DEF0005A650C4A536943EA917353617047986DB0
:10DF000031EA000003D1D86D40F00200DAE70320C7
:10DF1000D8E7D0F89C3043F00203C0F89C300120D1
:10DF2000704700BF00A800407047704770477047B7
:10DF30007047704770477047704770477047704729
:10DF40007047704770477047704700002DE9F74FE2
:10DF5000AC4983460C694A6904EA02030268146DFD
:10DF6000556D00939B0704EA050A146D556D0193E6
:10DF70000AF4704A04EA0509146D556D166D09F02E
:10DF80000F0904EA0508546D176D2640546D556D50
:10DF900008F0F008274006F07156EB05146D07F005
:10DFA000607708D5E30506D54FF48073136500222A
:10DFB0000A61FFF7C3FF680511D561050FD5DBF8CE
:10DFC00000204FF48063D2F8DC00D2F8E41013652F
:10DFD00000238C4A014058461361FFF7ABFF019BB9
:10DFE00063B1DBF800200021009B5846116585498C
:10DFF00003F003020A610199FFF796FFBAF1000FDF
:10E000000AD0DBF8002000215846C2F850A07D4A13
:10E0100011615146FFF789FFB9F1000F0AD0DBF813
:10E02000002000215846C2F85090764A11614946B6
:10E03000FFF77CFFB8F1000F0AD0DBF800200021C9
:10E040005846C2F850806F4A11614146FFF76FFF92
:10E050002A050CD523050AD5DBF800204FF4006112
:10E06000584611650021674A1161FFF761FFA80555
:10E0700011D5A1050FD5DBF800204FF40073D2F8BD
:10E08000D800D2F8E010136500235E4A01405846DC
:10E090001361FFF74EFF2A030CD523030AD5DBF8E3
:10E0A00000204FF40021584611650021554A1161A6
:10E0B000FFF741FFE8030CD5E1030AD5DBF80020A8
:10E0C0004FF480315846116500214E4A1161FFF727
:10E0D00033FF6A030CD563030AD5DBF800204FF445
:10E0E0008021584611650021464A1161FFF725FF3E
:10E0F000A803DBF800100DD5A2030BD54FF40032B6
:10E1000000200A653F4A1061DBF89C2042F0800243
:10E11000CBF89C203FB10F6500213A4A5846116167
:10E120003946FFF70DFFDBF8001046B1354A0020F5
:10E130000E651061DBF89C203243CBF89C20324AFC
:10E14000914263D1DBF8042091688B075ED0116A9D
:10E15000506A176A0140506A166A0740506A156A89
:10E1600011F00F0106EA0006506A146A07F0300742
:10E1700005EA0005506A06F4C076D2F8249004EA55
:10E18000000405F4FC45D2F8208004F4F02403D008
:10E1900058461162FFF7D5FE37B1DBF80420394647
:10E1A00058461762FFF7CEFE19F0400F0ED018F058
:10E1B000400F0BD0DBF804004027C16BC26B090C89
:10E1C000076202F03F025846FFF7BDFE36B1DBF8AA
:10E1D0000420314658461662FFF7B6FE3DB1DBF823
:10E1E00004201562DBF89C202A43CBF89C206CB1FC
:10E1F000DBF804201462DBF89C202243CBF89C203F
:10E2000004E000BF00A8004000A00040DBF89C2014
:10E2100012B15846FFF793FE03B0BDE8F08F00BF80
:10E2200010B5044668B1037903F0FF0213B94271D7
:10E2300002F00CFC022300202371012320612371D2
:10E2400010BD0120FCE700002DE9F0410D46164607
:10E250000446002800F09880002900F0958042795B
:10E2600002200B68012A79D00122042B20716271EF
:10E2700023D1F9F7D9FA0746002E7AD1DFF80C81BD
:10E2800023685A6B12EA080F57D1AA691A642268E8
:10E2900006F0100140F2FF30936C884023EA00033F
:10E2A000E86988400343FF2093648840D36C23EAE5
:10E2B0000003286A88400343D364296906F01002EA
:10E2C0002368012908D11F21986B914020EA0100A1
:10E2D00069699140014399630721DE6B914026EA09
:10E2E0000106D5E9021001284AD002284AD0B1FA25
:10E2F00081F040092F68394301434FF48040914039
:10E3000090403143D963196821EA0001196040F651
:10E31000FE711868914020EA01006968914001434C
:10E32000C020196000FA02F21968002021EA0202F6
:10E330001A6001236071237110E0F9F775FAC01BB0
:10E3400001289DD923685B6B13EA080F98D02369D5
:10E35000032043F00803236103232371BDE8F08108
:10E36000F9F762FAC01B012803D923685B6B002B05
:10E37000EDDB23685A6B002AF2DBAA695A6486E750
:10E380000020B7E70120B5E70120E7E70080002083
:10E39000F8B5044608B90120F8BD026800234D49CC
:10E3A00083628A42C36809D0A1F578418A4205D0C8
:10E3B00001F580618A4201D00F2BECD8E16B083364
:10E3C0004909DB0801FB033342498A4273D0A1F5B6
:10E3D00078418A426FD001F580618A426BD0082B68
:10E3E000D9D894F8813003F0FF0223B9204684F88D
:10E3F000802004F015FA22680223616884F88130D5
:10E400001368A66B23F001031360936803F4F81CF0
:10E41000A369B3F1806F04D1B1F5800F4DD1002E07
:10E4200050D011F48000E568176850D0062D4ED901
:10E4300027F4807E276D4EEA070717600B43E769D4
:10E4400033433D43A76A3D43E76B3D4345EA0C0533
:10E450009560656B2B43656A2B4325692B43656982
:10E460002B43256A2B43E56C2B43A5682B43A56CF6
:10E470002B43A56D2B43D36059B9936823F4C05344
:10E4800043F400639360936823F4C06343F48063B0
:10E490009360136D23F00103136528B1D368616D98
:10E4A00023F000430B43D36000200123C4F8840011
:10E4B00084F8813070E7102B92E70029B1D1B6F1D2
:10E4C000805FAED1106840F480501060A9E727F457
:10E4D0008077B2E700300140F0B5044687B01546BA
:10E4E0001E460F4631B9436B43F00063636301205E
:10E4F00007B0F0BD90F83030012B4AD1AB19016D57
:10E5000000228B42426303D9436B43F00073EDE773
:10E510000323694680F8303073020068C262A26B40
:10E52000A362012A4FF0FF32676218BF6D02CDE986
:10E53000002390220223CDE902230023CDE90433F6
:10E5400001F01FFE2068C36843F04003C36001234D
:10E5500087659E42036511D982232946E36201F053
:10E56000CFFE236880B10C4A9A63636B03436363F5
:10E57000012384F830300023E362B8E78123294681
:10E58000E36201F0A3FEECE7DA6B42F49572DA6322
:10E59000AEE70220ACE700BFFF0FE01F2DE9F0411E
:10E5A000044686B015461E460F4639B9436B43F004
:10E5B00000636363012006B0BDE8F08190F830305D
:10E5C000012B4AD1AB19016D00228B42426303D962
:10E5D000436B43F00073ECE703234FF09008694668
:10E5E00080F8303073020068C262A26B2362012A95
:10E5F0004FF0FF32E76118BF6D02CDE90023002321
:10E60000CDE90283CDE9043301F0BBFD2068C36886
:10E6100043F04003C360012387659E42036511D91F
:10E62000A0232946E36201F09FFE236880B10C4AD3
:10E630009A63636B03436363012384F830300023E0
:10E64000E362B7E72946C4F82C8001F073FEECE7DB
:10E65000DA6B42F48D72DA63ADE70220ABE700BFFC
:10E66000FF0FE01F7047836B0B60C36B4B60036C45
:10E670008B60436CCB60836C0B61C36C4B61036D2F
:10E680008B61436D0020CB617047416C10B509046C
:10E690000446006801F0ACFE014628B9206801F08C
:10E6A0006DFDC0F3432010BD636B03430020636323
:10E6B000F7E770477047704770470000F7B5C56AC5
:10E6C00004460068436B1B0420D52F071ED5D4E9F0
:10E6D00009631F2B18D9351D06F12407206804355E
:10E6E00001F030FD05F8080C030A05F8073C030C9F
:10E6F000000E05F8063C05F8050CBD42EED1A36AF4
:10E700002036203B6662A36203B0F0BD436BDE059A
:10E7100053D54FF480738363C36B23F4414323F0D9
:10E720003A03C363C36B23F08053C363C36823F00E
:10E730004003C36015F008031FD015F0220F08D066
:10E7400001F02CFE28B1636B034320466363FFF79F
:10E7500089FF2368A907694A9A634FF0010384F887
:10E7600030304FF00003E36203D0204605F0E6F8B6
:10E77000CAE7204605F0DEF8C6E72A06C4D515F03C
:10E78000220F8362C362036508D001F007FE28B13F
:10E79000636B034320466363FFF764FF012315F0B7
:10E7A000300F84F830304FF00003E36202D020468F
:10E7B00005F0C0F8AF07A7D0D7E7436B5E0427D5B5
:10E7C000290725D5236A1F2B9ED9E669351D06F139
:10E7D000240715F8043C043501A92068019315F8B5
:10E7E000072C43EA0223019315F8062C43EA02435F
:10E7F000019315F8052C43EA0263019301F0A5FC8F
:10E80000BD42E6D1236A2036203BE66123627BE7E6
:10E81000436B13F03A0F436B56D09A0703D5636BE3
:10E8200043F002036363436B1B0703D5636B43F041
:10E8300008036363436B9F0603D5636B43F02003B8
:10E840006363436BDE0603D5636B43F010036363BE
:10E850002A4B8363C36B23F49D73C363C36823F0A4
:10E860004003C360C36A43F40053C362C36843F008
:10E870008003C36001F092FD636B15F0080143EA69
:10E88000000363632368DA6822F08002DA604FF4E1
:10E8900000629A6308D0012384F830300023E362D9
:10E8A0002046FFF7DFFE2FE728067FF52DAF626BCE
:10E8B000002A3FF429AFDA6B22F08052DA6319653F
:10E8C000012384F83030EBE7DA007FF51DAF4FF01D
:10E8D000805305F020058363036D20465B0706D453
:10E8E00015B1FFF7E9FE0FE7FFF7E4FE0CE715B1FE
:10E8F000FFF7E1FE08E7FFF7DCFE05E73A0F001837
:10E90000F8B50446002858D090F8363003F0FF02DE
:10E910001BB980F8352003F0DFFA60680223226813
:10E92000012884F83630A56AD36802D0B5F5000F07
:10E9300001D123F01E034FF6FF766169204FB142EB
:10E94000A6681CBF23F4604323F0C0031F4040EAC5
:10E9500005033343266A3343666A33433B4300BBB4
:10E96000E069266930430343B5F5000F1BD04FF62D
:10E97000FF70814204D0A0690143E06901430B4369
:10E98000D360104B9A4203D003F1C0539A420FD187
:10E99000D4E90B310B4353620123002084F8363055
:10E9A000F8BD0128E0D1D4E9030528430343DEE79D
:10E9B000054B9A42F0D1E36AEDE70120F0E700BF92
:10E9C000FEF119FF002400400028005838B5044625
:10E9D000C0B1437A03F0FF0213B9027203F09AFE4A
:10E9E00002236168637223681A6822F020020A43D6
:10E9F0001A601A6842F004021A605B68590603D56F
:10EA000004236372012038BDF8F70EFF0546236822
:10EA10005B68DB0704D5012300206372E060F2E746
:10EA2000F8F702FF401B0228F1D923685B68DA0778
:10EA3000EDD4042363720223E360E3E7F0B501241D
:10EA4000077800254E193D444F19BE4212D1102CB3
:10EA500008D1002401264C551D6023460D78C85C62
:10EA6000D8B9F0BD075D01347E19B6F5807FE9D9CC
:10EA70000120F6E706F8014BE7E742F823400133AF
:10EA8000C85CDC19A842F8D01F2DF1D806FA05F0B1
:10EA9000A042EDD964000135E1E7E71AF0E7F0B5EF
:10EAA000ADF2145D0D46044601AB43AA02A9FFF77F
:10EAB000C5FF40B9019E13460A4604F10F010F3607
:10EAC0003444A14202D10DF2145DF0BD11F8016F82
:10EAD0000B2E0AD805EB860753F804CBC7F80CC0F9
:10EAE00012F8017B013FAF55EBE70120EBE703464E
:10EAF0000846F0B51C6891B004F5F8639A4225D138
:10EB000004F5FB6401A9FFF7CAFFE8B901AA6FF099
:10EB1000F023A4F11806154623606360D17A083DFE
:10EB200095F84030023A090295F83C7001F47061A2
:10EB30001943137B1B0203F470633B4343EA014315
:10EB400044F8043DB442E9D111B0F0BD04F5FC63D2
:10EB50009A4202D104F5FF64D4E70120F4E72DE9DD
:10EB6000F0410468ADF6380D0E4604F5A0639A42F4
:10EB700049D104F244646B460DF2344201A9304697
:10EB8000FFF75CFF00283AD1009B0D4606F10F0C01
:10EB900017460F334FF00A0EF11842AE614539D1D6
:10EBA0006FF0F02342A9A4F5A27623600D466360BE
:10EBB000A36003F1D13303F12E23E36003F10213C9
:10EBC000236103F10213636103F10213A36191F85E
:10EBD000A120083D95F830330239120295F82C73C4
:10EBE00002F470621A4391F8A2301B0203F47063BE
:10EBF0003B4343EA024344F8043DB442E7D10DF6F7
:10EC0000380DBDE8F08104F5CC639A420FD104F2CF
:10EC1000A474B0E71CF8013F5BB1F02B15D01A09C2
:10EC200003F00F03013B0EFB0233A12B02D901209D
:10EC3000E5E7A02306EB830257F8048BC2F8A48013
:10EC400015F8012B013AF254A8E7A123F2E7436D2E
:10EC500023F440534365426D036802F00302022A25
:10EC60005A680CBF42F0080222F008025A601A6883
:10EC700022F001021A601A6B22F07E021A631A6BEC
:10EC800042F400521A631A6B42F480421A639A6B80
:10EC900042F060029A631A6842F001021A60426D03
:10ECA00002F00C02082A04D11A6B42F06E021A63B9
:10ECB0007047426D02F00C020C2AF9D11A6B42F037
:10ECC0006002F4E7F7B5066B0446826AB56AAA42A9
:10ECD00013D3406BE36A816A8B420ED3184F77647B
:10ECE000184F7765184E47654664184E866505B11E
:10ECF00031B9236D43F004032365012003B0F0BD57
:10ED0000B2FBF5F605FB1625521B0125A262B3FBEB
:10ED1000F1F201FB123221689B1A4431E362009543
:10ED2000E269FAF7D3F90028E3D12268009540326E
:10ED3000A36AA169206BFAF7C9F90028DED0D8E7E9
:10ED400083F200087FF1000841F7000833F700085C
:10ED5000F8B50546002800F0F28090F84D3003F039
:10ED6000FF021BB980F84C2003F016F82C68022330
:10ED7000864A85F84D3004F55B71236B04F55770B6
:10ED800043F001032363236823F001032360236B13
:10ED900023F07E032363236B43F400532363236B2D
:10EDA00043F480432363A36B43F06003A363784B76
:10EDB000EB63784B2B640023C5E91133937B043A52
:10EDC000D67C1B0443EA0663167C3343567C43EA35
:10EDD000062341F804398142F0D16F4B04F562718A
:10EDE0006E4A04F55E77C4F87833A3F10433104615
:10EDF0000E46C4F87433A3F10433C4F87033837B34
:10EE0000043890F813C01B0443EA0C6390F810C058
:10EE100043EA0C0390F811C043EA0C2346F8043986
:10EE2000BE42ECD1D4F82C3404F585606FF30F03A7
:10EE300043F47A4343F0F903C4F82C3492F8AE302B
:10EE4000043A92F8B3601B0443EA066392F8B06098
:10EE5000334392F8B16043EA062340F80439814213
:10EE6000ECD1D4F82C3404F59F614D4A04F58B6045
:10EE70009BB243F04073C4F82C34D4F83C341340B4
:10EE8000C4F83C340123C4F838344FF00133C4F8DB
:10EE90003434C4F83034D4F83C349BB243F080733B
:10EEA000C4F83C34D4F84834134043F4306343F09E
:10EEB0000A03C4F848343B4BC4F84434A3F1043388
:10EEC000C4F84034D4F848349BB243F00073C4F81B
:10EED0004834D4F858341340334A43F4EE4343F0F3
:10EEE0000203C4F85834314BC4F85434304BC4F8DE
:10EEF0005034304BC4F84C34D4F858349BB243F0FF
:10EF00008073C4F8583492F8B030043A92F8B5607F
:10EF10001B0443EA066392F8B260334392F8B3608D
:10EF200043EA062341F804398142ECD104F5A0629A
:10EF30001A492846FFF713FE18B101232B6501205B
:10EF4000F8BD04F5CC6218492846FFF708FE0028F2
:10EF5000F3D104F5F8620D492846FFF7C8FD0028F3
:10EF6000EBD104F5FC6214492846FFF7C0FD0028E8
:10EF7000E3D1636843F480736360012328626862AD
:10EF800085F84D3028656865DAE700BF20FD030885
:10EF900020FB0308E0FA030808090A0B52FC0308E7
:10EFA0000000FFFF06070809A0FB03080404000196
:10EFB000030407050102040404FD03082DE9F04FD2
:10EFC00000286FD000296DD00468636803F0030344
:10EFD000022B47D0636813F0030305D0636803F086
:10EFE0000303032B5ED1302362680B6023F0200300
:10EFF000120C102B8A60E2684FEA1242CA603CD1C0
:10F0000025696369C5F30315A2691B09012D4FEA40
:10F01000121229D1134313F00F0F0CBF0123002349
:10F020005B004B6000235034DFF87CC01D464FF07E
:10F03000640E41F2883854F8059005EB0C07002661
:10F0400029FA06F2D2B2012A19D1643308360137FF
:10F05000202EF5D10435402DEDD19B0900200B6108
:10F06000BDE8F08F1023BFE7032D06D1134313F043
:10F070000F0F0CBF01230023D3E70023D1E70EFBC2
:10F0800002FB97F800A0C26B12F80AA0BBFBFAF2D1
:10F09000642A8BBFB8FBF2F2C2F1C8029B1803EBE3
:10F0A0005203D3E70120DBE760FB030838B50446D1
:10F0B00048B341B33BB390F84C50012D28D0012503
:10F0C00080F84C5090F84D50012D1ED104258262DD
:10F0D00080F84D50456D25F00F054565456D45F0AF
:10F0E0000E05C0E9061345650025049B0562C36251
:10F0F0004562FFF7ACFDFFF7E5FD28B1062384F874
:10F100004C5084F84D30012038BD002380F84C303D
:10F110000220F9E7436D03F00C030C2B0DD1CB0754
:10F1200003D5436D43F480534365890703D5436D8D
:10F1300043F40053436500207047436D03F00C0314
:10F14000082BF8D111F0010304D0436D43F4805330
:10F15000436506238A0705D5426D43F0280342F430
:10F160000052426501680A6B22EA03030B63E2E77F
:10F17000816182627047C161C26270477047006CF2
:10F1800008B503681A6822F001021A601A6B22F0AF
:10F190007E021A63012380F84D30036D43F00403AF
:10F1A0000365F5F707FE08BD826AF8B504460D460B
:10F1B00022B90121FFF7AEFF002204E0036A9A4260
:10F1C000036A24D9D21A636D13F480531ED1EAB1B5
:10F1D000B5EB920FA0694FEA9206216826D8276AFC
:10F1E0000133C619C75D9D42B27896F801C04FEA57
:10F1F0000242F67842EA0C2242EA070242EA06623A
:10F200000A64226A02F104022262E8D1F8BD9A423D
:10F21000D2D1016AF5F760FDA36A042B84BF23F005
:10F220000303A3620023A26A2362CCE7032A17D94F
:10F23000276A0133C519C75D9E42AA7895F801C0B7
:10F240004FEA0242ED7842EA0C2242EA070242EA21
:10F2500005620A64226A02F104022262E8D8D5E754
:10F260001D46266AEF000135865DAA4206FA07F6BA
:10F2700043EA0603266A06F101062662F1D10B6411
:10F28000C4E737B5046C2268136B23F07E03136365
:10F29000636D23F4FF4323F073031B041B0C0C2B3F
:10F2A0001AD1236B9D6A036820465A69A36AC2F388
:10F2B00010029B1A2362216AF5F70EFDA36AAB4286
:10F2C00027D35DB9236D204643F00403236506234D
:10F2D00084F84D30F5F76EFD03B030BDB3FBF5F2A9
:10F2E00005FB12329B1AA362636D2268DB040AD409
:10F2F000A36A43B1012140320091A169206BF9F763
:10F30000E5FE0028DED12268136B43F0600313632F
:10F31000E2E7002BE8D09A07E6D023F0030304339A
:10F32000E1E7426AF8B502EB8102C36A0446934200
:10F330002AD3002223680132E5695B6C9142606A3E
:10F340002B54656AE06928444FEA13254570656AC5
:10F35000E06928444FEA13454FEA13638570656AF4
:10F36000E0692844C370636A03F104036362E1D176
:10F37000636AE26A9A4206D1626AE1692046F5F759
:10F38000C9FC00236362F8BD426A9342FBD9426A1A
:10F3900000209B1A9A089042E16905D1E76A636AE6
:10F3A0009F4219D1626AE9E7236801305B6C656AA4
:10F3B0004B55656AE16929441D0A4D70656AE1692A
:10F3C00029441D0C1B0E8D70656AE1692944CB70C0
:10F3D000636A04336362DEE7656A00222368781B90
:10F3E0005E6C8242E16914D1626A2046F5F792FCB4
:10F3F000002363622B1DDB1B032BC4D8DA00616A78
:10F40000E069013326FA02F24254626A0132626212
:10F41000F2E702F00303D4F824C00132DB0026FA3D
:10F4200003F301F80C30636A01336362D9E7436D7B
:10F4300003F00303022B10B5044614D103685B6B81
:10F440005B0610D5011DFFF7B9FD0023204663615F
:10F45000F5F70CFC23681A6B22F040021A639A6BD2
:10F4600042F040029A63636DD90407D423685A6B53
:10F47000920744D508212046FFF796FE636D990454
:10F4800007D423685A6B12073ED508212046FFF7A0
:10F4900048FF23685A6B02F03802202A3CD11A68D0
:10F4A00022F001021A60626D02F00C02082A03D1F8
:10F4B0001A6B22F07E021A639A6B42F060029A6322
:10F4C000636A33B1626A2046E169F5F723FC0023E1
:10F4D0006362636D2046626D03F0030302F48242AF
:10F4E000022B62654FF0000284F84C204FF00102BD
:10F4F00084F84D200DD1F5F75FFC012010BD5B6B4A
:10F500005807BBD50121B6E75B6BDB06C1D50121EE
:10F51000BCE7FFF733FEF0E70020EFE770B50446E5
:10F520001026656D236815F4005522D15A6BD0065C
:10F530001FD55B6CE169626A8B54616AE2690A44B7
:10F54000190A5170616AE2690A44190C1B0E917024
:10F55000616AE2690A44D370636A04336362E36AEE
:10F56000626A9A4205D1626A2046E169F5F7D2FBE8
:10F570006562013ED5D12368626D596BC90601D51C
:10F58000920420D41A6822F001021A60636A33B12F
:10F59000626A2046E169F5F7BDFB00236362636D93
:10F5A0002046626D03F0030302F48242022B62657F
:10F5B0004FF0000284F84C204FF0010284F84D20F7
:10F5C00002D1F5F7F9FB70BDFFF7D8FDFBE7436DFE
:10F5D00013F4405F37B504460D4614D0436D03F075
:10F5E0000C030C2B46D1CB0720D5436D23F480535D
:10F5F0004365006B816A41B9236D43F004032365C1
:10F60000062384F84D3001201DE0A36AB3FBF1F21C
:10F6100001FB12329B1AA36243B1226801214032DE
:10F620000091A169F9F752FD0028E5D1A80709D595
:10F63000636D23F400536365636D190405D520469B
:10F64000FFF76CFF002003B030BD606B816A0029BA
:10F65000D2D0E36AB3FBF1F201FB123221689B1AAC
:10F6600001224431E3620092E269F9F72FFD00289C
:10F67000E8D0C1E7436D03F00C03082BE2D111F091
:10F68000010304D0436D23F4805343650623AA0786
:10F6900005D5626D43F0280322F4005262652168AB
:10F6A0000A6B13430B63CDE738B5436B0446C26A5C
:10F6B0001B685B69C3F31003D31A4362436A9A421F
:10F6C00005D1426AC169F5F725FB0023636223680F
:10F6D0005D6B15F0100524D1636A2BB1626A204678
:10F6E000E169F5F717FB656222682046136823F08D
:10F6F00001031360636D626D03F0030302F4824241
:10F70000022B62654FF0000284F84C204FF001029A
:10F7100084F84D2002D1F5F74FFB38BDFFF72EFDE1
:10F72000FBE7636D9B04F8D42046BDE83840FFF743
:10F73000F5BE006C436D1B0401D5FFF7B5BF7047E4
:10F7400013B5046C23681A6B22F07E021A63626D93
:10F7500022F4FF4222F073021204120C0C2A25D16B
:10F760005B6B9A0624D403682046E1695A69E36A10
:10F77000C2F310029B1A6362626AF5F7CBFA636DFB
:10F780009B0415D42168012344310093E36AE269A4
:10F79000606BF9F79BFC58B1236D204643F00403DE
:10F7A0002365062384F84D30F5F704FB02B010BD45
:10F7B0002268136B43F060031363F7E710B590F80A
:10F7C0004D300446033B012B50D8436D03F00C032E
:10F7D000082B03D1BDE81040FFF729BE436D03F0AD
:10F7E0000C030C2B42D1436D03F00303022B14D105
:10F7F00003685B6B590610D5011DFFF7DFFB002383
:10F8000020466361F5F732FA23681A6B22F0400252
:10F810001A639A6B42F040029A6323685A6B92060D
:10F8200024D5626D206B42F4004262651A6822F0B2
:10F8300001021A601A6B22F07E021A639A6B42F080
:10F8400060029A6390F83D30022B01D1F9F787FCF2
:10F85000606B90F83D30022B03D1BDE81040F9F702
:10F860007EBC2046BDE81040FFF71EBF10BD82B031
:10F87000002302460193019B01330193019BB3F1E5
:10F88000706F15D81369002BF5DA00230193136903
:10F8900043F001031361019B01330193019BB3F119
:10F8A000706F05D8106910F00100F4D102B07047F4
:10F8B0000320FBE784B038B505AD044685E80E00AB
:10F8C0009DF81930012B31D1836B23F4803383638E
:10F8D000C36823F4840323F04003C360C36823F4A4
:10F8E0004013C3609DF82030012B03D1C36843F45B
:10F8F0008013C3602046FFF7BAFF9DF81630012B36
:10F9000010D1E36D9BB2E365E36D43F07B7343F489
:10F910000033E365A36843F00603A360A36843F0E4
:10F920002003A360BDE8384004B07047C36843F0CB
:10F930004003C360FFF79BFF9DF81D3023B9A36B05
:10F9400043F48033A363D8E7A36B23F48033F9E750
:10F95000836843F00103836000207047836823F0CD
:10F96000010383600020704738B5C368012905464C
:10F970000C4623F0C043C36013D1C368002443F096
:10F980000053C3600A200A34F7F754FF6B69D907A4
:10F9900002D4C82CF6D1C824A4F1C8035842584157
:10F9A00038BD69B9C36843F08043C3600A200A3494
:10F9B000F7F740FF6B69DA07EED5C82CF6D1EAE716
:10F9C0000120EDE782B0002302460193019B013341
:10F9D0000193019BB3F1706F15D81369002BF5DA11
:10F9E0008901002341F0200101931161019B013342
:10F9F0000193019BB3F1706F05D8106910F02000DE
:10FA0000F4D102B070470320FBE782B00023024626
:10FA10000193019B01330193019BB3F1706F13D8E4
:10FA20001369002BF5DA0023019310231361019B66
:10FA300001330193019BB3F1706F05D8106910F089
:10FA40001000F4D102B070470320FBE710B59DF819
:10FA5000084044B9033301329B0800EB023001EB4C
:10FA60008303994201D1002010BD51F8042B02609C
:10FA7000F7E70346002070B5940803F5805502F0BF
:10FA80000302A04210D301EB840062B103F580535E
:10FA90001C680023D90024FA01F1C154013399B242
:10FAA0008A42F7D1104470BD2E6841F820600130C1
:10FAB000E7E7426980691040704700EB411000F5AC
:10FAC000A063D0F80805DB6818407047406900F073
:10FAD0000100704784B070B5044605A880E80E00A8
:10FAE0000023C4F8003EA36B23F40013A363A36BAD
:10FAF00023F40033A363E3685B063AD49DF8173020
:10FB0000012BD4F8003436D143F00403C4F8003498
:10FB100010212046FFF756FF01462046FFF775FFEC
:10FB2000084300239DF81560C0B204F5A0621D468D
:10FB30004FF0FF31003818BF01209E421ED84FF40D
:10FB40000073A5616161636203F18073A3620E4B70
:10FB5000C4F800319DF816301BB9A36943F01003B7
:10FB6000A361A269094B1343A361BDE8704004B0CF
:10FB70007047D4F8003423F00403C7E791600133E1
:10FB8000D5602032D9E700BF0003E000080020A3C1
:10FB9000D0F80034012900F5806223F0030310B58A
:10FBA000C0F8003401F00303D0F8004443EA040332
:10FBB000C0F8003404D14BF680330020536010BDF0
:10FBC000022902D141F27073F7E70120F7E737B558
:10FBD000002504460195D0F840340193019B23F0A1
:10FBE0002E030193019B43F48073C0F840346420DA
:10FBF000F7F720FE019B0A2023F48073C4F84034F9
:10FC0000F7F718FE284603B030BD82B000230193F9
:10FC1000D0F840340193019B23F02E030193019B04
:10FC2000DA0406D4012904D1019B43F48053C0F8BF
:10FC30004034019BDB0405D521B9019B23F480539B
:10FC4000C0F84034002002B0704782B00023019316
:10FC5000D0F8403401930198C0F3414002B070479E
:10FC600000F58060806880B270472DE9F84300EBB2
:10FC700041161C464FF0FF379DF8245006F5A0634F
:10FC80004FFA82FC9F60032D6FD8DFE805F0026415
:10FC9000025C40F29D47BCF1000FDF60DF6802DAD2
:10FCA00047F4807701E047F06007DF6000274FF0FE
:10FCB000000801F00F01C3F80480D3F80CE04EF007
:10FCC000020EC3F80CE00123D0F818948B404FEAE1
:10FCD000DC7143EA0903C903C0F81834836943F0AF
:10FCE00000738361FFF7B1FF9DF82030022B04D130
:10FCF000023818BF01204FEA4048BDF82800A3058C
:10FD0000D202C0F30A0003F0FE5302F4F04240EACC
:10FD1000080843EA08031343AA0405F0FD050B4352
:10FD200002F44022012D43EA020343F48013C6F893
:10FD3000003505D1D6F8003543F00053C6F800353C
:10FD40003846BDE8F88340F29D67BCF1000FDF60E4
:10FD5000ACDADF68A4E740F22527BCF1000FDF60D2
:10FD6000A4DADF6847F4C0779FE701279FE700F533
:10FD70008060406980B2704773B500EB4111002389
:10FD800001F5A0620193D1F80035D1F8004555681E
:10FD90009B0C8668B60608D5002D06DB002C01DA20
:10FDA000DD0704D5002002B070BDDC072AD4D1F8ED
:10FDB000003543F08043C1F8003583689B061AD4B0
:10FDC000C36A13F47F0FD1F8003516D123F0004336
:10FDD000C1F80035D1F8003543F00043C1F80035D3
:10FDE000019B01330193019BB3F57A7FDAD8136845
:10FDF000002BF5DBD6E7D1F8003543F00043C1F81E
:10FE00000035CFE7D1F8003543F08043C1F8003525
:10FE1000D0F8103413F47F0FD1F80035EDD123F072
:10FE20000043C1F80035D1F8003543F00043C1F874
:10FE30000035019B01330193019BB3F57A7FB1D863
:10FE40001368002BF5DBADE700EB4110064AC0F864
:10FE50001025D0F8003523F0804343F00043C0F86C
:10FE600000350020704700BF000008809446BCF1B8
:10FE7000010F2DE9F043064685B00C464A786BD158
:10FE80008B7C13F0FD0F07D100EB4213D3F80C1558
:10FE900021F07001C3F80C1594F806E0E078BEF18B
:10FEA000010F40F08780002861D0A38AE36101251B
:10FEB000A17D06EB4217490707F5A06301F0C04991
:10FEC000E169C1F3120849EA080141EAC541196133
:10FED000BCF1000F01D0A1695961D6F80854BEF1F8
:10FEE000010FD7F8001506F580686FEA050521F0C7
:10FEF00000514FEA4575C7F80015D7F8001505F011
:10FF0000005545EA0105C7F8005540F08180657C41
:10FF1000217C41EAC51141F000415960D96841F0A6
:10FF20006001D960E179012908D138B95D6845F4EB
:10FF300080355D60DD6845F04005DD60A57C012D04
:10FF400000F08A80032D40F08F80012940F08C80E2
:10FF5000012800F0858087E08B88B3F5807F9BD1F6
:10FF60001146FFF771FF002005B0BDE8F083A17CCA
:10FF7000236A012915D1E168BC2B01F1FF310AD9AF
:10FF8000A38A0129C4E9073302D80223E3608EE77C
:10FF9000C4F80CE08BE70129E3618CBF0423032341
:10FFA000F4E7BCF1010F81D1A18A9942BFF47EAF81
:10FFB000E1617CE7236A7BB1A18A5D1E0D44B5FB3C
:10FFC000F1F5ADB2B5F5807F28BF4FF4807508B16B
:10FFD000A38A6B43E3616BE70125F8E7002843D16F
:10FFE000E168013903293FD8DFE801F002060A0E73
:10FFF000596841F4004136E0596841F00E0132E0A1
:020000040801F1
:10000000596841F480412EE0596841F440412AE0AA
:10001000002128E023F4004332E0F16AD81C89B2C1
:10002000C0F38F00884203D9B16941F02001B1616A
:1000300000219BB230460091A169FFF707FD92E7CE
:10004000D8F81000D91C80B2C1F38F018842EFD2DA
:10005000B16941F08061EAE70129BFD10128BDD132
:10006000596841F480315960D7F800350393039BF8
:1000700023F080430393039B0028CBD043F4004339
:1000800003935CEA0000039B43F000430393039B4C
:10009000C7F800357FF467AF236A002B3FF463AFE6
:1000A000E17900297FF45FAFA17C0329C0D801A0CA
:1000B00050F821F01B000108410001081B00010855
:1000C00041000108002337B50193044683681021DD
:1000D00004F5E06523F001038360FFF773FC01463C
:1000E0002046FFF792FC084304F5A063C0B219460E
:1000F000003818BF01200A6822F0802242F08042B6
:1001000041F8202BA942F6D11A6822F4004242F0AD
:1001100040421A60019A01320192019AB2F57A7F47
:1001200002D81A68002AF5DB2033AB42ECD14FF03D
:10013000FF33C4F814346361A36843F00103A36080
:1001400003B030BDD0F8800070470B68C0F8803035
:10015000002070470B6810B58360C468D1E9013294
:100160001343CA6813430A691343034A22401343E3
:10017000C360002010BD00BFC0E0FEFF1430405837
:1001800070470B6810B543624B688362C26AD1E95D
:10019000023422F0FF0223430C69496923430B43D5
:1001A0001343C362002010BD0346444810B50068E5
:1001B0004FF4FA54B0FBF4F0414C4243002A48D0CB
:1001C000586B204207D0800405D45A6B540704D5DD
:1001D0000420986310BD013AF0E75A6BD00703D5AD
:1001E00001229A630120F5E7364A9A631A69D2B26E
:1001F0009142F7D15B69344818400028EAD0002BBF
:100200002ADB5A002BD49C002BD4D9002BD41A0102
:100210002CD45C012DD4D9012ED41A022FD45C0227
:1002200030D4990231D4DA0232D45C0333D4990346
:1002300034D4DA0335D41C0436D4590437D49A04A0
:1002400038D413F0080F0CBF4FF480304FF4000087
:10025000C0E74FF00040BDE74FF00070BAE7402024
:10026000B8E78020B6E74FF48070B3E74FF4007032
:10027000B0E74FF48060ADE74FF40060AAE74FF4B9
:100280008050A7E74FF40050A4E74FF48040A1E767
:100290004FF400409EE74FF400309BE74FF480207E
:1002A00098E74FF4002095E74FF4801092E74FF461
:1002B00000108FE74FF480008CE700BF600000243F
:1002C00045002000C500200008E0FFFD30B54FF4D8
:1002D000807387B0112504460022019101A9CDE960
:1002E00002534FF48053CDE90423FFF733FF41F26B
:1002F00088322946204607B0BDE83040FFF754BF9A
:1003000030B54FF4807387B0122504460022019166
:1003100001A9CDE902534FF48053CDE90423FFF73F
:1003200019FF41F288322946204607B0BDE8304027
:10033000FFF73ABF30B54FF4807387B018250446F5
:100340000022019101A9CDE902534FF48053CDE978
:100350000423FFF7FFFE41F288322946204607B00A
:10036000BDE83040FFF720BF30B54FF4807387B051
:10037000192504460022019101A9CDE902534FF449
:100380008053CDE90423FFF7E5FE41F28832294688
:10039000204607B0BDE83040FFF706BF30B5002368
:1003A00087B00C254FF48072044601A9CDE90323E0
:1003B000CDE901354FF480530593C36843F08003C2
:1003C000C360C36823F04003C360FFF7C3FE074A5E
:1003D00029462046FFF7E8FEE368B0F1007F23F0EE
:1003E000800308BF0020E36007B030BD00E1F505E1
:1003F00030B54FF4807387B00D250446002201917B
:1004000001A9CDE902534FF48053CDE90423FFF74E
:10041000A1FE41F288322946204607B0BDE83040AF
:10042000FFF7C2BE2DE9F041D1E9012CD1E907382F
:10043000D1F824E043EA0803D1E90376D1E9055471
:10044000096881B943EA0E03016813436FF30E0193
:1004500043EA0C033B4333432B4323430B430360E7
:100460000020BDE8F081016843EA0E0321F4F84161
:100470000B43036042EA0C0341683B4321F4FF4213
:10048000334322F07F022B43234313434360E7E7C8
:10049000CB6803F1FF3C4B69F0B5013B4C688F68BA
:1004A0000E691B058D69013C013F013E013D096854
:1004B00024013F02013936042D0643EA0C335AB9B0
:1004C0000B438268234302F070423B4333432B4388
:1004D000134383600020F0BD826822F4700222F48E
:1004E00070421343836044EA0703C2680B4302F07F
:1004F000704233432B431343C360EBE710B5D1E99C
:10050000003402692343CC686FF3150243EA4423A5
:1005100013438A68013A43EA42130361002010BD85
:1005200043696FF34D0343EA410343610020704781
:100530000369013923F4F07343EA41130361002096
:100540007047000070B59CB04C22002109A827F02C
:1005500005FF2022002101A827F000FF0220F8F764
:10056000FDFE002300932E4B9A6942F440429A61AB
:100570009A6902F4404200922A4AD16A41F001018C
:10058000D162D26A02F001020092009A9A69900444
:10059000FCD5254CF8F7AEFEF7F75EF92521236F61
:1005A0000425F022082623F0180309A823674FF436
:1005B000A023CDE9091301230B930F930223CDE967
:1005C0001233CDE916350023CDE91452CDE9186672
:1005D000CDE91A33F9F7D6F908B172B6FEE73F2232
:1005E00003232946CDE9012340234FF48062CDE95E
:1005F000030601A8CDE90533CDE90723F9F75CFD32
:1006000008B172B6FEE7E36A4FF480224FF440016E
:1006100043F40033E362F9F75FFC1CB070BD00BF28
:1006200000480258000400580044025800B5B3B016
:10063000A822002108A827F091FE154A00230A20CD
:10064000CDE900230422E623CDE9022317230692F5
:100650000E92CDE9043380230793B523CDE90A0335
:1006600002236846CDE90C331293202313934FF4F1
:10067000805319934FF000531D934FF480332A9306
:10068000F9F79CFF08B172B6FEE733B05DF804FBE2
:100690000090082308B5384B5A6912F4003211D182
:1006A000BFF34F8FBFF36F8FC3F85022BFF34F8F4D
:1006B000BFF36F8F5A6942F400325A61BFF34F8F14
:1006C000BFF36F8FF7F776F8FFF73CFFFFF7AEFF4A
:1006D00001F0B0F801F092FD01F0F0F901F060FCDA
:1006E00002F032FC01F044FA00F084F900F0E4F981
:1006F00000F01EFA00F080FA02F036F802F068FA14
:1007000002F0D2FA02F03CF902F0E8FB02F01AFC27
:1007100000F010F901F0FEF901F0BEFB02F052F812
:1007200002F0FEFA02F036FF01F0E2FF00F08AFF6D
:1007300001F022FB02F04CFB00F02CF800F074F802
:1007400000F026F9F4F76BFDF4F768FD00F052FFB6
:1007500001F09CFF08B901F071FE00210748FBF78A
:1007600091FC08B172B6FEE7F6F7F2FA01F02CF848
:10077000F6F710FBFEE700BF00ED00E0C01E03240B
:100780000368B3F1804F01D1F7F742B8704772B6F2
:10079000FEE7000010B500248AB01C22214603A801
:1007A0000294CDE9004427F0D9FD1B481B4B8482FD
:1007B0000477446380F83840C0E9003404230361BF
:1007C0000123C0E902448361C363C0E90944C0E96D
:1007D0000B44F7F7FBFA08B1FFF7D9FF69460E485B
:1007E0000094F7F703FC08B1FFF7D1FF0C4A06238A
:1007F00003A90948CDE9032300230A4ACDE90532BC
:1008000004228DF82530CDE90723F7F73DF808B12C
:10081000FFF7BDFF0AB010BDC4150324002002403D
:10082000020030040000FF4700B589B01C220021FF
:1008300001A827F093FD19480422002318490261FA
:100840000122838282610377436380F83830C26378
:10085000C0E90013C0E90233C0E90933C0E90B3332
:10086000F7F7B4FA08B1FFF792FF0E4A06230B48D8
:10087000CDE9012300230C4ACDE9033204228DF88F
:100880001D300DEB0201CDE90523F6F7FDFF08B1A0
:10089000FFF77DFF09B05DF804FB00BF601503247E
:1008A00000600258020030040000FF471FB50368D3
:1008B0001D4A93420FD11D4BD3F8D82042F020029D
:1008C000C3F8D820D3F8D83003F020030193019B5C
:1008D00005B05DF804FB164A9342F9D1134B4FF073
:1008E0008061D3F8E020084642F08072C3F8E0202F
:1008F000D3F8E02002F080720292029AD3F8E0204E
:1009000042F00402C3F8E020D3F8E03003F004031F
:100910000393039BF6F7A6FF4FF00061084605B06E
:100920005DF804EBF6F79EBF002002400044025839
:100930000060025808B50848084B03600023838014
:10094000C0E9053301230362F7F708FC18B1BDE8DD
:100950000840FFF71CBF08BD28160324004C0258AE
:10096000026882B0094B9A420DD1A3F50063D3F817
:10097000E02042F40022C3F8E020D3F8E03003F492
:1009800000230193019B02B0704700BF004C025846
:1009900008B509480023094A8360C0E90023084BD1
:1009A000C36020234361F7F73AFC18B1BDE8084063
:1009B000FFF7EDBE08BD00BF4C160324001002482F
:1009C0003CFD0308026882B0084B9A420CD1084BE8
:1009D000D3F8DC2042F01002C3F8DC20D3F8DC307E
:1009E00003F010030193019B02B07047001002480E
:1009F0000044025800B58BB02422002101A827F042
:100A0000ADFC1048104B0360FDF70AFC08B1FFF77E
:100A1000BEFE0022012301A90A480392CDE901226A
:100A2000CDE90432FDF710FC08B1FFF7B0FE10224B
:100A300001A90448FDF708FC08B1FFF7A8FE0BB0B8
:100A40005DF804FBAC1603240074004010B588B0B8
:100A500004461422002103A827F080FC2268134BCF
:100A60009A4220D1124B03A91248D3F8E82042F051
:100A70000052C3F8E820D3F8E82002F000520192B7
:100A8000019AD3F8E02042F00102C3F8E0203022BE
:100A9000D3F8E03003F001030293029B0323CDE976
:100AA0000323F7F77FFC08B010BD00BF00740040BF
:100AB000004402580000025808B50F4800230F4AAE
:100AC000C365C0E900230122C0E91333C0E9022352
:100AD000C0E91132C0E91533F7F7C7FB08B1FFF7DA
:100AE00056FE01210448F7F7FDFB18B1BDE80840A8
:100AF000FFF74DBE08BD00BFC01603240010005212
:100B0000026882B0084B9A420CD1084BD3F8D4202B
:100B100042F01002C3F8D420D3F8D43003F010030D
:100B20000193019B02B0704700100052004402582C
:100B30002E4801222E4B4FF0290C262100B54FF4F0
:100B4000807E8BB003600023C26303828374C0E99C
:100B500002E3C0E905224FF0200EC0E90922C0E9F6
:100B60000B220422C0E907C1C0E90D33C0E910E23D
:100B7000C0E91232C0E91432C0E91633C0E91833B3
:100B80008266FCF775FE08B1FFF701FE00211C220A
:100B900003A827F0E3FB4FF0804302214FF0805081
:100BA00002930123CDE90413124B02A9CDE90603F8
:100BB0000E48FDF747F808B1FFF7E9FD00230222D0
:100BC0000A4811460093FDF779F80848FDF78FF8B9
:100BD00008B1FFF7DCFD002201210448FDF766F9AA
:100BE00008B1FFF7D4FD0BB05DF804FBB018032487
:100BF00000A0004000FFFF1F08B514480122144B5D
:100C0000102103600023C0E90512C0E90722C0E9F2
:100C10000922C0E90B22042203828374C0E9023353
:100C2000C0E90D33C0E90F33C0E91123C0E9132334
:100C3000C0E91523C0E91733C0E91932FCF718FEE3
:100C400018B1BDE80840FFF7A2BD08BD1018032485
:100C500000A400401422002130B58BB004460DEBF7
:100C6000020027F07BFB23684A4A934254D14A4A48
:100C700013680133012B13600CD1484BD3F8EC20DF
:100C800042F48072C3F8EC20D3F8EC3003F48073A4
:100C90000093009B414B0224092505A9D3F8E020CD
:100CA0003F4842F00202C3F8E020D3F8E02002F00F
:100CB00002020192019AD3F8E02042F00102C3F847
:100CC000E020D3F8E030099503F001030293029B82
:100CD0004FF40073CDE90534F7F764FB4FF400637C
:100CE00005A930480995CDE905340024CDE907442C
:100CF000F7F758FB224605211320F7F7EFF91320E9
:100D0000F7F71EFA152022460521F7F7E7F9152017
:100D1000F7F716FA0BB030BD234A9342FAD11E4AB8
:100D200013680133012B13600CD11C4BD3F8EC205A
:100D300042F48072C3F8EC20D3F8EC3003F48073F3
:100D40000393039B154B05A91548D3F8E02042F007
:100D50000202C3F8E02042F22002D3F8E03003F0B0
:100D600002030493049B0223CDE90523092309937D
:100D7000F7F718FB002205211420F7F7AFF914202C
:100D8000F7F7DEF9162000220521F7F7A7F916205C
:100D9000BEE700BF00A0004028170324004402580B
:100DA000000402580000025800A4004000F1704006
:100DB000013838B52DED028B42286FD8DFE810F0EE
:100DC000430071009200A700CE00E30001011F0163
:100DD0003D015B0187016E006E006E006E006E00CB
:100DE000A101A601AB01B001B501BA01BF01C40167
:100DF000C901CE01D301D801DD01E201E701EC0117
:100E000000026E006E006E006E006E006E006E00DE
:100E10006E006E006E006E006E006E006E006E0062
:100E20006E006E006E006E006E006E006E006E0052
:100E30006E006E006E006E006E006E006E002D0281
:100E40006E006E0039020868D64B4A6800F0FF0158
:100E5000DFEDD57A1960C0F30721B0EE677A9FED18
:100E6000D76A5960C0F30241C0F38250996091B2D1
:100E7000120CD86006EE901AF8EEE66AA6EE867AB4
:100E8000BCEEC77A83ED047A07EE102AB8EEC77A73
:100E9000E7EE067AFCEEE77AC3ED057ABDEC028B4D
:100EA00038BD9FEDC28A4D6808680021EFF758FFF2
:100EB000F0EE487A07EE100ADFEDBD8AB94C2846FD
:100EC000E7EE287A0021FCEEE77AC4ED067AEFF728
:100ED00047FF07EE900AA7EEA88ABCEEC88A84ED09
:100EE000078ADBE70B68AF4A03F001011162C3F325
:100EF00042015162C3F300119162C3F34211D16206
:100F0000C3F38021C3F3003311635363C6E70B6857
:100F10009FEDAA7A9AB2A34C1B0C9FEDA78A07EE0D
:100F2000902A4868F0EE486A0021F8EEE77A67EE0A
:100F3000877AC4ED1C7A07EE903AF8EEE77AE7EE8E
:100F4000876AC4ED1D6AEFF70BFFDFED997A07EEB4
:100F5000100AA7EE278A84ED1E8A9FE70B6848686F
:100F6000002103F0FF028F4C1B0CE26743EA0040B4
:100F7000EFF7F6FE9FED8E7A07EE900A67EE877A1E
:100F8000C4ED207A8AE70A689FED8A7AC2F31302D9
:100F90004B68B0EE476ADFED896A07EE902AC3F32B
:100FA0001303804AF8EEE77AA7EEA66A07EE903AB6
:100FB000F8EEE77AA7EEA67A82ED146A82ED157A4A
:100FC0006CE70A689FED7B7AC2F313024B68B0EEC0
:100FD000476ADFED7A6A07EE902AC3F31303714A7A
:100FE000F8EEE77AA7EEA66A07EE903AF8EEE77A0F
:100FF000A7EEA67A82ED166A82ED177A4EE70A68A6
:101000009FED6C7AC2F313024B68B0EE476ADFEDD6
:101010006B6A07EE902AC3F31303624AF8EEE77A8D
:10102000A7EEA66A07EE903AF8EEE77AA7EEA67A60
:1010300082ED186A82ED197A30E70A68DFED5C6AA2
:10104000C2F313029FED5C7A4B6807EE902A554A73
:10105000C3F31303F8EEE77AA7EEA67A07EE903A09
:10106000F8EEE77A82ED1A7A9FED527AA7EEA67A29
:1010700082ED1B7A12E70A689FED4D7A90B24B68B9
:10108000120C484907EE900AF8EEE77A67EE877A85
:10109000C1ED217A07EE902AC3F30902C3F3094395
:1010A000F8EEE77A67EE877AC1ED227A07EE902AAA
:1010B000F8EEE77A67EE877AC1ED237A07EE903A89
:1010C000F8EEE77A67EE877AC1ED247AE6E60A68F9
:1010D0009FED377AC2F313024B68324907EE902A2C
:1010E000C3F31303F8EEE77A67EE877AC1ED257A4A
:1010F00007EE903AF8EEE77A67EE877AC1ED267A46
:10110000CCE60A68274BC3F8A420C7E60A68254B3B
:10111000C3F8A820C2E60A68224BC3F8AC20BDE69B
:101120000A68204BC3F8B020B8E60A681D4BC3F824
:10113000B420B3E60A681B4BC3F8B820AEE60A68D1
:10114000184BC3F8BC20A9E60A68164BC3F8C020A8
:10115000A4E60A68134BC3F8C4209FE60A68114B43
:10116000C3F8C8209AE60A680E4BC3F8CC2095E66F
:101170000A680C4BC3F8D02090E60A68094BC3F804
:10118000D4208BE60A68074BC3F8D82086E60A68A5
:10119000044BC3F8DC2081E60A68024BC3F8E02068
:1011A0007CE600BF2C170324000061C40000FAC3D2
:1011B0000AD7233C00409CC500401CC5CDCCCC3D8B
:1011C0000B684A6899B25FED047A5FED046A1B0C04
:1011D00006EE101AB0EE677A1F4992B2B8EEC66AF0
:1011E000A6EE267AB0EE676ABCEEC77A81ED0E7A7B
:1011F00007EE103AB8EEC77AA7EE266A07EE102A75
:10120000B8EEC77AE7EE267ABCEEC66A81ED0F6AC1
:10121000FCEEE77AC1ED107A40E60B680E4A03F067
:1012200007015164C3F30211C3F302239164D36431
:1012300034E64B689FED097AC3F30B03064A08684E
:1012400007EE903AC2F89C00F8EEE77A67EE877AEC
:10125000C2ED287A22E600BF2C170324CDCCCC3D6A
:1012600030B59BB0114DF5F7AFFD04460A3420466A
:10127000F5F707FE40212846FCF70CFE30B10AAB1B
:101280006A4640212846FCF74BFD48B140212846DC
:10129000FCF700FE0028E9D00120F5F7E6FDE5E7C0
:1012A0000AA90098FFF782FDE4E700BFB018032405
:1012B00070B50446EFF3108672B6054D0FCD0FC41E
:1012C00095E8030084E8030086F3108870BD00BF32
:1012D0002C170324034610B5EFF3108472B6044AAA
:1012E00092E8030083E8030084F3108810BD00BF78
:1012F0004417032470B50446EFF3108672B6054D0B
:101300000FCD0FC495E8030084E8030086F310882E
:1013100070BD00BF4C170324034610B5EFF31084D3
:1013200072B6034A07CA83E8070084F3108810BD29
:101330009C170324034610B5EFF3108472B6044AD9
:1013400092E8030083E8030084F3108810BD00BF17
:10135000A8170324034610B5EFF3108472B6044AAD
:1013600092E8030083E8030084F3108810BD00BFF7
:101370007C170324034610B5EFF3108472B6044AB9
:1013800092E8030083E8030084F3108810BD00BFD7
:1013900084170324034610B5EFF3108472B6044A91
:1013A00092E8030083E8030084F3108810BD00BFB7
:1013B0008C170324034610B5EFF3108472B6044A69
:1013C00092E8030083E8030084F3108810BD00BF97
:1013D0009417032430B50446EFF3108572B6034B1F
:1013E0000FCB84E80F0085F3108830BDB0170324BD
:1013F000034610B5EFF3108472B6044A92E8030076
:1014000083E8030084F3108810BD00BFC0170324D5
:1014100070B50446EFF3108672B6054D0FCD0FC4BC
:1014200095E80F0084E80F0086F3108870BD00BFB8
:10143000D017032470B50446EFF3108672B6054D3D
:101440000FCD0FC495E80F0084E80F0086F31088D5
:1014500070BD00BFF0170324034610B5EFF31084EE
:1014600072B6034A07CA83E8070084F3108810BDE8
:1014700064170324034610B5EFF3108472B6034AD1
:1014800007CA83E8070084F3108810BD701703248F
:10149000034610B5EFF3108472B6044A92E80300D5
:1014A00083E8030084F3108810BD00BFC81703242D
:1014B00008B50849012308228B60C1E900320023E6
:1014C0004FF6FF72CB60FAF723F9003818BF0120FE
:1014D000404208BDA819032408B508490823022280
:1014E0008B60C1E9002300234FF6FF72CB60FAF74F
:1014F0000FF9003818BF0120404208BDA819032485
:1015000008B5D1E903324FF0040C13434A69134381
:101510008A691343CA69084913430822C1E900C212
:101520000122C1E902234FF6FF72FAF7F1F8003801
:1015300018BF0120404208BDA819032408B5084976
:101540000823C1E9013300230A604FF6FF72CB6024
:10155000FAF7DEF8003818BF0120404208BD00BF8E
:10156000A819032438B50546FAF7F1F8044628B956
:1015700002212846FAF703F9204638BD4FF0FF3024
:10158000FBE738B50C4609680546FFF791FF10B137
:101590004FF0FF3038BD0120F6F74CF9216828469E
:1015A000FFF786FF0120F6F745F921682846FFF787
:1015B00093FF0028ECD10120F6F73CF92846D4E946
:1015C0000012FFF7BBFF0028E2D10120F6F732F945
:1015D00021462846FFF794FF0028D9D10120F6F7CD
:1015E00029F9A1682846FFF7BDFF003818BF012080
:1015F0004042CFE782B0002301930093009BB3F5F4
:10160000001F08D300230093009BB3F5001F0BD3EA
:10161000002002B07047009B019A9B0003F15043E9
:101620001A60009B0133E8E7009B9B0003F15043E5
:101630001B68019A9A4202D1009B0133E3E74FF005
:10164000FF30E6E700B5224801234022DFF888C0DA
:101650004FF0200E89B04FF40061C0E900C3C0E92B
:1016600004E200234FF4C072C0E906234FF4805215
:101670008362C0E90812C0E9023307210323042270
:101680000793CDE90131CDE903210DEB0201CDE94D
:101690000523FAF715F808B1FFF779F80D49082284
:1016A000032340F20360C1E9002300233022C1E993
:1016B00002030B610648C1E905234FF40073CB61B7
:1016C000FFF75FFF08B1FFF762F809B05DF804FBB0
:1016D0007419032450190324404100522D4B1A68F9
:1016E000F0B587B0002A53D10124022703260C2528
:1016F0001C6001A9284B2948D3F8D42042F4805219
:10170000C3F8D420D3F8D430039403F48053009367
:10171000009B40F2FF63CDE90465CDE90137F6F7A0
:1017200041FE4FF6837301A91D480595CDE90137A8
:10173000CDE90346F6F736FE4FF6E07301A91948E6
:101740000595CDE90137CDE90346F6F72BFE48F2C2
:10175000371301A914480595CDE90137CDE90346B2
:10176000F6F720FE4CF2037301A910480595CDE968
:101770000137CDE90346F6F715FE4FF63F0301A901
:101780000B480595CDE90137CDE90346F6F70AFE8A
:1017900007B0F0BD7019032400440258002002581D
:1017A00000100258001C025800180258000C025881
:1017B0000014025808B501F08FFD4FF41670F5F7CC
:1017C00054FBFAE77047704708B50E4A00210E48EF
:1017D000F5F701FB0D4B0E4A002118600D48F5F797
:1017E000FAFA0D4B0D4A002118600D48F5F7F3FA8F
:1017F0000C4B0D4A002118600C48F5F7ECFA0C4B25
:10180000186008BDB8FD0308B5170108C419032402
:1018100094FD03082D520008C019032470FD03082D
:10182000653E0008BC1903244CFD03086112010841
:10183000B81903242DE9F04F91B014220021DFF8EC
:1018400070B20BA8DFF86CA226F088FD924B5846C8
:101850004FF49061D3F8E0200024DFF85C8201258A
:1018600042F480728D4E02274FF00809C3F8E02041
:10187000D3F8E02002F480720092009AD3F8E020BE
:1018800042F00202C3F8E020D3F8E02002F00202A6
:101890000192019AD3F8E02042F48062C3F8E0207C
:1018A000D3F8E02002F480620292029AD3F8E0209A
:1018B00042F04002C3F8E020D3F8E02002F04002FA
:1018C0000392039AD3F8E02042F00802C3F8E02024
:1018D000D3F8E02002F008020492049AD3F8E02042
:1018E00042F00402C3F8E020D3F8E02002F0040242
:1018F0000592059AD3F8E02042F00102C3F8E020F7
:10190000D3F8E02002F001020692069AD3F8E02014
:1019100042F01002C3F8E020D3F8E02002F01002F9
:101920000792079AD3F8E02042F40072C3F8E0204F
:10193000D3F8E02002F400720892089AD3F8E0206D
:1019400042F08002C3F8E020D3F8E02002F08002E9
:101950000992099AD3F8E02042F02002C3F8E0206F
:101960000022D3F8E03003F020030A930A9BF6F735
:101970009DFE4B4B00224FF480611846F6F796FE11
:10198000504600224FF40071F6F790FE40460122C7
:101990004021F6F78BFE304600220221F6F786FE44
:1019A0004FF490620BA95846CDE90B25CDE90D44C3
:1019B000F6F7F8FC10220BA930460D94CDE90B2464
:1019C000F6F7F0FC0C220BA936480D94CDE90B2458
:1019D000F6F7E8FC4FF480720BA940460F94CDE96E
:1019E0000B27CDE90D44F6F7DDFC40230BA92E486B
:1019F0000D94CDE90B34F6F7D5FC0BA958460D94A0
:101A0000CDE90B94F6F7CEFC254B4FF480611846D8
:101A1000CDE90B150BA9CDE90D44F6F7C3FC4FF446
:101A200000730BA95046CDE90B35CDE90D44F6F70F
:101A3000B9FC4FF480720BA95046CDF83C90CDE92B
:101A40000B27CDE90D44F6F7ADFC4FF404130BA9B9
:101A50001648CDF82C90CDE90C35F6F7A3FC4023C1
:101A60000BA94046CDE90B35CDE90D44F6F79AFCBC
:101A70000BA93046CDE90B75CDE90D44F6F792FC84
:101A8000224607210920F6F729FB0920F6F758FB23
:101A900011B0BDE8F08F00BF0044025800040258A6
:101AA000001402580010025800080258001C025886
:101AB00000180258002402580000025808B51248C5
:101AC000124A134BC0E9002300230122C0E904336A
:101AD000C0E90232C0E906330362F6F72CFF08B111
:101AE000FEF755FE00210848F7F758F808B1FEF751
:101AF0004EFE00210448F7F777F818B1BDE808401A
:101B0000FEF745BE08BD00BF701A03240054004014
:101B1000DB3FB00008B51348134A144BC0E900235B
:101B200000230122C0E90433C0E90232C0E90633D0
:101B30000362F6F700FF08B1FEF729FE4FF480516B
:101B40000848F7F72BF808B1FEF721FE00210548F9
:101B5000F7F74AF808B1FEF71AFE0220BDE8084080
:101B6000F7F768B81C1A032400580040551D5000B0
:101B700008B51248124A134BC0E900230023012282
:101B8000C0E90433C0E90232C0E906330362F6F764
:101B9000D2FE08B1FEF7FBFD00210848F6F7FEFF74
:101BA00008B1FEF7F4FD00210448F7F71DF818B15D
:101BB000BDE80840FEF7EBBD08BD00BFC81903240F
:101BC000001C0058DB3FB0002DE9F041BEB00446D8
:101BD0001422002107A826F0C1FBC82200210CA86E
:101BE00026F0BCFB23685D4A934233D108220023D0
:101BF0000CA8CDE90C23F8F7E1FC08B1FEF7C7FD0E
:101C0000574CC020012507A9D4F8E03043F0020367
:101C1000C4F8E030D4F8E03003F002030093009BF6
:101C20001223CDE9070303234E48CDE909530423CA
:101C30000B93F6F7B7FBD4F8E83043F40013C4F87D
:101C4000E830D4F8E83003F400130193019B3EB070
:101C5000BDE8F081444A934249D1082200230CA8F0
:101C6000CDE90C23F8F7AAFC08B1FEF790FD3C4C37
:101C70004FF0120800270326D4F8E030042507A906
:101C80003A4843F08003C4F8E030D4F8E03003F081
:101C900080030293029BD4F8E03043F00203C4F8BF
:101CA000E030D4F8E0300B9503F002030393039B7C
:101CB0001023CDE90976CDE90738F6F773FB4FF429
:101CC000006307A927480B95CDE90738CDE90976C8
:101CD000F6F768FBD4F8E83043F48003C4F8E83042
:101CE000D4F8E83003F480030493049BAFE7204A60
:101CF0009342ACD1102200230CA8CDE90C23F8F7B5
:101D00005DFC08B1FEF743FD154C4FF44052002135
:101D10001848D4F8E03043F00803C4F8E030D4F8B1
:101D2000E03003F008030593059B1223CDE9072358
:101D30000323CDE90913042307A90B93F6F732FB1C
:101D4000D4F8F43043F08003C4F8F430D4F8F4301D
:101D500003F080030693069B79E700BF0054004020
:101D6000004402580004025800580040001C025869
:101D7000001C0058000C025808B50548054B0360CC
:101D8000FCF7E6FF18B1BDE80840FEF700BD08BD4E
:101D90009C1B03240030005237B5394B05460268BE
:101DA0009A426BD1374B4FF0007C374C0221D3F86D
:101DB000D420364842F02002C3F8D4208022D3F841
:101DC000D43003F020030193019B1123C4E90003E5
:101DD00000232046C4E90232C4E9073220222361ED
:101DE000C4E909C24FF4A042C4E90513C4E90B23B6
:101DF000C4E90D33F7F7D3F808B1FEF7C8FC0022A9
:101E000021481146F7F73AF908B1FEF7C0FC2C63F8
:101E100013231F4A082125641E4CC4E90023002314
:101E2000802220462362E362A363C4E902322022B7
:101E3000C4E906124FF00071C4E909124FF42032D0
:101E4000C4E90433C4E90C23F7F7A9F808B1FEF795
:101E50009EFC00220F481146F7F710F908B1FEF773
:101E600096FC6C630022072179202564F6F736F989
:101E7000792003B0BDE83040F6F762B903B030BD59
:101E80000030005200440258301B0324000200526C
:101E9000C0010052C41A032408B50D4800230D4A9E
:101EA00003610363C0E900234FF6FF7242614FF400
:101EB0000002C0E90233C0E90833C0E90A23FCF795
:101EC0001FFD18B1BDE80840FEF761BC08BD00BFAA
:101ED000F41B03240024005870B5BAB00446142241
:101EE000002103A826F03AFAC822002108A826F00B
:101EF00035FA2268264B9A4247D14022002308A88F
:101F0000CDE90823F8F75AFB08B1FEF740FC214B56
:101F1000022600240325D3F8F42003A91E4842F426
:101F20000072C3F8F420D3F8F42002F40072009297
:101F3000009AD3F8E02042F00202C3F8E020D3F880
:101F4000E02002F002020192019AD3F8E02042F070
:101F50000802C3F8E020D3F8E030079503F0080347
:101F60000293029B4FF48063CDE90544CDE903362B
:101F7000F6F718FA4FF4006303A908480795CDE96E
:101F80000336CDE90544F6F70DFA3AB070BD00BF4F
:101F9000002400580044025800040258000C025863
:101FA00010B58EB034220021002401A826F0D6F905
:101FB0002348244B4FF0580C4FF4AB6E4FF4B462EF
:101FC0008461848680F83640C0E900341723C0E974
:101FD00007C340F23733C0E909E340F24633C0E9B2
:101FE0000244C0E90444C0E90B23F6F7B1FE08B18E
:101FF000FEF7CDFB4FF4487302214FF480604FF49D
:10200000A06201940C93ADF834408DF83640CDE9D0
:102010000431FF21CDE906140521CDE908014FF077
:1020200050410748CDE90A12CDE9022401A9002256
:10203000F6F742FF08B1FEF7AAFB0EB010BD00BFD5
:102040002C1C0324001000502DE9F0418CB00446F4
:102050001422002107A826F081F922685F4B9A42DA
:1020600040F0B9805E4B022603250E27D3F8E4200A
:1020700007A95C48002442F008024FF00908C3F8A1
:10208000E420D3F8E42002F008020092009AD3F88A
:10209000E02042F48062C3F8E020D3F8E02002F4AC
:1020A00080620192019AD3F8E02042F40072C3F8F2
:1020B000E020D3F8E02002F400720292029AD3F8F2
:1020C000E02042F04002C3F8E020D3F8E02002F024
:1020D00040020392039AD3F8E02042F01002C3F8C2
:1020E000E020D3F8E02002F010020492049AD3F822
:1020F000E02042F48072C3F8E020D3F8E02002F43C
:1021000080720592059AD3F8E02042F08002C3F86D
:10211000E020D3F8E03003F080030693069BFD2314
:10212000CDE90A57CDE90736F6F73CF94EF6FF033D
:1021300007A92D480B97CDE90736CDE90945F6F7F4
:1021400031F94FF4804307A928480B97CDE90736AA
:10215000CDE90945F6F726F94FF4805307A922483F
:10216000CDF82C80CDE90736CDE90945F6F71AF907
:10217000402307A91E480B97CDE90736CDE909454D
:10218000F6F710F94FF4084307A91A48CDF82C8048
:10219000CDE90736CDE90945F6F704F94FF4E043F8
:1021A00007A914480B97CDE90736CDE90945F6F79D
:1021B000F9F8042307A910480B97CDE90736CDE9B4
:1021C0000945F6F7EFF8582022460521F5F786FF76
:1021D0005820F5F7B5FF0CB0BDE8F08100100050B5
:1021E00000440258002802580024025800180258DF
:1021F0000010025800200258001C02580C4B07B572
:10220000D3F8D42008217A2042F00102C3F8D42068
:102210000022D3F8D43003F001030193019BF5F7BA
:102220005DFF7A2003B05DF804EBF5F789BF00BFCE
:102230000044025808B50C4801230C4A1021836061
:102240004FF4007CC0E900231B23C0E903130023E3
:10225000C0E905C3C0E90733F7F7A4F918B1BDE831
:102260000840FEF794BA08BDD41C03240050005265
:10227000142200212DE9F0418AB004460DEB020042
:1022800026F06CF82268334B9A425FD1324B02251C
:1022900003244FF00A08D3F8D42005A92F480026BC
:1022A00042F480420927C3F8D420D3F8D42002F4A2
:1022B00080420192019AD3F8E02042F04002C3F834
:1022C000E020D3F8E02002F040020292029AD3F814
:1022D000E02042F02002C3F8E020D3F8E02002F032
:1022E00020020392039AD3F8E02042F00202C3F8DE
:1022F000E020D3F8E03003F002030493049B402372
:10230000CDE90848CDE90535F6F74CF8C02305A915
:1023100013480997CDE90535CDE90764F6F742F88A
:102320004FF4407305A90E48CDF82480CDE905355A
:10233000CDE90764F6F736F8042305A9094809979B
:10234000CDE90535CDE90764F6F72CF80AB0BDE80C
:10235000F08100BF0050005200440258001802589B
:102360000014025800040258026808B50C4B9A4247
:1023700015D10C4A40210C48D2F8D43023F48043C4
:10238000C2F8D430F6F7F6F84FF470710748F6F754
:10239000F1F804210648BDE80840F6F7EBB808BD9F
:1023A000005000520044025800180258001402580D
:1023B00000040258032841F2883210B518BF4FF4C8
:1023C000807394B008BF4FF44073044606A91A48BE
:1023D0000C93062306930023CDE90D330F930B9343
:1023E0001393CDE91133F7F73AF910BB40F202230A
:1023F0000222032C4FF4800104900F48CDE90033F2
:102400004FF0F003CDE902324FF005036A46CDE903
:10241000051314BF4FF080734FF0407306A90F935C
:1024200041F28833F7F71BFA003818BF012014B0C7
:1024300010BD0120FBE700BFD41C032400B54FF4FE
:10244000407391B00F4808936C236A4602A9029327
:102450004FF4406309934FF040730B930A230793A3
:102460004FF44053059300230A930F93CDE90D33A6
:10247000CDE90033F7F744FA003818BF012011B056
:102480005DF804FBD41C032400B54FF4407395B0F1
:102490004FF0407201210C9305230F920222069304
:1024A0000023109140F20111139300930B920191BC
:1024B00006A90B48CDE90323CDE90D33CDE911334E
:1024C00010236A4602934FF48003059341F2883348
:1024D000F7F7C5F9003818BF012015B05DF804FB07
:1024E000D41C032400B54FF480738FB041F28832BE
:1024F0000C480693B723694600930023CDE90733C0
:10250000099305930D93CDE90B33F7F7A8F838B984
:10251000FFF7BAFF003818BF01200FB05DF804FBC9
:102520000120FAE7D41C03242DE9F0412E4D8EB092
:1025300000244FF440764FF06608694641F2883235
:10254000284606964FF48077CDF8008009940594CC
:102550000D94CDE90744CDE90B44F7F780F801204D
:10256000F5F768F906969926694641F288322846B9
:102570000096099405940D94CDE90744CDE90B44E8
:10258000F7F76DF80A20F5F755F9FFF77DFF694673
:1025900041F2883228460697CDF8008009940594C8
:1025A0000D94CDE90744CDE90B44F7F758F8012025
:1025B000F5F740F941F288326946284606970096B9
:1025C000099405940D94CDE90744CDE90B44F7F740
:1025D00046F80A20F5F72EF9FFF756FF001B18BF43
:1025E00001200EB0BDE8F081D41C032400B54FF4E7
:1025F000407291B0002324480892852202A9ADF8C8
:10260000063002924FF0407207930B920222CDE9FE
:102610000C2341F28832CDE90933CDE90E33F7F7C7
:102620001EF818B1012011B05DF804FB41F28832A8
:102630000DF106011448F7F7B2F80028F2D1FFF7C0
:10264000B9FE0028EED1812341F2883202A90E485A
:102650000293BDF8063023F0F0031B051B0D43F475
:10266000204343F0A003ADF80630F6F7F8FF00284A
:10267000D8D141F288320DF106010348F7F733F85B
:10268000003818BF0120CEE7D41C032410B5164C27
:102690008EB0164B20462360F6F7D0FF08BBFFF73D
:1026A000C9FDFFF741FFE0B9FFF71CFFC8B9FFF70D
:1026B0009DFFB0B92046F6F775FF90B94FF48073CF
:1026C0000990059041F28832069335230D906946B2
:1026D0000093CDE90700CDE90B002046F6F7BFFFD8
:1026E00000B101200EB010BDD41C032400500052D4
:1026F00008B506480023064AC0E90023FCF766F93E
:1027000018B1BDE80840FEF742B808BD201D0324FB
:102710000018024810B5B4B00446C822002102A82F
:1027200025F01CFE22680E4B9A4217D14FF400325E
:10273000002302A8CDE90223F7F740FF08B1FEF716
:1027400026F8084BD3F8DC2042F04002C3F8DC2026
:10275000D3F8DC3003F040030193019B34B010BD8B
:10276000001802480044025808B514484FF480038A
:10277000134A4FF08061C0E9002300230722C0E91B
:1027800002324FF08052C0E90433C0E90612C0E9BA
:102790000833C0E90A33C0E90D33C0E90F33C0E99B
:1027A0001133C0E91333C0E91533FBF7F1FD18B15C
:1027B000BDE80840FDF7EBBF08BD00BF381E03248D
:1027C0000030014008B514484FF48003134A4FF01D
:1027D0008061C0E9002300230722C0E902324FF0E4
:1027E0008052C0E90433C0E90612C0E90833C0E9E9
:1027F0000A33C0E90D33C0E90F33C0E91133C0E932
:102800001333C0E91533FBF7C3FD18B1BDE8084029
:10281000FDF7BDBF08BD00BFB01D03240038004058
:10282000F0B58DB004461422002107A825F096FDCE
:1028300023684B4A934254D14A4B02260325052470
:10284000D3F8F02007A94848002742F48052C3F883
:10285000F020D3F8F02002F480520092009AD3F8CE
:10286000E02042F04002C3F8E020D3F8E02002F07C
:1028700040020192019AD3F8E02042F00202C3F82C
:10288000E020D3F8E02002F002020292029AD3F88C
:10289000E02042F00802C3F8E020D3F8E03003F073
:1028A00008030393039B4FF40073CDE90A54CDE969
:1028B0000736F5F777FD082307A92C480B94CDE9D7
:1028C0000736CDE90975F5F76DFD802307A928487E
:1028D0000B94CDE90736CDE90975F5F763FD0DB029
:1028E000F0BD244A9342FAD11E4B0226032505244B
:1028F000D3F8E82007A9204842F48042C3F8E82032
:10290000D3F8E82002F480420492049AD3F8E0203D
:1029100042F00102C3F8E020D3F8E02002F0010207
:102920000592059AD3F8E02042F00402C3F8E020B3
:10293000D3F8E03003F004030693069B4FF4805372
:10294000CDE90A54CDE90736F5F72CFD0C2307A98C
:102950000A480B94CDE907360023CDE90935BCE7D9
:102960000030014000440258001802580004025888
:10297000000C0258003800400000025800080258BD
:102980001FB500240D480E4B039484608461C0E998
:1029900000344FF6FF73CDE90144C360F9F756F9EF
:1029A00008B1FDF7F4FE01A9044801940394F9F776
:1029B0006BFB08B1FDF7EBFE04B010BD0C1F032448
:1029C00000100040036884B0194A93420ED1194B9D
:1029D000D3F8F02042F00102C3F8F020D3F8F03031
:1029E00003F001030193019B04B07047124A934224
:1029F0000DD1104BD3F8E82042F00802C3F8E820CC
:102A0000D3F8E83003F008030293029BECE70B4A8B
:102A10009342E9D1074BD3F8F02042F48032C3F857
:102A2000F020D3F8F03003F480330393039BDBE70B
:102A30000000014000440258000C004000400140EA
:102A400010B588B004461422002103A825F086FCA6
:102A500023681C4A934223D11B4B03A91B48D3F87C
:102A6000E82042F00202C3F8E820D3F8E82002F0A0
:102A700002020092009AD3F8E02042F00402C3F868
:102A8000E0208022D3F8E03003F004030193019B9F
:102A90000223CDE903230793F5F784FC08B010BDAA
:102AA0000B4A9342FAD1084BD3F8E82042F01002C7
:102AB000C3F8E820D3F8E83003F010030293029B38
:102AC000ECE700BF00040040004402580008025830
:102AD000001000401422002130B58BB004460DEBED
:102AE000020025F03BFC2368314A93422FD1314B41
:102AF0000224012505A9D3F8E0202F4842F4806282
:102B0000C3F8E020D3F8E02002F480620192019A39
:102B1000D3F8E02042F40072C3F8E020D3F8E030AC
:102B2000099503F400730293029BCDE90544F5F780
:102B300039FC4FF4806305A920480995CDE9053497
:102B40000023CDE90733F5F72DFC0BB030BD1C4A4F
:102B5000934214D1174B08211A48D3F8E02042F0D1
:102B60000102C3F8E020D3F8E03003F0010303933F
:102B7000039B0223CDE90513099305A9E3E7124A54
:102B80009342E2D10B4B05A91048D3F8E02042F064
:102B90001002C3F8E0203022D3F8E03003F0100335
:102BA0000493049B0223CDE9052304230993CAE778
:102BB0000000014000440258002802580024025836
:102BC000000C004000000258004001400010025874
:102BD00010B5002496B01C22214604A80394CDE928
:102BE000014425F0BBFB2C2221460DEB020025F011
:102BF000B5FB2B482B4B8460C0E900344FF6FF73C4
:102C0000C0E90544C0E90334F9F780F808B1FDF7DD
:102C1000BEFD2348F9F74AF808B1FDF7B8FD0024D6
:102C200001A91F480394CDE90144F9F72DFA08B131
:102C3000FDF7ADFD6023002204A919480A94CDE9EF
:102C40000434CDE90644CDE90844F9F701F908B1A7
:102C5000FDF79DFD0024042204A911480494F9F70E
:102C6000C5F808B1FDF793FD4FF400530BA90C48CC
:102C70000F9412941594CDE910344FF00073CDE900
:102C80000B44CDE90D44CDE91334F9F747FA08B107
:102C9000FDF77DFD0248FFF71DFF16B010BD00BF18
:102CA000A41F03240000014010B500248AB01C2298
:102CB000214603A80294CDE9004425F04FFB1648B5
:102CC000164B84608461C0E900344FF0FF33C0E9E3
:102CD0000334F9F71BF808B1FDF759FD69460E48B2
:102CE00000940294F9F7D0F908B1FDF750FD0023E4
:102CF0006022094805930793CDE903230C220DEBCD
:102D00000201F9F7A5F808B1FDF741FD0248FFF708
:102D1000E1FE0AB010BD00BF581F0324000C0040A4
:102D200010B5002496B01C22214604A80394CDE9D6
:102D3000014425F013FB2C2221460DEB020025F067
:102D40000DFB2148042321498460C0E9001340F2AF
:102D5000E733C0E90544C0E90334F8F7D7FF08B109
:102D6000FDF715FD01A9184801940394F9F78CF9B2
:102D700008B1FDF70CFD0024602240F2E63304A9FF
:102D800011480A94CDE904232246CDE90644CDE951
:102D90000844F9F75DF808B1FDF7F9FC4FF400536A
:102DA0000BA909480F941594CDE90B44CDE90D44C6
:102DB000CDE91034F9F7B2F908B1FDF7E8FC0248A3
:102DC000FFF788FE16B010BDC01E0324004001406E
:102DD00010B590B000241422002101A825F0BEFAFD
:102DE0002822214606A8009425F0B8FA25487F221B
:102DF000254B4461C0E90034FF23C0E902234FF4AE
:102E00008003C0E906440361FAF756FB08B1FDF7F9
:102E1000BEFC012201A91B48FAF707FD002301228D
:102E200001A91848ADF804308DF80630CDE9043317
:102E3000FAF799FB08B1FDF7AAFC144B0122694689
:102E400010480093FAF7F1FB08B1FDF7A0FC00234E
:102E5000012206A90B48ADF818308DF81A300793F7
:102E60000D938DF83820CDE90933CDE90B334FF4BC
:102E700000730F93FAF724FC08B1FDF788FC10B03B
:102E800010BD00BFF01F03240040005801010100E5
:102E900010B5B2B00446C8220021684625F05EFA9B
:102EA00022680C4B9A4212D100234FF480026846EC
:102EB000CDE900234FF480732E93F7F77FFB08B121
:102EC000FDF765FC044A136F43F40043136732B007
:102ED00010BD00BF004000580044025808B5174814
:102EE0004FF4E133164AC0E9002300230C221946AF
:102EF0000361C0E905231A46C0E90233C0E907337C
:102F0000C0E90933F9F744FC08B1FDF740FC0021A2
:102F10000A48F9F795FC08B1FDF739FC002107488C
:102F2000F9F7AEFC08B1FDF732FC0448F9F76DFC87
:102F300018B1BDE80840FDF72ABC08BDA82003244D
:102F4000004C00407047000008B516484FF4E133CC
:102F5000154AC0E9002300230C22C0E902330361B3
:102F6000C0E90523C0E90733C0E90933F9F7BEFB1F
:102F700008B1FDF70CFC00210A48F9F761FC08B123
:102F8000FDF705FC00210748F9F77AFC08B1FDF7C9
:102F9000FEFB0448F9F739FC18B1BDE80840FDF71D
:102FA000F6BB08BD142003240010014070B5BEB06C
:102FB00004461422002107A825F0D0F9C8220021D8
:102FC0000CA825F0CBF92368584A934249D1022234
:102FD00000230CA8CDE90C23F7F7F0FA08B1FDF7B0
:102FE000D6FB534B022600240825D3F8E82007A976
:102FF000504842F40022C3F8E820D3F8E82002F455
:1030000000220092009AD3F8E02042F00102C3F8B7
:10301000E020D3F8E02002F001020192019AD3F8F7
:10302000E02042F00202C3F8E020D3F8E0300B9534
:1030300003F002030293029B48F20103CDE9094425
:10304000CDE90736F5F7AEF94FF4807307A93A4892
:103050000B95CDE90736CDE90944F5F7A3F93EB064
:1030600070BD364A93422FD1012200230CA8CDE92E
:103070000C23F7F7A3FA08B1FDF789FB2C4B4FF4AB
:10308000C0612C48D3F8F02042F01002C3F8F020C1
:10309000D3F8F02002F010020392039AD3F8E02054
:1030A00042F00102C3F8E020D3F8E03003F001035E
:1030B0000493049B0223CDE90713002307A9CDE95C
:1030C000093307230B93C8E71D4A9342C7D1022255
:1030D00000230CA8CDE90C23F7F770FA08B1FDF72F
:1030E00056FB134B07A91748D3F8E82042F40032E7
:1030F000C3F8E820D3F8E82002F400320592059ADC
:10310000D3F8E02042F00802C3F8E0207822D3F898
:10311000E03003F008030693069B0223CDE9072362
:103120000023CDE9093307230B9396E7004C0040B9
:1031300000440258000002580004025800100140E8
:1031400000440040000C0258FEE7FEE7FEE7FEE701
:10315000FEE770470820F5F7AEBA00000148FAF71D
:10316000F5BE00BFB01803240148FAF7EFBE00BF58
:1031700010180324FFF7F2BFFFF7F6BF0148F8F776
:1031800070BC00BF3C2103240148F9F749BC00BFD3
:10319000702503240148F5F732BE00BF2C1C032420
:1031A0000148FCF70BBB00BF9C1B0324044808B577
:1031B000F5F7E8FF0348BDE80840F5F7E3BF00BFB7
:1031C000C41A0324301B03240148FBF777BA00BF5D
:1031D000341D03241FB500240E4B0F216FF0010096
:1031E000CDE90244D3F8F42042F00202C3F8F420FF
:1031F0002246D3F8F43003F002030193019BF4F765
:103200006DFF02A8CDE90244F6F77CF8F6F79EF8C8
:1032100004B010BD004402580F2810B504468AB00F
:1032200002D901200AB010BD014600221C20F4F78B
:1032300055FF1C20F4F784FF194B694602A81C6057
:10324000184BD3F8E82042F00102C3F8E820D3F885
:10325000E83003F001030193019BF7F799F8079B0E
:10326000CBB9F7F771F8104C4FF08043236040F270
:10327000E733E3600D4BB0FBF3F0013800236060EF
:1032800020462361A360F8F7E1FC0028C9D120465D
:10329000F8F7A4FBC6E7F7F757F84000E3E700BFED
:1032A00034000024004402583C21032440420F0013
:1032B00004290BD0052902D0022904D07047054B00
:1032C00003221A707047034B19707047014B01229B
:1032D000F7E700BF8821032408B500220B490C48FA
:1032E00000F086FB08B1FDF752FA0A49084800F0E1
:1032F000B7FB08B1FDF74BFA054800F0E3FB18B146
:10330000BDE80840FDF743BA08BD00BFB13201086F
:103310008C2103243C000024F0B5BBB004461422E9
:10332000002103A825F01AF8C822002108A825F0DA
:1033300015F82268284B9A424CD100234FF4802282
:1033400008A8CDE908234FF440132B93F7F736F97B
:1033500008B1FDF71CFA214CF6F73CF80C260025C5
:10336000D4F8E03002270DEB06011D4843F00203BC
:10337000C4F8E030D4F8E030079603F0020301937C
:10338000019B4FF48053CDE90555CDE90337F5F79F
:1033900009F84FF440430DEB060111480595CDE9BE
:1033A00003370323CDE90636F4F7FCFFD4F8D83011
:1033B0004D202A4643F000730521C4F8D830D4F8D4
:1033C000D83003F000730293029BF4F787FE4D2080
:1033D000F4F7B6FE3BB0F0BD0000044000440258D4
:1033E00000040258D0F8DC0300F079BBD0F8DC030D
:1033F00000F0A6BDD0F8DC0300F0B1BDD0F8DC03CE
:1034000000F0C9BDD0F8DC0300F093BDD0F8DC03B8
:1034100000F073BB10B590F8CC330446DBB90F480D
:103420000F4AC0F8DC4302601022C4F8D003427196
:103430004FF480724381C280022203744272F9F712
:1034400051FA08B1FDF7A3F90448F9F77EFF0146E8
:10345000204600F041FB002010BD00BF7025032472
:103460000000044008B5D0F8D003F9F771FF18B197
:1034700002280CBF0220012008BDD0F8D003F9F7C4
:103480005FBFD0F8D003F9F755BF08B590F8CC333B
:1034900013B9084600F074F8C820F4F7CBF90020FF
:1034A00008BDD0F8D0333C2000FB0131CB7D1BB1EF
:1034B00081F83C200020704781F83D20FAE7D0F8E1
:1034C000D0333C2202FB0131CB7D13B191F83C009B
:1034D000704791F83D007047F4F7ACB918B1022875
:1034E0000CBF01200220704708B5D0F8D003F9F7CF
:1034F000F7FEBDE80840FFF7F1BF08B5D0F8D003EC
:10350000F9F703FFBDE80840FFF7E8BF08B5D0F8BA
:10351000D003F9F70CFFBDE80840FFF7DFBF7FB528
:103520009DF820409DF82450BDF828600094CDE916
:103530000156D0F8D003F9F715FF04B0BDE870408C
:10354000FFF7CCBF08B5D0F8D003F9F7B9F9BDE85B
:103550000840FFF7C3BF7FB5BDF828509DF82C6029
:103560009DF82040CDE90256099DCDE90045D0F8EF
:10357000D003F9F7EDF904B0BDE87040FFF7AEBF36
:10358000B0FA80F24FF4806101485209F5F78EB825
:103590000014025808B50549054800F0F5F9054B37
:1035A00001221870044B1A7008BD00BF5129032472
:1035B000DCFD03085529032450290324124B30B5A0
:1035C0001C788BB0154614F0010419D1032919D8C1
:1035D000DFE801F00D02081001A800F0A5F9079B33
:1035E0002B6004E001A800F09FF9089B2B80204687
:1035F0000BB030BD01A800F097F9089B5B0AEFE71C
:103600000324F4E70424F2E73800002438B5F3F784
:10361000DBFB47F22F550446F3F7D6FB031BAB4207
:1036200002D94FF0FF3003E000F074F90028F3D125
:1036300038BD00002DE9F04F85B00E4617461D46F7
:10364000FFF7E4FF002803DA012005B0BDE8F08FA2
:10365000B3070AD00024DFF8D090DFF8C8A0A54255
:1036600007EB040826D100224EE02A4639463046B0
:1036700000F042F902460028E6D12A4847F23053CA
:103680000DF10E010068F3F795FD0028DCD1BDF8BF
:103690000E30022BD8D1F3F797FB47F22F55044693
:1036A000F3F792FB031BAB42CED800F033F90028AE
:1036B000F6D1CAE74FF4007206EB44214846ECF716
:1036C000BFFF01224146484600F016F90246D8B92C
:1036D00047F230530DF10E01DAF80000F3F76AFDFE
:1036E000E8B9BDF80EB0BBF1010F18D1F3F76CFBD0
:1036F0005A46804647F22F5B0192F3F765FBA0EB39
:103700000800019A584505D9A5429DD1101E18BF41
:1037100001209AE700F0FEF802460028ECD10134BF
:103720009DE700BF58290324602903242DE9F04FA9
:1037300085B00E4617461D46FFF768FF002803DADE
:10374000012005B0BDE8F08FB3070AD00024DFF8F0
:10375000CC90DFF8C4A0A54207EB040126D10022DB
:1037600046E02A463946304600F0B8F802460028BE
:10377000E6D1294847F230530DF10E010068F3F706
:1037800019FD0028DCD1BDF80E30012BD8D1F3F79C
:103790001BFB47F22F550446F3F716FB031BAB4206
:1037A000CED800F0B7F80028F6D1CAE70122484683
:1037B00000F094F80246D8B947F230530DF10E01EB
:1037C000DAF80000F3F7F6FCE8B9BDF80EB0BBF18B
:1037D000010F18D1F3F7F8FA5A46804647F22F5BEB
:1037E0000192F3F7F1FAA0EB0800019A584505D9C8
:1037F000A542A5D1101E18BF0120A2E700F08AF84B
:1038000002460028ECD106EB44204FF400724946F2
:103810000134ECF715FF9EE758290324602903249F
:1038200010B50123054C237000F074F818B9237803
:1038300003F0FE032370207810BD00BF3800002481
:1038400038B5124C01252570F3F794FA02281AD1E5
:10385000257000F05FF818B9237803F0FE03237099
:103860002378DBB223702378012B0CD0084D2A6813
:103870004AB902210A20F3F731FC286018B92378ED
:1038800043F001032370207838BD00BF38000024C6
:1038900058290324022307B5ADF806300023054854
:1038A0000DF106011A460068F3F753FC03B05DF80A
:1038B00004FB00BF58290324012307B5ADF80630E7
:1038C000002305480DF106011A460068F3F741FC94
:1038D00003B05DF804FB00BF5829032408B5134664
:1038E0000A4601460348FAF7F7FD003818BF0120E1
:1038F00008BD00BF341D032408B513460A4601461F
:103900000348FAF74BFE003818BF012008BD00BF7E
:10391000341D032408B50348FAF7B7FE043818BF6E
:10392000012008BD341D032401460148FAF79BBE5F
:10393000341D032408B5FFF7ADFF08BD08B5FFF738
:10394000BBFF08BD0F4B30B59C7B012C17D89D7B6E
:103950000024EDB25C559D7B03EB85056860987B88
:10396000184402739A7B501C3032C0B298733A23C9
:1039700020460A704B702F23CC708B7030BD012015
:10398000FCE700BF602B03240022FFF7DBBF70B50C
:1039900040260446002100F561703246002524F0DF
:1039A000DDFC01234FF480722946A37004F11C0052
:1039B00023832570C4F81C236570C4F8C453A67112
:1039C00024F0CCFC29464FF4007204F58E7024F0EC
:1039D000C5FC2946122204F2263024F0BFFC2946F9
:1039E00004F54E703E22BDE8704024F0B7BC0000E4
:1039F00070B50E46044650B3002580F8CC23C0E9CC
:103A0000DF55FFF7C4FF84F8235384F8205384F86C
:103A1000215384F822530EB1C4F8D4630022042148
:103A200010200025F3F75AFB0A4A0B4B2146C4F835
:103A3000D803136018230948C2E90553F3F7CBF9FB
:103A4000C4F8DC032046FFF7E5FC284670BD0220E1
:103A5000FCE700BF702B0324AAF103080F3F010805
:103A6000034641B1D0F8800328B90122C3F8781386
:103A7000C3F8802370470220704790F83C338B4294
:103A800086BF80F8241300200220704770B50446DA
:103A9000002594F84763E8B28E4201D0FF290BD18C
:103AA00094F84863964201D0FF2A05D194F84963FF
:103AB0009E4204D0FF2B02D01A340DB1FF2070BDFE
:103AC0000125E6E710B50446FFF70EFD012120466B
:103AD000FFF7DBFC002010BDC0F8C4137047D0F81E
:103AE000C4230132C0F8C42302780B2A04D1D0F8D1
:103AF0007C330BB19B6918477047002380F8233350
:103B0000012380F82133704770B50446C0F8E013F4
:103B1000D0F8D80316461D46F3F77CFB48B1334670
:103B2000EAB204F57871D4F8D803BDE87040F3F731
:103B300010BB70BD30B5022387B004468DF8173036
:103B400090F82133012B01D10323037023780B2B31
:103B500022D8DFE813F00C0024004600B901210050
:103B60007C009D01570160016A017F01B00194F85A
:103B700020338BB10125C8202570FFF7ADFC20460E
:103B8000FFF7C4FC002384F81C33C4F8C8331A467A
:103B900001212046FFF7B8FF002007B030BD94F8A0
:103BA0002333012B06D1002384F81F330223237013
:103BB0000023ECE7D4F8C833B3F57A7F0AD994F838
:103BC0001F330133DBB2032B84F81F338CBF0D236B
:103BD0000023ECE70A330A20C4F8C833FFF77CFC63
:103BE000E6E7D4F8D43313B1042120469847642083
:103BF0000025FFF771FC2046FFF734FC052384F80D
:103C00001D0300212370204600F02AFD80216071F1
:103C1000204600F025FDA379207101460293802201
:103C20000195204694F81D33009394F81C3300F05E
:103C300003FDA3792A462046CDE9015394F81D33AC
:103C4000009394F81C33617900F0F6FCB0E76378D8
:103C5000072B49D8DFE803F004405A757C99AFBFC1
:103C60000821204600F0ACFA0546F0B994F82D334F
:103C70000122A3716270CDE9010394F81D33009312
:103C800094F81C3321798022204600F0D5FCA379DA
:103C90002A462046CDE9015394F81D33009394F849
:103CA0001C33617900F0C8FC1EE003281CD194F895
:103CB0001E330133DBB2032B84F81E3301D90D23ED
:103CC00008E06179204600F0E2FC2179204600F00E
:103CD000DEFC0023237007E01221204600F070FA7A
:103CE00000283DD10223637001208DF817009DF854
:103CF000173003F0FF02002B7FF44EAF94F83733F8
:103D000084F82423012B77D1082376E00121204673
:103D100000F000FC054670B90220FFF7DDFB03222E
:103D200001236270A27984F81C33CDE9015294F822
:103D30001D230092A6E70328D6D10D23237000236C
:103D4000D1E70921204600F0A7FA48B90423CAE7C1
:103D5000B4F83A13204600F09FFA08B90523C2E7E9
:103D60000328C1D194F81E330133DBB2032B84F84E
:103D70001E33A4D86179204600F089FC21792046C1
:103D800000F085FC00236370A4E794F8341331B18C
:103D9000FF2304F58E72204600F08FFB40B9062306
:103DA00063700023052120461A46FFF7ADFE9BE70E
:103DB000032899D1F3E794F8351351B1FF2304F5A3
:103DC0008E72204600F079FB08B907238BE70328A1
:103DD0008AD10723E4E794F8361309B9002084E771
:103DE000FF2304F58E72204600F067FB0028F5D013
:103DF000033818BF012078E707232370002305212B
:103E00001A46C6E6D4F8D433002B3FF4C5AE0121E0
:103E10002046984778E794F83D13204600F087FB4A
:103E200000287FF4C5AE0923C1E694F83F339B0612
:103E300008D50121204600F087FB8DF817009DF87A
:103E400017300BB90A23B2E69DF81730032B7FF425
:103E5000AFAEF7E7D4F88033002BCFD0002394F82F
:103E60004723C4F87C33D4F878331979914218BFCA
:103E70000023C4F87C33E3B19B6820469847C0B95F
:103E80000623032120462370D4F8D4339847B5E79E
:103E9000D4F87C336BB11B69204698478DF8170026
:103EA0009DF817300BB90B23A7E79DF81730022BAD
:103EB000A4D10D23A1E7D4F87C33002B3FF46CAEE2
:103EC0005B692046984767E60025204684F8215321
:103ED000FFF75DFDD4F87C3323B1DB6820469847BB
:103EE000C4F87C53D4F8D43313B105212046984745
:103EF00094F82233012B06D10023204684F8223384
:103F0000FFF7E0FD54E62046FFF7EEFA50E638B53D
:103F1000044600F578754FF0FF3300222946D4F8A7
:103F2000D803F3F747F90028F5D12046FFF702FE42
:103F3000F1E70121002380F823131A46FFF7E4BDBF
:103F400010B50121002480F82013234680F8214376
:103F5000224680F82243FFF7D7FD204610BD70B5FA
:103F600000250126044680F8216380F8205380F85C
:103F70002353FFF7C2FA2179204600F088FB6179CC
:103F8000204600F084FB20462B462A463146FFF7A8
:103F9000BBFD284670BD08B5002301211A46FFF776
:103FA000B3FD002008BD000073B585780446012DDF
:103FB00005D0022D0ED00125284602B070BD022387
:103FC0008160828103218370002305761A46FFF702
:103FD0009BFDF0E7037E0122013B0A2B23D8DFE89B
:103FE00003F0060E2F39545F858FA4AFB8004279D5
:103FF00000F1100100F0C2FA0223237613E04179A8
:10400000FFF73FFA012815D1E28A94F9103062B126
:10401000002BB4BF0323052323760023032120466E
:104020001A46FFF771FD012528E0002BB4BF0923D4
:104030000723F1E7042801D00228F4D10B23EBE792
:10404000D0F8C4338289C3818168037900F0BDFA56
:104050000423D2E70179FFF714FA012801D10923DB
:10406000DAE7052873D100230325032120461A46E9
:10407000FFF74AFD0123A3700023237600230321C9
:1040800020461A46FFF740FD96E700924379828961
:10409000816800F083FAD4F8C433E3810623ACE7E7
:1040A0004179FFF7EEF901380428BCD801A353F891
:1040B00020F000BFC9400108D34001082740010893
:1040C000D7400108CD4001080723A5E70C2323763C
:1040D000C9E70523A0E70B2303212046237600230D
:1040E0001A46FFF711FD0123A370C7E700220379E9
:1040F000114600F06AFAD4F8C433E38108237CE760
:104100000179FFF7BEF9012809D10D2303212046CB
:104110000025237600231A46FFF7F6FCAAE70428B9
:104120008CD005287FF47FAF9DE700920022437971
:10413000114600F033FAD4F8C433E3810A235CE774
:104140004179FFF79EF90128DFD0022887D00428A3
:1041500073E7437E0133DBB2022B437603D801239E
:10416000037683705FE70026D0F8D43306219847A2
:1041700061792046667600F08AFA2179204600F0BF
:1041800086FA2670AFE700BF30B40D461946837833
:104190001446BDF80820012B0FD1448204F47F445B
:1041A000062365F07F05B4F5407FC282437440F278
:1041B000094318BF00230574838230BCFFF7F4BEA7
:1041C000B1F5007F37B504460D4660D8009100F583
:1041D0008E734FF480720021FFF7D6FF00284ED176
:1041E00094F81C3194F81D2384F8263394F81D317B
:1041F000012A84F82733B4F81E31A4F8283394F840
:10420000203184F82A3394F8213184F82B3394F840
:10421000223184F82C3394F8233184F82D3330D8AC
:10422000202B0CD8072B06D9083B1A4ADBB222FAFE
:1042300003F3DB0705D4082384F82D3301E0402B7A
:10424000F9D1082D1BD9B4F82431A4F82E33B4F8D1
:104250002631A4F83033B4F82831A4F8323394F876
:104260002A3184F8343394F82B3184F8353394F8B8
:104270002C3184F8363394F82D3184F8373303B079
:1042800030BD022A01D1082BDAE70320D9E7032049
:10429000F5E700BF01010001B1F5807F2DE9F04F86
:1042A000054687B00E4600F2CD8000F11C04009157
:1042B0004FF4007200212346FFF766FF00283DD12E
:1042C0002B7FB5F81EE0092B95F820B018BF092305
:1042D00085F83CB318BF2B77BEF5807F2B7F28BFB6
:1042E0004FF4807E092E85F838336B7FA5F83AE3CA
:1042F00085F8393395F8213085F83D3395F822302B
:1043000085F83E3395F8233085F83F3395F824300F
:1043100085F8403340F2CF800020294609228446A8
:10432000BCF1020F0AD096450BD85B465FFA8CFCB5
:10433000022B28BF0223634500F2848007B0BDE84A
:10434000F08F23781C441A44637892B2042BE7D18F
:104350002378092B1CBF09232370237881F842336B
:10436000637881F84333A37881F84433E37881F8A4
:10437000453394F8048081F84683637981F84733A4
:104380000293A37981F84833E679039681F849636B
:10439000267A81F84A63B8F1000F00F088809645CC
:1043A00050D91A26023B4FF0000906FB0CF6DBB28F
:1043B0000496059323781C441A44637892B2052B23
:1043C0003CD1029B012B3FD1059B012B3CD8039B89
:1043D00023B92378092B01D009232370049E09F106
:1043E0000100237806EBC000284480F8443363784A
:1043F00080F84533A37880F84633E37880F8473374
:10440000A688A0F84863A77980F84A73701E95F8CB
:104410001DA3B0F5007F2CBF03200020BAF1000FD0
:104420001DD103F00303022B11D1B6F5007F88BF25
:104430000320B9F1000F37D14FF00109C14536D241
:104440009645B7D8032079E74FF00703C5E71BB9B6
:10445000412E28BF0320ECE7013F0F2FE7E7BAF119
:10446000010F10D113F0010FF2D003F00303012B61
:1044700004D1013F0F2FEBD90320DAE7002FFBD047
:10448000B6F5806FE5E7BAF1020FF5D113F003033B
:1044900003D1082E18BF0320CBE7032BECD10FB1BB
:1044A000092ED6E71846C4E7B8F1020FCAD80CF1B6
:1044B000010C1A3134E7002040E7B3F5007F73B5F3
:1044C000044615461E4623D812B341F440720093A9
:1044D000002100F58E73FFF757FE90B994F81D3157
:1044E000032B0ED194F81C31024604F58F74023B65
:1044F000B34228BF33469BB291B28B4203D800230C
:104500002B7002B070BDA15C023205F8011BF3E70D
:104510000320F6E78378012B05D14FF4A063418295
:1045200003820023436100221146FFF73DBD8378DB
:10453000012B05D14FF410634182038200234361B4
:1045400000221146FFF730BD8378012B05D14FF4CF
:104550004073418203820023436100221146FFF72A
:1045600023BD8378012B05D14FF4817381820361D0
:104570000023C38200221146FFF716BD1FB5002499
:104580000B4611460822CDE90043CDE9022423461B
:104590002246FEF7E0FF204604B010BD30B590F88B
:1045A0001D5385B00C461946002D9DF8203001940E
:1045B00018BF0023CDE902230123009300231A46EC
:1045C000FEF7C9FF002005B030BD30B5002485B02E
:1045D0000D46194623460195CDE902240122009299
:1045E000FEF7B9FF204605B030BD30B590F81D5339
:1045F00085B00C461946002D9DF82030019418BF57
:104600000023CDE902230123002200930223FEF7B9
:10461000A2FF002005B030BD30B5002485B00D46A6
:10462000194602230195CDE9022401220092FEF7EA
:1046300092FF204605B030BD1FB5BDF82040029462
:104640009DF81C4001949DF818400094FEF767FF08
:10465000002004B010BD08B5FEF774FF002008BDAF
:1046600000F56072002310B552F8044F240408D4FA
:1046700000EB830041F40041DAB2C0F88413D0B2F9
:1046800010BD0133102BEFD14FF6FF72F7E70F2962
:104690009FBF00EB8100D0F88433C3F30E03C0F852
:1046A00084330020704700207047D0F87C3370B509
:1046B000DC690646237B012B00F0E5800A2B00F025
:1046C000C380002B40F0BE80B4F8F81022788A42F4
:1046D00040F2B0803425012205FB014383F891208C
:1046E00093F89030082B0FD8DFE803F0050E2A5D11
:1046F00013700E0EA000042305FB014181F89030D9
:10470000D0F8C433C4F800310023042130461A46DF
:1047100096E005FB0142C9B29F3200F00DFB38B9AB
:10472000B4F8F830022205FB034383F89020EBE74E
:10473000022877D1B4F8F830052205FB0343F4E7EB
:10474000C9B200F0A3FA88B9B4F8F830342202FBF9
:10475000034393F89220003A18BF012283F8C12046
:104760000322A3F8902083F89200CDE702280ED10F
:10477000B4F8F830342202FB034393F89220023A53
:1047800018BF012283F8C12040F20512E9E704288E
:10479000BAD1B4F8F830342202FB03434FF402726A
:1047A000A3F89020B0E705FB0142C9B2943200F0B3
:1047B00090FA0028BCD1B4F8F830012205FB03457B
:1047C0001344A5F89020A4F8F8309DE705FB0142BA
:1047D000C9B29C3200F00EFBE8B9B4F8F83005FB22
:1047E000034595F89C2002F0FB02022A0BD1D4F875
:1047F0000001D6F8C413091A42F20F70814202D8A0
:1048000085F8902080E73422012102FB03420B440B
:1048100082F89010D7E7022804D1B4F8F83005FBED
:104820000343BBE704287FF46FAFF6E70131A4F838
:10483000F81069E70A220421A4F8F83022731A4616
:10484000FFF762F9012070BDB4F8FA3022789A427D
:1048500013D93421A4F8F830D0F8D42301FB034352
:1048600093F891303BB902219047B4F8FA30013304
:10487000A4F8FA3048E70621F6E70023A4F8FA3056
:104880000123237340E70020DDE7D0F87C230346B3
:1048900010B5D469A27B022A04D0032A22D00AB11F
:1048A000012010BD2146184600F0D5F8032816D186
:1048B000002323702378022200210020022B84F899
:1048C000922084F8C11096BF01331346DBB2012B4E
:1048D00023701CBF84F8C62084F8F510E1E7002897
:1048E000DFD1E7E70021FFF73CFE0028D8D1E37BCA
:1048F000A373D5E738B5D0F87C330446DD69697910
:1049000039B1FFF7A8FE69792046FFF7C0FE002302
:104910006B71297941B12046FFF79DFE2979204628
:10492000FFF7B5FE00232B71D4F87C33D86928B18A
:1049300021F02AFAD4F87C330022DA61002038BD55
:104940002DE9FF41D0F87C13502306220546097952
:10495000FFF79CF80128064604D90227384604B020
:10496000BDE8F08101462846FFF787F80746002892
:10497000F3D1D5F87C834FF4827021F0FDF9044621
:10498000C8F81C000028E8D04FF48272394623F0A2
:10499000E5FC1A2202FB065302FB065693F94E036E
:1049A00093F84E130028B3F8503396F85623284650
:1049B000ACBFA171E17196F95613B4BF6381238135
:1049C0000029B6F85833ADBFA271E271638123812B
:1049D000A179FFF745FEE17960712846FFF740FEB7
:1049E0002071284600F040F8A2790AB90327B5E7FC
:1049F0002389002BFAD0022602932846019695F8C7
:104A00001D33009395F81C336179FFF715FEE279A9
:104A1000002AEBD06389002BE8D02846CDE901635A
:104A200095F81D33009395F81C332179FFF704FEA8
:104A3000217900222846FEF734FD002261792846BC
:104A4000FEF72FFD8AE74FF621710022C0E904121C
:104A50001146FFF7A9BA4FF480324FF6A16CC0E9B6
:104A600004C20122FFF7A0BAD0F87C330020054928
:104A7000DB69054AC3E91512012283F8502083F847
:104A8000522070475553424350403020D0F87C3379
:104A900073B5DC69054694F85030013B0A2B19D8F0
:104AA000DFE813F00B001C003C00460063006D00C3
:104AB0008E009600C400CF00E8000223012284F893
:104AC000611004F1540184F85030637900921F2280
:104AD000FFF78BFD0126304602B070BD6179FEF70D
:104AE000D0FC012801460AD1E36D002B60D094F977
:104AF0006030002B60DA032384F8503054E0022841
:104B000008D1012384F8503000231A462846FEF7C6
:104B1000FBFFDFE70528DDD10A23EDE72379628972
:104B2000D4F88C10FFF778FD042384F85030D1E7D7
:104B30002179FEF7A6FC012873D1E36D62899342C7
:104B40000BD9D4F88C109B1A28461144E3652379BD
:104B5000C4F88C10FFF760FDBCE700230722E36573
:104B600084F850201A460221D0E701216379228976
:104B70000091D4F88C10FFF738FD0623D5E7617952
:104B8000FEF77FFC012815D1E36D228993420DD9F0
:104B9000D4F88C109B1A1144E3656379C4F88C1027
:104BA00000902846FFF721FD0023DBE70023E365A3
:104BB0000723A1E7022801D105239DE70528AAE7DD
:104BC00023790D2204F17801FFF726FD0823ACE7D5
:104BD0002179FEF756FC012823D184F8500084F88F
:104BE00052002846D5F87C33DC692179FEF745FC74
:104BF0000D2814D1A26F244B9A4210D1E26FA36DFD
:104C00009A420CD194F88460003E18BF01267600C9
:104C10000023022128461A46FEF776FF5BE70226AC
:104C2000F6E705287FF456AF092365E7E179FFF73A
:104C300098FC08B9072378E704287FF44BAF0B23CF
:104C400073E7A179FFF78DFC064688B9617928469C
:104C5000FEF735FCC0F1010261792846D2B2FEF7B9
:104C600020FC324621792846FEF71BFC09235CE72D
:104C70000428E2E7FFF7E7FE064600287FF42BAFA3
:104C8000012384F8503026E75553425338B5D0F805
:104C90007C33DC6994F85250012D04D0022D14D0DD
:104CA0000225284638BD00210A23102204F16300A2
:104CB00084F86230E16584F8601023F04FFB022332
:104CC00084F8505084F85230EBE7BDE83840FFF7E5
:104CD000DDBED0F87C3370B5DC69154694F85260BF
:104CE000012E03D0022E1AD0012070BD08230F22FE
:104CF000002104F16400E365802384F8603023F030
:104D00002DFB42F20A5384F85060A4F8623002236B
:104D100084F8523004F11003C4F88C30E4E7FFF754
:104D2000B5FE0028E1D1D4F88C2013681BBA2B60A3
:104D3000D3885BBAAB80D8E770B51646D0F87C2331
:104D40000B46D46994F85250012D04D0022D1FD087
:104D50000225284670BD80215B01242284F8505032
:104D600084F86010002184F864300223C4F86510D0
:104D7000C4F8691041F20A2184F8523004F110039A
:104D8000E265A4F8621084F86720C4F88C30E0E78C
:104D9000FFF77CFE05460028DBD101462222304683
:104DA00023F0DCFAD4F88C3006F10C011A7802F00A
:104DB0001F0272701A785209327093F90120002A8A
:104DC000BCBF0122B2709A68C6F80320DA68C6F840
:104DD0000720D4F88C3003F11002203352F8040B72
:104DE0009A4241F8040BF9D1D4F88C301B6AC6F80A
:104DF0001D30AEE7F8B5D0F87C330E461546DF69B6
:104E000097F85240012C04D0022C20D002242046D6
:104E1000F8BD0E258023002107F1650087F860307A
:104E20002A46FD65760123F099FA40F20A3387F8A5
:104E30006460A7F86230022387F8675087F8523021
:104E400007F1100387F85040C7F88C30DFE7FFF711
:104E50001DFE04460028DAD1D7F88C309A7802F08B
:104E60000F022A701C7B6C705B7BAB70A4F13A0361
:104E70005C425C41A400CAE72B4BD3F8882042F483
:104E80007002C3F888201A6942F010021A61274A9A
:104E9000136803F00F03062B05D8136823F00F03E4
:104EA00043F007031360224B1A6842F001021A60B4
:104EB00000221A611F4A19680A401C491A600A68D0
:104EC000120705D50A6822F00F0242F007020A60B5
:104ED000002219499A61DA611A6299621749D96206
:104EE000174919635A639963DA6319645A64196834
:104EF00021F4802119601A664FF0B042D2F8E430F4
:104F000043F48043C2F8E4300E4B1B686FF30F0389
:104F1000B3F1005F03D20C4B0122C3F808210B4B05
:104F200043F2D2021A60704700ED00E00020005208
:104F3000004402587FEDF6EA000202020000FF0181
:104F4000800201010010005C00800051004000520E
:104F5000DFF834D0FFF790FF0C480D490D4A0023CD
:104F600002E0D458C4500433C4188C42F9D30A4A1E
:104F70000A4C002301E013600432A242FBD323F069
:104F800011FCFBF787FB7047000008240000002499
:104F9000C00700240C890408C08100243839032488
:104FA000FEE78088704770B503680C46002105460F
:104FB0005B6A984706462B682846A41B1B6AA4B266
:104FC0009847B4FBF0F070BD00238380704710B5A4
:104FD0000368044681885B6A9847A3880133A380ED
:104FE00010BD03685B6A184770470000024A026000
:104FF00000228280704700BF08FE0308806A704765
:10500000B0F95C007047B0F95E007047B0F960001D
:105010007047B0F962007047F8B51E4603680F4646
:1050200004461546C0E92112D0F88C10D3F8B030F0
:1050300098470EB9ED1BAEB2BDF81830A4F89060D9
:10504000A4F89230F8BD10B5D0F884400C60D0F8C8
:1050500088101160B0F890201A80029BB0F892205E
:105060001A8010BD10B5D0F884400C60D0F88810BC
:105070001160B0F890201A8010BDD0F884300B6019
:10508000D0F8883013607047C0F894107047D0F89B
:105090008C00704780F85410704790F854007047A7
:1050A000704710B50446B42119F07AF8204610BDB7
:1050B00070B5D0F88430044616469942B8BF1946F8
:1050C000D0F888309942A8BF19460D4692B90368B6
:1050D000D3F8B0309847D4F8B00068B30368DB6801
:1050E000984748B3D4F8B00021460368BDE8704043
:1050F0009B681847D0F8A430002B08DD06F096FC1A
:105100002146043006F0B7FC002384F89830236869
:105110002046D3F8BC3098470023C4F8A460C4F8F4
:10512000A830C4E9270506F081FC2146043006F0CA
:1051300051FD012384F8983070BD10B50368044612
:10514000D3F8C830984710B12046ECF7E9FC10BD01
:1051500010B5D0F8843004469942B8BF1946D0F84B
:1051600088309942A8BF1946D0F88C308B4210D0B5
:10517000C0F88C10D0F8AC0058B10368DB689847D1
:1051800038B1D4F8AC0021460368BDE810409B68F4
:10519000184710BDF7B505460C46A9B1B0F89260A6
:1051A00001ABB5F89010D5F88C70891BD0E92102BD
:1051B000121A381A07F0BAFF214601ABB5F8902051
:1051C000304407F0B3FF84B2204603B0F0BD70B5A1
:1051D00090F898300446002B35D0D0F8A800002174
:1051E000D4F894500130D4E92732C4F8A80080B232
:1051F000D21AB4F8A43012B2A847D4F89C1023688D
:1052000001442046D3F8B0309847D4E929329A4275
:1052100019DB0025C4E9295506F008FC21460430B5
:1052200006F029FCD4F8B00084F8985058B103680F
:10523000DB68984738B1D4F8B00021460368BDE870
:1052400070409B68184770BD074A02600022C0E9A1
:105250000122C0E90322C0E90522C0E907224FF478
:1052600080728284704700BFA406040870B503688A
:10527000044615469B6B9847236829462046DB6BFE
:10528000BDE8704018472DE9F84300F158091F4662
:10529000BDF9208004460E4648461546ECF78AFCC8
:1052A000424639464846FFF7E1FFB4F90820F319B2
:1052B0009A4205EB0802B8BF2381B4F90A30934241
:1052C000B8BF6281BDE8F88310B504462C3003F006
:1052D00050FEB4F936202046B4F93410FFF7C6FF6B
:1052E00010BD0000F7B504460025FFF7ADFF234BC6
:1052F00026464FF6FF7726222946A56246F82C3B24
:105300003046ADF8047023F029F83046FFF79CFFD3
:105310001B4B84F8547004F15807E36201A9BDF8EF
:1053200004303046A4F8523003F023FE3846FFF72D
:105330008BFF144B2A462946A3656423304684F824
:105340009850C4F89030C4E922350F4BC4E9205579
:10535000C4F89430C4E92755C4E92955C4E92B554C
:10536000ECF728FC3146204600F01BF82046394671
:1053700000F017F8204603B0F0BD00BF3CFE030864
:10538000D405040810FF030867D70108836A0020CA
:1053900003E05A1A9B69504250410BB10028F8D0E3
:1053A0007047002348618B61836A0BB98162704743
:1053B0001A469B69002BFBD191617047002203E0E4
:1053C00099698162C3E90522836A002BF8D170478D
:1053D0000023836270472DE9F0411F4690F8243086
:1053E0000D46164603B13860846A23E094F82530F0
:1053F000FBB1B4F9040085421BDB238981B213FAA7
:1054000080F000B2854214DAB4F90600864210DB5F
:10541000638982B213FA80F000B2864209DA236807
:10542000B21A691A2046D3F8248012B23B4609B258
:10543000C047A469002CD9D1BDE8F08100220280C8
:1054400042808280C280704770B50D461646846ADD
:1054500006E023682046324629465B6D9847A469DA
:10546000002CF6D170BD38B50D46846A05E02B6876
:10547000214628469B689847A469002CF7D138BD7F
:10548000704710B504462C2118F08AFE204610BD46
:10549000836AABB18B4207D100219A69596182625C
:1054A00002B97047996170471A469B698B4205D1D2
:1054B000996991610022C3E905227047002BF3D15D
:1054C0007047836A30B40D46044611461BB9036821
:1054D00030BC1B6E18470DB1AB4203E09361A26272
:1054E00004E09D4204D19A698A6199614C6102E0AD
:1054F0009B69002BF5D130BC704700232DE9F043A8
:105500009C468D6A1F469E4619461A461E461C46F4
:10551000038043808380C3803BE0B5F90890B9F1F4
:10552000000F35DDB5F90A80B8F1000F30DD002C31
:10553000B5F90460B5F9063001DD002A04DC314616
:105540001F4642464C461FE0B1428C46BE462144AF
:10555000A8BFB4469F423A444E44A8BF9E46434427
:1055600009B212B2774636B21BB2B142ACBFCCEB35
:105570000104CCEB06049A42ACBFCEEB0201CEEBA9
:10558000030124B20AB2614601239E469C461E4690
:10559000AD69002DC1D103B14780BEF1000F00D02D
:1055A0000180BCF1000F00D0C28006B18480BDE84C
:1055B000F08300002DE9F04F6A4C9FB00646246846
:1055C000289D94F84D80002403932C80299D2C80E5
:1055D0001C60CDE90112FFF7FEFEB8F1030F40F3A6
:1055E000BD8031460AA807F071FC039BD3F80090F8
:1055F000B9F1000F21D049460EA807F067FC019BC6
:10560000BDF92840BDF938201C44BDF93C30BDF936
:105610003A1003EBD37302EB6303029AE41ABDF969
:105620002A301344BDF93E2002EBD27201EB620234
:105630009B1A5B4304FB043401E04FF0FF34B8F1E4
:105640000C0F4FF00303484F0EADD8BF08F1FF32E7
:10565000C246D8BFB2FBF3F300930FCF0FC50FCFF5
:105660000FC50FCF0FC597E80F00002785E80F0083
:10567000009B07F001050EAA01374FF0000B02EB6B
:105680004515BAFBF3F39BB20493049B296811FB05
:1056900003F18BB20593019B13FA81F1B6F9043043
:1056A00009B2994250DB328913441BB299424BDA5A
:1056B000049B6A6812FB03F293B20693029B13FAEF
:1056C00082F2B6F9063012B29A423DDB7089034489
:1056D0001BB29A4238DA00233046099309ABFFF730
:1056E0007AFE099981B349452ED00CA8079107F09D
:1056F000EDFBBDF93400019ABDF930C000EBD0706C
:10570000BDF928300CEB600002991344BDF932C09A
:105710001A1ABDF93600BDF92A3000EBD0700B44DF
:1057200007990CEB60001B1A5B4302FB0233A34298
:1057300009D2099A1C4603980260289A059810809D
:10574000299A0698108089460BF1010B0835BBF1A8
:10575000040F9AD1009BC2449F4289D11FB0BDE87B
:10576000F08F00BFA42B03247CD30308F0B5B1F95C
:1057700000208E88B0F900C0164436B2B44504DA71
:10578000858865442DB2AA4205DB0023038043804F
:105790008380C38027E0B1F90270CC88B0F9023071
:1057A0003C4424B2A342F0DAC4881C4424B2A74289
:1057B000EBDA6245B8BF6246BB42B8BF3B46AE4279
:1057C000D4BFC2EB0607C2EB050787804D88C988A6
:1057D00002802944438009B2A142D4BFC3EB010532
:1057E000C3EB0405C580F0BD2DE9F34190F82530E9
:1057F000A3B3846A94B3B1F90060B1F90250B1F96E
:105800000470B1F9068094F8253023B3211D684651
:10581000ADF80060ADF80250ADF80470ADF8068048
:10582000FFF7A4FFBDF90430002B14DDBDF90630ED
:10583000002B10DDBDF800306946A28820469B1A77
:10584000E288ADF80030BDF802309B1AADF80230A6
:1058500023689B689847A469002CD4D102B0BDE8A6
:10586000F08173B590F825300D46164643B3846A2F
:1058700034B394F825300BB328686B46696803C3CA
:10588000211D6846FFF772FFBDF90430002B15DDBE
:10589000BDF90630002B11DDBDF800306946A28845
:1058A00020469B1AE288ADF80030BDF802309B1A02
:1058B0003246ADF802302368DB6D9847A469D7E71C
:1058C00002B070BD036813B5D3F8B4400023CDE92E
:1058D00000336B46A04702B010BD012380F84F3063
:1058E00080F871307047012380F84F3080F87130B4
:1058F0007047436801225A72406803681B69184761
:10590000406803689B68184730B58BB004689DF801
:10591000585009959DF8545008959DF8505007959A
:10592000BDF84C5006959DF8485005959DF844509B
:105930000495BDF840500395BDF83C500295BDF864
:105940003850CDE900351346246C0022A0470BB037
:1059500030BD0000044B1B7823B190F8720080F03A
:105960000100704701207047982B032410B50446AE
:10597000406803689B68984794F8713013B101231D
:1059800084F8723010BD10B50446EEF71DFDEFF738
:10599000BFFB60680368DB689847E06803689B6842
:1059A0009847236820469B6FBDE81040184708B50C
:1059B00003680446D3F8843098472368DB6F204699
:1059C000984794F84C30022B01D0EEF749FD23683C
:1059D0005B6FF4E77FB503680446604ED3F8C030D0
:1059E0009847002800F0A98094F84C30022B02D090
:1059F0000120EFF78EFB94F86E30002584F86F30AD
:105A000094F87D3084F86E5084F84F5033B1236899
:105A10002046D3F8D430984784F87D5094F84E301F
:105A20000125626883F001033570537205F0FEFFB3
:105A300003685B6B984794F86F300BB984F86F502C
:105A400005F0F4FF03685B699847206E03681B69E3
:105A5000984794F86F3094F87020013BDBB284F8DB
:105A60006F300AB1002BEBD13D4A94F96C101378DA
:105A700001335BB29942137014DC0023E06802A981
:105A8000137003AA0368DB689847236830B1D3F822
:105A9000CC302046DDE90212984703E0D3F8D0303D
:105AA00020469847002360698DF8073058B1036895
:105AB0000DF10701DB68984728B1206E9DF80710AB
:105AC0000368DB68984704F1200017F0BFFF94F8E3
:105AD000743043B3206903681B699847A36F054678
:105AE00003B91FE0C31A1F4A93421CD920690368F7
:105AF0009B699847A36F6422EB1AB3FBF2F3B0FBE8
:105B0000F3F3002B04DD632B04DCD31ADBB202E0D9
:105B1000134600E000232069002184F86D300368FB
:105B2000DB699847A56723682046D3F8E03098479B
:105B300005F07CFF03689B6B984723682046D3F8E9
:105B4000C430984794F84C30022B02D00120EFF774
:105B5000E1FA0023337004B070BD00BF952B03241D
:105B6000942B032400E1F50510B50446EEF75CFC28
:105B7000002263689A7210BD0166203017F064BF7E
:105B800010B586B0044604A8CDE9041205F004FD62
:105B9000049B0DF10E0103A8ADF80C30059BADF888
:105BA0000E3005F051FD94F8731004F12000BDF89B
:105BB0000C20BDF80E3049B100931346B4F86410C0
:105BC000B4F8682017F050FF58B104E017F08EFFCA
:105BD000012384F87330BDF90C306366BDF90E30D3
:105BE000A36606B010BD10B5002B49D081EA0200B3
:105BF000C40709D50B44013A03E012F8010F01F87C
:105C0000010B8B42F9D83BE0D00742BF12F8010BE1
:105C100003F1FF3301F8010B012B17D981EA0204CC
:105C20001046A40729D023F001040C4403E0128895
:105C3000023021F8022B8C420246F8D803F001030F
:105C400004E032F8020B023B21F8020B23F00300C0
:105C5000084403E02468043241F8044B88421446A7
:105C6000F8D803F00303013A0B4403E012F8010FE4
:105C700001F8010B8B42F9D802E09007E1D1E5E78A
:105C8000012010BD10B590F87330044653B1B0F840
:105C900068300121B0F86420203017F027FF00237E
:105CA00084F8733010BD00002DE9F043054685B03F
:105CB000002099460DF10C0C0C4603901746A8697C
:105CC0000668CDF804C0BDF830C0CDF800C0366815
:105CD000B047134E8046A6F80090EDF76BFA0368C4
:105CE0001B6B984710B1012807D00EE03288039B48
:105CF00007FB0242A3EB420306E0338807FB0344A1
:105D0000039B04EB44041B1B2B64E86920B103686C
:105D100032881B68296C9847404605B0BDE8F0837F
:105D20009C2B03241B4B2DE9F0411C880D4690F859
:105D300081300646076CB4FBF3F4EDF73BFA0368D9
:105D40001B6B9847012809D002280FD0A0B9124B2D
:105D50006C431B885C43A7EB44070DE00E4B6C4380
:105D60001B885C4304EB44043F1B05E00A4B65437E
:105D70001B885D43A7EB8507F069376438B103687A
:105D80003946054A1B681288BDE8F0411847BDE84E
:105D9000F08100BF9A2B03249C2B0324F0B58BB019
:105DA000164604460D461F46EDF704FA03681B6BC2
:105DB00098479DF85420236829460790CDE90802AA
:105DC0000C4A2046128806929DF8502005929DF8B4
:105DD0004C200492BDF848200392BDF84420029262
:105DE000BDF84020CDE9007200221F6C3346B84751
:105DF0000BB0F0BD9C2B03242DE9F0431F46036834
:105E00008BB01646D3F840800D46134B0446B3F8CA
:105E10000090EDF7CFF903681B6B98479DF8583059
:105E200000222946CDE9080302232046CDE9069346
:105E3000012305939DF854300493BDF8503003932B
:105E4000BDF84C300293BDF84830CDE900733346BD
:105E5000C0470BB0BDE8F0839C2B03242DE9F04331
:105E60001F46036887B00D46D3F85C801646104B7A
:105E70000446B3F80090EDF79DF903681B6B984753
:105E80009DF8443032462946CDF80C90CDE9040304
:105E90009DF8403020460293BDF83C300193BDF898
:105EA000383000933B46C04707B0BDE8F08300BFE1
:105EB0009C2B0324074B10B51B7804463BB10368A9
:105EC0005B6B9847236C834201D1606C00E0206CCF
:105ED00010BD00BF982B03242DE9F04F04468FB06E
:105EE00010460D4691461E4609F0CEFA002800F0F5
:105EF000D08023682046DFF8ACA1DB6A984723688E
:105F00002046DFF8A4811B6B9847BAF80030624F37
:105F100007A80193B8F80030DFF884B102933B88FA
:105F2000ADF81C900393BBF80030049309F044FBD8
:105F3000388007A809F074FB584B80B21B78ABF887
:105F400000001BB93B88AAF8003002E0AAF8000064
:105F50003888A8F800004846D4E9108709F094FA78
:105F60000146C4E91000E06920B10368BAF80020D6
:105F70001B68984700222846B5F904901146B5F9E8
:105F800006A0EBF717FE012395F825B085F825301C
:105F9000B6F90420B6F90630002A05F104020ADD3C
:105FA000002B08DD68680AAB516803C331460AA8B4
:105FB000FFF7DCFB03E00AAB6868516803C3364BAC
:105FC0000021B3F90020364B0C91B3F90030ADF845
:105FD0003420ADF8363008ABDDE90A0183E8030070
:105FE00018460CA9FFF7C2FB236D0BB9002019E07E
:105FF00007A809F059FC0646206D03681B6B9847FB
:106000008642F3D1EDF7D6F80368064607A89B6BE6
:10601000059309F049FC059B01463046984780F0FE
:106020000100C0B284F85C0000266B6928462A682B
:1060300008A96E61059392689047059B49462846DA
:106040006B61524684F85C6085F825B0EBF7B2FDD1
:10605000144E019B2046029A3380134B1A80039AF8
:106060000D4B1A80049A0E4B1A802368C4E91087DE
:10607000DB6A9847236820461B6B9847E56945B162
:106080002B6820461F68FFF715FF32880146284617
:10609000B8470FB0BDE8F08FA02B0324962B032444
:1060A0009E2B03249C2B03249A2B03242DE9F041DF
:1060B0001F468AB04FF480631546BDF84C8000241B
:1060C000064608FB075504948DF82040CDE90131C0
:1060D000BDF84030ADF81830BDF84430ADF81A3096
:1060E000BDF84830ADF81C30FFF7E4FE00EB45008A
:1060F000ADF81E808DF8214001A905907068ADF8BB
:1061000022408DF8244003685B6898470AB0BDE8D8
:10611000F0812DE9F0438BB0154698460024BDF878
:1061200050904FF400630F46064609FB085504944F
:10613000CDE90134FFF7BEFEBDF8483000EB450065
:10614000ADF81C40ADF8183001A90590BDF84C30F1
:106150007068ADF81A30ADF81E90049708948DF869
:10616000244003685B6898470BB0BDE8F0830000EB
:1061700010B59DF80C000B2896BF054C0024245C3C
:10618000BDF80800E40802FB001004FB003010BD5D
:1061900098FF03082DE9F0438DB004461E469DF894
:1061A0006C509DF860300B2D9DF86400BDF8689030
:1061B0009DF8708013D0022D08D1FF2B04D1002848
:1061C00014BF402020200BE0402009E0FF2B04D129
:1061D000002814BF0420012002E0042000E08020F9
:1061E00005920027BDF854208DF82830ADF8202006
:1061F000BDF858200697ADF82220BDF85C20CDE907
:1062000003012046ADF82420FFF754FEBDF85020CE
:10621000034631462046CDE90098FFF7A9FF9DF8D7
:106220007430079003A96068ADF826908DF8295066
:106230008DF82A808DF82B308DF82C7003685B6800
:1062400098470DB0BDE8F0832DE9F04F8DB01546AD
:1062500080469B469DF860A00023BDF864700C4604
:10626000BAF1FF0F9DF8686006930CBF0222082266
:10627000BDF85890CDE90323FFF71CFE5A460346AC
:1062800029464046CDE90076FFF772FF0790C6B970
:10629000BAF1FF0F15D162091A4B02F4FC6203EA4E
:1062A0001423C4F3C40413431C4347EA09031D43E6
:1062B000A4B2EB075FBF7F0802264FEA590904EB3F
:1062C0000444BDF85C3003A99DF86C20ADF8223081
:1062D0000023D8F80400ADF82090ADF82430ADF8D4
:1062E000267006948DF828A08DF82B208DF82C3080
:1062F0008DF829608DF82A6003685B6898470DB0B7
:10630000BDE8F08F00F8FFFF2DE9F3411F460B4B6E
:106310000D461646B3F800800446ECF74BFF0368C1
:106320001B6B98473B4632462946CDE90080204604
:10633000FFF71EFF02B0BDE8F08100BF9C2B0324D5
:10634000F0B58BB01E4604461546BDF85430002704
:10635000CDE90131BDF840300497ADF81830BDF8F3
:106360004430ADF81A30BDF84830ADF81C309DF817
:1063700050308DF82030FFF79DFD32462946034608
:106380002046FFF7C1FF0E4B05901B88ADF81E306D
:10639000ECF710FF03681B6B9847139B8DF82200E6
:1063A00001A98DF82100049360689DF858308DF89C
:1063B00024708DF8233003685B6898470BB0F0BDFC
:1063C0009C2B0324F0B58DB0012504466B46039544
:1063D00083E806000023BDF80060BDF80270069354
:1063E00003685B6B98473A46314603462046FFF701
:1063F0008BFFA36C04900793BDF80430ADF82030F8
:10640000BDF80630ADF822300E4B1B88ADF82430B5
:10641000ADF82630ECF7CEFE03681B6B9847FF23E0
:106420008DF8290003A98DF82A0060688DF82830BE
:106430008DF82B508DF82C5003685B689847A06C42
:106440000DB0F0BD9C2B03242DE9F0418CB001264A
:1064500004466D46039685E806001D460023BDF8F8
:10646000007006930368BDF802805B6B9847424654
:10647000394603462046FFF747FFBDF80430049035
:10648000ADF82030BDF806300795ADF82230104B3E
:106490001B88ADF82430129BADF82630ECF78AFE4D
:1064A00003681B6B9847FF238DF8290003A98DF81B
:1064B0002A0060688DF828308DF82B608DF82C60EC
:1064C00003685B68984728460CB0BDE8F08100BFC0
:1064D0009C2B0324F0B585B0044602AD85E8060088
:1064E000BDF80860BDF80A70FFF7E4FC31460346CA
:1064F0003A462046FFF708FF054922680346098807
:1065000020460091166F95E80600B04705B0F0BD33
:106510009C2B032470B590F872300446FBB1022026
:10652000EEF7F9FD0023204684F8723084F87130CC
:106530002368D3F8C850FFF7BDFC01462046A847A2
:10654000E56965B12B6820461E68FFF7B3FC044B74
:10655000014628461A883346BDE87040184770BD8A
:106560009C2B032438B590F87F3004460D468B42AF
:1065700009D0036811B9D3F8D83001E0D3F8DC3082
:10658000984784F87F5038BD0C4B10B51B780446F3
:1065900053B990F84C303BB9406800F01FF918B17E
:1065A0006268537A002BFCD0EDF736FF20460021BD
:1065B000FFF7D8FF2046FFF77DFC10BD982B032482
:1065C00070B50446036819B9DB6ABDE87040184726
:1065D000002290F87F6080F87F20DB6A984763682C
:1065E000012105462046997284F87F60FFF7BAFFC3
:1065F000284670BDD0E90320131A5842584170470D
:10660000D0E903239B1A002BDCBF82689B18012B67
:10661000CCBF00200120704702694368242000FBA2
:106620000230704703681B691847012370B5037275
:106630000446406803689B69984703680546082B31
:106640000AD8002B3CD0013B072B39D8DFE803F0F8
:106650002D26381A38383820B3F5007F25D00AD8CF
:10666000802B22D003D8202B1FD0402B01E0B3F584
:10667000807F1AD024E0B3F5806F16D0B3F5006F99
:106680000CD01DE02368017F20469B6B984710E0EB
:106690002368017F20469B6B984703E023682046D0
:1066A000DB6B984723685B6B05E023682046DB6B58
:1066B000984723681B6B29462046BDE87040184761
:1066C00070BD704770477047D0E9032310B59B1A1F
:1066D000002BDCBF84681B19012B16DD43682424C2
:1066E00004FB023301F1200251F8044B914243F8BC
:1066F000044BF9D10A781A70C3688268BFF35B8FC4
:1067000001339A42D8BF9B1AC36010BD03698268E7
:10671000BFF35B8F01339A42D8BF9B1A0361704766
:1067200070B504460E46606803685B6898470028A9
:10673000F9D10D4D28680368D3F880309847EDF7FC
:1067400079FE28680121FFF70DFF60683146036874
:106750009B68984723682046DB6A98472868036847
:10676000BDE87040DB6F1847A42B032408B5EDF794
:1067700053FEBDE80840EDF757BE70B504464068CB
:1067800003681B689847054630B9237A23B16068CF
:1067900003685B6998472572606803681B689847BF
:1067A00028B9236820465B6ABDE870401847BDE8F9
:1067B0007040EDF747BE10B50446142117F0F0FC09
:1067C000204610BD10B5044C82600022C0E9004193
:1067D000C0E9032210BD00BFACFF03084068036896
:1067E0001B68184708B5054B18680368D3F8AC3028
:1067F0009847431E5842584108BD00BFA42B0324AC
:10680000704708387047000038B5104B0446B1F99E
:1068100004501B78858013B9B0F91C2001E0B0F951
:106820001E20628413B9B4F91E0007E004F10C00C5
:1068300008F0C2FEA38B1D44401B00B24FF6FF734D
:10684000A084A089C01A18BF012038BD962B03244C
:106850002DE9F04F85B006469DF84000B78C0190B9
:10686000708CBDF93C500344BDF93800384496F8AB
:1068700020709CB200B21BB2A7B1B6F9144093FBD2
:10688000F4F704FB1733002BB8BF1B19B6F91640F9
:1068900090FBF4F704FB17001BB2002880F2B180D4
:1068A0002044AEE0002B08DA2B44002B40F3B980E3
:1068B0002544141B3B462DB222B2B6F914409C422B
:1068C00040F3AF800028C0F2AC80B6F91670874262
:1068D00040F3A7805F19A74240F39480E41A25B2E1
:1068E00090E007EB4009B76A09EB4301002F60D045
:1068F00038184FF0FF0A03440290009302E0029B15
:1069000049460093AA42A8BF2A4604EB4200AA1AAD
:1069100015B20390009B019813F8012B424300939A
:10692000571C120A12FA87F73F12FF2F01D10A886B
:1069300033E09FB320886FEA0708B1F800E020F445
:10694000FF6C5FFA88F82EF4FF622CF0070C22F03F
:10695000070208FB0CFC07FB02CC0EF4FC620EF0F5
:106960001F0E134600F4FC6200F01F0008FB02F249
:1069700008FB00F007FB032207FB0E00BCFBFAFC40
:10698000B2FBFAF2B0FBFAF06FF30A0C02F4FC620D
:1069900000F01F004CEA0202024322800234039BF3
:1069A0000231A342B6D8A345B6F91420A7D838E0DF
:1069B0004946AA422046019BA8BF2A461746AD1A5F
:1069C000EDF7C0FCB6F9142004EB47042DB2A34543
:1069D000EED826E007EB800707EB830100E039469D
:1069E000AA422046019BA8BF2A469046AD1AEDF761
:1069F000CFFCB6F9142004EB48042DB2A345EED821
:106A00000FE000B201EB4204B6F91420B17B504311
:106A1000D21A04EB450BB76912B200293FF461AFFB
:106A2000D8E705B0BDE8F08FEDF768BC10B50446B7
:106A30002C2117F0B5FB204610BDA0F10800F5E7AA
:106A4000F8B50B8800F10C0504468381284608F050
:106A50002BFFA073284608F0AFFD0646284608F035
:106A6000DFFD0023E08204F110002361A68204F020
:106A700019FE284608F092FEA061284608F0BEFEE6
:106A8000A062F8BDA0F10800FFF7DABF80F8261079
:106A9000704790F826007047002202804280828072
:106AA000C2807047704710B50446482117F078FB44
:106AB000204610BD07B54FF4004201AB06F036FB8F
:106AC00003B05DF804FB00004FF4B47390FBF3F2E5
:106AD00002FB13000028B8BFC0180A4B5A2800DC7C
:106AE00003E0B42804DCC0F1B40033F810007047B0
:106AF000B0F5877FD4BFB438C0F5B47033F8100058
:106B000040427047800004084FF4345390FBF3F286
:106B100073B502FB13000028B8BFC018441100F081
:106B20001F062046FFF7D0FF05464EB1601CFFF759
:106B3000CBFF01AB401B2022314606F0F7FA05449B
:106B4000284602B070BD08B5C0F53460FFF7DCFF21
:106B500008BD000010B5044600F048FD084B4FF496
:106B60003452204623600023C4E90F234BF2054230
:106B7000A360C4E90B33C4E90D33A4F8442010BD6D
:106B800010000408B429A8BFB4210129B8BF01210D
:106B900080F8451070478A422DE9F74F1E46A7BF7F
:106BA00092460B4613468A46056C04460E9FAAEB96
:106BB0000302B2F5345FA4BF00234FF4345ADDE979
:106BC0000C9803F1010B002D40F0A38018460193AF
:106BD000FFF79AFF0146606BFFF76CFFE26A019BCB
:106BE000104432688242C8BF3060D9F80020904219
:106BF000C8BFC9F800001846FFF7A5FF0146606B43
:106C0000FFF758FF236B181AD8F800308342C8BF2B
:106C1000C8F800003B6898424FF434639BFBF3F5DF
:106C200003FB15B5C8BF38605D1BB5FBF3F203FB72
:106C300012555D4427E02846FFF766FF0146606B6A
:106C4000FFF738FFE36A184433688342C8BF3060F7
:106C5000D9F800309842C8BFC9F800002846FFF7AD
:106C600072FF0146606B05F53465FFF723FF236B68
:106C7000181AD8F800308342C8BFC8F800003B6833
:106C80009842C8BF3860AA45D5DAA5F53465AA454B
:106C900025DD5046FFF738FF0146606BFFF70AFF1E
:106CA000E36A184433688342C8BF3060D9F80030C3
:106CB0009842C8BFC9F800005046FFF744FF01469C
:106CC000606BFFF7F7FE236B181AD8F80030834289
:106CD000C8BFC8F800003B689842C8BF3860326837
:106CE000E36A9A42C8BF3360D9F80020E36A9A4247
:106CF000B8BFC9F80030D8F80020236B9A42C8BF4B
:106D0000C8F800303A68236B9A4280F2D7803B6023
:106D1000D4E0184601350193FFF7F6FE0146606B9B
:106D2000FFF7C8FEE26A05EBD575019B1044326897
:106D30006D10411B28448A42C8BF3160D9F8002039
:106D40009142C8BFC9F8001032688242C8BF3060A3
:106D5000D9F800209042C8BFC9F800001846FFF7D4
:106D6000F2FE0146606BFFF7A5FE236B181AD8F8F8
:106D70000030421B28449342C8BFC8F800203B683B
:106D80009A42C8BF3A604FF43462D8F80030834268
:106D9000C8BFC8F800003B6898429BFBF2F302FBB7
:106DA00013B3C8BF3860D31AB3FBF2F102FB11333F
:106DB0009B443FE05846FFF7A7FE0146606BFFF794
:106DC00079FEE36A18443368421B28449342C8BFE3
:106DD0003260D9F800309A42C8BFC9F80020336841
:106DE0008342C8BF3060D9F800309842C8BFC9F8A4
:106DF00000005846FFF7A7FE0146606B0BF5346BA9
:106E0000FFF758FE236B181AD8F80030421B2844AD
:106E10009342C8BFC8F800203B689A42C8BF3A6096
:106E2000D8F800308342C8BFC8F800003B689842D9
:106E3000C8BF3860DA45BDDAABF5346BDA453DDD05
:106E40005046FFF761FE0146606BFFF733FEE36AD1
:106E500018443368421B28449342C8BF3260D9F8B3
:106E600000309A42C8BFC9F8002033688342C8BFC7
:106E70003060D9F800309842C8BFC9F800005046C9
:106E8000FFF761FE0146606BFFF714FE236BD8F835
:106E90000020181A431B05449A42C8BFC8F80030A6
:106EA0003A689342C8BF3B60D8F80030AB42C8BFD5
:106EB000C8F800503B689D42C8BF3D6003B0BDE8C4
:106EC000F08F30B50446084611461A46B0F908302E
:106ED00089B000255B0105950493B0F90A305B0188
:106EE000CDE9063507AB029306AB019305AB0093E2
:106EF00004ABFFF750FE0499069AA942059B079838
:106F0000B8BF1F31002AB8BF1F32002BC1F34F1189
:106F1000B8BF1F330028C2F34F12B8BF1F30C1EBF8
:106F200063130139C2EB60100233013A2180023051
:106F30001BB26280E0802046A38009B030BD10B54E
:106F40000446D1E90E23FFF7BCFF204610BDF8B57B
:106F5000D1E90E65074691F84400AE4294464FEAE7
:106F6000401413682DDA9D4213DA60B16B4293FB33
:106F7000F4F204FB1233E31A93FBF4F204FB123332
:106F8000ED1AAE4201DA2A4600E03246DCF8003063
:106F90003AE09E4212DA60B15A4292FBF4F004FBEE
:106FA0001022A21A92FBF4F004FB10229B1A9E42BC
:106FB00001DA1A4600E03246CB6B25E01A462B4632
:106FC00022E09D4210DD1A4648B195FBF4F304FB24
:106FD0001353E31A93FBF4F004FB10331D442B46C8
:106FE000B34211DB8B6B0FE09E422A460CDD00287A
:106FF000F6D093FBF4F004FB1030201A90FBF4F56C
:1070000004FB15000344EBE73846FFF75AFF384608
:10701000F8BD00002DE9F04FD0E90E65B0F92C90D5
:107020000446B5428B46B4F930A0ABB0A4BF2B46A2
:107030003546016CA8BF1E46BBF90000BBF90480B1
:10704000731BBBF902C0626BB3F5345FBBF906304A
:10705000A4BF4FF434560025B9F1000FB8BF09F1B1
:107060001F09BAF1000FB8BF0AF11F0A4FEA6919E8
:107070004FEA6A1A00294BD08044A9EB0007634409
:10708000AAEB0C000FFA88F8002F1BB2A9EB080836
:10709000B8BF7F42AAEB030301EBD171B8F1000F37
:1070A000B8BFC8F100080028B8BF4042002BB8BFE5
:1070B0005B424745CCBF07F1010808F1010898423F
:1070C000C8BF471C94F84400D8BF5F1CA2EB610303
:1070D000013003934010C0F15A00FFF7F5FC014660
:1070E0000398FFF7E7FC002807FB07F3B8BF1F3042
:1070F00008FB083840114043804501DA0124D0E103
:10710000236C626B03EBD37312EB630203D501E0D4
:10711000002A00DA1F32BBF900105211BBF804300C
:1071200001320B4452431BB24B45A8BF4B468B4226
:10713000ACBFA9EB0309A9EB0109BBF80630BBF909
:1071400002100B441BB25345A8BF53468B42ACBF41
:10715000AAEB030AAAEB010A0AFB0AFA09FB09A92E
:107160009145CBDC21460BA8A76A05F0AFFE23684A
:1071700020465B6E98470BAA39465B4600900DA8E7
:1071800016F0FAFDD4F83480276C284694F844B001
:10719000B7EB480F5B46C8BF07EBD7774FEA4313FF
:1071A000C8BF08EB67070393C4BF07EBD7784FEA64
:1071B00068084FEA480307EB480A0493FFF7A4FC6A
:1071C00001465046FFF776FCE36A00EBD07003EB14
:1071D00060092846FFF7B7FC01465046FFF76AFCF6
:1071E000226B00EBD070494605F12009A2EB60024A
:1071F0000DA816F011FFBBF1000F01D1AB462CE03A
:10720000039B039A039999FBF3F302FB1393D31A9D
:1072100093FBF2F201FB12339944EFE74846FFF784
:1072200073FC01465046FFF745FCE36A00EBD07063
:1072300003EB600B4846FFF786FC01465046FFF71C
:1072400039FC226B00EBD0705946CB46A2EB6002B2
:107250000DA816F02EFF039B99444E45DEDA5E45DD
:107260001BDD3046FFF750FC01465046FFF722FC7D
:10727000E36A00EBD07003EB60093046FFF763FC74
:1072800001465046FFF716FC226B00EBD0704946D2
:10729000A2EB60020DA816F00CFF57B9751BB5F5EF
:1072A000345F80F2F2800DA8D4E90B1216F001FFD2
:1072B000EBE0DDE913239A42C0F0ED8094F845300D
:1072C0004FEA431A731BB3F5345F059302DB5E4547
:1072D0005CDD3BE030460AEB0609FFF715FC014692
:1072E0004046FFF7E7FBE36AC31830460793FFF712
:1072F0002AFC01464046FFF7DDFB236B1B1A069371
:1073000006F5B45309931DE04846FFF7FDFB01461F
:107310003846FFF7CFFB079B00EBD07003EB600311
:107320004846D1440893FFF70EFC01463846FFF764
:10733000C1FB069B00EBD0700899A3EB60020DA87F
:1073400016F0B7FE099B4B45DEDCC0E7049B3046D8
:10735000A3EB0709FFF7D8FB01464846FFF7AAFB56
:10736000E26A00EBD07002EB600330460693FFF751
:10737000EAFB01464846FFF79DFB226B00EBD0700D
:107380000699A2EB60020DA816F093FE049BD94665
:10739000DE1B1FE04846FFF7B7FB01463046FFF70C
:1073A00089FBE26A00EBD07002EB600B4846FFF706
:1073B000CAFB01463046FFF77DFB226B00EBD07025
:1073C0005946CB46A2EB60020DA816F072FE039B55
:1073D000A9EB03094D45DDDD5D451EDA049B28461A
:1073E000A3EB0709FFF790FB01464846FFF762FB56
:1073F000E66A00EBD07006EB60062846FFF7A3FBB9
:1074000001464846FFF756FB226B00EBD070314631
:10741000A2EB60020DA816F04CFE059BB3F5345F9D
:1074200033DA2846FFF770FB01464046FFF742FB80
:10743000E36A00EB03092846FFF785FB0146404657
:10744000FFF738FB236BA5F5B454A3EB000819E054
:107450002046FFF759FB01463846FFF72BFB00EBB0
:10746000D07009EB60062046FFF76DFB01463846F9
:10747000FFF720FB314600EBD070A8EB60020DA8AF
:1074800016F017FE5444AC42E2DBFF210DA816F0C3
:1074900001FD044600E00024044B12A80D9301F006
:1074A0000BFE20462BB0BDE8F08F00BFDC0A0408BD
:1074B00010B50022B1F90840B1F90A1002804280EB
:1074C0008480C18010BD00007FB503680D4604466E
:1074D00001469B6E02A89847286869686B4603C3FB
:1074E00068461946FEF742F9A06A002864D003688E
:1074F000211DDB68984700285ED0BDF90450BDF916
:107500000630002D58DD002B56DD2C4A127812B1C2
:10751000012A29D050E0BDF802209D18AEB22DB24C
:107520001DE0BDF90630012B0AD001335B10ADF828
:107530000630236869462046DB6E98470028F0D065
:10754000BDF80620BDF8023013449BB21A44ADF8D2
:10755000023012B29542BCBFF31AADF80630BDF945
:107560000230AB42E5DB27E0BDF800301D44AEB28F
:107570002DB21DE0BDF90430012B0AD001335B10A0
:10758000ADF80430236869462046DB6E9847002832
:10759000F0D0BDF80420BDF8003013449BB21A446B
:1075A000ADF8003012B29542BCBFF31AADF804300A
:1075B000BDF90030AB42E5DB04B070BD962B03246F
:1075C0001FB503680446014668469B6E9847A3684A
:1075D000002202A96846CDE90223FEF7C7F8236816
:1075E000694620461B69984704B010BD094A4FF40C
:1075F0008071026000228184FF21826280F826105F
:10760000C0E90122C0E90322C0E90522C0E907223E
:10761000704700BF4001040880F82910704790F8B7
:1076200029007047026890ED0F1AD26ED0ED0E0A55
:1076300010470268F0EE400A90ED0F1AD26E90EDFE
:107640000D0A10470268B0EE401AD0ED0E0AD26E55
:1076500090ED0D0A1047026890ED0F1AD26FD0ED31
:107660000E0A10470268F0EE400A90ED0F1AD26F32
:1076700090ED0D0A104790ED0D0A704790ED0E0A3F
:10768000704790ED0F0A704790ED100A704790ED2B
:10769000110A704790ED120A704790ED130A704777
:1076A00090ED140A704790ED150A704790ED160A98
:1076B000704700EE101A00EE902A0368F8EEE00A18
:1076C000B8EEC00AD3F8CC30184790ED0B0A7047DB
:1076D00090ED0C0A704790ED170A704790ED1A0A6A
:1076E000704790ED1D0A704790ED200A704790EDAD
:1076F000180A704790ED1B0A704790ED1E0A7047FC
:1077000090ED210A704790ED190A704790ED1C0A20
:10771000704790ED1F0A704790ED220A704790F86D
:10772000EA00704710B5142404FB01000121A0F801
:107730009C30029B80F8901080ED260AA0F89E20D5
:10774000C0F8A03010BDB0F8E8007047704710B521
:1077500090F8EA3004462BB904F068F92146043069
:1077600004F038FA002304F15002A4F8E830636B07
:10777000C4F89430A36BC4F8A830E36BC4F8BC30F1
:10778000236CC4F8D030012384F8EA30234693F800
:10779000901029B1B3F89C10B3F89E00C14208D1F3
:1077A00014339A42F3D1236820461B6DBDE8104084
:1077B000184710BD10B5044604F038F904302146CE
:1077C00004F059F9002384F8EA3084F8903084F802
:1077D000A43084F8B83084F8CC3010BD80ED0B0AAA
:1077E000C0ED0C0A00F0B8B9F7EE007AB4EEE70A83
:1077F000F1EE10FA30FE270A80ED160A00F0ACB95F
:1078000080ED140AC0ED150A00F0A6B980ED110A4A
:10781000C0ED120A00F0A0B980ED110AC0ED120A05
:1078200080ED131A00F098B910B50446EC2116F05B
:10783000B7FC204610BD00002DE9F04F2DED068B62
:1078400090F8EA3083B00446002B00F0C280002696
:10785000B0F8E83090ED0D8A05460133D0ED0E8A80
:1078600090ED0F9AB246D0ED109AB046B346DFEDD8
:107870005BAAA0F8E830019695F89090B9F1000F56
:1078800062D0B4F8E800B5F89C10884250D395ED6A
:10789000267AD5ED257AB4EEE77AF1EE10FA0ADD14
:1078A00037EE677A27EE2A7ABDEEC77A17EE103ADE
:1078B0001AB201230AE077EEC77A67EEAA7AFDEEE4
:1078C000E77A17EE903A1AB24FF0FF33401A07EEFC
:1078D000903A0021B5F89E3080B2D5F8A070B8EE8D
:1078E000E7AAB84707EE100AB8F1020FB8EEC77A58
:1078F000C7EE2A7A67EE8A7A0FD0B8F1030F11D05B
:10790000B8F1010F15BF94ED258AD4ED2A8A37EE20
:10791000888A77EEA88ACA460AE094ED2F9A37EE55
:10792000899AF8E7D4ED349ACDF8049077EEA99AC5
:10793000B5F89C30B5F89E10B4F8E8200B449A4294
:1079400034BF4E4685F890B008F101081435B8F1FF
:10795000040F91D1BAF1000F09D1019B0BB3236839
:10796000B0EE690A2046D3F89C3098470CE02368B3
:10797000B0EE491AF0EE680A2046DB6FB0EE480A16
:107980009847019B002BEAD1D4F8E00048B1036886
:10799000DB68984728B1D4F8E000214603689B686B
:1079A0009847B6B923682046D3F818319847D4F8D9
:1079B000E40070B10368DB68984750B1D4F8E40084
:1079C000214603689B6803B0BDEC068BBDE8F04F11
:1079D000184703B0BDEC068BBDE8F08F00007A4479
:1079E00013B590F82830044643B10146684600F0CC
:1079F00024FA2368694620461B69984702B010BDE7
:107A00004FF6FF7313B501A90446ADF8043000F03A
:107A10005DF80A4B204623600023C4E93833A4F8FC
:107A2000E83084F8EA3084F8903084F8A43084F8A0
:107A3000B83084F8CC3002B010BD00BFB8010408E3
:107A400010B52DED048B03680446B0EE408AF0EECD
:107A5000608A9B69B0EE419A984723682046F0EE11
:107A6000680AB0EE491ADB6EB0EE480A9847236800
:107A700020469B69BDEC048BBDE81040184710B54B
:107A80002DED028B03680446B0EE408A9B6998474F
:107A900023682046B0EE480AD3F898309847236808
:107AA00020469B69BDEC028BBDE8104018470022C0
:107AB000028042808280C2807047704710B50446C1
:107AC000902116F06DFB204610BD000038B54FF434
:107AD00080730025044683841C4BC0E90155C0E92E
:107AE0000355C0E90555C0E9075503600B88C384F9
:107AF000FF2380F8283001F03CFA154B4FF07E52FE
:107B0000144923600023204684F82950E36223634C
:107B10006363A363E3636364A36423656365E365ED
:107B20002366A366E3666367A367C4F88030C4F87E
:107B300084300C232264E164A16562662267E267F7
:107B4000C4F88820A4F88C3038BD00BFD4050408E0
:107B5000E002040800007A442DE9F0412DED048B89
:107B6000ADF5507D0446C38C4FF00408C0A8ADF8B5
:107B7000003307F021FDE38C0546C0A8ADF80033C3
:107B800007F04EFD6A1CF7EE006A94ED0B6A07EEF3
:107B9000902A421CD4ED0C5A36EE666A07EE102A83
:107BA000A36D75EEE65A0022F8EEE77A1293B8EE6E
:107BB000C77A16931A931E9320AB77EE867A8DEDD3
:107BC000106A37EE257A1F46CDED115ACDED136AB6
:107BD000CDED147ACDED155ACDED176ACDED187AAD
:107BE0008DED197ACDED1B6A8DED1C6A8DED1D7A38
:107BF000CDED1F6AB8F101081A605A6003F1100355
:107C000043F8082C43ED016AF4D194ED119A30A8A1
:107C1000D4ED128A6D4694ED138A06F031FBB1EE75
:107C2000490A30A806F004FCB1EE680A06F00EFC22
:107C3000B1EE480A06F019FC40A806F021FB94EDCD
:107C40000D0A40A870AE06F077FB94ED0E0A06F020
:107C50009DFB94ED0F0A06F0C2FB50A806F010FB46
:107C600094ED100A50A806F00FFC94ED100A06F0EF
:107C700017FC94ED100A06F020FC60A806F000FB4B
:107C8000B0EE490A60A806F0D3FBB0EE680A06F031
:107C9000DDFBB0EE480A06F0E8FB50AA60A9B0A8E8
:107CA00006F008FB40AAB0A9C0A806F003FB30AA62
:107CB000C0A970A806F0FEFA80A806F0E1FA94EDDB
:107CC000140A80A8B1EE400A06F0B2FB94ED150A42
:107CD00080A8B1EE400A06F0B9FB90A806F0D0FAF1
:107CE00094ED160A90A806F017FBA0A806F0C8FAB3
:107CF00094ED140AA0A806F09BFB94ED150A06F07B
:107D0000A5FB90AAA0A9B0A806F0D4FA80AAB0A9B1
:107D1000C0A806F0CFFA70AAC0A9684606F0CAFA51
:107D20000FCD0FC60FCD0FC60FCD0FC695E80F00B4
:107D300010AD86E80F0007EB081608F10108294688
:107D400070A806F06BFAB8F1040F05F1100586ED86
:107D5000000AC6ED010A86ED021AC6ED031AEAD141
:107D6000D4ED167AD7ED006A97ED027A67EEA66A2F
:107D700084ED197A86EE876AD7ED016A67EEA66A06
:107D800084ED176A86EE876AD7ED046A97ED067A66
:107D900084ED1C7A67EEA66A84ED186A86EE876A1F
:107DA000D7ED056A67EEA66A84ED1A6A86EE876AE1
:107DB000D7ED086A97ED0A7A84ED1F7A67EEA66A16
:107DC00084ED1B6A86EE876AD7ED096A67EEA66ABC
:107DD00084ED1D6A86EE876AD7ED0C6A97ED0E7A00
:107DE00084ED227A67EEA66A84ED1E6A86EE876AC3
:107DF000D7ED0D6A67EEA67AC7EE876A84ED206A32
:107E0000C4ED216A0DF5507DBDEC048BBDE8F08119
:107E100010B5044601F0ADF82046BDE81040FFF76C
:107E20009BBE80ED0D0AC0ED0E0A80ED0F1AFFF724
:107E300093BE80ED100AFFF78FBE10B5D1ED175A33
:107E400091ED1A6AD1ED1D6AF4EEC65A91ED207AD1
:107E5000B1F90840F1EE10FA54BFF0EE467AF0EEB8
:107E6000657AF4EEE76AF1EE10FA77FEA67AB4EEE0
:107E7000E77AF1EE10FA77FE877AFBFE677AF5EE85
:107E8000C07AF1EE10FAF4EE465A56BFFDEEE77AEC
:107E9000002217EE903A07EE904A58BF1AB2F1EE60
:107EA00010FAF8EEE77A028035FE866AF4EE466A4A
:107EB000D1ED185AF1EE10FA48BFF0EE466A91ED96
:107EC0001B6AB4EE667AF1EE10FA48BFB0EE667A3D
:107ED000D1ED1E6ABAFE477AB4EEE77AF1EE10FAF7
:107EE000F4EEC65ADCBFBDEEC77A17EE103A91ED3C
:107EF000217AB1F90A10D8BF1CB2F1EE10FAA4EB46
:107F0000020454BFF0EE467AF0EE657A8480F4EE17
:107F1000E76AF1EE10FA77FEA67AB4EEE77AF1EEB0
:107F200010FA77FE877AFBFE677AF5EEC07AF1EEFB
:107F300010FAF4EE465A56BFFDEEE77A002317EE2C
:107F4000903A07EE901A58BF1BB2F1EE10FAF8EE15
:107F5000E77A438035FE866AF4EE466AF1EE10FA5F
:107F600048BFF0EE466AB4EE667AF1EE10FA48BF0A
:107F7000B0EE667ABAFE477AB4EEE77AF1EE10FA1E
:107F8000DEBFBDEEC77A17EE101A09B2C91AC1805A
:107F900010BD90F8293026300BB905F041B805F036
:107FA0004CB800002DE9F04F2DED048BB3B0044622
:107FB0001D4611AE0792826800200DF14C08271D66
:107FC000CDE911023046DDE9403BDDE942A9FDF78C
:107FD000CDFB21461EA8FFF730FF96E8030088E896
:107FE000030040461EA9FDF7C1FB2268414620461A
:107FF000D26A9047214615A804F068FF15A803F03F
:1080000051FB3946304604F1260603F08FFB40460B
:1080100003F048FB304607F0C1FB8046002800F023
:10802000D7802A680DA9409B09A809926A680A921C
:10803000AA680B92EA680C921A680D925A680E921E
:108040009A68DB680F923A46109303F053FB3A4666
:108050000EA90AA803F04EFB3A460FA90BA803F09D
:1080600049FB3A4610A90CA803F044FBDDED0D7A5C
:108070009AED004AB0EE677ADDED0A7AD9ED004A52
:108080009AED015ABEEECE7AD9ED015A9BED009AD7
:108090009BED018A17EE107AB0EE677ADDED0E7A6D
:1080A000DBED028ABEEECE7A9AED026AD9ED026A63
:1080B000DAF80CE017EE105AB0EE677ADDED0B7AC5
:1080C000D9F80CC0BEEECE7A8DED214ACDED224A14
:1080D0008DED265A17EE100AB0EE677ADDED0F7AB5
:1080E000CDED275ABEEECE7ADBF80CB01F978DEDA2
:1080F000209A17EE101AB0EE677ADDED0C7A8DED4E
:10810000258ABEEECE7ACDE9235017EE102AB0EEC6
:10811000677ADDED107A3046BEEECE7AFEEECE7A8C
:1081200017EE103A9DED097ABEEECE7ACDE928120F
:108130008DED1E7ACDED2A8A2D93079B8DED2B6A4E
:108140001793264BCDED2C6A1B88CDED2E7ACDF8FA
:10815000C0E0CDF8C4C0CDF8BCB0CDE9183807F008
:108160004DFB1A90304607F027FA1B90304607F077
:1081700057FA1C90304607F01FFAB4EE489AB4F84C
:108180008C601D90F1EE10FA07D1B4EE688A4FF6BC
:10819000FF73F1EE10FA08BF1E46114B1B6893F8EF
:1081A0005C200AB11D6D05B99D682B6820465F6C87
:1081B000FFF7EFFE04961EAA94F8283017A9CDE920
:1081C000020313AB2846019315AB009319ABB847D4
:1081D00033B0BDEC048BBDE8F08F00BF9C2B0324B3
:1081E000A42B0324F0B52DED028B90F8283099B024
:1081F00004460D46002B00F0A68000F1260630460E
:1082000007F0DAF908EE100A304607F009FA504B89
:1082100007EE100AB8EEC88A1B78FFEE007AB8EEB7
:10822000C77A012B0CD0F0EE476AF0EE475AF0EE19
:10823000483AB0EE487AB0EE674AB0EE678A07E097
:10824000F0EE486AB0EE474AF0EE675AF0EE673A51
:10825000D4ED174A94ED185AD4ED1B2A94ED1D2A3B
:1082600032EEC50AD4ED1A1A32EE646A94ED1E3A63
:1082700071EEE40A216F33EE451A606E26EE406A15
:10828000E36FD4F88070D4F88460A0EE816AD4F8EB
:108290008820B5EEC06AF1EE10FA1EDDCDED044A7D
:1082A000CDED051A8DED062A07978DED085ACDED17
:1082B000092A8DED0A3A0B960C900D910E930F92B0
:1082C000CDED107ACDED113A8DED127A8DED134A88
:1082D0008DED148ACDED157A23E0CDED117ACDED3B
:1082E000147AF0EE667AF0EE656ACDED054ACDEDD2
:1082F000041AF0EE675A06978DED072A8DED095A9C
:10830000CDED082A0A968DED0B3A0D900C910E9248
:108310000F93CDED103A8DED124A8DED137A8DED60
:10832000158A14AB002229462046039310ABCDEDED
:10833000165A02930CABCDED176A019308AB00936C
:1083400004ABFFF72FFE19B0BDEC028BF0BD00BFF0
:10835000962B032400207047074B828D1B88934285
:1083600081BF064B1B6803EB420358788CBF00F0BB
:1083700003000020704700BFF82B0324042C0324C3
:1083800070470000114B2DE9F041818D04461B8898
:108390008B4218D903689F6F0D4B1868EBF7D0F923
:1083A000236805462046DB6F98472368064620462B
:1083B000D3F8803098473246034629462046BC46CB
:1083C000BDE8F04160470020BDE8F081F82B0324B0
:1083D000002C0324194B2DE9F743818D04461B889B
:1083E0008B4226D9164B1B6803EB410213F8110090
:1083F000144B55781B68C5F3810553F82080D8F8D5
:108400000030D3F81C90104B1868EBF799F92368EB
:1084100006462046DB6F9847236807462046D3F878
:10842000803098473B460090324629464046C84730
:1084300000E0002003B0BDE8F08300BFF82B032468
:10844000042C0324FC2B0324002C03240EB4304BF7
:108450002DE9F0471A889DB0838D04469A4201D8D1
:1084600000274EE026AADFF8ACA0DFF8AC9002921D
:10847000DAF8002012F81320D9F8003053F82260FF
:10848000336830469B6B9847054607B203A805F052
:1084900098F933683046DB6C98473368804630463D
:1084A0001B6D98474346029A2599009003A805F052
:1084B000DFF9A28DDAF80030D9F8001003EB42069C
:1084C00013F812002389727894F83760C2F381029E
:1084D0009B1B1BB2009351F8203003A894F839106D
:1084E00002F0E8FDB4F9342003B2B918002906DD22
:1084F000013B13FB02F315FB00352FB201E0002B0B
:10850000AEDD38461DB0BDE8F04703B0704700BF90
:10851000F82B0324042C0324FC2B0324B34B2DE958
:10852000F04F0C461B88898DA9B081468B4206D836
:1085300000234FF0FF328360C0E9003287E1DFF8AB
:10854000B8B20FAFDBF8003013F81120A84B1B684E
:1085500053F82250A74B1868EBF7F2F82B688046C7
:1085600028469B6B984703B20393A38E184494F854
:10857000393086B23846002B50D105F022F92B68ED
:108580002846DB6C98472B68824628461B6D984727
:10859000226805902046D26F9047216804902046BB
:1085A000D1F880108847049A059B414601903846CF
:1085B0000092524605F071F994F838304FF00008F7
:1085C00013F0FD0F47460CBFB4F90AA0B4F908A098
:1085D000A28D2946DBF800300FA808F1010803EB53
:1085E000420347F6FF721FFA88F85B78C3F38103F2
:1085F00002F05FFAB842B8BF384607B20FA805F0DC
:1086000002F9002840F0A780AAEB06032A7A0FFAA5
:1086100083FA02FA83F3002BDADC9CE005F0D1F850
:108620002B682846DB6C98472B68824628461B6DD2
:108630009847226805902046D26F904721680490A1
:108640002046D1F880108847049A059B4146019046
:1086500038460092524605F020F994F83810B4F9E3
:108660000A20B4F9083021B102299A4601D01346F4
:1086700000E0924694F83720A18D9A1ADBF800307A
:10868000B4F934C003EB410394F83900597800235E
:108690000797C1F38101ADF818308DF821008DF8EE
:1086A00020100995ADF82820ADF82AA0ADF82CC00F
:1086B000ADF82E30ADF838308DF83A30CDE90C33C6
:1086C00050B32B6828465B699847804620B30998C9
:1086D00041460368DB6898470746E8B1437B827AE6
:1086E0005B0003F480731343ADF838309DF82130FC
:1086F000062B11D109983A46414603685B6C9847AE
:108700007A7BBB7A520002F480721343BDF83820A2
:1087100003441344ADF838304FF00008474606A82C
:1087200008F1010802F0C1FBBDF836301FFA88F8E5
:10873000BB42B8BF3B461FB2BDF818305BB19DF8D5
:108740003A3043B9AAEB06032A7A0FFA83FA02FAFF
:1087500083F3002BE3DC16FB08F3A28E6E7A20462F
:108760009B1A039A1BB29342ACBFF618B61894F842
:10877000383013F0FD0F23681FFA86FADB6E36B22D
:108780000CBFB4F90880B4F90A8098470128B9B23F
:1087900004D0022894F8373007D009E0A8EB070787
:1087A00007EBD77747F34F0303E00B44A8EB030332
:1087B0001BB29AB2287BEB7A18440F1894F8381041
:1087C0000229B8B23FB219D0032925D0D31A012902
:1087D0000FFA83F82BD123893A4645463746A3EB57
:1087E0000A0316460FFA83F822E000BFF82B032491
:1087F000FC2B0324002C0324042C0324B4F808804D
:1088000065899844A5EB0A05A8EB00082DB2A8EBF2
:1088100002080FFA88F80BE061894FF000085D1834
:108820003B4637462D1A1E46AD1A2DB200E00025F4
:10883000094BA18D1868EAF783FFA9F80080A9F811
:108840000250A9F80470A9F80660C9F80800484663
:1088500029B0BDE8F08F00BF002C032410B50446FA
:10886000482115F09DFC204610BD00005D4B2DE910
:10887000F041828D8EB01B880446934240F2AE8058
:10888000086805AB4968584D03C311462868EAF7E4
:1088900057FFB4F94230002B40DBB4F94060002EA2
:1088A0003CDB626C904239D1B4F93C10BDF914E064
:1088B0000E44B4F93E2036B2B6452CDABDF8187035
:1088C00077443FB2B94226DA1344BDF916C01BB251
:1088D0009C4520DABDF81A00604400B282421ADAE0
:1088E0007145B8BF71466245B8BF6246BE42D4BF4B
:1088F000C1EB060CC1EB070CADF814108342D4BFDA
:10890000C2EB0306C2EB0006ADF818C0ADF81620A6
:10891000ADF81A6002E00023CDE90533BDF9183047
:10892000002B5BDDBDF91A30002B57DD2F4FA28DD8
:108930003B6813F812202E4B1B6853F82260002E60
:108940004CD02368204694F83680DB6E9847A28D81
:108950003B68B4F9341003EB420394F8392094F8DF
:1089600038C05B7894F837E0C3F38103276B8DF848
:1089700034208DF829301F4B09961B688DF828008C
:1089800093F85C208DF82AC00B97ADF830108DF865
:1089900032808DF833E00AB11E6D06B99E6807AFCC
:1089A0002146384604F092FAA18D2868EAF7C8FEFD
:1089B000236805462046DB6F98472368804620469B
:1089C000D3F88030984709AB0195009305ABCDE90A
:1089D0000280304697E80600EAF764FE0EB0BDE874
:1089E000F08100BFF82B0324002C0324042C032463
:1089F000FC2B0324A42B032413B590F83630044633
:108A00005BB3174B818D1B888B4226D9B0F9083098
:108A1000002B22DDB0F90A30002B1EDD114B186847
:108A2000EAF78EFEB4F942302268002B06DBB4F977
:108A30004030002B02DB636C984205D0536920461E
:108A400002B0BDE810401847D4E90F016B46126927
:108A500083E8030019462046904702B010BD00BFCE
:108A6000F82B0324002C032438B50E4B0446828DCA
:108A70001B889A4214D203685B6F984723680546A7
:108A800020461B6F984794F838302DB2014613F0FA
:108A9000FD0F06BF024629462A462046FCF7E6FBA4
:108AA00038BD00BFF82B032430B58B8885B0044651
:108AB0008385B0F9083023B9B0F90A300BB9FFF754
:108AC000D3FF23686D4621463C342846D3F88430D2
:108AD000984795E8070084E8070005B030BD0023FB
:108AE0008380C3800380438091F82630FF2B01BF31
:108AF0000B8983804B89C3807047000037B50446DB
:108B00006B460868496803C3236869462046DB6AE8
:108B10009847084B1B6893F85C200AB1186D00B9A0
:108B2000986803686946A26A5D6A94F82630A84787
:108B300003B030BDA42B0324704710B504462C218C
:108B400015F02EFB204610BD90F826202AB190F893
:108B5000252012B103685B6918477047B0F950319E
:108B60000B60B0F95231136070470181A0F8BC105E
:108B7000A0F8601170474181A0F8BE10A0F8621102
:108B80007047D0F848017047D0F84C0170477047E3
:108B9000704738B504460D46FCF77CFA84F8DC5083
:108BA00084F87E5138BD10B504464FF4D07115F0ED
:108BB000F7FA204610BD10B503680446D3F8C83054
:108BC000984770B123682046D3F8C830984740B121
:108BD00094F825302BB1236820465B69BDE810402E
:108BE000184710BDF7B50446FCF77CFB154B01A9EF
:108BF0002646002504F5AC7746F8B43B4FF6FF73E4
:108C00003046ADF80430FEF761FF40F201133846FC
:108C1000A4F84431C4E95255C4E95455FDF79AFF0C
:108C200004F158012046FCF733FC39462046FCF796
:108C3000B8FB20463146FCF7B4FB204684F87D5152
:108C400003B0F0BDEC0404082DE9F04100F5AC7868
:108C50001F4604460D4640461646E8F7ABFF394628
:108C6000BDF918204046FCF701FBB4F95231B4F9C4
:108C700050119B1B491B5B01490110331031C4E9A2
:108C80006113BDE8F08180F84411704780F8451108
:108C9000704780F87D11704770B5036804465B6EBD
:108CA00011B100F5AC7501E000F1B4052946984713
:108CB0002368294620461B6EBDE87040184700F522
:108CC000AC70704738B500F1B4050446B0F90A201D
:108CD000B0F908102846FCF7C9FA002228461146C8
:108CE000E8F768FFB4F95621B4F9523128469B1AC7
:108CF000B4F9542107EE903AB4F950319B1AF8EECA
:108D0000E77A07EE103AC4ED397AB8EEC77A84ED07
:108D1000387AFEF721FF164B2846C4F80C31FEF7CF
:108D20001BFFB4F95231B4F95021284607EE903AAE
:108D3000D4F80C3107EE102AF8EEE77AC4F80031C7
:108D4000B8EEC77AC4ED3F7A84ED3E7AFEF704FFB1
:108D5000D4F8FC30D4F8F8202846C4F80831C4F818
:108D60000421FEF7F9FE012384F8DD3038BD00BF91
:108D70000000964373B50446ADF80410B43001A961
:108D800016461D46FFF744F82046A4F85461A4F89F
:108D9000565102B0BDE87040FFF794BF70B506466B
:108DA000A0F85011A0F852210D461446FFF78AFF93
:108DB000B6F95E31E41AB6F95C31ED1A64016D0161
:108DC00010341035C6E9615470BD1FB54901C36B3D
:108DD0000446994201910BD0014601AA02A8FEF770
:108DE000B6F8019B02A92046E36323681B699847F4
:108DF00004B010BD70B50446FCF7AAF9D4E92932D5
:108E0000204604F5AC769A42ACBF94F8453194F80C
:108E1000443184F8DD30D4E95231C91A0029B8BF91
:108E2000494289B2FCF7B6F9DFED156A05469FEDB8
:108E3000157A04F1B400D4E952329A420EDA5B1B7F
:108E400007EE903AF8EEE77A87EEA60A20EE070AD8
:108E5000E8F711FAD4F84811491B0DE02B4407EE4E
:108E6000903AF8EEE77A87EEA60A20EE070AE8F7CE
:108E700002FAD4F8481129443046FFF7A6FF70BD26
:108E800000003443DB0F494010B5C0E952124901DC
:108E900004465201C0F89011C0F89421FCF7F7F88D
:108EA00001462046BDE81040FFF7A4BF2B4A2DE93C
:108EB000F043838D8DB0128804460F469A424AD9FA
:108EC000274A126802EB430112F81320254B1B6856
:108ED00053F82230002B3ED04A780793224BC2F33E
:108EE000010CC2F3810290F838601B68406B94F863
:108EF0003910256B8DF8212093F85C208DF820C067
:108F00008DF822608DF82C10CDE909500AB11D6D45
:108F100005B99D6805AE2146304603F0D7FF134BD7
:108F2000A18D1868EAF70CFC236880462046DB6FA9
:108F30009847236881462046D3F88030984707AB8E
:108F4000CDF8048000933B46CDE90290284696E890
:108F50000600EAF7A7FB0DB0BDE8F083F82B032469
:108F6000042C0324FC2B0324A42B0324002C032413
:108F7000704770B50B880D460446C384084606F05A
:108F80001BFB0646284606F04BFB23680546314688
:108F900020469B6B9847236829462046DB6BBDE83B
:108FA0007040184710B591F828300446FF2B05D0C3
:108FB0000023038043808380C38002E0263106F0D3
:108FC00063FB204610BD10B504462C2115F0E8F8CF
:108FD000204610BD2DE9F043002389B0064689469E
:108FE00004A90746CDE9043356F8263BDB6A9847C7
:108FF000304606F0E1FA8046304606F011FBB9F93A
:109000000050B9F804202A4491B212B2002A44DD7B
:10901000A84542DDB9F90240B9F8063023441FFAE9
:1090200083FC1BB2002B38DDA04236DD904525EADB
:10903000E57524EAE474B8BF1FFA88F19842ADF8E8
:109040001850A1EB0501B8BF1FFA80FCADF81A401B
:10905000ADF81C10ACEB040CBDF91C30ADF81EC013
:10906000002B1ADD0FFA8CF3002B16DD0C4B1B685E
:1090700093F85C200AB1186D00B998680122036862
:109080003146029297F82820019206AA0092BDF973
:1090900010209C68BDF91230A04709B0BDE8F083EC
:1090A000A42B032490F828202AB190F8252012B18F
:1090B00003685B6918477047704710B50446302154
:1090C00015F06EF8204610BD10B5044600F084FE81
:1090D000E06000F087FEE368C008002247F6FF71F9
:1090E00023610138A2606060198059809A80DA801B
:1090F000636A23F0010343F00203636210BD0000C2
:109100000A4B10B50360002304464362C0E90133F3
:10911000C0E90333C0E90533C0E907336FF000430A
:10912000C0E90A33FFF7D0FF204610BD400604080F
:109130002DE9F04F91B00F4602F01F0C1A990293DF
:1091400053114C110393009401F01F0404944C112B
:10915000B4EB621F40F0ED800499029A8C454FEA0F
:10916000621E026928D1B2F900108E4504D1B2F90D
:1091700002108B4200F07384D1889488214309B295
:1091800081B1B2F9021000290CDBC46AA14209DAEC
:10919000D0E90141A14201F1010138BF08328160EB
:1091A00038BF02610269039BA2F800E053800023EC
:1091B0009380D38000F053BC0299BEEB671F4FEA47
:1091C000671607F01F0401F01F01B2F80480009138
:1091D0000499A1EB0C010AD1009B88441C44D3885C
:1091E000A2F8048001FB0434D48000F038BC029D56
:1091F000ED1B07D4C4F120074FF0010A4FF02009FE
:10920000794306E0029D61434FF0FF3A4FF00009B9
:109210007D1B4C44564491FBF5F705FB17110029C3
:10922000BCBF07F1FF374919B844A2F80480B2F86F
:10923000068007FB0488A2F806800269D488B2F889
:10924000048044EA080424B27CB1B2F90280B8F187
:10925000000F0ADBC46AA04507DAD0E901349C425A
:109260003CBF08320261621C826002690024BDF9C1
:109270000C30B645168053809480D4800CEB0702E6
:109280004CD0049C491BA41A3C44640194FBF5F89F
:1092900005FB1844002CBCBF08F1FF38641908F125
:1092A00001070197D0F810C00919564454BF019F17
:1092B0004746BCF804B058BF491B3A44BB44ACF81D
:1092C00004B0BCF806B00BEB471BACF806B0D0F806
:1092D00010C0BCF80670BCF804B047EA0B073FB2F8
:1092E0008FB1BCF902B0BBF1000F0CDBC76ABB4504
:1092F00009DAD0E9017BBB453CBF0CF108070761E7
:109300000BF10107876007694FF0000CB6453E80FE
:109310007B80A7F804C0A7F806C0C3D1049B0169ED
:109320009A1A8B8813448B80009B2033A3EB09038C
:1093300091E3029BDB1B06938B1A019312D5531109
:10934000002BC0F28C83531A4FF0000A0193009B4C
:1093500043EAE3730093069B03FB0CF24FF0FF33E9
:10936000099312E0C26A039B9A42C0F27883009B81
:109370004FF0200A9A42B8BF531CCCF12002B8BF6C
:109380000093069B5A4301230993019B92FBF3F43C
:1093900003FB1423002B059304DA1A46019B013CBE
:1093A0001A44059204EB0709E24502694FEA691E77
:1093B00028D1B2F900108E4505D1B2F90210039BF5
:1093C0008B4200F0DE80D1889488214309B281B1BC
:1093D000B2F90240002C0CDBC16A8C4209DAD0E9F8
:1093E00001148C4204F1010438BF0832846038BF94
:1093F000026102690021039BA2F800E05380918082
:10940000D180BEE009F01F03BEEB671F4FEA67166D
:1094100007F01F05AAEB0C01B2F804800A9308D1EB
:10942000D4881D44884401FB0544A2F80480D480FC
:10943000A7E0002C06DB0123C5F1200708932023B9
:10944000794305E04FF0FF336943644208930023FA
:109450000793079B91FBF4F704FB17111D44089B2E
:1094600000291E44BCBF07F1FF370919B844A2F810
:109470000480B2F8068007FB0588A2F8068005691B
:10948000EA88B5F8048042EA080212B28AB1B5F956
:109490000280B8F1000F0CDBC26A904509DAD0E90E
:1094A00001329A4202F1010238BF0835826038BFAA
:1094B000056102690025BDF90C30B6451680538060
:1094C0009580D5800CEB07020B934CD0AAEB0205DC
:1094D000091B3D446D0195FBF4F804FB1855002D64
:1094E000BCBF08F1FF382D1908F101030C93D0F827
:1094F00010C04919089B54BF0C9F4746BCF804B0E4
:1095000058BF091B3A441E44BB44ACF804B0BCF835
:1095100006B00BEB471BACF806B0D0F810C0BCF897
:109520000670BCF804B047EA0B073FB28FB1BCF934
:1095300002B0BBF1000F0CDBC76ABB4509DAD0E90A
:10954000017BBB453CBF0CF1080707610BF101072C
:1095500087600769B6450B9B3E807B804FF0000318
:10956000BB80FB80C3D10169AAEB0202079B8C88F8
:10957000CD8814448C800A9C2034E41A02FB0455E4
:10958000CD80099B039A01691A441346B1F9002062
:10959000724503D1B1F9022093421CD0CA888C884D
:1095A000224312B282B1B1F90240002C0CDBC26A34
:1095B000944209DAD0E90124944204F1010438BF4D
:1095C0000831846038BF016102690021A2F800E01F
:1095D00053809180D180009A9A4200F04A81069A85
:1095E00001995201019C92FBF1F104FB11220391BC
:1095F000002A069204DA4A1E0392069A2244069230
:10960000059A0199521ACAF120010C91AAEB0101A5
:1096100005924A46089100E04A46DDE90514091919
:1096200058BF019C059157BF091B039905910399E8
:1096300058BF0131002B89444FEA6918C0F2F48009
:10964000C56A9D4240F3F0800C9F0469BA45B4F9A5
:10965000046024D1B4F90020424504D1B4F90220B9
:109660009A4200F0E180E288324312B27AB1B4F952
:109670000220002A0BDB954209DDD0E9012191424D
:1096800001F1010138BF0834816038BF046102690B
:109690000021A2F8008053809180D180C4E009F0BD
:1096A0001F07B8EB621F4FEA621502F01F0CB6B23B
:1096B0000D9709D1089ABC4408991644E28801FB29
:1096C0000C22A680E280AFE0002907DB089FCCF1E6
:1096D00020027A4301270B97202707E04FF0FF373E
:1096E000089A49420B97002702FB0CF20A9792FB5B
:1096F000F1F701FB172BBBF1000FBCBF07F1FF37E0
:109700008B443E44A6800A9EB444E68807FB0C6660
:10971000E6800B9C06692544B6F804C0F48844EA48
:109720000C0424B28CB1B6F902C0BCF1000F0CDB02
:10973000C46AA44509DAD0E90124944204F1010481
:1097400038BF0836846038BF066104691AB24545DF
:109750000E9262804FF000022580A280E2800C9A77
:1097600007EB020652D0AAEB0604ABEB01023C4425
:109770000792640194FBF1FE01FB1E44002CBCBF68
:109780000EF1FF3E64180EF101070F97079AD0F80B
:1097900010C01219BCF804B054BF0F9F774607924F
:1097A00058BF521ABB443E4458BF0792ACF804B0AD
:1097B000BCF806B00BEB471B0B9FACF806B03D4462
:1097C000D0F810C0BCF80670BCF804B047EA0B072C
:1097D0003FB28FB1BCF902B0BBF1000F0CDBC76A1E
:1097E000BB4509DAD0E9017BBB453CBF0CF108075A
:1097F00007610BF101078760076945450E9A3D80B7
:109800007A804FF00002BA80FA80BFD10269AAEBD9
:1098100006060A9C9188314491800D992031091BDC
:10982000D48806FB0144D480099A016913448C88CA
:10983000CA88224312B282B1B1F90240002C0CDB7B
:10984000C26A944209DAD0E90124944204F1010485
:1098500038BF0831846038BF016102694FF00001F0
:10986000A2F8008053809180D180009A9A427FF4C0
:10987000D3AE029BCAF1200402694FEA631C049B29
:109880009C4228D1B2F900309C4505D1B2F9023092
:109890000099994200F0E380D38891880B431BB272
:1098A00083B1B2F90230002B0CDBC16A8B4209DABA
:1098B000D0E901138B4203F1010338BF0832836002
:1098C00038BF02610369009AA3F800C05A800022E1
:1098D0009A80DA80C3E0029BBCEB691F4FEA6915EE
:1098E00009F01F0703F01F03B2F804E00193049B83
:1098F000A3EB040309D101999E440F44D188A2F837
:1099000004E003FB0717D780A9E00299B1EB090136
:1099100007D4C7F120064FF001094FF02008734328
:1099200007E002997B434FF00008A9EB01014FF0DB
:10993000FF3947444D4493FBF1F601FB163BBBF165
:10994000000FBCBF06F1FF368B44B644A2F804E01A
:10995000B2F806E006FB07EEA2F806E00769FA880F
:10996000B7F804E042EA0E0212B28AB1B7F902E097
:10997000BEF1000F0CDBC26A964509DAD0E901326C
:109980009A4202F1010238BF0837826038BF07618E
:1099900002690027BDF900A0AC4534441580A2F847
:1099A00002A09780D7804CD0049B1A1BABEB01031D
:1099B00032440093520192FBF1FE01FB1E22BA4297
:1099C000BCBF0EF1FF3E52180EF101060296009B3D
:1099D0004D4407699B18B7F804B054BF029E764601
:1099E000009358BF5B1AB344344458BF0093A7F8A0
:1099F00004B0B7F806B00BEB461BA7F806B0066933
:109A0000F788B6F804B047EA0B073FB27FB1B6F962
:109A100002B0BBF1000F0ADBC76ABB4507DAD0E929
:109A200001379F423CBF083606617E1C866006698E
:109A30004FF00003AC453580A6F802A0B380F38058
:109A4000C5D10169049B8A881B1B1A448A80019A2C
:109A50002032A2EB0802C88803FB0203CB8011B0BE
:109A6000BDE8F08F436A9B07F7B504460E461546DE
:109A700011D5D0E9051286EA010385EA02073B43C6
:109A800009D033460095FFF753FB636A43F00103A7
:109A9000C4E90565636203B0F0BDF8B5436A1646D4
:109AA00004460D469A0701D4FFF70EFB636ADB07F5
:109AB00004D52046D4E90712FFF7D4FF23696811C3
:109AC0007111B3F90020B2EB651F03D1B3F9022085
:109AD00091421BD0DA889F883A4312B282B1B3F91F
:109AE0000220002A0CDBE76ABA4209DAD4E90172E3
:109AF000BA4202F1010238BF0833A26038BF2361C5
:109B000023690022188059809A80DA806561266274
:109B1000C4E90665F8BD2DE9F04FD1B000EBC101F5
:109B20006C4626460B1A00F10802482B40F3FC80D5
:109B30001B11B0F90090B0F9028050F8337000EBBF
:109B4000C305B0F904E00760B0F906C06F6847606C
:109B500020F83390A1F10803A5F80280A5F804E0ED
:109B6000A5F806C031F9065CB0F90A70BD4206DB03
:109B700019D1B0F908C031F9085CAC4513DD51F8D2
:109B8000085CB0F90880B0F90CE0B0F90EC01560BF
:109B900051F8045C556021F8088C21F8067C21F806
:109BA00004EC21F802CCB0F90270B0F90A50AF42CF
:109BB00006DB16D1B0F900C0B0F90850AC4510DA98
:109BC0001568B0F90080B0F904E0B0F906C005608E
:109BD0005568A0F8088045604781A0F80CE0A0F81F
:109BE0000EC031F9065CB0F90270BD4206DB1BD134
:109BF00031F908CCB0F90050AC4515DA51F8085CE1
:109C0000B0F90080B0F904E0B0F906C0056051F881
:109C1000045C456021F8088C21F8067C21F804ECEE
:109C200021F802CC00E02A46B2F90A8002F10805C8
:109C3000B0F90270AC46B845F5DB05D1B2F9089031
:109C4000B0F900E0F145EEDB33F906EC083B77456F
:109C5000FADB04D09D42D3F800E007D919E0B0F94F
:109C60000090B3F900E0F145EEDBF3E7B2F908C08C
:109C7000B2F90C70B2F90E20C5F800E0D3F804E098
:109C8000C5F804E0A3F800C0A3F802809F80DA8042
:109C9000C9E71A1AA1EB050BB0F900A05A45B0F9B3
:109CA0000490B0F90680C0F800E0D8BF2A46D3F887
:109CB00004E0D5BF0D46024684461D46C0F804E0C8
:109CC000D8BF19466046A3F800A05F80A3F80490AF
:109CD000A3F80680C4E90025083423E7B3F912701D
:109CE000B3F90A50AF4208DB01D008321CE0B3F9E7
:109CF00010C0B3F90850AC45F7DA9D6803F1080CC1
:109D0000B3F91090083BB3F91C806045B3F91EE02D
:109D10009D615D69A3F81090DD615F82A3F81480F6
:109D2000A3F816E0E1D0D9E7914202D9A2F11003DD
:109D3000D4E7B44203D954E90201083CF2E651B039
:109D4000BDE8F08F10B5436A0446DA0707D5D0E9BD
:109D50000712FFF787FE636A23F001036362636AF9
:109D60009B0722D52369DA8899880A4312B282B107
:109D7000B3F90220002A0CDBE16A8A4209DAD4E94D
:109D80000112914202F1010288BF0833A26088BF2C
:109D90002361A16829B16368994202D8E068FFF79E
:109DA000BAFE636A23F002036362E06810BD00003C
:109DB000024B1860024B1960704700BFAC2B0324A4
:109DC000A82B03240023024A1360024A1360704741
:109DD000AC2B0324A82B0324014B1868704700BF49
:109DE000AC2B0324014B1868704700BFA82B032439
:109DF00010B503680C461B6B9847031B584258412B
:109E000010BD0000014B1960704700BFB02B032448
:109E10002DE9F04F964697B0054614460E461F466C
:109E20000DF11C0CBDF888809DF88C90BDF890A0B9
:109E3000BEE80F00ACE80F00DEF8003004F1140EAD
:109E4000CCF800300DF1300CBEE80F00ACE80F008C
:109E5000DEF8003004F1280ECCF800300DF1440C8F
:109E6000BEE80F00ACE80F00DEF800303146219A62
:109E70002846CCF800302B680192209ACDF8088053
:109E8000009207AACDE9039AD3F840B03B46D847E1
:109E9000A6460DF11C0CBEE80F00ACE80F00DEF882
:109EA000003004F1280E3C34CCF800300DF1300CB9
:109EB000BEE80F00ACE80F00DEF80030CCF8003050
:109EC0000DF1440C0FCCACE80F0023683146284656
:109ED000CCF800302B68CDE9039A219ACDF80880A0
:109EE0000192209A009207AA1C6C3B46A04717B02B
:109EF000BDE8F08F2DE9F04F8DB088461968169CAB
:109F000092ED094A2468D2ED0B4AA4EB010C189C8F
:109F1000D3ED076AB4F900E0BDF87040DDF8649055
:109F20000EEB01066445D3ED0A1A93ED0D2AA8BF86
:109F3000644607EE904AB8EEE75AD2ED0D7AB9F9C9
:109F4000002025EE044AB24265EE244A25EE275A47
:109F5000F7EE007A71EEA40A32EE051A87EEA67AC1
:109F600036EE840A61EE871A22EE072A29DD951B58
:109F700095FBF4F707EE107A002F04FB1755B8EEA7
:109F8000C77AA7EE040AE7EE240AA7EE051A12DD47
:109F900070EE446A70EEE41A31EE452AF5EE406A3E
:109FA000F1EE10FA14BF87EEA67AB0EE677A61EE92
:109FB000871A22EE072A07FB04FAACEB0A0C51447D
:109FC00001E000273D46B9F804904A440EEB010930
:109FD00012B2E1449145C4BFA2EB0E02A2EB010C08
:109FE000BCF1000F50DD9CFBF4F104FB11C20AB977
:109FF00001392246C7EE803A40689DF86CB02E4485
:10A00000D0F800A00029D4BF9146A1460B90179824
:10A0100004FB0766B0EE427ACDF824B00890F0EE6B
:10A02000617A18985B69BEEEC87AB0F902B0FEEEAC
:10A03000C87A0B985B44079317EE103ACDE9058672
:10A0400060EEA32A21EE233A72EEE16AFEEEC86AC0
:10A0500016EE90CA73EE426A9CFBF4FCFEEEC86AF0
:10A0600016EE90EA9EFBF4FE0EFB0533029317EE0C
:10A07000903A0CFB0533CDE903CECDE90043A9EBC3
:10A080000503DAF80840A0470DB0BDE8F08F0000E6
:10A090002DE9F04F0D461F460646084614462DEDA5
:10A0A000088BB2F90630B3B0B2F904B00BEE903AB7
:10A0B00005F082FA09EE100A284605F0B1FA834B42
:10A0C00008EE900AB8EEC99A1B78F8EEE88A9FED80
:10A0D000808A012B0CD0F0EE689AF0EE68AAB0EE00
:10A0E00049BAF0EE498AB0EE48AAB0EE489A07E0C5
:10A0F000F0EE499AB0EE68AAF0EE48AAB0EE48BA7F
:10A1000038680FAA79680DF14C090DF13C084FF041
:10A11000000A03C2C2E9000121881746BDF8443095
:10A1200020680B446188ADF84430BDF846300B44DC
:10A130006168ADF8463013AB03C3484601F0B2FA8C
:10A14000B4F90410B4F906304046ADF8581015A91A
:10A15000ADF85A30CDF854A001F0E8FA384601F0D5
:10A16000A1FA284605F01AFB0446002800F0A88052
:10A1700007EE90BA15AA0BA907A8B8EEE77A8DEDFD
:10A18000078AF8EEEB7A8DED0A8A8DED0B8A8DED5C
:10A19000087A8DED097ACDED0D7ACDED0E7A8DED43
:10A1A0000C8A01F0A7FA15AA0CA908A801F0A2FAD6
:10A1B00015AA0DA909A801F09DFA15AA0EA90AA8C9
:10A1C00001F098FADDED0B7A8DED218AB0EE677A19
:10A1D000DDED087A8DED229AF0EE676ADDED0C7AFE
:10A1E000BEEECE7A8DED26BA8DED278AFEEECE6AD2
:10A1F000CDED2B8A17EE103AB0EE677ADDED097AD5
:10A200001F93B0EE676ADDED0D7A324BBEEECE7A6B
:10A21000CDED236ABEEECE6A209325932A9316EEE7
:10A22000100AB0EE676ADDED0A7A2F93BEEECE6AB1
:10A23000294B8DED247A1B8816EE101AB0EE676A52
:10A24000DDED0E7ACDED2CAABEEECE6A8DED30AAF4
:10A25000FEEECE7ACDED319ACDF85CA016EE102A46
:10A260009DED076ACDED2E7ABEEECE6A2D92CDE938
:10A27000280128468DED1E6ACDE9183405F0BEFA96
:10A280001A90284605F098F91B90284605F0C8F961
:10A290001C90284605F090F94FF6FF72336817A915
:10A2A00004929DF814211D9030460392BDF81021B0
:10A2B000CDF80090CDE901721EAA5C6C19ABA047E5
:10A2C00033B0BDEC088BBDE8F08F00BF962B0324A4
:10A2D000000000000000C8429C2B03242DE9F04F31
:10A2E000D9B01F4606461446BDF890310E91394646
:10A2F00009939DF894310A93BDF898310F93036840
:10A300009D6CDDE90923A8477060002800F08B836D
:10A310003B68F2EE047A94ED027A12937B68B4EE15
:10A32000E77AA0691393B04B1978D7E90223002983
:10A3300016BF194611461346F1EE10FA14916168E2
:10A34000CDE91532E36A40F26E8394ED077AB4EEFC
:10A35000E77AF1EE10FA40F2668394ED0C7AB4EEEF
:10A36000E77AF1EE10FA40F25E8327689F4A97423F
:10A37000C0F2598365699542C0F25583A26ADFF83D
:10A380007CC202F51C32FF32624500F24C83984ACF
:10A39000974200F34883954200F3458301F51C3250
:10A3A000944DFF32AA4200F23E8300F51C32FF3288
:10A3B000AA4200F2388303F51C32FF32624500F2F4
:10A3C0003283814206DA99420EDC98420FDA022586
:10A3D00001270EE0984211DC994216DA0225032784
:10A3E0004FF00008A94615E00125002708E00125E7
:10A3F0000227A946B8464FF0000A0DE000250127C4
:10A40000A946B8464FF0020A06E0022703254FF09E
:10A410000009B8464FF0010A214647A804F05AF84F
:10A420002246534647A917A8CDF8009004F040F9FA
:10A430002246534647A927A8CDF8008004F038F9F2
:10A440004346224647A937A8CDF8009004F030F9DA
:10A45000AF4210AFB7BF0023012327AD17ACB1BF88
:10A460000D9317AD0D9327AC0E9B93E8030087E87F
:10A47000030028B9604B18680368DB6A98473860A6
:10A48000629B6169B3F90230639819440B93639B33
:10A49000C088B3F902302D9A184400B281420C9062
:10A4A0000CDA994280F29480002A40F391805B1A82
:10A4B0009342A8BF134603F1FF3B05E0002A40F397
:10A4C000878002F1FF3B13462C99DDED317A01F1D3
:10A4D000020E9DED326A9DED347A01F1010CDDED45
:10A4E000355ADE44DDED2E6A9DED2F5A2B98DDEDB9
:10A4F000304A9DED334ADDED363ADDE92779DDE975
:10A5000029A800E0DC46504477EE867A37EE257ABB
:10A510004F44404576EE856A08DB76EEA46A013743
:10A5200077EE847AA0EB080037EE237A0CF1010B6A
:10A53000DE45E7D111442B90CDED2E6AA1EB0C0145
:10A540008DED347ACDED317A2797DDED217A9DEDD1
:10A55000226A9DED247ADDED255ADDED1E6A9DED22
:10A560001F5A1B98DDED204A9DED234ADDED263A6A
:10A57000CDE92CC1DDE91C1CDDE9177ADDE919BE46
:10A58000884603EB0109584477EE867A37EE257A40
:10A590005744704576EE856A01F1010108DB76EEDD
:10A5A000A46A013777EE847AA0EB0E0037EE237AA7
:10A5B0004945E8D1C4441B90D21ACDED1E6AACEBDC
:10A5C00001008DED247ACDED217A1797CDE91C108D
:10A5D00063690DF148080B9919440B460C99CF1A81
:10A5E0009742A8BF1746B0E0962B0324018FFDFFCA
:10A5F00000710200FFE10400A42B0324FEE104002B
:10A60000629B2968B3F90020639B1144B3F90030C1
:10A6100099421BDD21680A44639989880B441BB267
:10A620009A4213DC0F9A10A93368304606920A9AB0
:10A6300000950592099A0492639A0392629ACDE971
:10A64000018247AAD3F84C902346C84794ED0A7A72
:10A65000D4ED0B7AD4ED0E6A37EE277AD4ED0D7A6D
:10A66000A16877EEA67A94ED086AD4ED076A84EDC6
:10A670000A7A76EE866AC4ED0D7AD4E90023C4ED39
:10A68000076A1A446369013322606361A369013B6D
:10A69000A36123690B44E1688B42236115DB94EDD0
:10A6A000096A01325B1A76EE266A22602361C4EDE4
:10A6B000076AD4ED0C6A36EE877A84ED0A7A94ED57
:10A6C0000F7A77EE277AC4ED0D7A95ED0A7AD5EDFB
:10A6D0000B7AD5ED0E6A37EE277AD5ED0D7AA9689B
:10A6E00077EEA67A95ED086AD5ED076A85ED0A7AC8
:10A6F00076EE866AC5ED0D7AD5E90023C5ED076AC9
:10A700001A446B6901332A606B61AB69013BAB6131
:10A710002B690B44E9688B422B6115DB95ED096AC7
:10A7200001325B1A76EE266A2A602B61C5ED076A54
:10A73000D5ED0C6A36EE877A85ED0A7A95ED0F7ABB
:10A7400077EE277AC5ED0D7A013F002F3FF758AF1E
:10A750000D9B3D9A13B117AD37AC01E037AD17AC87
:10A76000629B6169B3F90230639819440B93639B50
:10A77000C088B3F90230184400B281420C900CDA60
:10A78000994280F29480002A40F391805B1A9342B0
:10A79000A8BF134603F1FF3B05E0002A40F3878082
:10A7A00002F1FF3B13463C99DDED417A01F1020EC7
:10A7B0009DED426A9DED447A01F1010CDDED455AB3
:10A7C000DE44DDED3E6A9DED3F5A3B98DDED404AAB
:10A7D0009DED434ADDED463ADDE93779DDE939A8FB
:10A7E00000E0DC46504477EE867A37EE257A4F4417
:10A7F000404576EE856A08DB76EEA46A013777EE8F
:10A80000847AA0EB080037EE237A0CF1010BDE45C9
:10A81000E7D111443B90CDED3E6AA1EB0C018DEDEB
:10A82000447ACDED417A3797DDED217A9DED226AAC
:10A830009DED247ADDED255ADDED1E6A9DED1F5A52
:10A840001B98DDED204A9DED234ADDED263ACDE94A
:10A850003CC1DDE91C1CDDE9177ADDE919BE88463B
:10A8600003EB0109584477EE867A37EE257A574490
:10A87000704576EE856A01F1010108DB76EEA46A87
:10A88000013777EE847AA0EB0E0037EE237A494544
:10A89000E8D1C4441B90D21ACDED1E6AACEB010086
:10A8A0008DED247ACDED217A1797CDE91C106369DF
:10A8B0000DF148080B9919440B460C99CF1A974291
:10A8C000A8BF1746A4E0629B2968B3F90020639BE8
:10A8D0001144B3F9003099421BDD21680A446399A1
:10A8E00089880B441BB29A4213DC0F9A10A9336873
:10A8F000304606920A9A00950592099A0492639A44
:10A900000392629ACDE9018247AAD3F84C9023467C
:10A91000C84794ED0A7AD4ED0B7AD4ED0E6A37EE7F
:10A92000277AD4ED0D7AA16877EEA67A94ED086ABD
:10A93000D4ED076A84ED0A7A76EE866AC4ED0D7A64
:10A94000D4E90023C4ED076A1A4463690133226025
:10A950006361A369013BA36123690B44E1688B42F6
:10A96000236115DB94ED096A01325B1A76EE266AE3
:10A9700022602361C4ED076AD4ED0C6A36EE877A53
:10A9800084ED0A7A94ED0F7A77EE277AC4ED0D7A8A
:10A9900095ED0A7AD5ED0B7AD5ED0E6A37EE277A6A
:10A9A000D5ED0D7AA96877EEA67A95ED086AD5ED12
:10A9B000076A85ED0A7A76EE866AC5ED0D7AD5E9E5
:10A9C0000023C5ED076A1A446B6901332A606B6185
:10A9D000AB69013BAB612B690B44E9688B422B618E
:10A9E00015DB95ED096A01325B1A76EE266A2A605C
:10A9F0002B61C5ED076AD5ED0C6A36EE877A85EDD9
:10AA00000A7A95ED0F7A77EE277AC5ED0D7A013F38
:10AA1000002F3FF758AF0E9B1B6823B9034B1868F4
:10AA200003681B6B984759B0BDE8F08FA42B032433
:10AA300070B50446002505989DF81C60616063822E
:10AA40009DF81010BDF91830258021726672E06003
:10AA50002282A382E582258484F82250C4E9065527
:10AA60002EB303685B699847064600B3E068314639
:10AA70000368DB6898470546C8B1437B827A5B0070
:10AA800003F4807313432384637A062B0FD1E068A9
:10AA90002A46314603685B6C98476A7BAB7A520062
:10AAA00002F480721343228C03441344238420460F
:10AAB00070BD2DE9F04F002587B00E464FF6FF6AB6
:10AAC000A8462C462F4642F20B0B0190CDE90223FB
:10AAD00024E000235445059302D05C4518BFA046EE
:10AAE00005AB32460399019803F0B6F90446C0B1AC
:10AAF0000A2816D0059A82B1537B414692F80A90F3
:10AB000030465B00948803F4807349EA0309336894
:10AB10005B6C98474844384487B20135029B9D429C
:10AB2000D7DB384607B0BDE8F08F022A30B511D028
:10AB3000032A1CD0012A28D18B880188B0F904206F
:10AB40005B1A4488B0F906109B1A04808180438008
:10AB5000C2801AE0CB8842889B1AC2889B1A8A88D6
:10AB600001884380521A8188521A02800DE0CB88F6
:10AB70004188B0F906205B1AB0F90050B0F90440E2
:10AB80009B1A458082800380C48030BD2DE9F04F40
:10AB90009FB00F921293299A299B12889B882A9E14
:10ABA00013440E9030681BB217919DF8ACB011930E
:10ABB00003689DF8B8405B6D98473368BDF9A07095
:10ABC0001A7BDB7A1390159216933CB1337C2D9A45
:10ABD000062B14BF01230223134400E02D9B4FF0EA
:10ABE000000910934C46CDF83490CDF830902BE10D
:10ABF0000023CDE91C338DF86F304FF6FF639C4284
:10AC000006D00C9B42F20B02944218BF23460C93D1
:10AC10000D9B2D9932688B420EDB136810465B69E1
:10AC20009847044630681DAA214603689D680DF1C7
:10AC30006F03A8471C900AE00DF16F0359462C984A
:10AC400001931DAB00931CAB03F04EF904464FF685
:10AC5000FF639C4200F0F58042F20B039C4200F03F
:10AC6000F080002C00F0F6800A2C00F0F7801C9B8E
:10AC70000BB19C880DE0306803681B6998474FF65C
:10AC8000FF63984200F0DD8042F20B03984200F02F
:10AC9000D880BBF1000F00D14F441C9A002A00F06D
:10ACA000CF80537BBBF1010F92F80A904FEA430328
:10ACB00003F4807349EA030904D10C9BA7EB09074D
:10ACC00063B91BE00C9B83B1BBF1000F06D1306868
:10ACD0000C9903685B6C9847074409E030680C994D
:10ACE00003685B6C98473F1A08E0BBF1000F05D181
:10ACF000169B119AFB1A93420DDDAAE0299BBBF12A
:10AD0000010FB3F9002006D109EB070315990B4495
:10AD10009342C0F29E801C9B299A93F90910B2F9C4
:10AD200000805A7B39449B79520102F480721343AC
:10AD30000B444345C0F28580119B994280F281808B
:10AD40003068B8450368CCBFA8EB07084FF000088F
:10AD50001B6BC8BF1FFA88F898471C9A92F80DC061
:10AD6000157A63461CF0400F4FEAC30101F480716D
:10AD700045EA0105129918BFA5F5007508442999FF
:10AD800018BF2DB280B2B1F90210ADB2A0EB050A26
:10AD90000FFA8AFA51450EDD1B0192F807C003F441
:10ADA00080734CEA030CD44461454ADC081A8A4695
:10ADB00005442DB200E000251992139A1D9B3068BE
:10ADC000002A28D11893ADB20E9B19680B6D01684B
:10ADD0001493096C8847B179189B0B91B17B199A30
:10ADE0000A919DF86F100991B1680693299B05920D
:10ADF0000493CDF804A0CDE90285B844149D0FFA60
:10AE000088F300930F9BCDE9070117991A680E98F4
:10AE10005B68A84715E00E9AD2F808C0129ADCF8D1
:10AE20000010CDE90472B2790392B27B0292B2684B
:10AE3000CDE90002299A60468D680F99A84700E085
:10AE400091460D9B01330D930D9B109A9342FFF693
:10AE5000CFAE0CB9002412E00A2C01D10A240EE076
:10AE60000D9D08E059462C98E8F7D8FB04460028C9
:10AE7000F0D00A28F2D001352D9B9D42F2DBB4FAC6
:10AE800084F040091FB0BDE8F08F30B5C48A458B0F
:10AE900043832C44E41A838BC4825B1A048B838320
:10AEA00022440C44C283048330BD2DE9F04F044694
:10AEB000478AC06885B003689B6B9847B4F91460F3
:10AEC000637A06EB4006013BB742ACBF4FF0000986
:10AED0004FF00109052B04D8DFE803F024070E1713
:10AEE0001C1C0025A9462E461FE0B7424FF0000566
:10AEF000B4BF0026012618E0B7424D464FF00009C6
:10AF0000B4BF002601264F4610E000250127A946C0
:10AF10002E460BE0B7424FF00005B4BF00270127D3
:10AF20002E4603E000250126A9462F464FF00008D3
:10AF3000A4F81680A4F81880CDF8048000230393A9
:10AF40002388202B0DD042F20B0293420AD00199A4
:10AF50004FF6FF624FF0000A934218BF1946019165
:10AF600002E001934FF0010A03ABE268217A6068C6
:10AF700002F072FF208010B9A28B00235CE0638B8B
:10AF80000A2803F101036383F6D0039A42B94FF60E
:10AF9000FF63984216D042F20B039842CED111E0E3
:10AFA0009388E0682380537B92F80AB05B00019994
:10AFB00003F480734BEA030B03685B6C984783448C
:10AFC0001FFA8BF22388A18B202B03D042F20B00B7
:10AFD000834203D1BAF1000F08BF88460A44208B90
:10AFE000B4F810C092B21044A283B9F1000F06D198
:10AFF000EDB1202B03D042F20B018B4206D1238C02
:10B0000003449C4505DAE38A1BB14FE0604503DC4D
:10B0100094E70023114638E0E38A002B8ED0012309
:10B02000228C84F82230E38B1344E38331E06045C3
:10B030001DDD1FB101230A4611460FE0002E3FF42B
:10B040007DAF202B3FF47AAF42F20B0293423FF4E4
:10B0500075AFBAF1000F05D0012342462046FFF735
:10B0600014FF16E0E38A002B3FF468AF11E0202BB9
:10B070003FF464AF42F20B0293423FF45FAFBAF188
:10B08000000F3FF45BAF012342462046FFF7FDFE71
:10B0900054E7E06803689B6B9847B4F914300344A5
:10B0A000608AC01A608205B0BDE8F08F60457FF706
:10B0B00045AFB4E7F0B505468FB017461C460E46BF
:10B0C000D1B11B6820469B6B98474342BDF8502086
:10B0D00029461BB205A803960097CDE90143012438
:10B0E0004FF6FF73FFF7A4FC05A8FFF7DEFEBDF8DF
:10B0F000143063B10134F7E7012402F078FF0A2825
:10B10000284608BF013402F072FF0028F7D1A0B230
:10B110000FB0F0BD2DE9F04FE5B00E461C460A9089
:10B12000DDE96E8AB8F1000F00F026811B68002B64
:10B1300000F02281A37B002B00F01E8110680CAB75
:10B140005168A579B6F9042003C30021B6F9063089
:10B150000CA8ADF83C200E912A460EA9ADF83E3061
:10B16000FFF7E3FC0EA92A460846FFF7DEFC19A804
:10B1700002F027FB20680368DB6C984705462068CF
:10B1800003681B6D98472B4652464146009019A80C
:10B1900002F06EFB23792068089303689B6B984745
:10B1A000B4F90C5023688146054432A85F7A02F056
:10B1B00008FB237C7BB120680368DB6C98478346DF
:10B1C000206803681B6D98475B46009052464146D5
:10B1D00032A802F04DFBBDF93C3032A9E27B10A849
:10B1E0000993237CBDF83C800393B4F90C30A8EBA1
:10B1F0000202029392B22368019363790093BDF82F
:10B200003E30FFF715FC002D04DC0DF164094FF012
:10B21000000B4CE0237C4F44002B3FD01FFA85FAF3
:10B2200023E010A8FFF741FEBDF856B007E00BF190
:10B23000FF3B617919A81FFA8BFBE8F7EFF9BBF127
:10B24000000FF4D1BDF83E30D144A3EB0A03ADF8B2
:10B250003A90ADF83E30BDF84030002B00F08C80C5
:10B260009DF86230002B40F08780BDF93A90BDF91F
:10B27000323009EB07029A42D3DBC6E719A802F085
:10B28000B6FE002878D00A2808D1BDF83E3019FA59
:10B2900085F95B1BADF83A90ADF83E30BDF93A90B8
:10B2A000BDF9323009EB07029A42E7DBADE7237CB8
:10B2B00013B110A8FFF7F9FD089B2BB3277C64227C
:10B2C00049464BA8E5F7BCF917B1BDF95E0007E0A8
:10B2D0003B4647F6FF7221684BA8FFF7EAFB00B236
:10B2E0002379012B06D1099B181A00EBD07040F38B
:10B2F0004F020AE0022B09BFE27B0022A8EB020208
:10B30000121A08BF12B200E0E27B237C13B1BDF831
:10B31000561001E047F6FF719DF862A00CAFBDF931
:10B320003A300A98029401970B93CDE9051ABDF8BB
:10B3300038100A44002112B2CDE903B90092324616
:10B34000FFF724FCC0B90B9BBDF83E2013FA85F330
:10B35000521B1BB2ADF83E20ADF83A30BAF1000FE7
:10B360000AD12268BDF83210127A9B1ABDF8362035
:10B370000A4412B293429ADD65B0BDE8F08F10B571
:10B38000032B18D8DFE803F002060C13B0F9000015
:10B39000084411E003888188581800B2801A04E03C
:10B3A00003888288981800B2401A013804E0B0F986
:10B3B0000000104400E0002010BD10B5032B18D889
:10B3C000DFE803F002060A10B0F90200104411E0B1
:10B3D000B0F9020008440DE04388C188581800B253
:10B3E000801A04E04388C288981800B2401A0138D5
:10B3F00000E0002010BD0000014B00221A607047E1
:10B40000B02B03240346C0B1B0F5803F36BF030420
:10B4100000201020B3F1807F3CBF1B020830B3F145
:10B42000805F3CBF1B010430B3F1804F3CBF9B00E9
:10B430000230002B02DB01307047202070472DE9DD
:10B44000F04F87B004460D461E46109F104602E09E
:10B4500035461C460026002C51D000284CD045EA29
:10B4600006031F2B4AD845B903462046002EEFD1CC
:10B470004FF0FF346FF0004042E030FA05FA05D19A
:10B480004443B4FBF7F007FB104439E04FF00108E8
:10B4900004FA05F9224608FA05F8B9FBF7FB08F1AA
:10B4A000FF380AFB0BF308EA000803934046FFF756
:10B4B000A9FF119B01464046CDE900732B46FFF7DB
:10B4C000BEFF07FB1B928046A9191046FFF79AFFA3
:10B4D000034605A8CDE900705046FFF7B0FF119B69
:10B4E0001C68059B1C44039BB4FBF7F2D31807FBB5
:10B4F00012444344184403E0044601E0002420467B
:10B50000119B1C6007B0BDE8F08F2DE9FF410A9D3B
:10B51000B0F100081C46BDBF2B68C8F100084FF011
:10B52000FF360126BCBF5B422B60002A04DA2B6881
:10B53000524276425B422B60002C1046BABF6442F6
:10B540004FF0FF370127FFF75DFF034603A8CDE962
:10B5500000404046FFF773FF039A2B68BE42134436
:10B5600093FBF4F2104404FB123318BF404201363F
:10B5700003D0002B06DB1A4609E0002BC3F10002C2
:10B5800003DB04E001381A1901E00138121B2A60BC
:10B5900004B0BDE8F08100002DE9F04F1F4C85B0EC
:10B5A0000646A569D0E9009795B305EBD572A36867
:10B5B0000DF10C0A03EB6203CDF800A04FEA620B19
:10B5C000E1694A4603932B462068FFF79EFF3A46FF
:10B5D000CDF800A080462B46216A6068FFF795FFF2
:10B5E00063694A46CDF800A05B448044616A0393D6
:10B5F0002B46E068FFF789FF8146CDF800A03A4668
:10B600002B46A16A2069FFF780FF09EB0007C146BE
:10B61000C6E9009705B0BDE8F08F00BFB42B032446
:10B62000074B1B78012B09D1B1F90030B0F900208C
:10B630000380044B1B88013B9B1A0B80704700BFA3
:10B64000962B0324A02B0324074B10B51B78012B4A
:10B6500008D1064B0C881B88B0F90020013B1B1B4E
:10B6600003800A8010BD00BF962B0324A02B032467
:10B670000A4B10B51B78012B0ED1B0F90610428889
:10B68000074B0A44B0F900401B8844809B1A038092
:10B69000B0F904308180C38010BD00BF962B032415
:10B6A000A02B0324084B1B78012B0CD14388B0F945
:10B6B000041002880380054B0A441B889B1A4380B0
:10B6C000C388C18083807047962B0324A02B03245A
:10B6D000074B10B51B78012B08D1B1F90030B0F938
:10B6E000004003809388013B1B1B0B8010BD00BFF3
:10B6F000962B03240B4B1B78012B11D10B6890ED7B
:10B70000007A0360B2F90430DFED076A07EE903A81
:10B71000F8EEE77A77EEE67A77EEC77AC1ED007A4F
:10B72000704700BF962B032417B7D13838B5094BA3
:10B730000A461B78012B0CD1B0F90450014603884E
:10B740002B44013B21F8023BFFF7C2FFC388C580B1
:10B75000838038BD962B0324064B0021B3F90020CB
:10B76000054BC0F83011B3F90030A0F83421A0F82F
:10B7700036317047A02B03249E2B0324034B1868FB
:10B7800010B103689B691847704700BFF02B032472
:10B7900070470000094B07B5B3F900200021084BA2
:10B7A00000916946B3F90030ADF80420ADF80630D9
:10B7B00003689B6C984703B05DF804FBA02B03243F
:10B7C0009E2B0324094B82B00021B3F90020084BC3
:10B7D000ADF8042002AAB3F900300091ADF80630AC
:10B7E000036812E906001B6C02B01847A02B032463
:10B7F0009E2B0324034B186810B10368DB691847BC
:10B80000704700BFF02B0324034B186810B1036886
:10B810001B6A1847704700BFF02B03240023A0F8D1
:10B82000EC307047034B186810B103689B6A1847E7
:10B83000704700BFF02B0324704710B504464FF447
:10B840009E7112F0ADFC204610BD002804DD0029D9
:10B85000CCBF0020012070470120704710B5B1F91E
:10B8600000408A88B0F90030224412B2934215DABF
:10B87000828813441BB29C4210DAB1F90230C988A5
:10B88000B0F90220194409B28A4207DAC1880A4491
:10B8900012B29342ACBF0020012000E0002010BD96
:10B8A000F8B5B1F9047004460B46B1F906103846F4
:10B8B000FFF7CBFFE0B9B3F90050B4F90060B5422F
:10B8C00016DBB3F90230B4F90220934210DBB4F86E
:10B8D00004C03D4466442DB236B2AE4208DBE08877
:10B8E0000B4402441BB212B29A42B4BF00200120A2
:10B8F000F8BD2DE9F843B1F904800346B1F90670AB
:10B900000A4640463946FFF7A0FF00283CD1B3F96C
:10B910000490B3F906104846FFF797FFB2F90040CC
:10B9200050B11C80B2F902105980B2F9041099800C
:10B93000B2F90620DA8027E0B3F90000B2F902205C
:10B94000A042B3F9025084464844A8BFA446954299
:10B950002E464444A8BF16460D443A4400B224B2D1
:10B96000A3F800C02DB25E8012B2A042ACBFCCEBF7
:10B97000000CCCEB040C9542ACBFC6EB0506C6EB45
:10B980000206A3F804C0DE80BDE8F883B0F90030F9
:10B99000002B10B504DA84882344838000230380BD
:10B9A000B0F90040B0F90430091B8B42B0F9023005
:10B9B000C8BF8180002B04DAC1880B44C3800023F8
:10B9C0004380B0F90210B0F90630521A9342C8BF52
:10B9D000C28010BD104B10B50C46B3F900200F4BC0
:10B9E0002046B3F90010FFF7D1FF0D4B186890B156
:10B9F000036821469B6898470A4B186818B103688A
:10BA000021469B689847084B214618680368BDE8A3
:10BA10001040DB69184710BD9E2B0324A02B032484
:10BA2000F02B0324E82B0324A42B0324014B1868D8
:10BA3000704700BFF42B0324002310B5A0F8A430F6
:10BA40000446B0F88030A0F8A6300DE0E21892F875
:10BA5000842022B154F8230003681B6D9847B4F882
:10BA6000A4300133A4F8A430B4F8A430B4F8A6206C
:10BA70009A42EBD810BD30B50022B0F8804000F1FA
:10BA800084050FE050F822308B420AD1AB5C43B101
:10BA9000013B8118DBB281F8843033B940F82230A1
:10BAA00003E0013293B29C42ECD830BD002200F199
:10BAB0008303A33020F8232C03F8012F8342FBD10A
:10BAC0007047000070B50B4E04460D46306810B14B
:10BAD00003685B699847201DFFF7E8FF35602B6816
:10BAE0002846DB689847236820465B6CBDE87040B9
:10BAF000184700BFF02B03240023B0F8A4102DE951
:10BB0000F0411A46B0F880E000F183061C461D465D
:10BB10001AE016F801CFBCF1000F0CD09A4208D001
:10BB200050F823701FFA82F840F82870871887F8B9
:10BB300084C0013207E09942B0F8A670A8BF013571
:10BB40009F42C8BF013401339E45E2DCB0F8A63005
:10BB5000491B1B1BA0F8A410A0F8A63002E0013B73
:10BB6000A0F88030B0F880309342F8DCBDE8F08176
:10BB700070B5164E0446306830B1037A23B984F8A4
:10BB8000383103689B681DE094F83831104D73B963
:10BB900068B1037A5BB1286810B103681B699847E4
:10BBA00030680368DB689847012384F8383104342F
:10BBB0002046FFF741FF2046FFF79EFF286820B18F
:10BBC00003685B6ABDE87040184770BDEC2B032426
:10BBD000F02B0324F8B500230C46B0F8805000F198
:10BBE0008306194611E050F8237016F8012FA7427A
:10BBF00006D1FF2A1ED00344013283F8842019E0C5
:10BC0000002A03F1010308BF01219AB29542EAD844
:10BC100019B1202D01D1FFF76FFFB0F880301F2B35
:10BC200008D8C218012182F884105A18A0F8802080
:10BC300040F82340F8BD034600F1400100221A807D
:10BC4000083323F8062C23F8042C23F8022C8B420B
:10BC5000F5D1A0F840207047F8B51A4B06460446C7
:10BC6000002546F8043BA822002130461CF076FB54
:10BC700004F1AC00A4F88450FFF7DDFF04F1EE00FE
:10BC8000FFF7D9FF1049114884F83851104FC4E923
:10BC90004C5511F051FE0F4B08B11D8006E04FF4DA
:10BCA000806202201A80386001F0EEFB00230A4A0D
:10BCB00030461360094A3B601360FFF7F7FE2046E9
:10BCC000F8BD00BF50060408CDB5E8B5C2A507F41D
:10BCD000F02B032464000024F42B0324EC2B032416
:10BCE000B0F84030013B9BB28B4210B5A0F8403019
:10BCF00009D900EBC30450F8333000EBC10240F81F
:10BD000031306368536010BD37B56B46044683E835
:10BD10000600B0F84020072A08D8511C00EBC205E5
:10BD2000A0F8401003CB44F83200696003B030BD86
:10BD30002DE9F04F8FB083460AAB0AA883E80600CE
:10BD4000984BB3F90020984BB3F90010FFF71EFE93
:10BD5000BDF92E10BDF92C00FFF777FD002840F04B
:10BD60002A83924B1B6893F84C30022B00F02383FC
:10BD7000BBF8EC400BF1AC05013C0AE005EBC4015B
:10BD80000AA8FFF78DFD18B1A1B22846FFF7A8FF5A
:10BD9000013C611CF2D1BBF8EC300BEBC305029304
:10BDA00000242E46DDF8088027467AE00AA906F12D
:10BDB000A400FFF753FD00286ED0BDF928E0B6F9C6
:10BDC000A4C0BDF92A20E645B6F9A6A033DBB6F833
:10BDD000A810BDF82C306144734409B21BB29942DB
:10BDE00029DBBDF82E305245B6F8AA101FFA82FEA4
:10BDF00013FA82F31FFA8AFC11FA8AF19BB289B214
:10BE000009DB5B1A1BB2002BADF82E3040F3D38256
:10BE1000ADF82A100DE009B21BB299423DDBACEB44
:10BE20000E0C0FFA8CFCBCF1000FADF82EC040F3E5
:10BE3000C282044630E052452FDBB6F8AA30BDF886
:10BE40002E1053440A441BB212B2934225DBB6F8BB
:10BE5000A820E645BDF82C301FFA8EFA12FA8CF2B3
:10BE60001FFA8CF113FA8EF392B29BB209DB9B1A84
:10BE70001BB2002BADF82C3040F39D82ADF828208A
:10BE8000D7E71BB212B2934207DCA1EB0A0109B259
:10BE90000029ADF82C10CAE7384608F1FF38083EF3
:10BEA0000746B8F1000F81D1002C7FF479AF2FB98C
:10BEB000BBF8EC506C1E0BEBC505EFE1BDF928306B
:10BEC000A846BDF82C900393BDF82830BDF82EA0ED
:10BED00003EB09060793B3B236B20493BDF92A30D7
:10BEE0000193BDF82A3003EB0A070593BBB23FB2BA
:10BEF00006934DE00AA908F1A400FFF7AFFCC8B112
:10BF0000B8F9A410039AB8F9A6308A421DDCB8F833
:10BF1000A8200A4412B2B24217DC01999AB299429F
:10BF2000B8F8AA3008DC1344069AA8F8A6709B1A41
:10BF3000A8F8AA30204628E013441BB2BB4224DCF8
:10BF4000059B9A1AA8F8AA20F4E7019A9A421CDCE9
:10BF5000B8F8AA2013441BB2BB4216DC039B8AB27A
:10BF60008B42B8F8A83007DC1344049AA8F8A46000
:10BF70009B1AA8F8A830DDE713441BB29E4204DBED
:10BF8000079B9A1AA8F8A820D4E7A8F10808044645
:10BF9000C345AFD1002C8BD0029B5C1E0BF1AC03D0
:10BFA000089333E19E2B0324A02B0324A42B03240A
:10BFB00005F1A4080AA84146FFF772FC18B1A1B226
:10BFC0000898FFF78DFE0AA94046FFF747FC0028B6
:10BFD00000F01A81B5F9A430BBF8EC200293B5F853
:10BFE000A480B5F8A83009924344B5F9A610DDE95C
:10BFF00002029BB282427FDD079A0FFA83FE01980C
:10C00000A2EB080C88421FFA8CF20FFA8CFC1FDDA1
:10C010000BEBC404A6EB0E0E8BB20598B4F8B2601D
:10C02000C51A33441FFA85F81BB22DB2FB1A05FB63
:10C030000EFE0CFB03F39E4502DBA4F8B25020E099
:10C04000D044A4F8B0C0ADF82A10ADF82E808FE629
:10C05000764523DD0BEBC4040698A6EB0E0EB4F870
:10C06000B2301B1A01980B44091A9DB20CFB01F166
:10C070001BB203FB0EFE71450ADCA4F8AE70A4F8F7
:10C08000B230029B4A44ADF82830ADF82C206FE660
:10C090005544A4F8B0C0ADF82E5069E6049909984B
:10C0A0005B1A062899B21BB20DD8D5F8A4000CAAC9
:10C0B000D5F8A810A5F8A460A5F8A83003C2ADF87B
:10C0C00034C0134681E063454FEAC4040DDB4A44A3
:10C0D0005C44029992B2A4F8B030ADF82810ADF8E3
:10C0E0002C204244A4F8AC2042E65C444944A4F825
:10C0F000B0C0ADF82C103BE6B5F8AA201FFA81F8C5
:10C10000019812FA81F2884292B21FDA0498E40090
:10C110001B1A06985C44121A01989DB2091A1BB2A8
:10C120001FFA82FC03FB01FE12B2DDE90210081ABD
:10C130005043864505DC4D44A4F8B220A4F8AE7007
:10C1400023E0A4F8B030A4F8AC6027E00598A0EB99
:10C15000080E18B286421FFA8EFC0FFA8EFE21DA04
:10C16000049812B2E4001B1ABA1A5C441FFA83F84E
:10C170001BB2DDE902505A43281A0EFB00F0904230
:10C1800006DB08EB0905A4F8B2E0ADF82C50EFE5AA
:10C19000A4F8AC60A4F8B030ADF82A10D444ADF8DF
:10C1A0002EC0E5E5069B0998D21A062893B212B272
:10C1B00011D8D5F8A4000CABD5F8A810A5F8A67036
:10C1C000A5F8AA2003C3ADF836E0089813E90600E5
:10C1D000FFF79AFD18E072454FEAC4040DDBD44422
:10C1E0005C44ADF82A101FFA8CFCA4F8B220ADF81C
:10C1F0002EC0C444A4F8AEC0BAE55C445344A4F8CD
:10C20000B2E0ADF82E30B3E5013C083D621C7FF48E
:10C21000CFAE4DE6BDF92A20B5F9A660BDF92810CC
:10C22000B242B5F9A47018D1BDF92E00B5F9AA3003
:10C23000984212D1B5F8A830BDF82C20D81900B218
:10C24000884202D1ADF8287003E0114409B2B94226
:10C2500022D11344ADF82C3019E0B9421CD1BDF9FC
:10C260002C10B5F9A830994216D1B5F8AA30BDF80E
:10C270002E10981900B2824202D1ADF82A6003E074
:10C280000A4412B2964207D10B44ADF82E30A1B247
:10C290000BF1AC00FFF724FD013C083D631CB9D154
:10C2A000BBF8EC70072F06D8DDE90A120BF1AC00E1
:10C2B000FFF72AFD7FE007F1FF390BF1AC030BEB31
:10C2C000C7076FF0004A00250293B7F8A820B7F817
:10C2D000AA3012FB03F307F1A40201934B4609F1C4
:10C2E000FF39C846B8F1FF3F10680DF1300C0493D8
:10C2F00014BF02990DF1280E039218BF01EBC80E6E
:10C30000BEF80610BEF8046016FB01F65168ACE8F2
:10C31000030071460CA8FFF7ECFA019BBDF834103E
:10C32000BDF836001E4411FB00F18E1B0029B8BF7A
:10C330000731B6EBE10FDDE903230BDB564503DAEA
:10C3400046B1B24644461D4608F1FF3818F1020FC7
:10C35000C8D102E044461D4604E0B9F1FF3FA7F111
:10C360000807B2D1AFB2002C0BF1AC064FEAC705FB
:10C3700005F1AC00584404DA01460AA8FFF7B9FAFF
:10C3800014E0A4B25D44E40004F1AC015C445944FF
:10C39000FFF7AFFA0AAB03CB0AABC4F8AC00C4F8A2
:10C3A000B010D5F8AC00D5F8B01003C3394630460C
:10C3B000FFF796FCDCE40FB0BDE8F08F2DE9F04FFD
:10C3C0000446B0F93611A3B0B0F93401FFF73DFAD5
:10C3D000054638B9236820461B6CD4E94C129847AF
:10C3E000C4E94C55B4F8EC303BB9A74B1B6893F843
:10C3F0004C309A1E5342534100E00123A34A126875
:10C40000B2B1A34DB5F90610B5F90400FFF71DFA56
:10C41000064668B92846FFF72BF9236829682046A5
:10C420001B6C6A6898472E806E80AE80EE8002E0BA
:10C43000002B00F07A83974F11A8FFF7FCFB3D8893
:10C440002E460AE004EBC603013611A8B6B2D3F8B3
:10C45000AC10D3F8B020FFF757FCB4F8EC30B3427F
:10C46000F0D80BE004EBC503013522682046ADB2DD
:10C47000D3F8EE10166CD3F8F220B047B4F82E3192
:10C48000AB42EFD8804E306890F84C30012B40F032
:10C490000981814AB4F8EC1012783B88012A40F0F7
:10C4A0008180DFF8FC8104F1AC00B8F800209346ED
:10C4B00005E030F933500133AB45A8BFAB468B42A2
:10C4C000F7DB0F2A04F1AC09ADF834208CBFD50896
:10C4D000012555E0B8F80030D1F8A810039388473B
:10C4E000039B86463068A3EB0E03AAEB050E90F87B
:10C4F00080209BB290F86E10734505DD5B4503DD2F
:10C500004AB9002937D006E02AB921B95B45B8BF3E
:10C510005B46184600E05846604B0021ADF83400F9
:10C52000AAEB0000B3F90030B7F800A0ADF8361060
:10C53000ADF83800ADF83A3018E009EBCA0159F807
:10C540003A000FAA496803C20DA90FA8F9F70EF91E
:10C55000BDF94210BDF94000FFF777F920B9226814
:10C560000FA92046926C90470AF1010AB4F8EC201A
:10C570005245E2DC04E003680121D3F8A430984777
:10C58000BDF934A03068DA450168A3DC77E030F803
:10C59000332035F833C00133624412B29245B8BF3C
:10C5A000924605E04FF0000A04F1B20004F1AE0536
:10C5B0008B42ECDB394B04F1AC08DFF8E4901D88CA
:10C5C00000230F2DCDE90D338CBFED0801254BE085
:10C5D000D3F8A83098470BEB050C03463068634549
:10C5E00090F8801090F86E2009DA534507DA69B99F
:10C5F00062B903680121D3F8A430984734E029B91F
:10C6000022B95345A8BF5346184600E05046A0EB58
:10C610000B00B9F900300022ADF836B0ADF8383073
:10C62000B7F800B0ADF83420ADF83A0018E008EBE8
:10C63000CB0258F83B000FAB516803C30DA90FA8FC
:10C64000F9F794F8BDF94210BDF94000FFF7FDF885
:10C6500020B923680FA920469B6C98470BF1010B6A
:10C66000B4F8EC305B45E2DCBDF83A30BDF836B0EA
:10C6700030689B4403680FFA8BFBD345A8DB306816
:10C6800003685B6A69E000BFA42B0324E82B032442
:10C69000E02B032464000024962B03249E2B032408
:10C6A000A02B0324022B40F0D780B0F8843090F800
:10C6B00081700993B0F882307D1E08931FFA85FAC5
:10C6C0000368D3F8A8309847B64B814600201B88F2
:10C6D0000393B54BB3F80080B44B1B78012B1EBFFE
:10C6E0004346DDF80C800393E8F713FDB8FBF7F73A
:10C6F0007D430BE030680A210368D3F89C309847EB
:10C7000030680368D3F8A83098478146A945F1DB23
:10C7100000204FF0000BE8F7FDFC1AFB07FABBB254
:10C720005D46A34E05931FFA8AF306934FEA58130A
:10C73000079300E0D146454500F0DF81306803688B
:10C74000D3F8A83098478145824608D9BBF1000F3D
:10C7500008D030680368D3F8B8309847CDE1BBF112
:10C76000000F04D0554500D2F3E74FF0010BB5FBA5
:10C77000F7F18BB2581C0493059B10FB03F01FFAD2
:10C7800080FEBBF1000F05D00AEB07024245A8BFAF
:10C79000424602E0069BAAEB030292B20898724559
:10C7A00094BFC5EB0203C5EB0E038342A8BF03464B
:10C7B00009981FFA83F9814505D215FA83FCE045F3
:10C7C00001D072453DD90120CDE90A31E8F7A1FC3D
:10C7D00030680B99026809B2D2F898209047734AE2
:10C7E0000A9B00201278BDF90C101BB2012A0CD153
:10C7F000A8EB0502ADF83E00ADF84030A2EB09020F
:10C80000ADF84210ADF83C2007E0ADF83C00ADF8C3
:10C810003E50ADF84010ADF8423023680FA92046D5
:10C82000A9449B6C98473068049B1FFA89F55942CC
:10C83000036809B2D3F8983098470120E8F76AFCFA
:10C8400078E7306803689B6A9847306807990368FF
:10C85000D3F89C3098476DE7032B40F03281534B5F
:10C8600004F1AC0AB0F986801B78012B40F01C81E2
:10C8700086E004F1B0013B88B4F9AC204FF0000928
:10C880000133039104F1B2019BB2049129E02544E4
:10C890003AF933E09C46B5F8B010B5F8AC0008445E
:10C8A000039931F8331000B2714409B2884204DAB6
:10C8B00086457246B8BF024611E00CD10499B5F91D
:10C8C000B20031F933108842B4BF9C46CC46724561
:10C8D000B8BF724603E08A42CC46B8BF0A4601336D
:10C8E000E14699B24FEAC9058B45D0D861190FAB23
:10C8F000D1F8AC00D1F8B01003C3BDF940300FA897
:10C90000BDF83C1043450B44B8BFBDF93C209B1A11
:10C91000ADF83C20ADF84030FEF7C4FEBDF9403024
:10C92000BDF942101846FEF790FF48BB88453068B5
:10C930009BB22544A8BF89B20268B8BF1FFA88F12C
:10C940000091BDF83C10D2F894B0BDF83E20D84715
:10C950008346ADF842000FA8FEF78AFE2368204602
:10C960000FA99B6C9847B5F8B000A0EB0B0000B284
:10C97000A5F8B00020B91FFA89F15046FFF7B0F9C9
:10C98000B4F8ECB0BBF1000F7FF473AFB5E0B4F8CE
:10C99000B2501046B4F8AE304FF0000903991D4470
:10C9A0002DB22CE09E2B0324A02B0324962B0324D2
:10C9B000A42B03242644B1F9AEE08446B6F9AE3088
:10C9C000734504DDB1F8B25075442DB20CE00FD1BF
:10C9D000B6F9B0E0B1F9B060B645B4BF8446CC4614
:10C9E000B1F8B26033441BB29D42A8BF1D4603E0BC
:10C9F0007545CC46A8BF754601300831E14683B283
:10CA00004FEAC9069B45D5D80AEB06002644B6F97D
:10CA1000B230B0F906104345B0F90400BEBFB6F815
:10CA2000AE50ED182DB2FEF710FF0028AFD1B6F9C9
:10CA3000AE209BB2ADF84200AD1A3D48B6F9B0C089
:10CA40004545B6F9AC100068A8BF4546ADF83C10A6
:10CA5000ADF83E2089B2ADF840C0ADB2D0F800E0EC
:10CA600092B29D4294BF009500931FFA8CF3DEF8BA
:10CA70009450A8472368ADF842000FA99B6C20464C
:10CA80009847BDF84220B6F8AE301344A6F8AE3051
:10CA9000B6F8B2309B1A1BB2A6F8B23023B91FFA0F
:10CAA00089F15046FFF71CF93A88B4F8ECB001322E
:10CAB00092B204EBC2030393BBF1000F7FF467AFA4
:10CAC0001BE03D8815E004EBC5020FABD2F8AC00CB
:10CAD000D2F8B01003C3BDF94210BDF94000FEF713
:10CAE000B4FE20B923680FA920469B6C98470135F6
:10CAF000ADB2B4F8EC30AB42E5D80E4B1B78A3B125
:10CB00000023EE34A4F840300B4B1D8809E022AB23
:10CB1000204603EBC5030135ADB253E91112FFF70F
:10CB2000F3F8BDF88430AB42F1D823B0BDE8F08F04
:10CB3000A42B0324982B032464000024034B00221D
:10CB40001A805A809A80DA80704700BFE02B032455
:10CB50002DE9F04F9FB0054614461E4605A80391E7
:10CB600000F02FFE2B6828464FF6FF6ADB6C42F27E
:10CB70000B0B98472B68074628461B6D9847324693
:10CB800000263B46214600903446B046374605A86D
:10CB900000F06EFE00235445049302D05C4518BF9C
:10CBA000264604AB2A46039905A801F055F9044628
:10CBB00008B10A2804D1B84538BFB846002713E0A9
:10CBC000049A002AE6D0537B314692F80A90284610
:10CBD0005B00948803F4807349EA03092B685B6C5B
:10CBE00098474844384487B2002CD3D140461FB000
:10CBF000BDE8F08F08B50368DB68984728B1437B30
:10CC0000807A5B0003F48073184308BD0EB4F0B55E
:10CC10009EB0044623AB05A853F8046B039300F0C1
:10CC2000D0FD23682046DB6C9847236805462046E4
:10CC30001B6D98472B4600250090039A314605A8A6
:10CC400000F016FE04951CE00A281AD00498C0B122
:10CC5000477B027AFE00C0793901E38806F48076CA
:10CC600001F4807132437E0641EA000148BFA2F51B
:10CC700000720B4448BF12B29B1A1BB29D42B8BF50
:10CC80001D4604AB2246002105A801F0E5F8002866
:10CC9000DAD1A8B21EB0BDE8F04003B07047437AC5
:10CCA0008288981880B2704703681B6B18470EB4CF
:10CCB00070B59DB0044621AB03A853F8046B0293F2
:10CCC00000F07FFD23682046DB6C9847236805460B
:10CCD00020461B6D012498472B46029A314600904E
:10CCE00003A800F0C5FD03A801F081F9034607E0A1
:10CCF0000A2B04BF013004B203A801F078F90346FF
:10CD0000A0B2002BF4D11DB0BDE8704003B0704755
:10CD10000EB470B59FB0044623AB05A853F8046B5E
:10CD2000039300F04EFD23682046DB6C9847236890
:10CD3000054620461B6D98472B46039A31460090C6
:10CD400005A800F095FD002104AB224605A804913A
:10CD500047F6FF7501F080F81AE00A2812D0049B0C
:10CD600083B1587B1B7AC100E28801F480710B43C8
:10CD7000410644BFA3F500731BB2D31A1BB29D42F8
:10CD8000A8BF1D4604AB2246002105A801F064F8A7
:10CD90000028E2D128461FB0BDE8704003B07047BC
:10CDA00007B50368002182681B69CDE90012694656
:10CDB000984703B05DF804FB38B50B680C46054690
:10CDC000DB689847236820462946DB6A984728464F
:10CDD00038BD10B40A88848822440A804A88C488EE
:10CDE00022444A80406920B103685DF8044BDB6A45
:10CDF00018475DF8044B704770B582880C460B8865
:10CE0000054613440B804B88C28813444B80011D98
:10CE10002046F8F7ABFCB4F90430002B0BDDB4F975
:10CE20000630002B07DD686928B1036821469B6A3C
:10CE3000BDE87040184770BD70B582880C460B88FD
:10CE4000054613440B804B88C28813444B80011D58
:10CE50002046F8F78BFCB4F90430002B19DDB4F947
:10CE60000630002B15DD686928B1036821461B696F
:10CE7000BDE870401847074B1B6804339D4208D13A
:10CE8000FEF7D4FD0368216862681B6CBDE8704042
:10CE9000184770BDF02B032451EA020370B5044615
:10CEA0000D46164611D003689B699847E3882046D3
:10CEB000F218A388E91812B209B2E4F77BFE2368DE
:10CEC00020469B69BDE87040184770BD10B500232F
:10CED00004460846B1F908102380B0F90A2063809F
:10CEE0000368A1802146DB6AE2809847204610BD96
:10CEF00030B58380BDF80C309DF81C50C3809DF880
:10CF00001030416103729DF81430028343729DF822
:10CF1000183003F07F0343EAC51383729DF8203075
:10CF2000C3729DF824300373BDF82830C381BDF867
:10CF30002C300382014B036030BD00BF0C07040896
:10CF40000346F0B5406900283CD01A8B8388013A2B
:10CF5000CB1A36D493420CDD0E2303FB02039B88CD
:10CF60005B1AD31A9A422CDB002BBCBF02EBD273A4
:10CF70005B1000240E251FE005FB0306B788B942AD
:10CF80001DD00BD25A1E94421BDC36F80A3C5B1AA9
:10CF9000D31A9A4215DB9C420EDD09E05C1CA242CA
:10CFA0000FDB738ACB1A23449C420ADC9A4203DAD1
:10CFB000131903EBD3735B109442DDDD01E03046BF
:10CFC00000E00020F0BDF8B5054617461E4609B939
:10CFD000002423E00A29FBD04FF6FF639942F7D0E3
:10CFE00042F20B039942F3D0FFF7AAFF2B680446E5
:10CFF00048B91B692846984701462846FFF7A0FF15
:10D0000004460028E4D02B6821462846DB6D98476B
:10D0100038602B682846DB6B984730702046F8BD97
:10D0200038B5054602F040FC0446284602F07EFB77
:10D03000400040EA840080B238BD38B5054602F0B1
:10D0400033FC0446284602F071FB400040EA8400AD
:10D0500040F0010080B238BD0346C0B1B0F5803F5A
:10D0600036BF030400201020B3F1807F3CBF1B02B9
:10D070000830B3F1805F3CBF1B010430B3F1804F37
:10D080003CBF9B000230002B02DB013070472020A8
:10D0900070472DE9F74F0C4615461E46014608B964
:10D0A0003CE01946E4B30846FFF7D6FF58B92046DE
:10D0B000FFF7D2FF002823460C46F2DC4FF0FF3189
:10D0C0006FF000442DE034FA00F805D16143B1FB64
:10D0D000F5F405FB141124E0012301FA00FA2A46B5
:10D0E00003FA00F03346BAFBF5F9013808FB09F7FB
:10D0F0002040FFF7CEFF01AB834605FB19A12A466E
:10D100004046FFF7C6FF019B31681944B1FBF5F3B8
:10D110001F4405FB13115F44C41902E0044600E0FC
:10D1200021462046316003B0BDE8F08FF7B50C46CC
:10D13000011E1E46BABF49424FF0FF350125002CA3
:10D14000BCBF64426D42002ABABF52426F422F46B2
:10D15000A142DEBF23460C461946204601ABFFF72D
:10D1600098FF019B78436B43336003B0F0BD002010
:10D170007047012070470220704770477047704722
:10D18000704710B504460C2111F00AF8204610BD76
:10D1900010B50446102111F003F8204610BD10B55B
:10D1A00004460C2110F0FCFF204610BD10B50446CB
:10D1B0003C2110F0F5FF204610BD000070B5036B58
:10D1C0008AB004460D4613B10B79002B47D0261DBB
:10D1D00003A83146FFF77AFE2B79A3B92A89304696
:10D1E000BDF80E30E988D21ABDF80C30C91A04F126
:10D1F000360312B2019304F1340309B2009304F12F
:10D200003003F8F7D7F9216B49B305A80026FFF7DB
:10D210005DFEBDF81430BDF80C20BDF81600D21A22
:10D22000EB8829791A44A38E8DF8201007A91A4497
:10D23000BDF80E30ADF826601B1A2889ADF8222003
:10D240000344E08E034407480790206BADF8243078
:10D2500003685B6C98472B790BB1C4E90C660AB084
:10D2600070BD00BF7407040830B50D46016B87B070
:10D27000044601B301A8FFF729FE2A89BDF804304E
:10D280002879D21AA38EB5F906101A446B89BDF815
:10D2900006508DF810005B1BE58E206B2B44074D6C
:10D2A000ADF8121003A90395ADF81420ADF81630AF
:10D2B00003689B6C984707B030BD00BF9C0704080B
:10D2C000F0B50C46016B89B0054600296DD0684663
:10D2D000FFF7FCFDAA8EE388BDF9006013441BB282
:10D2E000B34230DBBDF8047037443FB2BB422ADAA8
:10D2F000EB8E2089BDF902C0184400B2604522DBE4
:10D30000BDF80610614409B288421CDA6089024403
:10D31000B4F90C0012B2B24207DBBA4205DA034498
:10D320001BB2634501DB8B420DDB214B04A9286B4B
:10D33000049302238DF814300023ADF816300693C1
:10D3400003685B6C9847291D02A8FFF7BFFDBDF875
:10D350000820E388921BAF8EBDF8021013FA82F307
:10D360002079B4F80AE0FE18BDF80A30B5F836C0E6
:10D370001EFA82F25B1A2189A4893A4411FA83F1D8
:10D380008DF8140014FA83F3286B6144094C63444C
:10D39000ADF81660ADF8181004A90494ADF81A2081
:10D3A000ADF81C300368DB6C984709B0F0BD00BFD6
:10D3B000740704088807040837B5044634F90C2FAD
:10D3C00001320CD18268002103686D46CDE900125C
:10D3D0009B6A2946984795E8030084E803002046A5
:10D3E00003B030BD13B5B0F920300446013305D188
:10D3F00001466846FFF76AFD009B2362B4F92000EE
:10D4000002B010BD13B5B0F922300446013305D186
:10D4100001466846FFF75AFD009B2362B4F92200DB
:10D4200002B010BD144B4FF4807270B5036000233E
:10D430000285051D43630446104AC0E90233C0E972
:10D440000433C0E90633C0E90833C0E90B330123D4
:10D45000426080F838302846094BB3F90060936B7E
:10D46000084AB2F900109847636828463146DB6BDA
:10D470009847204670BD00BFB007040810FF03089E
:10D480009E2B0324A02B0324094B07B5B3F90020DE
:10D490000021084B00916946B3F90030ADF8042033
:10D4A000ADF8063003689B68984703B05DF804FB4D
:10D4B000A02B03249E2B03242DE9F04F1546B1F930
:10D4C000042089B08046002A0C46B1F9063040F3AA
:10D4D000E980002B04DCE5E01D46002B00F0E28033
:10D4E0002846FFF769FF2146FEF7B8F9EB690028E7
:10D4F000F2D006AE002B00F0AC802B68294602A8C3
:10D50000DB6898472846FFF76DFFBDF80830C7185D
:10D510002846FFF777FFBDF80A303FB2214618448E
:10D52000039BADF8107004AFADF8120038460593B8
:10D53000F8F71CF92846FFF73FFF034697E803007A
:10D5400086E8030019463046F8F710F9BDF918309F
:10D55000B4F90010BDF91AA08B42BDF91CB0BDF999
:10D560001E900BD1B4F90220524507D1B4F9042022
:10D570005A4503D1B4F906204A456AD0BBF1000FE1
:10D5800002DDB9F1000F02DCEA6921465EE0B4F980
:10D5900002201FFA8AF05245009012DA0193009B94
:10D5A000B4F90400ADF81A209A1AADF818103146F3
:10D5B000ADF81C004046ADF81E20EA69FFF77CFF7D
:10D5C000019BB4F900209FB29A420DDAADF8182001
:10D5D000BA1AADF81AA03146ADF81C204046ADF895
:10D5E0001E90EA69FFF768FF22885F44A388B9B2FA
:10D5F00013443FB29AB21BB2BB420DDD531AADF8D1
:10D600001870ADF81AA03146ADF81C304046ADF8A0
:10D610001E90EA69FFF750FFE38862881A44009B76
:10D620004B4491B212B298B21BB2934211DAB4F9E0
:10D630000420ADF81A300B1AB4F900703146ADF879
:10D640001C20ADF81870ADF81E30EA694046FFF7AF
:10D6500033FF2846FFF7B0FE616802463346206874
:10D6600003C311463046F8F781F8BDF91C20BDF917
:10D670001E30002A16DD002B14DD2846FFF7B2FE0F
:10D68000BDF818301B1A2846ADF81830FFF7BAFE5F
:10D69000BDF81A3031461B1A2846ADF81A302B68EF
:10D6A0009B68984709B0BDE8F08F70B5061D86B03D
:10D6B0000C4600233146054602A80193FFF706FCFD
:10D6C000BDF808302288BDF80A10D21A6388B4F970
:10D6D00004005B1AB4F90610ADF8102001AAADF8E9
:10D6E00014003046ADF8161004A9ADF81230F8F762
:10D6F000B8F8019A1AB121462846FFF7DDFE06B0B8
:10D7000070BD1FB504460A4680686B46E16803C3D6
:10D7100011466846F8F72AF894F8383023B169467C
:10D720002046FFF7C2FF16E0043402A82146FFF7A7
:10D73000CDFBBDF80030BDF80820694620469B1A95
:10D74000BDF80A20ADF80030BDF802309B1AADF8E4
:10D750000230F8F749F804B010BD02460B680846DD
:10D760009B69111D1847984202D3114408B27047B3
:10D7700007EE902AB8EEE77A07EE900AF8EE677A9D
:10D7800027EE277A07EE903AF8EEE76AC7EE267A98
:10D7900007EE101AB8EEC77A77EE877AB6EE007AFF
:10D7A000F5EEC07AF1EE10FACCBF77EE877A77EE1D
:10D7B000C77AFDEEE77A17EE903A18B27047FFF796
:10D7C000D2BF38B50025022304460E222946037431
:10D7D00045610576C5830584C5860587C587A0F89C
:10D7E0004050C0E90055C0E911554C301AF0B6FD63
:10D7F00001232046A4F85A50E565A4F86030E5F707
:10D800004FFF204638BDC38E00EB4300408CB0FA7A
:10D8100080F04009704710B50024436813B90368CD
:10D8200023B34360037E3BB1436923B11A8812B12D
:10D830009A1C426107E0047643681988B1B19A1CCA
:10D840000229426001D0188811E0037C012BE4D842
:10D850005A1C0233027450F823304361002BDCD091
:10D860001B88002BD9D001230376D6E7002010BDFA
:10D8700030B40160002141601568856052684364DE
:10D88000029BC26001744161017601870184A0F8A6
:10D890004010836430BCE5F703BF08B410B585B011
:10D8A000134607AA52F8044B00940392FFF7E0FFD7
:10D8B00005B0BDE8104001B07047F0B50446084619
:10D8C000F1B104F14C050A4601F108072B46106836
:10D8D000083252F8041C2E46BA4203C63546F6D129
:10D8E0001068306018469288B28094F8591094F805
:10D8F0005220490101F480710A43524284F85520B4
:10D90000F0BD10B5104612680C461946D268904713
:10D91000002808BF204610BD2DE9F04105468E467F
:10D9200014461AB9A0F85A20C26530E1517BB2F80A
:10D9300004C00A01E7790B4602F48072174340F6EF
:10D940003A6294454FEAD706BFB20BD840F6376229
:10D95000944556D840F63162944507D0ACF634620F
:10D96000032A02E0ACF64762072A76D805F14C029A
:10D97000234604F1080814461868083353F8041CB9
:10D9800094464345ACE803006246F5D11868CCF8EC
:10D9900000009B88ACF80430EB8E05EB4303598CF8
:10D9A00040F63363994211D1DEF800307046DB68EF
:10D9B0009847417B037ACA0002F4807213434A06F7
:10D9C00044BFA3F500731BB2A5F85A30B5F85A202E
:10D9D0003A44324413B285F8542095F85920A5F8FA
:10D9E0005A30DB1022F0600203F060031343B5F8F5
:10D9F0005E2085F8593095F855309B1A85F85530DA
:10DA0000C5E000F14C02234604F1080E14461868E4
:10DA1000083353F8041C94467345ACE8030062468F
:10DA2000F5D11868CCF800009B88ACF80430B5F844
:10DA30005C2095F85910931BD21B21F060019BB21A
:10DA4000921B85F8543043F3CC03A5F85C2003F017
:10DA500060030B4385F8593099E0ACF61B6292B233
:10DA6000042A39D8152020FA02F2D60734D505F158
:10DA70004C02234604F1080814461868083353F88A
:10DA8000041C1646434503C63246F6D11868724652
:10DA90002146306028469B88B3800CF1FF339BB24F
:10DAA000FFF72FFF417B037ACA00480602F4807219
:10DAB00043EA020395F8562044BFA3F500731BB256
:10DAC000A5F85A3095F859305B0003F480731A4377
:10DAD000530903EB92034AE0DB00490603F480722A
:10DAE000237A43EA0203ACF6096248BFA3F5007348
:10DAF00092B248BF1BB2102AA5F85A3036D8254B2F
:10DB0000D34013F0010332D005F14C0304F10806B1
:10DB100098462068083454F8041C1A46B44203C2DC
:10DB20001346F6D12068414610602846A288444634
:10DB30009A8095F8592095F85630520002F4807278
:10DB400043EA020640F6136372469C4516BF0CF189
:10DB5000FF3340F60C639BB2FFF7D3FE437B827A20
:10DB60005B0003F480731343F31A00E00023A5F86D
:10DB70005E30617B237ACA0002F4807213434A0646
:10DB800044BFA3F500731BB2DB1BA5F85C30204635
:10DB9000BDE8F0810104010003462DE9F0433AB9E4
:10DBA0004FF40041A0F85A104FF08021C16546E1C2
:10DBB000557BD4792E019188284606F4807634432B
:10DBC00040F2ED66042CCCBF4FEA940E4FF0010EEC
:10DBD000B1424DD840F2D566B1421DD840F25666EA
:10DBE000B1423FD840F24A66B14229D840F21966A4
:10DBF000B14232D8B1F5C26FC0F003813EE00126D8
:10DC000006FA01F18F4E0E40002E37D18E4E0E4097
:10DC1000002E40F09280F4E0A1F2D6618EB2012194
:10DC2000B1408A4E0E404EBB894E14E0012606FAE2
:10DC300001F1884E314221D111F4907F7DD1E0E095
:10DC4000A1F24B618EB20121B14040F2DB3631428C
:10DC500014D140F624463142F0E740F21A66B14250
:10DC60006BD0CEE0A1F2576189B21D29DED9C8E0A0
:10DC7000A1F6E40189B21A29C1D9C2E0B3F95A6008
:10DC800016F5004F11D1B3F95C1011F5004F0CD10E
:10DC9000C000117A00F480700143680644BFA1F50A
:10DCA000007109B2A3F85A105CE003F14C0C17465E
:10DCB00002F1080865463868083757F8041CE6463C
:10DCC0004745AEE80300F446F5D13868CEF80000C9
:10DCD000B988AEF80410B3F95E0010F5004F09D012
:10DCE000517B9279490101F480710A43A0EB520003
:10DCF00083F8550016F5004FA4B20ED0A21993F880
:10DD0000591092B221F0600183F8542042F3CC0202
:10DD100002F060020A4383F8592093F8590093F8FF
:10DD20005420C10001F480710A43410644BFA2F5AA
:10DD3000007212B2A3F85A205EE0B3F95A10B3F998
:10DD40005C6011F5004F11D116F5004F0ED1C000E7
:10DD5000117A6F0600F4807041EA000144BFA1F51A
:10DD6000007109B2091BA3F85C1068E003F14C0CC8
:10DD7000174602F1080965463868083757F8041C49
:10DD8000E0464F45A8E80300C446F5D13868C8F816
:10DD90000000B988A8F80410B3F95E0010F5004F30
:10DDA00009D0517B9279490101F480710A43A0EBBB
:10DDB000520083F8550016F5004F0FD0A6EB0E0267
:10DDC00093F8591092B221F0600183F8542042F385
:10DDD000CC0202F060020A4383F8592093F85900FC
:10DDE00093F85420C100460601F4807142EA010212
:10DDF00044BFA2F5007212B2121BA3F85C202A469F
:10DE00001DE0C000117A00F480700143680644BF31
:10DE1000A1F5007109B2A3F85A10091BA3F85C1010
:10DE2000507B9179400100F4807001430520490046
:10DE3000B1FBF0F192F909000144A3F85E1010461D
:10DE4000BDE8F083DBB19B07244E64003F5E6600B3
:10DE500000209000DF0000222DE9F0411E46C38E15
:10DE60000446174600EB4303B3F82280E5F7D6FBE0
:10DE7000054608B9306034E03B6801463846DB6847
:10DE80009847A8F5C06302463060B3F5407F05D2DD
:10DE9000434639462046FFF77FFE14E0A5F5606350
:10DEA0009BB27F2B04D839462046FFF735FD0AE0A8
:10DEB00094F8613043B140F602139D4204D101460B
:10DEC0002046FFF7FAFC3060336843B15A7B9B7AF7
:10DED000520002F4807213430CBF0123002384F824
:10DEE00061302846BDE8F0812DE9F8431E46C38E17
:10DEF0000446174600EB4303B3F82280E5F78EFB98
:10DF0000054608B9306037E03B6801463846D3F82B
:10DF10000890DDE90823C847A8F5C06302463060D1
:10DF2000B3F5407F05D2434639462046FFF734FE1D
:10DF300014E0A5F560639BB27F2B04D839462046D8
:10DF4000FFF7EAFC0AE094F8613043B140F60213AF
:10DF50009D4204D101462046FFF7AFFC3060336894
:10DF600043B15A7B9B7A520002F4807213430CBF78
:10DF70000123002384F861302846BDE8F88338B5D2
:10DF8000044603E00A3B04EB43035D84B4F84020FD
:10DF9000238F42B30A2B26D0E08F013A04EB4001D5
:10DFA00092B24D8F411CA4F840205A1C89B222879E
:10DFB000E28E0129134488BF00F1FF309BB288BF75
:10DFC00081B2092BE187DED9DCE72046FFF723FC8D
:10DFD0006B1C2387E38E1D44ADB2092D88BF0A3D1B
:10DFE00004EB45056884258F0A2DEED138BD38B580
:10DFF000C18E0446028F00EB4103013A5D8C4B1C3D
:10E0000092B29BB20287092B84BF09398BB2C386B7
:10E01000FFF7B5FF238C012B9CBF01332384E38BD7
:10E020000BB90223E383E38B2846013B9BB2E383D6
:10E0300004EB4304658338BD8A42F0B50D4608D829
:10E04000018F491B0187C18E294489B209292BD828
:10E050002CE0511AC78E00264FF0020C89B21DE049
:10E06000013CA4B204873C44A4B2092C88BF0A3CFA
:10E0700000EB4404B4F822E0B0F840400134A0F8CA
:10E080004040C48F0CB9A0F83EC0C48F0136013C9B
:10E09000A4B2C48700EB4404A4F83AE01FFA86FE59
:10E0A000048F8E45DCD3CBE70A3989B20A24C186B6
:10E0B00010E0018F013A013192B233F8125001871A
:10E0C000C18E01B9C486C18E013989B2C18600EB07
:10E0D00041014D84002AECD1BDE8F040FFF74FBF6D
:10E0E00070B5002510E0C48B31F8026B013C14447C
:10E0F000641BA4B2012C88BF023C00EB4404648B77
:10E10000B4421BD10135ADB29542ECD1BDF810201F
:10E11000002413440DE0C68E31F81450013432440B
:10E1200092B2092A88BF0A3A00EB4202528CAA42F4
:10E1300004D1A2B29A42EEDB012000E0002070BDC3
:10E140002DE9F74F064617460C4634F8023B1D0BE7
:10E1500034F81520BA4221D1C3F30319C3F3032ABB
:10E1600003F00F0B2A46534621463046CDF8009067
:10E17000FFF7B6FF804650B105EB0A035A465146F9
:10E1800030464B4404EB4303FFF756FF08E00BEB2C
:10E19000050353444B4404EB4301D5E74FF000081B
:10E1A000404603B0BDE8F08F70B51088984218D88B
:10E1B000481E32F82000984213D300240FE0601864
:10E1C000401032F820608500B34202D9013084B299
:10E1D00005E001D281B202E02A44508802E08C427C
:10E1E000EDD3002070BDF8B5466C04460B2577884A
:10E1F0007F0810E0E38E32463946204604EB4303A5
:10E200005B8CFFF7D1FF40B106EB40011A46204678
:10E21000FFF796FF08B1013DECD1F8BDF0B5002342
:10E220008DB000F1400701F1100604AC0493059392
:10E2300006934FF07E53079323460CE0B2EC017A2D
:10E24000F5EC016AB242E6EE877AF7D11030E4ECE1
:10E25000017AB84204D00A460546DFED087AEDE7B8
:10E260000FCB0CAC04E90F009DED080ADDED090AA7
:10E270009DED0A1ADDED0B1A0DB0F0BD0000000097
:10E28000B7EE007A0023DFED0A7A0BE0934202F149
:10E29000010247FE276A042AE1EC016AF6D1013344
:10E2A000042B03D000EB03110022EFE7704700BFFF
:10E2B000000000002DE9F0410C4616460546FFF728
:10E2C000DFFF04F1100206F1100E284650341AE068
:10E2D000F1EC016AE0460CF1100C98ED007A9142E5
:10E2E000E6EE877AF4D10433E7EC017A734505D082
:10E2F000A2F110019C46DFED077AE9E701F1100277
:10E300001030A24202D033460746F1E72846BDE866
:10E31000F08100BF00000000F7EE007A00F120035A
:10E32000303087EE807AF3EC017A834267EE277A09
:10E33000C3ED037AF7D1704710B52DED028BF0EEE7
:10E34000408A044617F0A4FAB0EE408AB0EE680A9C
:10E3500017F08EFBB1EE486A04F1100304F12002BD
:10E36000F3EC016AD3ED037A9A4226EE277A67EE40
:10E37000807AA6EE807AE6EE887A03ED017AC3ED24
:10E38000037AEDD12046BDEC028B10BD10B52DED0A
:10E39000028BF0EE408A044617F07AFAB0EE408A1B
:10E3A000B0EE680A17F064FBB1EE486A234604F148
:10E3B0001002F3EC016AD3ED077A9A4227EE887ACD
:10E3C00067EE807AA6EE807AE6EE867A03ED017A31
:10E3D000C3ED077AEDD12046BDEC028B10BD10B520
:10E3E0002DED028BF0EE408A044617F051FAB0EEA4
:10E3F000408AB0EE680A17F03BFBB1EE486A23464C
:10E4000004F11002F3EC016AD3ED037A9A4226EE8E
:10E41000277A67EE807AA6EE807AE6EE887A03EDB8
:10E42000017AC3ED037AEDD12046BDEC028B10BD1D
:10E43000034600F11002F3EC017A93ED0B7A93425C
:10E44000E7EE007A43ED017AF5D1704700F1100351
:10E4500000F12002F3EC017A93ED077A9342E7EEA4
:10E46000007A43ED017AF5D1704700F1200300F105
:10E470003002F3EC017A93ED037A9342E7EE007AEF
:10E4800043ED017AF5D17047034600F11002D3ED58
:10E49000007A67EE807AE3EC017A9342F7D1704715
:10E4A00000F1100300F12002D3ED007A67EE807ACC
:10E4B000E3EC017A9342F7D1704700F1200300F1B9
:10E4C0003002D3ED007A67EE807AE3EC017A934272
:10E4D000F7D17047F7B58F6A4D69CA6A4E68ED1B70
:10E4E000A6EB020606D033462EB16B4348BF0F336E
:10E4F0001B1100E02B460C6801948C69A21A019C48
:10E50000E41B06D017462AB1674348BF0F373F11B7
:10E5100000E02746DB1B9FED656AF7EE006A00F11D
:10E520000C0707EE903A0346F8EEE77A67EE867A34
:10E5300086EEA71AF1EE411AD1ED027A143186EE79
:10E54000A77A51ED027A67EE877AA3EC017ABB4293
:10E55000C3ED027A51ED017A67EE877AC3ED057A51
:10E56000EAD107EE906A90ED027A90ED003AF8EE6B
:10E57000E73A07EE902A90ED015AF8EEE76A07EEC7
:10E58000904A35EE475A90ED082AF8EEE77AD0ED3A
:10E59000070A66EE866A33EE477A27EE864A07EE6A
:10E5A000905A63EE863AF8EEE77A66EEC75A70EE56
:10E5B000C20A67EE867A90ED046AE5EE235A27EEEA
:10E5C000C77AA5EE047A90ED035A65EE815AC0ED44
:10E5D000095A67EE214A90ED057A36EE476A35EE24
:10E5E000477AC0ED0A4A66EEC72A27EEC77AE6EEFA
:10E5F000232AA6EE047A90ED066A36EE422A67EEEA
:10E60000C27A62EE812A66EEC26AE0EE847A25EE74
:10E61000654AC0ED0B2AE0EEA36A27EE217AA3EE4D
:10E62000224A67EEA17A80ED0C7A66EE816AB5EE39
:10E63000C04AF1EE10FA0EDC10D425EE645A47F60B
:10E64000FF73A3EE075AB5EEC05AF1EE10FAA8BF59
:10E650004FF4004304E04FF4004301E047F6FF733A
:10E6600066EE655AC0ED0D6AC0ED0E7AC363E3EE47
:10E67000265AF5EEC05AF1EE10FA0EDC10D426EE52
:10E68000646A47F6FF73A3EE276AB5EEC06AF1EE3F
:10E6900010FAA8BF4FF4004304E04FF4004301E038
:10E6A00047F6FF73036403B0F0BD00BF0000803D78
:10E6B0002DE9F04114279C465F43D3195D6815F19D
:10E6C0000F0601D4361109E0C5F1010605F11E035C
:10E6D00016F00F0618BF0126C6EB23161423069C5E
:10E6E00046615C431319D3F804E01EF10F0301D413
:10E6F0001B1109E0CEF101030EF11E0813F00F0308
:10E7000018BF0123C3EB28139B1B8361002B00F070
:10E710008E80D759AEEB050E14594FEA0E13E41B49
:10E7200006FB04F804FB05F2C2EB08120EFB0722FD
:10E73000013A02EB0E1292FBF3FE002AC0F800E051
:10E7400002DB03FB1E220BE0524292FBF3F803FBB9
:10E75000182202612AB10EF1FF3E9A1AC0F800E0B9
:10E760000261240194FBF3F2002C426002DB03FB04
:10E77000124409E0644294FBF3FE03FB1E448460F0
:10E780001CB1013A1C1B42608460C360C5EB0613D8
:10E79000DFED286A01EB8C0C07EE903A036891EDEF
:10E7A0000A6AC7EB0313F8EEE77AD1ED095A07EED0
:10E7B000103A91ED0B5A67EEA67AC0ED095AB8EE01
:10E7C000C77A80ED0C5A27EE267ADCED006AE6EE79
:10E7D000276AE5EE876AC0ED076AD0ED016AF8EEB8
:10E7E000E66AA5EEA66AD1ED0C5A80ED086A9CEDAA
:10E7F000036AA5EEA76AE6EE855AA5EE076A91EDD3
:10E800000D5AC0ED0B5AD1ED0E5A80ED0F5A80ED26
:10E810000A6A9CED066AA5EEA76AE6EE855AF0EE56
:10E82000467AC0ED0E5AE5EE077AC0ED0D7ABDE8E6
:10E83000F08100BF0000803D40B10023811E1846DA
:10E84000013331F81320002AF9D180B27047034612
:10E8500030B559B160B10024A0B2904208D20D5D2C
:10E8600023F814500134002DF6D101E00846FFE7EB
:10E8700030BDF0B506468BB0084600210DF1240EE0
:10E8800034461F278DF8241000E00F46791E94FBB4
:10E89000F3FC03FB1C4484EAE475A5EBE475ECB2DD
:10E8A000092DD4BF30345734E4B20EF8014D64461C
:10E8B000002CEAD1002E07DA01F128030DEB030149
:10E8C0002D2301F8243CB91E01F128030DEB0301AF
:10E8D0002339FFF7BCFF0BB0F0BDF0B505468BB098
:10E8E000084600211F268DF8241001A901E02646C4
:10E8F0003D46B5FBF3F703FB175C5FFA8CF4BCF104
:10E90000090F94BF30345734AB42E4B2745406F16B
:10E91000FF34ECD93144FFF79AFF0BB0F0BD10B4CF
:10E9200031B19C1E222C03D85DF8044BFFF7A1BF28
:10E930005DF8044B70472DE9F04F85B01C46036825
:10E940000F4691469DF840109DF848208246184693
:10E95000039102920193FFF76FFF002F0CBF8446D3
:10E9600000F1010CB9F1690F9DF83860DDF83C80C9
:10E970001FFA8CFC139DDDF854B00399DDE90132D8
:10E9800014D008D8B9F1630F30D0B9F1640F0DD0AD
:10E99000B9F1580F07E0B9F1730F20D0B9F1780F32
:10E9A00002D0B9F16F0F26D1844600276CB3B8F1BD
:10E9B000000F0AD1012820D11C88302C1DD1023330
:10E9C00040464446CAF8003007E0C44515DA1FFA4D
:10E9D00088F8A8EB0C04C446A4B2002615E08446CF
:10E9E0006CB140450EDD1FFA88F00BE04FF0010CD2
:10E9F0000024604607E0002407E00026FBE72646E7
:10EA0000274602E0002426462746BDF850E00EF1D6
:10EA1000FF3E01B91EE0119B9C451BDAA3EB0C03E2
:10EA20009BB2C2B9002E4ED000284CD023449CB2D9
:10EA300010E0013B20264FF6FF719BB22A68724519
:10EA400008DA013B2BF812602A689BB201328B4234
:10EA50002A60F3D100232A68724505DA27B12BF822
:10EA600012702A6801322A60302104E02BF812105B
:10EA70002A6801322A608CB12A68013C9645A4B20A
:10EA8000F4DC0BE0DAF80020911CCAF800101188C1
:10EA90002A682BF812102A6801322A6008B920214E
:10EAA00005E02A680138964580B2EBDCF7E76BB1E8
:10EAB0002A68013B96459BB208DD2BF812102A68A4
:10EAC00001322A60F3E7002BB3D1C3E705B0BDE8FC
:10EAD000F08F2DE9F0430024DDE9078EDDE909C65A
:10EAE000DDE90B7514801C7088F800408EF800403A
:10EAF0008CF800403C70046804B117E00C68E4B185
:10EB000024781AE0148005E001241C7002E001243E
:10EB100088F8004004680CB1023404600C680CB141
:10EB200001340C600468D1F800900CB1248804E032
:10EB3000B9F1000F0CD099F80040232CE7D003D88E
:10EB400034B1202CDED003E02B2CDBD02D2CDBD0FD
:10EB5000A4F13003092B05D92A2C4DD101238CF8BF
:10EB6000003017E00123302C8CF8003026D18EF8CD
:10EB7000003003680BB1023303600B680BB1013343
:10EB80000B6003680C680BB11C8801E0B4B12478F9
:10EB90002A2C13D14FF0FF33336003680BB10233DB
:10EBA00003600B680BB101330B6002680B680AB19C
:10EBB000148821E0002B5FD01C781DE000230A227E
:10EBC000336012E0346802FB0433336003680BB136
:10EBD000023303600B680BB101330B6003680C68F0
:10EBE0000BB11C8801E004B12478A4F130031FFAB2
:10EBF00083FCBCF1090FE5D92E2C3DD101233B70DC
:10EC000003680BB1023303600B680BB101330B6077
:10EC100002680B680AB1138801E073B11B782A2BD4
:10EC20000BD14FF0FF332B6003680BB1023303604D
:10EC30000B680BB301330B601EE000220A242A602C
:10EC400011E004FB02332B6003680BB10233036055
:10EC50000B680BB101330B6002680B680AB11388B3
:10EC600001E003B11B78303B2A689EB2092EE8D937
:10EC7000062AA8BF06222A60BDE8F0832DE9F04FDE
:10EC8000A5B081468A460DF14C0B2E9CCDE90A3287
:10EC900000234222584619460F9319F05FFBB9F141
:10ECA000000F00F05B810AF1FF33099345E137F86B
:10ECB000022B012003E00DB12A7800E02A4629F852
:10ECC00013200DB1013501210133012202E00022A0
:10ECD0001146104657B13E88F6B902B10F9301B103
:10ECE0000A9550B30B9728E03FBB28E055B902B115
:10ECF0000F9309B100230A93002800F01E8100231E
:10ED00000B931AE12E783EB902B10F9301B10A9527
:10ED1000C0B100230B9315E0252E00D102E0099E1F
:10ED20009E4207DC02B10F9301B10A950028DBD0A7
:10ED30000B97D9E7002FBAD1BDE73B8804E0002D3F
:10ED400000F0FB802B780027002B00F0F6800F9E50
:10ED5000099BB34240F3F1800023CDE910330FB19A
:10ED6000BB1C0B930DB16B1C0A9311AB0DF13A0256
:10ED70000AA90BA805930DF13903049310AB039373
:10ED80000EAB02930DF1370301930DF1360300939F
:10ED90000DF13503FFF79DFE109BDDF82880002B59
:10EDA000BEBF54F8043B23EAE3731093119B002B7E
:10EDB000BEBF54F8043B23EAE37311930B9B089303
:10EDC0000BB11B8805E0B8F1000F00F0A38098F8A4
:10EDD0000030252B10D0242B40F29C80582B0ED0D5
:10EDE000A3F1630292B2152A00F294805D4921FAE0
:10EDF00002F2D20703D48DE029F8163095E0089A84
:10EE0000CDF848B012B9B8F1000F5CD06E2B03D822
:10EE1000632B10D00AD83FE06F3B092B53D8DFE8B3
:10EE200003F02D525252125229525231642B0ED0FD
:10EE3000692B0CD047E054F8043BADF84C3000236C
:10EE4000ADF84E3042E054F8043B12933EE0AAEB9A
:10EE500006020A232068594692B20434FFF709FDDE
:10EE6000BDF84C302D2B02BFADF83A300DF14E03FA
:10EE700012932BE0AAEB06020A2306E0AAEB060295
:10EE8000082302E0AAEB0602102392B2594654F876
:10EE9000040BFFF722FD19E0AAEB060210235946E6
:10EEA00054F8040B92B2FFF718FD5A4606E0A3F19E
:10EEB000610119299CBF203B22F8023C32F8023B39
:10EEC000002BF4D102E00023ADF84C30089BBDF8D4
:10EED0003A100BB11A8806E0B8F1000F02D098F88A
:10EEE000002000E042460FAB12A805939DF8353094
:10EEF0000493109B03939DF838300293119B019368
:10EF00009DF83730CDE906A900939DF83930FFF719
:10EF100012FD0AE0CDE90A570FB13D8801E005B1C5
:10EF20002D7829F8165001360F960B9B0BB1023342
:10EF30000B930A9B0BB101330A930F9ADDE90A5731
:10EF40000FB1398801E035B12978134619B1099913
:10EF500091423FF7BCAE002329F81230484625B055
:10EF6000BDE8F08F4310250007B50093134600223B
:10EF7000FFF784FE03B05DF804FB0CB407B504ABE7
:10EF800053F8042B0193FFF7EFFF03B05DF804EB98
:10EF900002B070472DE9F04FC7B00026814613AF8D
:10EFA000089131460F963846CDE90A32C82219F049
:10EFB000D5F9B9F1000F00F0FD81089B013B0993E1
:10EFC000E7E135F8022B4FF0010E03E00CB1227897
:10EFD00000E0224629F813200CB10134012001334E
:10EFE000012202E00022104696467DB1B5F800C02D
:10EFF000BCF1000F26D102B10F9300B10A94BEF10B
:10F00000000F32D00B9530E07DBB30E05CB902B12F
:10F010000F9308B100230A93BEF1000F00F0B981ED
:10F0200000230B93B5E194F800C0BCF1000F09D1A7
:10F0300002B10F9300B10A94BEF1000F1AD0002361
:10F040000B9317E0BCF1250F00D102E0099999421A
:10F0500008DC02B10F9300B10A94BEF1000FD3D0C7
:10F060000B95D1E7002DACD1B0E72B8804E0002C44
:10F0700000F08F8123780025002B00F08A81DDF8D5
:10F080003C80099B434540F384810023CDE9103344
:10F090000DB1AB1C0B930CB1631C0A9311AB0DF1BA
:10F0A0003A020AA90BA805930DF13903049310AB9A
:10F0B00003930EAB02930DF1370301930DF1360369
:10F0C00000930DF13503FFF704FD109B002B0CDAC4
:10F0D000509B03EB86030136D3ED007AFDEEE77A11
:10F0E00017EE903A23EAE3731093119B002B0CDA8E
:10F0F000509B03EB86030136D3ED007AFDEEE77AF1
:10F1000017EE903A23EAE3731193DDE90AABBBF102
:10F11000000F02D0BBF8003005E0BAF1000F00F09C
:10F1200024819AF80030252B02D0662B05D01CE1F3
:10F1300029F8183008F1020322E1509B129703EBE3
:10F1400086030136D3ED007A9DF8393023B90123C7
:10F150008DF8393006231193F5EEC07ADFED976A0A
:10F16000F1EE10FA42BFF1EE677A2D23ADF83A3096
:10F17000B0EEE77AB4EE667AF1EE10FA03DD904B6A
:10F180001393662307E0F4EE677AF1EE10FA04D7E2
:10F190008C4B13936E231493BFE00DF14E03B0EE2E
:10F1A000677AF7EE006AB2EE046A129303E087EE24
:10F1B000067A66EE866AB4EEC67AF1EE10FAF6DAF0
:10F1C000089BF6EE005A3D4638460022A3EB08089D
:10F1D00014E087EEA67ABDEEC77A17EE103A092B37
:10F1E000A8BF092307EE103A03F13001B8EEC77A41
:10F1F00020F8021FE7EE667AC6EE866A91B21346E1
:10F20000F4EEE56AF1EE10FA09DBA8EB0202002A3F
:10F2100005DD632B03F10102DBD163210B46B8F15D
:10F22000630FD4BFC3EB0802C3F163025C1C1198E7
:10F23000002A40DD00282BDD0CE067EE867ABDEE6B
:10F24000E77A17EE10CAB8EEC77A03FB08C877EE64
:10F25000C77A02E04FF001080A230138EDD20131EC
:10F2600011900A2392B289B2404607EB4101FFF7A1
:10F2700056FBB8F1010F06DC9DF83630002B14BFA9
:10F280002E23002300E02E2346AA02EB440416E0BE
:10F29000012A10D09DF836206AB146AA023302EB4B
:10F2A00044042E2224F8CC2C46AA02EB430300226D
:10F2B00023F8CC2C05E046AB03EB4404002324F8F0
:10F2C000CC3CF4EEE57AF1EE10FA26DB002235F8BC
:10F2D000021F134601320029F9D19BB2302007EBFF
:10F2E000430117E031231297ADF84C3015E00A883E
:10F2F000A2F13004082C06D846A9013201EB4303E1
:10F3000023F8CC2C09E0392A03F1FF33A1F10201E3
:10F3100008BF4880002BEAD1E4E7BDF83A10BBF102
:10F32000000F02D0BBF8002006E0BAF1000F02D0B7
:10F330009AF8002000E05246089B12A8CDF81C90D5
:10F3400006930FAB05939DF835300493109B039300
:10F350009DF838300293119B01939DF8373000934C
:10F360009DF83930FFF7E7FA0BE0CDE90A450DB11A
:10F370002C8801E004B1247808F1010329F8184031
:10F380000F930B9B0BB102330B930A9B0BB1013311
:10F390000A930F9ADDE90A450DB1298801E034B1DD
:10F3A0002178134619B1099991423FF71BAE00230A
:10F3B00029F81230484647B0BDE8F08FFFFF7F7F45
:10F3C00069006E006E00610007B5009313460022CD
:10F3D000FFF7E0FD03B05DF804FB03460020F0B545
:10F3E00037E093F900501C78002D01DB01332BE04E
:10F3F00004F0E005C02D0CD15D7805F0C006802E2C
:10F4000020D1A40105F03F05023304F4F8642C4335
:10F410001AE004F0F005E02D14D15E7806F0C00586
:10F42000802D0FD19D7805F0C007802F0AD105F0FF
:10F430003F05B601033345EA043506F47C663543DF
:10F44000ACB201E0013304E0013021F8024B80B29C
:10F450000CB19042C5D3F0BD014B1860704700BF9E
:10F46000082C0324064B1A88824207D8054B1B88B8
:10F4700013449842ACBF0020012070470020704721
:10F48000102C03240E2C032408B50146FFF7EAFFD5
:10F4900018B1024B1B6853F8210008BD242C03242B
:10F4A000F0B5254D2F68002F45D0244A244C1188F3
:10F4B0002388244E19444A1C07EB810022F00102E4
:10F4C000306021481204120C520002EB810207EB5B
:10F4D000020CC0F800C04FF00E0C0CFB03F34FF60B
:10F4E000FF7C033323F003031344184A1F441760BF
:10F4F0000022174F3A80174F3F68FB1A164F3B60A8
:10F50000164B1A80134606E02F6847F82320376809
:10F5100027F813C001338B42F6D1248800230068FA
:10F520000E2506E005FB030101330A7B22F02002D1
:10F530000A739C42F6D8F0BD242C0324102C03241B
:10F540000E2C0324202C0324282C03241C2C0324FD
:10F55000122C0324142C0324182C03240C2C032415
:10F56000064B1B6843B939B1054B1A80054B19602E
:10F57000054B1860FFF794BF704700BF1C2C032495
:10F580000E2C0324142C0324242C032470B40C46C6
:10F590001946074B05461046039A1E682EB91D6092
:10F5A000044B1C8070BCFFF7DBBF70BC704700BF12
:10F5B0002C2C0324102C0324124A03881288934213
:10F5C00003D2114A1421126808E010490988114435
:10F5D0008B4208DA9B1A0E4A0E21126801FB0323A4
:10F5E000B3F9080070474FF6FE72934208D1094BF9
:10F5F0001B780BB9084B00E0084BB3F900007047CB
:10F6000000207047102C03242C2C03240E2C0324E0
:10F61000282C0324962B03249C2B03249A2B0324AD
:10F62000124A03881288934203D2114A14211268A5
:10F6300008E01049098811448B4208DA9B1A0E4AE7
:10F640000E21126801FB0323B3F90A0070474FF63D
:10F65000FE72934208D1094B1B780BB9084B00E0AE
:10F66000084BB3F90000704700207047102C0324AA
:10F670002C2C03240E2C0324282C0324962B032447
:10F680009A2B03249C2B0324224A30B50B88128822
:10F69000934212D2204A1421126801FB03231A8AD2
:10F6A000B3F90C40B3F90E10C2F30C025B8A04806C
:10F6B000C3F30C034180828029E018490988114472
:10F6C0008B4210DA9B1A0E225343154A1168CA184E
:10F6D000CD5EB2F90240B2F90410B2F906300580ED
:10F6E0004480818013E04FF6FE7293420BD10D4BA4
:10F6F000B3F900100C4B8180B3F900200023C280C5
:10F700000380438004E00023038043808380C38020
:10F7100030BD00BF102C03242C2C03240E2C0324FA
:10F72000282C0324A02B03249E2B0324174A038890
:10F73000128893420ED2164A1421126801FB032349
:10F740001A8A1989C2F30C028A421DDB588AC0F357
:10F750000C0011E00F49098811448B4212DA9A1A01
:10F760000D4B0E211B6801FB0233B3F904101A89FB
:10F77000914209DBB3F906005B899842ACBF0020D7
:10F78000012070470020704701207047102C03248F
:10F790002C2C03240E2C0324282C0324124A038827
:10F7A00011888B420BD2114A126812B152F8230011
:10F7B000C0B90F4A116814225343C85870470D4A04
:10F7C00012880A44934204DA084A126852F8230065
:10F7D00070474FF6FE72934203D1074B1B68986C3B
:10F7E00070470020704700BF102C0324242C0324F2
:10F7F0002C2C03240E2C0324A42B0324254B028839
:10F800001B889A4223D2244B14211B6801FB02332C
:10F81000586800283CD021490968002938D051F89F
:10F820002210002934D05A89188950435A7CDB7C35
:10F83000C2F34212C3F3421343EAC2035BB20B2B7F
:10F8400018BF4000033020F00300084470471449FB
:10F85000098819448A421ADA1249D31A08680E2113
:10F8600001FB0300037B03F01F030B2B0BD141892A
:10F8700003894B4309490333096823F0030351F813
:10F880002200184470470D2B01D10D307047002025
:10F89000704700BF102C03242C2C0324242C032499
:10F8A0000E2C0324282C0324204A10B50388128828
:10F8B00093421BD21E4A1421126801FB0322517C81
:10F8C000D07CC1F342111B4AC0F34210126840EAD7
:10F8D000C10040B242B152F823302BB10E2823D0E0
:10F8E0000F281DD010281DD0C0B21EE01249098873
:10F8F00011448B4209DA9A1A104B0E211B6801FB46
:10F900000233187B00F01F000FE04FF6FE729342A7
:10F910000AD1E3F74FFC0368BDE810401B6B1847A2
:10F92000012002E0022000E0002010BD102C032482
:10F930002C2C0324242C03240E2C0324282C0324F5
:10F940001020704700207047024B1888400080B29A
:10F95000704700BF9C2B0324704770477047704767
:10F9600070477047704770477047704770477047DF
:10F9700070477047704770477047704770477047CF
:10F9800070477047704770477047704770477047BF
:10F990007047704770477047FF2B10B5044658D02A
:10F9A0000B2A14D808E02D3A062A25D8DFE802F001
:10F9B000143A334F4D4F4D000B2A00F2A080DFE880
:10F9C00002F03E3A3C389E9E9E9E40424042A2F14A
:10F9D0002C03072BE7D992E04A6850781378002867
:10F9E00040F08D80012B03D0022B03D0C3B187E000
:10F9F000606A85E0606983E04A685078137800287F
:10FA00007DD1012B03D0022B03D083B178E0E069D4
:10FA100076E0E06874E04A681378527813436ED158
:10FA2000606B6DE04A6813785278134367D1E06ADF
:10FA300066E0C06C64E0406D62E0C06B60E0406C0A
:10FA40005EE0C06D5CE0406E5AE0606F58E0E06ED2
:10FA500056E00B2A13D808E02D3A062A23D8DFE80F
:10FA600002F01337304C4A4C4A000B2A47D8DFE8E3
:10FA700002F03C383A36464646463E403E40A2F109
:10FA80002C03072BE8D93AE04A685078137800280D
:10FA900035D1012B03D0022B03D0BBB130E0A06ADB
:10FAA0002EE0A0692CE04A685078137838BB012B0F
:10FAB00003D0022B03D083B122E0206A20E020692A
:10FAC0001EE04A6813785278134318D1A06B17E0F0
:10FAD0004A6813785278134311D1206B10E0006DFF
:10FAE0000EE0806D0CE0006C0AE0806C08E0006EB7
:10FAF00006E0806E04E0A06F02E0206F00E00020CE
:10FB000010BD2DE9F04F85B0DDE9128503926C68D8
:10FB1000DDF858C02D689DF85CE0DDE914206FEA3F
:10FB20000E0704FB0022FFB205EB4205DCF80020C3
:10FB30000192DCF804200432029218E10F9ABCF919
:10FB400008A002F50040109ABCF90C9002F50044A0
:10FB50000EE0021403D4524501DA221405D5119A9D
:10FB60004444013B0235104402E04A4504DBF6E719
:10FB7000002BEEDC00F0C1805A1E119E06FB02062F
:10FB8000361465D4564563DA08FB024212145FD47A
:10FB90004A45C0F2B2805BE05FEA204953D4DCF80A
:10FBA00008604E454FDD5FEA244A4CD4DCF80C2057
:10FBB000524548DD019A36B20AFB062616F809209E
:10FBC000029E36F812A02A884FEA1A264FEA122916
:10FBD00006F0F8064FEADA0B09F0F8094FEACA0A0C
:10FBE0000BF0FC0B19FB07F95FFA8AFA06FB0E997A
:10FBF000D608D20006F0FC061FFA89F9D2B216FB2D
:10FC000007F612FB07F20BFB0E660AFB0E2209F148
:10FC1000010AB6B20AEB192A06F1010992B20AF4F6
:10FC20007F4A09EB1629561C6FF30A0A4FEA591945
:10FC300006EB122609F4FC69C6F3C4264AEA090950
:10FC400046EA09062E80119A02354444013B1044CD
:10FC5000002BA1DC53E0BCF908902214019E4FEA6E
:10FC6000204A4444013B09FB0262029E12F80A202A
:10FC700036F812A02A884FEA1A264FEA122906F00F
:10FC8000F8064FEADA0B09F0F8094FEACA0A0BF056
:10FC9000FC0B19FB07F95FFA8AFA06FB0E99D608E6
:10FCA000D20006F0FC061FFA89F9D2B216FB07F65D
:10FCB00012FB07F20BFB0E660AFB0E2209F1010A8A
:10FCC000B6B20AEB192A06F1010992B20AF47F4A88
:10FCD00009EB1629561C6FF30A0A4FEA591906EB6D
:10FCE0001226119A09F4FC69C6F3C42610444AEAA4
:10FCF000090946EA090625F8026B002BABDC00294E
:10FD00003CDDB7EE007A0E9B30EE040A013970EE4E
:10FD1000A40AF0EE626AC7EE007A31EE051AFEEE32
:10FD2000C86ACDED0F6AF0EE436AFEEEC86ACDED0B
:10FD3000106A20EEA77A61EE277A77EE622A37EE14
:10FD4000C33AFEEEC82ABEEEC83A12EE902AF0EE92
:10FD5000472A92FBF3F313EE102A11930E9BB0EE99
:10FD6000673A92FBF3F80E9A039B18BF13460029DB
:10FD70003FF7E4AE039A002A3FF7E0AE05B0BDE8D6
:10FD8000F08F2DE9F74F119E9146149DF7EE006A12
:10FD900074680091DDE91220DDE90F7C04FB00228C
:10FDA000346804EB42042A6801926A6802F1040E86
:10FDB0008FE00D9A0E98B5F908B002F50042B5F93A
:10FDC0000CA000F500400DE0161403D45E4501DAE6
:10FDD000061404D53A446044013B023402E056451F
:10FDE00003DBF7E7002BEFDC3BD05E1E07FB0628AA
:10FDF0005FEA284821D4D8451FDA0CFB06063614E2
:10FE00001BD456452DDB18E05FEA224811D4AE68BA
:10FE100046450EDD5FEA204A0BD4E968514508DD0E
:10FE200036B201990AFB061616F808603EF816600D
:10FE3000268002343A446044013B002BE4DC12E0AB
:10FE40000614B5F908A001994FEA224860443A44E3
:10FE50000AFB0616013B16F808603EF8166024F807
:10FE6000026B002BECDC009B002B3ADD30EE040A29
:10FE70000C9B70EEA40AB0EE626AC6EE807A31EE98
:10FE8000051ABEEEC86A8DED0D6AB0EE436ABEEE8D
:10FE9000C86A8DED0E6A20EEA77A61EE277A77EEBA
:10FEA000622A37EEC33AFEEEC82ABEEEC83A12EE18
:10FEB000902AF0EE472A92FBF3F713EE102AB0EEE9
:10FEC000673A92FBF3FC009B013B00930C9B08BF3D
:10FED0004B46009A002A3FF76CAFB9F1000F3FF78D
:10FEE00068AF03B0BDE8F08F2DE9F74F119D019287
:10FEF0006C68DDF850C02D689DF854E0DDE91220F3
:10FF00006FEA0E0604FB0022F6B205EB4205DCF8B0
:10FF100000200092DCF8042002F1040813E10D9A9D
:10FF2000BCF908A002F500400E9ABCF90C9002F54D
:10FF300000440FE0021403D4524501DA221406D51E
:10FF40000F9A013B02351044109A144402E04A45CE
:10FF500004DBF5E7002BEDDC00F0BA805A1E0F9FA2
:10FF600007FB02073F1462D4574560DA109F07FB76
:10FF7000024212145BD44A45C0F2AA8057E05FEAFD
:10FF800020494ED4DCF808704F454ADD5FEA244A28
:10FF900047D4DCF80C20524543DD009A3FB20AFBFF
:10FFA00007272A8817F809A04FEA122B0AEB4A0AFA
:10FFB0000BF0F80B08EB0A0718F80AA097F8029064
:10FFC0007F7819FB0EF917FB0EF70BFB06994FEA2A
:10FFD000D20BD2000BF0FC0B1FFA89F9D2B20BFB4B
:10FFE000067712FB06F2BFB20AFB0E2209F1010AE4
:10FFF0000AEB192A07F1010992B209EB17290AF451
:020000040802F0
:100000007F4A571C4FEA59196FF30A0A07EB122768
:1000100009F4FC69C7F3C4274AEA090947EA090752
:100020002F800F9A0235013B1044109A1444002B84
:10003000A5DC4FE0BCF908902214009F4FEA204A4B
:10004000013B09FB027212F80AA02A880AEB4A0A4D
:100050004FEA122B08EB0A0718F80AA00BF0F80B6E
:1000600097F802907F7819FB0EF917FB0EF70BFB40
:1000700006994FEAD20BD2000BF0FC0B1FFA89F95C
:10008000D2B20BFB067712FB06F2BFB20AFB0E22BE
:1000900009F1010A0AEB192A07F1010992B209EBE9
:1000A00017290AF47F4A571C4FEA59196FF30A0AB5
:1000B00007EB12270F9A09F4FC69C7F3C427104411
:1000C0004AEA0909109A47EA0907144425F8027B0D
:1000D000002BAFDC00293DDDB7EE007A0C9B30EE43
:1000E000040A013970EEA40AF0EE626AC7EE007AE3
:1000F00031EE051AFEEEC86ACDED0D6AF0EE436AE8
:10010000FEEEC86ACDED0E6A20EEA77A61EE277A80
:1001100077EE622A37EEC33AFEEEC82ABEEEC83A40
:1001200012EE902AF0EE472A92FBF3F313EE102A18
:100130000F930C9BB0EE673A92FBF3F30C9A10937B
:10014000019B18BF134600293FF7E9AE019A002A28
:100150003FF7E5AE03B0BDE8F08F00002DE9F74FA3
:10016000119E9146149DF7EE006A74686F680091C5
:100170000437DDE91220DDE90FCE04FB00223468EC
:1001800004EB42042A680192B1E00D9A0E98B5F989
:1001900008B002F50042B5F90CA000F500400DE0F2
:1001A000161403D45E4501DA061404D56244704483
:1001B000013B023402E0564503DBF7E7002BEFDC9E
:1001C0005DD05E1E0CFB06285FEA284832D4D84575
:1001D00030DA0EFB060636142CD456454FDB29E0E8
:1001E0005FEA224822D4AE6846451FDD5FEA204A16
:1001F0001CD4E968514519DD019936B20AFB06168F
:10020000404916F8088008EB480807EB080617F87D
:10021000088096F802A0767801EA0A2AF60006F429
:10022000FC664AEA060646EAD8062680023462449C
:100230007044013B002BD3DC23E0B5F908A0061481
:1002400001994FEA2248704462440AFB06162D4980
:10025000013B16F8088008EB480807EB080617F87A
:10026000088096F802A0767801EA0A2AF60006F4D9
:10027000FC664AEA060646EAD80624F8026B002B1A
:10028000DBDC009B002B3ADD30EE040A0C9B70EEA9
:10029000A40AB0EE626AC6EE807A31EE051ABEEEAE
:1002A000C86A8DED0D6AB0EE436ABEEEC86A8DED88
:1002B0000E6A20EEA77A61EE277A77EE622A37EE91
:1002C000C33AFEEEC82ABEEEC83A12EE902AF0EE0D
:1002D000472A92FBF3FC13EE102AB0EE673A92FB2A
:1002E000F3FE009B013B00930C9B08BF4B46009A1A
:1002F000002A3FF74AAFB9F1000F3FF746AF03B00E
:10030000BDE8F08F00F8FFFF2DE9F04F85B0F7EE64
:10031000006ADDE9128502929DF85C206C68039208
:10032000DDF858E02E68DDE9142004FB002206EB1E
:100330004206DEF800200092DEF80420043201922A
:1003400024E10F9ABEF908C002F50044109ABEF9E4
:100350000C7002F500450EE0221403D4624501DA68
:100360002A1405D5119A4544013B0236144402E093
:10037000BA4204DBF6E7002BEEDC00F0CF805A1E19
:10038000119800FB024000146BD4604569DA08FB49
:100390000252121465D4BA42C0F2C08061E0271440
:1003A0005AD4DEF80800B84256DD5FEA254C53D433
:1003B000DEF80C2062454FDD009A00B20CFB0020F5
:1003C000C25D019850F82200020E45D0039FC0F391
:1003D000074CB6F800907A434FEAD90B571CC2F38A
:1003E0000F220BF0FC0B12FA87F24FEA19274FEAA3
:1003F000C909C2F30F2A6FEA222207F0F8075FFA51
:1004000089F91CFB0AFCD2B207FB02CCC0F3072718
:10041000C0B217FB0AF71FFA8CFC10FB0AF00BFBAB
:10042000027709FB02000CF10102BFB202EB1C2CA7
:100430007A1C80B20CF47F4C02EB1722471C6FF33E
:100440000A0C520907EB102702F4FC62C7F3C42719
:100450004CEA020217433780119A02364544013BA9
:100460001444002B9BDC5BE000982A14BEF9087052
:100470004FEA244C07FB0202019812F80C2050F8B6
:100480002200020E45D0039FC0F3074CB6F800903F
:100490007A434FEAD90B571CC2F30F220BF0FC0B27
:1004A00012FA87F24FEA19274FEAC909C2F30F2A55
:1004B0006FEA222207F0F8075FFA89F91CFB0AFCB1
:1004C000D2B207FB02CCC0F30727C0B217FB0AF772
:1004D0001FFA8CFC10FB0AF00BFB027709FB0200F1
:1004E0000CF10102BFB202EB1C2C7A1C80B20CF49E
:1004F0007F4C02EB1722471C6FF30A0C520907EBE3
:10050000102702F4FC62C7F3C4274CEA0202174327
:100510003780119A02364544013B1444002BA3DC7A
:1005200000293ADD30EE040A0E9B70EEA40A013970
:10053000B0EE626AC6EE807A31EE051ABEEEC86A87
:100540008DED0F6AB0EE436ABEEEC86A8DED106A9B
:1005500020EEA77A61EE277A77EE622A37EEC33A69
:10056000FEEEC82ABEEEC83A12EE902AF0EE472AF6
:1005700092FBF3F313EE102A11930E9BB0EE673A41
:1005800092FBF3F80E9A029B18BF134600293FF71F
:10059000D8AE029A002A3FF7D4AE05B0BDE8F08F7E
:1005A0002DE9F04F85B0F7EE006ADFF8A082139DC9
:1005B00003926C68DDF858E0DDE9142004FB0022AA
:1005C0002C6804EB4204DEF800200192DEF80420DF
:1005D000043202922FE10F9A1098BEF908C002F57A
:1005E0000042BEF90C7000F500400FE0151403D472
:1005F000654501DA051406D5119D013B02342A44F4
:10060000129D284402E0BD4204DBF5E7002BEDDC3F
:1006100000F0D8805D1E119E06FB0526361470D4AE
:1006200066456EDA129E06FB05052D1469D4BD429F
:10063000C0F2C88065E017145DD4DEF80860BE42E1
:1006400059DD5FEA204C56D4DEF80C50654552DD8A
:10065000019D36B20CFB0656F55D029E56F82560EC
:10066000350EFF2D0AD1750908EA1627C6F3C40610
:1006700005F4FC653D43354325803CE0DDB3B4F82B
:1006800000906FEA050AC6F3074C4FEA19275FFA94
:100690008AFA0CFB05FC07F0F8074FEAD90B4FEA82
:1006A000C90907FB0ACCC6F307270BF0FC0BF6B20F
:1006B0006F431FFA8CFC75435FFA89F90BFB0A77CD
:1006C0000CF1010609FB0A55BFB206EB1C2C7E1C7F
:1006D000ADB20CF47F4C06EB17266F1C0CEA080C2D
:1006E000760907EB152706F4FC66C7F3C4274CEA26
:1006F000060637432780119D0234013B2A44129D90
:100700002844002B97DC5FE0019E0514BEF90870B9
:100710004FEA224C07FB0565029E15F80C5056F86F
:100720002560350EFF2D0AD1750908EA1627C6F394
:10073000C40605F4FC653D43354325803CE0DDB34C
:10074000B4F800906FEA050AC6F3074C4FEA192780
:100750005FFA8AFA0CFB05FC07F0F8074FEAD90BA1
:100760004FEAC90907FB0ACCC6F307270BF0FC0BBD
:10077000F6B26F431FFA8CFC75435FFA89F90BFBE5
:100780000A770CF1010609FB0A55BFB206EB1C2CD7
:100790007E1CADB20CF47F4C06EB17266F1C0CEAE6
:1007A000080C760907EB152706F4FC66C7F3C42787
:1007B0004CEA060637432780119D0234013B2A4448
:1007C000129D2844002B9FDC00293BDD30EE040AFB
:1007D0000E9B70EEA40A0139B0EE626AC6EE807A12
:1007E00031EE051ABEEEC86A8DED0F6AB0EE436AAF
:1007F000BEEEC86A8DED106A20EEA77A61EE277A08
:1008000077EE622A37EEC33AFEEEC82ABEEEC83A49
:1008100012EE902AF0EE472A92FBF3F313EE102A21
:1008200011930E9BB0EE673A92FBF3F30E9A12937C
:10083000039B18BF134600293FF7CDAE039A002A49
:100840003FF7C9AE05B0BDE8F08F00BF00F8FFFF6D
:100850002DE9F04F85B0F7EE006ADDE912850292CE
:100860009DF85C206C680392DDF858E02E68DDE9A5
:10087000142004FB002206EB4206DEF80020009262
:10088000DEF80420019226E10F9ABEF908C002F5B5
:100890000044109ABEF90C7002F500450EE02214D7
:1008A00003D4624501DA2A1405D5119A4544013B67
:1008B0000236144402E0BA4204DBF6E7002BEEDC19
:1008C00000F0D1805A1E119800FB024000146DD434
:1008D00060456BDA08FB0252121467D4BA42C0F2C8
:1008E000C28063E020145CD4DEF80870874258DDD3
:1008F0005FEA254C55D4DEF80C20624551DD3FB24D
:10090000019A0CFB0700125C002A4AD0009F37F8BE
:100910001090039F30884FEAD90B7A434FEA102C8E
:100920000BF0FC0B571C120A0CF0F80C12FA87F2B1
:100930004FEA19274FEAC9094FEA122A6FEA122231
:1009400007F0F8075FFA89F9D2B21CFB02FC07FB3B
:100950000ACCC708C00007F0FC071FFA8CFCC0B225
:1009600017FB02F710FB02F00CF101020BFB0A77F8
:1009700002EB1C2C09FB0A00BFB280B20CF47F4CC6
:100980007A1C6FF30A0C02EB1722471C520907EB83
:10099000102702F4FC62C7F3C4274CEA0202174393
:1009A0003780119A02364544013B1444002B99DCF0
:1009B0005BE02214BEF90870281407FB0020019A9E
:1009C000125C002A4AD0009F37F81090039F3088AD
:1009D0004FEAD90B7A434FEA102C0BF0FC0B571C53
:1009E000120A0CF0F80C12FA87F24FEA19274FEAB4
:1009F000C9094FEA122A6FEA122207F0F8075FFAD4
:100A000089F9D2B21CFB02FC07FB0ACCC708C00064
:100A100007F0FC071FFA8CFCC0B217FB02F710FBB3
:100A200002F00CF101020BFB0A7702EB1C2C09FB14
:100A30000A00BFB280B20CF47F4C7A1C6FF30A0C30
:100A400002EB1722471C520907EB102702F4FC6245
:100A5000C7F3C4274CEA020217433780119A0236C3
:100A60004544013B1444002BA3DC00293ADD30EE61
:100A7000040A0E9B70EEA40A0139B0EE626AC6EE5B
:100A8000807A31EE051ABEEEC86A8DED0F6AB0EEBF
:100A9000436ABEEEC86A8DED106A20EEA77A61EE59
:100AA000277A77EE622A37EEC33AFEEEC82ABEEE08
:100AB000C83A12EE902AF0EE472A92FBF3F313EEB7
:100AC000102A11930E9BB0EE673A92FBF3F80E9A40
:100AD000029B18BF134600293FF7D6AE029A002AA0
:100AE0003FF7D2AE05B0BDE8F08F2DE9F74F119D6D
:100AF000F7EE006A01926C68DDF850C02D68DDE900
:100B0000122004FB002205EB4205DCE90092009272
:100B100029E10D9ABCF908E002F500400E9ABCF9F3
:100B20000C7002F500440FE0021403D4724501DAA0
:100B3000221406D50F9A013B02351044109A144432
:100B400002E0BA4204DBF5E7002BEDDC00F0D280D6
:100B50005A1E0F9E06FB020636146ED476456CDADA
:100B6000109E06FB0242121467D4BA42C0F2C28041
:100B700063E006145BD4DCF80870B74257DD5FEA27
:100B8000244E54D4DCF80C20724550DD3FB2009A5C
:100B90000EFB076612F80680B8F1FF0F03D139F893
:100BA00016202A8043E0B8F1000F40D02A886FEA6F
:100BB000080A39F816E0170A5FFA8AFA4FEA1E2681
:100BC00007F0F8074FEADE0B06F0F8064FEACE0E04
:100BD00017FB0AF70BF0FC0B5FFA8EFE06FB08779B
:100BE000D608D20006F0FC06BFB2D2B216FB0AF657
:100BF00012FB0AF20BFB08660EFB082207F1010E3E
:100C0000B6B20EEB172E771C92B20EF47F4E07EBA6
:100C10001627561C6FF30A0E7F0906EB122607F4FF
:100C2000FC67C6F3C4264EEA07073E432E800F9AA0
:100C30000235013B1044109A1444002B99DC5BE010
:100C40002614BCF90870021407FB0622009E16F851
:100C50000280B8F1FF0F03D139F812202A8043E057
:100C6000B8F1000F40D039F812E06FEA080A2A887C
:100C70005FFA8AFA170A4FEA1E2607F0F8074FEACA
:100C8000DE0B06F0F8064FEACE0E17FB0AF70BF064
:100C9000FC0B5FFA8EFE06FB0877D608D20006F042
:100CA000FC06BFB2D2B216FB0AF612FB0AF20BFB2D
:100CB00008660EFB082207F1010EB6B20EEB172EE6
:100CC000771C92B20EF47F4E07EB1627561C6FF37B
:100CD0000A0E7F0906EB122607F4FC67C6F3C4264A
:100CE0004EEA07073E432E800F9A0235013B10441F
:100CF000109A1444002BA3DC00293BDD30EE040ADB
:100D00000C9B70EEA40A0139B0EE626AC6EE807ADE
:100D100031EE051ABEEEC86A8DED0D6AB0EE436A7B
:100D2000BEEEC86A8DED0E6A20EEA77A61EE277AD4
:100D300077EE622A37EEC33AFEEEC82ABEEEC83A14
:100D400012EE902AF0EE472A92FBF3F313EE102AEC
:100D50000F930C9BB0EE673A92FBF3F30C9A10934F
:100D6000019B18BF134600293FF7D3AE019A002A12
:100D70003FF7CFAE03B0BDE8F08F2DE9F04F85B05F
:100D8000DDE9128503926C68DDF858E09DF85CC0DF
:100D90002D686FEA0C07DDE91420FFB204FB002286
:100DA00005EB4205DEF80020029214E10F9ABEF92D
:100DB00008A002F50040109ABEF90C9002F500441C
:100DC0000EE0021403D4524501DA221405D5119A1B
:100DD0004444013B0235104402E04A4504DBF6E797
:100DE000002BEEDC00F0BD805A1E119E06FB0206B1
:100DF000361463D4564561DA08FB024212145DD4FE
:100E00004A45C0F2AE8059E0061451D4DEF80820FD
:100E1000B2424DDD5FEA244A4AD4DEF80C30534535
:100E200046DD0FFA82F9029B2A880AFB09664FEA1F
:100E3000122933F816A009F0F8094FEA1A2619FB0F
:100E400007F94FEADA0B06F0F8064FEACA0A0BF088
:100E5000FC0B06FB0C99D608D20006F0FC061FFA24
:100E600089F9D2B216FB07F65FFA8AFA12FB07F28B
:100E70000BFB0C660AFB0C2209F1010AB6B20AEB65
:100E8000192A06F1010992B20AF47F4A09EB1629E0
:100E9000561C6FF30A0A4FEA591906EB122609F499
:100EA000FC69C6F3C4264AEA090946EA09062E8007
:100EB000119B023544441844019B013B0193019B63
:100EC000002BA1DC4FE02614BEF908900214444424
:100ED000013B09FB0622029E36F812A02A884FEA3F
:100EE0001A264FEA122906F0F8064FEADA0B09F043
:100EF000F8094FEACA0A0BF0FC0B19FB07F95FFA75
:100F00008AFA06FB0C99D608D20006F0FC061FFAF6
:100F100089F9D2B216FB07F612FB07F20BFB0C663F
:100F20000AFB0C2209F1010AB6B20AEB192A06F1F2
:100F3000010992B20AF47F4A09EB1629561C6FF395
:100F40000A0A4FEA591906EB1226119A09F4FC69AC
:100F5000C6F3C42610444AEA090946EA090625F8F8
:100F6000026B002BAFDC00293CDDB7EE007A0E9B54
:100F700030EE040A013970EEA40AF0EE626AC7EEA0
:100F8000007A31EE051AFEEEC86ACDED0F6AF0EE7A
:100F9000436AFEEEC86ACDED106A20EEA77A61EED4
:100FA000277A77EE622A37EEC33AFEEEC82ABEEE03
:100FB000C83A12EE902AF0EE472A92FBF3F313EEB2
:100FC000102A11930E9BB0EE673A92FBF3F80E9A3B
:100FD000039B18BF134600293FF7E8AE039A002A87
:100FE0003FF7E4AE05B0BDE8F08F2DE9F04F0E9E5F
:100FF0009446119FF7EE006A7568D7F80090DDE916
:101000000F04DDE90C2E05FB0400356805EB4005F7
:1010100089E00A980B9CB7F908B000F50040B7F9D1
:101020000CA004F500440DE0061403D45E4501DA7B
:10103000261404D510447444013B023502E05645A1
:1010400003DBF7E7002BEFDC39D05E1E02FB06085E
:101050005FEA284820D4D8451EDA0EFB064636142F
:101060001AD456452BDB17E05FEA20480ED4BB6844
:1010700043450BDD5FEA244B08D4FE685E45C1BFE3
:101080001BB20BFB038839F818302B800235104453
:1010900074440AF1FF3A00E09A46BAF1000FE3DC2B
:1010A0000FE04FEA2448B7F908A00614744410442E
:1010B000013B0AFB086639F8166025F8026B002B25
:1010C000EFDC002936DD30EE040A099BB0EE626ADF
:1010D000013970EEA40AC6EE807A31EE051ABEEE32
:1010E000C86A8DED0A6AB0EE436ABEEEC86A8DED3D
:1010F0000B6A20EEA77A61EE277A77EE622A37EE46
:10110000C33AFEEEC82ABEEEC83A12EE902AF0EEBE
:10111000472A13EE100AB0EE673A92FBF3F290FB07
:10112000F3FE08BF634600293FF773AFBCF1000F21
:101130003FF76FAFBDE8F08F2DE9F04F85B0F7EEC8
:10114000006ADFF8A8A2139D02929DF85C206C68EB
:101150000392DDF858802E68DDE9142004FB00229C
:1011600006EB4206D8F80020019235E10F9AB8F953
:1011700008C002F50044109AB8F90C7002F5004559
:101180000FE0221403D4624501DA2A1406D5119A1D
:10119000013B02361444129A154402E0BA4204DBC1
:1011A000F5E7002BEDDC00F0DE805A1E119800FB05
:1011B0000240001474D4604572DA129800FB0252A7
:1011C00012146DD4BA42C0F2CE8069E0201461D40A
:1011D000D8F8087087425DDD5FEA254C5AD4D8F80C
:1011E0000C20624556DD3FB2019A0CFB070052F815
:1011F00020703A0E4ED003984243501CC2F30F2287
:1012000012FA80F03A0A0012FF2808D1780902EA9F
:101210000A02C7F3C40700F4FC60024338E0B6F8E2
:1012200000E06FEA0009C7F3074CD2B24FEA1E2B69
:101230005FFA89F90CFB00FC0BF0F80B4243FFB29C
:101240000BFB09CC4FEADE0B4FEACE0E78430BF0D6
:10125000FC0B1FFA8CFC5FFA8EFE0BFB09220CF1D3
:1012600001070EFB090092B207EB1C2C571C80B241
:101270000CF47F4C07EB1227421C0CEA0A0C7F0986
:1012800002EB102207F4FC67C2F3C4224CEA070702
:101290003A433280119A0236013B1444129A1544A3
:1012A000002B93DC61E02814B8F90870221407FBC6
:1012B0000022019850F822703A0E4ED00398424313
:1012C000501CC2F30F2212FA80F03A0A0012FF28D3
:1012D00008D1780902EA0A02C7F3C40700F4FC60E7
:1012E000024338E0B6F800E06FEA0009C7F3074CA4
:1012F000D2B24FEA1E2B5FFA89F90CFB00FC0BF00F
:10130000F80B4243FFB20BFB09CC4FEADE0B4FEA6E
:10131000CE0E78430BF0FC0B1FFA8CFC5FFA8EFEAE
:101320000BFB09220CF101070EFB090092B207EB3F
:101330001C2C571C80B20CF47F4C07EB1227421C6C
:101340000CEA0A0C7F0902EB102207F4FC67C2F3D7
:10135000C4224CEA07073A433280119A0236013B15
:101360001444129A1544002B9DDC00293BDD30EE1D
:10137000040A0E9B70EEA40A0139B0EE626AC6EE52
:10138000807A31EE051ABEEEC86A8DED0F6AB0EEB6
:10139000436ABEEEC86A8DED106A20EEA77A61EE50
:1013A000277A77EE622A37EEC33AFEEEC82ABEEEFF
:1013B000C83A12EE902AF0EE472A92FBF3F313EEAE
:1013C000102A11930E9BB0EE673A92FBF3F30E9A3C
:1013D0001293029B18BF134600293FF7C7AE029A2B
:1013E000002A3FF7C3AE05B0BDE8F08F00F8FFFF5D
:1013F0002DE9F74F119DF7EE006A01926C68DDF858
:1014000050E0DFF88082DDE9122004FB00222C6826
:1014100004EB4204DEF80020009229E10D9A0E98B8
:10142000BEF908C002F50042BEF90C7000F500409C
:101430000FE0151403D4654501DA051406D50F9D98
:10144000013B02342A44109D284402E0BD4204DBE3
:10145000F5E7002BEDDC00F0D2805D1E0F9E06FB51
:10146000052636146ED466456CDA109E06FB05051B
:101470002D1467D4BD42C0F2C28063E016145BD461
:10148000DEF80870B74257DD5FEA204C54D4DEF82E
:101490000C50654550DD3FB2009D0CFB076655F8CA
:1014A0002660350EFF2D0AD1750908EA1627C6F306
:1014B000C40605F4FC653D43354325803CE0DDB3BF
:1014C000B4F800906FEA050AC6F3074C4FEA1927F3
:1014D0005FFA8AFA0CFB05FC07F0F8074FEAD90B14
:1014E0004FEAC90907FB0ACCC6F307270BF0FC0B30
:1014F000F6B26F431FFA8CFC75435FFA89F90BFB58
:101500000A770CF1010609FB0A55BFB206EB1C2C49
:101510007E1CADB20CF47F4C06EB17266F1C0CEA58
:10152000080C760907EB152706F4FC66C7F3C427F9
:101530004CEA0606374327800F9D0234013B2A44BC
:10154000109D2844002B99DC5BE00614BEF908705E
:10155000151407FB0655009E56F82560350EFF2D25
:101560000AD1750908EA1627C6F3C40605F4FC6516
:101570003D43354325803CE0DDB3B4F800906FEA8D
:10158000050AC6F3074C4FEA19275FFA8AFA0CFBE3
:1015900005FC07F0F8074FEAD90B4FEAC90907FB2A
:1015A0000ACCC6F307270BF0FC0BF6B26F431FFA09
:1015B0008CFC75435FFA89F90BFB0A770CF1010685
:1015C00009FB0A55BFB206EB1C2C7E1CADB20CF415
:1015D0007F4C06EB17266F1C0CEA080C760907EB0C
:1015E000152706F4FC66C7F3C4274CEA0606374302
:1015F00027800F9D0234013B2A44109D2844002B74
:10160000A3DC00293BDD30EE040A0C9B70EEA40A3B
:101610000139B0EE626AC6EE807A31EE051ABEEE8E
:10162000C86A8DED0D6AB0EE436ABEEEC86A8DEDF4
:101630000E6A20EEA77A61EE277A77EE622A37EEFD
:10164000C33AFEEEC82ABEEEC83A12EE902AF0EE79
:10165000472A92FBF3F313EE102A0F930C9BB0EE84
:10166000673A92FBF3F30C9A1093019B18BF134651
:1016700000293FF7D3AE019A002A3FF7CFAE03B05F
:10168000BDE8F08F00F8FFFF2DE9F04F85B0F7EED1
:10169000006ADFF8F0A2139D02929DF85C206C684E
:1016A0000392DDF858802E68DDE9142004FB002247
:1016B00006EB4206D8F80820013222F0010200921F
:1016C000D8F80020019250E10F9AB8F908C002F54D
:1016D0000044109AB8F90C7002F500450FE022148E
:1016E00003D4624501DA2A1406D5119A013B023669
:1016F0001444129A154402E0BA4204DBF5E7002BC9
:10170000EDDC00F0F9805A1E119800FB0240001435
:1017100000F1828060457FDA129800FB02521214B9
:101720007AD4BA42C0F2E88076E020146ED4D8F8B9
:10173000082082426ADD2F1468D4D8F80C20BA42FF
:1017400064DD009A07FB020701987A08FF07805CB6
:1017500055BF00F00F0200F0F00202EB021202EBA4
:101760001012D2B2002A51D003984243501CC2F347
:101770000F2212FA80F0824A00121768FF284FEAFF
:10178000172208D1780902EA0A02C7F3C40700F455
:10179000FC60024338E0B6F800E06FEA0009C7F3E6
:1017A000074CD2B24FEA1E2B5FFA89F90CFB00FC02
:1017B0000BF0F80B4243FFB20BFB09CC4FEADE0BF8
:1017C0004FEACE0E78430BF0FC0B1FFA8CFC5FFA4D
:1017D0008EFE0BFB09220CF101070EFB090092B2F1
:1017E00007EB1C2C571C80B20CF47F4C07EB122724
:1017F000421C0CEA0A0C7F0902EB102207F4FC677A
:10180000C2F3C4224CEA07073A433280119A0236E7
:10181000013B1444129A1544002B86DC6EE0201420
:10182000009F2A1407FB0202019F5008D207385C70
:1018300055BF00F00F0200F0F00202EB021202EBC3
:101840001012D2B2002A51D003984243501CC2F366
:101850000F2212FA80F04A4A00121768FF284FEA56
:10186000172208D1780902EA0A02C7F3C40700F474
:10187000FC60024338E0B6F800E06FEA0009C7F305
:10188000074CD2B24FEA1E2B5FFA89F90CFB00FC21
:101890000BF0F80B4243FFB20BFB09CC4FEADE0B17
:1018A0004FEACE0E78430BF0FC0B1FFA8CFC5FFA6C
:1018B0008EFE0BFB09220CF101070EFB090092B210
:1018C00007EB1C2C571C80B20CF47F4C07EB122743
:1018D000421C0CEA0A0C7F0902EB102207F4FC6799
:1018E000C2F3C4224CEA07073A433280119A023607
:1018F000013B1444129A1544002B90DC00293BDD77
:1019000030EE040A0E9B70EEA40A0139B0EE626A52
:10191000C6EE807A31EE051ABEEEC86A8DED0F6A0A
:10192000B0EE436ABEEEC86A8DED106A20EEA77A6B
:1019300061EE277A77EE622A37EEC33AFEEEC82AC6
:10194000BEEEC83A12EE902AF0EE472A92FBF3F36D
:1019500013EE102A11930E9BB0EE673A92FBF3F34D
:101960000E9A1293029B18BF134600293FF7ACAEA4
:10197000029A002A3FF7A8AE05B0BDE8F08F00BF7D
:10198000B02B032400F8FFFF2DE9F04F85B0884607
:10199000F7EE006ADFF8E0E2139C03926068DDF87E
:1019A00058C0DDE9142100FB0122206800EB420051
:1019B000DCF80820013222F001020192DCF800205C
:1019C00002924BE10F9A1099BCF9087002F500429F
:1019D000BCF90C6001F500410FE0141403D4BC42C3
:1019E00001DA0C1406D5119C013B02302244129CF2
:1019F000214402E0B44204DBF5E7002BEDDC00F00B
:101A0000F2805C1E119D05FB04252D147ED4BD4281
:101A10007CDA129D05FB0414241477D4B442C0F27E
:101A2000E28073E015146BD4DCF80840AC4267DD4B
:101A30000E1465D4DCF80C40B44261DD019C06FB59
:101A40000456029D7408F6072C5D55BF04F00F0480
:101A500004F0F00504EB041405EB141554BFE5B2D3
:101A6000EDB2FF2D0DD1DEF80050824C04EA1526B0
:101A70006C09C5F3C40504F4FC6434432C430480AE
:101A80003EE0002D3CD0DEF800406FEA050AB0F8D9
:101A90000090C4F307475FFA8AFA4FEA192617FB4A
:101AA00005F74FEAD90B06F0F8064FEAC9090BF023
:101AB000FC0B06FB0A77C4F30726E4B216FB05F617
:101AC000BFB214FB05F45FFA89F90BFB0A667D1CB3
:101AD00009FB0A44B6B205EB1727751CA4B207F43C
:101AE0007F4705EB1625661C6FF30A076D0906EBA9
:101AF000142605F4FC65C6F3C4263D432E43068038
:101B0000119C0230013B2244129C2144002B89DCB1
:101B10006BE01414019E0D1406FB0545029E6C0833
:101B2000ED07345D55BF04F00F0404F0F00504EB3D
:101B3000041405EB141554BFE5B2EDB2FF2D0DD121
:101B4000DEF800504B4C04EA15266C09C5F3C405B9
:101B500004F4FC6434432C4304803EE0002D3CD06C
:101B6000DEF800406FEA050AB0F80090C4F30747BA
:101B70005FFA8AFA4FEA192617FB05F74FEAD90BE5
:101B800006F0F8064FEAC9090BF0FC0B06FB0A77D2
:101B9000C4F30726E4B216FB05F6BFB214FB05F446
:101BA0005FFA89F90BFB0A667D1C09FB0A44B6B291
:101BB00005EB1727751CA4B207F47F4705EB162524
:101BC000661C6FF30A076D0906EB142605F4FC6525
:101BD000C6F3C4263D432E430680119C0230013BD0
:101BE0002244129C2144002B93DCB8F1000F3DDD10
:101BF00030EE040A0E9B70EEA40AB8F10108B0EEB4
:101C0000626AC6EE807A31EE051ABEEEC86A8DEDC4
:101C10000F6AB0EE436ABEEEC86A8DED106A20EE20
:101C2000A77A61EE277A77EE622A37EEC33AFEEEA4
:101C3000C82ABEEEC83A12EE902AF0EE472A92FB6E
:101C4000F3F313EE102A11930E9BB0EE673A92FB5A
:101C5000F3F30E9A1293039B18BF1346B8F1000FCB
:101C60003FF7B0AE039A002A3FF7ACAE05B0BDE82F
:101C7000F08F00BF00F8FFFFB02B032470472DE961
:101C8000F04389B005460E46174607A8ADF81C304C
:101C9000FDF784FD2B68044607A8D3F81C90FDF7D8
:101CA0008BFC804607A8FDF7BBFC3B463246294625
:101CB0000094CDE9018004A8C847204609B0BDE8DA
:101CC000F08300002DE9FF47002300933C4B1B7875
:101CD0000BB93C4A00E03C4AB2F90020ADF80420C0
:101CE0000BB9394B00E0374BB3F9003002AC086850
:101CF000ADF8063002AB4968344E03C3694620464E
:101D0000F9F714FD6846F9F7CDFCBDF80830BDF8C9
:101D1000002030681344BDF80220ADF80830BDF84B
:101D20000A301344ADF80A300368DB6B9847C307E9
:101D300006D53068036894E806001B6E98473BE0C0
:101D40003068BDF90E500368BDF90C905B6B984785
:101D5000BDF90820BDF80A104FEA4909BDF8043062
:101D6000DFF8608013FB012300EB43073068036852
:101D7000DB6A9847B8F80010BDF90A20BDF90830B1
:101D800001FB0233694300EB430404EB41050DE022
:101D9000D2F838A04B463A462146D047B8F8003032
:101DA00004EB4304BDF9043007EB43073068AC4251
:101DB0000268EDD3136B984704B0BDE8F08700BF0D
:101DC000962B03249C2B03249A2B0324A42B03245B
:101DD0002DE9F04F8BB00D4614469DF850609DF8EC
:101DE0005480002E00F0D380206806AA6168694FF5
:101DF00003C21868596803C206A8F9F753FC2146C4
:101E000008A8F9F793FCBDF92020BDF92230BDF8F0
:101E10001C10386811FB0321BDF924A0BDF92690E0
:101E200005EB4105BDF818100A44ADF82020BDF8B7
:101E30001A201344ADF822300368DB6B9847FF2E5D
:101E400005D1B8F1000F1CD110F0010F01E010F026
:101E5000040F16D038680022294603680396CDE99E
:101E60000482BDF81C2002921FFA89F201921FFA27
:101E70008AF20092BDF820209C6CBDF82230A04769
:101E800085E03868DFF810810368DB6A9847B8F8A6
:101E90000030BDF92210FF2EBDF9202003FB0122E6
:101EA00009FB03F34FEA4A0900EB420459D0C6F19B
:101EB000FF0704EB430EBFB24BE004EB090BA44653
:101EC00039E0BCF8000035F8023B020A190A02F0BA
:101ED000F802DC0801F0F801DB0012FB07F204F065
:101EE000FC0401FB0622C10801F0FC0192B211FBC7
:101EF00007F104FB0611DCB2C30089B2DBB2481C57
:101F000013FB07F300EB1120511C04FB063301EB1C
:101F10001221400901F47F419BB200F4FC606FF391
:101F20000A0140EA0102591C01EB1323C3F3C42345
:101F300013432CF8023BDC45C3D3B8F80040BDF98D
:101F40001C30A4EB0A04A3EB0A030CEB440405EBDE
:101F500043057445B1D30F4B186803681B6B984752
:101F600015E004EB43060DE0D3F838A02A464B46B3
:101F70002146D047B8F8003004EB4304BDF91C30CB
:101F800005EB43053868B4420368EDD3E3E70BB0D3
:101F9000BDE8F08FA42B03249C2B03242DE9F04FE4
:101FA0008DB081460C461646BDF858801F469DF8F8
:101FB0005CB028F00205082D00F0D081B8F1000FC8
:101FC00040F02083BBF1FF0FCE4D1CD12046FDF722
:101FD000E5FB019028680368DB6A9847716805464D
:101FE00008AB306803C308A8F9F75CFB3868796868
:101FF0000AAB03C33146C44E0AA8F9F797FB3378FE
:10200000012B0CD107E028680368D3F8AC3098475F
:102010000128DBD0EFE22046FDF702FB02E020467C
:10202000FDF7CAFA337800902046012B02D1FDF764
:10203000C3FA01E0FDF7F4FA009B0004BDF9222089
:102040001C04BDF924300138DFF8C892013B013C83
:10205000B9F80010012B38BF0123B4FBF3F4BDF92C
:102060002630013B012B38BF0123BBF1FF0FB0FB32
:10207000F3F30293BDF92A30BDF920001A44BDF9EB
:102080002830034401FB023305EB430500F0578180
:1020900063004FF0000ADFF87882049304EB4403F6
:1020A000079304EB84030693062363430593CDE073
:1020B000BDF92A700022029B5744BDF928605F4396
:1020C000009B66433F0C5F43019B03EB47074BE0DC
:1020D000079A434608F58071B218300C2644103335
:1020E00037F8100023F8100C300C37F8100023F8E4
:1020F0000E0C101B000C37F8100023F80C0C100C01
:10210000224437F8100023F80A0C100C224437F848
:10211000100023F8080C100C37F8100023F8060CF8
:1021200006980644300C264437F8100023F8040CB7
:10213000300C264437F8100023F8020C9942059819
:102140000244CAD140464FF48071E2F7E1F85B46A1
:10215000802241464846E2F7F5F86C4A6C4B9845B8
:1021600008BF1346039A984602F18003BDF92C007C
:1021700005EB420983420393AADD82425DDAA0EBBC
:10218000020C4346264400252CF0070C32E04FEAAF
:10219000114E0835360C37F81EE023F810EC37F8EE
:1021A000166023F80E6C049E8E19310C264437F805
:1021B000111023F80C1C310C264437F8111023F8A9
:1021C0000A1C310C264437F8111023F8081C310C76
:1021D000264437F8111023F8061C310C264437F832
:1021E000111023F8041C310C37F8111023F8021CCD
:1021F00004990E446545A6EB040103F11003C6D112
:1022000006E00B0C214437F8133028F8153001355F
:1022100053199842F5DC6E0040463146E2F778F8F3
:102220005B462A4641464846B144E2F78BF8384BB4
:10223000364A984508BF13469846364B0AF1010ABC
:102240001888BDF92C30C01A09EB4005BDF92E30B5
:102250009A45FFF62DAFC6E1BDF92A202846029B1C
:102260004FF000083A445A43009B120C5A43019B1A
:1022700003EB4202BDF9283003FB04430EEB0305D8
:1022800034E0300C08F108081B0C32F8100021F87B
:10229000100C32F8133021F80E3C0EEB0603180C2C
:1022A00032F8100021F80C0C280C254432F81000EC
:1022B00021F80A0C280C32F8100021F8080C0398B9
:1022C0000344180C234432F8100021F8060C180CB3
:1022D000234432F8100021F8040C180C734432F82F
:1022E000100021F8020C049805440846BDF92CB0F2
:1022F00008F1070A1E1B00F11001D345C446C0DCDB
:1023000012E000BFA42B0324962B0324C07F0024DB
:10231000C08000249C2B0324330C0CF1010C2644B8
:1023200032F8133020F8023BBDF92C106145F3DC84
:10233000B9F8003001375B1A00EB430508E004EB05
:10234000440300274FEA440E0393C4EBC4030493F1
:10235000BDF92E309F42FFF67FAF46E1AE4D2868B3
:102360000368D3F8AC309847012840F044813068C6
:1023700008AB716803C308A8F9F794F9386879685D
:102380000AAB03C33146A54E0AA8F9F7CFF9337853
:102390002046012B02D1FDF743F901E0FDF70CF9CE
:1023A000337800902046012B02D1FDF705F901E0BA
:1023B000FDF736F9009B00044FF0000A984F1E0409
:1023C000BDF924300138013B013E012B38BF012308
:1023D000B6FBF3F6BDF92630013B012B38BF0123D4
:1023E000B0FBF3F320460393FDF7D8F90490286877
:1023F0000368DB6A9847BDF92A30BDF92220BDF990
:1024000020401A44874B1988BDF92830234401FB2A
:10241000023300EB43087300029306EB4603079375
:1024200006EB86030693062373430593D6E0BDF9B6
:102430002A500022039B5544BDF928405D43009B70
:1024400074432D0C5D43049B03EB85054BE0079A19
:102450003B4607F58070A218210C3444203355F810
:10246000211043F8201C210C55F8211043F81C1CA6
:10247000911B090C55F8211043F8181C110C32441B
:1024800055F8211043F8141C110C324455F8211052
:1024900043F8101C110C55F8211043F80C1C069938
:1024A0000C44210C344455F8211043F8081C210C2D
:1024B000344455F8211043F8041C984205990A4405
:1024C000CAD138464FF48071E1F722FF5B464022C3
:1024D00039464846E1F75CFF534A514B9F4208BFDB
:1024E0001346019A1F4602F14003BDF92C0008EB88
:1024F000420983420193AADD824264DAA119A0EB6A
:10250000020E3B464FF0000C2EF0070E019135E015
:102510004FEA11480CF1080C55F8284043F8204CBC
:10252000019C240C55F8244043F81C4C029C0C19C7
:10253000210C344455F8211043F8181C210C344464
:1025400055F8211043F8141C210C344455F821107F
:1025500043F8101C210C344455F8211043F80C1C8E
:10256000210C344455F8211043F8081C210C55F86F
:10257000211043F8041C0299611801910199F44556
:1025800003F12003A1EB0601C2D1644606E00B0C67
:10259000314455F8233047F8243001341319984258
:1025A000F5DC3846A100E1F7B3FE5B46224639462A
:1025B000484609EB4409E1F7EBFE194B1A4A9F42E2
:1025C00008BF13461F46174B0AF1010AB3F80080F3
:1025D000BDF92C30A8EB030809EB4808BDF92E30F3
:1025E0009A45FFF624AFE1F789FE0B4B18680368A4
:1025F0001B6B98470DE03B46324621464846CDE9E5
:10260000168B01E0CDE9168B0DB0BDE8F04FF7F762
:102610003FBD0DB0BDE8F08FA42B0324962B0324FF
:10262000C08000249C2B0324C07F002410B50446E6
:102630008C210BF0B5FD204610BD10B504460421D9
:102640000BF0AEFD204610BD10B5044604210BF082
:10265000A7FD204610BD10B5044640F644010BF01E
:102660009FFD204610BD10B504464FF482710BF05B
:1026700097FD204610BD10B5044604210BF090FDD7
:10268000204610BD10B5044604210BF089FD2046FC
:1026900010BD10B5044604210BF082FD204610BD8C
:1026A00010B5044604210BF07BFD204610BD10B58B
:1026B000044604210BF074FD204610BD10B50446FD
:1026C00004210BF06DFD204610BD10B50446042119
:1026D0000BF066FD204610BD10B5044604210BF03A
:1026E0005FFD204610BD10B5044604210BF058FDD7
:1026F000204610BD10B5044604210BF051FD2046C4
:1027000010BD10B5044604210BF04AFD204610BD53
:1027100010B5044604210BF043FD204610BD10B552
:10272000044604210BF03CFD204610BD10B50446C4
:1027300004210BF035FD204610BD10B504460421E0
:102740000BF02EFD204610BD10B5044604210BF001
:1027500027FD204610BD10B5044604210BF020FDD6
:10276000204610BD10B5044604210BF019FD20468B
:1027700010BD10B5044604210BF012FD204610BD1B
:1027800010B5044604210BF00BFD204610BD10B51A
:10279000044604210BF004FD204610BD10B504468C
:1027A00004210BF0FDFC204610BD10B504460421A9
:1027B0000BF0F6FC204610BD10B5044604210BF0CA
:1027C000EFFC204610BD10B5044604210BF0E8FCD8
:1027D000204610BD10B5044604210BF0E1FC204654
:1027E00010BD10B5044604210BF0DAFC204610BDE4
:1027F00010B5044604210BF0D3FC204610BD0000A8
:102800002DE9F04F8FB0144681460D469DF86020AB
:102810000592002A00F0A08220680AAA616803C21B
:102820001868596803C20AA8F8F73CFF21460CA8AB
:10283000F8F77CFFBDF92C00BDF83010B0F5806FC3
:10284000DBBF83B24FF480620123B2FBF3F300934A
:1028500005F10803009A0693BDF92E301344013B9D
:1028600093FBF2F3013B069A9BB202EB8303009ABF
:102870000793BDF9323093FBF2F4A2B2A4B20392F3
:10288000039D009A05FB123212FB00F20A4495B236
:102890003CB1621E069850F82260079A36BA164478
:1028A00000E0079EBDF82820BDF936401144BDF870
:1028B0002A20DFF8FC821344ADF83010ADF8323036
:1028C000BDF934300193B84B18680368DB6A984748
:1028D000B64BBDF932101A88BDF93030544302FBB3
:1028E00001334FF4807200EB430707EB44030024ED
:1028F00009932146BDF92C3095FBF3F3049309F1BC
:1029000004031846089315F029FD16E23278FE2AD2
:10291000D3B21FD196F801B0311DB0786A1E5FFAAC
:102920008BFBF678C0B26BF30704F6B295B260F396
:102930000F2400EB800066F317441AFB0606230EF3
:102940001EFB0B6B1CFB03B303F03F0309EB83037C
:102950005C60A1E0FF2B22D17078711DB3786A1EF4
:10296000C0B296F803B0DBB2367960F307045FFAC1
:102970008BFBF6B263F30F2403EB830395B26BF387
:1029800017441AFB0B3B66F31F641EFB00B01CFBD5
:10299000060606F03F0609EB860674607CE09A099D
:1029A00006F1010103D109EB83035C682AE0012AE7
:1029B0002BD103F0030003F00C02C3F30113023820
:1029C000083A023B04EBC000C0B260F3070402EB1C
:1029D000142202F0FF0262F30F2402EB8202C4F31E
:1029E000074606EBC303DBB263F317441AFB03236A
:1029F000260E1EFB00301CFB060606F03F0609EB08
:102A0000860674606A1E95B246E0022A03F03F0310
:102A100030D1B11C7678A3F1200006F00F033609FF
:102A2000083B083E0344064404EBC303DBB263F3F4
:102A30000704C4F3072202EB8002D2B262F30F2430
:102A400002EB8202C4F3074000EBC6000326C0B2CB
:102A500016FB002660F3174407224FEA146B12FBA3
:102A600003620B2313FB0B2303F03F0309EB8303E8
:102A70005C60C7E70133AB420CDD01985B1B019A38
:102A80009842A8BF1846121A1D1A0292220E13D09D
:102A900000220DE0EB1A9DB20E46002D7FF436AFFA
:102AA000019B3146AB46029309E048F822400132CF
:102AB000831A002BF9DC01E007EB400793460E4632
:102AC000F8E0B2461AF8011BFE29CBB214D1717896
:102AD00006F1040AB378C9B2F578DBB2032661F3D4
:102AE0000704EDB263F30F2403EB830365F317448C
:102AF00016FB0535200E84E0FF2B1DD1707806F102
:102B0000050AB378C0B2F578DBB2317960F3070417
:102B1000EDB20326C9B263F30F2403EB830365F31D
:102B2000174416FB0535072361F31F6413FB0050A0
:102B30000B2313FB01036AE09D0904D109EB830316
:102B40005C6801256AE0012D4FEA146032D103F080
:102B5000030603F00C01C3F30113023E0839023BE4
:102B600004EBC606F6B266F3070401EB142101F08C
:102B7000FF0161F30F2401EB8101C4F3074C0CEB5F
:102B8000C3034FF0030CDBB21CFB031C63F31744BD
:102B9000072313FB06CC0B2313FB00C303F03F03F7
:102BA00009EB83035C6039E0A42B03249C2B0324F2
:102BB000C0800024022D03F03F032ED106F1020A4B
:102BC0007678203B06F00F0136090839083E194493
:102BD0001E4404EBC101C9B261F30704C4F3072525
:102BE00005EB8305EDB265F30F2405EB8505C4F312
:102BF000074303EBC6030326DBB216FB035563F35F
:102C00001744072313FB01510B2313FB001303F09D
:102C10003F0309EB83035C6093E75D1C029E029B0C
:102C2000AE42A8BF2E469B1BAD1B0293230E19D1AB
:102C3000BBF1000F12D040464FEA8B01E1F768FB71
:102C4000059B5A464146384607EB4B07E1F7A0FB88
:102C5000434B444A984508BF1346984607EB46073E
:102C6000002625E006EB0B03402B1DDD4FEA8B0110
:102C70004046E1F74DFB059B5A463846414607EB77
:102C80004B07E1F785FB364B4FF0000B984509D118
:102C9000DFF8D08008E00BF1010B43F8044BB3459B
:102CA000F9D105E0DFF8B88008EB8B035E44F2E76A
:102CB000B3465646029B002B3FF703AFBBF1000F14
:102CC0000CDD4FEA8B014046E1F722FB384607EB6B
:102CD0004B07059B5A464146E1F75AFB224B019AA6
:102CE0001B889B1A07EB4307049B01330493049A48
:102CF000009B934219D1039B0024039A03F1010A1C
:102D0000069B2146089853F82260079B36BABDF807
:102D100030201E44BDF82830D21A95B24FF480728C
:102D200015F01CFBCDE903A405E0BDF82C20019BA8
:102D3000D21A521B95B2E1F7E1FA099BBB4206D9C0
:102D40004FF0030A4FF0070E4FF00B0CA5E6074BB0
:102D5000186803681B6B98470FB0BDE8F08F00BF81
:102D6000C0800024C07F00249C2B0324A42B0324B8
:102D70002DE9F04F8FB00D461C469DF864800492FB
:102D8000189AB8F1000F00F0128120680AAB616850
:102D900003C31068516803C30AA8F8F783FC2146EF
:102DA0000CA8F8F7C3FCBDF92C00BDF92E60B0F5F6
:102DB000806FBDF83010DBBF4FF4806483B2012414
:102DC000B4FBF3F4BDF93230264493FBF4F2013E38
:102DD00097B296FBF4F607FB143414FB00F40C4492
:102DE000A4B227B1049A52F8272012BA1544BDF8AC
:102DF0002820B6B2BDF936701144BDF82A20B600BD
:102E00001344ADF83010ADF83230BDF934300193D1
:102E1000684B18680368DB6A9847674BBDF9321046
:102E2000002C1A88BDF9303018BF4FF0000E02FB9D
:102E300007F702FB0133C8F1FF0200EB430092B237
:102E400000EB47030392059306F104030693019BED
:102E500008BF9E4600231FFA8EFE02939EE053B9E0
:102E60002A78930902F03F0202925A1E022A8ABF70
:102E70006B780135023574B19C4291BF1B1BE31A7C
:102E800071464FF0000A8FBF9CB2BDF804101FFAC4
:102E900083FA002480E00222069973451646029ABE
:102EA00024BFA3EB0E0AF14616FB0212049934BFAD
:102EB00099461FFA8AFA8E5A37BFAEEB03012146B4
:102EC000A24689B2B8F1FF0F4FEA490901D1814406
:102ED0004FE0320A814402F0F80202FB08F2079246
:102EE000F208F60002F0FC02F6B202FB08F20892C9
:102EF00006FB08F2099237E00288039F4FEA122C82
:102F0000039E0CF0F80C1CFB07FC079FBC44D70881
:102F1000D20007F0FC071FFA8CFCD2B217FB06F7B1
:102F2000089E0CF1010B3744039E0BEB1C2B12FB8C
:102F300006F2BFB2099E0BF47F4B07F1010C32443D
:102F40006FF30A0B0CEB172C92B24FEA5C1C571C68
:102F50000CF4FC6C07EB12274BEA0C0CC7F3C427EC
:102F600047EA0C0720F8027B8145C5D103E020F831
:102F7000026B8145FBD173450ED3BDF80410BDF83B
:102F80002C400D4B641A019A1B88A4B29B1A002C8A
:102F900000EB430018BF002153468E46059A82423B
:102FA0003FF65DAF034B186803681B6B98470FB083
:102FB000BDE8F08FA42B03249C2B03242DE9F04FB4
:102FC00099B01C4605469DF88C30CDE9101203934C
:102FD000229A002B00F0CB81206814AB616803C3F8
:102FE0001068516803C314A8F8F75CFB214616A8C3
:102FF000F8F79CFBBDF95420BDF95660B2F5806F1F
:10300000BDF95E70DBBF93B24FF480614FF0010BEE
:10301000B1FBF3FBBDF95A305E44BDF85810013ED8
:1030200093FBFBF080B200FB1B340B9014FB02F40B
:10303000BDF850200C441144BDF85220ADF8581092
:10304000A4B21344ADF85A30BDF95C300493B54BCB
:1030500018680368DB6A9847B34BBDF95A10002C17
:103060001A88BDF9583002FB07F702FB0133049AB6
:103070004FF0000118BF002200EB430392B2099108
:10308000019303EB470396FBFBF601360C93119B70
:10309000B6B203EB8606331D0D93039BC3F1FF030A
:1030A0009BB20A9351E1BDF854304FF0010871789A
:1030B0000F92CDF80880B4FBF3F3ABEB03039BB2A4
:1030C0001293B3781B0243EA0143F17836780B433D
:1030D00010990E9601361944059601F1010A4978B6
:1030E000109E0902F35C01F4807185F804381943DD
:1030F0000023089119460693434662E0002F56D1FB
:1031000002999AF80130C1F10701029E8B409AF8AA
:103110000010DBB2314141EA4301334601331FFA6B
:1031200081FCDBB2082B02930E9B12BF0AF1010A4D
:103130000AF1020A0297634502D3C9B201231FE0D4
:10314000059B9C4509D305EB080395F8041883F803
:10315000041808F101039BB218E005EB810105F6A4
:10316000040E4B7961465E1E07E005EB810191F884
:1031700004900EF80690013EC988002EF5DCC9B215
:1031800085F804180599B1F5007F15D2059908F165
:10319000010895F8046805EB81010E71089E81F81D
:1031A0000580CE800599013189B2059104E03B4646
:1031B000DDF820C0374600E0984639460F92CDF83A
:1031C00020C074B1A34204D2E31A0E4600279CB279
:1031D000B5E01B1B2144BDF8102000249FB28EB225
:1031E000ADE09342039827BF9F1A1646D21A1E4697
:1031F00027BFBFB2224692B227460E44FF28B6B27E
:103200005BD16BE0481C2944139091F804180D9889
:1032100030F8119001994FEA192C0A9809880CF09E
:10322000F80C4FEA112E07910EF0F80E1EFB00FE6F
:1032300003980CFB00EE4FEAD90C4FEAC9090CF0D9
:10324000FC001FFA8EFE5FFA89F9014607984FEAE3
:10325000D00C0A980CF0FC0C1CFB00FC039801FB42
:1032600000CC07990A98C9001FFA8CFCC9B211FB5F
:1032700000F1039809FB00110EF1010909EB1E2969
:103280000CF1010E89B20EEB1C2E09F47F4901F1FD
:10329000010C4FEA5E1E6FF30A090CEB112C019929
:1032A0000EF4FC6ECCF3C42C49EA0E0E4CEA0E0C64
:1032B00021F802CB0191BDF84C10B142A2D10FE030
:1032C00001F1010C29440D9891F8041830F81110FF
:1032D000019820F8021B1FFA8CF10190B142EFD146
:1032E0000F998B422BD3104B049A1B889B1A019A7F
:1032F00002EB4303129A0193069B01339342069318
:1033000014D1BDF85030BDF85840E41A049BA4B263
:10331000002C08BF1A46099B18BF0022013392B245
:10332000099312E0A42B03249C2B0324BDF8102046
:10333000BDF85440A41AA4B2002C18BF00220C9B64
:1033400001998B423FF6DAAE0CE0099B0B9911FA1A
:1033500083F6119B0199013603EB86060C9B8B4289
:103360003FF6A1AE034B186803681B6B984719B072
:10337000BDE8F08FA42B03242DE9F04F93B00D4648
:1033800014469DF870B00290BBF1000F00F0DA8295
:1033900020680EAA616803C21868596803C20EA8A3
:1033A000F8F780F9214610A8F8F7C0F9BDF93C20DC
:1033B000B2F5806FDBBF93B24FF480610123B1FBA4
:1033C000F3F3039305F1080303990993BDF93E3024
:1033D0000B44013B93FBF1F3013B09999BB201EBD9
:1033E000830303990A93BDF9423093FBF1F084B251
:1033F000BDF840100694069D039C05FB143616FB91
:1034000002F60E44B6B23DB16A1E099850F8225039
:103410000A9A2DBA154400E00A9DBDF83820BDF97E
:1034200046701144BDF83A201344ADF84010ADF891
:103430004230BDF944300493B14B18680368DB6A2D
:103440009847B04BBDF942101A88BDF94030574338
:1034500002FB01338022002100EB430404EB47030D
:103460004FF000070C93BDF93C3096FBF3F3089343
:103470006FEA0B03DBB20593029B043318460B93F0
:1034800014F06CFFA04B0093002307934DE215F856
:10349000012BD3B2920904D1029A02EB43039F8815
:1034A0002BE0012A2CD1C7F3040203F00301023AF6
:1034B0000A44C3F38101C3F3011302F01F0262F354
:1034C0000407C7F345100238014401F03F0161F3DE
:1034D0004A1701EB8101C7F3C4200238034403F00B
:1034E0001F0363F3CF2719FB031318FB0232029B60
:1034F00002F03F0203EB42029780013EB6B239E090
:10350000022A03F03F032ED11CE096460CF1010C79
:103510001EF8021B527841EA0221C1F345104FEA1E
:10352000D12A01F01F020F4600EB800019FB0A0AA6
:10353000029818FB02A202F03F0200EB42029180C7
:10354000724602E02A464FF0000C9C45DDDB9E42AD
:1035500006D29B1B05EB46050193012307930FE061
:1035600005EB430504E09E4202D29B1B019307E05A
:10357000F31A9EB2002E8AD1DDF810900196B1E0C8
:10358000019B002B40F3AC8004989842A8BF1846DA
:10359000049BA3EB0009019B04EB400A1B1A019357
:1035A000079B002B54D0BBF1FF0F40D14BE02E46C0
:1035B000059816F8022B6B7842EA032223881D0A2D
:1035C000110A05F0F8054FEAD20C01F0F801D2001B
:1035D00015FB00F50CF0FC0C02F0F80201FB0B559A
:1035E000D908DB0001F0FC01ADB2DBB211FB00F148
:1035F00013FB00F30CFB0B1102FB0B336A1C89B2AB
:1036000002EB15224D1C9BB202F47F4205EB112107
:1036100035466FF30A02490901F4FC610A43591C5B
:1036200001EB1323C3F3C423134324F8023B544593
:10363000BDD30AE02B4613F8022B69781D4642EAF7
:10364000012224F8022B5445F4D30023079349E0C8
:10365000BBF1FF0FBAB240D04FEA122C4FEAD20EA4
:10366000D2000CF0F80C0EF0FC0ED2B20CFB0BFCEE
:103670000EFB0BFE02FB0BF22AE023880598190AC9
:10368000DE0801F0F801DB0006F0FC0601FB00C1DA
:10369000DBB206FB00E689B203FB0023B6B201F100
:1036A00001089BB208EB1128711C01EB162108F4EC
:1036B0007F485E1C49096FF30A0806EB132601F4E4
:1036C000FC61C6F3C42648EA01010E4324F8026BEC
:1036D0005445D2D306E024F8022B5445FBD301E035
:1036E000DDF810900026DBE015F8013B5FFA83F867
:1036F0009B090BD1029B03EB4808B8F8047033E038
:10370000A42B03249C2B0324C0800024012B33D141
:10371000C7F3040208F00303023A1A44C8F3810312
:10372000C8F3011802F01F0262F30407C7F3451142
:1037300002390B4403F03F0363F34A1703EB83039F
:10374000C7F3C42102398844032108F01F0811FB84
:103750000831072368F3CF2713FB0213029A03F003
:103760003F0302EB43039F80BBF1FF0F5CD109F1E4
:10377000FF3924F8027B93E0022B08F03F0855D173
:10378000C145CA46A8BFC246BBF1FF0F18D006EB21
:103790000A03402B14DD7300009819460193E0F7EB
:1037A000B7FD32465B46204600990026E0F7CAFD89
:1037B000019B009A1C44654B9A4208BF644B0093DE
:1037C00000214FF0030E27E0AC4651451CF8023BA8
:1037D0006A7843EA0223C3F345104FEAD32503F086
:1037E0001F021F4600EB80001EFB05054FF007007F
:1037F00010FB0252029802F03F0200EB420293805B
:1038000008DABBF1FF0F17BF009A24F8023B22F839
:1038100016300136013165464145D5DBA8EB0A0378
:10382000A9EB0A0901933BE04FF00108C145CA46E4
:10383000A8BFC246BBF1FF0FA8EB0A03A9EB0A0918
:103840001FFA87F8019324D006EB0A03402B1BDDF7
:103850007300009819460D93E0F75AFD32465B4617
:10386000204600990026E0F76DFD0D9B374A1C4469
:10387000009B934206D1364B05E0009B23F816804F
:10388000013602E0314B0093B244B245F5D15646C1
:1038900006E004EB4A0A01E024F8028BA245FBD8BB
:1038A000B9F1000F3FF720AF002E0CDD4FEA4608BC
:1038B00000984146E0F72CFD204644445B463246E2
:1038C0000099E0F73FFD234B049A1B889B1A04EBF9
:1038D0004304089B01330893089A039B93421BD12E
:1038E000069B0021069A4FF0000703F10108099B8F
:1038F000BDF8406053F8225080220A9B2DBA0B98E5
:103900001D44BDF83830F61A14F028FD0023CDF818
:103910001880B6B2089306E0049BBDF83C60F61A26
:10392000019BF61AB6B2E0F7E9FC0C9BA34204D95E
:103930004FF003094FF007081CE6074B18680368AF
:103940001B6B984713B0BDE8F08F00BFC080002408
:10395000C07F00249C2B0324A42B03242DE9F04FCB
:103960008FB01C469DF8643003920091189A029320
:10397000002B00F0458120680AAB616803C3106822
:10398000516803C30AA8F7F78DFE21460CA8F7F784
:10399000CDFEBDF92C00BDF92E60B0F5806FBDF8ED
:1039A0003010DBBF4FF4806483B20124B4FBF3F426
:1039B000BDF93230264493FBF4F2013E97B296FBF8
:1039C000F4F607FB143414FB00F40C44A4B237B132
:1039D000039A009852F8272012BA10440090BDF8BC
:1039E0002820B6B2BDF934B01144BDF82A20BDF983
:1039F0003670B6001344ADF83010ADF83230824B5B
:103A000018680368DB6A9847804BBDF93210002CB8
:103A10001A88BDF9303002FB07F702FB01330CBFF7
:103A20005946002100EB430089B200EB47030593A0
:103A3000331D069300230193D9E083B9009B1A78C4
:103A4000930902F03F0201925A1E022A93BF009A84
:103A5000009B009A013284BF5B780232009274B1FD
:103A60009C4291BF1B1BE31A0A464FF000088FBF10
:103A70009CB200241FFA83F81FFA8BF2B5E00422EF
:103A8000069E8B421546019A24BFA3EB01080F4600
:103A900015FB0262039E34BF1F461FFA88F856F8D2
:103AA00002C036BFCA1A2246A0464FEA1C6638BF7B
:103AB00092B27F00002E00F08680FF2E4FEA1C2E6F
:103AC00017D1029DFF2D14D14FEA5C19504ECCF353
:103AD000C40C074409F4FC690EEA060649EA060626
:103AE00046EA0C06B6B201E020F8026B8742FBD131
:103AF0006AE0029DCCF3074A5FFA8EFE6E435FFADE
:103B00008CFC06F10109C6F30F2616FA89F66FEA56
:103B10002629C6F30F261AFB06FA5FFA89F91EFB5F
:103B200006FE1CFB06FC1FFA8AF507951FFA8EF5A8
:103B300008951FFA8CF50995C51904953FE0B0F872
:103B400000E04FEA1E2C4FEADE0A0CF0F8054FEABF
:103B5000CE0E0AF0FC07CAF3811A45EA5C1C079DE9
:103B600047EA0A075FFA8EF60CFB095C089DCEF364
:103B7000421E1FFA8CFC07FB095746EA0E06099DF8
:103B8000BFB20CF1010E06FB09560EEB1C2E07F11D
:103B9000010CB6B20CEB172C0EF47F4E771C4FEADB
:103BA0005C1C6FF30A0E07EB16270CF4FC6CC7F3D2
:103BB000C4274EEA0C0C47EA0C0720F8027B049D50
:103BC0008542BCD100E038448B420ED31FFA8BF201
:103BD000BDF82C400D4BA41A1B88A4B2A3EB0B0319
:103BE000002C00EB430018BF002243461146059A03
:103BF00082423FF622AF044B186803681B6B98475C
:103C00000FB0BDE8F08F00BFA42B03249C2B03242E
:103C100000F8FF002DE9F04F91B01C469DF86C8034
:103C2000049201911A9AB8F1000F00F031812068D6
:103C30000CAB616803C31068516803C30CA8F7F7A5
:103C400031FD21460EA8F7F771FDBDF93400BDF92D
:103C50003660B0F5806FBDF83810DBBF4FF480647C
:103C600083B20124B4FBF3F4BDF93A30264493FB4C
:103C7000F4F2013E97B296FBF4F607FB143414FB02
:103C800000F40C44A4B237B1049A019852F82720EA
:103C900012BA10440190BDF83020B6B2BDF93CB064
:103CA0001144BDF83220BDF93E70B6001344ADF8A2
:103CB0003810ADF83A30784B18680368DB6A9847DB
:103CC000764BBDF93A10002C1A88BDF9383002FB4A
:103CD00007F702FB01330CBF5946002100EB4300FC
:103CE00089B200EB47030693331D07936FEA08037D
:103CF000DBB2029300230393C1E083B9019B1A78DE
:103D0000930902F03F0203925A1E022A93BF019ABE
:103D1000019B019A013284BF5B780232019274B137
:103D20009C4291BF1B1BE31A0A464FF000098FBF4C
:103D30009CB200241FFA83F91FFA8BF29DE0032244
:103D4000079E8B421546039A2CBFA3EB0109A1469F
:103D500015FB0267049A2CBF0E461E4602EB070CA9
:103D600033BFCA1A1FFA89F9224692B2B8F1FF0F7F
:103D70004FEA460601D106446CE09CF802E09CF84C
:103D800001C00EFB08F508950CFB08F50995049D8C
:103D9000EF5D07FB08F50A958519059544E0B0F835
:103DA00000E04FEA1E2C4FEADE0A4FEACE0E0CF07E
:103DB000F8050AF0FC07CAF3811A5FFA8EF6CEF313
:103DC000421E45EA5C1C089D0B9647EA0A07029EC4
:103DD0000CFB065C099D1FFA8CFC07FB06570B9D2C
:103DE0001FFA87FA029F45EA0E060CF1010E0A9DA2
:103DF0000EEB1C2E0AF1010C06FB07560CEB1A2CDD
:103E00000EF47F4EB6B24FEA5C1C6FF30A0E771CBD
:103E10000CF4FC6C07EB16274EEA0C0CC7F3C42716
:103E200047EA0C0720F8027B059D8542B7D113E0D5
:103E30009CF801709CF802E0194DFF0005EA0E2E77
:103E400007F4FC674EEA07079CF800E047EADE0744
:103E500020F8027B8642EBD18B420ED31FFA8BF205
:103E6000BDF834400D4BA41A1B88A4B2A3EB0B037E
:103E7000002C00EB430018BF00224B461146069A67
:103E800082423FF63AAF044B186803681B6B9847B1
:103E900011B0BDE8F08F00BFA42B03249C2B03249A
:103EA00000F8FFFF2DE9F04F9DB01C4680469DF8BD
:103EB0009C30CDE90E120993269A002B00F0D38195
:103EC000206818AB616803C31068516803C318A861
:103ED000F7F7E8FB21461AA8F7F728FCBDF964209C
:103EE000BDF96650B2F5806FBDF96E60DBBF93B26D
:103EF0004FF480614FF0010BB1FBF3FBBDF96A3069
:103F00005D44BDF86810013D93FBFBF080B200FBFF
:103F10001B340A9014FB02F4BDF860200C441144D9
:103F2000BDF86220ADF86810A4B21344ADF86A3051
:103F3000BDF96C300393A74B18680368DB6A984798
:103F4000A54BBDF96A10002C1A88BDF9683002FB38
:103F500006F602FB013318BF002295FBFBF505F1C5
:103F6000010500EB430AADB20AEB46034FEA8505B3
:103F70000B9305F104031093039B08BF1A4600231B
:103F800092B24FE1BDF864304FF0010E41780D92CE
:103F9000CDF808E0B4FBF3F3ABEB03039BB2119352
:103FA00083781B0243EA0143C17800780B430E99E2
:103FB0000C90013019440490481C49780190090282
:103FC0000E9801F48071C35C08F60400194388F868
:103FD00004380023179007910593194673465FE054
:103FE000009B002B54D1019B02995B78C1F1070122
:103FF00002988B4001990978DBB2014141EA430103
:10400000029B013388B2DBB2082B0293019B09BFEC
:10401000023301330193009B14BF019302930C9B65
:10402000834202D3C9B201231CE0049B984209D306
:1040300008EB0E0398F8041883F804180EF1010336
:104040009BB215E008EB81014B7901465D1E06E04D
:1040500008EB8101179E0F797755013DC988002D26
:10406000F6DCC9B288F804180499B1F5007F13D2C0
:10407000049998F8045808EB81010D71079DCD80D3
:104080000EF101054D710499013189B2049103E0EB
:10409000009B0798009100E09E4600990D920790C2
:1040A0007CB1A34204D2E31A9CB200230093C4E083
:1040B0001B1B2144BDF80C2000249BB289B2009345
:1040C000BBE0934205D39E1AB0B200901046224640
:1040D00084E0D21A1846009492B27FE0481C414412
:1040E00080B291F80418129004200546109815FB30
:1040F00001010F9841580D0E68D0FF2D4FEA112095
:104100000CD1099EFF2E09D14D096FF30A00C1F3AE
:10411000C40105F4FC652843084355E0BAF8007073
:10412000C0B24FEA17294FEAD70C09F0F806FF0092
:1041300013960CF0FC06CCF3811C1496FEB2C7F368
:1041400042171596099E75436E1CC5F30F2515FA87
:1041500086F5C5F30F266FEA25250696EDB2139E68
:1041600046EA5916C1F30749C9B21396069E19FBD0
:1041700006F9139E06FB0599149E46EA0C0C069E52
:104180001FFA89F910FB06F0159E0CFB050037435A
:10419000069E80B211FB06F107FB0511451C09F1D3
:1041A000010789B205EB102507EB1927481C6D099B
:1041B00007F47F4700EB112005F4FC656FF30A0755
:1041C000C0F3C4203D432843AAF800000AF1020AC4
:1041D000129906E0A42B03249C2B0324084480B2EC
:1041E0001690169881427FF479AF0D98834224D3BC
:1041F0001E4B039A1B889B1A119A0AEB430A059BD4
:104200000133934205930FD1BDF86030BDF868408B
:10421000E41A039BA4B2002C0CBF1A460022089B90
:1042200092B2013308930DE0BDF80C20BDF8644054
:10423000A41AA4B2002C18BF00220B9B53453FF6D2
:10424000CFAE0BE0089B0A9911FA83F00F9B013067
:1042500003EB80000B9B53453FF694AE044B18686C
:1042600003681B6B98471DB0BDE8F08F9C2B03249F
:10427000A42B03242DE9F04F9BB01C4605469DF866
:104280009430CDE910120393249A002B00F0D981C9
:10429000206816AB616803C31068516803C316A891
:1042A000F7F700FA214618A8F7F740FABDF95C20A5
:1042B000BDF95E60B2F5806FBDF96670DBBF93B289
:1042C0004FF480614FF0010BB1FBF3FBBDF962309D
:1042D0005E44BDF86010013E93FBFBF080B200FB32
:1042E0001B340B9014FB02F4BDF858200C4411440D
:1042F000BDF85A20ADF86010A4B21344ADF8623096
:10430000BDF9643004939E4B18680368DB6A9847D4
:104310009C4BBDF96210002C1A88BDF9603002FB7D
:1043200007F702FB013318BF002296FBFBF600EBF8
:10433000430A06F101060AEB4703B6B20C93119B40
:1043400003EB860606F104030793039B6FEA03035E
:10435000DBB20893049B08BF1A46002392B24FE1D8
:10436000BDF85C304FF0010941780F92CDF8049010
:10437000B4FBF3F3ABEB03039BB2129383781B0202
:1043800043EA0143C17800780B4310990D90013046
:1043900019440590481C497800900902109801F4CE
:1043A0008071C35C194385F80438002309911E46C7
:1043B00006934B465FE0002855D1009B01995B783E
:1043C000C1F10701019E8B4000990978DBB23141B0
:1043D00041EA4301019B01338EB2DBB2082B01930A
:1043E000009B15BF013302330093CDE900300D9BD4
:1043F000B34202D3C9B201231FE0059B9E4209D3F9
:1044000005EB090395F8041883F8041809F1010372
:104410009BB218E005EB810105F6040C4B7931469F
:104420005F1E07E005EB810191F804E00CF807E05E
:10443000013FC988002FF5DCC9B285F80418059939
:10444000B1F5007F13D2059995F8047805EB810149
:104450000F71099FCF8009F101074F710599013153
:1044600089B2059103E00346099E029800E099464F
:10447000099606460F927CB1A34204D2E31A0020AB
:1044800002969CB2C7E01B1B2644BDF810200024F6
:1044900098B2B3B20293BEE09342039F2BBF114682
:1044A0001946981AD21A314427BF224680B22046B4
:1044B00092B2FF2F89B202915DD181E0771C2E4428
:1044C00096F804E8079E0EEB4E0E159776440E966E
:1044D000BAF800604FEAD60C370A0CF0FC01F6007F
:1044E00007F0F808CCF3811C1391F1B248EA571891
:1044F000C6F3421614910E998F78039917FB01F7B2
:10450000089908FB0177139941EA0C0C0E99BFB288
:1045100091F80180039918FB01F808990CFB0188B8
:1045200014990E4307991FFA88F811F80EC00399E1
:104530001CFB01FC089906FB01C607F1010C0CEB02
:10454000172C08F10107B6B207EB18270CF47F4CC3
:104550007F096FF30A0C07F4FC674CEA070706F1C2
:10456000010C0CEB162CBDF85460CCF3C42C4CEAB7
:10457000070C2AF802CB02998E429FD123E000BF9C
:10458000A42B03249C2B032406F1010E2E4407992F
:1045900096F8047807EB4707CE192B4996F802C026
:1045A000767801EA0C2C0799F600CF5D06F4FC66DC
:1045B0004CEA060646EAD7062AF8026B1FFA8EF680
:1045C00002998E42E0D10F998B4224D31F4B049A5B
:1045D0001B889B1A129A0AEB430A069B01339342EB
:1045E00006930FD1BDF85830BDF86040E41A049B23
:1045F000A4B2002C0CBF1A4600220A9B92B20133CF
:104600000A930DE0BDF81020BDF85C40A41AA4B2D6
:10461000002C18BF00220C9B53453FF6CCAE0BE09C
:10462000DDE90A3111FA83F0119B013003EB8000C0
:104630000C9B53453FF694AE054B186803681B6B03
:1046400098471BB0BDE8F08F00F8FFFF9C2B0324B8
:10465000A42B0324002804DD0029CCBF0020012066
:1046600070470120704700002DE9F74F9DF8344056
:104670000F460C9D002C00F0B580B3F90460B3F92F
:1046800006103046FFF7E6FF002840F0AB80B3F994
:1046900002C05143B3F90030FF2C304602FB0C330B
:1046A0004FEA152C07EB4303A2EB060703EB41018E
:1046B00052D0C5F30742C4F1FF0E5FFA8CFC62438F
:1046C000EDB20CFB04FC4FEA460A7F006C431FFA74
:1046D0008EFE00923DE003EB0A0B37E01E884FEAA6
:1046E00016294FEAD60809F0F800F60008F0FC0594
:1046F000C8F38118F2B2C6F3421640EA591045EAEF
:104700000805019210FB0EF0009A15FB0EC510442F
:10471000019AADB280B2324312FB0EF2461C06EB98
:1047200010206E1C224406EB152500F47F4092B247
:104730006D096FF30A0005F4FC652843551C05EB71
:104740001222C2F3C422024323F8022B5B45C5D3D5
:104750003B448B42BFD345E06C09DFF890E0C5F3E2
:10476000C40504F4FC640CEA0E0E44EA0E042C4367
:10477000D507A4B20CD576007F0006E09A1901E0B7
:1047800023F8024B9342FBD33B448B42F6D329E000
:104790009F0708D05500184601E00480284488424D
:1047A000FBD30233701EC5070BD500F10045560040
:1047B000013D03EB450501E02C8035448D42FBD3E0
:1047C000013878B1401004EB04448000520007E047
:1047D0001E181D4601E045F8044BB542FBD31344B7
:1047E0008B42F5D303B0BDE8F08F00BF00F8FF00A7
:1047F000F0B5064687B00D4617461C46002B3ED046
:10480000B1F90610B5F90400FFF724FF002836D1EE
:10481000286804AB69681B4D03C304A8F6F742FF80
:1048200028680368DB6B9847FF2C02D010F0080F54
:1048300001E010F0020F2868036810D0002239460A
:10484000CDE90242BDF816200192BDF81420009275
:10485000BDF810205C6EBDF81230A0470FE0DB6A97
:1048600098473368084A01463046CDE900749C6A8F
:1048700004AB1288A047286803681B6B984707B0F1
:10488000F0BD00BFA42B03249C2B03242DE9F04F83
:1048900091B01546B3F900B00446B3F902A00AA8D6
:1048A000BDF96C900E46BDF970801946ADF828B080
:1048B000ADF82AA0ADF82C90ADF82E80F0F756FF99
:1048C00029460AA8F0F752FF6F4B1F88B3F9005032
:1048D0006E4B1888B3F90010BDF92830002B07DAA9
:1048E000BDF82C201344ADF82C300023ADF828304F
:1048F000BDF92820BDF92CC0AB1A9C45C4BFBB1A1A
:10490000ADF82C30BDF92A30002B07DABDF82E5057
:104910002B44ADF82E300023ADF82A30BDF92A30F3
:10492000BDF92E50C91A8D42C4BFC11AADF82E1060
:104930005749097819B9BDF92C50BD4202E0BDF9BB
:104940002E508542BDF92C7018BF0025BDF92E10E0
:1049500008BF012538460391FFF77CFE20B10023F4
:1049600023806380A38089E0A3EB0A03A2EB0B0200
:104970000DF1280A0EA91BB20E9012B20CA80593D5
:10498000059B0492ADF83230039BADF83020ADF8B2
:104990003630ADF83C90ADF83E80ADF83470F6F7A7
:1049A000C5FE5046F6F77EFE0EA8F6F77BFE394BA5
:1049B0003046BDF93C901B8806933368364E5B6BDE
:1049C0009847BDF93020BDF8323080461A9919FB5E
:1049D0000323306801EB430B03685B6B9847BDF919
:1049E000283007903068BDF92A200893036809929F
:1049F000DB6B984710F0010F099A0AD03068BDF9B7
:104A00003420036800921D6F5B469AE80600A847B1
:104A10002EE0089B08FB02F202EB4302079B1344C3
:104A20001A46BDF9363055B10699894507D1306827
:104A300008FB03F359460568AE6BB04718E009FB65
:104A400003F34FEA4906DFF850900BEB43050DE006
:104A5000D9F80000BDF93430016806925B00D1F846
:104A600038A05946D047069AB3444244AB45EFD3E9
:104A7000049BA7802380059B6380039B2046E380E3
:104A800011B0BDE8F08F00BFA02B03249E2B0324A0
:104A9000962B03249C2B0324A42B032400221249CD
:104AA000C0E901220160C0E90322C0E90522C0E992
:104AB0000722C0E90922C0E90B22C0E90D22C0E9A2
:104AC0000F22C0E91122C0E91322C0E91522C0E972
:104AD0001722C0E91922C0E91B22C0E91D22C0E942
:104AE0001F22C0E921227047800A04082DE9F04FF7
:104AF00091B00C460546994608680CAB496803C35B
:104B00001068516803C30CA8F6F7CCFD21460EA827
:104B10006D4CF6F70BFEBDF93820BDF93A30BDF803
:104B20003410206811FB0321BDF93C80BDF93E60C3
:104B300005EB8105BDF830100A44ADF83820BDF80A
:104B400032201344ADF83A300368DB6B9847B9F173
:104B5000FF0F02D110F0200F01E010F0400F20688D
:104B6000036812D00022B6B229460196CDE903921D
:104B7000BDF8342002921FFA88F20092BDF8382066
:104B80005C6DBDF83A30A0479BE0DFF840A1DB6ADE
:104B90009847BAF80020BDF93A10BDF938305643AD
:104BA000DFF82CB102FB013300EB430404EB4603B6
:104BB00008934FEA480307937BE0079B0695E318A9
:104BC000099366E0069B53F8042B0693130E5FD0FF
:104BD000FF2B4FEA12250DD1B9F1FF0F0AD153096E
:104BE00005EA0B05C2F3C40203F4FC631D432A4328
:104BF00022804DE009FB03F32788EDB25E1CC3F36E
:104C00000F234FEA172C13FA86F6FB08FF000CF06F
:104C1000F80E03F0FC01CCF3421CC6F30F20C3F3E3
:104C200081130B91F9B24EEA0C0E6FEA2626C2F3FD
:104C3000074C0A910B99F6B21CFB00FCC7F3421714
:104C40000B43D2B215FB00F50EFB06CC12FB00F2B3
:104C500003FB06551FFA8CFC0A9BADB21F430CF1F7
:104C60000103681C03EB1C2307FB062200EB152045
:104C700003F47F4392B2400903EA0B0300F4FC60A3
:104C80001843531C03EB1223C3F3C42303432380B1
:104C90000234099B9C4295D3BAF80030BDF93450D8
:104CA000A3EB0803A5EB080504EB4304069B03EB09
:104CB0008505089B9C4280D3034B186803681B6BD7
:104CC000984711B0BDE8F08FA42B03249C2B03243C
:104CD00000F8FFFF2DE9F043154685B00C46324E33
:104CE00028686A466968314F03C21868596803C268
:104CF0006846F6F7D7FC294602A8F6F717FDBDF976
:104D00000820BDF90A30BDF80410306811FB0321FA
:104D1000BDF90C50BDF90E8004EB8104BDF8001004
:104D20000A44ADF80820BDF802201344ADF80A305B
:104D30000368DB6A98473B88BDF90A104FEA450CC7
:104D4000BDF90820DFF868E003FB012208FB03F34C
:104D500000EB420000EB43011CE000EB0C080EE00E
:104D600054F8042B4FEA52190EEA1223C2F3C4027C
:104D700009F4FC6943EA0903134320F8023B404568
:104D8000EED33B885B1B00EB4300BDF904305B1B9B
:104D900004EB83048842E0D3306803681B6B9847B8
:104DA00005B0BDE8F08300BFA42B03249C2B032493
:104DB00000F8FFFF2DE9F04F91B00C4607461D4665
:104DC00008680CAB4968DFF8DC81DFF8DC9103C3CD
:104DD0001068516803C30CA8F6F764FC21460EA8BE
:104DE000F6F7A4FCBDF93810BDF93A20BDF834300F
:104DF000D8F8000013FB0213BDF93C40BDF93E603A
:104E000003EB43031F44BDF830301944BDF8323082
:104E10001A44ADF83810ADF83A200368DB6B9847B8
:104E2000FF2D02D110F0010F01E010F0040FD8F8AF
:104E3000000019D0002301210268B6B20691A4B285
:104E4000CDE90733B9F80010039501960094CDE938
:104E50000431BDF8343039460293BDF83A30546C11
:104E6000BDF83820A04797E00368DB6A9847B9F897
:104E70000030BDF93A10FF2DBDF9382003FB06F6CE
:104E800003FB0122A3EB040300EB42004FEA4303C0
:104E900000EB460ABDF934600A93A6EB04064FEA1C
:104EA000440406EB460604D06FEA050C5FFA8CFC5E
:104EB0006FE03B4D1AE000EB040C10E01EF8022CF2
:104EC00077461EF8011CD20005EA012102F4FC62BB
:104ED0000A431EF8031C42EAD10220F8022B604567
:104EE00007F1030EEAD30A9B374418445045E2D336
:104EF000D8F8000003681B6B98474DE002190B922D
:104F00003FE00288110AD70801F0F809D20007F043
:104F1000FC0BC7F3811749EA51191EF8011C4BEA33
:104F20000707D3B211FB05F1C2F3421209FB0C11C2
:104F30001EF8029C1A4319FB05F989B207FB0C996C
:104F40001EF8037C17FB05F71FFA89F902FB0C77A3
:104F50004A1C02EB112109F10102BFB202EB192236
:104F600001F47F4152096FF30A0102F4FC620A4323
:104F7000791C01EB17217746C1F3C4210A4320F8BD
:104F8000022B0B9B07F1030E9842BAD30A9B3744BE
:104F900018445045B2D3ABE711B0BDE8F08F00BF65
:104FA00000F8FFFFA42B03249C2B0324F0B4154628
:104FB0001C460E46049A012D9DF814309DF818C029
:104FC00010D0022D09D095B90568CDE9043C2D69B2
:104FD00013462246AC46F0BC604721463046F0BC42
:104FE000FFF784BD21463046F0BCFFF7E3BEF0BCBE
:104FF000704700002DE9F04F144695B08046894671
:10500000206810AA61689DF878A06F4D6F4F03C2A9
:105010001868596803C210A8F6F744FB214612A885
:10502000F6F784FBBDF94820BDF94A30BDF84410BD
:10503000286811FB0321BDF94C40BDF94E6088443E
:10504000BDF840100A44ADF84820BDF84220134492
:10505000ADF84A300368DB6B984710F0800F286882
:105060001BD000230268B6B24146A4B2CDE9083392
:105070000B2307933B880296069301230194CDE905
:1050800004A3BDF844300393BDF84A300093BDF843
:105090004830146C4A46A04792E00368DB6A9847A0
:1050A0003B88BDF94A10BDF948205E43DFF820C1B6
:1050B00003FB01221B1B00EB42055B0005EB4602D4
:1050C0000B930C92BDF94420121B0D9262000A92C0
:1050D0006EE00A9BEB180E9363E018F8013B013376
:1050E00059F823301C0E5BD0FF2C4FEA13260CD14D
:1050F000BAF1FF0F09D15A0906EA0C06C3F3C4033B
:1051000002F4FC621643334349E02F880AFB04F49F
:10511000F6B24FEA172EF808FF000EF0F80100F083
:10512000FC0BC0F38110FAB2C7F3421741EA5E11DB
:10513000C3F3074E0F92621CC4F30F244BEA000026
:10514000DBB214FA82F4C4F30F226FEA24241EFBAC
:1051500002FEE4B216FB02F601FB04EE0F9913FB0C
:1051600002F300FB04660F431FFA8EFEB6B207FB84
:1051700004330EF1010299B2731C02EB1E2203EB01
:10518000162302F47F425B0902EA0C0203F4FC637B
:105190001A434B1C03EB1123C3F3C42313432B808B
:1051A00002350E9B9D4298D30B9B1D440D9B98444A
:1051B0000C9B9D428DD3044B186803681B6B98476A
:1051C00015B0BDE8F08F00BFA42B03249C2B032453
:1051D00000F8FFFF2DE9F04F87B004460E46154654
:1051E0009DF84080B8F1000F00F0B680286802AA50
:1051F000696803C21868596803C202A8F6F752FA30
:10520000294604A8F6F792FABDF91020BDF912302C
:10521000BDF80C10BDF9149011FB0321BDF9165017
:105220004FEA490A0C44BDF808100A44ADF81020B2
:10523000BDF80A201344ADF81230494B18680368D2
:10524000DB6A9847DFF81CC1BDF91230B8F1FF0FD7
:10525000BCF8007006F10401BDF9102007FB032221
:1052600000EB420307FB05F25AD0C8F1FF0603EB3F
:105270004202B6B201924AE003EB0A0B3AE014F89C
:10528000012B31F812701A88380A150A00F0F8005C
:105290004FEAD70E05F0F805FF000EF0FC0E15FBE7
:1052A00006F5FFB200FB0855D008D20000F0FC0064
:1052B000ADB2D2B210FB06F012FB06F20EFB0800F4
:1052C00007FB08226F1C80B207EB1527451C92B222
:1052D00007F47F4705EB1025501C6FF30A076D0993
:1052E00000EB122205F4FC65C2F3C4223D432A43BD
:1052F00023F8022B9B45C2D8BCF80020A2EB090280
:1053000003EB4203BDF90C20A2EB09021444019AFD
:105310009A42B1D8124B186803681B6B98471BE080
:1053200003EB420215E003EB0A0005E014F8015B11
:1053300031F8155023F8025B9842F7D8BCF800000A
:10534000A0EB090003EB4003BDF90C00A0EB090042
:1053500004449A42E7D8DDE707B0BDE8F08F00BF0C
:10536000A42B03249C2B03242DE9F04F95B0044675
:105370000F4615469DF87880B8F1000F00F00281C5
:10538000286810AA6968DFF804A2DFF8049203C253
:105390001868596803C210A8F6F784F9294612A8BC
:1053A000F6F7C4F9BDF94820BDF94A30BDF84410FC
:1053B000DAF8000011FB0321BDF94C50BDF94E6035
:1053C0000C44BDF840100A44ADF84820BDF8422016
:1053D0001344ADF84A300368DB6B984710F0800F38
:1053E000DAF800001CD000230268B6B22146ADB244
:1053F000CDE908330B230793B9F8003002960693E2
:1054000001230195CDE90483BDF844300393BDF831
:105410004A300093BDF84830156C3A46A847B1E0D1
:1054200003684FEA450BDB6A9847B9F80020BDF9DD
:105430004A30B8F1FF0FBDF9481002FB031106FB1B
:1054400002F200EB41036BD06FEA080103EB42026A
:105450005FFA81FA0C925AE003EB0B020D924AE0DC
:1054600014F8011B0420032212FB01021888060A0B
:1054700007EB020E0B92C20806F0F80CC00002F017
:10548000FC01C2F381124CEA561C9EF802600F9197
:10549000C1B216FB08F6C0F342100E910CFB0A666F
:1054A0000F999EF801C00A43B6B21CFB08FC02FB30
:1054B0000ACC0E9A10430B9A1FFA8CFCBA5C0CF1C2
:1054C000010112FB08F201EB1C2100FB0A20721CF7
:1054D000490902EB162280B201F4FC6102F47F421A
:1054E0006FF30A020A43411C01EB1021C1F3C421EE
:1054F000114323F8021B0D9A9342B1D3B9F800204F
:10550000521B03EB4203BDF94420521B14440C9A76
:105510009342A1D31D4B186803681B6B984731E079
:1055200003EB420203200426DFF868C027E003EB08
:105530000B0E18E091F80080013410FB086807EBAF
:10554000080A17F808809AF802109AF801A00CEAE5
:1055500001214FEACA0A0AF4FC6A41EA0A0141EA57
:10556000D80123F8021B73452146E3D3B9F8001094
:10557000491B03EB4103BDF94410491B0C44934202
:10558000D5D3C7E715B0BDE8F08F00BFA42B032427
:105590009C2B032400F8FFFFF0B40C4611469DF845
:1055A00014501A460F78049B012F4E7834D0022FE6
:1055B00001D0CFB14DE0032E4BD8DFE806F0020753
:1055C000090C20460495F0BCFFF704BEC06F04E050
:1055D000D0F8800001E0D0F88400002839D00668B7
:1055E000CDE90435B5682EE0032E32D8DFE806F0A9
:1055F0000207090C20460495F0BCFFF7FBBCC06F06
:1056000004E0D0F8800001E0D0F8840008B3066818
:10561000CDE90435F56816E0032E1AD8DFE806F068
:105620000207090C20460495F0BCFFF79DBEC06F31
:1056300004E0D0F8800001E0D0F8840048B10668AA
:10564000CDE9043535691346AC460A462146F0BC1F
:105650006047F0BC704700002DE9F04F164687B058
:1056600004460D46306802AA71689DF8409003C256
:105670001868596803C202A8F6F714F8314604A85E
:10568000F6F754F8BDF91020BDF91230BDF80C60E2
:10569000BDF8081016FB0326BDF914800A44BDF9B5
:1056A000167004EB46043544ADF81020BDF80A200E
:1056B0001344ADF81230714B18680368DB6A9847E1
:1056C0006F4BBDF91020B9F1FF0F1E88BDF91230E4
:1056D00006FB032207FB06F600EB42034FEA4802F3
:1056E000019269D003EB460B5CE0019A294603EB7B
:1056F000020A48E011F8012B002A42D009FB02F20D
:10570000501C80B200EB122000123AD01A886FEAC7
:10571000000C2788160A5FFA8CFC3D0A06F0F80692
:105720004FEAD70E05F0F805FF0016FB0CF60EF059
:10573000FC0EFFB205FB0066D508D20005F0FC05A3
:10574000B6B2D2B215FB0CF512FB0CF20EFB0055F3
:1057500007FB0022701CADB297B26A1C00EB16204A
:1057600002EB152200F47F4052096FF30A0002F4A5
:10577000FC6210437A1C02EB1722C2F3C4220243DC
:105780001A80023302345345B4D33D4ABDF90C505C
:105790001288A5EB0805A2EB080204EB45040D44B2
:1057A00003EB42035B45A0D3344B186803681B6BC3
:1057B000984707B0BDE8F08F03EB4606DFF8C4A0BA
:1057C00058E0019AAE4603EB020B44E01EF8011BC1
:1057D00000293ED0FF29278801D11F8039E01A888F
:1057E0006FEA010C380A150A5FFA8CFC00F0F80029
:1057F00005F0F8054FEAD709FF0015FB0CF509F095
:10580000FC09FFB200FB0155D008D20000F0FC00FB
:10581000ADB2D2B210FB0CF012FB0CF209FB01008E
:1058200007FB0122691C80B201EB1521451C92B2D5
:1058300001F47F4105EB102001EA0A01400900F460
:10584000FC600143501C00EB1222C2F3C42211433E
:105850001980023302345B45B8D3094ABDF90C50B4
:105860001288A5EB0805A2EB080204EB4504754479
:1058700003EB4203B342A4D396E700BFA42B032457
:105880009C2B032400F8FFFF2DE9F04F8BB0074657
:10589000884692469DF854609946149C002E00F06C
:1058A000A1810846F9F788FE05464046F9F7B8FE9B
:1058B000ADF816004046ADF81290ADF81450ADF8B2
:1058C00010A0F9F76BFF05464046F9F797FF8146B0
:1058D0004046F9F7E9FF102800F28481DFE810F074
:1058E000C600B6001100820182018201820182019C
:1058F000820182018201BD00820182017801820160
:105900007101BA4B18680368DB6B9847FF2E26D1EC
:10591000830600D523E04046F9F708FF30B9234657
:1059200004AA29463846FFF7D5F95BE10DF12009B5
:1059300041464846F9F7A8FE06AB99E8030083E81C
:10594000030018462146EFF711FFBDF91C30BDF9E1
:105950001EA0184603935146FEF77CFE10B1334655
:1059600022466EE0BDF91AB0B4F90230BDF81A80D3
:105970009B4513DDB4F900102846B4F90420ADF8B6
:105980002230A8EB0303ADF8201004A9ADF82420C1
:105990004A46ADF826303346FFF7A8F8BDF918207F
:1059A000B4F90030BDF818609A420EDDADF8203031
:1059B000F31A4A4604A9ADF824302846FF23ADF86F
:1059C00022B0ADF826A0FFF791F806AB04AA29464D
:1059D0003846FFF77FF9A288039923880E441344C1
:1059E000B1B29AB236B21BB2B3420EDD531A284698
:1059F0004A4604A9ADF82430FF23ADF82060ADF885
:105A000022B0ADF826A0FFF771F8E288D044638891
:105A10001FFA88F113440FFA88F89AB21BB2434573
:105A200040F3E080B4F90430B4F90000ADF824305C
:105A3000531A4A46ADF82000ADF82630FF23ADF8E2
:105A4000228004A92846FFF751F8CBE033462246CE
:105A500004A92846FFF7AEF9C4E004AB4A4629463C
:105A60003846CDE90046FFF797FDBBE04046F9F721
:105A70005DFE48B93B6804AA2946CDE90060384676
:105A80001E692346B047ADE00DF1200A41460DF1F5
:105A900018085046F9F7F8FD9AE8030088E8030073
:105AA00021464046EFF762FEBDF91E10BDF91C000D
:105AB000FEF7D0FD10B1234600967CE03B6804AAB7
:105AC0002946CDE900603846D3F810B04346D847A0
:105AD000BDF91A30B4F90220934213DDB4F9000085
:105AE0009B1AB4F90410ADF820002846ADF8222026
:105AF00004AAADF824104946ADF826305346009666
:105B0000FFF7AAFDBDF91830B4F90020934213DD68
:105B10009B1ABDF91A00BDF91E10ADF8202004AA89
:105B2000ADF822002846ADF824305346ADF82610D3
:105B300049460096FFF790FDA3882288BDF81C0017
:105B40001A44BDF81830034491B212B298B21BB295
:105B50009A4213DDBDF91E20ADF820300B1ABDF9B5
:105B60001A704946ADF824302846ADF82620534631
:105B700004AA0096ADF82270FFF76EFDE3886288F4
:105B8000BDF81E001A44BDF81A30034491B212B297
:105B900098B21BB29A4225DDADF822300B1AB4F947
:105BA0000070B4F90420ADF826305346ADF82070EB
:105BB000ADF82420009604AA49462846FFF74CFD7C
:105BC00010E0D7F8880068B103680096DE6805E049
:105BD000D7F8880030B1036800969E68234604AA6F
:105BE0002946B0470BB0BDE8F08F00BFA42B0324BB
:105BF00080B1032921D8DFE801F0021E081B104BF9
:105C00001888C0F30E00404270470D4B1888C0F34F
:105C10000E007047032910D801A353F821F000BFEC
:105C2000375C02080B5C0208315C0208FF5B02086B
:105C30004FF0FF307047012070470020704700BFD1
:105C40009C2B032480B1032921D8DFE801F01B023B
:105C50001D07104B1888C0F30E0070470D4B1888B5
:105C6000C0F30E0040427047032910D801A353F837
:105C700021F000BF535C0208895C02085D5C0208E9
:105C8000855C0208012070474FF0FF30704700200C
:105C9000704700BF9C2B03242DE9F04F9BB09DF86B
:105CA000AC000D9116A910909DF8B400BDF990506C
:105CB00008909DF8B800BDF89C9009909DF8BC0034
:105CC000DDF8B0800A9081E80C00DDE92821BDF9FB
:105CD0009430B2F900C0B2F904B0B2F902E0B2F9FE
:105CE00006604A7B8F7950010B93CC7900F4807069
:105CF000BDF89830074300F01082120102F4807260
:105D000022430C9200F0098291F9092092B243B12A
:105D1000991A8CB2090407D5EB1A002413441DB25A
:105D200002E02A441C4615B2764465451FFA8CFAF7
:105D300016A833B2B8BF5444DA440F930C9BBCBFCF
:105D4000641B65460FFA8AFA0E93B8BFA4B2A74B3C
:105D5000294693F800B0DDE90A32F5F710FB294631
:105D6000ADF8640016A8DDE90A32F5F726FB0DF15F
:105D70006601ADF8660019A8F5F752FC0A9B1BB93D
:105D8000BBF1010F08D19EE00A9B012B40F09B80E4
:105D9000BBF1010F40F097800F9B0B9A9E1A0C9B52
:105DA000A3EB09039E42A8BF1E46002E40F3B58117
:105DB0008F4A10680368DB6B984710F480718C4A37
:105DC00008D0089B042B04D1109B191E18BF012179
:105DD00000E00021830540F19C8100294DD0791C11
:105DE00021F0010C1FFA8CFCD4B97B19534517DC48
:105DF00010684FF4807249082A9D0368B6B2059274
:105E0000099A09FB01510694CDF808C0CDE9038237
:105E1000CDE900C6BDF864209C6DBDF8663050E049
:105E2000281BAAEB0000B842D4BFC4EB0003C4EBAC
:105E30000703002B00F07181E00744D413F0010E3A
:105E400041D16408106849082A9D02689BB209FB89
:105E500001414FF48074B6B2009305942944099C23
:105E6000CDF818E0CDF808C00196BDF86630CDE950
:105E70000384946DBDF8642023E02B1B0898AAEBE3
:105E80000303BB42A8BF3B4608281CD19C4200F03C
:105E9000448110681B1B07FB0949B6B202689BB21C
:105EA00006914FF4007100930591099902970196AC
:105EB000BDF86630CDE903812A99946D4944BDF857
:105EC0006420A04729E1109B0BB9BAB20AE0089AF6
:105ED0000823B3FBF2F35A1E3A44B2FBF3F212FB6F
:105EE00003F292B254EA09060DD0089909FB024365
:105EF0004B432A9903F0070601EBD3032A930C9B2B
:105F0000A3EB09030E930BF1FF330A99D3F1000BB6
:105F10004BEB030B5846FFF76BFE81465846FFF7E5
:105F200091FE0F9B01460B98A3EB000B0E9B9B452C
:105F3000A8BF9B46BBF1000F40F3EF802D1BAAEBDF
:105F40000505BD42D4BFC4EB0504C4EB0704002C17
:105F500040F3E380121B089B53430C930D9B3BB90A
:105F6000234B0A9118680368DB6A98470A9900E096
:105F70000D98089A012304FB19110BF1FF3B934084
:105F8000013BDBB20B93FF230B9AB3FBF2F30F93AE
:105F9000184BBDF966201D88BDF9643005FB02333E
:105FA0004FEA581200EB430AC8F3074302F4FC62BD
:105FB0001393C8F3072312935FFA88F311930E4BE0
:105FC00003EA1823C8F3C40813434FEA490243EA1B
:105FD00008030A9262439BB202EB410210932A9B90
:105FE00015921B783341DBB287E000BF962B032468
:105FF000A42B03249C2B032400F8FFFF0B9A12EA26
:10600000030155D00F9A5143FE2902DD099AFF2A58
:106010004BD0099A12FB01F189B24A1C02EB112202
:10602000BCF80010CD08C2F30722080A05F0FC07EF
:10603000C90000F0F808C5F381151497D74348EA62
:1060400050180E911398FFB2149910FB02F09DF8AE
:1060500038900D43129908FB070011FB02F80E99C6
:1060600080B205FB0788C1F34211119D49EA010185
:106070001FFA88F815FB02F201FB0722411C01EB15
:10608000102008F1010192B201EB182100F47F40C9
:1060900049096FF30A0001F4FC610143501C00EB55
:1060A0001220C0F3C420084300E01098ACF80000B0
:1060B000089A1644B6B2072E89BF2A9A13412A9B22
:1060C000002689BF0132DBB25B782A92BEF1010E55
:1060D0000A9A944492D20C9A52B116442A9AC6F360
:1060E000CC0306F007061A4413782A923341DBB238
:1060F000159ABBF1010B924403D304F1FF3ED44641
:106100007CE70D9B4BB9064B186803681B6B9847DF
:1061100003E000293FF4D7AE61E61BB0BDE8F08F85
:10612000A42B032438B5154D04462B68BFF35B8FB1
:10613000DA070BD4284608F035F838B1104A11496F
:10614000114808F027F8284608F048F80F4D2B684A
:10615000BFF35B8FDB070BD4284608F023F838B178
:10616000074A0B490B4808F015F8284608F036F89E
:10617000054B6361074BA36138BD00BFF4350324B1
:106180000000002459F90108DC000024F035032444
:106190005BF90108D800002438B5154D04462B687A
:1061A000BFF35B8FDA070BD4284607F0FBFF38B14B
:1061B000104A1149114807F0EDFF284608F00EF883
:1061C0000F4D2B68BFF35B8FDB070BD4284607F01E
:1061D000E9FF38B1074A0B490B4807F0DBFF2846B7
:1061E00007F0FCFF054BE360074B236138BD00BFA0
:1061F000EC350324000000245DF90108D4000024DC
:10620000E83503245FF90108D000002410B50446E6
:10621000FFF788FF2046BDE81040FFF7BDBF000034
:1062200038B5154D04462B68BFF35B8FDA070BD4E6
:10623000284607F0B7FF38B1104A1149114807F056
:10624000A9FF284607F0CAFF0F4D2B68BFF35B8FED
:10625000DB070BD4284607F0A5FF38B1074A0B49E6
:106260000B4807F097FF284607F0B8FF054B63621D
:10627000074BA36238BD00BFE435032400000024AF
:1062800061F90108CC000024E035032463F901081A
:10629000C800002438B5154D04462B68BFF35B8F4A
:1062A000DA070BD4284607F07DFF38B1104A1149B0
:1062B000114807F06FFF284607F090FF0F4D2B683D
:1062C000BFF35B8FDB070BD4284607F06BFF38B1B9
:1062D000074A0B490B4807F05DFF284607F07EFF91
:1062E000054BE361074B236238BD00BFDC35032457
:1062F0000000002465F90108C4000024D8350324F7
:1063000067F90108C000002410B50446FFF788FFB4
:106310002046BDE81040FFF7BDBF000038B5154D61
:1063200004462B68BFF35B8FDA070BD4284607F0CF
:1063300039FF38B1104A1149114807F02BFF2846A0
:1063400007F04CFF0F4D2B68BFF35B8FDB070BD4BF
:10635000284607F027FF38B1074A0B490B4807F0DA
:1063600019FF284607F03AFF054B6363074BA36309
:1063700038BD00BFD43503240000002469F90108AA
:10638000BC000024D03503246BF90108B8000024B8
:1063900038B5154D04462B68BFF35B8FDA070BD475
:1063A000284607F0FFFE38B1104A1149114807F09E
:1063B000F1FE284607F012FF0F4D2B68BFF35B8FED
:1063C000DB070BD4284607F0EDFE38B1074A0B492E
:1063D0000B4807F0DFFE284607F000FF054BE3629D
:1063E000074B236338BD00BFCC35032400000024D5
:1063F0006DF90108B4000024C83503246FF90108C1
:10640000B000002410B50446FFF788FF2046BDE821
:106410001040FFF7BDBF000038B5154D04462B688E
:10642000BFF35B8FDA070BD4284607F0BBFE38B109
:10643000104A1149114807F0ADFE284607F0CEFE7C
:106440000F4D2B68BFF35B8FDB070BD4284607F09B
:10645000A9FE38B1074A0B490B4807F09BFE2846B6
:1064600007F0BCFE054B6365074BA36538BD00BF55
:10647000C43503240000002471F90108AC00002495
:10648000C035032473F90108A800002438B5154D60
:1064900004462B68BFF35B8FDA070BD4284607F05E
:1064A00081FE38B1104A1149114807F073FE2846A1
:1064B00007F094FE0F4D2B68BFF35B8FDB070BD407
:1064C000284607F06FFE38B1074A0B490B4807F022
:1064D00061FE284607F082FE054BE364074B236507
:1064E00038BD00BFBC3503240000002475F9010845
:1064F000A4000024B835032477F90108A000002483
:1065000038B5154D04462B68BFF35B8FDA070BD403
:10651000284607F047FE38B1104A1149114807F0E4
:1065200039FE284607F05AFE0F4D2B68BFF35B8FEC
:10653000DB070BD4284607F035FE38B1074A0B4974
:106540000B4807F027FE284607F048FE054B63641A
:10655000074BA36438BD00BFB435032400000024FA
:1065600079F901089C000024B03503247BF9010867
:106570009800002438B5154D04462B68BFF35B8F97
:10658000DA070BD4284607F00DFE38B1104A11493E
:10659000114807F0FFFD284607F020FE0F4D2B683D
:1065A000BFF35B8FDB070BD4284607F0FBFD38B148
:1065B000074A0B490B4807F0EDFD284607F00EFE91
:1065C000054BE363074B236438BD00BFAC350324A0
:1065D000000000247DF9010894000024A83503245C
:1065E0007FF901089000002410B50446FFF714FF5E
:1065F0002046FFF785FF2046FFF748FF2046BDE80D
:106600001040FFF7B7BF000038B5154D04462B68A2
:10661000BFF35B8FDA070BD4284607F0C3FD38B110
:10662000104A1149114807F0B5FD284607F0D6FD7C
:106630000F4D2B68BFF35B8FDB070BD4284607F0A9
:10664000B1FD38B1074A0B490B4807F0A3FD2846B6
:1066500007F0C4FD054B6366074BA36638BD00BF5A
:10666000A43503240000002481F901088C000024D3
:10667000A035032483F901088800002438B5154D9E
:1066800004462B68BFF35B8FDA070BD4284607F06C
:1066900089FD38B1104A1149114807F07BFD2846A1
:1066A00007F09CFD0F4D2B68BFF35B8FDB070BD40E
:1066B000284607F077FD38B1074A0B490B4807F029
:1066C00069FD284607F08AFD054BE365074B236605
:1066D00038BD00BF9C3503240000002485F9010863
:1066E000840000249835032487F9010880000024E1
:1066F00010B50446FFF788FF2046BDE81040FFF7BD
:10670000BDBF000038B5154D04462B68BFF35B8F45
:10671000DA070BD4284607F045FD38B1104A114975
:10672000114807F037FD284607F058FD0F4D2B683C
:10673000BFF35B8FDB070BD4284607F033FD38B17E
:10674000074A0B490B4807F025FD284607F046FD90
:10675000054B6367074BA36738BD00BF943503241F
:106760000000002489F901087C00002490350324EE
:106770008BF901087800002438B5154D04462B68C4
:10678000BFF35B8FDA070BD4284607F00BFD38B157
:10679000104A1149114807F0FDFC284607F01EFD7C
:1067A0000F4D2B68BFF35B8FDB070BD4284607F038
:1067B000F9FC38B1074A0B490B4807F0EBFC2846B7
:1067C00007F00CFD054BE366074B236738BD00BFA0
:1067D0008C350324000000248DF901087400002486
:1067E000883503248FF901087000002410B5044691
:1067F000FFF788FF2046BDE81040FFF7BDBF10B58A
:106800000446FFF7F3FF2046FFF772FF2046FFF72D
:10681000F9FD2046FFF7FAFC2046FFF775FD2046FC
:10682000BDE81040FFF7E0BE38B50B4D04462B68BD
:10683000BFF35B8FDB070BD4284607F0B3FC38B1FE
:10684000064A0749074807F0A5FC284607F0C6FC9A
:10685000044BE36738BD00BF8435032400000024E7
:1068600091F901086C00002438B50B4D04462B68E3
:10687000BFF35B8FDB070BD4284607F093FC38B1DE
:10688000064A0749074807F085FC284607F0A6FC9A
:10689000044BC4F8803038BD803503240000002448
:1068A00093F901086800002470B50D4E04460D4DA3
:1068B0003368BFF35B8F13F0010F0DD1304607F043
:1068C00071FC48B1084B2846084A09492B6007F07B
:1068D00061FC304607F082FCC4F8845070BD00BFF4
:1068E000382D03243C2D03244C0A04080000002406
:1068F00095F9010810B50446FFF796FF2046FFF70B
:10690000B3FF2046BDE81040FFF7CEBF70B50D4E77
:1069100004460D4D3368BFF35B8F13F0010F0DD1AB
:10692000304607F03FFC48B1084B2846084A094961
:106930002B6007F02FFC304607F050FCC4F888505D
:1069400070BD00BF302C0324342C0324680A0408D3
:106950000000002497F901082DE9F04FDDE90B56FE
:10696000BDF924E0002EBDF928B006FB0E589DF8B5
:1069700034C09DF838709DF83C4002EB080A088846
:1069800017DBB34515DD002D06DBAE4504DD12F83F
:10699000082033F8128000E080466A1C0CD496452B
:1069A0000ADDBCF1000F07D09AF8012033F81290ED
:1069B00003E08146804600E08146013619D4B345A4
:1069C00017DDB7B1002D06DBAE4504DD1AF80E2049
:1069D00033F8126000E0064601350DD4AE450BDDFC
:1069E000BCF1000F08D0F2449AF8012033F81220CD
:1069F00003E00246064600E002461CFB07F54FEAAC
:106A0000084E4FEA094328F4FC680EF0FC6EC5F30B
:106A1000C70503F0FC6329F4FC694EEA080EC7F1D0
:106A2000100843EA0903A8EB0C08C5EB4C0C0CFB5F
:106A300003F34FEA024C05EB480822F4FC620CF029
:106A4000FC6C08FB0E334CEA020205FB02333204F5
:106A500026F4FC66C5EB470502F0FC62E7433243CF
:106A6000060AFFB205FB023306F0F80616FB07F62E
:106A70005A0D5B0902F4FC6223F4FC631343C3F375
:106A80000722C3F3CC05DB0002F0F80205F0FC0599
:106A900002FB0466C20802F0FC02B6B212FB07F267
:106AA00005FB042203F0F805C300701C92B2DBB2B0
:106AB00000EB162013FB07F300F4784005FB0433CA
:106AC000541C04EB12229BB2520902F4FC621043E4
:106AD0005A1C02EB1323C3F3C42303430B80BDE80A
:106AE000F08F2DE9F04F95B01C464FF00008139041
:106AF00023980E91129241689DF89CB0CDF8308099
:106B0000CDF83480CDF84480DDE92432DDE91F572B
:106B100001FB0233016801EB43030993269B1B68C9
:106B20000B93269B5E686FEA0B03DBB20436CDE95C
:106B30000F880A9319E2269BB3F90820B3F90C30A9
:106B400002F1FF3E21E05FEA254C4FEA274004D4E2
:106B5000F4450BDA002804DA0AE0BCF1FF3F0CD15F
:106B600004E003F1FF3C604513DB03E0944504DAE5
:106B7000411C02DB9842C0F200812198013C099936
:106B800005442298023107440991002CDBDC00F017
:106B9000AB81601E219901FB005C5FEA2C4C00F187
:106BA000EC80013A944580F2E880229A02FB007062
:106BB000001400F1E280013B9842C0F29581DCE0D4
:106BC000269A4FEA274C269BC5F3033ED2F80C9039
:106BD0002A14C7F303309B6808D403F1FF3A5245E7
:106BE00080F2AC80BCF1000F04DAA9E0511C40F047
:106BF000BC80A3E009F1FF3AD44580F2A4801BB227
:106C00000B990CFB032201EB02098A5C36F812C0D7
:106C1000BEF1000F10D099F8012036F8128088B12B
:106C200009EB030219F8033036F813300C9353784C
:106C300036F813300F9305E020B119F8033036F819
:106C400013300C934FEA084928F4FC6A1EFB00F24B
:106C50000F9909F0FC69D31021F4FC6149EA0A0993
:106C60004FEA4E0AAAEBD20A0F9A120402F0FC6213
:106C70000A430C995A430AFB09224FEA0C492CF4A7
:106C8000FC6C09F0FC6949EA0C0CC0F11009A9EB95
:106C90000E0903EB4909C3EB400309FB0C290C9ACD
:106CA00021F4FC6C0A99120402F0FC6242EA0C0224
:106CB00003FB02935A0D5B0902F4FC6223F4FC63AC
:106CC0001A43099B1B88C2F30720C2F3CC0ED200E3
:106CD0004FEA132C00F0F8000EF0FC0E02F0F80260
:106CE0000CF0F80C1CFB01FC00FB0BCCD808DB0003
:106CF00000F0FC001FFA8CFCDBB210FB01F013FB70
:106D000001F30EFB0B0002FB0B330CF1010280B20E
:106D100002EB1C2C421C9BB20CF4784C02EB1022B0
:106D2000581C520900EB1320099B02F4FC62C0F3CB
:106D3000C4204CEA02021043188016E0934214DD8E
:106D4000BCF1FF3F11DBE1450FDD1BB202920FFAF0
:106D500089F209990093334601920B9ACDE9050B0C
:106D6000CDE903CE1398FFF7F7FD099B013C0233F1
:106D70000993219B1D44229B1F44002C3FF720AF09
:106D8000B5E0269B2A1438140B99B3F9083015F492
:106D9000704FC5F30339C7F3033C03FB00200B9A84
:106DA0000244085C36F8100013D092F801E036F87F
:106DB0001E101091BCF1000F12D002EB030ED35C39
:106DC00036F813300D939EF8013036F813301193D6
:106DD00006E0BCF1000F03D0D35C36F813300D93FE
:106DE000109919FB0CF2013C4FEA014E21F4FC6AA8
:106DF000D31011990EF0FC6E21F4FC614EEA0A0EDC
:106E00004FEA490AAAEBD20A119A120402F0FC6274
:106E10000A430D995A430AFB0E224FEA004E20F412
:106E2000FC600EF0FC6E4EEA0000CCF1100EAEEBF2
:106E3000090E03EB4E0EC3EB4C030EFB002E0D9A16
:106E400021F4FC600A99120402F0FC62024303FB85
:106E500002E35A0D5B0902F4FC6223F4FC631A435B
:106E6000099B1B88C2F30720C2F3CC0ED2004FEA65
:106E7000132C00F0F8000EF0FC0E02F0F8020CF0FB
:106E8000F80C1CFB01FC00FB0BCCD808DB0000F06D
:106E9000FC001FFA8CFCDBB210FB01F013FB01F3CA
:106EA0000EFB0B0002FB0B330CF1010280B202EB74
:106EB0001C2C421C9BB20CF47F4C02EB1022581C81
:106EC0006FF30A0C520900EB1320099B02F4FC62D9
:106ED000C0F3C4204CEA0202104323F8020B0993CA
:106EE000219B1D44229B1F44002C3FF74AAF0E9B61
:106EF000002B42DDB7EE007A1E9B30EE040A70EEE6
:106F0000A40AF0EE626AC7EE007A31EE051AFEEED0
:106F1000C86A16EE905AF0EE436AFEEEC86A16EEA4
:106F2000907A20EEA77A61EE277A77EE622A37EE22
:106F3000C33AFEEEC82ABEEEC83A12EE902AF0EE30
:106F4000472A92FBF3F313EE102A21931E9BB0EE17
:106F5000673A92FBF3F322930E9B1E9A013B0E932A
:106F600018BF1446129B08BF1C460E9B002B3FF710
:106F7000E2AD129B002B3FF7DEAD15B0BDE8F08F00
:106F80002DE9F0479846BDF920E0BDF924A09DF811
:106F900030C09DF834500888DDE90A4303FB0E46F3
:106FA000002B02EB060916DB9A4514DD002C05DBED
:106FB000A64503DD925D38F8127000E00746621CBA
:106FC0000CD496450ADDBCF1000F07D099F80120DA
:106FD00038F8126003E00646074600E006465A1CF1
:106FE00019D4924517DDB5B1002C06DBA64504DDAA
:106FF00019F80E3038F8132000E0024601340BD4A3
:10700000A64509DDBCF1000F06D0F14499F8013026
:1070100038F8130000E002463B0427F4FC671CFB31
:1070200005F4C5F1100E03F0FC63C4F3C704AEEB26
:107030000C0E1F43330426F4FC66C4EB4C0C03F027
:10704000FC6304EB4E0E3343060420F4FC600CFB9F
:1070500003F306F0FC660EFB0733304304FB0033FA
:10706000100422F4FC62C4EB450400F0FC6002430F
:1070700004FB02335A0D5B0902F4FC6223F4FC6347
:1070800013430B80BDE8F0872DE9F04F91B01C460B
:107090004FF00008F7EE006A0F901F980A910E92C9
:1070A0004168DDF888B0CDF82080DBF80460CDF8C9
:1070B00024800436CDF83480DDE92032DDE91B5729
:1070C00001FB0233016801EB43030693DBF8003058
:1070D000CDE90B88079395E1BBF90820BBF90C308B
:1070E00002F1FF3E21E05FEA254C4FEA274004D43D
:1070F000F4450BDA002804DA0AE0BCF1FF3F0CD1BA
:1071000004E003F1FF3C604513DB03E0944504DA3F
:10711000411C02DB9842C0F2BE801D98013C0699DA
:1071200005441E98023107440691002CDBDC00F078
:107130002B81601E1D9901FB005C5FEA2C4C00F165
:10714000AA80013A944580F2A6801E9A02FB007044
:10715000001400F1A080013B9842C0F215819AE032
:107160002A14C5F3033E4FEA274CC7F30330DBE98B
:10717000023907D403F1FF3A52456EDABCF1000F31
:1071800003DA6CE0511C7ED167E009F1FF3AD44587
:1071900068DA1BB207990CFB032201EB02098A5C37
:1071A00036F812C0BEF1000F10D099F8012036F861
:1071B000128088B109EB030219F8033036F8133056
:1071C0000893537836F813300B9305E020B119F883
:1071D000033036F8133008934FEA084928F4FC6A64
:1071E0001EFB00F20B9909F0FC69D31021F4FC613D
:1071F00049EA0A094FEA4E0AAAEBD20A0B9A12048C
:1072000002F0FC620A4308995A430AFB09224FEA3A
:107210000C492CF4FC6C09F0FC6949EA0C0CC0F137
:107220001009A9EB0E0903EB4909C3EB400309FB65
:107230000C29089A21F4FC6C120402F0FC6242EA68
:107240000C0203FB02935A0D5B0902F4FC6223F467
:10725000FC631A43069B1A8015E0934213DDBCF1D0
:10726000FF3F10DBE1450EDD1BB2CDE9022C0FFA2A
:1072700089F2009333460192CDE904E0DDE906127C
:107280000F98FFF77DFE069B013C023306931D9B82
:107290001D441E9B1F44002C3FF762AF76E02A146A
:1072A000BBF908303814079915F4704FC5F303394A
:1072B00003FB0020079AC7F3033C0244085C36F83E
:1072C000100013D092F801E036F81E100C91BCF1BA
:1072D000000F12D002EB030ED35C36F81330099383
:1072E0009EF8013036F813300D9306E0BCF1000F24
:1072F00003D0D35C36F8133009930C9919FB0CF2C8
:10730000013C4FEA014E21F4FC6AD3100D990EF0B6
:10731000FC6E21F4FC614EEA0A0E4FEA490AAAEB20
:10732000D20A0D9A120402F0FC620A4309995A43E8
:107330000AFB0E224FEA004E20F4FC600EF0FC6EB9
:107340004EEA0000CCF1100EAEEB090E03EB4E0E30
:10735000C3EB4C030EFB002E099A21F4FC601204CF
:1073600002F0FC62024303FB02E35A0D5B0902F4E4
:10737000FC6223F4FC631A43069B23F8022B06935A
:107380001D9B1D441E9B1F44002C88DC0A9B002B68
:1073900040DD30EE040A1A9B70EEA40AB0EE626A79
:1073A000C6EE807A31EE051ABEEEC86A16EE105AA5
:1073B000B0EE436ABEEEC86A16EE107A20EEA77AE7
:1073C00061EE277A77EE622A37EEC33AFEEEC82ADC
:1073D000BEEEC83A12EE902AF0EE472A92FBF3F383
:1073E00013EE102A1D931A9BB0EE673A92FBF3F34B
:1073F0001E930A9B1A9A013B0A9318BF14460E9BD0
:1074000008BF1C460A9B002B3FF766AE0E9B002B65
:107410003FF762AE11B0BDE8F08F2DE9F04F87B0B5
:10742000CDE902120298BDF940E00088BDF9449010
:10743000040A9DF85060C5089DF854C0C00004F0CF
:10744000F80405F0FC059DF858A0C0B2DDE9127102
:107450000190280201FB0E7B002940EA044002EB68
:107460000B08019A40EA0200059018DB894516DDF9
:10747000002F08DBBE4506DD039A12F80B0000EB77
:107480004000184400E005A87A1C0BD4964509DD9D
:1074900046B198F8012002EB42021A4403E005AA23
:1074A000104600E005AA01311BD4894519DDBCF165
:1074B000000F16D0002F07DBBE4505DD18F80E10B3
:1074C00001EB4101194400E005A901370CD4BE4588
:1074D0000ADD4EB1F04498F8017007EB47073B44D2
:1074E00003E005AB194600E005AB06FB0CF8977806
:1074F00090F802B06FEA0A09A8EB0C1EC8EB0C1C4E
:107500000EF5807E5FFA89F91FFA8CFC14FB09F4F2
:10751000AEEB061E15FB09F5C8EB06161FFA8EFE2C
:10752000B6B277430EFB0B7791F802B00CFB0B77EA
:1075300093F802B008FB0B7790F801B00078C7F31E
:10754000072707FB0A44577812787743A4B272439F
:107550000EFB0B7791F801B00EFB002209780CFBB3
:107560000B7793F801B00CFB01221B7808FB0B771B
:10757000611C08FB0323019AC7F3072701EB1421C1
:1075800012FB09F2C3F3072307FB0A5501F4784104
:1075900003FB0A22ADB292B26B1C03EB15235B090D
:1075A00003F4FC630B43511C01EB1222C2F3C4220F
:1075B0001343029A138007B0BDE8F08F2DE9F04F16
:1075C00091B01F9C0E929DF88C200F9009926068DC
:1075D0000C91DDE9202100FB0122216801EB420230
:1075E0000892229A12680B92229A5468099A0434DB
:1075F000D243D2B20A922EE2229AB2F90810B2F91C
:107600000C204E1E23E01B9D1C982D144FEA204099
:1076100004D4B54209DA002803DA08E06F1C0AD165
:1076200003E0551EA84216DB03E08D4203DA451C39
:1076300001DB904216DB1B98013B1D9D28441E9DDB
:107640001B901C9828441C90089802300890002B2E
:10765000D9DC00F0BF81581E1B9D1D9E06FB005506
:107660002D1401D59B46F1E001398D42FADA1C99BF
:107670001E9D05FB00100014F4D4013A9042C0F2A4
:10768000A981EFE71C9B229A18141B9BD668C3F3B1
:1076900003351B9A1C9B1214C3F30331229B9B6876
:1076A00006D45F1EBA4280F2AE80002804DAACE055
:1076B000571C40F0BE80A6E0771EB84280F2A7803B
:1076C0001BB20B9E00FB03220B9816F8029010448D
:1076D00009EB490904EB09077DB190F801C00CEBF7
:1076E0004C0CA44481B1C218C35C507803EB430333
:1076F00000EB4000234420440CE041B1C35C384619
:1077000003EB4303234404E038463B4602E038469B
:107710003B46BC4605FB01F89CF8026097F802A0C6
:1077200008F5807E089A7F78AEEB051E1288C8EBBC
:107730000515AEEB011E0D92ADB21FFA8EFEC8EB21
:1077400001116E4389B20EFB0A6693F802A001FB99
:107750000A6690F802A008FB0A664FEA122A0A9A03
:107760000AF0F80AC6F307261AFB02FA099A06FB82
:1077700002AA9CF801600D9A6E439CF800C01FFAA3
:107780008AFA0EFB07665F7805FB0CFC1B7801FB91
:107790000766477808FB0766D7080A9A07F0FC07D0
:1077A000C6F3072617FB02F7099A06FB027714F8BF
:1077B00009600D9A0EFB06CCBFB2D20001FB03C3D9
:1077C0000178D2B208FB01330A9912FB01F2C3F32C
:1077D0000723099903FB01237A1C0AF1010102EB3B
:1077E000172201EB1A2152099BB201F4784102F4ED
:1077F000FC620A43591C01EB1321089BC1F3C4210D
:107800001143198015E0934213DD471C11DB8642BA
:107810000FDD1BB2099F36B20292009323460B9AEA
:107820000196CDE90517CDE9030508990F98FFF7F3
:10783000F4FD089B0BF1FF3B1D9A023308931B9B41
:1078400013441E9A1B931C9B13441C93BBF1000F03
:107850003FF718AFC3E01B9A1C99C2F303381C9A78
:107860001B980914C2F30335229A00140B9EB2F937
:10787000082002FB01010B9816F801A008441B998F
:107880000AEB4A0A11F4704F04EB0A070FD090F884
:1078900001C00CEB4C0CA44485B18118825C487883
:1078A00002EB420200EB4000224420440CE045B1D0
:1078B000825C384602EB4202224404E038463A46F3
:1078C00002E038463A46BC4608FB05F99CF80260DF
:1078D00097F802B009F5807E08990A9BAEEB081E66
:1078E0000988C9EB08187F78AEEB051E1FFA88F8E7
:1078F0001FFA8EFEC9EB051508FB06F6ADB20EFBAE
:107900000B6692F802B005FB0B6690F802B009FB1B
:107910000B664FEA112B0BF0F80BC6F307261BFB87
:1079200003FB099B06FB03BB9CF801600A9B08FB59
:1079300006F69CF800C01FFA8BFB0EFB0766577813
:1079400008FB0CFC127805FB07664778007809FBFA
:107950000766CF08C90007F0FC07C6F30726C9B2BF
:1079600017FB03F7099B06FB037714F80A600A9BD1
:107970000EFB06CCBFB211FB03F1099B05FB02C253
:1079800009FB00220BF10100C2F3072200EB1B20D0
:1079900002FB0312791C00F47F401D9B01EB1721B1
:1079A00092B26FF30A00490901F4FC610143501CD3
:1079B00000EB1220089AC0F3C420084322F8020BFF
:1079C00008921B9A1A441E9B1B921C9A1A440D9BE8
:1079D000013B1C920D930D9B002B3FF73CAF0C9B82
:1079E000002B40DDB7EE007A1A9B30EE040A70EEF1
:1079F000A40AF0EE626AC7EE007A31EE051AFEEED6
:107A0000C86ACDED1B6AF0EE436AFEEEC86ACDEDA2
:107A10001C6A20EEA77A61EE277A77EE622A37EEAB
:107A2000C33AFEEEC82ABEEEC83A12EE902AF0EE35
:107A3000472A92FBF3F313EE102A1D931A9BB0EE24
:107A4000673A92FBF3F31E930C9B1A9A013B0C933B
:107A50000E9B18BF13460C9A002A3FF7CDAD0E9A25
:107A6000002A3FF7C9AD11B0BDE8F08F2DE9F74FFF
:107A7000B1F80080BDF930604FEA082CBDF93490B0
:107A80004FEA481B9DF840500CF4780C4FEAC808A8
:107A90000BF47C4B9DF844705FFA88F84CEA0B0CB1
:107AA000DDE90E044CEA080C04FB060A002CCDF8B4
:107AB00004C002EB0A0E18DBA14516DD002807DB27
:107AC000864205DD12F80A8008EB4808984401E078
:107AD0000DF10408421C0BD4964209DD45B19EF815
:107AE000012002EB42021A4403E001AA904600E0A2
:107AF00001AA013419D4A14517DDB7B1002807DB6D
:107B0000864205DD1EF8064004EB44041C4400E0F8
:107B100001AC01300CD486420ADD4DB1B6449EF86A
:107B2000010000EB4000034403E001AB1C4600E011
:107B300001AB05FB07F6907898F80190A6EB071CBF
:107B4000C6EB051E0CF5807CC6EB07171FFA8EFEF0
:107B5000ACEB051C98F802500EFB00F0BFB21FFA08
:107B60008CFC0CFB0500A57807FB05009D7806FB47
:107B70000500557812780EFB05F500F478400EFBF1
:107B800002F20CFB095594F80190247807FB095583
:107B900093F801901B7806FB09556D0905F4FC6507
:107BA000284398F800500CFB052207FB042206FB33
:107BB0000323C3F3C42303430B8003B0BDE8F08F5A
:107BC0002DE9F04F8DB01B9D0B906868179CCDE997
:107BD0000912DDE91C2100FB0122296801EB4202A8
:107BE00007921E9A126808921E9A55680435C1E1E0
:107BF0001E9AB2F90810B2F90C204F1E21E0189815
:107C000026144FEA204004D4BE420ADA002804DADF
:107C100009E0B6F1FF3F0AD103E0561EB04214DB83
:107C200003E08E4203DA461C01DB904213DB199815
:107C3000013B1A9E0444189830441890079802306B
:107C40000790002BDBDC00F05681581E199E06FBC6
:107C50000046361401D59B46BCE001398E42FADA63
:107C600018991A9E06FB00100014F4D4013A9042B1
:107C7000C0F24181EFE7189BC4F303371E9A191431
:107C8000C3F30330D66822141E9B9B6806D403F10D
:107C9000FF3C62457EDA002905DA7DE0B2F1FF3F64
:107CA00040F08D8076E006F1FF3C614577DA1BB24B
:107CB00001FB0322089911F802908E1809EB49097B
:107CC00005EB09027FB196F801C00CEB4C0CAC44FB
:107CD00080B1F118F35C4E7803EB430306EB4606E4
:107CE0002B442E440CE040B1F35C164603EB4303F7
:107CF0002B4404E01646134602E01646134694460B
:107D000007FB00F89CF8021092F802A008F5807EAC
:107D1000AEEB071EC8EB0717AEEB001EBFB21FFA93
:107D20008EFEC8EB0010794380B20EFB0A1193F867
:107D300002A000FB0A1196F802A008FB0A1192F8B3
:107D400001A09CF8012001F47F419CF800C07A4317
:107D50006FF30A0107FB0CFC0EFB0A2293F801A04B
:107D60001B7800FB0A2296F801A008FB0A225209A0
:107D700002F4FC620A4315F809100EFB01CC3178BD
:107D800000FB03C308FB0133C3F3C4231343079A67
:107D9000138014E0934212DDB1F1FF3F0FDB8E42FE
:107DA0000DDD1BB236B200932B460196CDE904706F
:107DB000CDE902210B98DDE90712FFF757FE079B7B
:107DC0000BF1FF3B1A9A02330793199B1C44189B33
:107DD00013441893BBF1000F3FF74DAF8EE0189A94
:107DE0002014189914F4704FC2F303371E9A4FEA07
:107DF0002141C4F30338B2F9082002FB01010898BD
:107E000010F801A000EB01060AEB4A0A05EB0A0193
:107E10000FD096F801C00CEB4C0CAC4487B1B018F5
:107E2000B25C467802EB420206EB46062A442E4438
:107E30000CE047B1B25C0E4602EB42022A4404E079
:107E40000E460A4602E00E460A468C4608FB07F933
:107E50009CF8020091F802B0013B09F5807EAEEB80
:107E6000081EC9EB0818AEEB071E1FFA88F81FFAA8
:107E70008EFEC9EB071708FB00F0BFB20EFB0B002C
:107E800092F802B007FB0B0096F802B009FB0B005A
:107E900091F801B09CF8011000F47F409CF800C0FC
:107EA00008FB01F16FF30A0008FB0CFC0EFB0B1141
:107EB00092F801B0127807FB0B1196F801B009FB9C
:107EC0000B11490901F4FC61014315F80A000EFB8E
:107ED00000CC307807FB02C209FB0022C2F3C422A7
:107EE0000A43079921F8022B199A079114441A9909
:107EF000189A0A441892002B3FF771AF099B002B88
:107F000040DDB7EE007A169B30EE040A70EEA40A4C
:107F1000F0EE626AC7EE007A31EE051AFEEEC86A2C
:107F200016EE904AF0EE436AFEEEC86ACDED186A8E
:107F300020EEA77A61EE277A77EE622A37EEC33A0F
:107F4000FEEEC82ABEEEC83A12EE902AF0EE472A9C
:107F500092FBF3F313EE102A1993169BB0EE673AD7
:107F600092FBF3F31A93099B169A013B09930A9B20
:107F700018BF1346099A002A3FF73AAE0A9A002A18
:107F80003FF736AE0DB0BDE8F08F2DE9F04F85B06C
:107F9000DDE91060BDF938C00191002800FB0C61DB
:107FA000BDF93C909DF848709DF84C5002EB0108DB
:107FB0009DF850E014DB814512DD002E05DBB44551
:107FC00003DD525C53F8224000E00024721C0AD406
:107FD000944508DD4FB198F8012053F8221005E0D0
:107FE00000210C4602E0002100E03946013017D4A0
:107FF000814515DDBDB1002E06DBB44504DD18F862
:108000000C2053F8220000E0002001360ED4B445C5
:108010000CDD6FB1E04498F8012053F8222008E00D
:108020000022104605E02A46284602E0002200E031
:108030003A4605FB07F64FEA116A4FEA146BC6EBA6
:108040000713C6EB051C9BB24FEA10690093A6EB21
:108050000513009D1FFA8CFC03F580734FEA12682C
:108060000AFB05F5A3EB07139BB20BFB03550CFBB7
:10807000095506FB0855C5F3072715F47F4F0297EE
:1080800000F0B78004F0FF1704F47F44019D0BFB60
:1080900007F70BFB04F42D884FEA172B07F10117A4
:1080A0000BF0FF1BBB444FEA1B2B0BF0FF1701F03B
:1080B000FF1B01F47F410AFB0BFB0AFB01F1039755
:1080C00004F5807701F5807A07EB14270AEB11217C
:1080D00000F0FF1A00F47F404FEA1B2409FB0AFA64
:1080E0000BF1011B09FB00F004F0FF144FEA1A2901
:1080F0000AF1011A5C44090A09F0FF193F0A240A2F
:1081000001F47F41D14400F5807A04F0FF1407F4B4
:108110007F470AEB102002F0FF1A02F47F424FEA79
:10812000192908FB0AFA000A08FB02F209F0FF19F4
:108130004FEA1A280AF1011A00F47F4008F0FF18EC
:10814000C24402F5807808EB1228009A4FEA1A2AF6
:108150005443039A0AF0FF1A4FEA182803FB02441B
:10816000009A08F47F485143029A06FB0A4402FB36
:108170000EF203FB0711571CC2F30F220CFB09443C
:1081800012FA87F706FB08182A0A6FEA2727260E35
:108190000CFB008302F0F80216FB0EF6FFB2C3F3ED
:1081A000074302FB0766EA0813FB0EF3ED0002F03B
:1081B000FC02B6B2EDB202FB0733C4F30722701C17
:1081C00012FB0EF29BB200EB162005FB072200F417
:1081D000784092B2511C01EB1222591C01EB13237F
:1081E000C2F3C4225B09024303F4FC631343019A04
:1081F000138005B0BDE8F08F2DE9F04F9BB000274C
:10820000299D199068682E68259C0E9711971697DE
:10821000CDE917129DF8B4200A92DDE92A21CDE9B3
:10822000147700FB012206EB420209922C9A126895
:1082300013922C9A556804355CE32C9AB2F9081015
:10824000B2F90C2001F1FF3E23E026985FEA244CAE
:108250004FEA204004D4F4450BDA002804DA0AE09F
:10826000BCF1FF3F0BD104E002F1FF3C604514DBA1
:1082700003E08C4503DA461C01DB904214DB2798AF
:10828000013B289E044426983044269009980230E9
:108290000990002BD9DC00F0EE82581E279E06FBC9
:1082A000004C5FEA2C4C01D59B4682E101398C459C
:1082B000FADA2699289E06FB00100014F4D4013A3D
:1082C0009042C0F2D882EFE7269BC4F303324FEA14
:1082D000234EC3F303312C9BD3E9020C231408D49F
:1082E00000F1FF38434580F24181BEF1000F04DA0E
:1082F0003EE15E1C40F0528138E10CF1FF38C6458A
:1083000080F239810FFA80FC13980EFB0C3300EBDE
:10831000030EC35C55F82330180EBAB19EF80170F5
:1083200055F82760370E0D96C1B10EEB0C081EF8FC
:108330000CC055F82C6098F801C00B96360E0E96BE
:1083400055F82C600F96360E149607E031B11EF8E2
:108350000CC055F82C600B96360E0E9602FB01FEF3
:108360000E9E0EF5807CCEEB0219CEEB0118ACEB25
:10837000021C1FFA89F9ACEB011C09FB07F11FFA7B
:1083800088F81FFA8CF202FB001108FB0611149EFC
:108390000EFB061111F47F4FC1F3072C00F0FE8095
:1083A000FF2819D003F0FF1A03F47F4300FB0AFAF9
:1083B00043434FEA1A200AF1011A03F5807100F0D5
:1083C000FF1001EB13215044090A000A01F47F4118
:1083D00000F0FF1040EA0103FF2F1AD00D990D980D
:1083E00001F0FF1100F47F4A794307FB0AFA080AFB
:1083F00001F1011100F0FF1008440AF5807101EB52
:108400001A21000A090A00F0FF1001F47F4101431C
:108410000D910E99FF291CD00B990E9801F0FF11B8
:1084200041430B9800F47F4A0E9800FB0AFA080AB1
:1084300001F1011100F0FF1008440AF5807101EB11
:108440001A21000A090A00F0FF1001F47F410143DC
:108450000B911499FF291CD00F99149801F0FF116A
:1084600041430F9800F47F4A149800FB0AFA080A67
:1084700001F1011100F0FF1008440AF5807101EBD1
:108480001A21000A090A00F0FF1001F47F4101439C
:108490000F910D9903F0FF1003F47F430A9E01F042
:1084A000FF1109FB01F102FB00110B9800F0FF1016
:1084B00008FB00110F9800F0FF100EFB00110D9843
:1084C00000F47F4009FB00F002FB03000B9B0A0E47
:1084D000C1F3072103F47F4312FB06F208FB0300FC
:1084E0000F9B11FB06F103F47F430EFB0300099B76
:1084F000B3F800E0C0F307400A9B10FB06F00CFB4A
:1085000003FC0CF10103CCF30F2C1CFA83F34FEAAC
:108510001E2C6FEA23230CF0F80CDBB20CFB0322B9
:108520004FEADE0C4FEACE0E92B20CF0FC0C5FFA72
:108530008EFE0CFB03000EFB0311531C80B289B2AC
:1085400003EB12224B1C02F47F4203EB11236FF367
:108550000A02C3F3C4231343421C02EB1022520944
:1085600002F4FC621343099A138017E0984215DD68
:10857000BEF1FF3F12DBF44510DD00B20A9E02930C
:108580000FFA8CF3009001932B461998CDE905164C
:10859000CDE903E20999139AFFF7F7FC099B0BF168
:1085A000FF3B289A02330993279B1C44269B1344C4
:1085B0002693BBF1000F3FF787AE5FE1269A4FEAA3
:1085C000244C139E14F4704FC2F303302C9AC4F35E
:1085D000033EB2F90810269A4FEA224201FB02C27A
:1085E00006EB0208B25C55F822204FEA126C18D054
:1085F00098F8019055F829601096360E1596C0B17E
:1086000008EB010918F8011055F821100C91090E1A
:10861000119199F8011055F821101291090E169137
:1086200007E030B118F8011055F821100C91090E2F
:1086300011910EFB00F8119E08F58071C8EB0E1A1F
:10864000C8EB0019A1EB0E111FFA8AFAA1EB001179
:1086500015981FFA89F989B20AFB00F001FB0C009A
:1086600009FB0600169E08FB060010F47F4FC0F3BE
:10867000072E00F0F680BCF1FF0F1BD002F0FF1BAD
:1086800002F47F420CFB0BFB0CFB02F24FEA1B2CAB
:108690000BF1011B02F580700CF0FF1C00EB1220A7
:1086A000DC44000A4FEA1C2C00F47F400CF0FF1C55
:1086B0004CEA00021598FF281FD01098159E00F074
:1086C000FF107043109E4FEA102C06F47F4B159E4E
:1086D00000F101100CF0FF1C06FB0BFB84440BF5B2
:1086E00080704FEA1C2C00EB1B200CF0FF1C000AD2
:1086F00000F47F404CEA000010901198FF281FD032
:108700000C98119E00F0FF1070430C9E4FEA102C45
:1087100006F47F4B119E00F101100CF0FF1C06FBCC
:108720000BFB84440BF580704FEA1C2C00EB1B20E4
:108730000CF0FF1C000A00F47F404CEA00000C9093
:108740001698FF281FD01298169E00F0FF10704355
:10875000129E4FEA102C06F47F4B169E00F101107A
:108760000CF0FF1C06FB0BFB84440BF580704FEAFA
:108770001C2C00EB1B200CF0FF1C000A00F47F40B7
:108780004CEA00001290109802F0FF1C0C9E02F4BC
:108790007F4200F0FF100AFB00F001FB0C0006F026
:1087A000FF1C129E09FB0C0006F0FF1C109E08FB2C
:1087B0000C0006F47F4C0A9E0AFB0CFC01FB02CC69
:1087C0000C9A010EC0F3072002F47F4211FB06F160
:1087D00009FB02CC129A10FB06F002F47F4208FB60
:1087E00002CC099AB2F80080CCF3074C0A9A1CFB21
:1087F00006FC0EFB02FE0EF10102CEF30F2E1EFA56
:1088000082F24FEA182E6FEA22220EF0F80ED2B250
:108810000EFB02114FEAD80E4FEAC80889B20EF0DB
:10882000FC0E5FFA88F80EFB02CC08FB02004A1C23
:108830001FFA8CFC80B202EB1121421C01F47F4133
:1088400002EB10226FF30A01C2F3C4220A430CF1B7
:10885000010101EB1C21490901F4FC610A4309995A
:108860000A80099A013B289902320992279A1444F6
:10887000269A0A442692002B3FF7A0AE179B002BA6
:1088800040DDB7EE007A249B30EE040A70EEA40AB5
:10889000F0EE626AC7EE007A31EE051AFEEEC86AA3
:1088A00016EE904AF0EE436AFEEEC86ACDED266AF7
:1088B00020EEA77A61EE277A77EE622A37EEC33A86
:1088C000FEEEC82ABEEEC83A12EE902AF0EE472A13
:1088D00092FBF3F313EE102A2793249BB0EE673A32
:1088E00092FBF3F32893179B249A013B1793189B51
:1088F00018BF1346179A002A3FF79FAC189A002A10
:108900003FF79BAC1BB0BDE8F08F2DE9F04F89B06D
:1089100002910988BDF948C00D0ABDF94C809DF847
:10892000587005F0F8059DF85C000395CD08C90066
:1089300005F0FC05C9B204950591DDE9144606FB76
:108940000C41002E02EB010E14DBB04512DD002CB1
:1089500005DBA44503DD525C53F8225000E00025FE
:10896000621C0AD4944508DD4FB19EF8012053F8EB
:10897000221005E000210D4602E0002100E039460A
:10898000013617D4B04515DDB8B1002C0EEB0C0242
:1089900006DBA44504DD1EF80C6053F8266000E0F9
:1089A000002601340CD4A4450ADD5FB1527853F897
:1089B000224008E00024264605E00446064602E080
:1089C000002400E03C4607FB00FE4FEA156B230E37
:1089D000CEEB0018AEEB00100193CEEB071905F4B7
:1089E0007F4300F580700A0E0BFB03F34FEA166A13
:1089F000A0EB071005F0FF171FFA89F90BFB07F72B
:108A000080B21FFA88F83D0A07F1011705F0FF153B
:108A10003D4406F0FF172D0A0AFB07F705F0FF1586
:108A2000069503F5807505EB13252B0A01F0FF155C
:108A30005543079301F47F43290A05F10115534378
:108A400001F0FF1109FB02F2294403F5807500FBD8
:108A50000B2205EB132506F47F433E0A07F10117AD
:108A60000AFB03F3090A06F0FF162D0A03F5807CC2
:108A700001F0FF113E44270E0CEB132C04F0FF1302
:108A800004F47F4409FB01F17B4305F47F457C43FB
:108A9000360A1F0A03F1011309FB05F54FEA1C2CE6
:108AA00007F0FF1706F0FF160CF47F4C08FB0A22B4
:108AB0001F4404F5807303EB1423069C3F0A00FB5C
:108AC0000411079C1B0A07F0FF1704F47F4403F40A
:108AD0007F430EFB071100FB0455059C08FB0611A4
:108AE00003980EFB0353090A08FB0C3301F0FF1136
:108AF0001B0A03F47F430B4301990EFB01220499E7
:108B00006FEA2222D2B25143504362434C1C090AFD
:108B100011FA84F4190A01EB1421441C000AC9005B
:108B200010FA84F4180C01F4FC6100EB142000022C
:108B300000F478400143501C120A12FA80F203EB51
:108B40001223029AC3F3C4030B43138009B0BDE898
:108B5000F08F00002DE9F04F97B00027259D15906C
:108B600068682E68219C0A970D971297CDE9131219
:108B7000DDE92621CDE9107700FB012206EB420258
:108B80000692289A12680F92289A556804355DE378
:108B9000289AB2F90810B2F90C2001F1FF3E23E047
:108BA00022985FEA244C4FEA204004D4F4450BDAC3
:108BB000002804DA0AE0BCF1FF3F0BD104E002F127
:108BC000FF3C604514DB03E08C4503DA461C01DB07
:108BD000904214DB2398013B249E044422983044A5
:108BE0002290069802300690002BD9DC00F0EF822C
:108BF000581E239E06FB004C5FEA2C4C01D59B4679
:108C000080E101398C45FADA2299249E06FB001096
:108C10000014F4D4013A9042C0F2D982EFE7229BCB
:108C2000C4F303324FEA234EC3F30331289BD3E945
:108C3000020C231408D400F1FF38434580F241812F
:108C4000BEF1000F04DA3EE15E1C40F0508138E1D5
:108C50000CF1FF38C64580F239810FFA80FC0F987D
:108C60000EFB0C3300EB030EC35C55F82330180EDB
:108C7000BAB19EF8017055F82760370E0996C1B158
:108C80000EEB0C081EF80CC055F82C6098F801C0CB
:108C90000796360E0A9655F82C600B96360E1096EF
:108CA00007E031B11EF80CC055F82C600796360E5F
:108CB0000A9602FB01FE0A9E0EF5807CCEEB02199D
:108CC000CEEB0118ACEB021C1FFA89F9ACEB011CCE
:108CD00009FB07F11FFA88F81FFA8CF202FB00115A
:108CE00008FB0611109E0EFB061111F47F4FC1F315
:108CF000072C00F0FC80FF2819D003F0FF1A03F4C2
:108D00007F4300FB0AFA43434FEA1A200AF1011A93
:108D100003F5807100F0FF1001EB13215044090AA4
:108D2000000A01F47F4100F0FF1040EA0103FF2F29
:108D30001AD00999099801F0FF1100F47F4A79438C
:108D400007FB0AFA080A01F1011100F0FF100844BC
:108D50000AF5807101EB1A21000A090A00F0FF10E0
:108D600001F47F41014309910A99FF291CD0079919
:108D70000A9801F0FF114143079800F47F4A0A98CE
:108D800000FB0AFA080A01F1011100F0FF10084483
:108D90000AF5807101EB1A21000A090A00F0FF10A0
:108DA00001F47F41014307911099FF291CD00B99D1
:108DB000109801F0FF1141430B9800F47F4A10987E
:108DC00000FB0AFA080A01F1011100F0FF10084443
:108DD0000AF5807101EB1A21000A090A00F0FF1060
:108DE00001F47F4101430B91099803F0FF1103F453
:108DF0007F436FEA0C0C00F0FF105E4E5FFA8CFCB4
:108E000009FB00F002FB0100079901F0FF1108FBCC
:108E100001000B9901F0FF110EFB0100099901F40B
:108E20007F41000A09FB01F100F0FF1002FB031172
:108E3000079B069A03F47F43128808FB03110B9BE0
:108E400003F47F430EFB03114FEA122E0B0A0EF0C0
:108E5000F80ED108D2000EFB0CFE01F0FC0103F469
:108E60007F43D2B201FB0CF1034302FB0CF20EF183
:108E7000010C4FEA1E2E000C1EFA8CFE01F1010CB3
:108E8000C1F30F2100EB2E2011FA8CF14FEA132CC5
:108E9000C0B20CEB212C511CC2F30F2206EA0020B9
:108EA0004FEACC0C12FA81F1069A0CF4FC6C03EB3D
:108EB000212340EA0C0CC3F3C40343EA0C031380E0
:108EC00015E0984213DDBEF1FF3F10DBF4450EDDE7
:108ED00000B2CDE9023E0FFA8CF300901598019391
:108EE0002B46CDE904210F9A0699FFF70EFD069B4C
:108EF0000BF1FF3B249A02330693239B1C44229BD5
:108F000013442293BBF1000F3FF789AE62E1229A2E
:108F10004FEA244C0F9E14F4704FC2F30330289A8A
:108F2000C4F3033EB2F90810229A4FEA224201FB31
:108F300002C206EB0208B25C55F822204FEA126C1E
:108F40001AD098F8019055F829600C96360E1196B3
:108F5000D0B108EB010918F8011055F8211008915B
:108F6000090E0D9199F8011055F821100E91090E76
:108F7000129109E000F8FFFF30B118F8011055F820
:108F800021100891090E0D910EFB00F80D9E08F5B9
:108F90008071C8EB0E1AC8EB0019A1EB0E111FFA75
:108FA0008AFAA1EB001111981FFA89F989B20AFB1C
:108FB00000F001FB0C0009FB0600129E08FB0600F6
:108FC00010F47F4FC0F3072E00F0F780BCF1FF0FC5
:108FD0001BD002F0FF1B02F47F420CFB0BFB0CFBCF
:108FE00002F24FEA1B2C0BF1011B02F580700CF012
:108FF000FF1C00EB1220DC44000A4FEA1C2C00F49A
:109000007F400CF0FF1C4CEA00021198FF281FD093
:109010000C98119E00F0FF1070430C9E4FEA102C2C
:1090200006F47F4B119E00F101100CF0FF1C06FBB3
:109030000BFB84440BF580704FEA1C2C00EB1B20CB
:109040000CF0FF1C000A00F47F404CEA00000C907A
:109050000D98FF281FD008980D9E00F0FF10704358
:10906000089E4FEA102C06F47F4B0D9E00F1011074
:109070000CF0FF1C06FB0BFB84440BF580704FEAE1
:109080001C2C00EB1B200CF0FF1C000A00F47F409E
:109090004CEA000008901298FF281FD00E98129EEC
:1090A00000F0FF1070430E9E4FEA102C06F47F4B29
:1090B000129E00F101100CF0FF1C06FB0BFB844418
:1090C0000BF580704FEA1C2C00EB1B200CF0FF1CF2
:1090D000000A00F47F404CEA00000E900C9E02F063
:1090E000FF1002F47F426FEA0E0E06F0FF1C5FFADB
:1090F0008EFE0AFB0CFC01FB00CC089800F0FF1070
:1091000009FB00CC0E9800F0FF1008FB00CC06F421
:109110007F40544E0AFB00F04FEA1C2C01FB02007A
:10912000089A06990CF0FF1C02F47F42098809FB9B
:1091300002000E9A02F47F4208FB02004FEA112857
:10914000020A08F0F808C808C90008FB0EF800F089
:10915000FC0002F47F42C9B200FB0EF04CEA0202AE
:1091600001FB0EF108F1010E4FEA18284FEA1C4CE2
:1091700018FA8EF800F1010EC0F30F200CEB282C2A
:1091800010FA8EF04FEA122E5FFA8CFC0EEB202EB6
:10919000481CC1F30F2106EA0C2C4FEACE0E11FA3F
:1091A00080F006990EF4FC6E02EB20224CEA0E0EC3
:1091B000C2F3C40242EA0E020A80069A013B2499D5
:1091C00002320692239A1444229A0A442292002BD5
:1091D0003FF79DAE139B002B40DDB7EE007A209B3E
:1091E00030EE040A70EEA40AF0EE626AC7EE007A6E
:1091F00031EE051AFEEEC86A16EE904AF0EE436AAA
:10920000FEEEC86ACDED226A20EEA77A61EE277ADB
:1092100077EE622A37EEC33AFEEEC82ABEEEC83AAF
:1092200012EE902AF0EE472A92FBF3F313EE102A87
:109230002393209BB0EE673A92FBF3F32493139BA6
:10924000209A013B1393149B18BF1346139A002ACC
:109250003FF79EAC149A002A3FF79AAC17B0BDE8CE
:10926000F08F00BF00F8FFFF2DE9F04F85B09C465E
:10927000DDE910709DF85050BDF938600028019567
:1092800000FB0675BDF93CA0039102EB45039DF878
:1092900048109DF84C400CEB0509029350DB8245C9
:1092A0004EDD002F21DBBE421FDD1CF805E04FF62E
:1092B0001F0C32F815304FEADE0223F4FC6503F48C
:1092C000FC636A430EFB03F30CEA521502F601023B
:1092D000154403F1200202EB13230CEA55151B0A77
:1092E00003F4FC632B43009303E04FF0000ECDF832
:1092F00000E07B1C29D49E4227DD49B3029B4FF638
:109300001F0B99F80120B3F802C0D3082CF4FC68B5
:109310000CF4FC6C03FB08F802FB0CFC0BEA581382
:1093200008F6010843440CF1200808EB1C280BEA5E
:1093300053134FEA182808F4FC6843EA080309E0CD
:10934000002296461346009204E00022134601E0F4
:109350000A460B46013055D4824553DD002C56D0C9
:10936000002F24DBBE4222DD02984FF61F0B19F8B6
:1093700006C030F816804FEADC0028F4FC6A08F4D6
:10938000FC6800FB0AFA0CFB08F80BEA5A100AF614
:10939000010A504408F1200A0AEB182A0BEA50107F
:1093A0004FEA1A2A0AF4FC6A40EA0A0002E04FF087
:1093B000000C604601372FD4BE422DDD79B3013653
:1093C000029D4FF61F0A19F8067035F81680FE0840
:1093D00028F4FC6908F4FC6806FB09F907FB08F8A7
:1093E0000AEA591609F601094E4408F1200909EB69
:1093F00018280AEA56164FEA182808F4FC6846EAC4
:1094000008060EE00027BC463E46384609E02746DF
:10941000A4462646204604E000273E4601E00F46CB
:109420000E46009D11FB04F94FEA034B23F4FC6345
:109430004FEA054A25F4FC65C9F3C7080BF0FC6B3D
:109440000AF0FC6A4BEA0303C8EB410B4AEA050544
:10945000C4F1100A0BFB03F3AAEB010A08EB4A0A5A
:109460000AFB0533350426F4FC6605F0FC6535433C
:10947000A9EB041608FB0535030420F4FC60C8EBD7
:10948000440803F0FC6306F58076C9EB041403433B
:10949000A6EB0116A4B208FB0358039BB6B21888CA
:1094A000C9EB01134FEA58559BB24FEA581805F41F
:1094B000FC655343019A28F4FC68010A0EFB06334D
:1094C000019E45EA080501F0F8010CFB043309FB95
:1094D0000733C3F3072353435C1CC3F30F2313FA6F
:1094E00084F4C5F307236FEA242403F0F803E4B2FD
:1094F00011FB04F103FB0211C208C5F3CC03ED001C
:1095000002F0FC0289B203F0FC0305F0F80512FB3F
:1095100004F203FB0622C300481C92B200EB1121A7
:10952000DBB2501C01F4784113FB04F300EB122270
:1095300005FB063352099BB202F4FC6211435A1C2C
:1095400002EB1323039AC3F3C4230B43138005B028
:10955000BDE8F08F2DE9F04F95B0239C12920022C8
:109560001390109160680A920F922468209D9DF8D4
:109570009C60CDE90D22DDE9242100FB012204EBF2
:1095800042020992269A12680B92269A52680C920D
:109590008BE3269AB2F90810B2F90C2001F1FF3CD6
:1095A0001FE01F9F28143F1404D4674509DA0028E0
:1095B00003DA08E07C1C0AD103E0571EB84214DB32
:1095C00003E08F4203DA471C01DB904214DB1F9853
:1095D000013B219F38441F9022980544099802308E
:1095E0000990002BDDDC00F01D83581E1F9F219C7D
:1095F00004FB00773F1401D59B46A6E101398F4259
:10960000FADA229901FB00500014F5D4013A904295
:10961000C0F20883F0E71F9B2F141F9CC5F3033093
:10962000C3F30331269A269B5FEA244ED2689B68D7
:1096300007D403F1FF3CE64580F26681002F05DA8E
:1096400064E1BEF1FF3F40F075815DE102F1FF3C56
:10965000674580F25D810FFA83FC0C9B07FB0CE2EF
:1096600003EB020813F802900B0198F801E0C3F530
:109670008077BFB2F0B118F80C4008EB0C0A00FB81
:1096800001F8A7EB00170A94A3EB080347449AF8E4
:1096900001409BB2BFB20D940EFB03F30A9C09FB81
:1096A0000733C8EB0017BFB204FB07330D9C08FB60
:1096B000043303E00EFB03F309FB0733C3F3072373
:1096C000002B00F037810B9CB9F1FF0F04EB42082F
:1096D00034F812701BD04FEAD90A27F4FC6207F461
:1096E000FC670AFB02F24FF61F0A09FB07F70AEABA
:1096F000521902F60102914407F1200202EB1722EF
:109700000AEA5919120A02F4FC6249EA0207BEF198
:10971000FF0FB8F802201BD04FEADE0A22F4FC69E2
:1097200002F4FC620AFB09F90EFB02FE4FF61F026F
:1097300002EA591A09F60109CA440EF1200902EA9F
:109740005A1A09EB1E22120A02F4FC624AEA0202C9
:109750004FEA074E27F4FC670EF0FC6E4EEA070E48
:10976000170422F4FC6207F0FC671743002873D04B
:109770000A9C08EB4C0938F81C20FF2C1BD022F463
:10978000FC6C4FEAD4084FF61F0A02F4FC6208FB97
:109790000CFC62430AEA5C180CF6010CE04402F18E
:1097A000200C0CEB122C0AEA58184FEA1C2C0CF473
:1097B000FC6C48EA0C020D9CB9F802C0FF2C1CD0CE
:1097C0002CF4FC684FEAD4094FF61F0A0CF4FC6C29
:1097D00009FB08F804FB0CFC0AEA581908F6010812
:1097E000C1440CF1200808EB1C280AEA59194FEA79
:1097F000182808F4FC6849EA080C10FB01F9C0F1CC
:1098000010084000A8EB01084900A0EBD900A1EB2B
:10981000D9014FEA48087943170408EBD90822F424
:10982000FC6207F0FC674FEAE90A0EFB08113A43B5
:1098300000FB02104FEA0C422CF4FC6C02F0FC62BC
:1098400042EA0C020AFB0202510D520901F4FC61CA
:1098500022F4FC620A430DE0C1F110024F430EFBFB
:109860000277C7F30A52C7F31A1702F4FC6227F40F
:10987000FC673A4306EA030192B2FF2941D07343E1
:1098800009994FEAD20C5F1CC3F30F2309880CF02F
:10989000FC0C13FA87F7130A080A6FEA272703F06C
:1098A000F80300F0F800D200FFB2D2B210FB07F0CC
:1098B00003FB0600CB08C90003F0FC0380B2C9B269
:1098C00013FB07F311FB07F10CFB063302FB061138
:1098D000421C9BB202EB10205A1C89B200F47F405C
:1098E00002EB13224B1C6FF30A00520903EB112306
:1098F00002F4FC62C3F3C42302431343099A1380A6
:1099000018E0099B1A8015E0734513DD7C1C11DB00
:10991000BA420FDD12B2CDF808E01BB201920093FB
:10992000CDE90506CDE90371DDE90B23099913980B
:10993000FFF79AFC099B0BF1FF3B219A0233099335
:109940001F9B13441F93229B1D44BBF1000F3FF745
:1099500062AE6EE11F9B15F4704F1F99C5F3033C77
:10996000C3F30332269B4FEA214AB3F908704FEA4A
:10997000254307FB03AA0C9B03EB0A0913F80A0013
:109980004FEA021399F80180C3F5807189B21ED0A5
:1099900019F8074009EB070B0CFB02F9A1EB0C11BE
:1099A0000E94A3EB090349449BF801409BB289B292
:1099B0000F9408FB03F30E9C00FB0133C9EB0C1161
:1099C00089B204FB01330F9909FB013303E008FB63
:1099D00003F300FB0133C3F30723002B00F01581D1
:1099E0000B99FF2801EB4A0931F81A1018D04FEAF9
:1099F000D00B21F4FC6A0BFB0AFA01F4FC6B00FBB0
:109A00000BFB0EEA5A110AF6010A0BF12000514431
:109A100000EB1B200EEA5111000A00F4FC60014328
:109A2000B8F1FF0FB9F8020019D04FEAD80B20F4B3
:109A3000FC6A0BFB0AFA00F4FC6B08FB0BFB0EEA5A
:109A40005A100AF6010A0BF12008824408EB1B2089
:109A50000EEA5A1A000A00F4FC604AEA00004FEAD3
:109A6000014821F4FC614FEA004A20F4FC6008F050
:109A7000FC680AF0FC6A48EA01014AEA000ABCF103
:109A8000000F6AD00E9C09EB470839F81700FF2C2D
:109A900018D020F4FC674FEAD40900F4FC6009FBFD
:109AA00007F760430EEA571907F60107B94400F1BA
:109AB000200707EB10270EEA59193F0A07F4FC6745
:109AC00049EA07000F9CB8F80270FF2C19D027F460
:109AD000FC684FEAD40907F4FC6709FB08F8674300
:109AE0000EEA581908F60108C14407F1200808EBEE
:109AF00017280EEA59194FEA182808F4FC6849EAB1
:109B000008071CFB02F9CCF110084FEA4C0CA8EB3B
:109B100002085200ACEBD90C4FEA4808A2EBD9027C
:109B200008EBD9080AFB02F24FEAE90B01FB082215
:109B3000010420F4FC6001F0FC6108430CFB002CE4
:109B40003A0427F4FC6702F0FC623A430BFB02C2C2
:109B5000510D520901F4FC610BE0C2F110000AFB47
:109B600002F201FB0022C2F30A51C2F31A1201F4FD
:109B7000FC6122F4FC620A4306EA0301FF2992B267
:109B800041D0734309994FEAD20C5F1CC3F30F23F2
:109B900009880CF0FC0C13FA87F7130A080A6FEA1D
:109BA000272703F0F80300F0F800D200FFB2D2B28A
:109BB00010FB07F003FB0600CB08C90003F0FC0311
:109BC00080B2C9B213FB07F311FB07F10CFB06339C
:109BD00002FB0611421C9BB202EB10205A1C89B2F8
:109BE00000F47F4002EB13224B1C6FF30A00520972
:109BF00003EB112302F4FC62C3F3C42302431343B7
:109C0000099A138001E0099B1A80099B219A02336B
:109C100009931F9B13441F93229B1D44119B013BDF
:109C2000119302E04FF61F0E1193119B002B3FF78B
:109C300091AE109B002B40DDB7EE007A1E9B30EEFC
:109C4000040A70EEA40AF0EE626AC7EE007A31EE02
:109C5000051AFEEEC86ACDED1F6AF0EE436AFEEE0D
:109C6000C86A16EE905A20EEA77A61EE277A77EE50
:109C7000622A37EEC33AFEEEC82ABEEEC83A12EEAA
:109C8000902AF0EE472A92FBF3F313EE102A219369
:109C90001E9BB0EE673A92FBF3F32293109B1E9A41
:109CA000013B1093129B18BF1346109A002A3FF7EE
:109CB00070AC129A002A3FF76CAC15B0BDE8F08F7B
:109CC0002DE9F04F85B09C46DDE91070BDF9386094
:109CD0000028039100FB0675BDF93CA09DF84810D3
:109CE00003EB45039DF84C4002EB0509029350DB62
:109CF00082454EDD002F21DBBE421FDD12F805E05C
:109D00003CF815204FEADE0322F4FC6502F4FC6205
:109D10006B434FF61F050EFB02F205EA531C03F6D8
:109D200001039C4402F1200303EB122305EA5C15B6
:109D30001B0A03F4FC632B43019303E04FF0000E76
:109D4000CDF804E07B1C29D49E4227DD49B3029B59
:109D50004FF61F0B99F80120B3F802C0D3082CF47A
:109D6000FC680CF4FC6C03FB08F802FB0CFC0BEA2F
:109D7000581308F6010843440CF1200808EB1C288E
:109D80000BEA53134FEA182808F4FC6843EA080367
:109D900009E0002296461346019204E00022134691
:109DA00001E00A460B46013055D4824553DD002CB4
:109DB00056D0002F24DBBE4222DD02984FF61F0B47
:109DC00019F806C030F816804FEADC0028F4FC6A67
:109DD00008F4FC6800FB0AFA0CFB08F80BEA5A10BE
:109DE0000AF6010A504408F1200A0AEB182A0BEA85
:109DF00050104FEA1A2A0AF4FC6A40EA0A0002E00C
:109E00004FF0000C604601372FD4BE422DDD79B3F0
:109E10000136029D19F8067035F81690FE0829F4EF
:109E2000FC6809F4FC6906FB08F84FF61F0607FBFF
:109E300009F906EA581A08F60108C24409F120088F
:109E400008EB192806EA5A164FEA182808F4FC68A5
:109E500046EA08060EE00027BC463E46384609E0C2
:109E60002746A4462646204604E000273E4601E059
:109E70000F460E46019D11FB04F94FEA034B23F4F4
:109E8000FC634FEA054A25F4FC65C9F3C7080BF0EB
:109E9000FC6B0AF0FC6A4BEA0303C8EB410B4AEA8D
:109EA0000505C4F1100A0BFB03F3AAEB010A08EB4A
:109EB0004A0A0AFB0533350426F4FC6605F0FC6506
:109EC000354308FB0533050420F4FC60C8EB440867
:109ED00005F0FC65284308FB0033A9EB0418C9EB27
:109EE0000414580D08F580785B0900F4FC60A8EBB9
:109EF000011823F4FC63A4B21FFA88F81843039BEB
:109F00001E88C9EB011385B29BB2ED005343320AA0
:109F10000EFB083302F0F8020CFB0433F408F600E1
:109F200009FB073304F0FC04F6B26FEA2323DBB22B
:109F30005A435C43511C120A734312FA81F1C0F375
:109F4000072222F0070202EB2122120202F47841DA
:109F5000621CC4F30F2414FA82F4C0F3CC0222F082
:109F6000030202EB2422D20002F4FC620A43591CD1
:109F7000C3F30F2313FA81F305EB2325039BC5F3EA
:109F8000C40515431D8005B0BDE8F08F2DE9F04FE5
:109F900091B01F9C0E9200220F900C916068069267
:109FA0000B9224681C9ECDE90922DDE9202100FBEB
:109FB000012204EB4204229A12680792229A526804
:109FC000089262E3229AB2F90810B2F90C2001F16A
:109FD000FF3C1DE01B9D30142F1404D4674509DAA3
:109FE000002803DA08E07D1C0AD103E0571EB842BE
:109FF00012DB03E08F4203DA471C01DB904212DBE5
:10A000001D98013B1B9D023405441E9806441B9578
:10A01000002BDFDC00F0F682581E1D9F1B9D07FB06
:10A0200000573F1401D59B4690E101398F42FADA7F
:10A030001E9901FB00600014F5D4013A9042C0F271
:10A04000E182F0E71B9B37141B9DC6F30330C3F37B
:10A050000331229A229B5FEA254ED2689B6807D47F
:10A0600003F1FF3CE64580F25481002F05DA52E10E
:10A07000BEF1FF3F40F061814BE102F1FF3C6745DB
:10A0800080F24B810FFA83FC089B07FB0CE203EB89
:10A09000020813F802900B0198F801E0C3F58077ED
:10A0A000BFB2F0B118F80C5008EB0C0A00FB01F835
:10A0B000A7EB00170695A3EB080347449AF8015055
:10A0C0009BB2BFB209950EFB03F3069D09FB073354
:10A0D000C8EB0017BFB205FB0733099D08FB05332A
:10A0E00003E00EFB03F309FB0733C3F30723002B45
:10A0F00000F02381079DB9F1FF0F05EB420835F809
:10A1000012701BD04FEAD90A27F4FC6207F4FC67EF
:10A110000AFB02F24FF61F0A09FB07F70AEA521977
:10A1200002F60102914407F1200202EB17220AEA2B
:10A130005919120A02F4FC6249EA0207BEF1FF0F44
:10A14000B8F802201BD04FEADE0A22F4FC6902F4C0
:10A15000FC620AFB09F90EFB02FE4FF61F0202EA3F
:10A16000591A09F60109CA440EF1200902EA5A1ADD
:10A1700009EB1E22120A02F4FC624AEA02024FEACA
:10A18000074E27F4FC670EF0FC6E4EEA070E17042C
:10A1900022F4FC6207F0FC671743002873D0069D89
:10A1A00008EB4C0938F81C20FF2D1BD022F4FC6C66
:10A1B0004FEAD5084FF61F0A02F4FC6208FB0CFCBC
:10A1C0006A430AEA5C180CF6010CE04402F1200C28
:10A1D0000CEB122C0AEA58184FEA1C2C0CF4FC6CFD
:10A1E00048EA0C02099DB9F802C0FF2D1CD02CF4DE
:10A1F000FC684FEAD5094FF61F0A0CF4FC6C09FB0A
:10A2000008F805FB0CFC0AEA581908F60108C144D5
:10A210000CF1200808EB1C280AEA59194FEA182803
:10A2200008F4FC6849EA080C10FB01F9C0F11008B9
:10A230004000A8EB01084900A0EBD900A1EBD9012F
:10A240004FEA48087943170408EBD90822F4FC6266
:10A2500007F0FC674FEAE90A0EFB08113A4300FBDE
:10A2600002104FEA0C422CF4FC6C02F0FC6242EA51
:10A270000C020AFB0202510D520901F4FC6122F4A6
:10A28000FC620A430DE0C1F110024F430EFB02775E
:10A29000C7F30A52C7F31A1702F4FC6227F4FC67EB
:10A2A0003A43FF2B92B200D131E02788DB43D44DF3
:10A2B000380ADBB2F90800F0F800FF00584301F05B
:10A2C000FC01FFB259437B43471C000A10FA87F791
:10A2D000100A20F0070000EB17204F1C090AC0B23B
:10A2E00011FA87F7D10805EA002021F00301D20016
:10A2F00001EB1721C90001F4FC610143581C1B0A42
:10A3000013FA80F302EB1322C2F3C4020A43228041
:10A3100013E0734511DD7D1C0FDBBA420DDD12B277
:10A320001BB201920093CDE90410DDE9073221460A
:10A330000F98CDE902E7FFF7C3FC1D9B02341B9A7F
:10A340000BF1FF3B1A441E9B1E441B92BBF1000FF6
:10A350003FF778AE5DE11B9B16F4704F1B99C6F377
:10A36000033CC3F30332229B4FEA214AB3F908703E
:10A370004FEA264307FB03AA089B03EB0A0913F8DD
:10A380000A004FEA021399F80180C3F5807189B27F
:10A390001ED019F8075009EB070B0CFB02F9A1EBD3
:10A3A0000C110A95A3EB090349449BF801509BB299
:10A3B00089B20B9508FB03F30A9D00FB0133C9EB3F
:10A3C0000C1189B205FB01330B9909FB013303E042
:10A3D00008FB03F300FB0133C3F30723002B00F05A
:10A3E00004810799FF2801EB4A0931F81A1018D0A7
:10A3F0004FEAD00B21F4FC6A0BFB0AFA01F4FC6B68
:10A4000000FB0BFB0EEA5A110AF6010A0BF12000C1
:10A41000514400EB1B200EEA5111000A00F4FC60CD
:10A420000143B8F1FF0FB9F8020019D04FEAD80B79
:10A4300020F4FC6A0BFB0AFA00F4FC6B08FB0BFB34
:10A440000EEA5A100AF6010A0BF12008824408EBC2
:10A450001B200EEA5A1A000A00F4FC604AEA0000C7
:10A460004FEA014821F4FC614FEA004A20F4FC6005
:10A4700008F0FC680AF0FC6A48EA01014AEA000AAE
:10A48000BCF1000F6AD00A9D09EB470839F81700A4
:10A49000FF2D18D020F4FC674FEAD50900F4FC60CA
:10A4A00009FB07F768430EEA571907F60107B94495
:10A4B00000F1200707EB10270EEA59193F0A07F4AD
:10A4C000FC6749EA07000B9DB8F80270FF2D19D010
:10A4D00027F4FC684FEAD50907F4FC6709FB08F884
:10A4E0006F430EEA581908F60108C14407F1200825
:10A4F00008EB17280EEA59194FEA182808F4FC68E7
:10A5000049EA08071CFB02F9CCF110084FEA4C0C91
:10A51000A8EB02085200ACEBD90C4FEA4808A2EBBA
:10A52000D90208EBD9080AFB02F24FEAE90B01FB5A
:10A530000822010420F4FC6001F0FC6108430CFBDC
:10A54000002C3A0427F4FC6702F0FC623A430BFB50
:10A5500002C2510D520901F4FC610BE0C2F110007E
:10A560000AFB02F201FB0022C2F30A51C2F31A12E3
:10A5700001F4FC6122F4FC62FF2B42EA010292B278
:10A5800000D131E02788DB431D4D380ADBB2F908E2
:10A5900000F0F800FF00584301F0FC01FFB25943FE
:10A5A0007B43471C000A10FA87F7100A20F00700C7
:10A5B00000EB17204F1C090AC0B211FA87F7D10827
:10A5C00005EA002021F00301D20001EB1721C900A8
:10A5D00001F4FC610143581C1B0A13FA80F302EBDF
:10A5E0001322C2F3C4020A4322801D9B02341B9A29
:10A5F0001A441E9B1E440D9B1B92013B0D9304E0CD
:10A6000000F8FFFF4FF61F0E0D930D9B002B3FF739
:10A61000A2AE0C9B002B40DDB7EE007A1A9B30EE09
:10A62000040A70EEA40AF0EE626AC7EE007A31EE18
:10A63000051AFEEEC86ACDED1B6AF0EE436AFEEE27
:10A64000C86A16EE906A20EEA77A61EE277A77EE56
:10A65000622A37EEC33AFEEEC82ABEEEC83A12EEC0
:10A66000902AF0EE472A92FBF3F313EE102A1D9383
:10A670001A9BB0EE673A92FBF3F31E930C9B1A9A67
:10A68000013B0C930E9B18BF13460C9A002A3FF710
:10A6900099AC0E9A002A3FF795AC11B0BDE8F08F47
:10A6A0002DE9F047DDE90965BDF920A005FB036848
:10A6B000002D9DF82CC09DF8307002EB480E9DF8DF
:10A6C0003440088813DBAA4511DD002E04DBB342B9
:10A6D00002DD32F8188000E08046721C0AD49342F2
:10A6E00008DDBCF1000F05D0BEF8029003E0814602
:10A6F000804600E08146013515D4AA4513DD97B1A7
:10A70000002E04DBB34202DD3EF8135000E00546A4
:10A7100001360BD4B34209DDBCF1000F06D0013382
:10A720003EF8132003E00246054600E002461CFB0B
:10A7300007F64FEA084E4FEA094328F4FC680EF08A
:10A74000FC6EC6F3C70603F0FC6329F4FC694EEA0D
:10A75000080EC7F1100843EA0903A8EB0C08C6EB82
:10A760004C0C0CFB03F34FEA024C06EB480822F4B6
:10A77000FC620CF0FC6C08FB0E334CEA020206FB98
:10A7800002332A0425F4FC65C6EB470602F0FC629E
:10A79000E7432A43FFB206FB0233060A5A0D06F0CE
:10A7A000F8065B0916FB07F602F4FC6223F4FC636F
:10A7B0001343C3F30722C3F3CC05DB0002F0F80216
:10A7C00005F0FC0502FB0466C20802F0FC02B6B20A
:10A7D00012FB07F205FB042203F0F805C300701C0E
:10A7E00092B2DBB200EB162013FB07F300F47840C3
:10A7F00005FB0433541C04EB12229BB2520902F4F1
:10A80000FC6210435A1C02EB1323C3F3C42303431B
:10A810000B80BDE8F0872DE9F04F91B01C46002376
:10A820000F901F980A910E92416808930D939DF81E
:10A830008C70CDE90B33DDE920326FEA070801FBAC
:10A84000023301685FFA88F801EB43030793229B08
:10A850001B68DDE91B560993F6E1229BB3F908203A
:10A86000B3F90C3002F1FF3E21E05FEA254C4FEADC
:10A87000264004D4F4450BDA002804DA0AE0BCF1DF
:10A88000FF3F0CD104E003F1FF3C604513DB03E024
:10A89000944504DA411C02DB9842C0F2EE801D9818
:10A8A000013C079905441E98023106440791002C8B
:10A8B000DBDC00F08881601E1D9901FB005C5FEA13
:10A8C0002C4C00F1DA80013A944580F2D6801E9A31
:10A8D00002FB0060001400F1D080013B9842C0F2FE
:10A8E0007281CAE0229A3314C5F30330C6F3033CE5
:10A8F000D2E9029E2A1407D409F1FF3A524580F2A8
:10A900009F80002B04DA9DE0511C40F0AE8097E060
:10A910000EF1FF3A534580F297800FFA89F903FB55
:10A920000922099B03EB420E33F81230BEF80220D5
:10A93000BCF1000F07D03EF819100EEB490A089140
:10A94000BAF802100B914FEA034E23F4FC634FEA6E
:10A95000024B22F4FC620EF0FC6E089910FB0CFA1C
:10A960000BF0FC6B4EEA030ECCF110034BEA020233
:10A970004FEAEA091B1A40005B00A0EBDA0003EB88
:10A98000DA03424303FB0E200B9B0B9A1B0422F4B9
:10A99000FC6203F0FC631A43089B1B0409FB0202E0
:10A9A00021F4FC60C9EB4C0903F0FC63034309FB91
:10A9B00003294FEA59524FEA591902F4FC6329F46A
:10A9C000FC6943EA0902079B1B88C2F30720C2F314
:10A9D000CC0ED2004FEA132C00F0F8000EF0FC0E63
:10A9E00002F0F8020CF0F80C1CFB08FC00FB07CC92
:10A9F000D808DB0000F0FC001FFA8CFCDBB210FB77
:10AA000008F013FB08F30EFB070002FB07330CF101
:10AA1000010280B202EB1C2C421C9BB20CF4784C5D
:10AA200002EB1022581C520900EB132302F4FC62C3
:10AA3000C3F3C4234CEA02021343079A138014E0C1
:10AA4000914512DD591C10DB9E450EDD01920799E0
:10AA5000099ACDE902300FFA8EF30F9800930FFA9E
:10AA600089F3CDE904C7FFF71BFE079B013C0233C6
:10AA700007931D9B1D441E9B1E44002C3FF732AFC5
:10AA8000A4E0229B3214099916F4704FB3F908E040
:10AA90004FEA2543C5F3033CC6F303390EFB0232EC
:10AAA000099B03EB420331F812005A8807D003EBED
:10AAB0004E0A33F81E300C93BAF802300D934FEA69
:10AAC000004E20F4FC604FEA024B22F4FC620EF0D0
:10AAD000FC6E0C991CFB09FA0BF0FC6B4EEA000EA5
:10AAE000C9F110004BEA02024FEAEA03A0EB0C00A6
:10AAF0004FEA4C0C013CACEBDA0C40000CFB02F2D0
:10AB000000EBDA0000FB0E2C0D9A100422F4FC621C
:10AB100000F0FC600243080403FB02C200F0FC608A
:10AB200021F4FC6CC3EB490340EA0C0003FB002357
:10AB30005A0D5B0902F4FC6223F4FC631A43079B81
:10AB40001B88C2F30720C2F3CC0ED2004FEA132CAD
:10AB500000F0F8000EF0FC0E02F0F8020CF0F80C19
:10AB60001CFB08FC00FB07CCD808DB0000F0FC0055
:10AB70001FFA8CFCDBB210FB08F013FB08F30EFB92
:10AB8000070002FB07330CF1010280B202EB1C2C20
:10AB9000421C9BB20CF47F4C02EB1022581C6FF34A
:10ABA0000A0C520900EB1320079B02F4FC62C0F36D
:10ABB000C4204CEA0202104323F8020B07931D9BAA
:10ABC0001D441E9B1E44002C3FF75BAF0A9B002BCD
:10ABD00042DDB7EE007A1A9B30EE040A70EEA40A4A
:10ABE000F0EE626AC7EE007A31EE051AFEEEC86A30
:10ABF00016EE905AF0EE436AFEEEC86A16EE906AC0
:10AC000020EEA77A61EE277A77EE622A37EEC33A12
:10AC1000FEEEC82ABEEEC83A12EE902AF0EE472A9F
:10AC200092FBF3F313EE102A1D931A9BB0EE673AD2
:10AC300092FBF3F31E930A9B1A9A013B0A9318BFE7
:10AC400014460E9B08BF1C460A9B002B3FF705AE1F
:10AC50000E9B002B3FF701AE11B0BDE8F08F2DE940
:10AC6000F043DDE90846BDF91C9006FB034C002EBD
:10AC70009DF828709DF82C5002EB4C08088811DBD9
:10AC8000B1450FDD002C04DBA34202DD32F81CE0ED
:10AC900000E08646621C08D4934206DD2FB1B8F866
:10ACA00002C003E08446864600E08446013613D4A1
:10ACB000B14511DD85B1002C04DBA34202DD38F87B
:10ACC000132000E00246013407D4A34205DD27B17A
:10ACD000013338F8130000E002464FEA0E432EF429
:10ACE000FC6E17FB05F62CF4FC6403F0FC63C5F165
:10ACF0001008C6F3C70643EA0E0E4FEA0C43A8EB52
:10AD00000708C6EB470703F0FC6306EB480823433C
:10AD1000040420F4FC607B4304F0FC6408FB0E3365
:10AD2000204306FB0033100422F4FC62C6EB450608
:10AD300000F0FC60024306FB02335A0D5B0902F48B
:10AD4000FC6223F4FC6313430B80BDE8F0832DE920
:10AD5000F04F8FB01C460027F7EE006A0D901D984B
:10AD600008910C9241680B97DDE91E32DDE9195616
:10AD700001FB0233016801EB43030793209BCDE9FC
:10AD80000977D3F8008072E1209BB3F90820B3F96A
:10AD90000C3002F1FF3E21E05FEA254C4FEA2640ED
:10ADA00004D4F4450BDA002804DA0AE0BCF1FF3FD2
:10ADB0000CD104E003F1FF3C604513DB03E0944554
:10ADC00004DA411C02DB9842C0F2A9801B98013CC6
:10ADD000079905441C98023106440791002CDBDCDE
:10ADE00000F00781601E1B9901FB005C5FEA2C4CA0
:10ADF00000F19580013A944580F291801C9A02FB03
:10AE00000060001400F18B80013B9842C0F2F18099
:10AE100085E0209A3314C5F30330C6F3033CD2E92E
:10AE2000029E2A1406D409F1FF3A52455BDA002B40
:10AE300003DA5AE0511C6AD155E00EF1FF3A53454E
:10AE400055DA0FFA89F903FB092208EB420E38F8AC
:10AE50001230BEF80220BCF1000F06D00EEB490AFA
:10AE60003EF81970BAF8021009914FEA034E23F424
:10AE7000FC6310FB0CFA4FEA024B0EF0FC6E22F45E
:10AE8000FC620BF0FC6B4FEAEA094EEA030ECCF1D0
:10AE900010034BEA02021B1A40005B00A0EBDA0031
:10AEA00003EBDA03424303FB0E20099B099A1B04C0
:10AEB00022F4FC6203F0FC631A433B0409FB020228
:10AEC00003F0FC6327F4FC60C9EB4C09034309FB66
:10AED0000322530D520903F4FC6322F4FC62134372
:10AEE000079A138013E0914511DD591C0FDB9E4535
:10AEF0000DDD0799CDE901230FFA8EF34246CDE926
:10AF0000030C00930FFA89F30D98FFF7A8FE079B37
:10AF1000013C023307931B9B1D441C9B1E44002CC9
:10AF20003FF777AF67E0209B321416F4704FC5F3FC
:10AF3000033CB3F908E04FEA2543C6F303390EFB9F
:10AF4000023208EB420338F81220588807D003EB8E
:10AF50004E0A33F81E300A93BAF802300B934FEAC8
:10AF6000024E22F4FC624FEA004B20F4FC600EF02B
:10AF7000FC6E0B991CFB09FA0BF0FC6B4EEA020EFF
:10AF8000C9F110024BEA00004FEAEA03A2EB0C02FF
:10AF90004FEA4C0C013CACEBDA0C52000CFB00F01D
:10AFA00002EBDA0202FB0E0C0B9A21F4FC600A9908
:10AFB000120402F0FC6210430A9A120403FB00C060
:10AFC00021F4FC6CC3EB490302F0FC6242EA0C0280
:10AFD00003FB02035A0D5B0902F4FC6223F4FC63D9
:10AFE0001A43079B23F8022B07931B9B1D441C9BB2
:10AFF0001E44002C97DC089B002B40DD30EE040A39
:10B00000189B70EEA40AB0EE626AC6EE807A31EE4A
:10B01000051ABEEEC86A16EE105AB0EE436ABEEECE
:10B02000C86A16EE106A20EEA77A61EE277A77EEEC
:10B03000622A37EEC33AFEEEC82ABEEEC83A12EED6
:10B04000902AF0EE472A92FBF3F313EE102A1B939B
:10B05000189BB0EE673A92FBF3F31C93089B189A87
:10B06000013B089318BF14460C9B08BF1C46089B65
:10B07000002B3FF789AE0C9B002B3FF785AE0FB03E
:10B08000BDE8F08F2DE9F04F85B0DDE90F6001914B
:10B09000002800FB0361BDF938809DF8447002EB85
:10B0A000810C9DF848509DF84CE011DB80450FDD88
:10B0B000002E04DBB34202DD52F8214000E0002400
:10B0C000721C08D4934206DD3FB1DCF8041005E0A1
:10B0D00000210C4602E0002100E03946013013D483
:10B0E000804511DD9DB1002E04DBB34202DD5CF82A
:10B0F000230000E0002001360CD4B3420ADD5FB12A
:10B1000001335CF8232008E00022104605E02A46BF
:10B11000284602E0002200E03A4605FB07F64FEA27
:10B12000116A4FEA146BC6EB0713C6EB051C9BB202
:10B130004FEA10690093A6EB0513009D1FFA8CFCE3
:10B1400003F580734FEA12680AFB05F5A3EB0713BA
:10B150009BB20BFB03550CFB095506FB0855C5F3C9
:10B16000072715F47F4F029700F0B78004F0FF1710
:10B1700004F47F44019D0BFB07F70BFB04F42D88BF
:10B180004FEA172B07F101170BF0FF1BBB444FEAE7
:10B190001B2B0BF0FF1701F0FF1B01F47F410AFB93
:10B1A0000BFB0AFB01F1039704F5807701F5807A28
:10B1B00007EB14270AEB112100F0FF1A00F47F407F
:10B1C0004FEA1B2409FB0AFA0BF1011B09FB00F0F3
:10B1D00004F0FF144FEA1A290AF1011A5C44090A23
:10B1E00009F0FF193F0A240A01F47F41D14400F518
:10B1F000807A04F0FF1407F47F470AEB102002F076
:10B20000FF1A02F47F424FEA192908FB0AFA000AE2
:10B2100008FB02F209F0FF194FEA1A280AF1011A95
:10B2200000F47F4008F0FF18C24402F5807808EB74
:10B230001228009A4FEA1A2A5443039A0AF0FF1A76
:10B240004FEA182803FB0244009A08F47F48514350
:10B25000029A06FB0A4402FB0EF203FB0711571C7D
:10B26000C2F30F220CFB094412FA87F706FB0818F9
:10B270002A0A6FEA2727260E0CFB008302F0F80249
:10B2800016FB0EF6FFB2C3F3074302FB0766EA089C
:10B2900013FB0EF3ED0002F0FC02B6B2EDB202FBBE
:10B2A0000733C4F30722701C12FB0EF29BB200EBB3
:10B2B000162005FB072200F4784092B2511C01EBE6
:10B2C0001222591C01EB1323C2F3C4225B0902436F
:10B2D00003F4FC631343019A138005B0BDE8F08FBB
:10B2E0002DE9F04F99B00027279D179068682D68C9
:10B2F0000C970F971497CDE915129DF8AC20089282
:10B30000DDE92821DDE9234600FB012205EB4202AD
:10B3100007922A9A1268CDE9127711923AE32A9A93
:10B32000B2F90810B2F90C2001F1FF3E20E05FEA0B
:10B33000244C4FEA264004D4F4450BDA002804DA02
:10B340000AE0BCF1FF3F0BD104E002F1FF3C604595
:10B3500012DB03E08C4503DA451C01DB904212DB73
:10B360002598013B0444269806440798023007902C
:10B37000002BDCDC00F0CF82581E259D05FB004C25
:10B380005FEA2C4C01D59B4671E101398C45FADA14
:10B39000269901FB00600014F5D4013A9042C0F2F6
:10B3A000BA82F0E72A9A3014C4F30333C6F30331A8
:10B3B000D2E902EC221407D40EF1FF38424580F2A4
:10B3C0003781002804DA35E1551C40F047812FE130
:10B3D0000CF1FF38404580F22F810FFA8EFE00FB02
:10B3E0000E22119800EB820C50F82220100E8BB127
:10B3F000DCF804502F0E0B9591B15CF82E500CEB3D
:10B400008E0809952D0E0C95D8F804500D952D0E2B
:10B41000129505E021B15CF82E5009952D0E0C9582
:10B4200003FB01FE0C9D0EF5807CCEEB0319CEEBE9
:10B430000118ACEB031C1FFA89F9ACEB011C09FBEA
:10B4400007F11FFA88F81FFA8CF303FB001108FBC1
:10B450000511129D0EFB051111F47F4FC1F3072C4E
:10B4600000F0FC80FF2819D002F0FF1A02F47F429E
:10B4700000FB0AFA42434FEA1A200AF1011A02F5C8
:10B48000807100F0FF1001EB12215044090A000AFC
:10B4900001F47F4100F0FF1040EA0102FF2F1AD0B3
:10B4A0000B990B9801F0FF1100F47F4A794307FBD9
:10B4B0000AFA080A01F1011100F0FF1008440AF528
:10B4C000807101EB1A21000A090A00F0FF1001F453
:10B4D0007F4101430B910C99FF291CD009990C98CD
:10B4E00001F0FF114143099800F47F4A0C9800FBDA
:10B4F0000AFA080A01F1011100F0FF1008440AF5E8
:10B50000807101EB1A21000A090A00F0FF1001F412
:10B510007F41014309911299FF291CD00D9912987E
:10B5200001F0FF1141430D9800F47F4A129800FB8F
:10B530000AFA080A01F1011100F0FF1008440AF5A7
:10B54000807101EB1A21000A090A00F0FF1001F4D2
:10B550007F4101430D910B9902F0FF1002F47F42ED
:10B56000089D01F0FF1109FB01F103FB001109988F
:10B5700000F0FF1008FB00110D9800F0FF100EFB0B
:10B5800000110B9800F47F4009FB00F003FB020060
:10B59000099B0A0EC1F3072103F47F4312FB05F256
:10B5A00008FB03000D9B11FB05F103F47F430EFB29
:10B5B0000300079BB3F800E0C0F30740089B10FBB3
:10B5C00005F00CFB03FC0CF10103CCF30F2C1CFA6F
:10B5D00083F34FEA1E2C6FEA23230CF0F80CDBB246
:10B5E0000CFB03224FEADE0C4FEACE0E92B20CF0B7
:10B5F000FC0C5FFA8EFE0CFB03000EFB0311531CC8
:10B6000080B289B203EB12224B1C02F47F4203EB9F
:10B6100011236FF30A02C3F3C4231343421C02EB4A
:10B620001022520902F4FC621343079A138015E0BA
:10B63000964513DD451C11DB84450FDD089D019205
:10B64000119ACDE902030FFA8CF31798CDE904158E
:10B6500000930FFA8EF30799FFF714FD079B0BF188
:10B66000FF3B02330793259B1C44269B1E44BBF1E2
:10B67000000F3FF797AE51E12A9A2114119D14F45F
:10B68000704FB2F908804FEA2642C4F3033EC6F376
:10B69000033008FB0212119901EB820155F82220B8
:10B6A0004FEA126C11D04D680E952D0E139590B186
:10B6B00001EB880951F828100A91090E0F91D9F869
:10B6C00004101091090E149105E020B151F82810D2
:10B6D0000A91090E0F910EFB00F80F9D08F580717D
:10B6E000C8EB0E1AC8EB0019A1EB0E111FFA8AFA6B
:10B6F000A1EB001113981FFA89F989B20AFB00F037
:10B7000001FB0C0009FB0500149D08FB050010F46B
:10B710007F4FC0F3072E00F0F680BCF1FF0F1BD067
:10B7200002F0FF1B02F47F420CFB0BFB0CFB02F24E
:10B730004FEA1B2C0BF1011B02F580700CF0FF1C73
:10B7400000EB1220DC44000A4FEA1C2C00F47F407E
:10B750000CF0FF1C4CEA00021398FF281FD00E9833
:10B76000139D00F0FF1068430E9D4FEA102C05F466
:10B770007F4B139D00F101100CF0FF1C05FB0BFB30
:10B7800084440BF580704FEA1C2C00EB1B200CF05E
:10B79000FF1C000A00F47F404CEA00000E900F9856
:10B7A000FF281FD00A980F9D00F0FF1068430A9DE4
:10B7B0004FEA102C05F47F4B0F9D00F101100CF0A7
:10B7C000FF1C05FB0BFB84440BF580704FEA1C2C1F
:10B7D00000EB1B200CF0FF1C000A00F47F404CEA39
:10B7E00000000A901498FF281FD01098149D00F0B4
:10B7F000FF106843109D4FEA102C05F47F4B149DF9
:10B8000000F101100CF0FF1C05FB0BFB84440BF551
:10B8100080704FEA1C2C00EB1B200CF0FF1C000A70
:10B8200000F47F404CEA000010900E9802F0FF1CDC
:10B830000A9D02F47F4200F0FF100AFB00F001FBBA
:10B840000C0005F0FF1C109D09FB0C0005F0FF1C0F
:10B850000E9D08FB0C0005F47F4C089D0AFB0CFCB8
:10B8600001FB02CC0A9A010EC0F3072002F47F42CA
:10B8700011FB05F109FB02CC109A10FB05F002F454
:10B880007F4208FB02CC079AB2F80080CCF3074C49
:10B89000089A1CFB05FC0EFB02FE0EF10102CEF322
:10B8A0000F2E1EFA82F24FEA182E6FEA22220EF0B5
:10B8B000F80ED2B20EFB02114FEAD80E4FEAC808BA
:10B8C00089B20EF0FC0E5FFA88F80EFB02CC08FB82
:10B8D00002004A1C1FFA8CFC80B202EB1121421CB0
:10B8E00001F47F4102EB10226FF30A01C2F3C4227C
:10B8F0000A430CF1010101EB1C21490901F4FC612F
:10B900000A4307990A80079A013B02320792259A57
:10B910001444269A1644002B3FF7AEAE159B002B1D
:10B9200040DDB7EE007A229B30EE040A70EEA40AE6
:10B93000F0EE626AC7EE007A31EE051AFEEEC86AD2
:10B9400016EE904AF0EE436AFEEEC86A16EE906A72
:10B9500020EEA77A61EE277A77EE622A37EEC33AB5
:10B96000FEEEC82ABEEEC83A12EE902AF0EE472A42
:10B9700092FBF3F313EE102A2593229BB0EE673A65
:10B9800092FBF3F32693159B229A013B1593169B8A
:10B9900018BF1346159A002A3FF7C1AC169A002A21
:10B9A0003FF7BDAC19B0BDE8F08F2DE9F04F85B081
:10B9B000DDE90F600191002800FB0361BDF938E06B
:10B9C0009DF8447002EB810C9DF8485011DB8645D0
:10B9D0000FDD002E04DBB34202DD52F8214000E00F
:10B9E0000024721C08D4934206DD3FB1DCF8041039
:10B9F00005E000210C4602E0002100E0394601305C
:10BA000013D4864511DD9DB1002E0CEB830204DBBF
:10BA1000B34202DD5CF8230000E0002001360AD4C6
:10BA2000B34208DD4FB1526808E00022104605E03D
:10BA30002A46284602E0002200E03A4605FB07F6C7
:10BA40004FEA116A4FEA146BA6EB0513C6EB071E0B
:10BA500003F58073C6EB051C1FFA8EFEA3EB0713DC
:10BA60000EFB0AF54FEA10699BB21FFA8CFC0BFB28
:10BA700003554FEA12680CFB095506FB0855C5F340
:10BA8000072715F47F4F029700F0B38004F0FF17EB
:10BA900004F47F44019D0BFB07F70BFB04F42D8896
:10BAA0004FEA172B07F101170BF0FF1BBB444FEABE
:10BAB0001B2B0BF0FF1701F0FF1B01F47F410AFB6A
:10BAC0000BFB0AFB01F1039704F5807701F5807AFF
:10BAD00007EB14270AEB112100F0FF1A00F47F4056
:10BAE0004FEA1B2409FB0AFA0BF1011B09FB00F0CA
:10BAF00004F0FF144FEA1A290AF1011A5C44090AFA
:10BB000009F0FF193F0A240A01F47F41D14400F5EE
:10BB1000807A04F0FF140EFB01F10AEB102002F012
:10BB2000FF1A02F47F420EFB04F408FB0AFA07F442
:10BB30007F4708FB02F24FEA19294FEA1A280AF157
:10BB4000011A000A09F0FF1908F0FF1800F47F40FD
:10BB5000C24402F5807808EB1228039A4FEA1A2AA9
:10BB60004FEA182803FB02420AF0FF1A03FB0713EF
:10BB700008F47F4802992C0A06FB0A2206FB0833C8
:10BB8000C9430CFB092204F0F804C9B20CFB0033D2
:10BB9000E808ED004C43120A00F0FC00EDB21B0A6D
:10BBA000484302F0FF12694303F47F43651C240AF3
:10BBB0001343120C14FA85F402EB2422441CC0F344
:10BBC0000F20120210FA84F4180A02F4784200EBF3
:10BBD0002420C00000F4FC600243481CC1F30F2184
:10BBE00011FA80F103EB2123C3F3C4031343019A39
:10BBF000138005B0BDE8F08F2DE9F04F97B0002716
:10BC0000259D159068682D68219C0A970D971297BD
:10BC1000CDE91312DDE92621CDE9107700FB0122E1
:10BC200005EB4205289A12680F9254E3289AB2F95C
:10BC30000810B2F90C2001F1FF3E21E022985FEAE2
:10BC4000244C4FEA204004D4F4450BDA002804DAEF
:10BC50000AE0BCF1FF3F0BD104E002F1FF3C60457C
:10BC600012DB03E08C4503DA461C01DB904212DB59
:10BC70002398013B229E02350444249806442296D0
:10BC8000002BDBDC00F0E882581E239E06FB004CF4
:10BC90005FEA2C4C01D59B4679E101398C45FADAF3
:10BCA0002499229E01FB00600014F4D4013A9042D2
:10BCB000C0F2D282EFE7229A229BC2F30331289A84
:10BCC0001814C4F30333D2E902EC221407D40EF1A2
:10BCD000FF38424580F23E81002804DA3CE1561CE0
:10BCE00040F04C8136E10CF1FF38404580F236815E
:10BCF0000FFA8EFE00FB0E220F9800EB820C50F81C
:10BD00002220100E8BB1DCF80460370E099691B139
:10BD10005CF82E600CEB8E080796360E0A96D8F863
:10BD200004600B96360E109605E021B15CF82E608B
:10BD30000796360E0A9603FB01FE0A9E0EF5807CDE
:10BD4000CEEB0319CEEB0118ACEB031C1FFA89F9FB
:10BD5000ACEB011C09FB07F11FFA88F81FFA8CF302
:10BD600003FB001108FB0611109E0EFB061111F4D7
:10BD70007F4FC1F3072C00F00181FF2819D002F09A
:10BD8000FF1A02F47F4200FB0AFA42434FEA1A20EC
:10BD90000AF1011A02F5807100F0FF1001EB122187
:10BDA0005044090A000A01F47F4100F0FF1040EA04
:10BDB0000102FF2F1AD00999099801F0FF1100F430
:10BDC0007F4A794307FB0AFA080A01F1011100F0E2
:10BDD000FF1008440AF5807101EB1A21000A090AD4
:10BDE00000F0FF1001F47F41014309910A99FF29F6
:10BDF0001CD007990A9801F0FF114143079800F4FD
:10BE00007F4A0A9800FB0AFA080A01F1011100F0C2
:10BE1000FF1008440AF5807101EB1A21000A090A93
:10BE200000F0FF1001F47F41014307911099FF29B1
:10BE30001CD00B99109801F0FF1141430B9800F4AE
:10BE40007F4A109800FB0AFA080A01F1011100F07C
:10BE5000FF1008440AF5807101EB1A21000A090A53
:10BE600000F0FF1001F47F4101430B91099802F0AB
:10BE7000FF1102F47F42BCF1FF0F00F0FF1009FB3D
:10BE800000F003FB0100079901F0FF1108FB01001E
:10BE90000B9901F0FF110EFB0100099901F47F419C
:10BEA0004FEA102009FB01F100F0FF1003FB021123
:10BEB000079B03F47F4308FB03110B9B03F47F43B1
:10BEC0000EFB03114FEA112303F47F4343EA0003FF
:10BED0004FEA132106D15A096FF30A0102F4FC62FA
:10BEE000114332E02A886FEA0C0CB84E100A5FFA50
:10BEF0008CFC4FEAD20E00F0F800D20000FB0CF0F0
:10BF00000EF0FC0ED2B20EFB0CFE02FB0CF200F1A6
:10BF1000010C000A10FA8CF04FEA134C0CEB1020C5
:10BF20000EF1010C4FEA1E2EC0B21EFA8CFC06EA7E
:10BF3000002001EB1C21C90001F4FC610143501CED
:10BF4000120A12FA80F003EB1023C3F3C4030B436D
:10BF50002B8013E0964511DD461C0FDB84450DDD7B
:10BF6000CDE903310FFA8CF32946CDE90120009386
:10BF70000FFA8EF30F9A1598FFF717FD239B0235E2
:10BF8000229A0BF1FF3B1C44249B1A442292BBF1E2
:10BF9000000F3FF790AE62E1229A21140F9E14F435
:10BFA000704FC2F30330289AC4F3033EB2F90880FD
:10BFB000229A4FEA224208FB02120F9901EB8201FA
:10BFC00056F822204FEA126C11D04E680C96360EAD
:10BFD000119690B101EB880951F828100891090ECB
:10BFE0000D91D9F804100E91090E129105E020B1BF
:10BFF00051F828100891090E0D910EFB00F80D9EC6
:10C0000008F58071C8EB0E1AC8EB0019A1EB0E11F0
:10C010001FFA8AFAA1EB001111981FFA89F989B267
:10C020000AFB00F001FB0C0009FB0600129E08FB56
:10C03000060010F47F4FC0F3072E00F00581BCF11D
:10C04000FF0F1BD002F0FF1B02F47F420CFB0BFB27
:10C050000CFB02F24FEA1B2C0BF1011B02F5807066
:10C060000CF0FF1C00EB1220DC44000A4FEA1C2CF1
:10C0700000F47F400CF0FF1C4CEA00021198FF28EE
:10C080001FD00C98119E00F0FF1070430C9E4FEAD9
:10C09000102C06F47F4B119E00F101100CF0FF1CD8
:10C0A00006FB0BFB84440BF580704FEA1C2C00EB65
:10C0B0001B200CF0FF1C000A00F47F404CEA00003B
:10C0C0000C900D98FF281FD008980D9E00F0FF10CF
:10C0D0007043089E4FEA102C06F47F4B0D9E00F132
:10C0E00001100CF0FF1C06FB0BFB84440BF5807069
:10C0F0004FEA1C2C00EB1B200CF0FF1C000A00F484
:10C100007F404CEA000008901298FF281FD00E983C
:10C11000129E00F0FF1070430E9E4FEA102C06F4A2
:10C120007F4B129E00F101100CF0FF1C06FB0BFB75
:10C1300084440BF580704FEA1C2C00EB1B200CF0A4
:10C14000FF1C000A00F47F404CEA00000E900C9E99
:10C1500002F0FF1002F47F42BEF1FF0F06F0FF1C59
:10C160000AFB0CFC01FB00CC089800F0FF1009FB57
:10C1700000CC0E9800F0FF1008FB00CC06F47F40C6
:10C180000AFB00F04FEA1C2C01FB0200089A0CF09D
:10C19000FF1C02F47F4209FB02000E9A02F47F4268
:10C1A00008FB02004FEA102202F47F424CEA02022E
:10C1B0004FEA12200CD151096FF30A00C2F3C402F6
:10C1C00001F4FC610843104328803DE000F8FFFFC4
:10C1D00029886FEA0E0E454E4FEA112C5FFA8EFE4B
:10C1E0004FEAD1080CF0F80CC9000CFB0EFC08F06B
:10C1F000FC08C9B208FB0EF801FB0EF10CF1010EB0
:10C200004FEA1C2C1CFA8EFC4FEA124E0EEB1C2C33
:10C2100008F1010E4FEA18285FFA8CFC18FA8EFE1E
:10C2200006EA0C2C00EB1E20C00000F4FC604CEA77
:10C23000000001F1010C090A11FA8CFC02EB1C222E
:10C24000C2F3C40202432A80239A02352299013B99
:10C250001444249A11442291002B3FF79DAE139B66
:10C26000002B40DDB7EE007A209B30EE040A70EE22
:10C27000A40AF0EE626AC7EE007A31EE051AFEEE0D
:10C28000C86A16EE904AF0EE436AFEEEC86ACDED3B
:10C29000226A20EEA77A61EE277A77EE622A37EEDD
:10C2A000C33AFEEEC82ABEEEC83A12EE902AF0EE6D
:10C2B000472A92FBF3F313EE102A2393209BB0EE50
:10C2C000673A92FBF3F32493139B209A013B139359
:10C2D000149B18BF1346139A002A3FF7A7AC149A71
:10C2E000002A3FF7A3AC17B0BDE8F08F00F8FFFFBE
:10C2F0002DE9F047DDE90A5EBDF92090BEF1000F9F
:10C30000BDF924A09DF830000EFB03589DF8347051
:10C3100032DBF24530DD002D15DBA94513DD4FEA98
:10C32000580418F0010F145D0BBF04F00F0404F063
:10C33000F00C04EB04140CEB141C0CBF5FFA84FC2F
:10C340005FFA8CFC01E04FF0000C6C1C17D4A14587
:10C3500015DDB0B108F101046608E407965D55BF2C
:10C3600006F00F0606F0F00406EB061604EB1614B2
:10C3700054BFF4B2E4B205E00024A44602E0002475
:10C3800000E004461EF1010E34D4F24532DD002FE8
:10C3900033D0002D16DBA94514DD03EB08064FEA68
:10C3A000560EF60712F80EE055BF0EF00F0E0EF007
:10C3B000F0060EEB0E1E06EB1E1654BF5FFA8EF64D
:10C3C000F6B200E0002601351AD4A94518DDC8B13F
:10C3D000013343445D08DB07555D55BF05F00F058C
:10C3E00005F0F00205EB051502EB151254BFEAB299
:10C3F000D2B208E00022164605E03A463E4602E088
:10C40000002200E0024600FB07F5A5EB071EC5EB86
:10C4100000130EF5807E9BB2AEEB001E6343C5EBAE
:10C4200007101FFA8EFE80B20CFB0E3306FB0033A2
:10C4300005FB023313F47F4FC3F3072247D09DF867
:10C4400038305A43531CC2F30F2212FA83F3214AA5
:10C450001B121068FF2B4FEA10220AD143091E4C11
:10C46000C0F3C40003F4FC63144023431843088062
:10C470002DE00D88DE43C0F30744D2B22F0AF6B296
:10C480005C4307F0F8075A43C0B207FB0644EF08C5
:10C490004343ED0007F0FC07A4B2EDB207FB062210
:10C4A000601C05FB063392B200EB1420541C9BB2B7
:10C4B00000F4784004EB1222520902F4FC621043AB
:10C4C0005A1C02EB1323C3F3C42303430B80BDE8C0
:10C4D000F08700BFB02B032400F8FF002DE9F04FD8
:10C4E00095B011929DF89C20239C109200221390ED
:10C4F0000C9160680B920F92CDE90922CDE90D22D3
:10C50000DDE92421DDE91F5600FB0122216801EB52
:10C510004201269A9268013222F0010B269AD2F843
:10C52000008097E2269AB2F90800B2F90C2000F1D7
:10C53000FF3E1EE05FEA254C4FEA264404D4F44552
:10C540000BDA002C04DA0AE0BCF1FF3F0BD104E067
:10C5500002F1FF3C644510DB03E0844503DA671C0D
:10C5600001DB944210DB219C013B02312544229CDB
:10C570002644002BDEDC00F02B825C1E219F07FB93
:10C58000045C5FEA2C4C01D51C462AE10138844545
:10C59000FADA229800FB04642414F5D4013A944298
:10C5A000C0F21682F0E7269A4FEA264CC5F3033311
:10C5B000C6F30330D2E902E92A1408D40EF1FF3A97
:10C5C000524580F2EF80BCF1000F04DAECE0571C1A
:10C5D00040F00181E6E009F1FF3AD44580F2E780BE
:10C5E0000CFB0B220FFA8BFE4FEA520CD70718F800
:10C5F0000CC055BF0CF00F0C0CF0F0090CEB0C1C30
:10C6000009EB1C1954BF5FFA8CF95FFA89F9002B0A
:10C6100040D0571C4FEA570CFF0718F80CC04BBF0F
:10C620000CF0F0070CF00F0C07EB1C170CEB0C1CBC
:10C630004CBFFFB25FFA8CF7099700283FD07244D5
:10C640004FEA520CD70702F1010218F80CC055BF8F
:10C650000CF00F0C0CF0F00E0CEB0C1C0EEB1C1E77
:10C6600054BF5FFA8CF75FFA8EF74FEA520C0A97C5
:10C67000D70718F80CC04BBF0CF0F0020CF00F0CF1
:10C6800002EB1C120CEB0C1C4CBFD2B25FFA8CF20A
:10C690000D9214E098B172444FEA520CD20718F888
:10C6A0000CC04BBF0CF0F0020CF00F0C02EB1C1294
:10C6B0000CEB0C1C4CBFD2B25FFA8CF20A9203FB5B
:10C6C00000FC099F0CF58072A2EB0312CCEB031364
:10C6D000A2EB00129BB292B27B43CCEB001009FBA1
:10C6E000023380B20A9A02FB00330D9A0CFB02332C
:10C6F00013F47F4FC3F307226DD0109B5A43531C92
:10C70000C2F30F2212FA83F3B04A1B121068FF2BF8
:10C710004FEA10220AD143096FF30A02C0F3C400A2
:10C7200003F4FC631A431043088054E0B1F800E0BE
:10C730006FEA0309C0F3074CD2B24FEA1E2A5FFA30
:10C7400089F90CFB03FC0AF0F80A5A43C0B20AFB51
:10C7500009CC4FEADE0A4FEACE0E43430AF0FC0A48
:10C760001FFA8CFC5FFA8EFE0AFB09220CF1010015
:10C770000EFB093392B200EB1C2C501C9BB20CF444
:10C780007F4C00EB12205A1C6FF30A0C400902EB9D
:10C79000132300F4FC60C3F3C4234CEA00000343FA
:10C7A0000B8018E0964516DDBCF1FF3F13DBE14539
:10C7B00011DD109F02924246CDE903C30FFA89F3BF
:10C7C00001930FFA8EF3CDE9050700930FFA8BF36F
:10C7D0001398FFF78DFD219B0231013C1D44229BE4
:10C7E0001E44002C3FF7DFAEF8E04FEA264CC5F3BD
:10C7F00003322814C6F303340BFB0C004FEA500C31
:10C80000C70718F80CC055BF0CF00F0C0CF0F00E59
:10C810000CEB0C1C0EEB1C1E54BF5FFA8CFE5FFA77
:10C820008EFE002A44D000F101094FEA590C19F09C
:10C83000010F18F80CC00BBF0CF00F0C0CF0F00936
:10C840000CEB0C1C09EB1C190CBF5FFA8CF75FFAA0
:10C8500089F70E97002C41D0129F38444FEA500CB4
:10C86000C70700F1010018F80CC055BF0CF00F0C01
:10C870000CF0F0090CEB0C1C09EB1C1954BF5FFA0F
:10C880008CF75FFA89F74FEA500C0B97C70718F837
:10C890000CC04BBF0CF0F0000CF00F0C00EB1C10A8
:10C8A0000CEB0C1C4CBFC0B25FFA8CF00F9015E083
:10C8B000A4B1129F38444FEA500CC00718F80CC0BE
:10C8C0004BBF0CF0F0000CF00F0C00EB1C100CEB4D
:10C8D0000C1C4CBFC0B25FFA8CF00B9002FB04FC46
:10C8E0000E9F0CF58070A0EB0210CCEB0212A0EBB7
:10C8F000041092B280B27A43CCEB04140EFB0022F7
:10C90000A4B20B9800FB04220F980CFB002010F43B
:10C910007F4FC0F3072251D010984243541CC2F3FA
:10C920000F2212FA84F4294A24121268FF2C4FEACB
:10C93000122008D154096FF30A00C2F3C40204F4B0
:10C94000FC64204338E0B1F800E06FEA0409C2F368
:10C95000074CC0B24FEA1E2A5FFA89F90CFB04FCAF
:10C960000AF0F80A6043D2B20AFB09CC4FEADE0AA9
:10C970004FEACE0E54430AF0FC0A1FFA8CFC5FFA11
:10C980008EFE0AFB09000CF101020EFB094480B285
:10C9900002EB1C2C421CA4B20CF47F4C02EB1022C4
:10C9A000601C6FF30A0C520900EB142002F4FC62C5
:10C9B000C0F3C4204CEA020210430880219A0231DD
:10C9C000013B1544229A164405E000BFB02B032416
:10C9D0000FFA8BF21292002B3FF707AF0C9B002B44
:10C9E00040DDB7EE007A1E9B30EE040A70EEA40A1A
:10C9F000F0EE626AC7EE007A31EE051AFEEEC86A02
:10CA000016EE905AF0EE436AFEEEC86A16EE906A91
:10CA100020EEA77A61EE277A77EE622A37EEC33AE4
:10CA2000FEEEC82ABEEEC83A12EE902AF0EE472A71
:10CA300092FBF3F313EE102A21931E9BB0EE673A9C
:10CA400092FBF3F322930C9B1E9A013B0C93119BD8
:10CA500018BF13460C9A002A3FF764AD119A002ABA
:10CA60003FF760AD15B0BDE8F08F00BF2DE9F0478E
:10CA7000DDE90A6EBDF92090BEF1000FBDF924A0DA
:10CA80009DF830000EFB03689DF8347032DBF245F0
:10CA900030DD002E15DBB14513DD4FEA580418F0E8
:10CAA000010F145D0BBF04F00F0404F0F00C04EB55
:10CAB00004140CEB141C0CBF5FFA84FC5FFA8CFCB2
:10CAC00001E04FF0000C741C17D4A14515DDB0B186
:10CAD00008F101046508E407555D55BF05F00F0531
:10CAE00005F0F00405EB051504EB151454BFECB28A
:10CAF000E4B205E00024A44602E0002400E004467D
:10CB00001EF1010E34D4F24532DD002F33D0002E59
:10CB100016DBB14514DD03EB08054FEA550EED07B2
:10CB200012F80EE055BF0EF00F0E0EF0F0050EEBF2
:10CB30000E1E05EB1E1554BF5FFA8EF5EDB200E038
:10CB4000002501361AD4B14518DDC8B1013343447C
:10CB50005E08DB07965D55BF06F00F0606F0F00293
:10CB600006EB061602EB161254BFF2B2D2B208E080
:10CB70000022154605E03A463D4602E0002200E06C
:10CB8000024600FB07F6A6EB071EC6EB00130EF5E8
:10CB9000807EC6EB07179BB2AEEB001E6343BFB2AD
:10CBA0001FFA8EFE0CFB0E3305FB073306FB023328
:10CBB00013F47F4FC3F3072633D01B4BF5430C8888
:10CBC0001B68EDB2220AC3F30740E70802F0F8023F
:10CBD000E40010FB06F007F0FC07E4B202FB0500DE
:10CBE000C3F30722DBB212FB06F280B213FB06F39B
:10CBF00007FB052204FB0533441C92B204EB102012
:10CC0000541C9BB200F4784004EB1222520902F447
:10CC1000FC6210435A1C02EB1323C3F3C4230343E7
:10CC20000B80BDE8F08700BFB02B03242DE9F04F47
:10CC300091B0DFF830851F9E0F90069170680A92C0
:10CC4000DDE92021DDE91B4500FB0122316801EB14
:10CC50004201229A9268013222F0010B229A17684F
:10CC600072E2229AB2F90800B2F90C9000F1FF3E8C
:10CC70001FE05FEA244C4FEA254604D4F4450BDA62
:10CC8000002E04DA0AE0BCF1FF3F0CD104E009F108
:10CC9000FF3C664511DB03E0844504DA721C02DBCD
:10CCA0004E45C0F22F811D9E013B023134441E9E31
:10CCB0003544002BDDDC00F005825E1E1D9A02FB70
:10CCC000064C5FEA2C4C00D51CE10138844580F20B
:10CCD00019811E9A02FB0656361400F1138109F1E0
:10CCE000FF329642C0F2EE810CE1229E5FEA2449B7
:10CCF0004FEA2543C4F30330C5F30332D6E902CE2D
:10CD000007D40CF1FF3AD14580F2DF80002B05DA21
:10CD1000DDE0B9F1FF3F40F0EE80D6E00EF1FF3AE2
:10CD2000534580F2D68003FB0B990FFA8BFA4FEA3A
:10CD3000590319F0010FFB5C0BBF03F00F0303F065
:10CD4000F00C03EB03130CEB131C0CBF5FFA83FC1A
:10CD50005FFA8CFC002839D009F101034FEA530E29
:10CD6000DB0717F80EE055BF0EF00F030EF0F003CF
:10CD700003EB031303EB1E13DBB20B93002A38D033
:10CD8000D1444FEA590319F0010F09F1010917F8CD
:10CD900003E00BBF0EF00F030EF0F00303EB0313E1
:10CDA00003EB1E1319F0010FDBB208934FEA59038E
:10CDB00017F803E00BBF0EF00F030EF0F00303EBC8
:10CDC000031303EB1E13DBB20C9312E08AB1D144C0
:10CDD0004FEA590319F0010F17F803E00BBF0EF0EB
:10CDE0000F030EF0F00303EB031303EB1E13DBB290
:10CDF000089300FB02FE0B9E0EF58073A3EB00135D
:10CE0000CEEB0010A3EB021380B29BB27043CEEBCB
:10CE100002120CFB030092B2089B03FB02020C9B64
:10CE20000EFB0322C2F30722FF2A0BD1D8F8002001
:10CE3000CB4B500903EA1223C2F3C40200F4FC6096
:10CE400003433FE0002A56D0D8F800306FEA0209C9
:10CE5000B1F800E0C3F3074C5FFA89F94FEA1E20EE
:10CE60001CFB02FC4FEADE0A00F0F8004FEACE0E8F
:10CE70000AF0FC0A00FB09CCC3F30720DBB210FB6D
:10CE800002F01FFA8CFC13FB02F35FFA8EFE0AFB22
:10CE900009000CF101020EFB093380B202EB1C2CDD
:10CEA000421C9BB20CF47F4C02EB1022581C6FF317
:10CEB0000A0C520900EB132302F4FC62C3F3C423EF
:10CEC0004CEA020213430B8015E0CC4513DD5E1CD7
:10CED00011DB9E450FDDCDE902930FFA8EF301932E
:10CEE0000FFA8CF3CDE9040200933A460FFA8BF364
:10CEF0000F98FFF7BBFD1D9B02311C441E9B1D4478
:10CF0000079B013B0793079B002B3FF7EEAEDFE04B
:10CF10002A14C4F303362014C5F3033C0BFB0200B0
:10CF2000420810F0010FBA5C0BBF02F00F0202F0D2
:10CF3000F00E02EB02120EEB121E0CBF5FFA82FE25
:10CF40005FFA8EFE002E36D0421C4FEA5209D207FD
:10CF500017F8099055BF09F00F0209F0F00202EB33
:10CF6000021202EB1912D2B20D92BCF1000F36D0B0
:10CF7000079A1044420817F80290C20700F1010016
:10CF800055BF09F00F0209F0F00202EB021202EBAA
:10CF90001912D2B209924208C00717F8029055BF81
:10CFA00009F00F0209F0F00202EB021202EB191273
:10CFB000D2B20E9213E0BCF1000F10D0079A1044C9
:10CFC000420817F80290C20755BF09F00F0209F096
:10CFD000F00202EB021202EB1912D2B2099206FB26
:10CFE0000CF90D9809F58072A2EB0612C9EB061632
:10CFF000A2EB0C12B6B292B24643C9EB0C1C0EFB6C
:10D0000002661FFA8CFC099A02FB0C660E9A09FB59
:10D010000266C6F30720FF280BD1D8F80000504A5B
:10D0200002EA10264209C0F3C40002F4FC62324353
:10D030003FE000283FD0D8F800606FEA0009B1F85F
:10D0400000E0C6F3074C5FFA89F94FEA1E221CFB89
:10D0500000FC4FEADE0A02F0F8024FEACE0E0AF0B8
:10D06000FC0A02FB09CCC6F30722F6B212FB00F25F
:10D070001FFA8CFC16FB00F65FFA8EFE0AFB0922F3
:10D080000CF101000EFB096692B200EB1C2C501C47
:10D09000B6B20CF47F4C00EB1220721C6FF30A0C3A
:10D0A000400902EB162200F4FC60C2F3C4224CEAF1
:10D0B000000002430A801D9A0231013B14441E9A6B
:10D0C000154402E00FFA8BF20792002B3FF720AFD6
:10D0D000069B002B40DDB7EE007A1A9B30EE040A67
:10D0E00070EEA40AF0EE626AC7EE007A31EE051A1D
:10D0F000FEEEC86A16EE904AF0EE436AFEEEC86A8B
:10D1000016EE905A20EEA77A61EE277A77EE622A21
:10D1100037EEC33AFEEEC82ABEEEC83A12EE902AA7
:10D12000F0EE472A92FBF3F313EE102A1D931A9B9D
:10D13000B0EE673A92FBF3F31E93069B1A9A013BFB
:10D1400006930A9B18BF1346069A002A3FF789AD3B
:10D150000A9A002A3FF785AD11B0BDE8F08F00BFF5
:10D1600000F8FFFFB02B032470B59EB2BDF810008D
:10D170000D0A130A05F0F805CC0803F0F80315FBB7
:10D1800006F504F0FC0413FB00F314FB06F41D4445
:10D19000D308D20003F0FC03ADB2D2B213FB00F30C
:10D1A00012FB00F21C44CB00DBB2A4B213FB06F36B
:10D1B000611C13446A1C01EB14219BB202EB152283
:10D1C000581C490902F4784201F4FC6100EB132079
:10D1D0000A43C0F3C420104370BD00002DE9F04F96
:10D1E0008DB016460D461C469DF85C80169A04903C
:10D1F000B8F1000F00F0F380206808AB61680436D6
:10D2000003C31068516803C308A8EEF74BFA214620
:10D210000AA8EEF78BFABDF92820BDF92E7002F0AE
:10D220000103BDF92C900693BDF9243003F00101F0
:10D2300005910598BDF92A10034401FB032303EB74
:10D24000D37305EB6305BDF820301A44BDF82230D6
:10D250001944644BADF828201868ADF82A1003680B
:10D26000DB6A9847604BBDF92A10B8F1FF0F1A88A6
:10D27000BDF9283002FB013300EB430402FB07F346
:10D280006BD0C8F1FF0204EB4303039207935BE00A
:10D29000069B2F468BB117F8011B09F1FF3B039B3F
:10D2A00001F00F01228804980093434636F81110CC
:10D2B000FFF75AFF24F8020B22E0CB4620E0197852
:10D2C000ABF1020B039B544609093AF8042C04986D
:10D2D0000093434636F81110FFF746FF2AF8040C76
:10D2E00017F8011B039B01F00F013AF8022C049878
:10D2F0000093434636F81110FFF736FF2AF8020C68
:10D30000BBF1010F3B4604F1040AD8DCA2460DD163
:10D31000397804F1020A039B0909228804980093D2
:10D32000434636F81110FFF71FFF20802E4B059A59
:10D330001C88BDF92430A4EB090413440AEB44040F
:10D3400003EBD37305EB6305079BA342A0D8254BE2
:10D35000186803681B6B984741E004EB43023BE00D
:10D36000069B5BB12B4613F8011B01F00F0136F849
:10D37000111024F8021B09F1FF3112E02B46494637
:10D380000FE03C780239240936F8144020F8044CA8
:10D3900013F8014B04F00F0436F8144020F8024C47
:10D3A000044601291F4604F10400EADC214605D1A8
:10D3B0001B7802311B0936F8133023800A4B1C8876
:10D3C000BDF92430A4EB090401EB440405990B4496
:10D3D00003EBD37305EB6305A242C1D8B7E70DB0E9
:10D3E000BDE8F08FA42B03249C2B03242DE9F041EE
:10D3F0009DF818000C0AFF280CD1FF2B0AD1480910
:10D40000264BC1F3C40100F4FC60234018430843D9
:10D4100080B241E010FB03F34FEA12284FEAD20C2E
:10D420009BB208F0F8050CF0FC0ECCF3811C581CE4
:10D43000D2004EEA0C0E00EB132045EA5813C1F35C
:10D440000745C0F30720D7B2C9B2C2F3421215FB99
:10D4500000F5C64311FB00F11743F6B203FB065576
:10D46000E3B207FB061113FB00F3ADB289B20EFB6A
:10D4700006336A1C9BB202EB1522581C02F4784258
:10D4800000EB1323481C5B0900EB112003F4FC6341
:10D49000C0F3C42013431843BDE8F08100F8FF0037
:10D4A0002DE9F04F1C468BB00D461646616880464C
:10D4B000149A06AB206804369DF8549003C3106894
:10D4C000516803C306A8EEF7EDF8214608A8EEF769
:10D4D0002DF9BDF92020BDF9267002F00103BDF938
:10D4E00024B00493BDF91C3003F0010103910398AB
:10D4F000BDF92210034401FB032303EBD37305EBB7
:10D500006305BDF818301A44BDF81A301944404B71
:10D51000ADF820201868ADF822100368DB6A984740
:10D520003C4BBDF922101B88BDF9202003FB0122D2
:10D530007B4300EB420404EB430305935DE0049B53
:10D540002F4693B117F8013B03F00F0356F8231051
:10D550000B0E06D02288404600934B46FFF746FF4D
:10D56000208002340BF1FF3A23E0DA4621E03B78D9
:10D570001B0956F823100B0E08D034F8042C404633
:10D5800000934B46FFF732FF24F8040C17F8013BD9
:10D5900003F00F0356F823100B0E08D034F8022CBA
:10D5A000404600934B46FFF721FF24F8020CAAF1F6
:10D5B000020ABAF1010F04F10404D8DCA4F1040456
:10D5C0000DD13B781B0956F823100B0E06D022888C
:10D5D000404600934B46FFF709FF208002340D4B75
:10D5E000039A1B88A3EB0B0304EB4304BDF91C3027
:10D5F000134403EBD37305EB6305059B9C429ED359
:10D60000034B186803681B6B98470BB0BDE8F08F9D
:10D61000A42B03249C2B0324100AF0B500F0F8047B
:10D620001E469DF81450D70844EA5014887807F035
:10D63000FC0CD20010FB06F0C7F38117D3B2C2F383
:10D64000421204FB05004CEA07071A430B7884B228
:10D65000487813FB06F310FB06F0611C02FB053350
:10D6600007FB050001EB14219BB280B201F4784165
:10D67000421C02EB1022581C520900EB132002F44A
:10D68000FC62C0F3C4200A431043F0BD2DE9F04F03
:10D690008DB015460E461C469DF85C80169A049087
:10D6A000B8F1000F00F03E81206808AB61680435D6
:10D6B00003C31068516803C308A8EDF7F3FF2146C0
:10D6C0000AA8EEF733F8BDF92820BDF92E7002F054
:10D6D0000103BDF92C900693BDF9243003F001013C
:10D6E00005910598BDF92A10034401FB032303EBC0
:10D6F000D37306EB6306BDF820301A44BDF8223020
:10D7000019448A4BADF828201868ADF82A10036830
:10D71000DB6A9847864BBDF92A10B8F1FF0F1A88CB
:10D72000BDF9283002FB013300EB430402FB07F391
:10D7300070D06FEA080204EB4303D2B2079303925E
:10D740005FE0069B374693B117F8011B09F1FF3BD9
:10D75000039B01F00F012288049801EB4101009323
:10D7600043462944FFF758FF24F8020B24E0CB4638
:10D7700022E01978ABF1020B039B544609093AF8F1
:10D78000042C049801EB4101009343462944FFF720
:10D7900043FF2AF8040C17F8011B039B01F00F014B
:10D7A0003AF8022C049801EB4101009343462944C6
:10D7B000FFF732FF2AF8020CBBF1010F3B4604F1E0
:10D7C000040AD6DCA2460ED1397804F1020A039B82
:10D7D00009092288049801EB41010093434629443A
:10D7E000FFF71AFF2080524B059A1C88BDF92430A0
:10D7F000A4EB090413440AEB440403EBD37306EBD4
:10D800006306079BA3429CD8484B186803681B6BB0
:10D81000984787E004EB430246497FE0069BE3B16B
:10D82000334613F8017B07F00F0707EB470705EBBB
:10D83000070CEF5D9CF802009CF801C001EA002093
:10D840004FEACC0C0CF4FC6C40EA0C0040EAD70028
:10D8500009F1FF3724F8020B34E033464F4631E03C
:10D860000478023F240904EB440405EB040E2C5D0C
:10D870009EF802009EF801E001EA00204FEACE0E79
:10D880000EF4FC6E40EA0E0040EAD4002CF8040CC2
:10D8900013F8014B04F00F0404EB440405EB040EF1
:10D8A0002C5D9EF802009EF801E001EA00204FEA9C
:10D8B000CE0E0EF4FC6E40EA0E0040EAD400644640
:10D8C0002CF8020C012F184604F1040CC8DC204689
:10D8D00016D11F7802303F0907EB470705EB070C0D
:10D8E000EF5D9CF802309CF801C001EA03234FEA87
:10D8F000CC0C0CF4FC6C43EA0C0343EAD703238002
:10D900000B4B1C88BDF92430A4EB090400EB440444
:10D910000598034403EBD37306EB6306A2423FF67C
:10D920007DAF71E70DB0BDE8F08F00BFA42B0324DD
:10D930009C2B032400F8FFFF034608463A4930B504
:10D940000A684CF2402522F001020A604FF0E02103
:10D950004FF6F072D1F8004D1440AC4206D0D1F829
:10D96000004D4CF270251440AC4219D12F4A126878
:10D97000002A4DD12E4A1168C1F30B01B1F58A6F0F
:10D9800030D0116840F28344C1F30B01A14229D089
:10D99000126840F28541C2F30B028A4238D121E07D
:10D9A000D1F8004D4DF220251440AC420AD1214A55
:10D9B00040F28641D2F8F02FC2F30B028A421AD00D
:10D9C000002030E0D1F8001D0A404DF230218A429B
:10D9D0001ED1194A40F299411268C2F30B028A42E1
:10D9E00009D015E0154A0121C2F8081CD2F8081C1C
:10D9F0000029FBD107E0124A0121C2F8081CD2F825
:10DA0000081C0029FBD1C2F8003CD2F8003C07E01A
:10DA10000C4A0121916091680029FCD113601368C0
:10DA20001B1A5842584130BD002000E0002004E09D
:10DA30000010005C008000460040004E004002588C
:10DA4000004002460030024001617047837B4BB1C9
:10DA5000038901339BB2072B038181BF00234381DC
:10DA600083818373704700002DE9F0431E4685B023
:10DA70008388044690461C4AADF80630F31A00929B
:10DA80000F461BB2A28AC5880020002BBDF830903B
:10DA90008DF80400B8BF5B42ADF80850ADF80A60DD
:10DAA0001BB2ADF80C90934208DCA9EB05052DB232
:10DAB000002DB8BF6D422DB2AA4211DA2069694625
:10DAC000F71BA9EB080803685B689847002301204F
:10DAD00067812381A4F80C80A680A4F80690A07327
:10DAE00005B0BDE8F08300BF88070408F0B51E4606
:10DAF0004B1E044685B0012B0D461746006927D8FA
:10DB0000B4F90A20D31C9BB2062B0CD91C496368BC
:10DB100001910021ADF80A208DF8081001A90393A6
:10DB200003689B689847B4F90C202069D31C9BB20A
:10DB3000062B13D91249636801910121ADF80A201F
:10DB40008DF8081001A9039303689B68984705E0C6
:10DB500021B9A280E680A160A181A173094B01A92E
:10DB60002069019300238DF80850ADF80A70ADF8D4
:10DB70000C60ADF80E3003681B68984705B0F0BD27
:10DB80009C0704087407040810B4D0E901349C42CF
:10DB900003D85DF8044BEBF765BF5DF8044B7047A5
:10DBA0002DE9F04F8BB005468946CDE906239DF857
:10DBB000503008939DF854300993ECF7C3F8AE68E1
:10DBC0000446002E00F0CD806B68B342C0F0CB80DD
:10DBD000B0F902304FF00008B5F9342002EB030B26
:10DBE000DDE9062101FB03220592721E049200E08A
:10DBF0005346B4F902A0B4F9007053453A4608D030
:10DC0000B5F9343003EB0A0BDDE9063101FB0A33C9
:10DC10000593B4F906300AE034F9080FB8420FD181
:10DC2000B4F9020050450BD1B4F90600034404993D
:10DC3000B4F904000139804404910131ECD194E03D
:10DC4000002B42D0002F3CDBB5F93620BA4238DD3C
:10DC5000C3EB881395F83020DB10002BB8BF5B4274
:10DC6000012A07D1C3F30803B3F5807F02DDC3F5B2
:10DC7000007302E0FF2BA8BFFF23099A13FB02F3F6
:10DC80009BB25A1C1B0A13FA82F313F47F4F4FEA1C
:10DC9000232C16D05FFA8CF1D9F800006B8E02911C
:10DCA0000121089A13FA87F301910FFA8BF112FA06
:10DCB00087F21BB20091416912B248460E4605999F
:10DCC000B047049B7A1C01334BD0B4F90030981A4A
:10DCD00000288DDD002A03DA002B89DD184600229A
:10DCE000B5F93670BB4202DBB81A002880DD4FEA76
:10DCF000881395F83070DB10002BB8BF5B42012F02
:10DD000007D1C3F30803B3F5807F02DDC3F50073C9
:10DD100002E0FF2BA8BFFF23099913FB01F39BB27D
:10DD20005F1C1B0A13FA87F313F47F4F4FEA232C6F
:10DD30003FF45EAF6B8E00B20899D9F8007013FA09
:10DD400082F3019011FA82F20FFA8BF05FFA8CF1F4
:10DD500000901BB2029112B27F6948460599B847FC
:10DD600046E7012005E0002003E0002B7FF46AAFC6
:10DD7000F7E70BB0BDE8F08F2DE9F3411E46334BBA
:10DD8000002500F1140804461746C0E900319388C5
:10DD9000858103819DF82030C5818372058245828B
:10DDA0004046EBF7ADF984F84450A4F846506B4672
:10DDB000A565A4F85C50A4F86850C4E91255C4E9FC
:10DDC0001455C4E91855C4E91B5530687168728848
:10DDD000358803C37B88B6F9040013443A88B6F942
:10DDE00006102A44E38120826846A2816182394676
:10DDF000EDF79CFC04F10C00EDF754FCBDF902308A
:10DE0000BDF800204046A4F84830A4F84620EBF7BF
:10DE10005BF9BDF90030B4F9122020465B01E364E0
:10DE2000BDF902305B012365BDF904305B01636518
:10DE3000BDF906305B01A365B4F91030A4F84A308F
:10DE4000C4E90F3202B0BDE8F08100BFDC0A04086B
:10DE500038B590F85C30044693B190F8683090F88B
:10DE6000692013420CD100F1140523B1D0E9181236
:10DE70002846FFF789FE2846D4E91B12FFF784FEE7
:10DE8000002384F85C30D4E90603984234BF0020B4
:10DE9000012038BD2DE9F341837A044659434D1CD6
:10DEA000ADB205EB11252D1200F09E8090F85D308B
:10DEB000002B00F09980FFF7CBFF0746002800F009
:10DEC000948060684B4E036837689B6898470146AA
:10DED0003846E8F775FB0746D5F76CF903685B6BC6
:10DEE00098478046D5F766F903681B6B98470B285F
:10DEF00064D8DFE800F0404A5A0663192F535353A1
:10DF00005353B4F90C10B4F90E3000290A4608FB3B
:10DF100003F3B8BFCA1D03EBE2031F444B4201F0F9
:10DF2000070103F0070311E0B4F90C10B4F90E3047
:10DF300000290A4608FB03F3B8BFCA1C03EBA2037F
:10DF40001F444B4201F0030103F0030358BF594241
:10DF5000C8B234E0B4F90C10B4F90E2001EBD1735F
:10DF6000002901F001014FEA6303B8BF494208FBF1
:10DF700002331F44ECE7B4F90E30B4F90C2008FB6F
:10DF800003F303EB42031F4419E0B4F90E2003210D
:10DF9000A38908FB02F213FB01230EE0B4F90E2063
:10DFA000B4F90C3008FB023307E0B4F90E30B4F9D1
:10DFB0000C2008FB03F303EB82031F440020EDB2A7
:10DFC0003A460FFA88F3CDE9000504F114006168C0
:10DFD000FFF7E6FD0746606803681B6998473068ED
:10DFE00003681B6B984700E00127384602B0BDE884
:10DFF000F08100BFA42B0324064B10B51B78012B26
:10E0000007D1B0F908000B681468C3EB4013136024
:10E010000C6010BD962B032437B590F85C30044695
:10E02000CDE9002183B96A4601A92046FFF7E4FF44
:10E03000E36C0199009AC91A236DD21A0191002A42
:10E04000009206DA01230AE0FFF702FF0028EAD176
:10E050002DE0A36D9A42B4BF002301235B00002989
:10E0600006DB606D8142B4BF00200120C00000E0EB
:10E07000042043EA0005034303D0002384F85C3006
:10E080000DE084F86930D4E90630984203D804F1F1
:10E090001400EBF702FD40F20113A4F85C30019A82
:10E0A000009BE266236784F86850C4E9182303B034
:10E0B00030BD2DE9F3410446CDE900216A4601A9AE
:10E0C000FFF79AFFE36C019E009FF61A236DFF1A7B
:10E0D0000196002F009706DBA36D9F42B4BF00237B
:10E0E00001235B0000E00123002E06DB656DAE42DC
:10E0F000B4BF00250125ED0000E0042545EA030238
:10E1000094F86830154623B93A46314604F11400B4
:10E110001DE00AB11A401DD194F85C0004F1140806
:10E12000D4E9181268B984F86930D4E90630984205
:10E1300002D84046EBF7B1FC40F20113A4F85C3082
:10E1400002E04046FFF720FD3A4631464046FFF7E1
:10E150001BFD2A46019B84F868202366009B6366AA
:10E1600002B0BDE8F0810000044B10B5044640F851
:10E17000143BEAF7A1FF204610BD00BFDC0A0408EB
:10E1800010B50446FFF7F0FF7421204600F008F8B0
:10E19000204610BD03460846194608F011BB00BFD3
:10E1A00000F064B90368DB0705D443782BB9012379
:10E1B0004370184670470020704710B5042000F0E7
:10E1C000C3F9044600F026F8024A0349204600F04D
:10E1D000EBFA00BFE5E102080C0B04080123036021
:10E1E000704700BF10B5034B0360044600F054FABB
:10E1F000204610BD200B040810B5054B03600446F3
:10E2000000F04AFA20460421FFF7CAFF204610BD5D
:10E21000200B0408014B0360704700BF200B04086B
:10E2200010B5034B0360044600F0C2F8204610BD51
:10E23000680B040810B5054B0360044600F0B8F8FD
:10E2400020460C21FFF7ACFF204610BD680B0408E8
:10E2500070B582B00446069E96420D4609D0A0686D
:10E2600004680696246A2946A44602B0BDE87040B8
:10E27000604719460192009300F064F8DDE900322E
:10E280000028ECD0062002B070BD00BF2DE9F04F91
:10E290000D4681B01946DDE90A8BDDE90CA91C4663
:10E2A0000746164600F04EF880B9D04527D0B8682A
:10E2B00023460468CDE90CA9CDE90A8BE46932460E
:10E2C0002946A44601B0BDE8F04F6047002DC9F8CB
:10E2D000008089F804600CDBA844C24514BF4FF0ED
:10E2E00001084FF0060889F80680002001B0BDE85B
:10E2F000F08F0235F9D1012389F80630F5E7594648
:10E30000384600F01FF80028D1D089F80560ECE706
:10E310002DE9F04106460F4614461D4600F082F8EE
:10E3200048B9B068016822468C692B463946A44634
:10E33000BDE8F0416047BDE8F08100BF704700BF15
:10E3400000207047814211D008B5406803782A2B1D
:10E350000AD049680B782A2B08BF0131D1F7B0FFEA
:10E36000B0FA80F0400908BD002008BD01207047C8
:10E3700070B5036884B000249E6903941023154689
:10E380000293CDE900446B461268B0479DF8043013
:10E3900003F00603062B03BF009B2B6001202046E1
:10E3A00004B070BD009890420CBF06200120704759
:10E3B00010B5034B03600446FFF7C0FF204610BDB5
:10E3C000DC0B040810B5054B03600446FFF7B6FFED
:10E3D00020460821FFF7E4FE204610BDDC0B0408B0
:10E3E0002DE9F041069F0899099E8F420446904608
:10E3F0001D460CD029462046FFF7A4FF20B101237B
:10E40000376086F80480B3710020BDE8F081079979
:10E41000FFF798FF0028EDD086F805800020BDE8C2
:10E42000F08100BF38B515461C46FFF78BFF00B9D9
:10E4300038BD082206232560E260237138BD00BF85
:10E440002DE9F041064617461D460C46FFF77AFFB8
:10E4500048B9032D07D823683A46314620465B6900
:10E46000BDE8F0411847BDE8F08100BF07F08CBC63
:10E470001E494B6830B550F8085CA0F108042BB376
:10E4800004EB050E734521D85A6826D001F1040C1F
:10E4900032B90EE0516803F1040C134639B10A4653
:10E4A0009645F7D802BFDEE900215960AD18DCF8C7
:10E4B00000301A6899188C420CD05B6840F8043C14
:10E4C000DCF8003040F8085C5C6030BD40F8043C8B
:10E4D0004C6030BD2A441A6030BD1B6840F8042CE3
:10E4E0002B4440F8083C4C6030BD00BFF835032495
:10E4F000144900F108034868082B38BF0823F8B115
:10E50000073323F00703043102E0011D406880B1A6
:10E5100002689342F9D830B4D41A072C456809D957
:10E52000C2185560C450086830BC036008300A60E7
:10E530007047704702602A46083030BC0A60704756
:10E54000704700BFF835032410B500F18004204661
:10E5500007F012FC034630B180220021184609F072
:10E56000FDFE803010BD2046FFF7C2FF03460028A5
:10E57000F2D100F0ADF800BF064BD3E9022380389A
:10E580001344984203D2824201D2FFF771BF07F0D1
:10E59000FBBB00BFF83503242DE9F041394D3A4863
:10E5A00088B00026C5E90166EE6007F097FB374B9F
:10E5B000374A0821CDE902130923CDE90463042376
:10E5C000CDE9062300283CD0324E044623783A2B6E
:10E5D00008BF01340F222146304609F011FE10B960
:10E5E000E37B2E2B17D020463A2109F009FF044681
:10E5F0000028EBD1079A049C402AA8BF4022002C97
:10E6000008BF06243E3402FB04F4A400EC60DCB92D
:10E6100008B0BDE8F081103402AFD7F80080786808
:10E6200021464246B8F1000F02D009F0E9FD18B9C1
:10E6300014F808303D2B11D00C3708AB9F42ECD1B9
:10E64000D1E74FF48864EC60204607F095FBA860A2
:10E65000A8B10023C0E900436860D9E708F10100D0
:10E660002044002201A908F09DF8019C23783A2B50
:10E6700001D0002BB7D10028A8BFB860B3E7E8608D
:10E68000C6E700BFF8350324000C0408140C040886
:10E69000200C04082C0C0408704700BF704700BF12
:10E6A000004870473C0C0408004870474C0C0408B4
:10E6B00010B504210446FFF773FD204610BD00BFCE
:10E6C00008B5804707F0DCFA06F0C0FC07F0D8FA7E
:10E6D00008B5034B1868BFF35B8FFFF7F1FF00BF6E
:10E6E000E400002408B58047FFF7F2FF08B5034BAC
:10E6F0001868BFF35B8FFFF7F5FF00BFE000002451
:10E70000024B1868BFF35B8F704700BFE400002422
:10E71000024B1868BFF35B8F704700BFE000002416
:10E72000012810B51AD8BFF35B8FA1F1280353E875
:10E73000002F013A43E800200028F8D1BFF35B8F97
:10E740005AB951F81C3C01F158040BB120469847C6
:10E750002046BDE81040FFF70FBF10BD51F8140C64
:10E76000FFF7AEFF002310B540E91E1240F8803CD1
:10E770000446FFF7CDFF44F8700CFFF7C1FF0749CF
:10E78000074A084B44F8581C44F8542C44F86C0CC5
:10E7900044F8503CA4F1800010BD00BF474E5543E3
:10E7A000432B2B0021E7020870B504460D461646A0
:10E7B00006F0D4FC436801333246294643602046C4
:10E7C000FFF7D0FF0446012344F8283B2046D2F748
:10E7D000A1FB204606F03AFCFFF77AFF10B506F0E1
:10E7E000BDFCD0E900420132426064B194F82020BF
:10E7F000472A0AD00022026020342046D2F7AEFB1E
:10E80000204606F023FCFFF763FF94F821204E2AF0
:10E81000F0D194F82220552AECD194F82320432AF1
:10E82000E8D194F82420432AE4D194F825202B2A17
:10E83000E0D194F826202B2ADCD194F82720012A55
:10E84000D8D8626952426261D6E700BF70B53B4BCF
:10E850001A7882B0002A41D101241C7006F070FFA2
:10E86000002831D04468364D23782A2B08BF013464
:10E8700000224FF0FF30114601AB0190204606F018
:10E88000BFFA2B683022DB68064601212D4809F0CB
:10E8900049FB019B93B12B682046D96809F034F9F4
:10E8A0002B682948DB680222012109F03BFB019B10
:10E8B00013B9304607F068FAFFF790FF2B6830462F
:10E8C000D96809F021F9EBE71D4B20481B682D2280
:10E8D000DB68214609F026FB07F0D2F9184B1C48EB
:10E8E0001B681D22DB68012109F01CFB07F0C8F939
:10E8F00001290C4619D106F0A9FB03689B689847CB
:10E900002B682146DB6804460B22124809F00AFBFB
:10E910002B682046D96809F0F7F82B680A20D968D7
:10E9200009F080F806F0D0FBD6E706F08FFB06F082
:10E93000CBFBD1E706F0C8FB06F0C0FA083603248B
:10E9400070060024800C0408B40C0408B80C0408F9
:10E95000600C0408E80C0408312970B584463CD8E2
:10E9600028290AD9A1F12900082834D8DFE800F0C5
:10E970001A191833181A1A4119000A290ED9A1F1C7
:10E980000B052F48EDB20124AC40204088BB14F4A5
:10E990007F1F07D12B48204010B970BD042916D81D
:10E9A000CAB1C3B1DCE90540844214DADCF8105086
:10E9B00004EB840E05EB8E0001340026C0E90166ED
:10E9C000CCF8144005F82E10C0E9032370BDA1F166
:10E9D000090001280DD9002070BD4F290CD833291A
:10E9E000F9D9A1F134051848EDB20124AC4020401A
:10E9F000F0B1002AD6D1EEE7A1F152000928D1D812
:10EA000001A454F820F000BFF3E90208A3E90208CA
:10EA1000A3E90208A1E90208F3E90208F3E9020800
:10EA2000A5E90208F3E90208F3E90208F3E902089C
:10EA3000064820400028B3D14E29B3D070BD00BF96
:10EA4000FE1F802F010040000711C701F82E000AA9
:10EA5000F0B5C26811786E29864625D03039CBB220
:10EA6000092B2BD80026164D00206FF0004402E041
:10EA7000B0EBD30F15DC0132CEF80C201378303B0D
:10EA80005FFA83FC00EB800001EB4000BCF1090F52
:10EA90001946A4EB0303A5FB0373E9D906B1404271
:10EAA000F0BD4FF0FF30F0BD531CC36051783039DA
:10EAB000CAB2092A02D81A460126D4E70020F0BDBE
:10EAC000CDCCCCCC10B5044629B9C3681A786AB14C
:10EAD0005A1CC260197868290CD0762906D12046C4
:10EAE000FFF7B6FFE3681A785F2A01D0002010BD57
:10EAF0000133E3602046FFF7ABFFE3681A785F2A33
:10EB0000F4D10133E360012010BD00BFC3681A785F
:10EB10005F2A01D00120704710B55A1CC2605A7894
:10EB20005F2A044604D0FFF793FFC043C00F10BD17
:10EB30000233C360FFF78CFF002807DB092801DCE4
:10EB4000012010BDE3681A785F2A01D0002010BDB3
:10EB50000133E360F4E700BF002900F0918038B58D
:10EB600005460C46A268012A35DCD5F81C01B0F533
:10EB7000806F30DC23780132412BA2602CD8222B0D
:10EB800018D8013BDAB2212A25D8212B23D8DFE877
:10EB900003F05151517022221F1F515151515151B7
:10EBA0005151515151515151512251515151515184
:10EBB00051515151A3F1230C32495FFA8CFC0122CF
:10EBC00002FA0CF21140A9BB920748D1332B02D1B3
:10EBD0002469002CC6D138BD443BDAB2112AFAD8D8
:10EBE000112BF8D801A252F823F000BF35EC02082F
:10EBF00057EC020857EC020857EC020857EC0208E1
:10EC0000D7EB020835EC020835EC020835EC0208B7
:10EC100035EC020835EC020835EC020835EC020848
:10EC200035EC0208D7EB0208D7EB0208D7EB020855
:10EC300057EC0208E1680130C5F81C012846FFF7CF
:10EC40008BFF21692846FFF787FFD5F81C31013B70
:10EC5000C5F81C3138BDE468002C83D1BBE7E168FE
:10EC60000B78052BE7D1D5F838310133C5F83831A9
:10EC7000E1E7D5F84431E1680133C5F84431DAE71A
:10EC8000704700BFEC7DFE7F20B909E039B1006913
:10EC9000013930B103782F2BF8D000207047C068BD
:10ECA000704770472DE9F04114465268A568D4F8C2
:10ECB0000C804B1C1344AB4282B00E46074614D85E
:10ECC000B8F1000F0ED16368206832461844394607
:10ECD000D1F7B6FCD4E90032334403F8028063680C
:10ECE0003344636002B0BDE8F081B8F1000FF9D1A0
:10ECF0007DB16D00AB42FCD82068294607F00AFBC5
:10ED000060B1D4F80C802060A560B8F1000FDAD0B3
:10ED1000E8E7022B4FF00205EBD8EDE70190206801
:10ED200007F032F8019B0122C4E90033C4E9023242
:10ED3000D8E700BF03784B2B17D00ED8442B16D141
:10ED40004078A0F17703012B0FD900F0DF00A0F18C
:10ED50004F00B0FA80F040097047562B05D0A3F160
:10ED60007200B0FA80F0400970470120704700201F
:10ED7000704700BFD0F80031FF2B70B504460D4638
:10ED800006D05A1CC4F80021E55484F8045170BD23
:10ED90000026194680F8FF60D0E942329847D4F83F
:10EDA0002811012233461144C4F82811C4F8002167
:10EDB000E55484F8045170BDD0F810318BB15A6815
:10EDC000CB681069002B0BDB20B906E03BB1006972
:10EDD000013B10B102782F2AF8D000207047C0689C
:10EDE00070470123C0F81831F7E700BF002941D070
:10EDF00038B505460C462378332B1DD8332B24D841
:10EE0000DFE803F02B232323232D2B282823232380
:10EE10002323232323232323232323232B232323BA
:10EE200023232323232323232323232B23232323AA
:10EE30002323232323232B28423BDBB21A2B04D882
:10EE40000D4A22FA03F3DB0707D4E1682846FFF7EF
:10EE5000CDFF18B92469002CCDD1002038BD214642
:10EE60002846FFF7A9FF0028F7D003782F2BF5D00D
:10EE70000020F3E700207047E30C00042DE9F04187
:10EE8000044608460D46D1F77BFC40B3013DD4F85B
:10EE900000112F184FF0000809E00B46BD4201F1A8
:10EEA0000101C4F80011E65484F8046117D0FF2969
:10EEB00015F8016FF1D1D4E9423284F8FF80204681
:10EEC0009847D4F82821012100230A44BD42C4F800
:10EED0002821C4F80011E65484F80461E7D1BDE8A4
:10EEE000F08100BF38B5C2681378542B24D1531C6D
:10EEF000C36052785F2A044620D06E2A1CD0FFF7E8
:10EF0000A7FD411C18D4E3681A785F2A14D1D4E90C
:10EF1000052001338242E3600EDA236902EB820CA2
:10EF200003EB8C0001320025C0E901556261052226
:10EF300003F82C20C16038BD002038BD0021E6E771
:10EF40002DE9F04188B00A4604461A4901A809F0A3
:10EF500035F801A8D1F714FC40B301ADD4F8001185
:10EF60002F184FF0000809E00B46BD4201F10101E6
:10EF7000C4F80011E65484F8046117D0FF2915F88D
:10EF8000016BF1D1D4E9423284F8FF8020469847E2
:10EF9000D4F82821012100230A44BD42C4F82821C5
:10EFA000C4F80011E65484F80461E7D108B0BDE864
:10EFB000F08100BFF40C04082DE9F0410446FFF78E
:10EFC00047FD051E44DDE66863689B1B9D423BDCF4
:10EFD000A26873195207E36004D5725D242A04BF46
:10EFE0000133E360092DD4E905781FDD27490822A4
:10EFF000304609F005F930B9337A2E2B2BD05F2B30
:10F0000029D0242B27D047451EDA206907EB870338
:10F0100000EB830001370023C0E90133676100235F
:10F02000C0E90133C0E9036503700EE047450BDA20
:10F03000206907EB870300EB830001370023C0E959
:10F0400001336761002EEAD10020A062BDE8F081A3
:10F050000020BDE8F081737A4E2BD4D1E36A1633D9
:10F060005B1B4745E362EFDA2169094A07EB87003A
:10F070008500002301EB800001376761C0E901339F
:10F080004B551523C0E90323DFE700BFF80C040844
:10F09000040D04082DE9F041C3681A78532A26D1DB
:10F0A0005A1CC2600446587848B39A1CE2605878EB
:10F0B0005F2846D0A0F13003DAB2092A1BD800221B
:10F0C00005E0E56008785F2831D0A0F13003D9B2BF
:10F0D000092902EBC20300EB83031ED8303B9A429E
:10F0E00005D8E16808781A464D1C0028E9D10025AA
:10F0F0002846BDE8F081A0F14102192ADFD9A368B2
:10F100001B0720D409BB434B03F1C4051A78824284
:10F1100023D01C33AB42F9D1E9E7A0F14103192B0D
:10F12000E5D802EBC20300EB8303373BD7E701339B
:10F13000226A9A42DBD9E26952F823502846BDE898
:10F14000F0810023F4E70121DDE7E3681978433912
:10F1500001298CBF00210121D5E75E69D4E9052092
:10F16000AEB18242D3F8188052DA276902EB820CE2
:10F1700007EB8C054FF0000EC5E901EE01324FF0B0
:10F18000180E626107F82CE0C5E90368A562002942
:10F1900039D0D3E90371E36A82420B44E36235DA82
:10F1A000236902EB820003EB800501320026C5E9EA
:10F1B00001666261182203F82020C5E90371E36843
:10F1C0001A78422A94D1A66A0133E3602046FFF7F9
:10F1D000F3FE2A4603464D212046FFF7BDFBE368B8
:10F1E0001A78422A0546EFD0A66200283FF47FAF86
:10F1F000D4E908329342BFF67AAFE1695A1C41F86C
:10F200002300226274E7D3E90171C4E70025D6E741
:10F210000025BBE734180408F8B5C3681A78572AE4
:10F2200028D104460E4607E0E569E36845F8220068
:10F2300021621A78572A1DD15A1CE2605A78502A46
:10F240004FF0530502D10233E3605425204637685E
:10F25000FFF7B2FE3A46034629462046FFF77CFBFD
:10F26000306030B1D4E908239A4202F10101DBDBBE
:10F270000020F8BD0120F8BD2DE9F043C16885B03C
:10F2800004460846FFF756FDF0B90B78552B4DD8CC
:10F29000402B78D9413B142B75D8DFE813F04B0194
:10F2A00074003701F70074004501A5007400740074
:10F2B0007400740074008A0174009700890074005F
:10F2C0007B007400CB00B30000226946204601F0A9
:10F2D000C9F90546002800F09C81E3681B78462B9D
:10F2E000204620D0FFF7C8FF2860002800F0918159
:10F2F00003781F3B012B05D8009AC368C2602A68B7
:10F3000000922B600098002800F08381D4E9083235
:10F31000934280F27E81E1695A1C41F82300226207
:10F3200005B0BDE8F08300F0F1FBDDE7A3F1610279
:10F330000546D0B2192826D8A84E012383401E4086
:10F34000002E40F0C98214281DD10131E160204611
:10F35000FFF732FE3346024628212046FFF7FCFA2B
:10F3600005460090002D00F05481D4E90832934204
:10F3700080F24F81E169009841F823505A1C2262C3
:10F3800005B0BDE8F0830121204605B0BDE8F0439B
:10F3900001F012BA0131E1602046FFF76DFF002352
:10F3A000024623212046FFF7D7FA05460090D9E709
:10F3B0000131E1602046FFF75FFF00230246222172
:10F3C0002046FFF7C9FA05460090CBE70131E1601E
:10F3D0002046FFF751FF0023024624212046FFF775
:10F3E000BBFA05460090BDE70131E1602046FFF71A
:10F3F00043FF0023024626212046FFF7ADFA0546CB
:10F400000090AFE70131E1602046FFF7D5FDE368EA
:10F4100000901A78492A054600F07E822046FFF7C0
:10F420002BFF2B46024621212046FFF795FA054681
:10F43000009097E72046FFF755FDE6680090337887
:10F44000492B05468ED1636B002B40F09B82002830
:10F4500000F0DF80D4E908218A4280F2DA80E16995
:10F4600041F82200013222623278493A012A05D855
:10F470000136E660204601F0A7FE03462A46042135
:10F480002046FFF769FA054600906BE74B1CE360E6
:10F490004B78002B00F0BD808B1CE3604B78463B23
:10F4A000302B00F2B680DFE813F0B600B400B400F1
:10F4B000B400B400B400B400B400B400B400B400AC
:10F4C000B400B400B4009B00B400B400B400B400B5
:10F4D000B400B400B400B400B400B400B400B4008C
:10F4E000C501B400F500AD0195017D01B4006501D1
:10F4F000F301B400B400B400B400DB01B4000B02AB
:10F50000B400B4004D019B0035010A010131E160F6
:10F510002046FFF7B1FE0023024625212046FFF7D3
:10F520001BFA054600901DE7204600F0EFFA05465D
:10F53000009017E7481CE0604A785F2A00F0EA81F3
:10F54000303A092A00F2F58103461D460133E36093
:10F550001A78303A092AF8D9A5EB010ED4E9052129
:10F560008A4256DAD4F8108002EB820C002108EBB4
:10F570008C0701328E45C7E901114FEA8C0C62619C
:10F5800047DDC7E9011108F80C10C7E9030E6A78D6
:10F5900018465F2A3DD10130E0602046FFF76CFE3F
:10F5A0003A4603462A212046FFF7D6F90546009041
:10F5B000D8E60131E1602046FFF75EFE054640B324
:10F5C0002046FFF759FE034618B32A462B21204652
:10F5D000FFF7C2F905460090C4E600BFFF7BEC03CD
:10F5E0000123256B2363204600F08CFD2563024632
:10F5F000002344212046FFF7AFF90546009040B1B3
:10F60000E3681A782AB15A1CE2601B78452B3FF454
:10F61000ACAE002084E62046FFF71AFAE3681D78B6
:10F62000622D024600F0D281782D02D05F2DF0D1FC
:10F630000025D4E9051081420FFA82FE03F101038F
:10F6400080F2ED812769142001FB00F03E180131A2
:10F650004FF0000CC6E901CC61614FF05C0CBC4975
:10F6600007F800C0F160A6F810E0BA49B57401A827
:10F67000E360009608F0A2FC01A8D1F781F8F368D6
:10F68000E26A5B681344002D18BF013303440098FD
:10F69000E36245E6D4E905329342BADA2269AE491B
:10F6A00003EB830085000133636102EB80000023DC
:10F6B000C0E9013353550E23C0E9031330E68B78BC
:10F6C0005F2B00F09E81D4E905329342A1DA2269D2
:10F6D00003EB830102EB810501330020C5E9010042
:10F6E0006361432302F821302046FFF7B1F9E86057
:10F6F000E3681A785F2A8CD10133E3602046FFF774
:10F70000BBFD2A4603462D212046FFF725F9054675
:10F71000009027E6D4E90532934280F28581226980
:10F7200003EB830102EB810001330025C0E90155A1
:10F730006361272302F82130E36A884AC2600733F5
:10F74000E362EDE5D4E90532934280F26D812269EE
:10F7500003EB830102EB810001330025C0E9015571
:10F760006361272302F82130E36A7D4AC2600833CF
:10F77000E362D5E5D4E90532934280F255812269EE
:10F7800003EB830102EB810001330025C0E9015541
:10F790006361272302F82130E36A724AC2600433AE
:10F7A000E362BDE5D4E90532934280F23D812269EE
:10F7B00003EB830102EB810001330025C0E9015511
:10F7C0006361272302F82130E36A674AC260093384
:10F7D000E362A5E5D4E90532934280F225812269EE
:10F7E00003EB830102EB810001330025C0E90155E1
:10F7F0006361272302F82130E36A5C4AC2600A335E
:10F80000E3628DE5D4E90532934280F20D812269ED
:10F8100003EB830102EB810001330025C0E90155B0
:10F820006361272302F82130E36A514AC260093339
:10F83000E36275E5D4E905329342BFF6EAAE226988
:10F840004C4903EB830085000133636102EB8000C8
:10F850000023C0E9013353550423C0E903135FE5D6
:10F86000D4E90532934280F2DF80226903EB830101
:10F8700002EB810001330025C0E9015563612723B4
:10F8800002F82130E36A3C4AC2601133E36247E583
:10F89000D4E90532934280F2C780226903EB8301E9
:10F8A00002EB810001330025C0E901556361272384
:10F8B00002F82130E36A314AC2600833E3622FE57F
:10F8C0002046FFF7D9FC002302464C212046FFF7D3
:10F8D00043F80546009045E5294802EB820300EB1A
:10F8E0008302D4E90530834280F2A180266903EBCC
:10F8F000830C06EB8C000133C0E9015563612723BB
:10F9000006F82C30C260E36A526801311344E160AA
:10F91000E36205E500273EE60133E360204601F09F
:10F9200053FC2A46034604212046FFF715F80546F6
:10F9300074E50123256B2363204600F0E3FB256378
:10F94000074600283FF465AEE068027821E600BF74
:10F9500030200408F40C0408240D0408E01F0408F7
:10F96000F41F0408CC1F0408901F0408B81F0408E3
:10F97000A41F04081C0D04081C2004080820040807
:10F98000881D0408731CE3602046D4F81490D4F852
:10F990002080E76A01F018FCE3681B78492B06D049
:10F9A000E660C4F81490C4F82080E762DAE4002D21
:10F9B0003FF42FAED4E908239A42BFF62AAEE1699C
:10F9C00041F8225001320346226257E510287FF4A5
:10F9D00020AED4E9052101338A42E36024DA2069AC
:10F9E000142302FB03F3C11801320025C1E90155BC
:10F9F00062612722C254E36A0E4A0091CA600F3343
:10FA000045E603310123266BE1602363204600F0C5
:10FA100079FB2663054600287FF46AAEF9E50649BE
:10FA2000E36001A808F0CAFA0023DB68FFDEEB6898
:10FA3000FFDE00BF44200408F40C040830B504467F
:10FA400083B0E2680023019313784F2B01AD204669
:10FA500017D01FD82E2B17D0452B15D0A3B1FFF7E9
:10FA60000BFC024600232E2120463AB3FEF774FF1A
:10FA7000286018B3E26813784F2B00F11005204678
:10FA8000E7D15378452BEAD10198B8B103693BB16E
:10FA900003B030BD522BE2D15378452BDFD1F3E7D1
:10FAA000C26811782729F3D1D268117C0929EFD1D6
:10FAB000E16A5268891AE162C360E9E7002003B095
:10FAC00030BD00BF70B5C3681A784A2A05461AD0FF
:10FAD00081B12846FFF7D0FB044690B12846FFF7D6
:10FAE000ADFF034668B1224628462921BDE8704093
:10FAF000FEF732BF28460C46FFF7A0FF034600285A
:10FB0000F1D1002070BD0133C360E2E770B5044657
:10FB1000806810F480200BD1E26BB2F5006F06D83C
:10FB2000511CE368E1631978462907D0E26370BD90
:10FB3000E3681A78462A01D0002070BD5A1CE260A2
:10FB40005A78592A04BF0233E36001212046FFF7A7
:10FB5000B9FFE5682B78522B1AD04F2B0AD0452BD2
:10FB6000A36806BF0135E56000205B03DFD4E26BCC
:10FB7000013ADBE7E36A202103336E1CE3620246AD
:10FB80000023E6602046FEF7E7FE6B783546E6E7A1
:10FB9000E36A1F210233F0E7C3681A78542A42D17E
:10FBA00070B55A786E3A04460D460B2A11D8DFE834
:10FBB00002F01C10061010102A1010101012023340
:10FBC0002946C360FFF7E8FF5B21024638B90123ED
:10FBD0002B60002070BD0233C360582100222046F4
:10FBE0000023BDE87040FEF7B7BE0233C360FFF7E5
:10FBF00043FB02460028EAD020465921BDE8704068
:10FC00000023FEF7A9BE0233C360294600F00EF8B8
:10FC100002460028DBD0E36819784529D7D10133A3
:10FC2000E3605A21DBE70020704700BF70B582B067
:10FC3000002305460E46019301AC02E0236003F168
:10FC4000100431462846FFF7A7FF03460028F5D1E8
:10FC5000019A32B15721284602B0BDE87040FEF744
:10FC60007BBE02B070BD00BFF8B5C3681F78064602
:10FC7000A7B35A1CC26093F801E01F78BEF1000FD1
:10FC80002ED1384D482100228B1A03EBD37302EB9F
:10FC90006303180105EB031C2C582078B84206D0EA
:10FCA00094BF5A1C19468A42EED10020F8BD6078F4
:10FCB0007045F5D1D6E905329342F6DA326903EBA5
:10FCC000830102EB810001330024C0E90144736128
:10FCD000322302F82130C0F80CC0F8BDBE46D0E790
:10FCE0009A1CC260762F93F801E01FD1AEF1300468
:10FCF000E3B2092BC5D8FFF75FF9D6E905318B428E
:10FD00000246D2DA376903EB830107EB8100013346
:10FD10000025C0E9015589007361002AC5D033234D
:10FD2000C0E901557B54C0E90342F8BD632FA8D157
:10FD3000BEF1760FA5D1D0E90C34B3FA83F35B0999
:10FD40004363FFF799FA736B024633B10023352101
:10FD50003046FEF701FE7463F8BD34213046FEF7ED
:10FD6000FBFDF8E7F81804082DE9F04184B00E46D1
:10FD700001A904460192FFF74FFA002800F0EC8039
:10FD8000E2681378A3F13001092979D9A3F161015F
:10FD9000192929D86F2B276B00F0A1802046FFF787
:10FDA00063FF27630546002800F0C8800378322BE4
:10FDB0006AD1C268E36A9168126807330B44E36250
:10FDC00013786C2B60D15378692B5DD19378002B1D
:10FDD0005AD12046FFF7F0F82A460346372120463D
:10FDE000FEF7BAFD05464FE0442B00F08180A3F1F9
:10FDF0004301012940F28D804C2B00F0A180552B4E
:10FE000040F0AA8053786C2B00F0EF80742B40F008
:10FE1000A380531CE3605378019D742B40F08E80C7
:10FE2000931CE36092785F2A00F061816E2A00F0F3
:10FE300062812046FEF70CFE01307FD4E3681A7819
:10FE40005F2A7BD101336269E360A3699A4275DA64
:10FE5000236902EB820103EB810501320027C5E92A
:10FE600001776261492203F82120D4E908329342E4
:10FE7000E86063DAE26942F823500133236203E069
:10FE80002046FFF799F80546019B2BB12A465521DC
:10FE90002046FEF761FD0546E3681A78422A0BD03A
:10FEA00036B12B46324601212046FEF755FD054668
:10FEB000284604B0BDE8F081A76A0133E36020461C
:10FEC000FFF77AF82A4603464D212046FEF744FD07
:10FED000E3681A78422A0546EFD0A762E0E7537834
:10FEE0006E2B7FF45BAF02320023E260236355E7A1
:10FEF0005378432B5BD0A16A19B1087890B11828C8
:10FF000010D0303B052B19D8DFE803F045284B18FB
:10FF1000484EA16A002900F0B1800B7813B1182B6C
:10FF200040F0AC80E36A08690344E3621378432B32
:10FF300000F0A480442B08BF5378E2D00025A3E74B
:10FF40000132E2602046FFF737F8054620B120462F
:10FF5000FEF7DCFD002897D10025A9E74FF0020C41
:10FF60000232E260D4E905329342E7DA276903EB13
:10FF7000830207EB820501330020C5E901009200EE
:10FF800063610029DAD00823C5E90100BB5485F874
:10FF90000CC0296178E74FF0010CE1E74FF0040C49
:10FFA000DEE74FF0030CDBE74FF0050CD8E7023239
:10FFB000E26000272046FEF7FFFF002302465221A1
:10FFC0002046FEF7C9FCB8460746B8F1000F0AD034
:10FFD000C8F81000002FB1D0E3681A78452AE9D19B
:10FFE0000133E36050E70546F4E7531CE3605378C0
:10FFF0006C2BA3D102320023E26003A920460393B5
:020000040803EF
:10000000FFF714FEDDF80C800746B8F1000F95D11C
:100010002046FFF713FD002890D0002F69D03861EB
:10002000E2681378452B89D1531CE36052785F2A2C
:100030000DD06E2A82D02046FEF70AFD10F101088D
:100040003FF57CAFE3681A785F2A7FF477AF01331E
:10005000E360D4E905329342BFF670AF226903EB47
:10006000830102EB810501330020C5E901006361D2
:10007000472302F82130C5E9037805E75378492B77
:1000800024D0A3F1310004283FF658AF303B0232B0
:10009000DFB2E260D4E905329342BFF64FAFD4F845
:1000A00010C003EB83020CEB820501330020C5E98D
:1000B00001009200636100293FF440AF0723C5E9C6
:1000C00001000CF802302F732961DDE6531CE36058
:1000D0009378A3F1310104293FF630AF0332303B6E
:1000E000E2602046DFB2FFF7C7F8A16AD2E700203E
:1000F000A8E6074694E7002D3FF4D2AE2B46002534
:10010000C4E600BFC26813784C2B00F0FA80542B71
:1001100000F0F980732B2DE9F041044624D0662BC2
:100120005AD0A3F13001092947D96F2B40D0692B50
:1001300040F03B8253786C2B1CD10232C260002508
:100140001178002900F08C805378002B00F0888013
:100150004521204600F04CFA2A460346312120462C
:10016000BDE8F041FEF7F8BB5378722B7AD0702BC4
:1001700000F053812046FFF777FD054600286FD039
:100180000378322B58D0332B00F0BF80342B67D14B
:10019000E3681A785F2A00F0EC812046FFF7B2FF8F
:1001A00003462A4620463721BDE8F041FEF7D4BB7E
:1001B00053786E2BDED10232C260002211462046F7
:1001C000FFF7D2FD054600284AD0E3681A78492A8D
:1001D00064D02846BDE8F0815378702BCAD1931CB7
:1001E000C3609378542B00F00F815F2B00F09D804B
:1001F0006E2B35D0FEF72CFC411C31D4E3681A7805
:100200005F2A2DD16FF0004201339142E36027D085
:100210000230D4E90532934222DA226903EB8301EA
:1002200002EB810501330026C5E9016663610623FF
:1002300002F82130E860CCE7C168E36A8A680E689A
:10024000023A1344E3623378732B34D17278742A00
:1002500031D1B2787ABB2046FFF70EF80346A0E70B
:100260000025B6E7931C816BC360937849B1552B89
:1002700000F25181422B00F23681303B092B40F2D3
:100280003A812046FEF7F8FF014600222046FFF79C
:100290006BFDE3681A78492A05469AD10133E36079
:1002A000204600F091FF2A46034604212046BDE87F
:1002B000F041FEF751BBCF68032FD1D8DFE807F03C
:1002C0002D026E443278702A33D06D2A31D0002747
:1002D000732B40F09D807378502B40F09980B37859
:1002E000002B40F09580204600F06EFF0346002F63
:1002F0003FF457AF1A4639212046FEF72DFB03463F
:100300004FE700F0A7BEFEF7EDBDC368012B3FF439
:1003100044AF022BA4D0002BA2D12A4620460023B2
:10032000BDE8F0413621FEF717BB0332C260012061
:100330006FE771789142CAD1E26811785F29C7D11D
:100340000132E2603378C2E7712B72D17278752A7C
:100350006FD1B278002A6CD12046FFF7D3FE064653
:100360002046FFF7CFFE07462046FFF7CBFE0346A9
:1003700000283FF475AF3A463C212046FEF7ECFAE0
:10038000324603463B212046FEF7E6FA2A4603465C
:100390003A212046BDE8F041FEF7DEBAEB681B6863
:1003A0005A78632A00F0BC803378662B00F0DC803A
:1003B000642B40F0D0807378692B40F0CC80B27809
:1003C000002A40F0C88011462046FFF7CDFC0746C2
:1003D0003378632B5FD172786C2A5CD1B278002AB3
:1003E00059D14521204600F003F9064633463A46E6
:1003F00039212046FEF7B0FA2A4603463821204626
:10040000BDE8F041FEF7A8BA0332C260002000E761
:100410002046FFF777FE034669E70232C260FFF726
:1004200071FE002302464C212046BDE8F041FEF754
:1004300093BA642B05D17378582B02D1B378002B73
:100440008AD03378662B00F09C806E2B7FF408AF47
:100450007378772B02D0612B7FF402AF5F212046A7
:1004600000F0C6F806462046FEF706FFE3681A7855
:10047000452A074600F09580702A00F08680692A98
:100480007FF4EEAE5B786C2B7FF4EAAE2046FFF78C
:1004900039FE03466FE7642B50D17278742A4DD130
:1004A000B278002A4AD1E3681A78672A58D0732AAA
:1004B00002D15B78722B49D0002211462046FFF70B
:1004C00053FCE3681A78492A06468FD10133E3606A
:1004D000204600F079FE3246034604212046FEF70E
:1004E0003BFA064682E7414A433BDBB222FA03F37A
:1004F000DB077FF5C6AE4FF0FF33A3630021204634
:1005000000F094FEE3681A78452A01467FF4BDAEF8
:100510000133E360B9E6613B192B3FF6B2AEEAE77F
:100520001B78A3F17202012A03D9633B012B3FF62A
:100530003BAF2046FEF7A0FE074649E7702B05D1EA
:100540007378742B02D1B378002BACD02046FFF720
:10055000D9FD06464AE72046FFF7D4FD074637E7B0
:100560005B78732BA8D1F1E72046FFF77DFB0746A8
:100570002EE70133E3604521204600F039F80346B9
:100580000FE62046FFF770FBE9E65A78692A7FF408
:1005900067AE0233E3604521204600F029F80346A8
:1005A000E9E60133E3600023E5E6742B12D0752BF6
:1005B0007FF4E0AD0132C260FEF7FEFC0546204646
:1005C00000F002FE2A4603463F212046BDE8F041E6
:1005D000FEF7C2B953786C2B7FF4CCAD0232C26007
:1005E000FEF74AFEE2680546AAE500BF01020400E4
:1005F0002DE9F041C2680E46117882B00023B14265
:100600000446019324D001AD012709E0FEF7A4F9C7
:10061000286000F1100588B1E3681A78B24211D061
:10062000D4F8308027632046FFF76CFD0246002394
:100630002E212046C4F83080002AE7D1002002B0E5
:10064000BDE8F08101980133E36002B0BDE8F081BC
:100650000132C2602E211A4602B0BDE8F041FEF719
:100660007BB900BF2DE9F04F914609F00103C26844
:10067000002B0F4683B01178044615BF4FF01E0AB9
:100680004FF01B0A4FF01D084FF01A0814BF1C262C
:1006900019263D464FF0010B1BE0562932D04B295D
:1006A00036D053784BB3931CE3605378782B35D016
:1006B0006F2B52D1E36A0933E362502100230022F9
:1006C0002046FEF749F92860B8B1E268117800F1D8
:1006D0000C051046FEF72EFB30B3531C7229E36065
:1006E000DBD1E36A0933E36231460023002220466E
:1006F000FEF732F928600028E7D10025284603B02C
:10070000BDE8F08FE36A0933E36241460023D6E790
:10071000E36A0633E36251460023D0E7E36A11330C
:10072000E3624E210023CAE7B9F1000FE6D1462962
:10073000E4D1BD42E2D01D201E211C2207E01B2B6C
:1007400037D0192B00D13A700C37BD42D6D03F6854
:100750003B781A2BF3D13870F6E74F2B16D1E36AAA
:100760000933E3622046236BC4F830B00193FFF7EE
:10077000C9FC019B236303460028BED0E2681178C0
:100780004529BAD10132E260502198E7772BB4D1E4
:10079000E36A0633E3622046FFF750F90346002878
:1007A000ABD0E26811784529A7D10132E26051212E
:1007B00085E73970C8E700BFF0B5C26813784E3BD3
:1007C00085B004460E460C2B08D8DFE803F07C0702
:1007D0000707072D0723070707074A0000252F46AD
:1007E0002A4639462046FFF7BFFAE3681A78492AB5
:1007F000054600F08A8056B1002D62D0D4E9083257
:1008000093425EDAE1695A1C41F82350226228467D
:1008100005B0F0BD00221146FFF7A6FA0546002EEE
:10082000EAD1284605B0F0BD5378742B00F08D80D6
:10083000002700212046FEF72DFC0546002840D069
:100840000378533B012BCBD9002F3AD1E3681A78B8
:10085000492ADCD10133E360204600F0B5FC0346B1
:1008600064E0531CC3605378472B01D0542B67D1ED
:10087000204600F09FF905461DB3E3681A78452A23
:100880001FD15A1CE2605A78732A00F0ED80642A66
:1008900000F0958000212046FFF78EFF03460028D8
:1008A00000F0E0800278472A00F0C580492A00F075
:1008B000C28001902046FEF729F9019B002840F0F4
:1008C000BA800025A3E70132C26003A90122FFF725
:1008D000C9FE05460028F4D0E3681A78522A00F0D1
:1008E000BD804F2A52D00121204600F09FFC286095
:1008F0000028E6D0E3681A78452AE2D10133039D47
:10090000E360002E7FF478AF81E70028D9D0D4E9E6
:1009100008218A42D5DAE16941F8220001322262D7
:100920001A78493A012A88BF002393D92A4604211C
:100930002046FEF711F80546002E7FF45DAF66E70E
:10094000002100F0B7F8054696E7D0E90531901C84
:100950008B42E06080F2A580216903EB8307B80039
:100960000133636101EB87070023C7E901330B54AF
:100970004E4BFB6003233B61E36A0333E3629378EE
:10098000532B18BF00257FF42BAF52E7E26A2021DA
:1009900003320133E3600023E26220461A46FDF78A
:1009A000DBFF01210746204600F040FC28600028BC
:1009B00087D0002F9ED0039BFB6003979AE79A1C79
:1009C000E2609B785F2B6ED06E2B3FF47AAF2046AF
:1009D000FEF73EF8471C3FF574AFE26813785F2BD3
:1009E0007FF46FAF01320021E2602046FFF7E4FEA2
:1009F000014660B10378472B09D0492B07D00190FD
:100A00002046FEF783F8019900283FF45AAFD4E955
:100A100005239A4226DA206902EB820C00EB8C0354
:100A200001324FF0000EC3E901EE6261482200F886
:100A30002C20C3E903172A78032A05D12A691178E3
:100A4000292904BF0021D1602A4602212046FDF752
:100A500083FF0546002E7FF4CFAED8E6E26A1F2161
:100A6000023296E70023E6E70233E3602046FEF712
:100A70004DF800283FF425AFD4E905239A42F1DA76
:100A8000216902EB820398000132626101EB83036A
:100A90000022C3E901220A54054ADA600E221A61D3
:100AA000C9E7002768E700279CE700BF440D04085A
:100AB000340D040870B50E4600210546FFF77CFE94
:100AC000002849D00446EEB1AB68DB071AD423787E
:100AD0004E2BA3F11C01A3F1500235D032D80429CA
:100AE00032D9022B0CD12369002B35D01A784E2A2B
:100AF000A2F11C00A2F150012AD027D8042827D93E
:100B0000204670BDEB681B78002BF9D0452BF7D041
:100B100021460B78042B33D021D8022B2ED1096922
:100B20000029F6D12846FEF7CDFF0346A0B116B93D
:100B30002278022A34D0224628460321BDE870409C
:100B4000FDF70ABF012ADBD8E468C0E70129D7D83E
:100B5000DB682361002BC9D10024204670BD4E2BD9
:100B600006D0A3F11C02A3F1500305D8042A05D82E
:100B7000C9680029CDD1D5E7012BF9D90021D1E7EA
:100B8000CB685BB11978082901F1FF320DD806292D
:100B9000F4D8012A02D81B69002BF3D10121C1E747
:100BA0000278292A08BFC660C5E7353918BF012178
:100BB000B8E700BF2DE9F041C16AC36801F1140232
:100BC00082B0C2621A78542A044629D0472A23D117
:100BD0005A1CC2605A78FAB19A1CC2605A78562AD6
:100BE00000F2E580402A17D9413A152A14D8DFE8E7
:100BF00002F0D2131313131313130B131313131342
:100C0000131313B4139D1391002501A90195FEF749
:100C100003FB002840F01C81002002B0BDE8F081F9
:100C20005A1CC2605A78002AF6D09A1CC2605B78BF
:100C3000413B352BF0D801A252F823F0790E03087E
:100C4000190C0308850E0308190C0308190C030876
:100C5000B90E0308190C0308C50E0308FF0E03089C
:100C6000930F0308190C0308190C0308190C030847
:100C7000190C0308190C0308190C0308190C0308B4
:100C8000190C0308870F03089F0F0308190C0308AA
:100C90000B0F03081B0F0308190C0308190C03089A
:100CA000190C0308190C0308190C0308190C030884
:100CB000190C0308190C0308190C0308190C030874
:100CC000190C0308290F0308190C0308190C030851
:100CD000190C0308190C03085F0F0308190C03080B
:100CE000190C0308190C0308190C0308190C030844
:100CF000190C0308190C0308190C0308190C030834
:100D0000190C0308190C0308190C0308190C030823
:100D1000D30E03080021FFF74FFD002302461321E5
:100D2000204602B0BDE8F041FDF716BE9A78002AD1
:100D300000F09A80DA1CC2609A78DB786E2A00F0A4
:100D40006A81472B02D0542B40F08E802046FFF75B
:100D500031FF024600234A21E2E70021FFF72CFD84
:100D6000D4E905129142064680F28480226901EBA3
:100D7000810002EB80050023C5E9013301314323E3
:100D8000616102F820302046FDF762FEE8602B46E4
:100D900032461621C4E79B78472B60D0542B5ED097
:100DA0000021FFF787FE024600231721B8E7722AC9
:100DB0007FF432AFFDF74CFE01287FF72DAFE368DB
:100DC0001A78002A3FF428AF5E1CE6601B785F2B80
:100DD0007FF422AF0022451E17464FF042083378B9
:100DE000002B3FF419AF242B40F0E1807378532B94
:100DF00000F009815F2B00F00481242B7FF40CAFFD
:100E00001946D4E90503E668984206F1020680F225
:100E1000FC80D4F810C000EB800E0CEB8E03013088
:100E2000C3E90177023D60610CF82E80D960E6606D
:100E3000002A00F0E48041212046FDF78DFD0246A6
:100E400000283FF4E9AE002DC9DC0023402167E70C
:100E5000019A002A3FF4E0AE2B46562160E7204677
:100E6000FFF7A8FE02469FE700212046FFF722FE7B
:100E700002466FE700258AE700F07AF90023024670
:100E800030214DE7FEF7F8F905462046FDF7E0FD75
:100E90000028FFF6C1AEE3681A785F2A7FF4BCAE83
:100EA0000133E3602046FEF7E7F9E16A0531E162CC
:100EB00002462B460B2133E7FEF7DEF900230246FC
:100EC0000E212DE70021FFF777FC002302461421B5
:100ED00026E77621FDF7F6FD00283FF49DAEE36896
:100EE0001B78472B00F0A280542B00F09F8000213C
:100EF0002046FFF7DFFD02460023102110E7FEF732
:100F0000BBF9002302460C210AE70F31C162FEF74C
:100F1000B3F900230246092102E70021FFF74CFC48
:100F2000002302461521FBE60021FDF7CBFD00283A
:100F30003FF472AE00212046FDF7C4FD00283FF4C7
:100F40006BAEE3681B78472B7FD0542B7DD00021FC
:100F50002046FFF7AFFD024600231121E0E668219D
:100F6000FDF7B0FD00283FF457AEE3681B78472B30
:100F700061D0542B5FD000212046FFF79BFD024635
:100F800000230F21CCE6FEF777F9002302460D215E
:100F9000C6E6FEF771F9002302461221C0E60A31C7
:100FA000C162FEF769F9002302460A21B8E606F19C
:100FB000FF3C002104E0242B06D00131A94203D0DC
:100FC0001CF8013F002BF6D1D4E9050398421EDA44
:100FD000D4F810C000EB800E0CEB8E030130C3E997
:100FE0000177606100293FF417AEC3E901770CF87F
:100FF0002E70C3E90361E6686D1A0E4417E71A46BE
:1010000021E72E21FDE62F21FBE6E66004E6E368FA
:101010000B44E36000E6472B12D0542B10D0002184
:10102000FFF748FD024600234B2179E62046FFF7F3
:10103000C1FD024660E72046FFF7BCFD02469FE780
:101040002046FFF7B7FD0246EDE72046FFF7B2FD69
:10105000024681E7F8B5C26813784C2B32D1531C95
:10106000C36051785F2904464AD05A2913D15A1CCB
:10107000E2605B78472B3CD0542B3AD000212046CD
:10108000FFF718FDE3681A780646452A1AD101339E
:10109000E3603046F8BDFEF7EFF8064690B10378FE
:1010A000E768272B11D03D786E2D52D03D21452D7C
:1010B00055D03B4603E0E3601D78452D27D0013332
:1010C000002DF8D100263046F8BDC3681A7C1AB14D
:1010D000E26A5968521AE26224491868CFF7F0F8B8
:1010E0003D780028E0D1452D3DD06E2D31D03D21F9
:1010F000DFE72046FFF75EFDE36806461A78C4E79F
:10110000931CC36092785A2AB1D00026BDE7DD1B3C
:10111000D4E905239A4224DAD4F810E002EB8200E5
:101120000EEB80034FEA800C002001328542C3E9B8
:101130000100626115DDC3E901000EF80C00C3E98E
:10114000037532462046FDF707FCE36806461A7829
:101150009BE77B1CE3607D783E211F46A7E70025C7
:10116000D6E70023EDE70137E760ACE7480D040858
:1011700038B5C3681A784C2A1BD0044608D8493AB7
:10118000012A1AD80133C360BDE8384000F01CB80A
:10119000582A12D101330122056BC3600263FEF7A6
:1011A000B1FFE36825631A78452A0BD10133E36068
:1011B00038BDBDE83840FFF74DBF2046BDE8384098
:1011C000FEF75AB8002038BD70B5C368866A1A7831
:1011D000452A82B004461FD00023019301AD09E0E7
:1011E000FDF7BAFB286000F1100560B1E3681A78DA
:1011F000452A0BD02046FFF7BBFF024600232F21D4
:101200002046002AECD1002002B070BD0198A662F1
:101210000133E36002B070BD5A1C0023C2602F216D
:101220001A4602B0BDE87040FDF796BBF8B5C56838
:1012300006460F4600242B78442B0AD0493B0B2B43
:101240000CD8DFE803F03A0B0B0B370B0B0B0B0B37
:1012500029236B7803F0DF03542B3DD00022214675
:101260003046FEF781FD0446002C3BD0F5682B7814
:10127000452B38D0002FDED0D6E90832934231DA40
:10128000F26942F8234001333362D4E754BB30465D
:10129000FDF728FE0446E7E701213046FDF7FAFE98
:1012A0000246F8B10378533B012BD8D9D4B9F5687D
:1012B0000446C0E70135F560BDE79CB10135F56036
:1012C0003046FFF781FF034660B1224604213046D5
:1012D000FDF742FB0446C7E724B93046FDF7CCFFD3
:1012E0000446C1E700242046F8BD00BF2DE9F04FB9
:1012F000044697B0002A00F08380D0F81871002FC0
:1013000040F08180167893465C2E79D8DFE816F09D
:101310002E0A74017401F705BC055D008F050701F5
:101320007C0847022102DF02B90293026D02070422
:10133000E103BB0395038E03680342031C03FB0117
:10134000D0017E007E007E009C009C009C009C00E2
:101350009C009C009C00270127019C009C00020A25
:1013600093009505A106BA007800BA004901490129
:1013700069057C0649068A07780043073B0726076C
:10138000EC077800B00778007800D200D2004F0850
:10139000B6087308DC08D20964071409AA0184019D
:1013A0007800000760093A0986099A089C00EA0853
:1013B0009C009C002D040A010A018E0468040E059D
:1013C000E8049300AA049F043C05D2F80C80D0F8EE
:1013D000203108F10102934241F37084D0F81031BA
:1013E0005B68DB6841465BB1B8F1000F04D101F0E6
:1013F000EABC002901F0E7841B690139002BF8D110
:101400000123C4F8183117B0BDE8F08FD0F81411DB
:101410008C46002902F0A6810B4601E01B68ABB1A7
:101420009A68002AFAD15A681278A2F119000228A3
:101430000CD89642F2D1DBF80C201121204617B0CF
:10144000BDE8F04F02F020BAD0F81411D4F81031F2
:1014500009930023CDE907B306AAC4F81421069125
:10146000DBF80C201121204602F00EFA089B002B1D
:1014700001F0F183069BC4F81431002FC3D0C4F8E7
:101480001081C0E7D0E9443206A90020CDE9062B3F
:101490000890C4F81411DBF810200993112120469C
:1014A00002F0F2F9089B002B01F05E85069BC4F860
:1014B0001431A8E7D2681378272B41F05B84D368F6
:1014C0001F7C062F01F29E852FB1DBF810301B78B0
:1014D000002B02F0ED80D4F80011FF2901F03687CF
:1014E0004B1CC4F80031282363542046112184F892
:1014F000043102F0C9F9D4F80011FF2901F0168770
:101500004B1CC4F800312923635484F804319BF840
:1015100000303E2B01F0FC86082F01F0EC86DBF852
:1015200010208AE7D268002A01F02784112102F0F6
:10153000ABF99BF80030542B01F02284DBF80C301F
:10154000002BECD02E26D4F80011FF2901F0708773
:101550004B1CC4F80031665484F80461DFE7D2689C
:10156000D0F820911378B9F1000F03D1052B01F0C9
:1015700025874F461046232B01F0FD849E42D4F868
:1015800014C101F0C085242B01F08681D4F81031FC
:10159000099306ABC4F814310023CDE906CB0893B8
:1015A00060E7D26812B1112102F06EF9DBF8103059
:1015B000002B3FF428AFD4F80011FD2901F29185EA
:1015C000D6492046FDF75AFCDBF81020D4F8285104
:1015D000D4F800611121204602F056F9D4F82831E0
:1015E000AB427FF410AFD4F80031B3427FF40BAFBD
:1015F000023BC4F8003106E7D268112102F044F939
:10160000C7492046FDF73AFCDBF810703B78482BC1
:1016100001F0E8803A4610E7C24ED0F8001106F11A
:1016200007094FF0000809E00B4601314E45C4F8A8
:101630000011E55484F8045101F0EB81FF2916F8FC
:10164000015FF1D1D4F80831D4F80C2184F8FF807F
:1016500020469847D4F8282101210A440023C4F8E1
:101660002821E3E7B04ED0F8001106F11C094FF035
:10167000000809E00B4601314E45C4F80011E5545D
:1016800084F804513FF4D7AEFF2916F8015FF1D179
:10169000D4F80831D4F80C2184F8FF80204698470C
:1016A000D4F8282101210A440023C4F82821E3E7C3
:1016B000D2E90353002B3FF4A6AE2B44D0F800111F
:1016C000013D5F1E4FF0000809E00B460131AF42BB
:1016D000C4F80011E65484F804613FF494AEFF2985
:1016E00015F8016FF1D1D4F80831D4F80C2184F841
:1016F000FF8020469847D4F8282101210A4400237E
:10170000C4F82821E3E7894ED0F8001106F1110949
:101710004FF0000809E00B460131B145C4F8001153
:10172000E55484F804513FF486AEFF2916F8015FB2
:10173000F1D1D4F80831D4F80C2184F8FF80204688
:101740009847D4F8282101210A440023C4F828210D
:10175000E3E7774ED0F8001106F108094FF00008D2
:1017600009E00B460131B145C4F80011E55484F895
:1017700004513FF460AEFF2916F8015FF1D1D4F8AF
:101780000831D4F80C2184F8FF8020469847D4F81B
:10179000282101210A440023C4F82821E3E7654EEB
:1017A000D0F8001106F10B094FF0000809E00B46D4
:1017B0000131B145C4F80011E55484F804513FF4F7
:1017C0003AAEFF2916F8015BF1D1D4F80831D4F80C
:1017D0000C2184F8FF8020469847D4F82821012165
:1017E0000A440023C4F82821E3E7534ED0F800113F
:1017F00006F110094FF0000809E00B460131B14530
:10180000C4F80011E55484F804513FF414AEFF29E4
:1018100016F8015FF1D1D4F80831D4F80C2184F81E
:10182000FF8020469847D4F8282101210A4400234C
:10183000C4F82821E3E7414ED0F8001106F112095F
:101840004FF0000809E00B4601314E45C4F8001185
:10185000E55484F804513FF4EEADFF2916F8015F1A
:10186000F1D1D4F80831D4F80C2184F8FF80204657
:101870009847D4F8282101210A440023C4F82821DC
:10188000E3E72F4ED0F8001106F10D094FF00008E4
:1018900009E00B4601314E45C4F80011E55484F8C7
:1018A00004513FF4C8ADFF2916F8015BF1D1D4F81B
:1018B0000831D4F80C2184F8FF8020469847D4F8EA
:1018C000282101210A440023C4F82821E3E71D4E02
:1018D000D0F8001106F118094FF0000809E00B4696
:1018E00001314E45C4F80011E55484F8045101F06B
:1018F0007781FF2916F8015FF1D1D4F80831D4F8C7
:101900000C2184F8FF8020469847D4F82821012133
:101910000A440023C4F82821E3E700BF640D04084B
:10192000680D0408C70F0408A70F0408D70E0408A1
:10193000CB0D0408C00D04081F0E04080B0E04088C
:10194000FC0D0408D70D0408CA4ED0F8001106F1AA
:1019500015094FF0000809E00B460131B145C4F804
:101960000011E55484F8045101F04981FF2916F86B
:10197000015FF1D1D4F80831D4F80C2184F8FF804C
:1019800020469847D4F8282101210A440023C4F8AE
:101990002821E3E7B84ED0F8001106F119094FF0FD
:1019A000000809E00B460131B145C4F80011E554C7
:1019B00084F804513FF43FADFF2916F8015FF1D1DF
:1019C000D4F80831D4F80C2184F8FF8020469847D9
:1019D000D4F8282101210A440023C4F82821E3E790
:1019E000A64ED0F8001106F116094FF0000809E0E4
:1019F0000B460131B145C4F80011E55484F8045197
:101A00003FF419ADFF2916F8015FF1D1D4F8083180
:101A1000D4F80C2184F8FF8020469847D4F8282178
:101A200001210A440023C4F82821E3E79449FDF783
:101A300025FADBF80C20112100E5924ED0F80011B8
:101A400006F10F094FF0000809E00B460131B145DE
:101A5000C4F80011E55484F804513FF4ECACFF29BC
:101A600016F8015FF1D1D4F80831D4F80C2184F8CC
:101A7000FF8020469847D4F8282101210A440023FA
:101A8000C4F82821E3E7804ED0F8001106F11A09C6
:101A90004FF0000809E00B460131B145C4F80011D0
:101AA000E55484F804513FF4C6ACFF2916F8015FF1
:101AB000F1D1D4F80831D4F80C2184F8FF80204605
:101AC0009847D4F8282101210A440023C4F828218A
:101AD000E3E76E4ED0F8001106F111094FF000084F
:101AE00009E00B460131B145C4F80011E55484F812
:101AF00004513FF4A0ACFF2916F8015FF1D1D4F8EE
:101B00000831D4F80C2184F8FF8020469847D4F897
:101B1000282101210A440023C4F82821E3E75C4E70
:101B2000D0F8001106F115094FF0000809E00B4646
:101B30000131B145C4F80011E55484F804513FF473
:101B40007AACFF2916F8015FF1D1D4F80831D4F846
:101B50000C2184F8FF8020469847D4F828210121E1
:101B60000A440023C4F82821E3E7D0F80011FF2934
:101B700001F038834A1C5B23C4F800214FF00008B1
:101B800063545F4684F80431FA681121204601F05D
:101B90007BFE3F69002F01F010803E4DD4F800110C
:101BA00005F1020908E00B4601314D45C4F800116A
:101BB000E65484F80461E7D0FF2915F8016BF2D1EF
:101BC000D4F80831D4F80C2184F8FF8020469847D7
:101BD000D4F8282101210A440023C4F82821E4E78D
:101BE0002D4ED0F8001106F117094FF0000809E05A
:101BF0000B460131B145C4F80011E55484F8045195
:101C00003FF419ACFF2916F8015FF1D1D4F808317F
:101C1000D4F80C2184F8FF8020469847D4F8282176
:101C200001210A440023C4F82821E3E71121D268E6
:101C300001F02AFED4F80011FF2901F079824A1C34
:101C40004023C4F80021635484F8043167E4D26867
:101C5000112101F019FE1149204617B0BDE8F04FDF
:101C6000FDF70CB90E4ED0F8001106F108094FF03F
:101C7000000821E0BF0E0408A30E04088B0E040820
:101C8000780E0408670E04084B0E0408370E04088B
:101C9000330E0408640D0408A70D0408740F04082B
:101CA000FB0F04080B460131B145C4F80011E5549F
:101CB00084F8045100F04A86FF2916F8015FF1D13B
:101CC000D4F80831D4F80C2184F8FF8020469847D6
:101CD000D4F8282101210A440023C4F82821E3E78D
:101CE000C54DD0F8001105F108074FF0000809E0D4
:101CF0000B460131AF42C4F80011E65484F8046188
:101D00003FF481ABFF2915F8016FF1D1D4F8083108
:101D1000D4F80C2184F8FF8020469847D4F8282175
:101D200001210A440023C4F82821E3E7D0F8001178
:101D3000FF2901F0EC814A1C3C23C4F800216354C4
:101D400084F80431DBF80C7087B14FF00008C1460D
:101D5000B8F1000F40F07C853A461121204601F091
:101D600093FD3F6908F10108002FF1D1D4F800116B
:101D7000FF2901F050824A1C3E23C4F8002163541D
:101D800084F80431FFF73FBBD268D2E90063002B2F
:101D900000F092853344D0F80011013E03F1FF3981
:101DA0004FF0000809E00B460131B145C4F80011BD
:101DB000E55484F8045100F07F85FF2916F8015F8F
:101DC000F1D1D4F80831D4F80C2184F8FF802046F2
:101DD0009847D4F8282101210A440023C4F8282177
:101DE000E3E7864ED0F8001106F11E094FF0000817
:101DF00009E00B460131B145C4F80011E55484F8FF
:101E000004513FF418ABFF2916F8015FF1D1D4F863
:101E10000831D4F80C2184F8FF8020469847D4F884
:101E2000282101210A440023C4F82821E3E7D568CA
:101E3000002D40F06C8772490EE7D268D0F814C1CB
:101E4000CAB106ABC0F81431002308931121D0F8B1
:101E500010310993CDE906CB01F016FD089B069AD7
:101E6000C4F81421002B7FF4CEAA20212046FCF7D1
:101E700081FFD4F814C163465A461121204617B099
:101E8000BDE8F04F02F040B80023D0F81481D0F83C
:101E90004871C4F848211121C0F81431D26801F00A
:101EA000F3FC94F804313C2B01F01F82D4F80011AC
:101EB000FF2901F00A824B1CC4F800313C23635413
:101EC00084F80431DBF810201121204601F0DCFCFD
:101ED00094F804313E2B01F0F281D4F80011FF296F
:101EE00001F0DD814B1CC4F800313E23635484F8BB
:101EF0000431C4F81481C4F84871FFF784BAD2F8E9
:101F00000C80D0F814910022C0F81421B8F1000F11
:101F10003FF476AA06AED0F8101133469446104628
:101F20004546C3E90025C3E902012A784E2A9E46A8
:101F3000A2F11C0AA2F150080CF1010700F0B186D1
:101F400000F2AB86BAF1040F40F2AB86C4F814314C
:101F50002B78022BA84601F0FD80042B04D1CDE99B
:101F6000041804ABC4F81031DBF81020112120460E
:101F700001F08AFC98F80030042B04BF049BC4F8DD
:101F8000103106EB07154FF0200855F8087C002F9C
:101F900000F06886103DAE42F7D1C4F81491FFF707
:101FA00032BAD2F80C90174DD9F808A0D0F8001129
:101FB00005F108074FF0000809E00A460131BD426B
:101FC000C4F80011A65484F8046100F0ED84FF29E0
:101FD00015F8016FF1D1D4F80831D4F80C2184F848
:101FE000FF8020469847D4F8283101210B44002275
:101FF000C4F82831E3E700BFEF0F0408870D040899
:10200000780F0408070F0408D2E9032512B1112143
:1020100001F03AFCD4F80011FF2901F02E814A1C8E
:102020007B23C4F80021204663542A46112184F8FA
:10203000043101F029FCD4F80011FF2900F0798562
:102040004A1C7D23C4F80021635484F80431FFF74F
:10205000DAB9D0F814C1D0F81031099306AE0023D4
:10206000E146CDF818C0C0F8146107920893BCF19E
:10207000000F01F07A834FF001086746C6463546E7
:102080001AE0BB68B3B9B8F1030F3FF6B9A916ABB4
:1020900003EB081A97E80F00AAF1400C8CE80F0038
:1020A0004AF8405C06EB0815C4F8145108F1010821
:1020B000C7F808E03F6827B17B681B78193B022B03
:1020C000DFD9DBF810201121204601F0DDFB089B51
:1020D000C4F81491002B7FF496A9B8F1010F0ED922
:1020E00006EB081656F80C2C08F1FF381121204693
:1020F00001F0F8FBB8F1010FA6F11006F2D1D4F807
:1021000014315A461121204602F008F9FFF77BB935
:10211000C44ED0F8001106F10E094FF0000809E096
:102120000B460131B145C4F80011E55484F804515F
:1021300000F01385FF2916F8015FF1D1D4F80831BA
:10214000D4F80C2184F8FF8020469847D4F8282141
:1021500001210A440023C4F82821E3E7D2E90365FA
:102160003378322B00F09E86342B00F00F873246F6
:10217000112102F0ABF92A461121204617B0BDE823
:10218000F04F02F09FBBD2681121204617B0BDE886
:10219000F04F02F09BB9A449FCF770FED4F8483127
:1021A00033B1D4F81011069106AAC4F81021079390
:1021B000DBF80C201378042B00F044861121204614
:1021C00001F062FBD4F84831002B3FF41CA9069BB8
:1021D000C4F81031FFF717B9944ED0F8001106F18A
:1021E0000A094FF0000809E00B4601314E45C4F8DA
:1021F0000011E55484F8045100F0D383FF2916F848
:10220000015BF1D1D4F80831D4F80C2184F8FF80B7
:1022100020469847D4F8282101210A440023C4F815
:102220002821E3E7824ED0F8001106F109094FF0AA
:10223000000809E00B460131B145C4F80011E5542E
:1022400084F804513FF46BA9FF2916F8015FF1D11E
:10225000D4F80831D4F80C2184F8FF802046984740
:10226000D4F8282101210A440023C4F82821E3E7F7
:1022700013691A783B2A7FF4C3A81B691B783C2B8F
:102280007FF4BEA85A46112102F096FB00287FF485
:10229000BAA85A461121204602F0C2FC00287FF459
:1022A000B2A8DBE90383D3E90363D8F80C206149C2
:1022B0001068D3E90375CEF703F8002841F0938244
:1022C00032462046112102F0FDFA424620461121F5
:1022D00002F0FCF820463A46112102F0F3FA564982
:1022E0002046FCF7CBFD46E713691B78392B7FF4BA
:1022F00087A8D268D3681B685978632901F03880B1
:102300005A461121204602F057FB00287FF47BA893
:102310005A461121204602F083FC00287FF473A85E
:10232000DBF80C301A78322A01F00A82DB68434964
:102330001868CDF7C5FFDBF81030DA6818B91378E4
:10234000032B01F069821121204602F0BBFADBF871
:102350000C603B49F3681F683846CDF7B1FF002891
:1023600001F0D58135493846CDF7AAFF002841F064
:102370003382DBF8103011211A69204602F0A2FAEC
:10238000DBF80C301A78322A7FF43DA8DB689A68B3
:10239000012A7FF438A85B681B783E2B7FF433A8B2
:1023A0002921204617B0BDE8F04FFCF7E3BC11210E
:1023B000D26801F069FAD4F80011FF2900F0008713
:1023C0004A1C2823C4F80021635484F80431DBF844
:1023D00010201121204601F057FAD4F80011FF29EE
:1023E00000F0D1844A1C2923C4F80021635484F8E6
:1023F0000431FFF708B8D268112101F045FADBF883
:1024000010201121FFF71AB8D0F80011FF2900F0B1
:1024100012874A1C7E23C4F80021635484F80431D7
:10242000FFF77DB8D30F0408140F0408680F0408E1
:10243000130F04082C0F0408300F0408240F04089D
:10244000280F0408D268112101F01EFACE49204657
:10245000FCF714FDDBF810201121204601F014FADE
:10246000D4F80011FF2900F09E844A1C5D23C4F8B3
:102470000021635484F80431FEF7C5BFC34ED0F881
:10248000001106F10E094FF0000809E00B4601317A
:10249000B145C4F80011E55484F804513EF4CBAFC3
:1024A000FF2916F8015FF1D1D4F80831D4F80C21D6
:1024B00084F8FF8020469847D4F8282101210A4457
:1024C0000023C4F82821E3E7D0F80011157BFF2989
:1024D00000F02B824B1CC4F80031655484F8045181
:1024E000FEF791BFAA4ED268112101F0CDF94FF04D
:1024F0000008D4F8001106F1080909E00B46013183
:10250000B145C4F80011E55484F8045100F021836A
:10251000FF2916F8015FF1D1D4F80831D4F80C2165
:1025200084F8FF8020469847D4F8282101210A44E6
:102530000023C4F82821E3E7964ED0F8001106F1F5
:102540001D094FF0000809E00B4601314E45C4F863
:102550000011E55484F804513EF46DAFFF2916F8DC
:10256000015FF1D1D4F80831D4F80C2184F8FF8050
:1025700020469847D4F8282101210A440023C4F8B2
:102580002821E3E7844ED0F8001106F11A094FF034
:10259000000809E00B4601314E45C4F80011E5542E
:1025A00084F804513EF447AFFF2916F8015FF1D1DA
:1025B000D4F80831D4F80C2184F8FF8020469847DD
:1025C000D4F8282101210A440023C4F82821E3E794
:1025D000724ED0F8001106F116094FF0000809E01C
:1025E0000B460131B145C4F80011E55484F804519B
:1025F0003EF421AFFF2916F8015FF1D1D4F808317C
:10260000D4F80C2184F8FF8020469847D4F828217C
:1026100001210A440023C4F82821E3E7D0F82071FF
:10262000D2F80CA0002F40F031835146FCF7DEFBBE
:10263000002800F02B83BB4605E0C36833B1006976
:102640000BF1010B30B103782F2BF6D0BBF1000F4B
:102650003EF4D9AE4FF00008C4F82471524611215F
:102660002046013701F010F95F453EF4CCAE4C4DE9
:10267000D4F8001105F1020908E00A460131A94524
:10268000C4F80011A65484F80461E5D0FF2915F8B8
:10269000016BF2D1D4F80831D4F80C2184F8FF8012
:1026A00020469847D4F8283101210B440022C4F871
:1026B0002831E4E7D2683B4906A805F07FFC06A86C
:1026C000CEF75EF800283EF49EAE06ADD4F80011B9
:1026D0002F184FF0000809E00B460131AF42C4F853
:1026E0000011E65484F804613EF48DAEFF2915F81C
:1026F000016BF1D1D4F80831D4F80C2184F8FF80B3
:1027000020469847D4F8282101210A440023C4F820
:102710002821E3E7D268D2E90053002B3EF473AEE0
:102720002B44D0F80011013D5F1E4FF0000809E076
:102730000B460131AF42C4F80011E65484F804613D
:102740003EF461AEFF2915F8016FF1D1D4F80831DC
:10275000D4F80C2184F8FF8020469847D4F828212B
:1027600001210A440023C4F82821E3E7D2E90353F6
:10277000002B3EF448AE2B44D0F80011013D5F1E03
:102780004FF000081AE000BF5C0D0408570F040862
:10279000E30F0408870F0408EB0E0408EF0E04088B
:1027A000640D0408F40C04080B460131AF42C4F870
:1027B0000011E65484F804613EF425AEFF2915F8B3
:1027C000016FF1D1D4F80831D4F80C2184F8FF80DE
:1027D00020469847D4F8282101210A440023C4F850
:1027E0002821E3E7CB492046FCF748FB3A69CA4970
:1027F000013206A805F0E2FB06A8CDF7C1FF81462D
:10280000002800F0008506ADD4F80011A9444FF06F
:10281000000809E00B460131A945C4F80011E6544F
:1028200084F8046100F0EF84FF2915F8016BF1D101
:10283000D4F80831D4F80C2184F8FF80204698475A
:10284000D4F8282101210A440023C4F82821E3E711
:10285000B24DD4F8001105F1020A09E00A4601312F
:10286000AA45C4F80011A65484F804613FF474AA80
:10287000FF2915F8016BF1D1D4F80831D4F80C21F7
:1028800084F8FF9020469847D4F8283101210B4462
:102890000022C4F82831E3E7D4F81031C268099364
:1028A00006ABC4F814310023CDE906CB0893002A07
:1028B0007EF4D8ADFEF7D4BDBBF91020964906A82A
:1028C00005F07CFB06A8CDF75BFF20B306AED4F87D
:1028D000001106EB00094FF0000808E00B4601313B
:1028E000B145C4F80011E55484F8045113D0FF2910
:1028F00016F8015BF2D1D4F80831D4F80C2184F831
:10290000FF8020469847D4F8282101210A4400235B
:10291000C4F82821E4E79BF81250002D3EF473AD73
:10292000D4F80011FF297FF4D5AD0026D4F8083182
:10293000D4F80C2184F8FF6020469847D4F8282169
:1029400001231A443146C4F82821C4E5744DDBF84C
:102950000C201121204600F097FF4FF00008D4F81A
:102960000011AF1D09E00B460131BD42C4F8001152
:10297000E65484F804613EF446ADFF2915F8016B76
:10298000F1D1D4F80831D4F80C2184F8FF80204626
:102990009847D4F8282101210A440023C4F82821AB
:1029A000E3E7DBF80C2014E5D9F804502B78613B01
:1029B000192B40F2D2820AF1FF37EB5D202B18BFB2
:1029C0005746002F3EF41FAD013DD4F800112F44AF
:1029D0004FF0000809E00B460131BD42C4F8001178
:1029E000E65484F804613EF40EADFF2915F8016F3A
:1029F000F1D1D4F80831D4F80C2184F8FF802046B6
:102A00009847D4F8282101210A440023C4F828213A
:102A1000E3E7D4F81031DBF80C7004934FF00009B1
:102A200004ABD4F82051CDF81490C4F82091C4F828
:102A300010311FB13B78572B00F00A85012306AEF9
:102A4000FF29C4F8203100F007844B1CC4F8003182
:102A5000282363543A4684F804311121314F20462B
:102A600000F012FF049BD4F80011C4F81031C4F830
:102A7000205107F1020A4FF0000908E00B4601312E
:102A80005745C4F80011E55484F8045113D0FF29C8
:102A900017F8015BF2D1D4F80831D4F80C2184F88E
:102AA000FF9020469847D4F8282101210A440023AA
:102AB000C4F82821E4E7DBF810201749013230463A
:102AC00005F07CFA3046CDF75BFED4F8001168B310
:102AD00037184FF0000808E00B460131BE42C4F839
:102AE0000011E55484F8045120D0FF2916F8015B49
:102AF000F2D1D4F80831D4F80C2184F8FF802046B4
:102B00009847D4F8282101210A440023C4F8282139
:102B1000E4E700BF6C0D0408F40C0408640D04081D
:102B200008100408D00F0408D4F80011FF297FF41E
:102B300087AA0025D4E9423284F8FF5020469847FE
:102B4000D4F82831012213442946C4F82831FFF76C
:102B500078BADBF8102011217FE4DBF80C20CC4997
:102B6000013206A805F02AFA06A8CDF709FE0028CA
:102B7000DAD006ADD4F800112F184FF0000808E0A5
:102B80000B460131BD42C4F80011E65484F80461DB
:102B9000CCD0FF2915F8016BF2D1D4F80831D4F864
:102BA0000C2184F8FF8020469847D4F82821012181
:102BB0000A440023C4F82821E4E7D4F80011FF29CF
:102BC0007FF453ACD4E9423284F8FF702046984732
:102BD000D4F82831012213443946C4F8283145E499
:102BE000DBF80C201121204600F04EFEA9492046BA
:102BF000FCF744F9DBF810201121FEF71FBCA64EAC
:102C0000DBF810201121204600F03EFE4FF00008B6
:102C1000D4F8001106F1050909E00B460131B14570
:102C2000C4F80011E55484F804513EF404ACFF29C3
:102C300016F8015BF1D1D4F80831D4F80C2184F8EE
:102C4000FF8020469847D4F8282101210A44002318
:102C5000C4F82821E3E75A461121204600F042FE3D
:102C6000FEF708BCD4F80031FF2B00F0AA845A1CF0
:102C7000C4F80021112104F8038055F80C2C84F8C5
:102C80000481204600F02EFEFFF784B95246112140
:102C9000204601F017FEFEF7DEBFB8F1010F3FF648
:102CA00055A9ED687246002D00F0C485042F03F18C
:102CB000100300F06681BC46FFF733B9002B00F02B
:102CC000BC81764ED0F8001106F105094FF00008DE
:102CD00009E00B460131B145C4F80011E55484F810
:102CE000045100F0CB81FF2916F8015BF1D1D4F833
:102CF0000831D4F80C2184F8FF8020469847D4F896
:102D0000282101210A440023C4F82821E3E764496B
:102D1000FCF7B4F85E492A4606A805F04FF906A864
:102D2000CDF72EFD18B306ADD4F800112F184FF0D3
:102D3000000808E00B460131AF42C4F80011E65428
:102D400084F8046113D0FF2915F8016BF2D1D4F88F
:102D50000831D4F80C2184F8FF8020469847D4F835
:102D6000282101210A440023C4F82821E4E77D2119
:102D7000FFF717BB0027FEF7AEBB542E7EF4CFAB98
:102D80003A26FEF7E0BB0025D4E9423284F8FF5032
:102D900020469847D4F82831012213442946C4F824
:102DA0002831FFF720BB0025D4E9423284F8FF50D8
:102DB00020469847D4F82831012213442946C4F804
:102DC0002831FFF753BB1A785B2A04D1DB68002B4C
:102DD0003EF416AB1A78583A022A40F2E5800123F5
:102DE000C4F818312A49424606A805F0E7F806A8B3
:102DF000CDF7C6FC00283EF406AB06ADD4F80011B2
:102E00002F184FF0000809E00B460131AF42C4F81B
:102E10000011E65484F804613EF4F5AAFF2915F880
:102E2000016BF1D1D4F80831D4F80C2184F8FF807B
:102E300020469847D4F8282101210A440023C4F8E9
:102E40002821E3E7D2681121204600F01DFDD4F8C7
:102E5000483113B1069BC4F8103194F804313C2B6F
:102E600000F0F2833C212046FBF784FFDBF80C30B6
:102E700011211A69204600F007FD94F804313E2B19
:102E800000F0DD833E212046FBF774FFFEF7BBBA5E
:102E9000F40C0408F40D0408B80E0408800D0408AE
:102EA000800F0408F3681F683B78B3F1610203D117
:102EB0007A78643A08BFBA78297812B9032900F001
:102EC000E183392900F03484732B1FD17A785A2A90
:102ED00040F0898397F80280B8F1000F40F08383B7
:102EE00029462046FBF782FF30B908E0C36833B1BA
:102EF000006908F1010810B103782F2BF6D0414684
:102F0000204617B0BDE8F04FFCF71AB83246112141
:102F1000204601F0DBFA3B78672B07D17A78732AD9
:102F200004D1BA7812B92A46FEF787BA732B7FF418
:102F300022A97B78742B7FF41EA9BB78002B7FF429
:102F40001AA928212046FBF715FF11212A46204601
:102F500000F09AFC2921FFF724BA20212046FBF734
:102F600009FFD9F8045026E55A461121204600F001
:102F7000B9FCFEF79BBAC268D4F814C18346FEF7C9
:102F800005BB0123C4E945E3FEF73DBA2821FBF761
:102F9000F1FE2046F268112100F076FC292120463E
:102FA000FBF7E8FEFFF7E7B8DC4B53F82250284662
:102FB000CDF7E6FB00283FF415AF013DD4F8001132
:102FC0002F184FF0000909E00B460131AF42C4F859
:102FD0000011E65484F804613FF404AFFF2915F8AA
:102FE000016FF1D1D4F80831D4F80C2184F8FF90A6
:102FF00020469847D4F8282101210A440023C4F828
:103000002821E3E7072F7EF466AADBF81030197851
:1030100000297EF460AA196901297EF45CAA3D2E7C
:103020007EF459AADB681B78302B00F01F84312B0B
:103030007EF451AABA49FEF70FBE5946FBF7BCFE13
:10304000024600283EF4DCA903782F2B09D1D4F8DE
:103050002411002905DBFBF717FE024600283EF489
:10306000CFA9D4F810512B68C4F810311121204693
:1030700000F00AFCC4F81051FEF7C5B9DBF80C20CB
:10308000A849013206A804F099FF06A8CDF778FBFD
:10309000074600283EF4B7A906ADD4F800112F4426
:1030A0004FF0000809E00B460131AF42C4F80011AF
:1030B000E65484F804613EF4A6A9FF2915F8016BD3
:1030C000F1D1D4F80831D4F80C2184F8FF802046DF
:1030D0009847D4F8282101210A440023C4F8282164
:1030E000E3E7002666542046D4E942329847D4F8F4
:1030F0002831C4F800610133C4F82831FEF760BA02
:10310000D4F814C14F46C2688346FEF73FBA002682
:10311000D0F80831D0F80C2180F8FF609847D4F837
:103120002831012213443146C4F82831FEF704BE89
:103130000026D4F80831D4F80C2184F8FF6020462A
:103140009847D4F82831012213443146C4F8283175
:10315000FEF776BDD8F8108098F80030482B00F0C4
:10316000788206EB0C1C8A46654698F800304E2B98
:10317000A3F11C01A3F1500207D004D8042904D9FB
:103180005146FEF7EABE012AFAD8042FAE463EF4B5
:1031900037A995E80F0005F1100C8CE80F0000230B
:1031A0002D61CEE90183D8F80C80CEF80CA0013750
:1031B0006546C4F814C1B8F1000FD6D1FEF720B9A6
:1031C0000026D4F80831D4F80C2184F8FF6020469A
:1031D0009847D4F82831012213443146C4F82831E5
:1031E000FFF7EFB80026D0F80831D0F80C2180F8AE
:1031F000FF609847D4F82831012213443146C4F8BF
:103200002831FEF7B8BC48492046FBF737FEFF6877
:103210003A46FEF712B90025D4E9423284F8FF504D
:1032200020469847D4F82831012213442946C4F88F
:103230002831FEF7A1BD0026D0F80831D0F80C21C6
:1032400080F8FF609847D4F82831012213443146B2
:10325000C4F82831FFF7DEB84FF00008D4E9423255
:1032600084F8FF8020469847D4F828310133C4F809
:10327000283141460123FFF7E9BB0026D4F8083185
:10328000D4F80C2184F8FF6020469847D4F8283100
:10329000012213443146C4F82831FEF7C1BE00258F
:1032A000D4E9423284F8FF5020469847D4F82831B8
:1032B0000133C4F8283129460123FEF714BE20212A
:1032C0002046FBF757FDFEF708BE0026D4E9423240
:1032D00084F8FF6020469847D4F828310133C4F8B9
:1032E000283131460123FEF7E7BD20212046FBF7B8
:1032F00041FDFEF7DBBD5B212046FBF73BFD1121C5
:10330000DBF81020204600F0BFFA5D21FFF749B836
:103310002D212046FBF72EFDFEF7FEB828180408E5
:10332000500F0408F40C04087C0D04080026D4E9AE
:10333000423284F8FF6020469847D4F828310133A0
:10334000C4F8283131460123FEF7DBB80026D4E962
:10335000423284F8FF6020469847D4F82831DBF8E1
:103360000C200133C4F8283131460123FEF7B9B8E7
:103370001B78A3F17201012903D9633B012B3EF6AF
:10338000BFAF1121204601F0A1F83C212046FBF7F8
:10339000F1FCDBF810301121DA68204600F074FAF5
:1033A000BF492046FBF76AFDDBF8103011211A698E
:1033B000204600F069FA2921FEF7F3BFD0F83471F6
:1033C000002F40F3DE81D0F830C14B46604604E068
:1033D0009F4200F1080000F0D4815CF833108A426B
:1033E00003F10103F4D1002800F0CB81D4F82C7153
:1033F000002F00F036813B4603E05B68002B00F0B5
:1034000030811968914203D05945F6D19F42F4D0DA
:10341000114620460092FBF7CFFC009A00283DF4AD
:10342000EFAF03782F2B00F064814F46FEF7A3B86F
:103430000027D4E9423284F8FF7020469847D4F838
:1034400028310133C4F8283139460123FEF781B809
:103450003C2120460597FBF78DFCD7F80CA006AE63
:10346000BAF1000F63D0CDE901753346CDF80CB049
:1034700056469A46D4F820315A1CC4F82021002B15
:1034800040F08B8032461121204600F0FDF9D4F83F
:103490000031FF2B00F08680591C2022C4F8001157
:1034A000E25484F804213378D4F8202100915B2B76
:1034B00004BFF6683378583B022B02F1FF3842D93B
:1034C0000123C4F8183177494246504604F076FD8E
:1034D0005046CDF755F910B3D4F800110AEB0008A7
:1034E000554608E00A460131A845C4F80011A75422
:1034F00084F8047113D0FF2915F8017BF2D1D4F8B8
:103500000831D4F80C2184F8FF9020469847D4F86D
:10351000283101210B440022C4F82831E4E7366940
:10352000002EA7D1DDE90175DDF80CB056463E212D
:103530002046FBF71FFCD4F820313F69D4F8001176
:103540000133FFF77DBA584A52F823502846CDF789
:1035500017F900990028B6D0013D05EB000B08E0F3
:103560000A4601315D45C4F80011A75484F804717E
:10357000A9D0FF2915F8017FF2D1D4F80831D4F889
:103580000C2184F8FF9020469847D4F82831012177
:103590000B440022C4F82831E4E744492046FBF7F5
:1035A0006DFC6FE7194684F8FF90D4E9423220465B
:1035B0009847D4F8282101210A440023C4F828217F
:1035C0006BE7D4F80C2184F8FF7019462046D4F834
:1035D00008319847D4F828210132C4F828213B4605
:1035E0000122FFF745BB732B7FF490AC7B78502B07
:1035F0007FF48CACBB78002B7FF488AC1E4603E0D4
:1036000001362D69002D48D02B782F2B45D1EB6842
:10361000002B42D01A784C2AF2D1D9682046FBF709
:10362000E5FB024648B1002204E0C16829B1006907
:10363000013210B101782F29F7D01644E1E720219B
:103640002046FBF797FB1DE420212046FBF792FB69
:1036500008E4D8F80C80B8F1000F7FF482ADFDF7D4
:10366000CFBE4368D4F81081C4F81031114620460B
:103670000092FBF7A1FB002800F0E480009A4FF0D5
:103680000109CEE6EA68117801297FF41DAC2969A9
:103690000978292908BF154616E4314630E400BFF1
:1036A000200F0408F40C040828180408640D04080A
:1036B0003E2E00F0CB80DBF8102011212046023F87
:1036C00000F0E2F8042F3DF69EAEDFE807F00F0CA5
:1036D000090603006749FEF7BFBA6749FEF7BCBA9F
:1036E0006649FEF7B9BA6C21FEF75BBE7521FEF79D
:1036F00058BED4F824110029C0F2AC80FBF7C4FAFC
:10370000002800F09B8003784F46FDF734BF204629
:103710005B21FBF72FFBDBF8103020461A691121E3
:1037200000F0B2F85D212046FBF724FBFEF728BE2F
:10373000EA681121204601F0C5F83246FEF724BDA3
:10374000DA68916801297EF4F1AD526812783E2A58
:103750007EF4ECAD28212046FBF70CFBDBF80C30A7
:10376000FEF7E4BDD268FDF711BF1269112100F028
:103770008BF8089BC4F81491002B3EF4C0ACFDF705
:1037800042BED4F838319F42BDF63AAED4F830117B
:10379000D4F810C101EBC703781CC4F8340104331A
:1037A00041F83720BCF1000F5DD0D4E95070964647
:1037B00065460DE0D4F83C116A6801EBC70101379A
:1037C000C4F840714A6019602D680B46002D49D03D
:1037D000B842EFDCFDF714BE32461121204600F05E
:1037E00075FEFEF7C6BD26492046FBF747FBF3688A
:1037F00043B111212046324601F064F820212046D1
:10380000FBF7B8FA3A461121204600F03DF8002DAA
:103810007EF4B1ACFDF7F7BD1369D2681B78292B94
:103820001CBF0123C4F818311121204601F04AF8C9
:10383000FEF78DBDC4F81431FDF7E2BDB9F1000FFC
:103840003DF4DEADC4F81081FDF7DABD2D21FBF7A4
:1038500091FA30E72F2E3FF453ACD4F814C14F4601
:10386000FDF794BE724600211960D1E50549FEF7C7
:10387000F3B900BF440F0408400F04083C0F0408CC
:10388000340F0408480F040830B5054683B01AB356
:103890005368012B14461FDCD0F81C11B1F5806F62
:1038A0001ADC013353600131D0F82C31C0F81C11FF
:1038B000C0F82CD11121CDE90023FDF717FD626876
:1038C000D5F81C310199C5F82C11013A013B626011
:1038D000C5F81C3103B030BD0123C5F8183103B061
:1038E00030BD00BF2DE9F8431378033B154604466D
:1038F0004E2B50D8DFE813F018014F004F004F0057
:103900004F004F004F004F004F004F004F004F003F
:103910004F004F004F004F004F004F004F004F002F
:103920004F004F0055007B00A10055007B00A10017
:10393000EB00F80005017C021E012C01500175010D
:103940004F004F004F004F009A014F00C9014F0038
:103950004F004F004F004F004F004F004F004F00EF
:103960004F004F004F004F004F004F004F004F00DF
:103970004F004F004F004F004F004F004F004F00CF
:103980004F004F004F004F004F004F004F00EF011E
:103990004F002A02C5002A461121BDE8F843FFF76F
:1039A00073BFD14DD0F8001105F109074FF00008A1
:1039B00009E00B460131AF42C4F80011E65484F827
:1039C000046100F0C380FF2915F8016FF1D1D4F82C
:1039D0000831D4F80C2184F8FF8020469847D4F8A9
:1039E000282101210A440023C4F82821E3E7BF4D20
:1039F000D0F8001105F109074FF0000809E00B4667
:103A00000131AF42C4F80011E65484F8046100F0BB
:103A10009D80FF2915F8016FF1D1D4F80831D4F851
:103A20000C2184F8FF8020469847D4F828210121F2
:103A30000A440023C4F82821E3E7AD4DD0F8001173
:103A4000AF1D4FF0000808E00B460131AF42C4F84B
:103A50000011E65484F8046178D0FF2915F8016B51
:103A6000F2D1D4F80831D4F80C2184F8FF80204634
:103A70009847D4F8282101210A440023C4F82821BA
:103A8000E4E79C4ED0F8001106F106084FF000095B
:103A900009E00A4601314645C4F80011A75484F8EC
:103AA000047100F07881FF2916F8017BF1D1D4F878
:103AB0000831D4F80C2184F8FF9020469847D4F8B8
:103AC000283101210B440022C4F82831E3E7D0F863
:103AD0000031FF2B00F0C9812022591CC0F80011D1
:103AE000C25480F8042127E0D0F80031FF2B00F009
:103AF000AD81591C2022C4F80011E25484F804213D
:103B000028E0D0F80011FF2900F090814A1C202302
:103B1000C4F80021635484F804312A692046112135
:103B2000BDE8F843FFF7B0BEEA681121BDE8F843ED
:103B3000FFF7AABED0F80011FF2900F0B5814A1C9A
:103B40002623C4F80021635484F80431BDE8F883C7
:103B5000D0F80011684D4FF00008AF1C08E00B468C
:103B60000131AF42C4F80011E65484F80461EDD08D
:103B7000FF2915F8016BF2D1D4F80831D4F80C21E3
:103B800084F8FF8020469847D4F8282101210A4470
:103B90000023C4F82821E4E7584DD0F8001105F1BE
:103BA00009074FF0000808E00B460131BD42C4F898
:103BB0000011E65484F80461C8D0FF2915F8016F9C
:103BC000F2D1D4F80831D4F80C2184F8FF802046D3
:103BD0009847D4F8282101210A440023C4F8282159
:103BE000E4E7474DD0F8001105F10B074FF000084E
:103BF00008E00B460131AF42C4F80011E65484F8E6
:103C00000461A3D0FF2915F8016BF2D1D4F8083173
:103C1000D4F80C2184F8FF8020469847D4F8282156
:103C200001210A440023C4F82821E4E790F8043174
:103C3000282B40F0D180EA68324D11212046FFF751
:103C400023FE4FF00008D4F80011EF1C09E00B46EA
:103C50000131AF42C4F80011E65484F804613FF426
:103C600075AFFF2915F8016BF1D1D4F80831D4F8FC
:103C70000C2184F8FF8020469847D4F828210121A0
:103C80000A440023C4F82821E3E71F4ED0F80011AE
:103C900006F10A084FF0000909E00A4601314645DD
:103CA000C4F80011A75484F8047100F08380FF2940
:103CB00016F8017BF1D1D4F80831D4F80C2184F83E
:103CC000FF9020469847D4F8283101210B44002268
:103CD000C4F82831E3E70D4DD0F8001105F11107C4
:103CE0004FF000081EE000BF0F1004081B1004086E
:103CF0002810040850100408581004085B10040829
:103D00006810040874100408781004082F100408C0
:103D10000B460131AF42C4F80011E65484F8046147
:103D20003FF414AFFF2915F8016FF1D1D4F8083131
:103D3000D4F80C2184F8FF8020469847D4F8282135
:103D400001210A440023C4F82821E3E76D4ED0F88E
:103D5000001106F109084FF0000908E00A46013198
:103D6000B045C4F80011A75484F8047113D0FF299A
:103D700016F8017FF2D1D4F80831D4F80C2184F878
:103D8000FF9020469847D4F8283101210B440022A7
:103D9000C4F82831E4E72A69002A3FF4D7AEFF29A6
:103DA00032D0481C2823C4F800016354112184F840
:103DB000043101E0EA6811212046FFF765FDD4F8DF
:103DC0000011FF2961D04A1C2923C4F80021635443
:103DD00084F80431BDE8F883D0F80011FF2972D0CF
:103DE0004A1C2023C4F80021635484F8043122E7DC
:103DF000D0F80011FF2976D04A1C2A23C4F80021EC
:103E0000635484F80431A1E60026D4F80831D4F8CC
:103E10000C2184F8FF6020469847D4F828312A699D
:103E200001200344C4F828313146BBE70026D0F80E
:103E30000831D0F80C2180F8FF609847D4F8283179
:103E4000012213443146C4F8283160E600251946A2
:103E5000D0E9426280F8FF50B047D4F82821012110
:103E60000A442B46C4F8282144E60021D0E94252F6
:103E700080F8FF101946A847D4F8283101212022E4
:103E80000B442270C4F8283159E60025D4E94232A7
:103E900084F8FF5020469847D4F828310122134473
:103EA0002946C4F828318FE70025D4E9423284F846
:103EB000FF5020469847D4F8283101221344294660
:103EC000C4F828313CE60026D0F80831D0F80C219F
:103ED00080F8FF609847D4F8283101221344314616
:103EE000C4F828317DE70025D0E9423280F8FF5040
:103EF0009847D4F82831012213442946C4F82831C0
:103F00007BE700BF431004082DE9F0410446164644
:103F10001D46002B66D0704F01209A68002A61D19F
:103F20005A6811781939C9B2122900FA01F256D823
:103F30003A427DD112F4606F51D094F8043103F00D
:103F4000FD02282A00F0A680202BD4F8001140F0B2
:103F50008580FF2900F08F804B1CC4F80031282396
:103F600063544FF00008D4F8147184F8043111211F
:103F7000C4F8148143462A46204600F0AFF8D4F82E
:103F80000011FF2900F089804B1C2922FF2BC4F867
:103F90000031625484F8042132D02822591CC4F81C
:103FA0000011E25484F8042132692AB1112120461B
:103FB000FFF76AFCD4F80011FF2940D04B1C2922DE
:103FC000C4F8003120466254012384F804211121F1
:103FD0002A4600F083F8C4F81471BDE8F0811B682C
:103FE000002B9AD10023D4F81471C4F814312A4656
:103FF0001121204600F072F8D4F80031FF2BCCD10B
:104000001946002384F8FF302046D4E9423298470D
:10401000D4F828310133C4F828312823237084F8D8
:10402000043132690121C4F80011002ABED1C5E76C
:1040300094F80431D4F80011202B8AD00EE0002629
:10404000D4E9423284F8FF6020469847D4F82831FA
:104050000133C4F8283131460123B0E7FF292BD0C2
:104060004B1C2022C4F8003162541946FF2984F801
:1040700004217FF471AF0027D4E9423284F8FF7045
:1040800020469847D4F828310133C4F828313946FE
:10409000012362E7D4F800115BE7D4E9423284F8E7
:1040A000FF8020469847D4F828310133C4F82831DE
:1040B00029232370012370E7002384F8FF30204672
:1040C000D4E942329847D4F82831012120220B4408
:1040D0002270C4F828313FE707310400002A00F0BD
:1040E000C0802DE9F047054688B01E4614460127DA
:1040F000D5F8182102BBA2680ABB6268117836B9EC
:104100004E291CD01FD8A1F11C03042B17D9E3683A
:10411000D5F81081A7602929C5F810311ED02A29A9
:1041200026D002292ED011212846FFF7DBFB246878
:10413000C5F81081002CDBD108B0BDE8F0872468F9
:10414000002CD5D1F8E750390129F8D9E368D5F822
:1041500010810121A160C5F81031E4E72368112125
:104160002846FFF7D1FEC5F8108108B0BDE8F087FA
:1041700023681121284600F0D1F8C5F8108108B055
:10418000BDE8F0870023614ED5F81471D268C5F8F8
:10419000143111212846FFF777FB06F10209D5F803
:1041A0000011C5F8147108E00B4601314E45C5F801
:1041B0000011EF5485F8047113D0FF2916F8017B24
:1041C000F2D14FF0000AD5E9423285F8FFA0284627
:1041D0009847D5F8282101325346C5F828210121F6
:1041E000E4E763681C692378482B17D04E2BA3F1B2
:1041F0005002A3F11C010ED00BD804290BD9224682
:1042000011212846FFF740FBC5F8108108B0BDE832
:10421000F087012AF3D8E4682378E7E73C4E4FF0B3
:10422000000906F10D0A08E00B4601315645C5F8B4
:104230000011EF5485F8047114D0FF2916F8017BA2
:10424000F2D1D5F80831D5F80C2185F8FF90284631
:104250009847D5F8282101210A440023C5F82821D0
:10426000E4E7704722692B49013201A803F0A6FE5A
:1042700001A8CCF785FA824618B301AED5F8001133
:10428000B2444FF0000908E00B4601315645C5F82D
:104290000011EF5485F8047115D0FF2916F8017B41
:1042A000F2D1D5F80831D5F80C2185F8FF902846D1
:1042B0009847D5F8282101210A440023C5F8282170
:1042C000E4E7D5F80011144E4FF0000906F1030A97
:1042D00008E00B4601315645C5F80011EF5485F84A
:1042E000047198D0FF2916F8017BF2D1D5F8083176
:1042F000D5F80C2185F8FF9028469847D5F8282155
:1043000001210A440023C5F82821E4E7680D0408C8
:104310006C0D0408F40C04087C0D04082DE9F0472A
:10432000044616469BB31F4601E01B6853B39D68C5
:10433000002DFAD15B681B782A2B5ED111212B4608
:104340003A462046FFF7CAFED4F80011FF292BD0C9
:104350005B224B1CC4F80031625484F80421F268DB
:104360002AB111212046FFF78FFAD4F80031FF2B34
:1043700033D0591C5D22C4F80011E25484F80421A2
:10438000BDE8F0873A4611212046FFF7A7FED4F892
:104390000031FF2B71D0591C2022FF29C4F80011D5
:1043A000E25484F80421D3D10022D4F8083184F8EF
:1043B000FF202046D4F80C2198475B22D4F828111E
:1043C000227084F80421F26801231944C4F82811EA
:1043D000C4F80031002AC4D1CBE700251946D4E93E
:1043E000426284F8FF502046B047D4F828210121CA
:1043F0000A442B46C4F82821BCE7DFF8CC80D4F867
:10440000001108F1020A0AE00A46C24501F1010161
:10441000C4F8001104F8029084F804911AD0FF291E
:1044200018F8019BF0D1D4F80C21D4F8083184F8A5
:10443000FF5020469847D4F82831012100220B4430
:10444000C245C4F82831C4F8001104F8029084F879
:104450000491E4D1112100233A462046FFF73EFEA5
:10446000D4F80011FF291BD04B1C2922FF2BC4F8C4
:104470000031625484F804218DD10022194684F859
:10448000FF20D4F80851D4F80C212046A847D4F8CE
:104490002831012120220B442270C4F8283157E72B
:1044A0000022D4F8083184F8FF202046D4F80C21EB
:1044B0009847D4F8283142F22902013302212280A0
:1044C000C4F8283144E700BF700F0408117832297E
:1044D00002D01121FFF7D8B9D3682DE9F041D3E913
:1044E000015767B32F44D0F800110446013D013F46
:1044F0004FF0000809E00B46BD4201F10101C4F88C
:104500000011E65484F8046119D0FF2915F8016FF1
:10451000F1D1D4F80831D4F80C2184F8FF8020467A
:104520009847D4F82821012100230A44BD42C4F849
:104530002821C4F80011E65484F80461E5D1BDE8EF
:10454000F08100BF2DE9F04FE9B0037800AF5F2B99
:10455000054689467A6000F030819F490822284646
:1045600003F0B6FF0346002840F083802A7A2E2A03
:1045700078D05F2A76D0242A74D09B46002B4FF047
:104580000103BB6414BF45234623BB60ABF10203A8
:10459000DBB2FB604FF0110AC7F800902846CCF759
:1045A000EFF8460000212B18B6F5006FC7E9045359
:1045B000C7E906A5C7E90916C7E90C10C7E90E1136
:1045C000C7E91011F96400F20081E846830000EBAE
:1045D0008000A8EBC0020733954623F00703E946A5
:1045E000BBF1010FADEB030DC7F82CD0C7F820903D
:1045F00049D0FB68012B3ED8EB7A05F10B045F2B09
:10460000FC6103D12B7B5A2B00F0B1802046CCF704
:10461000B7F8002E00F0C78000230122C9E901335A
:104620007A62002800F0BF80C9E9034089F80030B1
:104630000023B9684A4607F11000FAF78DF90646DB
:104640002046CCF79DF82318FB61235C13B9002E9C
:1046500040F0C480BB6C013340F0A8800023BB64F1
:10466000C5469BE76B7A442B00F01F81492B00F075
:104670001181002381E707F11000FAF7FDFDFB69C6
:1046800006461B78E2E72B785F2BE3D16B786A1C38
:104690005A2BFA61DED1AB78AA1C472BFA617AD08B
:1046A000542B78D0594607F11000FCF703FA064660
:1046B000D7E90621D2070B78C8D52E2BC6D14FF0EB
:1046C000000932464B78A3F16100192805D95F2B08
:1046D00003D0303B092B00F2F180881C0378A3F152
:1046E0006106192E0446A3F1300C00F10100F5D942
:1046F000BCF1090FF2D95F2BF0D02E2B12D16378C9
:10470000303B092B0ED8A378A3F13000092804F11F
:104710000204F2D814F8013FA3F130000928F9D9B6
:104720002E2BECD0D7E909039842FC61A4EB0106DB
:1047300037DAD7F820C000EB800E0CEB8E03013087
:10474000002EC3E9019978622BDDC3E901990CF8C9
:104750002E90C3E903164F2107F11000FAF7FCF879
:1047600023782E2B024640F09E802146AAE76B7BE1
:1047700005F10D02472BFA6107F1100001D0542B0F
:1047800004D1FCF717FAFC69814651E7FCF792F96E
:10479000FC6981464CE707F11000FCF70BFA06466E
:1047A00086E70023D7E74FF0000941E7002007F52F
:1047B000D277C546BD46BDE8F08F43785A2B7FF4CB
:1047C000CCAE00234FF0010BD8E6084607F5D277B0
:1047D000BD46BDE8F08F00BFF80C040807F1500497
:1047E00000200021C7E964017A68D7F80090C4F876
:1047F0000C2131462046C7E96133C4E94433C4E99A
:104800004933C4E94633FB60C4F8003184F804310D
:10481000C4F82031C4F82C31C4F80891FAF79CF997
:10482000D4F81C21FB68B2F5006F01DAC4F81C3122
:10483000D4F83811D4F84431012901FB03F332468E
:10484000B8BF01216E46A6EBC1018D46012BC4F80D
:1048500044316846B8BF0123A0EBC3039D46002541
:10486000C4F8301120461121C4F83CD1C4F8485195
:10487000FFF70AF8D4F80011D4F80831D4F80C2165
:10488000B546204665549847D4F81801B0FA80F030
:1048900040098CE7AB7AA3F15F03B3FA83F35B09BA
:1048A0004FEA430B6AE60646D0E6AB7A5F2B4FF041
:1048B00000037FF462AE4FF0030B5FE6FB69164620
:1048C0001B78C3E670B51378012B82B015460446F9
:1048D00003D9312B01D0062B36D16B68012B2EDC8E
:1048E000D4F81C21B2F5806F29DC01260133013296
:1048F0006B601121D4F82C31C4F81C21C4F82CD1E0
:104900002A46204601930095FCF7F0FC6A68D4F82B
:104910001C310199C4F82C11013A013B6A60C4F8BA
:104920001C317EB9D4F80011FF2924D04A1C292358
:10493000C4F80021635484F8043102B070BD01232F
:10494000C4F8183102B070BDD0F80031FF2B21D06F
:10495000591C2822C4F80011E25484F804216B6821
:10496000012B04DCD4F81C21B2F5806F21DD01237A
:10497000C4F81831D8E70025D4E9423284F8FF5052
:1049800020469847D4F82831012213442946C4F818
:104990002831CCE70026194680F8FF60D0E9423282
:1049A0009847D4F8282101210A443346C4F8282125
:1049B000CFE700269AE700BF2DE9F84FD368DB6800
:1049C0001B681978662965D11269D0F82471D2E97B
:1049D000038A9AF800203C2A4FF0FF3208BFDAE938
:1049E00003A9C0F824215B7818BF4FF000096C2B95
:1049F000044600F09B8050D84C2B02D0522B40F044
:104A00009080D4F80011FF2900F0F4804B1CC4F80A
:104A1000003128236354524684F804311121204682
:104A20007C4DFFF74FFF112142462046FFF74EFD18
:104A30004FF0000AD4F8001105F1030B09E00A4613
:104A4000AB4501F10101C4F80011A65484F80461DA
:104A500019D0FF2915F8016BF1D1D4F80831D4F839
:104A60000C2184F8FFA020469847D4F82831012172
:104A700000220B44AB45C4F82831C4F80011A654F9
:104A800084F80461E5D1424611212046FFF71EFD5E
:104A90004A467DE00020BDE8F88F722B41D1D0F866
:104AA0000011FF2900F098804B1CC4F80031282326
:104AB0006354524684F8043111212046564DFFF7C5
:104AC00001FF424611212046FFF700FD4FF000098B
:104AD000D4F8001105F1040809E00A46A84501F1DF
:104AE0000101C4F80011A65484F8046119D0FF290B
:104AF00015F8016BF1D1D4F80831D4F80C2184F801
:104B0000FF9020469847D4F82831012100220B4419
:104B1000A845C4F82831C4F80011A65484F80461EB
:104B2000E5D1C4F824710120BDE8F88F3B4DD0F8E1
:104B300000114FF0000905F1040B09E00A465D453C
:104B400001F10101C4F80011A65484F8046119D0E0
:104B5000FF2915F8016BF1D1D4F80831D4F80C21F4
:104B600084F8FF9020469847D4F82831012100228C
:104B70000B445D45C4F82831C4F80011A65484F8EC
:104B80000461E5D1424611212046FFF79FFC5246C1
:104B900011212046FFF796FED4F80011FF290AD014
:104BA0004A1C2923C4F800210120635484F80431ED
:104BB000C4F82471B8E70025D4F80831D4F80C21E2
:104BC00084F8FF5020469847D4F828310122134436
:104BD0002946C4F82831E4E70025D0E9423280F8BC
:104BE000FF509847D4F828310133C4F828312946BA
:104BF00001235AE70025D4E9423284F8FF502046C9
:104C00009847D4F828310133C4F8283129460123C4
:104C1000FDE600BF740F04088C100408841004081B
:104C2000137803F0FD03382B01D000207047D368C0
:104C30002DE9F047DB681E683378642B02D0002032
:104C4000BDE8F0877378692B044611D003F0DF03C9
:104C5000582BF4D1D0F800111369FF29D3E9035779
:104C600000F08C804B1CC4F800315B2363540CE0D3
:104C7000D0F800111369FF29D3E9035700F0AF8082
:104C80004B1CC4F800312E23635484F804312A46A7
:104C900011212046FEF7F8FD7378582B38D0692B88
:104CA0000BD0D4F80011FF2900F088804A1C5D2346
:104CB000C4F80021635484F804313B7803F0FD0309
:104CC000382B12D0D4F80011FF2966D04A1C3D239E
:104CD000C4F80021204663543A46112184F8043177
:104CE000FFF7F0FD0120BDE8F087FB68DB681B687B
:104CF0001A78642AE6D15B78692B03D003F0DF03CE
:104D0000582BDFD13A4611212046FEF7BDFDE9E7D9
:104D10003A4DD4F8001105F1050A4FF000090AE0F8
:104D20000B46AA4501F10101C4F8001104F8038003
:104D300084F804811AD0FF2915F8018BF0D1D4F83A
:104D40000831D4F80C2184F8FF9020469847D4F815
:104D50002821012100230A44AA45C4F82821C4F8C7
:104D6000001104F8038084F80481E4D1FA68112169
:104D70002046FEF789FD3F69737890E74FF0000801
:104D8000D4E9423284F8FF809847D4F828310133BF
:104D9000C4F828314146012365E70025D4F80831DD
:104DA000D4F80C2184F8FF5020469847D4F82831D5
:104DB000012213442946C4F8283188E70025D4F895
:104DC0000831D4F80C2184F8FF5020469847D4F8D5
:104DD0002831012213442946C4F8283167E74FF0EF
:104DE0000008D4E9423284F8FF809847D4F828318B
:104DF0000133C4F828314146012342E794100408E6
:104E00002DE9F0411E4684B000283FD00C461546DF
:104E100009B1002A3AD0002327496A46CDE9003378
:104E2000CDE90233FFF78EFB002835D0039B009FAE
:104E3000D3B9DDF80880002F37D024B33846CBF73C
:104E40009FFC2B68984218D2421C39462046CBF76B
:104E5000F7FB384600F098FF27460EB10023336079
:104E6000384604B0BDE8F0814FF00108002FE4D1CE
:104E700086B14FF0FF3333600CE0204600F084FF32
:104E8000C5F80080E9E7002DFAD1E6E716B16FF02A
:104E9000020333600027E3E7009800F075FF002E5F
:104EA000F8D06FF001033360F4E7002EF2D0B8F1D0
:104EB000010FF6D1DDE700BFA5EC02081EB400F03B
:104EC0008DF81EBCCCF738F8F0B50278472A83B0CD
:104ED0000C461D4619D0264E0020336801909B6871
:104EE0003046984778B1019B1B68019302272368DD
:104EF000314620461E6901AA0123B04738BB074648
:104F0000384603B0F0BD0127F1E743784E2BE2D1DC
:104F10008378552BDFD1C378432BDCD10379462B23
:104F20001AD0432BD7D143792B2BD4D183792B2B78
:104F3000D1D1C379012BCED850F8206C4FF00003AB
:104F400001930ABF3046583056F8786CC5E7019B8C
:104F50002B60384603B0F0BD43794F2BBBD183792A
:104F6000522BB8D1C0790028B5D1024EB5E700BFA9
:104F70000C180408E017040810B5044600F0EEF819
:104F8000224612F82039472B04D0836823BB826065
:104F9000012010BD63784E2BF7D1A378552BF4D1A7
:104FA000E378432BF1D12379432BEED163792B2B7B
:104FB000EBD1A3792B2BE8D1E379012BE5D854F879
:104FC000043C0133012B44F8043CE1D1836844F8EC
:104FD000083C8260012010BDF9F77AFB08B500F0AB
:104FE000BDF8836883B393F82020472A04D00022B9
:104FF000826003F1200008BD93F821204E2AF6D1EB
:1050000093F82220552AF2D193F82320432AEED197
:1050100093F82420432AEAD193F825202B2AE6D1BD
:1050200093F826202B2AE2D193F82720012ADED8F4
:10503000DA69013ADA61002ADBD1996981600022DC
:105040009A6103F1200008BDF9F742FB38B5044628
:1050500000F084F82246056812F82039472B03D067
:1050600085BB0260284638BD63784E2BF8D1A37803
:10507000552BF5D1E378432BF2D12379432BEFD194
:1050800063792B2BECD1A3792B2BE9D1E379012B7D
:10509000E6D854F80C3C002B11DB013344F80C3CEF
:1050A0004368013B4360954218BF44F8105C656A51
:1050B00018BF0260204607F099FB284638BDC3F1AF
:1050C0000103EBE7F9F704FB08B500F043F80368C8
:1050D0007BB393F82020472A07D00022026003F117
:1050E0002000BDE8084007F083BB93F821204E2A3A
:1050F000F3D193F82220552AEFD193F82320432AA5
:10510000EBD193F82420432AE7D193F825202B2ACA
:10511000E3D193F826202B2ADFD193F82720012A08
:10512000DBD85A69002A05DB013A08D0511C0ED0A1
:105130005A6108BD0132FBD119690160F8E71A69AB
:10514000026003F12000BDE8084007F051BBF9F709
:10515000BFFA00BF004870470C3603240048704770
:105160000C360324502870B51DD0844600F00F0083
:105170000C2855D8DFE800F0074426071E54545485
:10518000542A22071E00104650F8046B4EB10CF052
:105190007004102C08BF11460E441CF0800F18BF7D
:1051A00036681E6070BDD01C20F0030050F8046B00
:1051B0001E6070BD104650F8086BE7E7104630F9E6
:1051C000026BE3E7104630F8026BDFE7002610467B
:1051D000344610F8015B05F07F0E0EFA04FE15F060
:1051E000800F46EA0E0604F10704F2D11F2CCDD839
:1051F0006D06CBD54FF0FF3505FA04F42643C6E71C
:1052000000261046344610F8015B05F07F0E0EFABA
:1052100004FE2D0646EA0E0604F10704F3D4B5E7B2
:1052200000F02EFDFF2808B5034612D003F07003EE
:10523000302B084613D005D8202B09D1BDE80840F3
:1052400008F015B8402B06D1BDE8084007F0FCBFB8
:1052500003D8002008BD502BFBD000F011FDBDE8A5
:10526000084008F001B800BFF8B50C4615460646E0
:1052700008B107F0E9FF286014F8017BFF2F28D15F
:105280006860204610F8013BFF2B32D01023002429
:105290002B75224610F8011B01F07F03934009068D
:1052A00044EA030402F10702F4D40444EC6010F869
:1052B000013B6B750024224610F8011B01F07F03AF
:1052C00093401C430B0602F10702F5D404442C6101
:1052D000F8BD31463846FFF7A5FF2B1D0146224693
:1052E0003846FFF73FFF0446204610F8013BFF2BEE
:1052F000CCD12B750024D9E72DE9F04F00F0030342
:1053000095B00024012B0A940F46164600F0A480A5
:10531000022B0AD13146384607F080FF002840F0C2
:105320009080082015B0BDE8F08F002B40F001827E
:1053300010F00804EED10EAB4FF001080293029B6F
:10534000009300230C22194630460E9707F07EFA90
:10535000304607F07FFF03900028DBD0DDE9022113
:1053600044EA080330460493FFF77EFF9DF84C3073
:105370000693814631461846FFF754FF0DF1340875
:105380000023059010901946CDF800800F2230467A
:1053900007F034FA0D9BDDF848A023F00103D14556
:1053A00003F1FF3533D29DF84DB00E9C00215846D5
:1053B000FFF738FF4A4601460BAB5846FFF7D2FECF
:1053C000002181465846FFF72DFF4A4601460CABA7
:1053D0005846FFF7C7FE002181465846FFF722FFD7
:1053E0004A46014643465846FFF7BCFE8146002028
:1053F000024619F8011B01F07F03934018430B0686
:1054000002F10702F5D40B9B2344AB421DD94FF0A8
:105410000009CB460123049AD10777D50A9B1C4685
:1054200000231946CDF8008030460D2207F0E6F93A
:10543000039BC7E90B3B0D9B3B62C7E9094906206B
:1054400070E7092015B0BDE8F08F0C9A1344AB4209
:1054500064D8D145AAD3DAE70EAB10F00804029362
:1054600002D04FF002086AE700930D6A23460D222E
:105470002146304607F0C2F90E9B9D42F1D1029BB6
:105480000093214623460C2230460E9707F0DEF9A2
:10549000D7F830B0D7E90A43BBF1000F3BD00393F4
:1054A000A1460DF13408B9F1000FC0F203810325C4
:1054B00000231A461946CDF8008030460D9707F0B4
:1054C000C5F9002319460122CDF8008030460D941D
:1054D00007F0BCF9002319460F22CDF800803046B2
:1054E00007F08CF90D9ACDF8008002F0010200233C
:1054F00042EA0B020D9230460F22194607F0A6F938
:10550000022D60D0072015B0BDE8F08F049A120775
:105510005DD4012B6BD1384600F03EF90D9B002B7A
:105520003FF4F8AE0F9A03EB020B002800F0E58081
:1055300001380AEB0004BBF1000F3FF4EBAE049B13
:1055400013F00803089300F0DC807B4B3B607B4B3F
:105550007B60069B079603F00702CDF818B04FF06A
:10556000000A09929B4600210A4614F8010B00F03C
:105570007F039340050641EA030102F10702F4D4D8
:105580001F2A05D8400603D5012393405B421943E7
:105590000025894626462A4616F8010B00F07F03AF
:1055A00093401D43030602F10702F5D41F2A20D8B9
:1055B00046061ED5012393405B421D4359BB4FF065
:1055C000010A2C44CFE73846FFF7D6FC9AE7012BB7
:1055D00000F0AD80B9F1000FC0F2A5804C46032564
:1055E00066E7049BDB07DDE906B63FF517AF4C46DF
:1055F00059E781B94FF0010A002DE2D15346DDE9A8
:1056000006B6002B3FF486AE049BD8073FF582AE6A
:10561000002402254CE7002910DC6FF040435B1AA0
:105620009A0017B1089900292FD0119A52F8233007
:10563000002BE1D1DDE906B60323ECE6BBF1FF0F59
:1056400059D0099A042A74D8DFE802F003731C03C6
:1056500019008B005B42119A05991A44584643463B
:10566000FFF780FD0D990029E4D0002FC4D00AABCC
:1056700000223846FFF728FC0028BDD0DAE7CB002F
:105680005B42E8E74B005B42E5E7119E56F82310CA
:105690000A9B0D93164421B93CE056F8041F0029DB
:1056A0009FD03144434600223846FFF70DFC0028C6
:1056B000F3D0A1E7DDE902213046FFF7D5FD9DF8E3
:1056C0004C003146FFF7AEFD6FF04042121B05461D
:1056D000119850F8223000EB820033B102460023CB
:1056E00052F8041F01330029FAD1C7E90A3504230F
:1056F00078633B63DBE60023ADE7BBF1000F83D1AA
:1057000008E6FB79012B0CBF57F8203C07F1580342
:105710000A931EE71C46049BDD07DDE906B63FF54C
:105720007FAE4C46BFE6F8F7E1FFFFF78FFCF8F7D6
:10573000CFFF00F0A5FA00BF474E5543464F520039
:1057400008B5FFF70BFD006830B190F82730012B4A
:1057500004BF00687838006808BD00BF0378472B95
:1057600001D00020704743784E2BFAD18378552B17
:10577000F7D1C378432BF4D10379432BF1D143798B
:105780002B2BEED183792B2BEBD1C07901288CBF49
:1057900000200120704700BF10B530B10446FFF76C
:1057A00055FC2046FFF7DAFF08B9F8F791FF54F8E7
:1057B000140CF8F785FF00BF2DE9F04F83B00246C7
:1057C000FFF7CCFF38B152E90684D2E90C75D2F864
:1057D00028A0002605E00446804601260546074627
:1057E00082461046FFF732FC0EB1F8F77FFF4046C5
:1057F000F8F778FFFFF72AFC0EB1F8F769FFFFF71B
:10580000A9FC036893F82720012A0CBF1A6803F14A
:105810007802009227F0030803F1200B4FF00009F3
:10582000CA451ADD2F6807B12F446B46002239465E
:105830005846FFF749FB08B1F8F7D0FF3B680190E5
:105840000F49384601AA1F690123B847002818BF2D
:10585000064609F101094544E2E746B10420F8F79C
:1058600073FE084B084A06490360F8F79DFF20467F
:10587000F8F726FFFFF728FCFFF726FCFFF71EFBD3
:10588000B41704081C1804089DE602080000000074
:1058900030B510EE104AC4F30A53B3F57D7FB7EE6E
:1058A000C07A83B019D227EE075BB3F5667F6CD35D
:1058B00027EE052B25EE021B694B93ED1A3B93ED6A
:1058C000186B93ED164BA5EE036BA2EE047BA6EED0
:1058D000017BB7EEC70B03B030BD40F22E429342BE
:1058E0005BD85F4991ED086B27EE066BFDEEC66B4A
:1058F00091ED0A5B16EE903A03F500031B1613F0C8
:10590000020F06EE903A01F1700208BF0A46D8076E
:10591000B8EEE66BA6EE457B27EE076B1BD403F0D3
:10592000030301EBC30191ED002B92ED1A4B92EDB5
:10593000185B92ED163BA6EE045B27EE027B27EE8A
:10594000064B26EE046BA4EE037BA5EE067BB7EEBA
:10595000C70B03B030BD92ED142B26EE065B92ED23
:10596000127B92ED0E3BA6EE027B92ED0C0B92EDBC
:10597000104BA6EE030B26EE056BA5EE040BA7EE6F
:10598000060BB7EEC00B03B030BD14F0FF4F04BFE1
:10599000B7EEC55B8DED015ADBE7B3F5FF6F3BD288
:1059A000304BC4F3836203EB820153F82220C4F32B
:1059B0001603C4F3C25043F400038340086A096924
:1059C000A0FB035003FB02F2E3FB010202F10051D2
:1059D0008D0F01F04041511ACBF7CCF8224B9FEDCF
:1059E0001E6B05EBD47441EC170B14F0020FA3F1FE
:1059F000700208BF1346E90727EE067B27EE076B08
:105A00000FD402EBC40292ED002B93ED1A4B93EDF1
:105A1000185B93ED163B8EE703B0BDE8304000F015
:105A20001FB993ED141B26EE064B93ED125B93ED1D
:105A30000E2BA6EE015B93ED0C7B93ED103BA6EED7
:105A4000027B26EE046BA4EE037BA5EE067BB7EE8D
:105A5000C70B7EE7AFF30080182D4454FB21193C9F
:105A6000B820040858200408282104080000000079
:105A700038B510EE104AC4F30A53B3F57D7FB7EE84
:105A8000C07A1ED227EE077BB3F5667F6FD327EE71
:105A9000071B694B93ED142B93ED125B93ED0E3BBB
:105AA000A7EE025B93ED0C6B93ED104BA7EE036B2F
:105AB00027EE017BA1EE046BA5EE076BB7EEC60BDC
:105AC00038BD40F22E42934254D85B4991ED086BA9
:105AD00027EE066BFDEEC66B91ED0A5B16EE903A73
:105AE00003F500031B1613F0020F06EE903A01F1C6
:105AF000700208BF0A46D807B8EEE66BA6EE457BF3
:105B000027EE076B1AD503F0030301EBC30191EDF8
:105B1000002B92ED1A4B92ED185B92ED163BA6EE20
:105B2000045B27EE027B27EE064B26EE046BA4EE09
:105B3000037BA5EE067BB7EEC70B38BD92ED142BA9
:105B400026EE065B92ED127B92ED0E3BA6EE027BFB
:105B500092ED0C0B92ED104BA6EE030B26EE056BAF
:105B6000A5EE040BA7EE060BB7EEC00B38BDB7EEE3
:105B7000000A38BDB3F5FF6F3DD2304BC4F38362EA
:105B800003EB820153F82220C4F31603C4F3C2507E
:105B900043F400038340086A0969A0FB035003FB38
:105BA00002F2E3FB010202F100518D0F01F04041CE
:105BB000511ACAF7DFFF224B9FED1D6B05EBD47422
:105BC00041EC170B14F0020FA3F1700208BF13464B
:105BD000E90727EE067B27EE076B10D504F00304D8
:105BE00002EBC40292ED002B93ED1A4B93ED185B80
:105BF00093ED163B93E7BDE8384000F031B893EDE4
:105C0000141B26EE064B93ED125B93ED0E2BA6EEC6
:105C1000015B93ED0C7B93ED103BA6EE027B26EE31
:105C2000046BA4EE037BA5EE067BB7EEC70B38BD75
:105C3000182D4454FB21193CB820040858200408AE
:105C40002821040810B52DED028BB0EE408A0446E1
:105C500002F0A2FDB0EE480ABDEC028B046010BD5C
:105C6000F0EE407A30EE407AF4EE677AF1EE10FA18
:105C700087EE070A02D62120FFF7E4BF704700BF76
:105C800008B5062002F09EFC012007F041FB00BF92
:105C900000B50B4C25681446EE681A4685B00346DD
:105CA0000D464CB107490095CDE90114304606492F
:105CB00000F08CFDFFF7E4FF04490C46F3E700BF5A
:105CC00070060024E4150408F4150408F01504080F
:105CD000002301461A46184602F0A2BD00B5054B46
:105CE00083B0014601AA186800F006F803B05DF819
:105CF00004FB00BF700600242DE9F047DFF8749024
:105D000007460E46904602F0D5FDD9F800504DB139
:105D100033781C466BB1344602E014F8013F3BB1C6
:105D20003D2BFAD1384602F0CBFD0020BDE8F087CC
:105D3000A41B28680028F5D02246314602F0C8FB93
:105D400028B92868035D3D2B00EB040A04D055F800
:105D5000040F0028F0D1E5E7D9F80030EB1A9B10CA
:105D60003846C8F8003002F0ABFD0AF10100BDE88A
:105D7000F08700BFBC070024024B0146186800F002
:105D80000BB800BF70060024024B0146186802F0F1
:105D9000F9BD00BF700600242DE9F04F01F10B059D
:105DA000162D83B0064623D8102900F2AF8000F0EC
:105DB000A5FA102518230220B74F3B44A3F108028F
:105DC0005C68944200F01E816368E268A16823F079
:105DD0000303CA602344304691605A6842F00102CE
:105DE0005A6000F091FA0834204603B0BDE8F08F05
:105DF00035F0070500F18A80A94200F2878000F0A3
:105E00007DFAB5F5FC7FC0F06E816B0A00F08280F0
:105E1000042B00F21D81AB0903F1390003F1380EA8
:105E2000C3009D4F3B44A3F1080C5C68A44507D117
:105E30000DE0002AE16880F2DF808C4507D00C4637
:105E4000636823F003035A1B0F2AF2DD7046DFF864
:105E500060823C69444500F0BC80636823F0030C19
:105E6000ACEB05030F2B00F34281002BC7E904883C
:105E700080F22D81BCF5007FD7F804E080F0C88067
:105E80004FEADC0101314FEA5C1C012303FA0CF3F9
:105E900057F83120A2604EEA030E07EBC103083B1E
:105EA000E360C7F804E047F83140D46083104FF056
:105EB000010C0CFA03FCF44532D81CEA0E0F08D191
:105EC00020F003004FEA4C0C1CEA0E0F00F1040016
:105ED000F8D007EBC00AD6468146DEF80C300BE05E
:105EE000596821F003014A1B0F2A1C46DB6800F3A6
:105EF000BB80002A80F2DE809E45F1D109F10109C4
:105F000019F0030F0EF1080EE7D119E10C233360ED
:105F1000002469E74FF4007340204FF03F0E80E704
:105F2000BC68636823F00309A94503D3A9EB050303
:105F30000F2B51DC594B1B68082003F1100804EBB0
:105F40000903009302F05EFC554A13680133A8442C
:105F5000834605D008F1FF388044434203EA08082D
:105F60004146304602F0F0FBB0F1FF3F4C4A82461A
:105F700000F0D880009B834200F2D280494B186821
:105F800040440BF1FF311860844640F0FC801AEA6F
:105F9000010F40F0F880D7F808A0C84448F001028B
:105FA000CAF80420404B1968814238BF18603F4B43
:105FB0001968814238BF1860544622F00308A8458A
:105FC000A8EB050301D30F2B06DC304600F09CF94B
:105FD0009EE7D7F804E069E7621943F0010345F052
:105FE000010565603046BA60536000F08DF90834F1
:105FF000204603B0BDE8F08FA2682344D16030464C
:106000008A60EAE6DC68A3427FF4DEAE02301EE777
:10601000BCF5206F4FEA5C227BD3142A00F2128178
:1060200002F15C03DB005B32F918FB580839994236
:1060300003D1ECE09B68994204D05A6822F0030235
:106040006245F7D8D968C4E902318C60DC602DE77D
:10605000142B6AD9542B00F2FE802B0B03F16F0036
:1060600003F16E0EC300DCE6D4F808C030466619B2
:1060700045F001056560CCF80C30C3F808C042F06B
:106080000103C7E90466C6E902887360625000F044
:106090003BF90834A8E600BFF0000024483603248A
:1060A000E800002418360324443603244036032431
:1060B000F8000024214430464A6842F001024A6058
:1060C00054F8082FD3609A6000F01EF98CE6A444BF
:1060D0003046DCF8043043F00103CCF8043000F023
:1060E00013F9083480E6E80805F1080364E662194C
:1060F00043F0010145F0010565603046C7E904221F
:10610000C2E90288516044F80C3000F0FDF8083410
:106110006AE64FEA9C1202F13903DB00383283E76A
:10612000BC4228D0BC68626847E703F15C0003F119
:106130005B0EC30075E65AF80839534540F0D98024
:1061400010F0030F00F1FF30F5D17B6823EA0C0358
:106150007B604FEA4C0C9C453FF6E2AEBCF1000F71
:1061600004D1DDE64FEA4C0C09F104091CEA030FE7
:10617000F8D04846ADE6604B186808EB000C0BF110
:10618000FF31C3F800C0106801306ED0009AAAEB4E
:10619000020262441A601AF00702CDE9002340D0DF
:1061A000C2F108029244D04408EA01005A44121A8B
:1061B00002EA010B5946304602F0C6FA421C019B26
:1061C0006FD0A0EB0A0000EB0B081868C7F808A016
:1061D00048F001025844BC42CAF8042018603FF459
:1061E000E1AEB9F10F0F43D96168A9F10C0222F0B9
:1061F000070201F00101114361604FF0050CA11885
:106200000F2AC1E901CC54D8DAF80420CAE692106A
:106210004FF0010C0CFA02F24EEA020EC7F804E04D
:1062200011E70AEB08020A40ABEB020202EA010B9B
:106230005946304602F088FA431C019BC1D1DDF873
:1062400000B0C2E7542A17D84FEA1C3202F16F039C
:10625000DB006E32E8E6B3F5AA7F17D8EB0B03F14B
:10626000780003F1770EC300DBE5C2F800A092E7E7
:106270000123CAF80430A8E6B2F5AA7F24D84FEA71
:10628000DC3202F17803DB007732CDE640F2545283
:10629000934224D8AB0C03F17D0003F17C0EC300C4
:1062A000BFE5009A083A9044A8EB0A084FF0000BAB
:1062B0008BE7304604F10801009302F063FB009B7A
:1062C000D7F808A018689FE740F254539A420CD8B8
:1062D0004FEA9C4202F17D03DB007C32A4E64FF4DE
:1062E0007E737F204FF07E0E9BE54FF47E737E22FF
:1062F0009AE67B682DE700BF18360324014802F0B8
:106300007DBA00BF90370324014802F079BA00BF7C
:106310009037032410B4044C03460A4620685DF805
:10632000044B194600F002B8700600242DE9F84F1E
:106330001646002900F096800C46804606F10B05B3
:10634000FFF7DCFF54F8041C162DA4F1080921F016
:10635000030758D81025AE4258D8AF4260DABE4B7A
:106360009A6809EB070C6245DCF8040000F09080A5
:1063700020F0010363445B68DB0768D420F003006E
:106380003B189D4247DDCB0712D454F8083CA9EBDB
:10639000030BDBF8043023F00302104400EB070A80
:1063A000554540F3F68007EB020A554540F3CC8093
:1063B00031464046FFF7F0FC0646002800F02081F9
:1063C00054F8043C23F001034B44A0F1080293422B
:1063D00000F0B4803A1F242A00F2D780132A00F27A
:1063E000A28003462246116819605168596092687C
:1063F0009A602146404602F0C5FA4046FFF784FF06
:106400003046BDE8F88F35F00705A4D50C23C8F851
:106410000030002618E01F46DCE90223D3609A60B2
:10642000D9F804307A1B0F2A03F0010309EB0700A7
:106430001DD83B43C9F80430436843F0010343606F
:106440004046FFF761FF26463046BDE8F88FC90792
:10645000AED454F8083CA9EB030BDBF8043023F06E
:106460000302A0E7BDE8F84F1146FFF795BC09EB22
:1064700005012B4342F00102C9F804304A60436829
:1064800043F0010343600831404602F07BFAD7E74E
:1064900020F00300C21905F1100C624580F29180D2
:1064A000CA0785D454F8082CA9EB020BDBF80420AA
:1064B00022F00302104400EB070AD4453FF773AF04
:1064C0005E46DBF80C1056F8080F3A1F242AC1600C
:1064D000886000F2AE80132A40F2A9802168CBF8D0
:1064E00008106168CBF80C101B2A00F2A880083451
:1064F0000BF110022168116061685160A168916020
:106500000BEB0501AAEB050242F0010299604A601B
:10651000DBF8043003F001032B434046CBF8043092
:10652000FFF7F2FE90E723680360636843601B2A6D
:106530003CD804F1080200F1080354E750F8043C89
:1065400023F003031F446BE73A1F5E46DBF80C3071
:1065500056F8081F242ACB60996022D8132A1ED926
:106560002368CBF808306368CBF80C301B2A3BD883
:1065700008340BF1100322681A6062685A60A2683E
:106580009A6034465746D9464AE7214601F066FEEE
:106590002FE7DCE902133A1FCB609960D5E7334659
:1065A000E9E72146304601F059FEEAE7A368836037
:1065B000E368C360242A27D004F1100200F110031D
:1065C00011E709EB05019960531B43F001034B6090
:1065D00054F8043C03F001032B43404644F8043CC8
:1065E000FFF792FE26462FE7A368CBF81030E3684A
:1065F000CBF81430242A10D010340BF11803BAE76A
:106600004046FFF781FE04E7236903616169416148
:1066100004F1180200F11803E5E62369CBF81830FD
:106620006369CBF81C3018340BF12003A3E7324622
:1066300060E72146304601F011FE074B60E7A16894
:10664000CBF81010E168CBF81410242A06D01034CF
:106650000BF118024EE700BFF00000242269CBF8CE
:1066600018206269CBF81C2018340BF1200241E796
:106670002DE9F047074649480E46354616F801EB26
:1066800010F80EC01CF0080CF7D1BEF12D0F5AD037
:10669000BEF12B0F03BF96F800E06446AE1C6446C3
:1066A0004BB9BEF1300F5CD00A23DFF8F4804FF015
:1066B000050A99460AE0102B4AD04FF0FF38B8FB84
:1066C000F3F803FB08FA6FEA0A0A99460025284600
:1066D00005E02CD009FB00C0012516F801EBAEF156
:1066E000300CBCF1090F06D9AEF1410CBCF1190F09
:1066F0000BD8AEF1370C634510DDB5F1FF3FECD0A0
:106700004045E6D94FF0FF35E7E7AEF1610CBCF14B
:10671000190F03D8AEF1570C6345EEDC6B1C0BD0A0
:1067200004B140420AB165B91160BDE8F087D445B3
:10673000D0DD4FF0FF35D0E722233B602846002A0A
:10674000F3D0711EF0E796F800E00124AE1CA7E735
:10675000BEF1300F11D04FF00F0A6FF0704899461C
:10676000B4E7337803F0DF03582B0BD008234FF046
:10677000070A6FF060489946A8E7307800F0DF001C
:106780005828E8D14FF0100996F801E04FF00F0AB1
:1067900002366FF070484B4698E700BF9921040815
:1067A0009999991910B4054C8446134620685DF8F0
:1067B000044B0A466146FFF75BBF00BF700600242A
:1067C00013460A460146022002F02AB80EB410B55C
:1067D00083B005AB064C53F8042B019301462068A7
:1067E00000F008F803B0BDE8104003B0704700BFE8
:1067F000700600242DE9F04FC7B016AFCDE9062191
:1068000083460822002138461C460C9301F0A6FD61
:10681000BBF1000F04D0DBF83430002B00F02786EA
:10682000079B5A6EB3F90C30D00702D4990540F19A
:106830000A859E0406D4079943F4005322F40052BB
:106840008B814A66950400F1C386079AB2F90C3031
:10685000190740F1CB801269002A00F0C78003F0CD
:106860001A020A2A00F0D18000239E46CDE90FEEDD
:10687000CDE91B33DFF8F8A8CDF838E01DAB1A934B
:106880009946CDF820E0CDF834E0069DDAF8E440F2
:1068900001F0C4FE009703462A4614A95846A047B3
:1068A000002800F0D180C0F2C780149A252A034640
:1068B00001D01D44EAE7069BEE1A044640F0C8806A
:1068C00000234FF0FF316A788DF84B3009936C1C30
:1068D000059103930134A2F120035A2B00F2F980B1
:1068E000DFE813F06002F700F7005A02F700F70044
:1068F000F7006A00F700F700E801F901F700F3017B
:106900000402F700FE015B005B005B005B005B00C4
:106910005B005B005B005B00F700F700F700F7002F
:10692000F700F700F700F700F7009D016A02F70093
:10693000F700F700F700F700F700F700F700F7009F
:10694000F7002002F700F700F7007601F7008D024C
:10695000F700F700E704F700F700F700F700F7008B
:10696000F700F700F700F700F7009D01C201F700FC
:10697000F700F7008402C2017E00F7000A03F70067
:10698000FB02E404DA027E00F70076017C00E104F9
:10699000F700F7000A05F7007C00A2F130030021A0
:1069A00014F8012B01EB810103EB4101A2F130034B
:1069B000092BF5D909918EE7584601F035FE436859
:1069C0000F931846C9F7DCFE10900546584601F0B3
:1069D0002BFE83680E93002D40F05684227879E7D1
:1069E000039B227843F02003039373E7079D5846E7
:1069F000294601F0A3FB002840F01E86B5F90C30B3
:106A000003F01A020A2A7FF42FAF0799B1F90E207A
:106A1000002AFFF629AF4A6ED60702D49D0540F141
:106A2000CB85DDE906212346584600F017FE089085
:106A3000089847B0BDE8F08F08220021384601F0E1
:106A40008DFC01231D4421E7069BEE1A044612D05B
:106A5000069BC9E900361C9B33441C931B9B0133E6
:106A6000072B1B9311DC09F10809089B3344089399
:106A7000002C7FF425AF1C9B002B40F0B885079BB2
:106A80000022B3F90C301B9218E007991AAA584655
:106A900000F024FE78B90DF17409E6E707991AAA07
:106AA000584600F01BFE00287ED00B9B1BB10B99B3
:106AB000584601F067FF079BB3F90C30079A526EF6
:106AC000D1077CD55B0600F18D85089847B0BDE8FD
:106AD000F08F0694002ACED000238DF84B3001238E
:106AE0008DF8B42004930A932DAC00230B930593E7
:106AF000039810F08408DDE91B2105D10998049D55
:106B0000451B002D00F3D6829DF84B0078B1013271
:106B100001200131C9F80400072A0DF14B00CDE92D
:106B20001B21C9F8000000F3FA8209F108097BB1C2
:106B3000013213A80231C9F80000072A4FF0020001
:106B4000CDE91B21C9F8040000F3F88209F1080916
:106B5000B8F1800F00F00C82059B0A981D1A002DD9
:106B600000F34A820A9BC9F8004001321944072AFF
:106B7000CDE91B21C9F8043000F3798209F1080935
:106B8000039B580705D5099B049A9C1A002C00F317
:106B9000E282DDE9083204988242ACBF9B181B18E0
:106BA000089300297FF47AAF00231B930B9B1BB142
:106BB0000B99584601F0E6FE0DF1740965E69A0559
:106BC00080D4079CA06D01F01BFEB4F90C3079E76E
:106BD0000C9E069456F8044B00238DF84B30002C85
:106BE00000F05D84532A00F0A283039B13F010058C
:106BF00040F09D83059B002BC0F2CD841A462946A8
:106C00002046C9F7CDFC0B90002800F00685031B39
:106C1000CDE90A3523EAE373049300F09DBC0C9B95
:106C20000694432A03F1040503D0039BD80640F1E0
:106C300067830822002118A801F090FB0C9B2DAC63
:106C40001A68214618AB584601F0BCFF03460133D1
:106C50000A9000F0D6840A9B23EAE373049300238E
:106C60000C958DF84B3040E7039B0694990640F154
:106C7000AC800C9B073323F0070319465A6851F880
:106C8000083B0C911146002AC0F23F81059A002A68
:106C9000C0F24881039A22F08002039253EA010273
:106CA00040F04081059B002B40F08B8404930A93B5
:106CB00046AC49E10C9B53F8042B0992002A80F260
:106CC000BA82099A0C9352420992039B227843F0AC
:106CD00004030393FEE52B2322788DF84B30F9E56E
:106CE000039B227843F080030393F3E5204610F8DA
:106CF000012B2A2A00F09584A2F13003092B98BFBA
:106D0000002100F2608410F8012B01EB810103EBFC
:106D10004101A2F13003092BF5D941EAE173059352
:106D20000446D8E5039B069443F0100212F02001BC
:106D300000F051820C9B073323F007031846596873
:106D400050F8083B0C9022F480640394059C0020CA
:106D500084428DF84B007CDB53EA010422F49062FC
:106D600040F08183039C0392059B002B69D100288E
:106D700040F05C8214F001020A9200F0608230233D
:106D80008DF817319DF84B3004920DF21714002B3B
:106D900040F0DF800B93E1E0039B227843F0010396
:106DA000039397E59DF84B302278002B7FF492AD4A
:106DB00020238DF84B308DE5039B069443F01003A0
:106DC0000393039B99063FF554AF0C9A52F8043B8A
:106DD0000C92039AD20600F14382039A560640F1C0
:106DE0003B8243F3C0310A461BB24CE72278039B37
:106DF000682A00F0958243F0400303936AE5039B01
:106E0000069443F0100414F0200100F0F3810C9B71
:106E1000073323F007031A46596852F8083B0C92CF
:106E200000228DF84B20059A002AC0F21E8324F020
:106E30008002039253EA010274D1059B0120002BCA
:106E400095D0012800F0BD8300230228194600F0E8
:106E50001A8146AC03F00702DB0843EA4173C90814
:106E6000303253EA0105204604F8012DF2D1039B8C
:106E7000DD0740F11681302A00F013813023059A96
:106E800004F8013C023846AB1B1A9A42B8BF1A46B6
:106E90000A930446049257E0039B0C9A069443F02D
:106EA0000203039352F8043B0C9247F63002ADF80C
:106EB0004C20AD4A0D92002100228DF84B20059AFE
:106EC000002AC0F2E080039C53EA010024F0800213
:106ED000039240F0D880022046E7039B06949C066C
:106EE00040F1C1810C9B089A1B681A60D2175A6046
:106EF0000C9B04330C93C8E42278039B6C2A00F0AB
:106F0000088243F010030393E4E42D228DF84B2014
:106F1000059A5B4261EB4101002A03DB039A22F0F0
:106F2000800203920A2B71F1000280F03982303323
:106F3000DBB28DF81731059B012BB8BF01230493F9
:106F400001230A930DF217149DF84B30002B3FF4E8
:106F500021AF00230B93049B01330493039B13F095
:106F600002033FF4C5AD049B023304930223BFE543
:106F7000099B04981D1A002D7FF7EEAD102DDFF848
:106F8000EC8126DD40464B46A046DDF81C901026DD
:106F9000044604E0103D102D03F1080315DD013215
:106FA0001031072AC3E90046CDE91B21F2DD1AAAF8
:106FB0004946584600F092FB00287FF476AD103D1C
:106FC000102DDDE91B211DABE9DC99462346444623
:106FD000984601322944072ACDE91B21C9F80080CF
:106FE000C9F8045000F34882059B0A981D1A002D29
:106FF00009F108097FF7B6AD102DDFF8708128DDA3
:107000004B461026A9462546079C06E0A9F1100923
:10701000B9F1100F03F1080318DD013253481031A4
:10702000072AC3E90006CDE91B21EFDD1AAA214694
:10703000584600F053FB00287FF437ADA9F1100942
:10704000B9F1100FDDE91B211DABE6DC2C464D46E6
:10705000994601322944072ACDE91B21C9F800804D
:10706000C9F8045000F3D58009F108097AE50799B9
:107070001AAA584600F032FB00287FF416AD1C997E
:107080000DF174097CE50D9846AC03F00F021B0965
:10709000825C04F8012D43EA0173090953EA0102F5
:1070A000F3D1059A46AB1B1B9A42B8BF1A460A9306
:1070B000049249E7102D2F4E23DD48461193A14637
:1070C000079C04E0103D102D00F1080016DD013290
:1070D00010311023072ACDE91B2106604360F1DD42
:1070E0001AAA2146584600F0F9FA00287FF4DDACD0
:1070F000103D102DDDE91B211DA8E8DC119B4C463D
:10710000814601322944072ACDE91B21C9F80060D4
:10711000C9F8045000F3978109F10809F4E40799CC
:1071200011931AAA584600F0D9FA00287FF4BDAC92
:10713000DDE91B21119B0DF17409F8E407991AAAE6
:10714000584600F0CBFA00287FF4AFACDDE91B21F4
:107150000DF17409FCE4102C1B9B064E28DDDDF8B4
:107160001C8010250DE000BF381604089C2204087E
:1071700004050024AC220408103C102C09F1080975
:1071800016DD01331031072BC9E90065CDE91B314C
:10719000F2DD1AAA4146584600F0A0FA00287FF412
:1071A00084AC103C102CDDE91B310DF17409E8DCD6
:1071B00001332144072BC9E90064CDE91B317FF776
:1071C000E8AC07991AAA584600F088FA00287FF41C
:1071D0006CAC1C99DDE40C9850F8043B0C9012F058
:1071E00010007FF4B0AD12F0400400F062819BB259
:1071F0000146A8E50C9A52F8043B0C9214F01002D8
:107200007FF40EAE14F0400000F059819BB211469D
:1072100006E607991AAA584600F060FA00287FF49B
:1072200044ACDDE91B210DF174099BE4059B04933B
:107230000A9346AC88E622780C93FFF74BBB059B7C
:10724000049346AC80E6079DA86D01F0D7FAB5F926
:107250000C306A6EFFF7EDBA039A950500F187814D
:10726000D9170A460FE5039BD80600F11381039B4B
:10727000590600F18B81039B9A0540F10B810C9B11
:10728000089A1B681A7033E60E9B2278002B3FF495
:1072900021AB1B78002B3FF41DAB039B43F48063B1
:1072A0000393FFF717BB0694039CACE5039A06947F
:1072B0003CE5B24B06940D93039B13F020015FD085
:1072C0000C9B073323F007031846596850F8083B16
:1072D0000C90039CE6070AD553EA010007D08DF80D
:1072E0004D2044F00202039230228DF84C20039A84
:1072F00022F480620392DFE5A14B06940D93DBE755
:107300000C9B1B688DF8B430012304930A932DACB9
:10731000A5E443F02003627803930134FFF7DABA5F
:1073200043F40073627803930134FFF7D3BA082261
:10733000002118A8159401F011F8059B002BC0F24C
:10734000DC800025CDF81090A84699460EE02DA9C6
:10735000584601F037FC431C404400F05281484538
:1073600009DC05F1040500F054818046159A525954
:1073700018AB002AEBD1DDF81090CDF82880C9E0D9
:107380000C9850F8043B0C90039810F01000A0D11A
:10739000039911F0400400F099809BB2014698E7F0
:1073A000039ACDF8109046AC02F48062A146CDF865
:1073B00028B0744EDDF838B04FF0000C144605E0EC
:1073C0000A2B71F1000136D3434629465A1842F17F
:1073D0000002A6FB020525F0030000EB9500121A3F
:1073E000981A4FF0CC3561F1000E05FB00F506FB55
:1073F0000E55A0FB0680054408F0010E0520AEFBEB
:10740000000E80184FEA5808303009F8010C48EA9D
:10741000C5780CF1010C09F1FF396D08002CCFD0B3
:107420009BF800206245CBD1BCF1FF0FC8D00A2BDE
:1074300071F1000151D2CDF838B04C46DDF828B0DA
:10744000DDF810902DE6079911931AAA584600F01E
:1074500045F900287FF429ABDDE91B21119B0DF1D3
:107460007409FFF751BB0392F3E403945AE55846BD
:1074700000F0AEFAFFF7D4B907991AAA584600F0FF
:107480002DF900287FF411ABDDE91B210DF1740902
:10749000FFF762BB0C9B089A1B681A6028E5059BE6
:1074A000394C0C96062B28BF06230A930493FFF74A
:1074B0001CBB12F400711CBFDBB2214643E414F480
:1074C00000713FF4ADACDBB20146A9E4039911F4BD
:1074D00000711CBFDBB22146FBE6109B0F99A9EBA4
:1074E00003091A46484601F039F89BF801300BB100
:1074F0000BF1010B4FF0000C66E718AB0093002373
:10750000194615AA584601F083FB034601330A9039
:1075100077D015940A9BE3B1632B45DC00230B93D2
:107520002DAC0822002118A800F018FF0A9D18AB06
:10753000009315AA2B462146584601F069FB854267
:1075400040F085800A9A0023A35422EAE273049350
:1075500002E00A9B04930B939DF84B301BB1002370
:107560000C960593F7E405930C96FFF7C1BA43F325
:10757000C0110A465BB2FFF786BB00BF24160408A1
:1075800038160408CDCCCCCC4C1604080C9B089AB9
:107590001B681A80ACE42046C9F7F2F820EAE073D1
:1075A000CDE90A050493D7E7591C5846FEF7F4FBCA
:1075B000044630B30B90B4E7886D01F021F9FFF772
:1075C00030BA3023B5E4002304460593FFF783B9AE
:1075D000D40707D4079B9B89980503D4079B986D14
:1075E00001F00EF94FF0FF330893FFF76EBA0799D9
:1075F0001AAA584600F072F800283FF440AAFFF794
:107600005ABA079AB2F90C3043F040039381FFF75E
:1076100055BADDE904930A937CE7059B04930A932A
:107620009AE70C9B627853F8041B0C9341EAE171D2
:1076300004460591FFF74EB9079A536EDB07D1D484
:1076400093899F05CED4906D01F0DAF8CAE7079AC6
:10765000938943F040039381FFF727BAF0B51F46A3
:107660008B89ADF26C4D23F00203ADF80C301AABF0
:10767000009304934FF48063029305934B6E199328
:10768000CB89ADF80E30CB6907934B6A0993154649
:107690000023064616A80C46069301F0ABF82A46CE
:1076A0003B4669463046FFF7A5F8051E07DB6946ED
:1076B000304600F0BFF8002818BF4FF0FF35BDF886
:1076C0000C305B0603D5A38943F04003A3811698D1
:1076D00001F092F828460DF26C4DF0BD936810B59C
:1076E00014461BB918460023636010BD00F018FA59
:1076F0000023A3600023636010BD00BFB1F90C201C
:107700002DE9F04116070C4680464ED4496842F4F4
:1077100000630029A38163DDA56A002D42D000210A
:1077200012F48052D8F80060C8F80010E16964D102
:1077300001234046A847451C02466ED0B4F90C30E0
:10774000A56AE169580705D56368D21A236B0BB1A6
:10775000E36BD21A00234046A847431C4FD1D8F808
:107760000010B4F90C301D2940D8314ACA40D7075F
:107770003CD52269226023F40062A281DD044FF02F
:107780000002626001D5002945D0216BC8F8006075
:1077900041B104F14003994202D0404601F0F2F8B1
:1077A000002323630020BDE8F0810E69002EF9D08C
:1077B0000D680E6092070CBF4B690023AD1B8B60F8
:1077C0000BE02B463246E169676A4046B847B0F1A4
:1077D000000CA5EB0C05664406DD002DF1DCE1E7AD
:1077E000E16B002998DCDDE7B4F90C3043F040038D
:1077F000A3814FF0FF30BDE8F081226DA2E7B4F91C
:107800000C302269226023F40062A281DB044FF075
:1078100000026260B9D52065B7E7D8F80030002BC8
:107820008CD01D2B01D0162BDED1C8F80060B9E733
:107830000100402038B50C46054608B1436B03B340
:10784000B4F90C0088B1636EDB0701D481050FD554
:1078500028462146FFF752FF636EDA07054602D439
:10786000A3899B0508D5284638BD0546284638BD5E
:10787000A06D00F0C3FFEBE7A06D00F0C1FF28464C
:1078800038BD00F0A5F8DBE7024A0349034800F0E1
:10789000C7BA00BFF80400241DA703087806002417
:1078A0000C4B4168994210B5044601D002F036FFF6
:1078B000A168094B994202D0204602F02FFFE168EF
:1078C000064B994204D02046BDE8104002F026BF86
:1078D00010BD00BF4C360324B43603241C370324E8
:1078E0002DE9F843314A324C3249DFF8DC90DFF8B9
:1078F000DC80314F1160002504232946082204F161
:107900005C00C4E903352D4EA560C4E90055C4E907
:107910000555656600F022FD04F15800C4E90749E9
:10792000C4E90987E66200F065FF2946244B6367D6
:10793000082204F1C400C4E91A55C4E91E5525679C
:10794000C4F8CC50C4F8805000F008FD04F168037E
:1079500004F1C000C4F88430C4E92298C4E9247654
:1079600000F048FF174BC4F8DC30294604F5967048
:107970000822C4E93455C4E93855C4F8D850C4F8CD
:107980003451C4F8E85000F0E9FC04F1D003C4E934
:107990003D87C4F8F09004F59470C4F8FC60C4F816
:1079A000EC30BDE8F84300F025BF00BF8437032466
:1079B0004C3603248978030865800308898003080E
:1079C000090001001200020001800308258003085D
:1079D00010B504460A4800F011FF636B23B9094B48
:1079E000094A1B68626323B1BDE81040044800F0F7
:1079F00007BFFFF775FFBDE81040014800F000BF6A
:107A00009837032484370324A1780308014800F041
:107A1000F5BE00BF98370324014800F0F1BE00BF57
:107A200098370324144B70B51E6805460C460EB1FA
:107A3000736BE3B1636ED80702D4A389990512D59D
:107A400022462946304600F07DFA636EDA07054685
:107A500002D4A3899B0501D5284670BDA06D00F016
:107A6000CFFE284670BDA06D00F0C8FEE8E73046A6
:107A7000FFF7AEFFDEE700BF7006002430B587B029
:107A80000546084614460191C8F77AFE01AA01236B
:107A9000CDE90202059004930DB16B6B63B3636E85
:107AA000B4F90C20D80701D491051ED5900405D453
:107AB00042F4005223F40053A281636699041FD458
:107AC000284603AA214600F02BF8636E0546DA0724
:107AD00002D4A3899B0502D5284607B030BDA06D0E
:107AE00000F08EFE284607B030BDA06D00F086FE87
:107AF000B4F90C20636ED9E72846FFF769FFCEE79B
:107B00004FF0FF35E3E700BF10B4044C03460A46CC
:107B100020685DF8044B1946FFF7B0BF70060024DB
:107B20009368002B00F0F8802DE9F04FB1F90CC0FC
:107B30001CF0080F83B0904681460C4631D00B698B
:107B40007BB31CF00207D8F8006038D00027D4F8C7
:107B500024B0E169DFF8C4A23D4655452B463A46BC
:107B600028BF53464846C5B1D847002840F3CA80CD
:107B7000D8F808301B1A07442D1AC8F80830002B13
:107B800000F0B68055452B46D4F824B0E16928BFF3
:107B900053463A464846002DE6D1D6E900750836E8
:107BA000DBE72146484600F0C9FA002840F0AF80E4
:107BB000B4F90CC0D8F800601CF00207C6D11CF064
:107BC000010A63D12368A168574618468B46002FE7
:107BD00058D01CF4007F00F0B580B9420A4600F28C
:107BE000E1801CF4906F2FD0216962695D1A02EB6D
:107BF000420202EBD2726B1C52103B44934292BF82
:107C000093469B461A461CF4806F00F0EA801146AA
:107C10004846FEF7C1F8002800F0F9802A4621699D
:107C20000090C8F70DFDA289009B22F4906242F0FB
:107C30008002A2815819ABEB0505C4F814B023618A
:107C4000A5602060BB463A465146009200F006FB14
:107C5000A1682368009AA1EB0B011A443D46A1607C
:107C600022600027D8F808305B1BAA44C8F8083007
:107C7000002B3DD02368A168B4F90CC018468B4690
:107C8000002FA6D1D6E900A708369EE73846BB46A6
:107C90003D460097002D41D0002846D0009A20682C
:107CA000A168D4E90473AA4228BF2A46B84204D97D
:107CB00001EB030A524500F38580934275DCE169CC
:107CC000676A5A464846B847B0F1000A1ADD009B79
:107CD000B3EB0A0300930FD00120D8F80830A3EBD0
:107CE0000A03D344A5EB0A05C8F80830002BD1D10C
:107CF000002003B0BDE8F08F21464846FFF79AFD0B
:107D00000028EAD0B4F90C3043F04003A3814FF0CF
:107D1000FF3003B0BDE8F08F002070477568334630
:107D20000836002DFAD0D3F800B02A460A2158466A
:107D3000C8F736FC002867D00130A0EB0B03009396
:107D40001A46ACE722699A4214D36269BA4211D842
:107D50006FF00043BB4228BF3B46656A93FBF2F3DA
:107D6000E16902FB03F348465246A847051EC9DDF8
:107D70007F1B77E7B94228BF39460D4618460A46A9
:107D8000514600F06BFAA1682368491B2B44A1609F
:107D900023600029ECD121464846FFF74BFD00281F
:107DA000E6D0AFE7BB463A464EE75946019200F0AF
:107DB00055FA019AA3689B1AA360236813442360B1
:107DC000924684E75946524600F048FA23685344E5
:107DD000236021464846FFF72DFD00283FF477AF8A
:107DE00090E74846FEF7A2FA034600287FF422AF48
:107DF0002169484600F0C6FDB4F90C300C22C9F8E0
:107E0000002023F080037FE76A1C009247E70C22E2
:107E1000B4F90C30C9F8002076E700BF00FCFF7F02
:107E20002DE9F8430746884616464FF00009D6E983
:107E30000154013D10D4A389012B08D9B4F90E30A7
:107E400001332146384602D0C04749EA0009013DC6
:107E50006B1C04F16804EED13668002EE7D1484669
:107E6000BDE8F8832DE9F04186B002FB03F81D461A
:107E700001AB039301230C9C01911746CDF80880B8
:107E8000CDF814800493064610B1436B002B40D00C
:107E9000636EB4F90C20D90701D4900527D591045D
:107EA00005D442F4005223F40053A28163669A047D
:107EB00006D5DE0702D4A3899D051FD5002013E057
:107EC000304603AA2146FFF72BFE636ED0B1DA07D6
:107ED00005D4A3899B0502D4A06D00F091FC059BFD
:107EE000A8EB0308B8FBF7F006B0BDE8F081A06D81
:107EF00000F084FCB4F90C20636ED0E7A06D00F0B4
:107F00007FFCDBE7D80702D4A389990504D528466E
:107F1000EAE7FFF75DFDBBE7A06D00F071FC2846C6
:107F2000E2E700BF10B5064C82B08446206800939B
:107F300013460A466146FFF795FF02B010BD00BF29
:107F40007006002470B50E461446054610B1436B0A
:107F5000002B2FD0636ED80702D4A389990520D5B2
:107F6000A368013B002BA36019DAA26993420FDBDF
:107F7000F0B20A280CD023685A1C226005461E70F5
:107F8000636EDA0702D4A3899B050ED5284670BD1F
:107F900028462246314600F07BF80546F0E7F0B26D
:107FA000E9E7A06D00F02AFCDAE7A06D00F028FCFC
:107FB000284670BDFFF70CFDCCE700BF0EB430B50E
:107FC0009CB06FF000411FAB049107910A4953F830
:107FD000042B029000240690084D0868019302A922
:107FE00005951B9400F020FE029B1C701CB0BDE8A0
:107FF000304003B0704700BF700600240802FFFF46
:1080000010B50C46B1F90E1000F070FB002803DB30
:10801000236D0344236510BDA38923F48053A381FA
:1080200010BD00BF2DE9F0410C46B1F90C101F4600
:10803000CB05054616460BD421F48051A1813B4661
:10804000B4F90E1032462846BDE8F04100F08EBB70
:10805000B4F90E100223002200F032FBB4F90C1028
:10806000EAE700BF10B50C46B1F90E1000F028FB8E
:10807000B4F90C30421C0EBF23F4805343F48053F8
:108080002065A38110BD00BFB1F90E1000F0D0BA79
:10809000F8B50D461446064610B1436B002B4AD086
:1080A000B4F90C30A269A26018071FD52269EAB1A1
:1080B000EDB29904626E2F4624D592042FD4226823
:1080C00023696169D31A99422CDD0133A168013912
:1080D000A160511C2160157062699A4219D0A38970
:1080E000DB0701D50A2D14D03846F8BD21463046AD
:1080F00000F024F898B9B4F90C30626EEDB299042E
:108100002F46DAD443F4005322F40052A38162666E
:10811000D3E721463046FFF78DFB0028E4D04FF02F
:10812000FF37E1E721463046FFF784FB0028F6D110
:1081300022680123CAE7FFF74BFCB1E738B52F4BA4
:108140001B6805460C4613B15A6B002A4BD0B4F994
:108150000C3018071CD5226922B313F0010107D097
:10816000616900204942A060A1613AB1002038BD98
:10817000980758BF6169A160002AF7D1190658BF56
:108180001046F4D543F04003A3814FF0FF3038BDD3
:10819000D9062CD55A0712D4226943F00803A381CB
:1081A000002ADAD103F42071B1F5007FD5D0214641
:1081B000284602F013FBB4F90C302269CDE7216B9D
:1081C00051B104F14002914204D0284600F0DAFB9C
:1081D000B4F90C300022226322690021C4E9002195
:1081E00023F02403D9E71846FFF7F2FBAFE7092293
:1081F00043F040032A60A381C7E700BF7006002454
:10820000032A30B415D941EA0004A40784460B467A
:1082100004D0541E0FE0043A032A08D919466046D8
:1082200053F8044B5CF8045BA542F4D0F1E76046D8
:108230001946541E7AB1431E0139021901E09A42CF
:1082400009D013F8010F11F801CF6045F7D0A0EB6A
:108250000C0030BC7047002030BC704788420ED9FB
:108260008B1883420BD900EB020C002A6ED06246B9
:1082700013F801CD02F801CD9942F9D170470F2AC8
:108280000FD8034602F1FF3C002A5FD00CF1010C2D
:10829000013B8C4411F8012B03F8012F6145F9D102
:1082A000704740EA01039B0751D1A2F1100370B55A
:1082B00001F1200C23F00F0501F1100E00F1100464
:1082C000AC441B095EF8105C44F8105C5EF80C5C72
:1082D00044F80C5C5EF8085C44F8085C5EF8045CEA
:1082E00044F8045C0EF1100EE64504F11004E9D1E7
:1082F000013312F00C0F01EB031102F00F0400EB3D
:10830000031328D0043C24F003064FEA940C1E44C7
:108310001C1F8E465EF8045B44F8045FB442F9D13A
:108320000CF1010402F0030203EB840301EB84016E
:1083300002F1FF3C4AB10CF1010C013B8C4411F8F5
:10834000012B03F8012F6145F9D170BD704702F18F
:10835000FF3C03469AE72246EAE700BF830730B5B1
:1083600047D0541E002A3ED0CAB2034601E0013C69
:1083700039D303F8012B9D07F9D1032C2CD9CDB2A9
:1083800005EB05250F2C05EB054535D9A4F11002A9
:1083900022F00F0C03F1100EE6444FEA121C1A46AD
:1083A000C2E90055C2E9025510327245F8D10CF10C
:1083B000010214F00C0F03EB021204F00F0C13D0A7
:1083C000ACF1040323F003030433134442F8045BC9
:1083D0009342FBD10CF003042CB1C9B21C4403F846
:1083E000011BA342FBD130BD64461346002CF4D1DF
:1083F000F9E703461446C0E71A46A446E0E700BF83
:1084000011F0FF01034600F0030239D08ABB026875
:1084100010B501EB012E0EEB0E4E8EEA0204A2F116
:10842000013323EA0203A4F1013222EA04021343D6
:1084300013F0803F0FD150F8044F84EA0E0CA4F1E2
:108440000133ACF1013223EA040322EA0C021343A4
:1084500013F0803FEFD0037823B936E010F8013FE6
:10846000002B32D09942F9D110BD8A4228D09A0708
:1084700029D01A7818460133002AF6D110467047E1
:10848000CAB90268A2F1013323EA020313F0803F64
:1084900008D150F8042FA2F1013323EA020313F0AC
:1084A000803FF6D003785BB110F8013F002BFBD181
:1084B0007047990705D0184613F8012B002AF8D108
:1084C00070471846DDE71846A1E7184610BD00BF03
:1084D000002A3ED030B584460446084380070B4648
:1084E0002ED1032A07D82BE0043A25D01EF0803F76
:1084F00022D1032A22D92068194653F8045BA0F13F
:10850000013EA842A4462EEA000E04F10404EBD07A
:108510009CF800000C7884421DD1E64668B11EF834
:10852000010F11F8014FA2EB0E03A04203F1FF333C
:1085300011D11CEB0303F1D1002030BDA446194634
:108540009CF800000C78A04205D1012AF4D0E64640
:10855000E4E710467047001B30BD00BF40EA01034E
:108560009B0710B501D1032A17D8844601F1FF3EBD
:1085700007E01EF8011F03F8011B541E29B19C4699
:1085800022466346002AF4D110BD9444002CFBD04F
:1085900003F8011B6345FBD110BD8E468446DEF80F
:1085A0000040A4F1013323EA040313F0803F714635
:1085B0000EF1040EDAD1043A032A4CF8044BEED83B
:1085C0007146D3E738B5144B1F281D681ED8D5F85F
:1085D0003821044662B152F820304BB1012B05D04E
:1085E000591C0FD0002142F820109847002038BDB8
:1085F000284600F0A7F8224601462846BDE8384044
:1086000000F08AB816232B60012038BD16232B609A
:108610004FF0FF3038BD00BF70060024014B93F8C7
:10862000280170470405002400487047F405002421
:1086300038B5074D0022044608462A6004F01AFEA9
:10864000431C00D038BD2B68002BFBD0236038BD05
:1086500088370324194B1B6883422ED0416C70B5B8
:10866000054681B100268C593CB121462468284634
:1086700000F088F9002CF8D1696C0436802EF2D114
:10868000284600F07FF9A96B11B1284600F07AF96D
:108690002C6C34B121462468284600F073F9002C74
:1086A000F8D1E96C11B1284600F06CF96B6B1BB185
:1086B0002846BDE87040184770BD7047700600241A
:1086C00038B50C46084D8446114620461A4600230C
:1086D0002B60644604F0F6FD431C00D038BD2B68C7
:1086E000002BFBD0236038BD8837032438B50C46F7
:1086F000084D8446114620461A4600232B606446E6
:1087000004F0E8FD431C00D038BD2B68002BFBD0E3
:10871000236038BD8837032470B50C46084D0346E6
:108720000026204611461C462E6004F0C3FD431C63
:1087300000D070BD2B68002BFBD0236070BD00BF44
:108740008837032404F0A6BD38B5074D002204463F
:1087500008462A6004F0C6FD431C00D038BD2B68D3
:10876000002BFBD0236038BD8837032438B50C4676
:10877000084D8446114620461A4600232B60644665
:1087800004F0BEFD431C00D038BD2B68002BFBD08D
:10879000236038BD88370324014B1868704700BF39
:1087A0007006002470B50F4B0F4DAB42A3EB0506CE
:1087B00007D0B610002455F8043B01349847A64270
:1087C000F9D804F0A7FD094D094B5E1BAB424FEAF7
:1087D000A60606D0002455F8043B01349847A6426B
:1087E000F9D870BDE4880408E4880408E488040823
:1087F00004890408704700BF704700BF704700BF7E
:10880000704700BF082802D14FF48050704708B568
:10881000FFF7C2FF162303604FF0FF3008BD00BF13
:108820002DE9F8431B4D0646286898460F469146A9
:10883000FFF7E4FF184B1C681CB3286865681F2D00
:1088400022DC4EB96B1C0235636044F82570FFF7DB
:10885000D7FF0020BDE8F88304EB85010123C1F8B0
:108860008890D4F88821AB401A43022EC4F888219E
:10887000C1F80881E6D1D4F88C211A43C4F88C21C0
:10888000E0E7064C1C60D8E7FFF7BAFF4FF0FF3077
:10889000E0E700BFB80700242C3903249C370324E9
:1088A000024B13B10248FDF713BA704700000000F5
:1088B00009A903080148FFF7A1BF00BF8C370324B3
:1088C0000148FFF79DBF00BF8C3703242DE9F84313
:1088D000064608208946FFF795FFDFF8A480054685
:1088E0003046FDF70BFDD8F808305F6827F0030726
:1088F000A7F11104A4EB09042C44B4FBF5F4013CEA
:1089000005FB04F4A54208DC00213046FFF71CFFFC
:10891000D8F808303B44984205D03046FDF7F4FCC7
:108920000020BDE8F88361423046FFF70DFF0130BB
:108930000FD0114AD8F808303F1B47F001075F609D
:10894000136830461B1B1360FDF7DEFC0120BDE8F9
:10895000F88300213046FFF7F7FED8F80820831A85
:108960000F2BDADD43F001035360044B02491B680F
:10897000C01A0860D1E700BF18360324E8000024BD
:10898000F000002400297CD02DE9F0410C468046FF
:10899000FDF7B4FC54F8043C754FA4F1080523F02E
:1089A00001016818BE684268864222F0030200F0A6
:1089B0008380DE07426000EB020C33D454F8084C8D
:1089C000DCF804302D1B2144AC6807F1080C644529
:1089D00003F0010364D0D5F80CE0C4F80CE0CEF845
:1089E0000840002B00F0818041F001036B600160C2
:1089F000B1F5007F22D27868CB0801224909013302
:108A00008A40024357F833107A6007EBC302083AF2
:108A1000C5E9021247F83350CD604046BDE8F04149
:108A2000FDF772BCDCF80430DB072BD541F0010305
:108A3000B1F5007F44F8043C0160DCD3B1F5206F50
:108A40004FEA512353D28B0903F1390003F1380265
:108A5000C300F818FB580838984203D161E09B68BE
:108A6000984204D05A6822F003028A42F7D8D868A4
:108A7000C5E902308560DD604046BDE8F041FDF7A4
:108A800043BC7047114407F1080C836863453FD02D
:108A9000C268DA60936041F001036B606950A7E738
:108AA000002B5FD10A44D0E90213CB60996042F0F9
:108AB00001036B60AA50B0E7DB070A4407D454F8FF
:108AC000083CED1A1A44D5E90213CB60996042F0D4
:108AD00001036B60274BBD601B6893429DD8264BFA
:108AE00040461968FFF7F2FE97E71144CDE7142BD3
:108AF00008D9542B1DD80B0B03F16F0003F16E0244
:108B0000C300A6E703F15C0003F15B02C300A0E72A
:108B100041F00103C7E90455C5E902CC6B60695017
:108B20007BE779689210012404FA02F20A437A6022
:108B30009EE7B3F5AA7F06D8CB0B03F1780003F1CB
:108B40007702C30085E740F25452934206D88B0C5B
:108B500003F17D0003F17C02C3007AE74FF47E73DA
:108B60007E2276E741F001036B60016055E700BFAC
:108B7000F0000024EC0000244836032482B049B100
:108B80005AB16BB113780B601278101E18BF012018
:108B900002B0704701A9002AF3D1104602B0704715
:108BA0006FF00100F4E700BF49B1FF2A02D80A7054
:108BB000012070478A2303604FF0FF30704708465A
:108BC000704700BF70B5054684B05BB11C460F4BC3
:108BD000D3F8E060234669B12846B047431C0FD064
:108BE00004B070BD094B00F58274D3F8E0602346F1
:108BF0000029F1D10A46284601A9B047431CEFD10C
:108C000000228A2322602B6004B070BD040500247A
:108C100010B582B0049CCDE900344FF0FF3303F06F
:108C20001BFA02B010BD00BF2DE9F04F2DED048BF3
:108C3000D3B00C46059192460A938346FFF7F4FCA5
:108C4000036813931846C7F79BFD22AF11900822C3
:108C500000213846FFF782FBA3891D0603D523694F
:108C6000002B00F04F8700239FED7F8BCDE927334A
:108C7000CDE91433CDE9163329AA0D9326929046F7
:108C8000129306935446A246794BD3F8E450FFF76B
:108C9000C5FC0097034652461EA95846A84700281F
:108CA00000F0AE80C0F2A4801E9A252A034601D0AF
:108CB0009A44E9E7BAEB0406054640F0A580002394
:108CC0004FF0FF328DF86F30994607930AF1010A91
:108CD0009AF8003004920AF1010AA3F120025A2AFC
:108CE00000F2C880DFE812F0E502C600C600E0022C
:108CF000C600C600C6006A00C600C60037024702AA
:108D0000C6004202F502C600F0025B005B005B0099
:108D10005B005B005B005B005B005B00C600C600A5
:108D2000C600C600C600C600C6004701C600B601A0
:108D3000C802470147014701C600C600C600C60079
:108D4000C302C600C6007C02C600C600C600E00121
:108D5000C6004D02C600C600CE06C600C600C6004C
:108D6000C600C600C600C600C6004701C600B60160
:108D70001302470147014701900213027F00C6001A
:108D8000B602C6009D02F10611037F00C600E00195
:108D90007C00CA06C600C600F406C6007C00A3F12B
:108DA000300200211AF8013B01EB810102EB410185
:108DB000A3F13002092AF5D907918EE75846FFF74B
:108DC00033FC436816931846C7F7DAFC179005463C
:108DD0005846FFF729FC83681493002D40F0408625
:108DE0009AF8003077E79AF8003049F0200972E7E6
:108DF000082200213846FFF7B1FA01239A4443E7DD
:108E0000BAEB0406054611D0289B33442893279BD0
:108E10000133072BC8E90046279318DC08F108083E
:108E2000069B33440693002D7FF449AF289B002B0B
:108E300041F09081059B9B8903F04003002B41F09A
:108E40005C83069853B0BDEC048BBDE8F08F0599A8
:108E500026AA584601F036FC0028EBD10DF1A408F3
:108E6000DEE700BFAFF3008000000000000000005C
:108E7000040500240B93002BD8D000218DF8E4309A
:108E80000123CDE908318DF86F10039304911091FF
:108E90000E910C9139AC19F0020302D0039A023200
:108EA000039219F08405289A05D10798039E861B22
:108EB000002E00F3928081B10121C8F80410279997
:108EC000013101320DF16F00072928922791C8F86E
:108ED000000000F3F68308F1080883B1279B1CA962
:108EE00001330232C8F80010072B4FF0020128921C
:108EF0002793C8F8041000F3D88308F10808802DE0
:108F000000F0AC82049B08995E1A002E00F3E88200
:108F100019F4807F40F00A82089BC8F804301A4494
:108F2000279BC8F800400133072B2892279300F3B2
:108F3000608308F1080819F0040F05D0079B039916
:108F40005C1A002C00F3CC83DDE9063103988142E2
:108F5000ACBF5B181B180693002A40F0FC8200236C
:108F60002793099B1BB109995846FFF70BFD0DF19B
:108F7000A408544687E60B930A9B073323F00703A4
:108F8000B3EC028B9FEDAE7BB0EEC86BB4EE476BDB
:108F9000F1EE10FA0A9340F31285B5EEC08BF1EEB4
:108FA00010FA01F120809DF86F10A74CA74B29F013
:108FB00080090B9A472AD8BF1C4600230322099335
:108FC00003920892049310930E930C9300293FF49C
:108FD00062AF039B013303935DE79D4827990F9090
:108FE000102E26DDCDE918354046994DA046059C4A
:108FF00004E0103E102E00F1080016DD01311032A1
:1090000010230729CDE9271205604360F1DD26AA68
:109010002146584601F056FB002840F0A482103E3D
:10902000102EDDE9271229A8E8DCDDE918354446D1
:10903000804601310F98C8F8000032440729CDE975
:109040002712C8F8046000F3B2869DF86F1008F18B
:10905000080830E70A9A0B93432B02F1040603D069
:1090600019F0100F00F038850822002124A8FFF71E
:1090700075F90A9B39AC1A68214624AB5846FFF7AC
:10908000A1FD03460133089001F03282089B23EAD8
:10909000E373039300210A968DF86F1009910491F0
:1090A00010910E910C91F6E60B930A9B1A46002341
:1090B0008DF86F30134653F8044B0A93002C00F0E0
:1090C00030850B9B532B00F09B8619F010030C93FB
:1090D00040F09686049B002BC1F236800C991A460C
:1090E0002046C7F75DFA0990002801F03F82099BEE
:1090F0001A1B0C9B0892049322EAE27210930E93BF
:10910000099373239DF86F1003920B935EE719F098
:10911000200F0B9300F0B7800A9B073323F007035F
:109120001A46596852F8083B0A920A460029C0F2CA
:10913000F88304990029C0F2A98253EA020129F0B8
:10914000800540F0A482049A002A40F0A582A94636
:10915000089252AC58E10A9B53F8042B0792002A5C
:1091600080F20784079A0A93524207929AF80030D5
:1091700049F00409AFE52B238DF86F309AF80030E1
:10918000A9E50B9349F0100515F0200200F0A68325
:109190000A9B073323F0070319465A6851F8083B26
:1091A0000A9101210020049C8DF86F00002CC0F270
:1091B000148153EA020025F0800940F00D81002C53
:1091C00040F00C86002940F0B38315F001030893AA
:1091D00000F0D48330238DF847310DF2471413E1AA
:1091E0000B9349F0100919F0200200F08D830A9BBF
:1091F000073323F0070319465A6851F8083B0A91D0
:1092000029F480650021CDE79AF80030682B03BF70
:109210009AF8013049F400790AF1010A49F040094D
:1092200059E519F0200F00F0B9830A9B069A1B68D4
:109230001A60D2175A600A9B04330A93544622E5F7
:10924000FFFFFFFFFFFFEF7F9C160408981604083E
:10925000CC2204089AF800306C2B03BF9AF8013036
:1092600049F020090AF1010A49F0100933E59AF89A
:10927000003049F008092EE549F0100919F0200FD7
:109280000B937FF449AF0A9A19F0100F52F8043B80
:109290000A9240F0798319F0400F00F0718343F394
:1092A000C03211461BB241E79AF8003049F001097B
:1092B00011E59DF86F209AF80030002A7FF40BAD7D
:1092C00020228DF86F2006E59AF8003049F08009D9
:1092D00001E5504610F8013B2A2B01F0A881A3F1CB
:1092E0003002092A98BF002101F2948010F8013B56
:1092F00001EB810102EB4101A3F13002092AF5D90A
:1093000041EAE17204928246E7E40A9A52F8043B89
:109310000A9247F63002ADF870207820984A1292EF
:1093200049F00205002202210B903BE70B9B652BC5
:1093300040F36A81B5EE408BF1EE10FA40F00B82FB
:10934000279B9049C8F80010013301320121072BF7
:1093500028922793C8F8041000F3458508F10808FF
:109360001D9B0D998B4280F2FF82119B13991A4429
:10937000C8E90013279B28920133072B279300F39A
:10938000B58308F108080D9B5C1E002C7FF7D3AD58
:10939000102C279B41F342817B4E0F9641461025AE
:1093A000DDF8148004E00831103C102C40F35685A1
:1093B00001331032072BC1E90065CDE92732F2DD18
:1093C00026AA4146584601F07DF9002840F0CB809E
:1093D000DDE9273229A9E7E74D46012900F0578149
:1093E000022952AC1FD1129803F00F011B09415CF6
:1093F00004F8011D43EA0273120953EA0201F3D192
:1094000052AB1B1BA9460893049A08989DF86F104D
:1094100082424FF00003B8BF0246099303921093B3
:109420000E930C93D2E503F00701DB0843EA427385
:10943000D208303153EA0206204604F8011DF2D169
:10944000EB07DDD53029DBD03023023804F8013CAE
:1094500052AB1B1AA94608930446D5E7079B03990C
:109460005E1A002E7FF74EAD4749279B0F91102EB5
:1094700022DD40461025A0461946434C04E0103E2C
:10948000102E00F1080014DD013110320729C0E967
:109490000045CDE92712F2DD059926AA584601F0CC
:1094A00011F900285FD1103E102EDDE9271229A8FE
:1094B000EADC44460B46804601330F99C8F8001099
:1094C0003244072BCDE92732C8F8046000F3D58475
:1094D000049B08995E1A002E08F108087FF718AD62
:1094E0002949279B0F91102E26DD41461025B046B5
:1094F0002646059C06E0A8F11008B8F1100F01F10E
:10950000080116DD013320481032072BC1E90005A0
:10951000CDE92732EFDD26AA2146584601F0D2F8E0
:1095200008BBA8F11008B8F1100FDDE9273229A90E
:10953000E8DC34464646884601330F99C8F80010E7
:109540003244072BCDE92732C8F8046000F3B98113
:1095500008F10808DCE4059926AA584601F0B2F89B
:1095600000283FF4FCAC099B002B3FF463AC099945
:109570005846FFF707FA059B9B8903F040035DE41B
:1095800038160408A8160408BC220408279BBD4806
:10959000C8F80000013301320120072B28922793DD
:1095A000C8F8040000F3248508F10808002940F0F9
:1095B00091840D9909F001030B433FF4BCAC119B5E
:1095C00013991A44C8E90013279B28920133072BEB
:1095D000279300F3E58508F108080D99C8F80040C5
:1095E00001330A44072BCDE92732C8F804107FF76E
:1095F000A0AC059926AA584601F064F80028B2D11B
:10960000289A0DF1A40896E40D99279B012902F1EF
:10961000010203F1010308F1080040F30B8101216D
:10962000072BCDE92732C8F80040C8F8041000F332
:1096300083811199139D01330A44072BC0E900511E
:10964000CDE9273200F3848108300D99B5EE408BC7
:10965000F1EE10FA01F1FF3500F00681013301341B
:109660002A44072BCDE927320460456000F3F080DF
:1096700008301599416001330A44072B20A9CDE930
:1096800027320160B5DC00F1080854E44D460A2B8E
:1096900072F1000180F02D8330338DF847310123C2
:1096A000A94608930DF24714AEE6059926AA584636
:1096B00001F008F800287FF456AF289A0DF1A408AD
:1096C0001DE405990F9326AA584600F0FBFF0028D9
:1096D0007FF449AF289A0F9B0DF1A408FFF7FDBB5B
:1096E000102C279B40F3C386674EDDF814900F962D
:1096F000102504E0103C102C08F1080816DD013399
:109700001032072BC8E90065CDE92732F2DD26AA21
:109710004946584600F0D6FF00287FF424AF103C9D
:10972000102CDDE927320DF1A408E8DC01330F9994
:109730002244072BC8E90014CDE927327FF704AC97
:10974000059926AA584600F0BDFF00287FF40BAF0C
:10975000289AFFF7F9BB1D9900297FF717AFDDE9BC
:109760000C639E42A8BF1E46002E0BDD279B0133D3
:109770003244072BC8E900462892279300F3188645
:1097800008F108080C9D002EA8BFAD1B002D00F3AA
:10979000D8810C9B19F4806F23441E4640F0F6815B
:1097A0001D9B0D998B42C0F2778219F0010F40F09A
:1097B00073820D996518AD1BCC1AA542A8BF25462A
:1097C000002D0DDD279BC8F8006001332A44072BCC
:1097D000C8F804502892279300F3058608F108087A
:1097E000002DA8BF641B002C7FF7A5AB102C279B76
:1097F00040F31487254E0F9641461025DDF814805E
:1098000004E00831103C102C40F32883013310325F
:10981000072BC1E90065CDE92732F2DD26AA4146D2
:10982000584600F04FFF00287FF49DAEDDE9273257
:1098300029A9E7E719F0010F7FF4F1AE0121072B09
:10984000CDE92732C8F80040C8F804107FF711AFFF
:10985000059926AA584600F035FF00287FF483AE0C
:10986000DDE9273229A804E70D9901297FF701AF27
:10987000112940F32283054EDDF814800F96102441
:109880000BE000BFA8160408CC220408BC22040880
:109890000830103D102D40F3128301331032072B96
:1098A000C0E90064CDE92732F2DD26AA41465846D8
:1098B00000F008FF00287FF456AEDDE9273229A822
:1098C000E7E7059926AA584600F0FCFE00287FF439
:1098D0004AAE289A0DF1A408FFF71ABB0A9915F0B1
:1098E000100051F8043B0CD115F0400404D00A914B
:1098F0009BB20246012155E415F400721CBFDBB295
:1099000022460A9101214DE40A9919F0100051F8FC
:10991000043B41D119F040043AD09BB202460A916F
:109920006EE45B4262EB42024D462D2001213AE497
:10993000049B089352AC67E5059926AA584600F0A7
:10994000C1FE00287FF40FAEDDE9273229A870E6BA
:10995000059926AA584600F0B5FE00287FF403AE0C
:10996000DDE9273229A870E619F0010F3FF4E3AAD8
:10997000FBE40A939AF80030FFF7ADB952AC43E527
:1099800019F4007F40F04D83DA171146FFF7CEBB84
:1099900019F4007240F0CD830A9131E419F0100FF0
:1099A00040F0858219F0400F40F0C88319F4007F21
:1099B00000F07D820A9B069A1B681A703BE4B4EEA5
:1099C000488BF1EE10FA80F1DD850B9B612B00F0E6
:1099D000DE84412B00F01785049B013300F0EE83F9
:1099E0000B9B23F02003472B00F05D850023099398
:1099F00049F480730F9318EE903A002BC0F2B484B0
:109A0000B0EE489B00260B9B413B252B00F21383B5
:109A1000DFE813F01804110311031103D9038004C4
:109A20001103110311031103110311031103110396
:109A30001103110311031103110311031103110386
:109A40001103110311031103110311031103110376
:109A5000110311031804110311031103D903800426
:109A6000149A9AF80030002A3FF435A91278002A97
:109A70003FF431A949F48069FFF72DB90B934D46A6
:109A8000FFF782BB0B93A24B129319F0200200F058
:109A900012810A9B073323F0070319465A6851F8CD
:109AA000083B0A9119F0010F0AD053EA020107D0CE
:109AB0000B998DF87110302149F002098DF8701062
:109AC00029F480650221FFF76DBB0B93FFF78BBB79
:109AD0000B93904B1293D8E70A9B1B688DF8E430E8
:109AE00001230393089339ACFFF7D4BA059926AA4A
:109AF000584600F0E7FD00287FF435AD289A0DF1B7
:109B0000A40840E440215846FCF746F9059B18603C
:109B10001861002800F0CC85059A40235361FFF7B7
:109B2000A2B8049B0994062B224628BF062304945E
:109B300021460393784C089310920E920C92FFF7F3
:109B400045BA7649279B0F91102D40F3FA81404684
:109B50001026A0461946714C04E00830103D102D27
:109B600040F3EC81013110320729C0E90046CDE90C
:109B70002712F2DD059926AA584600F0A3FD002819
:109B80007FF4F1ACDDE9271229A8E7E70D9BCDF8BA
:109B90002CA0E31804930E9BCDF83090002B414687
:109BA000DDF850A0DDF84090DDF85C800F9430DDEA
:109BB000B9F1000F40F30C8109F1FF392798169B8A
:109BC000013042440728C1E90038289227907FDC01
:109BD0000831049B9AF800009D1B8542A8BF0546EA
:109BE000002D0CDD279801302A440728C1E90065C3
:109BF0002892279000F34E819AF800000831002D3A
:109C0000ACBF441B0446002C14DC06440E9B002B06
:109C1000CEDCB9F1000FCFDC0F9C0D9BCDF850A02E
:109C2000E3189E428846314628BF1946DDE90BA954
:109C30000E46B5E5102C2798384B1FDD10250893EC
:109C400004E0103C102C01F1080116DD0130334B0B
:109C500010320728C1E90035CDE92702F1DD059969
:109C600026AA584600F02EFD00287FF47CAC103C5C
:109C7000102CDDE9270229A9E8DC089B0B600130E4
:109C800022440728CDE927024C6000F372839AF83A
:109C9000000008310644B9E7119913980A44C8E94D
:109CA00000012799289201310729279100F38D831C
:109CB00008F108087DE50A9919F0100051F8043BF5
:109CC00015D119F040040ED09BB202460A91E9E684
:109CD000059926AA584600F0F5FC00287FF443AC0D
:109CE000289A29A975E719F4007240F0A0810A9119
:109CF000D8E60021CDE90858DFF82490DDF850803F
:109D0000CDF80CA005F4806652AC8C4610E000BF84
:109D100024160408381604084C160408BC2204084B
:109D2000CDCCCCCC0A2B72F1000236D353462A4656
:109D3000991841F10001A9FB010525F0030000EB92
:109D40009500091A581A4FF0CC3562F1000E05FB48
:109D500000F509FB0E55A0FB09A005440AF0010E11
:109D60000520AEFB000E40184FEA5A0A303004F8C6
:109D7000010C4AEAC57A0CF1010C013C6D08002E79
:109D8000D0D098F800108C45CCD1BCF1FF0FC9D0D1
:109D90000A2B72F1000280F0E380CDF85080DDF8EC
:109DA0000CA0CDF834C0DDE90858FFF729BB0599B0
:109DB0000F9326AA584600F085FC00287FF4D3AB09
:109DC0009DF86F10289A0F9B0DF1A408FFF773B848
:109DD0000E9B013B0AF1FF3A0E93EFE601294D4637
:109DE0007FF4FEAA58E4059926AA584600F06AFCBA
:109DF00000287FF4B8AB289A0DF1A408FFF7B0BA99
:109E000024AD0822002128461F94FEF7A7FA049BE0
:109E1000002BC0F2B4800026CDF80CA0CDF8249021
:109E20009A46B1460EE039A95846FEF7CBFE421CD1
:109E3000484400F07183504509DC06F1040600F047
:109E40008B8381461F9A92592B46002AEBD1CDF87D
:109E50002090DDF80CA0DDF824909DE088460133C9
:109E60000F99C8F800102244072BC8F80440CDE928
:109E700027327FF75EA8FFF7BCBB059926AA584694
:109E800000F020FC00287FF46EAB289A0DF1A408A6
:109E9000FFF738B8059926AA584600F013FC0028A9
:109EA0007FF461AB9AF80000289A29A9A7E60A9BDB
:109EB000069A1B681A60FFF7BEB9B7490F910133C4
:109EC0000F9901602A44072BCDE9273245607FF7BF
:109ED000CFABBDE4119B13981A44C8E90003279B3C
:109EE00028920133072B279300F35A8108F10808C1
:109EF0000029BFF672AB4D42103180F2D683A648DE
:109F00000F9041461026804604E00831103D102D88
:109F100040F3D38201331032072BC1E90086CDE92B
:109F20002732F2DD059926AA584600F0CBFB00281F
:109F30007FF419ABDDE9273229A9E7E744460B4650
:109F4000804601330F99C8F800102A44072BCDE949
:109F50002732C8F8045000F3128108F1080818E409
:109F6000179B1699E41A1A462046FEF7F7FA98F856
:109F700001300BB108F101084FF0000CD6E60023C8
:109F8000194600951FAA5846FEF742FE03460133C4
:109F9000089000F0C1821F94089B002B36D0632BE1
:109FA00000F3E3800023099339AC082200212846FE
:109FB000FEF7D4F90095089D1FAA2B462146584666
:109FC000FEF726FE854240F06A83089A0023A354D8
:109FD00022EAE2729DF86F100493039210930E939D
:109FE0000C93FEF7F3BF2D218DF86F10FEF7DDBF48
:109FF000059926AA584600F065FB00287FF4B3AA0D
:10A000001D99289A0DF1A408FFF7D0BA089B9DF876
:10A010006F101093CDE903330E930C930993FEF761
:10A02000D5BF43F3C01211465BB2FFF77FB8DBB276
:10A0300022460A9136E524AB01931FAB0093049AA4
:10A04000B0EE490B1DAB0221584600F045FD19F05A
:10A05000010F044640F0D981249B1B1A0D931D9BD0
:10A060000C930C9BD91C03DB049A9A4280F25C810E
:10A070000B9B023B0B930C9B013B9DF82C201D93EB
:10A080000021002BB8BF0C9B8DF88020BABFC3F114
:10A0900001032D222B22092B8DF8812040F3F5811D
:10A0A0000DF19705DFF8F4C02A461046ACFB031209
:10A0B000D20802EB8201A3EB4101303100F8011C10
:10A0C00019466329134600F1FF32EEDC303302F803
:10A0D000013C831EAB4280F0B6820DF1810213F881
:10A0E000011B02F8011FAB42F9D152AB181AA0F1C3
:10A0F000AD0315930D9B159A012B1A44089240F35A
:10A100001682089B119A13440893089A29F48063D5
:10A1100043F4807922EAE2720023109303920E93B3
:10A120000C93002E40F0F9809DF86F100496FEF716
:10A130004DBFDBB222460A91FFF762B80A9B069A2E
:10A140001B681A80FFF777B82046C6F719FB02464E
:10A15000FEF7CFBF059C26AA2146584600F0B2FA6A
:10A16000A38903F04003FEF769BE591C5846FBF76C
:10A1700013FE0446002800F08B82099015E705992C
:10A1800026AA584600F09EFA00287FF4ECA9289AE7
:10A190000DF1A408FFF7FDBABC220408CDCCCCCC4D
:10A1A000059926AA584600F08DFA00287FF4DBA90D
:10A1B000DDE927321D990DF1A40899E600230993E2
:10A1C0000623049314E4049B02215D1C24AB019339
:10A1D0001FAB00932A461DAB5846B0EE490B00F06A
:10A1E0007BFC0B9B23F0200CBCF1460F044600EBDC
:10A1F000050118BF4FF0450C05D12378302B00F036
:10A200000E811D9B1944B5EE409BF1EE10FA00F053
:10A210002A81249B8B4206D230205A1C249218702B
:10A22000249B9942F9D81D9A0C921B1BBCF1470F35
:10A230000D933FF416AFBCF1460F00F0FB800C9B72
:10A24000013B1AE71DA8B0EE490B00F071FBB4EE1C
:10A25000007BB3EE004B20EE077BB5EE407BF1EECA
:10A2600010FA08BF0123B44A08BF1D93B348049BEA
:10A270000B99013B612908BF1046224606E0B5EE66
:10A28000407BF1EE10FA00F08F810B4627EE047B45
:10A29000FDEEC76B154616EE901A415C02F8011BE5
:10A2A000591CB8EEE65B03F1FF3137EE457BE6D192
:10A2B000B6EE005BB4EEC57BF1EE10FA40F3C6815A
:10A2C000249512F8011CC57B8D4213460AD14FF02C
:10A2D000300C03F801CC249B591E249113F8011C67
:10A2E0008D42F6D0392916BF0131817AC9B203F8FF
:10A2F000011C13461B1B0B9A0D931D9B0C93612A8B
:10A3000003F1FF331D9300F09081412150220B9106
:10A310000121B6E6049D032158E72D2100238DF885
:10A320006F100493FEF755BEDDE90C23934200F352
:10A33000A28019F0010F0C9B00F03481119A134494
:10A34000089319F4806F03D00C9B002B00F3378126
:10A35000089B23EAE373039367230B930023DDF841
:10A360003C9010930E93DCE62D26B1EE489BFFF750
:10A370004ABB059926AA584600F0A4F900287FF4A4
:10A38000F2A89AF80000289A29A906443EE4782306
:10A390008DF8713030238DF87030049B632B49F0B9
:10A3A000020900F3AF800023099339ACFFF720BB0B
:10A3B000059926AA584600F085F900287FF4D3A80D
:10A3C000289A0DF1A408FFF7DDB9059926AA584689
:10A3D00000F078F900287FF4C6A81D9B289A0DF19B
:10A3E000A408FFF7E6B9059926AA584600F06AF9CD
:10A3F00000287FF4B8A81D9C0D9B289A1C1B0DF10A
:10A40000A408FFF7EDB95823C2E7049B4FF0470CAF
:10A41000C118F8E6002282460492FEF75EBCB5EE53
:10A42000409BF1EE10FA40F0FC801D9B0C93194408
:10A430000B1B0D930C99049A09F00103002943EAC0
:10A44000020340F30F81002B40F0E1800C9B089346
:10A4500066230B9319F4806F40F0B380089B23EAC6
:10A46000E37303937AE71D9A0C920B46DDE63449B9
:10A470000F91FFF75BB90D9B119A9A180C9B0892EC
:10A48000002B5FDD67230B93E4E700296BD13022BB
:10A490008DF882200DF18302303302F8013B20ABAE
:10A4A000D31A159326E6049B002B7FF49FAA049BE6
:10A4B000099301230493FFF79BBA884601330F9950
:10A4C000C8F800102A44072BCDE92732C8F80450F9
:10A4D0007FF781A8059926AA584600F0F3F80028CE
:10A4E0007FF441A8DDE927320DF1A408FFF775B824
:10A4F000059A938943F0400393814FF0FF3306930D
:10A50000FEF79FBC591C5846FBF746FC0446002842
:10A51000EED00990FFF76CBA059BB3F90C3000221E
:10A52000099243F04003059A9381FFF71CB819F094
:10A53000010F3FF4EAADE4E53816040824160408D8
:10A54000CC220408C3F101031A4422EAE273039304
:10A55000672308920B9301E7049BDDF80CA0DDF85C
:10A560002490089318E50DF1820295E7049B03936C
:10A57000089373239DF86F10049010900E900B9326
:10A58000FEF724BD18EE903A002BB4BF2D219DF8A4
:10A590006F10494C494BB8BF8DF86F1029F08009F6
:10A5A000FEF707BD0893CCE6002BFFF6A2AE013301
:10A5B0001344302102F8011B9A42FBD19AE667232B
:10A5C0000B9314990B78FF2B5ED000250C9A28462C
:10A5D00003E001300131FF2B08D0934206DAD21A92
:10A5E0004B78002BF5D10B780135F4E714910C92E0
:10A5F0000E901095DDE90E39109A17991344089AB8
:10A6000001FB0323089323EAE373039389E5119B7A
:10A610001A445318089366230B931BE728490F919C
:10A620001DE4C5F101031D93ECE5702270E60A9A62
:10A630009AF8013052F8041B0A9241EAE17182460D
:10A640000491FEF748BB0223159353E5B4EE457B16
:10A65000F1EE10FA7FF44DAE16EE903ADB077FF57F
:10A6600048AE2DE62BB90123662203930B92089383
:10A6700074E6119B5D1C049B2B44089323EAE3734F
:10A68000039366230B9369E6002310930E93B1E7BF
:10A69000059B0990B3F90C3043F0400343E7059B59
:10A6A000B3F90C3043F040033DE705490F9105E74E
:10A6B0000C23CBF8003020E7A4160408A0160408E9
:10A6C000BC2204082DE9F843154692682C68FAB1BB
:10A6D00080468946083401E00834CFB16B68591EC2
:10A6E000002B1746696013DD54F8046C002EF3D07C
:10A6F000334654F8082C4946404601F0BFFC431C41
:10A7000007D0AA68921B1746AA600834002FE5D12B
:10A7100000200023C5E90133BDE8F88370B50029A6
:10A720003FD006460C4610B1436B002B3CD0636E05
:10A73000B4F90C20DD0732D4900538D521463046D7
:10A74000FCF7DCFFE36A054633B1E1693046984720
:10A750000028B8BF4FF0FF35A3891A0639D4216B02
:10A7600041B104F14003994202D03046FEF70AF9A4
:10A7700000232363616C21B13046FEF703F9002307
:10A780006364FDF743F9636E0022DB07A2811CD5E9
:10A79000A06DFEF731F8FDF73FF9284670BD002A9D
:10A7A000CCD10025284670BDFDF712F9BFE7A06D9A
:10A7B000FEF724F8B4F90C30002BBFD1636ED90733
:10A7C000EFD4A06DFEF71CF8EBE7A06DFEF718F8CC
:10A7D000DEE721693046FEF7D5F8C0E72DE9F04104
:10A7E000B1F90C300C46990796B008D504F1430333
:10A7F0000122C4E90432236016B0BDE8F081B4F947
:10A800000E100029064626DB6A4600F055F800289F
:10A810001FDB019D05F47045A5F50055B5FA85F5DA
:10A820004FF480686D094FF4006741463046FBF7EE
:10A83000B3FAE8B1B4F90C30C4F8148043F08003E3
:10A8400020602061A3813DBB3B43A38116B0BDE8DE
:10A85000F081B4F90C3013F0800519D04FF04008A6
:10A860000025414630462F46FBF796FA0028E1D1F5
:10A87000B4F90C309A05BFD423F0030304F143026A
:10A8800043F002030121C4E90421A3812260B3E75C
:10A890004FF480682F46C8E7B4F90E10304600F038
:10A8A00021F810B9B4F90C30CEE7A38923F00303E3
:10A8B00043F001031BB2C7E770B50C46084D0346D1
:10A8C0000026204611461C462E6002F0DBFC431C8D
:10A8D00000D070BD2B68002BFBD0236070BD00BF83
:10A8E0008837032438B5074D0022044608462A60FD
:10A8F00002F0D8FC431C00D038BD2B68002BFBD0E5
:10A90000236038BD8837032438B5074D074C2C1B0E
:10A91000A41005D0013C55F8043D9847002CF9D10E
:10A92000BDE8384002F0FCBC0C8904080489040826
:10A9300030B482B08DED000B019A194C22F0004327
:10A940000021A34201601FD8009C1C431CD0154C61
:10A95000144054B99FED107B20EE077B8DED007BFA
:10A96000019A6FF0350122F00043DDE900456FF3F5
:10A970001E5242F07F551B1545F40015A3F2FE331D
:10A98000CDE900450B4403609DED000B02B030BCE7
:10A99000704700BFAFF3008000000000000050438C
:10A9A000FFFFEF7F0000F07F2DE9F04F03690C6996
:10A9B000A34283B0C0F28A80013C01F1140500F18A
:10A9C000140855F8243058F8242001339A428E4652
:10A9D00081464FEA840105EB840708EB840AB2FB49
:10A9E000F3F63AD3CDE900150022AC4640461346B3
:10A9F0005CF8041B05681FFA81FB06FB0B22090C9F
:10AA00004FEA124B06FB01BB92B2A9B2891A194454
:10AA10001FFA8BF3C3EB214303EB154389B241EAE1
:10AA20000341674540F8041B4FEA1B424FEA2343AA
:10AA3000DED2DDE9001558F8013073B9AAF1040A35
:10AA4000D04504D307E0D04504F1FF3403D25AF8CF
:10AA50000439002BF7D0C9F810407146484601F080
:10AA60003FF900282EDB4146002255F8040BD1F8AF
:10AA700000C01FFA80FE1FFA8CF3A3EB0E031344F1
:10AA8000020CC2EB234202EB1C429BB243EA02439C
:10AA9000AF4241F8043B4FEA2242E6D258F8242064
:10AAA00008EB84036AB9043B434504D807E09845A2
:10AAB00004F1FF3403D253F80429002AF7D0C9F86F
:10AAC00010400136304603B0BDE8F08F002003B0DF
:10AAD000BDE8F08F000000002DE9F04F2DED028B56
:10AAE00091B08DED040B0291816B1C9D069357EC88
:10AAF000106B0446914641B1C26B4A6001239340FA
:10AB00008B6000F08BFE0023A363B7F10008B4BF95
:10AB1000012300232B60C04BBCBF28F00048CDF8B8
:10AB2000148033EA080300F0A0809DED048BB5EE9D
:10AB3000408BF1EE10FA0FD1069A012313601D9B92
:10AB400013B11D9AB54B1360B54B0393039811B025
:10AB5000BDEC028BBDE8F08F0FA90EAA2046B0EE27
:10AB6000480B01F09BF95FEA1851054640F09580CB
:10AB7000DDE90E01014401F23243202B40F307834B
:10AB8000C3F1400308FA03F801F2124326FA03F373
:10AB900048EA030307EE103AB8EE477B012317EEAD
:10ABA000906A0193013953EC172BA6F1F8739FEDCE
:10ABB000943B9FED957B9FED965B06EE901A43ECE0
:10ABC000122BB8EEE64BB7EE086B32EE466BA6EEF4
:10ABD000037BA4EE057BFDEEC76BB5EEC07BF1EE0B
:10ABE00010FA16EE906A08D5B8EEE66BB4EE476B35
:10ABF000F1EE10FA18BF06F1FF36401A162E00F1DA
:10AC0000FF3800F24981874B03EBC60393ED007BCD
:10AC1000B4EEC78BF1EE10FA56D50023B8F1000F51
:10AC200006F1FF360B93C0F23D8100230793002EFF
:10AC300050DA079B09969B1B0793029B092BC6F1D1
:10AC4000000A4FF000064CD8052B40F39E82043BCF
:10AC500002930027029B023B032B00F28D85DFE865
:10AC600013F0F903F603EC03CF03069AC8F31308B5
:10AC700042F20F7358EA060813601ED11D9B002B89
:10AC800000F07685684B039308331D9A0398136090
:10AC900011B0BDEC028BBDE8F08F18EE906A002376
:10ACA000C6F31306019353EC182B46F07F530E980E
:10ACB000A1F2FF3143F4401379E71D9B002B40F0D4
:10ACC0007D835A4B039341E7002840F33F840023E0
:10ACD0000B930793029B0996092BB0444FF0000A8F
:10ACE000B2D900230127029308974FF0FF3B994602
:10ACF0000021E163CDF830B0204600F069FD0390FB
:10AD0000002800F04185039BA363BBF10E0F00F206
:10AD1000F080002F00F0ED800999002940F3F183C5
:10AD2000404B01F00F0203EBC203CF0593ED007B14
:10AD30004FEA211340F1B6833D4A92ED086B03F0D0
:10AD40000F03032188EE064B5BB1394AD80704D5BF
:10AD500092ED006B013127EE067B5B1002F10802D9
:10AD6000F4D184EE075B0B9B3BB1B7EE007BB4EEF6
:10AD7000C75BF1EE10FA00F18F8407EE901AB8EE7F
:10AD8000E76BB1EE0C7BA5EE067B17EE903A51EC2B
:10AD9000170BA3F15071BBF1000F00F09780DDF8A5
:10ADA00024C05B46DFF87CE0039AFDEEC56B41EC06
:10ADB000140B0EEBC30111ED023B16EE901A08982E
:10ADC00030310132B8EEE67BCFB235EE477B11462B
:10ADD000002800F01784B6EE006B86EE035B039943
:10ADE00035EE445BB4EEC75BF1EE10FA0F7000F382
:10ADF0004784B7EE002BB2EE044B002032E000BFD8
:10AE000061436F63A787D23FB3C8608B288AC63F70
:10AE1000FB799F501344D33F0000F07FA91604082C
:10AE2000A816040810230408AC160408B816040871
:10AE3000E8220408013098425BDA27EE047B25EE15
:10AE4000045BFDEEC76B16EE901AB8EEE63B3031B0
:10AE500037EE437BB4EEC57BF1EE10FA02F8011B2E
:10AE600000F10E8432EE476BB4EEC56BF1EE10FAD2
:10AE7000E0D5039813460CF1010C02E0834200F088
:10AE800030841A4613F8011D3929F7D00131C9B2AF
:10AE90001970CDF808C044E10123B8F1000F0B93FD
:10AEA000BFF6C3AEC0F1010307934FF00008BEE642
:10AEB00007EE901AB1EE0C6BB8EEE77BA5EE076BD0
:10AEC00016EE903A51EC160BA3F1507141EC160BB3
:10AED000B1EE047B35EE477BB4EEC67BF1EE10FAA3
:10AEE00000F30F84B1EE466BB4EEC67BF1EE10FAC0
:10AEF0001CD40F9B002B58DB099A0E2A55DCA74B5C
:10AF0000099AB9F1000F03EBC20393ED003B14DA89
:10AF1000BBF1000F11DC09D1B1EE047B23EE077BFE
:10AF2000B4EEC78BF1EE10FA00F2EB830023039A24
:10AF300001931F466FEA090901E2039B591C88EE41
:10AF4000037BBDEEC77B0B4617EE102A0399303208
:10AF5000BBF1010FB8EEC76B0A70A6EE438B00F091
:10AF60000083B2EE045BB1EE434B012211E088EEA8
:10AF7000037BBDEEC77B013217EE101A5A4501F173
:10AF80003001B8EEC76B03F8011BA6EE048B00F08E
:10AF9000E88228EE058BB5EE408BF1EE10FAE6D193
:10AFA000099A013202921A46BBE0089A002A40F040
:10AFB000D780079BCDF804A0002708970A930A9A28
:10AFC0006AB1B8F1000F0ADD424507991346A8BFE0
:10AFD0004346C91AD21A07910A92A8EB0308BAF19C
:10AFE000000F0BD0089B1BB1019B002B40F0EE82A1
:10AFF00029465246204600F0A1FD05460121204683
:10B0000000F0B8FC0190002E40F0A681029B012BBD
:10B0100040F3D8810120404410F01F0000F09780D9
:10B02000C0F12003042B40F3E681079BC0F11C0014
:10B03000034407930A9B03440A938044079B002B15
:10B0400005DD29461A46204600F0D2FD0546B8F136
:10B05000000F05DD01994246204600F0C9FD019030
:10B060000B9B002B40F08D81BBF1000F40F34A8118
:10B07000089B002B40F0A280099B01330293DDF86E
:10B080000C80DDF80490012607E0294600230A22FF
:10B09000204600F0CDFB0136054649462846FFF71D
:10B0A00083FCB34500F1300A08F801ABEDDCBBF1DD
:10B0B000000F039BCCBFD8464FF0010898440026F0
:10B0C00029460122204600F093FD0199054600F033
:10B0D00007FE002840F3F581039902E0884500F05F
:10B0E0000982424608F1FF3812F8013C392BF5D0AD
:10B0F000013388F8003001990492204600F08EFB5D
:10B10000049A77B13EB1BE4205D031462046019245
:10B1100000F084FB019A01923946204600F07EFB44
:10B12000019A01922946204600F078FB019A029983
:10B1300000231370069B19601D9B002B3FF406AD86
:10B1400003981A6011B0BDEC028BBDE8F08F1C2390
:10B15000079A1A4407920A9A1A440A9298446DE789
:10B16000029A012A40F3B8810BF1FF329245C0F2F6
:10B170007B81AAEB0203BBF1000F019380F2C7822F
:10B18000079BA3EB0B030A9379E1012762E5C3F167
:10B19000200306FA03F307EE103AFDE41023040837
:10B1A000394600230A22204600F042FB0C9B002B6C
:10B1B000074640F3CC82CDF824809B460A9B002BA7
:10B1C00000F34B81002E40F0E481B946039E731ECC
:10B1D0005B440A93049B03F001030B9301992846F7
:10B1E000FFF7E2FB39468346284600F079FD0199D6
:10B1F00080464A46204600F095FDC3680BF1300AB0
:10B200000146002B36D10890284600F069FD0899C8
:10B210000790204600F002FB079A002A5AD1029BB1
:10B220001BB90B9B002B00F07D82B8F1000F42DBB5
:10B230000A9BB0469E4208F801AB00F0C181294646
:10B2400000230A22204600F0F3FA4F45054639460E
:10B250004FF000034FF00A02204635D000F0E8FA24
:10B260004946074600230A22204600F0E1FA4646F6
:10B270008146B3E7204600F0D1FAB8F1000F08DBB1
:10B28000049B03F00102029B48EA030852EA080209
:10B290002ED129460122204600F0AAFC019905463C
:10B2A00000F01EFD002840F30181BAF1390F00F0D3
:10B2B0001D820BF1310A324602F801AB099B0133C2
:10B2C0003E4602934F4616E700F0B2FA464607465E
:10B2D000814683E7B8F1000FC0F25D82029B48EA25
:10B2E00003080B9B53EA080800F05582002A9FDDF3
:10B2F000BAF1390F00F0FA8132460AF1010302F87F
:10B30000013BDBE7029B022B7FF7B2AEBBF1000FE4
:10B3100040F0258101995B460522204600F088FA1D
:10B3200001460190284600F0DBFC002840F317811D
:10B33000099B039A03F10109312302F8013B0199AA
:10B340000492204600F06AFA09F10103049A02937C
:10B35000002F7FF4E0AEE4E601463246204600F0DE
:10B36000EDFB029B0190012B40F38F800026019A98
:10B37000136902EB8303186900F0AAFAC0F12000F8
:10B3800049E60199284600F0ABFC0028BFF66CAEF8
:10B39000294600230A222046099D00F049FA089B0D
:10B3A00005F1FF380546002B7FF4FAAE0C9B002B0D
:10B3B00040F3C081099A02929B4660E6B24B039328
:10B3C000033362E4049B002B7FF424AEDDE9041216
:10B3D000C2F31303002B7FF41DAEAC4B13402BB113
:10B3E000079B0133079308F101080123002E40F069
:10B3F0008C811E460EE63FF421AEC0F13C03A7E669
:10B4000001230893099B4B4403F1010BBBF1010F8E
:10B41000DC460C93B8BF4FF0010CBCF1170F40F3A2
:10B42000A381012204235B0003F11400604511464F
:10B4300002F10102F7D9E1635EE401230893B9F157
:10B44000000F3ADDCDF83090CB46CC46E5E700233F
:10B450000893D7E700230893F1E739461A462046B8
:10B4600000F0C6FB0746ADE6A2EB0A031E44079BAD
:10B470000A935B4407930023D84492460193012129
:10B48000204600F077FA074699E5049B002B7FF4ED
:10B490006DAFDDE90401C1F313030A46002B7FF40D
:10B4A00065AF9AE70221B0EE484B4DE47FF403AF5D
:10B4B0001AF0010F7FF4F9AEFDE64FF00109CB461B
:10B4C00016E403D11AF0010F7FF406AE424618F8D5
:10B4D000013D302BFAD00EE6019A002A00F08E8052
:10B4E00003F23343079A0A929844D3180793CDF88E
:10B4F00004A0C4E7029B03990133029331230B702C
:10B50000F9E500F0E980099B614A5B4203F00F0115
:10B5100002EBC10292ED006B1B1128EE066BB0EE40
:10B52000465B00F01E815B4A00200221DF0705D543
:10B5300092ED007B0131012025EE075B5B1002F1EB
:10B540000802F3D1002806FE055B0CE4C0F10103FC
:10B550004FF000080793CDF82C80FFF7BBBB039A90
:10B56000E8E4099A38EE088B0132B4EEC83BF1EEFC
:10B5700010FA0292944608D4B4EE483BF1EE10FA69
:10B5800005D117EE102AD20701D5039879E41A469F
:10B59000C7E57968204600F01BF90646002800F050
:10B5A000FE803B6902339A0007F10C010C30C5F7AD
:10B5B00047F831460122204600F01AFB814605E695
:10B5C000099B01333E4602934F4679E51A463946B8
:10B5D000204600F0B3FA2A4601460746204600F00E
:10B5E000F7F929460D90204600F018F9019BBAEBB7
:10B5F000030A0D9B1D463FF401ADF9E40E9BC3F118
:10B6000036036FE7039824EE033B012B077000F02D
:10B61000A680B2EE044B0398034427EE047BFDEEB4
:10B62000C76B16EE907A303702F8017B9A42B8EE7B
:10B63000E65B37EE457BF0D1B6EE006B33EE065B92
:10B64000B4EEC57BF1EE10FA67DC36EE436BB4EE78
:10B65000C67BF1EE10FA0DD40F9B002BFFF6A9ACC0
:10B66000099B0E2B3FF7A5AC099B0EEBC30090ED99
:10B67000003B64E41A46013B12F8011C3029F9D062
:10B680000CF1010302934CE5B81604080000F07FAA
:10B6900010230408E8220408BBF1000F3FF408ACB3
:10B6A0000C9B002B7FF725ACB2EE044B25EE045B20
:10B6B000013107EE901A0999B8EEE76BB1EE0C7BF9
:10B6C000A5EE067B17EE902A01F1FF3C51EC170B1B
:10B6D000A2F15071FFF766BB0221B0EE485BFFF7A5
:10B6E00042BB0CF1010C3121FFF7D2BB099B03993E
:10B6F000B0460133029339233E4608F8013B4F46DA
:10B70000EFE4002301931F4612E61E462FE6079B37
:10B710000A935B44D8440793B1E603980CF1010CFB
:10B72000FFF7AFBBBAF1390FE0D0B8F1000F3FF728
:10B73000C0ADC0E5029B022B04DC099BDDF830B0F4
:10B7400002939CE4DDF830B0CDF82480DEE5029B66
:10B75000022BF7DCDDF830B0CDF824802EE513465F
:10B760006AE70221FFF7FFBA0021E163FFF7C4BADD
:10B77000144B0393FFF7EAB90027E76339462046E5
:10B7800000F026F8039088B90F4B1048002240F2D1
:10B79000AF11FAF77DFA002A3FF77BAD8BE50A4B34
:10B7A0000A48324640F2EF21FAF772FA039BA3638C
:10B7B00001224FF0FF33B9460C9308929B46FFF7E6
:10B7C00098BB00BFAC160408BC160408D0160408C9
:10B7D000436C70B505460C464BB153F8240080B15C
:10B7E000026843F824200023C0E9033370BD2122FE
:10B7F000042100F0A3FC034668640028EDD100207A
:10B8000070BD012101FA04F6721D9200284600F075
:10B8100095FC0028F3D0C0E90146E4E731B1436C60
:10B820004A6853F82200086043F82210704700BFAE
:10B830002DE9F0410D6907460E461C4601F1140E34
:10B840000020DEF800108BB202FB03434FEA134CDA
:10B85000090C02FB01CC01309BB203EB0C43854287
:10B860004EF8043B4FEA1C44EBDC3CB1B368AB42FE
:10B8700007DD06EB850301355C6135613046BDE8C7
:10B88000F081716838460131FFF7A2FF8046A8B108
:10B890003269023206F10C0192000C30C4F7D0FE7E
:10B8A0007B6C726853F82210316043F82260464680
:10B8B00006EB850301355C613561DFE7024B034828
:10B8C0004246BA21FAF7E4F9BC1604082C1704081A
:10B8D000B0F5803F034636BF030400201020B3F1CB
:10B8E000807F3CBF1B020830B3F1805F3CBF1B016F
:10B8F0000430B3F1804F03D3002B06DB01307047D7
:10B900009B0003D45B0003D42020704702307047B3
:10B9100003307047036813F00702014607D0DA07C7
:10B920001FD4980721D55B080B600120704798B29F
:10B93000A0B11046DAB20AB908301B0A1A0704BFD0
:10B940001B0904309A0704BF9B080230DA0703D4AE
:10B950005B0800F1010006D00B6070471B0C102043
:10B96000E8E700207047202070479B080B6002200A
:10B97000704700BF38B5436C04460D464BB158685C
:10B98000B0B102685A6000220123C0E90323456177
:10B9900038BD2122042100F0D1FB03466064002859
:10B9A000EDD1094B0948002240F24511FAF770F930
:10B9B0001C220121204600F0C1FB0028F1D0012209
:10B9C0000223C0E90123DEE7BC1604082C17040893
:10B9D0002DE9F04FD1F810801569A84585B00E46C5
:10B9E000924605DB2A46534645468A4690461E4601
:10B9F000DAF80830DAF8041005EB0804A342B8BFFF
:10BA00000131FFF7E5FE8446002800F08B8000F14D
:10BA1000140707EB840E774505D23B46002243F816
:10BA2000042B9E45FBD8143606EB88080AF114094E
:10BA3000464509EB850566D2A5EB0A03153B23F0C5
:10BA400003030AF1150A043355452CBF9B464FF0FA
:10BA5000040BCDF808E00394AE46E24605E0090C7D
:10BA60002AD1B04507F104074AD956F8041B8DB214
:10BA7000002DF4D0CC463C46002301965CF8040B24
:10BA8000216886B28AB2000C05FB0622090C1A4412
:10BA900005FB001101EB124192B242EA0142E64578
:10BAA00044F8042B4FEA1143E8D8019E47F80B30C5
:10BAB00056F8041C090CD4D03B68002248461D46A9
:10BAC0003C469446028801FB02C202EB15429BB23F
:10BAD00043EA024344F8043B50F8043B25684FEA2C
:10BAE000134CABB201FB0C3303EB124370454FEA2E
:10BAF000134CE7D3B04547F80B3007F10407B4D82F
:10BB0000DDE902E4D446002C02DC05E0013C03D070
:10BB10005EF8043D002BF9D06046CCF8104005B02B
:10BB2000BDE8F08F034B044862464FF4B171FAF759
:10BB3000AFF800BFBC1604082C17040812F003036A
:10BB40002DE9F041144607462CD10D46A4101CD017
:10BB50003E6C86B3E3074FF0000806D4641014D09F
:10BB60003068A8B10646E307F8D53246294638467C
:10BB7000FFF72EFF35B17B6C696853F821202A60EE
:10BB800043F8215064100546EAD12846BDE8F0810B
:10BB9000324631463846FFF71BFF3060C0F8008060
:10BBA0000646E0E7013B0F4A52F823200023FFF747
:10BBB0003FFE0546CAE701213846FFF709FE064663
:10BBC00040B1012340F27122C0E9043200233864FD
:10BBD0000360BFE7044B0548324640F24511FAF7CF
:10BBE00057F800BFDC220408BC1604082C17040810
:10BBF0002DE9F0470C4690462769A368496807EB92
:10BC000062177D1C9D4206464FEA621904DD5B0007
:10BC10009D4201F10101FADC3046FFF7D9FD84466F
:10BC2000002851D0B9F1000F00F114000EDD09F128
:10BC300005024FEA820E03460CEB8202002143F814
:10BC4000041B9342FBD1AEF114031844216904F1A3
:10BC5000140318F01F0803EB81012DD0C8F120094F
:10BC600086464FF0000A1A6802FA08F242EA0A020F
:10BC70004EF8042B53F8042B994222FA09FAF2D811
:10BC80000B1B153B23F00303043304F1150291420F
:10BC900038BF042340F803A0BAF1000F00D13D469D
:10BCA000736C6268CCF8105053F822102160604623
:10BCB00043F82240BDE8F087043853F8042B40F8DD
:10BCC000042F9942F9D8EAE7034B044862464FF43F
:10BCD000EF71F9F7DDFF00BFBC1604082C1704084C
:10BCE0000B6984460069C01A16D10CF1140C14318A
:10BCF0000CEB830210B401EB830301E0944508D2FE
:10BD000052F8044D53F8041D8C42F7D005D24FF081
:10BD1000FF305DF8044B7047704701205DF8044B1D
:10BD2000704700BF2DE9F04F15460A692B69D21AFA
:10BD3000002A83B0884640F0878001F1140605F19F
:10BD4000140101EB830106EB830301E09E427ED2E6
:10BD500053F8044D51F8042D9442F7D075D32B4677
:10BD60000024454698466968FFF732FD8146002861
:10BD700000F089802E69C460D8F8100005F1140B1A
:10BD800008F1140E09F1140A05F110020EEB8000FF
:10BD90000BEB860157464FF0000CCDF804B05EF86F
:10BDA000044B52F8045F1FFA84FBABB2A3EB0B0306
:10BDB000240C6344C4EB154404EB23449BB243EAD4
:10BDC0000443704547F8043B4FEA244CE7D8A0EB06
:10BDD000080208F115084045A2F1150234BF002001
:10BDE000012092080028DDF804B002F101044FEAB6
:10BDF000840408BF04240BEB0405A942544433D93E
:10BE00002746284650F8043B1CFA83FE1A0C63446C
:10BE100002EB2E429BB243EA0243814247F8043BC5
:10BE20004FEA224CEED80139491B21F003010C44A2
:10BE300023B954F8043D013E002BFAD04846C9F816
:10BE4000106003B0BDE8F08F89DA01248BE7002190
:10BE5000FFF7BEFC814678B101220023C0E904232C
:10BE6000484603B0BDE8F08F00284FEA820208BFC1
:10BE700000220AEB0204DBE7064B07484A4640F281
:10BE80003721F9F705FF034B03484A4640F24521A5
:10BE9000F9F7FEFEBC1604082C1704082DE9F04340
:10BEA0000E4683B0012159EC108B1546FFF790FC2C
:10BEB0000446002846D0C9F30A57C9F313030FB14B
:10BEC00043F480130193B8F1000313D101A8FFF7E5
:10BED00021FD019B63610122203022610FB3A7F293
:10BEE00033470744C0F1350037602860204603B06F
:10BEF000BDE8F08368460093FFF70CFD019BF8B1A5
:10BF00000099C0F1200203FA02F2C3400A430193F0
:10BF1000002B62610CBF01220222A3612261002F6B
:10BF2000DDD104EB8203A0F2324030601869FFF7E4
:10BF3000CFFCC0EB42102860204603B0BDE8F08380
:10BF4000009AE5E7034B0448224640F20F31F9F727
:10BF50009FFE00BFBC1604082C1704082DE9F04F03
:10BF60008BB0DDE9157A86461E46002F5AD015683B
:10BF700000295CD0149B002B69D0741E4EB3043D85
:10BF8000CDE9015EDDF850B00491002603910592E1
:10BF90000BE0039B0BBB019B1868002836D0DC45E7
:10BFA00057D2013C631C664613D0019B029853F89C
:10BFB000042F0193DAF8E0503B4607A9D7E900982F
:10BFC000A847421C37D000EB060CDC45E1D9C7E995
:10BFD000009830460BB0BDE8F08F00280EDD049BC2
:10BFE000019D18445A1E07A900F1FF3E11F8013BBC
:10BFF00002F8013F7245F9D101950490059B1A683A
:10C0000004321A60019B18680028C8D10399059A68
:10C0100001B110600CF1FF36002230463A600BB0DF
:10C02000BDE8F08F156800F586770029A2D14FF0A2
:10C03000FF331493A1E7DDF808E006468A210022C9
:10C040003046CEF800103A600BB0BDE8F08F149E79
:10C05000BFE76646BDE700BF10B584B0054C069843
:10C06000009007980190044800680294FFF776FF5B
:10C0700004B010BD04050024700600242DE9F0472B
:10C080008F681D46AF420B680C46164636D8B1F98C
:10C090000CC01CF4906F0ED13D46184631462A461E
:10C0A000FCF7DCF8A368DF1B2368A7602B440020A3
:10C0B0002360BDE8F0874A69096902EB42025F1A12
:10C0C00002EBD2726B1C52103B44934292BF9146DA
:10C0D00099461A461CF4806F804611D01146F9F734
:10C0E0005BFE824600B321693A46C4F7A9FAA389E8
:10C0F00023F4906343F08003A38105E02F46CCE74F
:10C10000FAF714F9824658B10AEB0703A9EB0707BF
:10C11000A760C4F810A0C4F8149023602F46BCE7B1
:10C1200021694046FCF72EFCA3890C2243F0400312
:10C13000C8F800204FF0FF30A381BAE738B5A1FB63
:10C14000021454BBF9F728FE054650B350F8042CEE
:10C1500022F00302043A242A10D8132A13D91B2AE6
:10C16000C0E9004416D9242AC0E902440ABFC0E944
:10C17000044400F1100200F1180205E02146FCF72A
:10C18000EDF8284638BD02460023C2E9003393602B
:10C19000284638BD00F10802F6E7FCF7FDFA0C234B
:10C1A00003600025284638BD2DE9F047089D0E465E
:10C1B00004460F46002B4AD194468C45B2FA82F2CF
:10C1C00060D942B1C2F12003974020FA03F30CFA80
:10C1D00002FC1F4394404FEA1C4E1FFA8CF6B7FB3B
:10C1E000FEF1230C0EFB117743EA074301FB06F037
:10C1F00098420AD91CEB030301F1FF3780F0158147
:10C20000984240F21281023963441B1AA4B2B3FB74
:10C21000FEF00EFB103344EA034400FB06F6A64290
:10C220000AD91CEB040400F1FF3380F00081A64220
:10C2300040F2FD806444023840EA0140A41B002122
:10C240001DB1D4400023C5E90043BDE8F0878B420F
:10C2500005D90DB1C5E9000100210846F5E7B3FA9B
:10C2600083F1002946D1B34202D3824200F2F58025
:10C27000841A66EB030201201746002DE5D0C5E9BC
:10C280000047E2E7002A40F09380A1EB0C034FEA5D
:10C290001C471FFA8CFE0121B3FBF7F607FB163093
:10C2A000230C43EA00430EFB06F0984208D91CEB2E
:10C2B000030306F1FF3802D2984200F2D0804646CE
:10C2C0001B1AA4B2B3FBF7F007FB103344EA034494
:10C2D0000EFB00FEA64508D91CEB040400F1FF3359
:10C2E00002D2A64500F2B6801846A4EB0E0440EA3E
:10C2F0000640A5E7C1F120078B4022FA07FC4CEA73
:10C30000030C06FA01FE20FA07F426FA07F344EAC2
:10C310000E0400FA01F84FEA1C404FEA1449B3FB3F
:10C32000F0FE1FFA8CF600FB1E3349EA03430EFBB6
:10C3300006F9994502FA01F20BD91CEB03030EF141
:10C34000FF3A80F08580994540F28280AEF1020E7E
:10C350006344A3EB0909A4B2B9FBF0F300FB139902
:10C3600044EA094403FB06F6A64208D91CEB040480
:10C3700003F1FF3068D2A64266D9023B644443EA27
:10C380000E40A41BA0FB02E6B4427346B14652D352
:10C390004FD05DB1B8EB030264EB090404FA07F770
:10C3A00022FA01F31F43CC40C5E9007400214CE799
:10C3B000C2F1200120FA01F30CFA02FC26FA01F185
:10C3C000964033434FEA1C471FFA8CFEB1FBF7F04F
:10C3D00007FB1016190C41EA064100FB0EF68E42CF
:10C3E00004FA02F408D91CEB010100F1FF382DD248
:10C3F0008E422BD902386144891B9BB2B1FBF7F600
:10C4000007FB161143EA014306FB0EF1994208D9D6
:10C410001CEB030306F1FF3814D2994212D9023EF5
:10C4200063445B1A46EA004136E73946EDE61846B2
:10C4300002E7F045ADD2BEEB020366EB0C06013815
:10C44000B146A6E74646ECE7034698E74046D3E701
:10C45000D6467EE76444023847E708460DE7023EC9
:10C4600063442DE703685A004CBF43F0004323F0B8
:10C4700000431844704700BF2DE9F04759B301F15C
:10C48000FF380546164647464FF0000A0AEB0701FB
:10C4900001EBD171491005EBC1094846FFF7E2FFF6
:10C4A00088454FEAC104034610D004F10800B342A6
:10C4B000284407D8FFF7D6FF0138B04208D201F16F
:10C4C000010AE3E78A4506D04F1EDFE7B042F9D8FC
:10C4D0004846BDE8F0874FF000094846BDE8F087C0
:10C4E000012809D0022805D0044B00280CBF1846AB
:10C4F000002070470248704702487047C1CB0308CC
:10C50000D1CB0308C9CB030830B5224B83B0044616
:10C510008D1E43B301A92846AFF30080F0B1019905
:10C520002A46FFF7A9FF0146C0B1FFF79BFF4B6802
:10C53000A064012B2BD0002B01F1040025DBFFF7B9
:10C5400091FF002323650368E064002B12DBFFF7F3
:10C5500089FF03460020236103B030BD002309207A
:10C56000236103B030BD0C4B0C49C91AC9101846E1
:10C570000191D5E7C3F30360FFF7B2FF031E0CBFC1
:10C5800009200020236103B030BD0123DAE7002336
:10C590000520E0E70000000054870408E488040850
:10C5A0000368DA0710B5044606D49B0700F1500073
:10C5B00009D5C4F747FC2368590709D51A070ED5D2
:10C5C000DB0613D510BDC4F735FC23685907F5D435
:10C5D00004F1D800C4F73EFC23681A07F0D404F530
:10C5E000AC70C4F73FFC2368DB06EBD404F5EC70B9
:10C5F000BDE81040C4F77ABC0346006800B1184497
:10C60000704700BF704700BF70B504460E46316CDE
:10C610002046FFF779FF054688B9326C62612369CD
:10C6200032462146012098470828F0D0072806D135
:10C630002846316CFFF7E6FF301DC4F7EFFBF9F732
:10C640001FFB00BF2DE9F04701F1040CC768D0F8CB
:10C65000188006469146BCE80F00ADF5767D03AC28
:10C660000FC4BCE80F000FC4BCE80F000FC49CE867
:10C670000F0002AD4FF0000E84E80F00C5F800E097
:10C6800021E02B6C73614FF4F47229467CA8C3F748
:10C69000D7FF33697CAA3146504698478A9BAB64E2
:10C6A0004946CDE900588246334601203246B84714
:10C6B000814630BB4FF4F4727CA92846C3F7C0FF13
:10C6C000BAF1080F1AD1296C3046FFF71DFF09F1A6
:10C6D000090904465FFA89FA0028D2D0AB6BAB6433
:10C6E0003246CDE9005833464AF010010120B847E0
:10C6F00038B920460DF5767DBDE8F087BAF1070F11
:10C7000005D0092420460DF5767DBDE8F087484622
:10C71000296CFFF777FF03A8C4F780FBF0B5CB6B5C
:10C72000FBB001F1040C0B640E460546BCE80F009B
:10C7300001AC0FC4BCE80F000FC4BCE80F000FC46D
:10C740009CE80F004FF0FF3784E80F00009706E0E9
:10C750002B696A46294698470828044608D110994B
:10C760002846FFF7D1FE0028F2D009207BB0F0BDAB
:10C770006846FFF715FF062CF7D131462846FFF72C
:10C7800043FF00BFC160D96B826119640022194662
:10C79000FFF758BF70B5C66843690B64AEB903694B
:10C7A0000A4604460D46014602209847072805D050
:10C7B00008280FD129462046FFF726FF3046296C6E
:10C7C000FFF720FF281DC4F729FB0122FFF73AFFDE
:10C7D000F9F756FAF9F754FAC26822B1CA6B0A643B
:10C7E0000022FFF72FBFFFF799BF00BF704700BFC0
:10C7F000836801460BB1012018477047052915D8F9
:10C80000DFE801F00A031403030501207047009AD2
:10C81000436C13600020704743B90F2A06D800EB21
:10C82000820200205368009A13607047022070470C
:10C8300000B585B00A46002303A900911946FFF709
:10C84000DDFF039805B05DF804FB00BF052915D88E
:10C85000DFE801F00A031403030501207047009B81
:10C860001B6843640020704743B90F2A06D8009B19
:10C8700000EB82021B685360002070470220704763
:10C8800010B584B0002303AC039200940A46194605
:10C89000FFF7DCFF04B010BD70B5D36BADF5107DB4
:10C8A00002F1040C136405460C46BCE80F000DF1C0
:10C8B0005C0EAEE80F00BCE80F00AEE80F00BCE86D
:10C8C0000F00AEE80F009CE80F004FF0FF368EE837
:10C8D0000F00169610E0FFF7D3FF214616A8A847D1
:10C8E000034616AA0820694683B9049B9847052881
:10C8F00006460CD0092809D026996846FFF704FEA1
:10C9000003460C216A4616A8002BE4D0092616A877
:10C91000FFF746FE30460DF5107D70BD2DE9F04F56
:10C920001646CA6C89B00D4652F8041B069200F0F8
:10C93000030C002B79D00C0C8DF81D400904E4B2D7
:10C94000059102EB840202218DF81C10296DBCF1C7
:10C95000020F08BFAA6B11F0010809D005A93046E3
:10C9600000F0DEFA002856D1082009B0BDE8F08FAB
:10C970001768002FF2D000F00801CDE90118E34656
:10C980009A46BAF1020F4CD01788548802F1040974
:10C99000AA6C24F001030F21304603EB0208FFF7D5
:10C9A00047FF80453BD827F0010202EB0803834292
:10C9B00094BF00230123640004F0020407F0010780
:10C9C0002743012F4ED0022F35D027BBBBF1000FDC
:10C9D00002D0002B40F0D38009F104021768002F29
:10C9E000CFD105A93046DDF8088000F099FA90B95A
:10C9F000B8F1000FB8D00F213046FFF719FF0E2114
:10CA000002463046FFF73CFF6C4A0F213046FFF7E5
:10CA100037FF072000E0092009B0BDE8F08F0023B0
:10CA2000C9E7546802F10809B2E7090205918DF8D7
:10CA30001D30032188E7D9F8004024F00048BBF1FD
:10CA4000000F47D12BB1019B002B5CD0B8F1000F38
:10CA500059D0002C01DA09F1040908F1010209EBAF
:10CA60008202BBE7BBF1000F1CD1C3B1D9F804307F
:10CA7000D9F80020991C4FEAD272CCD005F15804A5
:10CA80000133049400F08E8009F10400FFF7B4FD37
:10CA900004AB01462846F8F717FA002859D109F1E6
:10CAA00008029BE70D213046FFF7C2FE2C6A844244
:10CAB000F5D1AB6A9945F2D14846FFF7D3FC0F2177
:10CAC00002463046FFF7DCFE2A4600213046FFF7DB
:10CAD000D7FE9EE70D213046FFF7AAFE2F6A874258
:10CAE000B7D1AB6A9945B4D100240423C5E90B43FF
:10CAF0004B44C5F828806B63D9F80030A34258DB5B
:10CB000001230293A9E705F15803CDF80CB009F110
:10CB10000407B34600241E460BE038460496FFF790
:10CB20006BFD0022014604AB2846F8F7CDF9043727
:10CB3000F8B9444504F10104EFD10D215846FFF73F
:10CB400077FE049BC5F828900246C5E90823062015
:10CB500062E704460D213046FFF76AFE049E286214
:10CB6000022C04BFEE6205F12C06C5E90969062016
:10CB700052E75E46D9F80040DDF80CB069E7484658
:10CB8000FFF770FC09F104030446AB632846F8F78D
:10CB9000F3F900283FF43FAF22460F213046FFF75C
:10CBA0006FFE36E730460D21FFF742FE264628622B
:10CBB000DBE708F1010209EB82007EE7B9570308C1
:10CBC0000023FFF7ABBE00BF0123FFF7A7BE00BFE6
:10CBD0000223FFF7A3BE00BF2DE9F0410646C4B013
:10CBE0001446052900F2D880DFE811F012002D006C
:10CBF000D6006C0091000600836B002C40F0CC80C6
:10CC000053F8042B42648363002044B0BDE8F081F4
:10CC1000002B40F0C180856B1FFA84FC012006F1D7
:10CC2000040E00FA03F111EA0C0F2A4604D052F860
:10CC3000041B4EF8231015460133102BF1D1A70425
:10CC4000E2D4B563E0E7012B4FEA1447A4B200F049
:10CC50008380052B40F0A08007EB0408B8F1200F7B
:10CC600000F29A800F2F40F29980002CCCD00268FD
:10CC7000500700F11881019302AD2846C4F7EEF881
:10CC80004FEA440CA7F11000B16B019B0CF1FF3C83
:10CC900005EBC0000CF1010C043801EB8C0251F8DB
:10CCA000044B40F8044F9142F9D1012B00F0DE8093
:10CCB0000F2FB16302D822A8C4F7C4F82846C4F7DE
:10CCC000C9F8A1E7032B67D1A7B207EB1443102BD8
:10CCD0004FEA144460D80368190700F1BF8022AD01
:10CCE0002846C4F7E1F87A00B06B05EBC404531E84
:10CCF00042B1011B625844F8042B013B5A1CF9D184
:10CD000000EBC700B0632846C4F7ACF87CE7002B03
:10CD100042D1102C40D80368DD0600F1978022AD87
:10CD20002846C4F7EDF8B76B294600234FF0010CF5
:10CD30000CFA03F22242384603F1010303D050F803
:10CD4000042B0A600746042B01F10401F0D1B763FC
:10CD50002846C4F7CBF857E73A19102A1CD8102FE9
:10CD60001AD00268D00708D5304622F0030240F8F6
:10CD7000502B0193C4F762F8019B019322AD284622
:10CD8000C4F75CF8B26B019B002C58D10432B2633B
:10CD90002846C4F74FF837E7022036E7B8F1100FFE
:10CDA000026865D9D40772D522F0010242F002026E
:10CDB00040F8502B0193C4F749F83268019B12F0F8
:10CDC000040F66D122AD28460193C4F73FF802A8AC
:10CDD000C4F744F8C7F110014900B26B019BA8F1F8
:10CDE000100C4C1E05EBC7000134043802EB840123
:10CDF00052F8044B40F8044F8A42F9D1BCF1000FBD
:10CE00005AD0102F384638BF10204FEA4C0C10383B
:10CE100002AD0CF1FF3C05EBC0003BE7304622F0D1
:10CE2000010242F0020240F8502B22AD0193C4F7F8
:10CE30000DF82846C4F70AF8B26B24B3019B6400CE
:10CE4000013C05EBC7004FF0000CCDE723F01003C9
:10CE5000036000F5EC70C4F753F860E723F00803B3
:10CE6000036000F5AC70C4F71FF838E722AD8DE71A
:10CE7000D107D3D422AD28460193C3F7E7FFB26BA5
:10CE8000019B002CDBD12846C3F7DCFFBCE654072E
:10CE900098D5304622F0040240F8D82B0193C3F70E
:10CEA000DDFF019B8EE7304622F0040240F8D82BCC
:10CEB0000193C3F7D3FFDFE6012B3FF467AF0F2FDA
:10CEC000B2633FF6A1AEDEE7027A03467AB9427A50
:10CED000A2B14168013A10B44272086803220C1DE5
:10CEE0001A7202025C60000E10BC1A607047006883
:10CEF000013A1A7202021A60000E7047B0207047A1
:10CF000000B585B003AA0023009219460C22FFF752
:10CF100075FC039805B05DF804FB00BFFFF7F0BF98
:10CF20002DE9F043064685B00D464FF0000828462F
:10CF3000FFF7CAFFB028044600F01C8107065BD546
:10CF400000F0F003A02B1AD030D8802B00F08280A4
:10CF5000902B27D100F00D030D2B23D002AF00231F
:10CF600000F00F02194600973046FFF747FC0023F8
:10CF700000970D2219463046FFF768FCD7E7C343F8
:10CF800003F007034FF47F621A41010702F47F6246
:10CF900001D542F48042002319463046FFF71CFEBB
:10CFA0000028C4D0092005B0BDE8F083B02B68D0BC
:10CFB000C02B3DD1C62800F0CA80C72800F0DF8012
:10CFC00000F0F803C02B00F0EC80C82800F0F780D8
:10CFD000C928E7D12846FFF777FF020300F00F00CA
:10CFE00002F4702201300243012105233046FFF78D
:10CFF000F3FD00289BD0D5E78300DBB21F1D0DF1A8
:10D00000080900231946CDF800900D223046FFF79D
:10D01000F5FB029BCDF8009060064CBFDF1BFF18AC
:10D0200000230D22194630460297FFF70FFC7EE7DA
:10D0300000F0F803D02BB5D100F007020132052330
:10D0400042F4002201213046FFF7C6FD00283FF4DC
:10D050006EAFA7E72846FFF737FF24022043B0F55D
:10D06000004F9FD004010023A2B219463046FFF7BB
:10D07000B3FD002896D114F4004F18BF4FF00108FB
:10D0800055E7A0F1B103042B00F2B580DFE803F00F
:10D090005529160C030003AA0023009219460D22FD
:10D0A0003046FFF7ABFB42E700231A460521304626
:10D0B000FFF792FD00283FF43AAF73E72846FFF7E9
:10D0C00003FF020300F00F00013002F4702201237D
:10D0D000024319463046FFF77FFD00283FF427AF93
:10D0E00060E700230DF108090D221946CDF80090E4
:10D0F0003046FFF783FB2846FFF7E6FE0206029C58
:10D100004FF002070BD500F07F00B84004442846DA
:10D110000294FFF7D9FE030607F10707F3D4B840DE
:10D12000002304F501740444CDF800900D22194643
:10D1300030460294FFF78AFBF9E62846FFF7C4FE63
:10D14000431EDBB20E2B02467FF625AF2AE72846A8
:10D15000FFF7BAFE020300F00F00013002F4702264
:10D160000323024319463046FFF736FD00283FF4FB
:10D17000DEAE17E7B8F1000F2DD0002013E72846E8
:10D18000FFF7A2FE431EDBB20E2B02463FF60AAFAC
:10D19000002304213046FFF71FFD00283FF4C7AEEF
:10D1A00000E700F00F020132032342F42022194667
:10D1B0003046FFF711FD00283FF4B9AEF2E62846ED
:10D1C000FFF782FE00F0F00200F00F03103201338F
:10D1D00043EA023208E702AC4346414600940E227D
:10D1E0003046FFF70BFB0F22009443464146304682
:10D1F000FFF72CFBC1E700F0FC03B42B3FF4D2AEE9
:10D2000000F007020132012342F4002219463046A1
:10D21000FFF7E2FC00283FF48AAEC3E610B5C26C0B
:10D22000536884B04FF0030C08321C0208461B0EF2
:10D2300001A9019402928DF80CC08DF80D30FFF712
:10D240006FFE04B010BD00BF08B5FFF767FE806C2D
:10D2500008BD00BF08B5FFF761FEC06CC37900EBE5
:10D260008300083008BD00BF08B5F8F709FD08B510
:10D27000FFF7FAFF024B58221A604FF0FF30704759
:10D2800088370324024B58221A604FF0FF30704752
:10D2900088370324024B58221A604FF0FF30704742
:10D2A00088370324024B58221A600020704700BFC1
:10D2B00088370324024B58221A604FF0FF30704722
:10D2C00088370324024B58221A604FF0FF30704712
:10D2D00088370324024B58221A604FF0FF30704702
:10D2E00088370324044A05491368002B08BF0B46FE
:10D2F0001844106018467047343903243839032421
:10D30000024B58221A604FF0FF30704788370324D1
:10D31000FEE700BFF8B500BFF8BC08BC9E467047EA
:0CD32000F8B500BFF8BC08BC9E46704782
:10D3300000000000000000000000000000000000ED
:10D3400000000000010000000200000003000000D7
:10D3500004000000000000000500000000000000C4
:10D3600000000000000000000600000000000000B7
:10D3700000000000000000000700000000000000A6
:10D38000FFFFFFFFFFFFFFFF0000000001000000A4
:10D39000000000000000000001000000FFFFFFFF90
:10D3A000FFFFFFFF01000000FFFFFFFFFFFFFFFF88
:10D3B000010000000100000001000000000000006A
:10D3C000000000005F1000085F10000859100008FE
:10D3D000CD100008E1100008611000082B110008B2
:10D3E0006D1100088B1100086D1000087310000803
:10D3F000791000087F100008851000088B100008C5
:10D40000911000089D100008A9100008B510000830
:10D41000C1100008FCFFFFFF000000005B100008C7
:10D42000DB10000823110008C31100086511000873
:10D4300083110008BB110008CF110008D5110008A6
:10D44000DB110008E1110008E7110008ED110008E8
:10D45000F3110008FF1100080B1200081712000852
:10D460002312000825630025640053504F525400D6
:10D4700049444C4500257300252E3166005257441F
:10D4800000415744204C4F570041574420484947DA
:10D49000480045434F00534E4F5700747970656400
:10D4A000546578747320213D203020262620225494
:10D4B0007970656454657874206461746162617325
:10D4C0006520686173206E6F74206265656E2069E7
:10D4D0006E697469616C697A65642E2200636F6E8F
:10D4E000737420746F7563686766783A3A466F6E36
:10D4F000742A20746F7563686766783A3A54797055
:10D500006564546578743A3A676574466F6E74283A
:10D510002920636F6E737400434D372F4D69646427
:10D520006C6577617265732F53542F746F756368E0
:10D530006766782F6672616D65776F726B2F696EA3
:10D54000636C7564652F746F7563686766782F54B4
:10D5500079706564546578742E68707000686173C2
:10D5600056616C6964496428292026262022747932
:10D57000706564546578744964206C617267657283
:10D58000207468616E206E756D6265724F665479A5
:10D5900070656454657874732E2200636F6D7061DA
:10D5A0007469626C654672616D6562756666657206
:10D5B000284269746D61703A3A52474235363529CE
:10D5C00020262620225468652063686F73656E20CC
:10D5D0007061696E746572206F6E6C7920776F72FE
:10D5E0006B73207769746820524742353635206462
:10D5F0006973706C6179732200746F756368676614
:10D60000783A3A41627374726163745061696E74FE
:10D6100065725247423536353A3A416273747261E7
:10D6200063745061696E74657252474235363528AD
:10D630002900434D372F4D6964646C6577617265CD
:10D64000732F53542F746F7563686766782F6672F3
:10D65000616D65776F726B2F696E636C7564652F92
:10D66000746F7563686766782F776964676574732C
:10D670002F63616E7661732F41627374726163749C
:10D680005061696E7465725247423536352E687046
:10D690007000636F6E737420746F7563686766786B
:10D6A0003A3A556E69636F64653A3A556E69636FCD
:10D6B0006465436861722A20746F75636867667871
:10D6C0003A3A5479706564546578743A3A67657487
:10D6D00054657874282920636F6E73740073697AB7
:10D6E000656F662853637265656E5479706529208D
:10D6F0003C3D20686561702E73637265656E53747E
:10D700006F726167652E656C656D656E745F7369B8
:10D710007A65282920262620225669657720616CA3
:10D720006C6F636174696F6E206572726F723A20FC
:10D73000436865636B207468617420616C6C20764B
:10D740006965777320617265206164646564207423
:10D750006F2046726F6E74656E64486561703A3A08
:10D7600056696577547970657322005072657365E8
:10D770006E746572547970652A20746F756368677A
:10D7800066783A3A6D616B655472616E736974695B
:10D790006F6E2853637265656E2A2A2C205072655D
:10D7A00073656E7465722A2A2C204D565048656147
:10D7B00070262C205472616E736974696F6E2A2A08
:10D7C0002C204D6F64656C547970652A29205B7735
:10D7D0006974682053637265656E54797065203D85
:10D7E0002053637265656E31566965773B205072D0
:10D7F0006573656E74657254797065203D2053635E
:10D800007265656E3150726573656E7465723B202A
:10D810005472616E7354797065203D204E6F54725E
:10D82000616E736974696F6E3B204D6F64656C54F3
:10D83000797065203D204D6F64656C5D00434D3708
:10D840002F4D6964646C6577617265732F53542F33
:10D85000746F7563686766782F6672616D65776F40
:10D86000726B2F696E636C7564652F6D76702F4DCA
:10D8700056504170706C69636174696F6E2E687088
:10D88000700073697A656F662850726573656E748F
:10D8900065725479706529203C3D20686561702E61
:10D8A00070726573656E74657253746F72616765CB
:10D8B0002E656C656D656E745F73697A65282920C5
:10D8C0002626202250726573656E74657220616C25
:10D8D0006C6F636174696F6E206572726F723A204B
:10D8E000436865636B207468617420616C6C2070A0
:10D8F000726573656E746572732061726520616410
:10D9000064656420746F2046726F6E74656E64483F
:10D910006561703A3A50726573656E7465725479D8
:10D92000706573220073697A656F66285472616E40
:10D93000735479706529203C3D20686561702E74B0
:10D9400072616E736974696F6E53746F726167652B
:10D950002E656C656D656E745F73697A6528292024
:10D96000262620225472616E736974696F6E20617D
:10D970006C6C6F636174696F6E206572726F723A5E
:10D9800020436865636B207468617420616C6C204F
:10D990007472616E736974696F6E73206172652051
:10D9A000616464656420746F2046726F6E74656E86
:10D9B00064486561703A3A5472616E736974696F54
:10D9C0006E5479706573220075736564203E203053
:10D9D00000746F7563686766783A3A556E69636F6D
:10D9E00064653A3A556E69636F6465436861722095
:10D9F000746F7563686766783A3A546578745072E4
:10DA00006F76696465723A3A63697263756C6172C4
:10DA10004275666665723C73697A653E3A3A70652E
:10DA2000656B436861722829205B7769746820758B
:10DA30006E7369676E656420696E742073697A65B8
:10DA4000203D2031303B20746F7563686766783AFB
:10DA50003A556E69636F64653A3A556E69636F64EF
:10DA60006543686172203D2073686F727420756E23
:10DA70007369676E656420696E745D00434D372F6E
:10DA80004D6964646C6577617265732F53542F74AC
:10DA90006F7563686766782F6672616D65776F7200
:10DAA0006B2F696E636C7564652F746F756368673F
:10DAB00066782F5465787450726F76696465722E3B
:10DAC000687070006F6666736574203C20757365BE
:10DAD0006400746F7563686766783A3A556E696377
:10DAE0006F64653A3A556E69636F64654368617245
:10DAF00020746F7563686766783A3A546578745035
:10DB0000726F76696465723A3A63697263756C61C3
:10DB1000724275666665723C73697A653E3A3A7020
:10DB200065656B436861722875696E7431365F7420
:10DB300029205B7769746820756E7369676E656408
:10DB400020696E742073697A65203D2031303B2056
:10DB5000746F7563686766783A3A556E69636F6487
:10DB6000653A3A556E69636F646543686172203D3A
:10DB70002073686F727420756E7369676E656420B8
:10DB8000696E743B2075696E7431365F74203D2078
:10DB900073686F727420756E7369676E656420694F
:10DBA0006E745D007769647468203E3D204449537B
:10DBB000504C41595F5749445448202626206865F7
:10DBC00069676874203E3D20444953504C41595F79
:10DBD00048454947485420262620224672616D65F3
:10DBE0006275666665722063616E6E6F7420626531
:10DBF00020736D616C6C6572207468616E2064695D
:10DC000073706C617922007669727475616C20762C
:10DC10006F696420746F7563686766783A3A484143
:10DC20004C3A3A7365744672616D65427566666515
:10DC30007253697A652875696E7431365F742C2069
:10DC400075696E7431365F742900434D372F4D6905
:10DC500064646C6577617265732F53542F746F75AC
:10DC600063686766782F6672616D65776F726B2F78
:10DC7000696E636C7564652F746F75636867667829
:10DC80002F68616C2F48414C2E6870700068616E7F
:10DC9000646C65203C206E6F5F73747265616D7398
:10DCA00000626F6F6C2044656469636174656442EF
:10DCB0007566666572436F6E74726F6C6C65723CEC
:10DCC0006E6F5F73747265616D732C207769647415
:10DCD000682C206865696768742C207374726964A5
:10DCE000652C206F75747075745F666F726D6174EA
:10DCF0003E3A3A6765744973506C6179696E67287A
:10DD0000746F7563686766783A3A566964656F43FD
:10DD10006F6E74726F6C6C65723A3A48616E646CC7
:10DD20006529205B77697468206C6F6E6720756E5B
:10DD30007369676E656420696E74206E6F5F7374BB
:10DD40007265616D73203D20313B206C6F6E6720E2
:10DD5000756E7369676E656420696E742077696497
:10DD60007468203D203634303B206C6F6E67207520
:10DD70006E7369676E656420696E74206865696793
:10DD80006874203D203438303B206C6F6E672075FE
:10DD90006E7369676E656420696E7420737472694E
:10DDA0006465203D20313238303B20746F756368E4
:10DDB0006766783A3A4269746D61703A3A426974BA
:10DDC0006D6170466F726D6174206F7574707574DB
:10DDD0005F666F726D6174203D20746F7563686754
:10DDE00066783A3A4269746D61703A3A5247423500
:10DDF00036353B20746F7563686766783A3A5669C2
:10DE000064656F436F6E74726F6C6C65723A3A48FA
:10DE1000616E646C65203D206C6F6E6720756E735B
:10DE200069676E656420696E745D00434D372F54D9
:10DE30006F7563684746582F7461726765742F6702
:10DE4000656E6572617465642F44656469636174AD
:10DE50006564427566666572566964656F436F6E88
:10DE600074726F6C6C65722E68707000766F696486
:10DE700020446564696361746564427566666572B1
:10DE8000436F6E74726F6C6C65723C6E6F5F73740F
:10DE90007265616D732C2077696474682C206865E5
:10DEA000696768742C207374726964652C206F75BF
:10DEB000747075745F666F726D61743E3A3A67652F
:10DEC00074566964656F496E666F726D6174696FCF
:10DED0006E28746F7563686766783A3A5669646548
:10DEE0006F436F6E74726F6C6C65723A3A48616E14
:10DEF000646C652C20746F7563686766783A3A566F
:10DF00006964656F496E666F726D6174696F6E2AC0
:10DF100029205B77697468206C6F6E6720756E735B
:10DF200069676E656420696E74206E6F5F737472CA
:10DF300065616D73203D20313B206C6F6E672075ED
:10DF40006E7369676E656420696E742077696474A6
:10DF500068203D203634303B206C6F6E6720756E34
:10DF60007369676E656420696E74206865696768A7
:10DF700074203D203438303B206C6F6E6720756E06
:10DF80007369676E656420696E7420737472696466
:10DF900065203D20313238303B20746F75636867EF
:10DFA00066783A3A4269746D61703A3A4269746DC2
:10DFB0006170466F726D6174206F75747075745FF7
:10DFC000666F726D6174203D20746F75636867665B
:10DFD000783A3A4269746D61703A3A52474235363E
:10DFE000353B20746F7563686766783A3A566964A2
:10DFF000656F436F6E74726F6C6C65723A3A48610C
:10E000006E646C65203D206C6F6E6720756E736961
:10E01000676E656420696E745D0075696E74333275
:10E020005F74204465646963617465644275666603
:10E030006572436F6E74726F6C6C65723C6E6F5F6D
:10E0400073747265616D732C2077696474682C2019
:10E050006865696768742C207374726964652C2024
:10E060006F75747075745F666F726D61743E3A3A65
:10E0700067657443757272656E744672616D654E44
:10E08000756D62657228746F7563686766783A3A71
:10E09000566964656F436F6E74726F6C6C65723A2B
:10E0A0003A48616E646C6529205B77697468206CFE
:10E0B0006F6E6720756E7369676E656420696E7434
:10E0C000206E6F5F73747265616D73203D20313B0C
:10E0D000206C6F6E6720756E7369676E656420696A
:10E0E0006E74207769647468203D203634303B209C
:10E0F0006C6F6E6720756E7369676E656420696EFC
:10E100007420686569676874203D203438303B208E
:10E110006C6F6E6720756E7369676E656420696EDB
:10E120007420737472696465203D20313238303B4D
:10E1300020746F7563686766783A3A4269746D61F6
:10E14000703A3A4269746D6170466F726D61742005
:10E150006F75747075745F666F726D6174203D20A9
:10E16000746F7563686766783A3A4269746D617076
:10E170003A3A5247423536353B2075696E74333230
:10E180005F74203D206C6F6E6720756E7369676EDB
:10E19000656420696E743B20746F75636867667888
:10E1A0003A3A566964656F436F6E74726F6C6C6552
:10E1B000723A3A48616E646C65203D206C6F6E6700
:10E1C00020756E7369676E656420696E745D007694
:10E1D0006F6964204465646963617465644275664F
:10E1E000666572436F6E74726F6C6C65723C6E6FB5
:10E1F0005F73747265616D732C2077696474682C29
:10E20000206865696768742C207374726964652C72
:10E21000206F75747075745F666F726D61743E3ACD
:10E220003A736574436F6D6D616E6428746F7563C6
:10E23000686766783A3A566964656F436F6E7472C0
:10E240006F6C6C65723A3A48616E646C652C207430
:10E250006F7563686766783A3A566964656F436FAD
:10E260006E74726F6C6C65723A3A436F6D6D616E6D
:10E27000642C2075696E7433325F7429205B776972
:10E280007468206C6F6E6720756E7369676E656465
:10E2900020696E74206E6F5F73747265616D732098
:10E2A0003D20313B206C6F6E6720756E7369676E21
:10E2B000656420696E74207769647468203D203637
:10E2C00034303B206C6F6E6720756E7369676E65C6
:10E2D0006420696E7420686569676874203D203425
:10E2E00038303B206C6F6E6720756E7369676E65A2
:10E2F0006420696E7420737472696465203D2031F6
:10E300003238303B20746F7563686766783A3A42FA
:10E3100069746D61703A3A4269746D6170466F72EA
:10E320006D6174206F75747075745F666F726D6166
:10E3300074203D20746F7563686766783A3A426965
:10E34000746D61703A3A5247423536353B20746FEE
:10E350007563686766783A3A566964656F436F6EAD
:10E3600074726F6C6C65723A3A48616E646C6520C9
:10E370003D206C6F6E6720756E7369676E656420F3
:10E38000696E743B2075696E7433325F74203D2072
:10E390006C6F6E6720756E7369676E656420696E59
:10E3A000745D00766F6964204465646963617465B7
:10E3B00064427566666572436F6E74726F6C6C65ED
:10E3C000723C6E6F5F73747265616D732C20776938
:10E3D0006474682C206865696768742C2073747293
:10E3E0006964652C206F75747075745F666F726DEB
:10E3F00061743E3A3A736574566964656F4461743A
:10E400006128746F7563686766783A3A566964651F
:10E410006F436F6E74726F6C6C65723A3A48616EDE
:10E42000646C652C20636F6E73742075696E74382C
:10E430005F742A2C2075696E7433325F7429205BF7
:10E4400077697468206C6F6E6720756E7369676E8C
:10E45000656420696E74206E6F5F73747265616DA0
:10E4600073203D20313B206C6F6E6720756E7369A1
:10E47000676E656420696E74207769647468203DF6
:10E48000203634303B206C6F6E6720756E73696781
:10E490006E656420696E7420686569676874203DE4
:10E4A000203438303B206C6F6E6720756E7369675F
:10E4B0006E656420696E7420737472696465203DB2
:10E4C00020313238303B20746F7563686766783A64
:10E4D0003A4269746D61703A3A4269746D6170468E
:10E4E0006F726D6174206F75747075745F666F7292
:10E4F0006D6174203D20746F7563686766783A3A81
:10E500004269746D61703A3A5247423536353B2064
:10E51000746F7563686766783A3A566964656F43E5
:10E520006F6E74726F6C6C65723A3A48616E646CAF
:10E5300065203D206C6F6E6720756E7369676E6530
:10E540006420696E743B2075696E74385F74203D79
:10E5500020756E7369676E656420636861723B2025
:10E5600075696E7433325F74203D206C6F6E672066
:10E57000756E7369676E656420696E745D00766F91
:10E5800069642044656469636174656442756666A4
:10E590006572436F6E74726F6C6C65723C6E6F5F08
:10E5A00073747265616D732C2077696474682C20B4
:10E5B0006865696768742C207374726964652C20BF
:10E5C0006F75747075745F666F726D61743E3A3A00
:10E5D0007365744672616D655261746528746F75F8
:10E5E00063686766783A3A566964656F436F6E741C
:10E5F000726F6C6C65723A3A48616E646C652C207F
:10E6000075696E7433325F742C2075696E743332A1
:10E610005F7429205B77697468206C6F6E67207562
:10E620006E7369676E656420696E74206E6F5F73C8
:10E63000747265616D73203D20313B206C6F6E6795
:10E6400020756E7369676E656420696E74207769E2
:10E65000647468203D203634303B206C6F6E672038
:10E66000756E7369676E656420696E74206865698C
:10E67000676874203D203438303B206C6F6E672013
:10E68000756E7369676E656420696E742073747249
:10E69000696465203D20313238303B20746F7563EA
:10E6A000686766783A3A4269746D61703A3A4269CD
:10E6B000746D6170466F726D6174206F75747075E2
:10E6C000745F666F726D6174203D20746F7563684E
:10E6D0006766783A3A4269746D61703A3A524742D5
:10E6E0003536353B20746F7563686766783A3A56FD
:10E6F0006964656F436F6E74726F6C6C65723A3AE1
:10E7000048616E646C65203D206C6F6E6720756E8D
:10E710007369676E656420696E743B2075696E74F9
:10E7200033325F74203D206C6F6E6720756E7369A5
:10E73000676E656420696E745D006672616D654226
:10E74000756666657220213D2030202626202241F4
:10E75000206672616D6562756666657220616464CB
:10E7600072657373206D75737420626520736574B0
:10E7700022007669727475616C20766F696420740A
:10E780006F7563686766783A3A48414C3A3A736500
:10E79000744672616D654275666665725374617226
:10E7A0007441646472657373657328766F69642A53
:10E7B0002C20766F69642A2C20766F69642A2900E0
:10E7C000626F6F6C2044656469636174656442754F
:10E7D00066666572436F6E74726F6C6C65723C6EC8
:10E7E0006F5F73747265616D732C207769647468F0
:10E7F0002C206865696768742C207374726964657D
:10E800002C206F75747075745F666F726D61743EE5
:10E810003A3A7570646174654672616D6528746F0B
:10E820007563686766783A3A566964656F436F6ED8
:10E8300074726F6C6C65723A3A48616E646C652CE8
:10E8400020746F7563686766783A3A566964656FD5
:10E850005769646765742629205B77697468206C42
:10E860006F6E6720756E7369676E656420696E747C
:10E87000206E6F5F73747265616D73203D20313B54
:10E88000206C6F6E6720756E7369676E65642069B2
:10E890006E74207769647468203D203634303B20E4
:10E8A0006C6F6E6720756E7369676E656420696E44
:10E8B0007420686569676874203D203438303B20D7
:10E8C0006C6F6E6720756E7369676E656420696E24
:10E8D0007420737472696465203D20313238303B96
:10E8E00020746F7563686766783A3A4269746D613F
:10E8F000703A3A4269746D6170466F726D6174204E
:10E900006F75747075745F666F726D6174203D20F1
:10E91000746F7563686766783A3A4269746D6170BE
:10E920003A3A5247423536353B20746F7563686713
:10E9300066783A3A566964656F436F6E74726F6CAD
:10E940006C65723A3A48616E646C65203D206C6F6C
:10E950006E6720756E7369676E656420696E745D9D
:10E9600000302026262022556E61626C6520746F6F
:10E970002066696E64206672656520766964656FDD
:10E980002073747265616D2068616E646C6521220C
:10E9900000746F7563686766783A3A566964656FA4
:10E9A000436F6E74726F6C6C65723A3A48616E6454
:10E9B0006C6520446564696361746564427566666C
:10E9C0006572436F6E74726F6C6C65723C6E6F5FD4
:10E9D00073747265616D732C2077696474682C2080
:10E9E0006865696768742C207374726964652C208B
:10E9F0006F75747075745F666F726D61743E3A3ACC
:10EA00006765744672656548616E646C6528292087
:10EA10005B77697468206C6F6E6720756E736967C9
:10EA20006E656420696E74206E6F5F7374726561C9
:10EA30006D73203D20313B206C6F6E6720756E73C7
:10EA400069676E656420696E7420776964746820F4
:10EA50003D203634303B206C6F6E6720756E7369D5
:10EA6000676E656420696E742068656967687420E4
:10EA70003D203438303B206C6F6E6720756E7369B3
:10EA8000676E656420696E742073747269646520B2
:10EA90003D20313238303B20746F7563686766788B
:10EAA0003A3A4269746D61703A3A4269746D6170C4
:10EAB000466F726D6174206F75747075745F666FE8
:10EAC000726D6174203D20746F7563686766783A73
:10EAD0003A4269746D61703A3A5247423536353B75
:10EAE00020746F7563686766783A3A566964656F33
:10EAF000436F6E74726F6C6C65723A3A48616E6403
:10EB00006C65203D206C6F6E6720756E7369676E53
:10EB1000656420696E745D003020262620227265AF
:10EB2000676973746572566964656F576964676570
:10EB3000743A20556E61626C6520746F20616C6C54
:10EB40006F63617465205247422062756666657224
:10EB5000212200746F7563686766783A3A56696473
:10EB6000656F436F6E74726F6C6C65723A3A486190
:10EB70006E646C65204465646963617465644275A4
:10EB800066666572436F6E74726F6C6C65723C6E14
:10EB90006F5F73747265616D732C2077696474683C
:10EBA0002C206865696768742C20737472696465C9
:10EBB0002C206F75747075745F666F726D61743E32
:10EBC0003A3A7265676973746572566964656F571E
:10EBD000696467657428746F7563686766783A3A24
:10EBE000566964656F5769646765742629205B7789
:10EBF000697468206C6F6E6720756E7369676E65E7
:10EC00006420696E74206E6F5F73747265616D73DA
:10EC1000203D20313B206C6F6E6720756E736967F5
:10EC20006E656420696E74207769647468203D2085
:10EC30003634303B206C6F6E6720756E7369676E7B
:10EC4000656420696E7420686569676874203D207A
:10EC50003438303B206C6F6E6720756E7369676E59
:10EC6000656420696E7420737472696465203D2048
:10EC7000313238303B20746F7563686766783A3A92
:10EC80004269746D61703A3A4269746D6170466FA1
:10EC9000726D6174206F75747075745F666F726DDC
:10ECA0006174203D20746F7563686766783A3A42F4
:10ECB00069746D61703A3A5247423536353B20747B
:10ECC0006F7563686766783A3A566964656F436F33
:10ECD0006E74726F6C6C65723A3A48616E646C6502
:10ECE000203D206C6F6E6720756E7369676E65647A
:10ECF00020696E745D00302026262022556E7375C3
:10ED000070706F7274656420466F726D6174212239
:10ED10000075696E7433325F742053544D3332443E
:10ED20004D413A3A6765744368726F6D4152544F72
:10ED30007574707574466F726D617428746F756345
:10ED4000686766783A3A4269746D61703A3A426926
:10ED5000746D6170466F726D61742900434D372F79
:10ED6000546F7563684746582F7461726765742FD6
:10ED700067656E6572617465642F53544D33324418
:10ED80004D412E6370700075696E7433325F74206C
:10ED900053544D3332444D413A3A67657443687277
:10EDA0006F6D415254496E707574466F726D617427
:10EDB00028746F7563686766783A3A4269746D6162
:10EDC000703A3A4269746D6170466F726D61742970
:10EDD00000302026262022556E737570706F727475
:10EDE000656420666F726D61742200766972747555
:10EDF000616C20766F69642053544D3332444D4129
:10EE00003A3A736574757044617461436F70792820
:10EE1000636F6E737420746F7563686766783A3ACF
:10EE2000426C69744F70262900286672616D655FB7
:10EE30006275666665725F73656D20213D204E5573
:10EE40004C4C2920262620224372656174696F6E1E
:10EE5000206F66206672616D6562756666657220F8
:10EE600073656D6170686F7265206661696C656459
:10EE7000220073746174696320766F696420746F13
:10EE80007563686766783A3A4F5357726170706578
:10EE900072733A3A696E697469616C697A65282996
:10EEA00000434D372F546F7563684746582F746180
:10EEB000726765742F67656E6572617465642F4F44
:10EEC0005357726170706572732E6370700028768C
:10EED00073796E635F717565756520213D204E55B0
:10EEE0004C4C2920262620224372656174696F6E7E
:10EEF000206F66207673796E63206D65737361672A
:10EF000065207175657565206661696C65642200B0
:10EF10007669727475616C20626F6F6C20486172E3
:10EF200064776172654D4A5045474465636F646517
:10EF3000723A3A6465636F64655468756D626E61B8
:10EF4000696C2875696E7433325F742C2075696E34
:10EF500074385F742A2C2075696E7431365F742C96
:10EF60002075696E7431365F742900434D372F5414
:10EF70006F7563684746582F7461726765742F67B1
:10EF8000656E6572617465642F4861726477617241
:10EF9000654D4A5045474465636F6465722E6370E2
:10EFA0007000212242756666657220746F20736D51
:10EFB000616C6C2200636F6E73742075696E7438B7
:10EFC0005F742A2048617264776172654D4A5045CA
:10EFD000474465636F6465723A3A7265616444617F
:10EFE00074612875696E7433325F742C2075696E94
:10EFF0007433325F742900286672616D654E756DD9
:10F00000626572203E203029202626202248617227
:10F0100064776172654D4A5045474465636F646526
:10F0200072206465636F64696E6720776974686FC6
:10F030007574206672616D652064617461212200BF
:10F040007669727475616C20626F6F6C20486172B2
:10F0500064776172654D4A5045474465636F6465E6
:10F06000723A3A676F746F4E6578744672616D6577
:10F070002829005249464600212252494646206826
:10F080006561646572206E6F7420666F756E6422B0
:10F0900000766F69642048617264776172654D4AD9
:10F0A0005045474465636F6465723A3A72656164BE
:10F0B000566964656F486561646572282900415628
:10F0C000492000212241564920686561646572200B
:10F0D0006E6F7420666F756E6422004C4953540045
:10F0E0002122415649204C495354206E6F742066AA
:10F0F0006F756E6422006176694C69737453697A26
:10F1000065006864726C0061766968006D6F76698D
:10F110000069647831007669727475616C20626F81
:10F120006F6C2048617264776172654D4A50454743
:10F130004465636F6465723A3A6465636F64654EF3
:10F140006578744672616D652875696E74385F7490
:10F150002A2C2075696E7431365F742C2075696EA7
:10F160007431365F742C2075696E7433325F742984
:10F1700000546D725100546D7220537663004361E8
:10F1800052785461736B00566964656F5461736B98
:10F1900000546F7563684746585461736B0064652B
:10F1A0006661756C745461736B00555342485F51CE
:10F1B00075657565004D5343004E50445200000084
:10F1C00000000000000000004D120008611200085D
:10F1D00003D70108D9120008451200084912000897
:10F1E000BDD10108C1D2010869D20108F916000891
:10F1F0004712000800000000000000007DB7010871
:10F20000F5B7010809B8010825B801087D190008FB
:10F2100093190008671900086D190008691900089A
:10F22000C5BA01085919000859B701085B19000847
:10F230001DB80108BDC30108C5B7010831BD0108EB
:10F2400095B70108D5B901080000000000000000D2
:10F2500000000000000000000000000000000000AE
:10F2600039CE0108A1CD0108211B0008CD190008E5
:10F27000B9CD0108371B0008F9CD0108D3CD01082D
:10F28000D1190008D5190008D9190008DD1900089E
:10F29000E1190008E3190008E5190008E71900085A
:10F2A000E919000899CE0108EB190008031A0008B3
:10F2B000000000000000000000000000000000004E
:10F2C0001D1A0008211A0008291A00080000000071
:10F2D0000000000000000000351A0008C11A0008F4
:10F2E0000000000000000000BB1A0008DD1A000842
:10F2F000AD8E01087F1A000839CE0108A1CD0108A2
:10F300002F1B0008CD190008B9CD0108371B0008D4
:10F31000F9CD0108D3CD0108D1190008D51900088D
:10F32000371A00085B1A0008E1190008E319000801
:10F33000E5190008E7190008E919000899CE010845
:10F34000EB190008031A00088B1A0008491B000873
:10F35000911A00085983010885830108D5830108A3
:10F360004D840108AF1A0008AB1A0008EF1C000812
:10F370000000000000000000BD1A0008CF1A0008BD
:10F38000AD8E01087F1A000839CE0108A1CD010811
:10F390002F1B0008CD190008B9CD0108371B000844
:10F3A000F9CD0108D3CD0108D1190008D5190008FD
:10F3B000371A00085B1A0008E1190008E319000871
:10F3C000E5190008E7190008E919000899CE0108B5
:10F3D000EB190008031A00088B1A0008491B0008E3
:10F3E000911A00085983010885830108D583010813
:10F3F0004D840108B31A0008B71A0008EF1C000872
:10F400000000000000000000ED1A0008011B0008C9
:10F4100003D70108BF1A000845120008191A00088E
:10F42000BDD10108C1D2010869D201081B1A000828
:10F43000471200080000000000000000EB2F000849
:10F440003B300008F72F00081730000800000000CC
:10F45000000000007DB70108F5B7010809B80108F0
:10F4600025B8010871BB010893190008ED2F0008A9
:10F470004930000869190008C5BA0108591900087F
:10F4800059B701085B1900081DB80108BDC3010880
:10F49000C5B7010831BD010895B70108D5B9010804
:10F4A0000000000000000000F52F00082D300008CB
:10F4B000EF2F0008E32F0008E52F0008593000085F
:10F4C000E72F00080000000000000000AD32000837
:10F4D00003330008C7CF0108553200087532000811
:10F4E00079320008E535000801360008F5CB01083F
:10F4F00011CD01080DCC0108A9CC01087D3200080E
:10F500009FCC010881320008853200088D32000846
:10F51000C9320008AFCC0108A5320008A9320008A2
:10F520009332000899320008AF3200080000000052
:10F53000000000005F3500085D35000893350008C5
:10F5400020B2B890000000003E003E001E000C00FB
:10F5500002000240D8781D90000000005000900189
:10F560000800140040006841D8F419900000000021
:10F57000F000F0001900530011004A4020AAB19099
:10F5800000000000F000F0001900530011004A4094
:10F590003857089000000000BE00BE0043000A007B
:10F5A00038000C40D808289000000000BE00BE00C3
:10F5B00043000A0038000C40E8CEAB900000000089
:10F5C000E9005E01DB00000004005E4100390390A9
:10F5D00000000000E9005E01DB00000004005E4165
:10F5E000E8FE2B9000000000000A64060000000006
:10F5F000000A6406D860249000000000F000F000CB
:10F60000C600530011004A40202EB59000000000B3
:10F61000F000F000C600530011004A40C8D4129018
:10F62000000000003E003E001600160011000440DD
:10F63000488B0A9000000000500150013300320056
:10F64000EA00EC40D8101390000000005001500177
:10F6500024017C000F00584030EEB89000000000FC
:10F66000780078001400570050000640E81D2B90E9
:10F67000000000007800780014005800500004409A
:10F6800030B0BA90000000007800780044001E00FE
:10F6900004003C4098D620900000000078007800DC
:10F6A00043001E0006003C4020C9B090000000004E
:10F6B000780078001400300051000440E83C2A90A3
:10F6C0000000000078007800140030005100044071
:10F6D000D8E42790000000004800200010000A0035
:10F6E00036000B40D8901F9000000000480020001A
:10F6F00010000A0036000B40D87F23900000000065
:10F700007800780043001E0006003C4000C20190D3
:10F71000000000007800780014004E005000044003
:10F7200000000090000000007800780014004E00F7
:10F730005000044048501290000000002800D400FF
:10F740000E0030000C00A040486F11900000000037
:10F75000780078002F002400060030403091BB90E4
:10F760000000000002000200000000000000004055
:10F7700000E10090000000007800780042002800BE
:10F780000400284030CFB9900000000078007800D5
:10F790004200280004002840D8B41F900000000058
:10F7A00098007A006C00240007000140D86C1F907C
:10F7B000000000004800200001000A0036000B4055
:10F7C00038330890000000004800200001000A00C3
:10F7D00036000B4098B72190000000008C008C0090
:10F7E000090042007A000840D8E922900000000099
:10F7F0005000780026000F000400014000A3029092
:10F80000000000005000780026000F0004000140B6
:10F8100044860408000000000000000015380008BD
:10F82000E1380008D13C000881380008E53A0008BA
:10F83000A93B00080D3B0008B53A0008173800083E
:10F840003D3A00081D3A0008F1390008CD3900089A
:10F85000253800080D3800080000000000000000F6
:10F86000DB3E000821670108D13E0008E13E0008A8
:10F87000293F000805420008D73E0008993F0008CC
:10F88000B93F00082B6601087B670108256601085F
:10F89000B14000080D400008C3660108C5660108B4
:10F8A000C36601086D670108000000000000000049
:10F8B000394500084D450008CF4F0108E34F0108C6
:10F8C000A34F0108A74F0108C94F0108C74400080A
:10F8D000CB440008CF440008D744000800000000D3
:10F8E000000000000D45000821450008CF4F010829
:10F8F000E34F0108A34F0108A74F0108C94F0108B2
:10F90000A5440008A9440008AF440008BB4400080F
:10F910000000000000000000E5440008F944000871
:10F92000CF4F0108E34F0108A34F0108A74F01087B
:10F93000C94F0108894400088D440008914400081B
:10F940009B44000800000000000000006145000822
:10F950009D450008DF440008000000000000000092
:10F96000BD470008DD470008CD4B0008D94B000813
:10F9700097470008E54E000805490008A94F000810
:10F98000C1470008A54900088D470008A94700089D
:10F99000AF47000891470008AD470008000000008D
:10F9A00000000000C5500008035100085D37000842
:10F9B00089390008C7500008AF590108FF500008F6
:10F9C000DF500008F35801080159010869370008A1
:10F9D00089650108CD380008D7500008E3500008B9
:10F9E000813C000895610108095901089D5D0108E5
:10F9F000AD60010813610108F95D01084163010868
:10FA000049620108D56401085D5E0108795B01085F
:10FA1000C563010849640108B7380008E7500008C9
:10FA2000EB500008EF500008F35000086B37000857
:10FA3000313B000871370008A95C0108255D010809
:10FA400085370008873700088B370008953700088E
:10FA50009B370008C5580108D95E0108A337000884
:10FA6000D5590108F7500008FB500008DB5000088A
:10FA7000815B0108855C0108F1380008393900080C
:10FA800039390008A5370008000000000000000018
:10FA900019510008FD5100081D5100086D51000862
:10FAA0000403020202010102010002000400060038
:10FAB00008000A000C001000200040008000000137
:10FAC000080402040801010101010103070100000B
:10FAD0000001020304050607080C1014182030402A
:10FAE0001112182F6363636312151A426363636311
:10FAF000181A3863636363632F42636363636363EA
:10FB000063636363636363636363636363636363C5
:10FB100063636363636363636363636363636363B5
:10FB2000100B0A101828333D0C0C0E131A3A3C37F0
:10FB30000E0D1018283945380E11161D3357503E3A
:10FB400012162538446D674D182337405168715C93
:10FB500031404E5767797865485C5F6270646763CF
:10FB6000000108100902030A11182019120B0405DC
:10FB70000C131A21283029221B140D06070E151C00
:10FB8000232A313839322B241D160F171E252C330A
:10FB90003A3B342D261F272E353C3D362F373E3F2E
:10FBA00000020102040403040705040400010277B3
:10FBB0000001020311040521310612415107617150
:10FBC0001322328108144291A1B1C109233352F0AA
:10FBD000156272D10A162434E125F11718191A2674
:10FBE0002728292A35363738393A43444546474885
:10FBF000494A535455565758595A6364656667685D
:10FC0000696A737475767778797A82838485868752
:10FC100088898A92939495969798999AA2A3A4A575
:10FC2000A6A7A8A9AAB2B3B4B5B6B7B8B9BAC2C3A1
:10FC3000C4C5C6C7C8C9CAD2D3D4D5D6D7D8D9DACD
:10FC4000E2E3E4E5E6E7E8E9EAF2F3F4F5F6F7F8EB
:10FC5000F9FA00020103030204030505040400008D
:10FC6000017D0102030004110512213141061351E7
:10FC70006107227114328191A1082342B1C115524A
:10FC8000D1F02433627282090A161718191A252630
:10FC90002728292A3435363738393A4344454647E8
:10FCA00048494A535455565758595A6364656667CC
:10FCB00068696A737475767778797A8384858687BC
:10FCC00088898A92939495969798999AA2A3A4A5C5
:10FCD000A6A7A8A9AAB2B3B4B5B6B7B8B9BAC2C3F1
:10FCE000C4C5C6C7C8C9CAD2D3D4D5D6D7D8D9DA1D
:10FCF000E1E2E3E4E5E6E7E8E9EAF1F2F3F4F5F658
:10FD0000F7F8F9FA00030101010101010101010005
:10FD100000000000000102030405060708090A0BA1
:10FD200000010501010101010100000000000000C7
:10FD3000000102030405060708090A0B0000000081
:10FD40000000000000000000000000007EF1030839
:10FD500000000000000000000000000000000000A3
:10FD60000010000020000000000000000000000063
:10FD700087F1030800000000000000000000000000
:10FD8000000000000040000018000000000000001B
:10FD90000000000091F103080000000000000000D6
:10FDA00000000000000000000080000019000000BA
:10FDB00000000000000000009EF1030800000000A9
:10FDC0000000000000000000000000000010000023
:10FDD0001800000000000000000000004138010889
:10FDE000213801082D37010835360108BD350108D5
:10FDF00000000000010203040102030406070809D1
:10FE000000000000000000000000000000000000F2
:10FE1000CF4F0108E34F0108A34F0108A74F010886
:10FE2000C94F0108000000000000000000000000B1
:10FE3000000000000000000000000000A1500108C8
:10FE4000A3500108E95701083D54010839CE0108C3
:10FE5000A1CD01083B510108FD4F0108B9CD0108B2
:10FE6000D7530108F9CD0108D3CD0108D1190008F5
:10FE7000D5190008D9190008DD190008E119000892
:10FE8000E3190008E5190008E7190008CF51010837
:10FE900099CE0108EB19000863580108A353010823
:10FEA00091540108BD530108D15301088D53010835
:10FEB000C3540108B555010867540108FB540108F3
:10FEC00049540108C952010887520108015001082C
:10FED000075001080D50010813500108195001087E
:10FEE00047500108655001087B5001085151010835
:10FEF00089500108B15001088F500108955101083F
:10FF0000955001089B50010800000000000000000F
:10FF10008154010883540108E95701083D54010840
:10FF200039CE0108A1CD0108211B0008FD4F0108B1
:10FF3000B9CD0108D7530108F9CD0108D3CD010887
:10FF4000D1190008D5190008D9190008DD190008D1
:10FF5000E1190008E3190008E5190008E71900088D
:10FF6000E919000899CE0108EB1900086358010847
:10FF7000A353010891540108BD530108D15301084E
:10FF80008D530108C3540108B55501086754010891
:10FF9000FB54010849540108101820000000000813
:10FFA000080808080000000000000000F5650108CE
:10FFB00001660108C9660108C7660108B76701083C
:10FFC0000D6701081966010800000000000000002C
:10FFD000016801082D6A0108E56701080968010840
:10FFE000296A010851680108416A0108F8FFFFFF0A
:10FFF00000000000036801083B6A0108856A0108E7
:020000040804EE
:100000002B1A00082F1A0008000000000000000052
:10001000A56A0108A76A0108C9740108996A01085C
:1000200039CE0108C1750108211B0008CD1900084F
:10003000B9CD0108371B0008F9CD0108D3CD01085F
:10004000D1190008D5190008D9190008DD190008D0
:10005000E1190008E3190008E5190008E71900088C
:10006000E919000899CE0108EB190008031A0008E5
:100070008D6A0108936A01083F6F01081570010835
:1000800000003C027804B306EE08280B610D990FBE
:10009000D01106143A166C189D1ACB1CF71E21219C
:1000A00048236C258E27AC29C72BDF2DF32F033275
:1000B000103418361D381C3A183C0E3E0040ED41F5
:1000C000D443B74594476B493D4B084DCE4E8E50B7
:1000D0004752FA53A6554C57EB58825A135C9D5D14
:1000E0001F5F9A600E627A63DE643A668E67DA6832
:1000F0001E6A5A6B8D6CB86DDA6EF46F04710D72F6
:100100000C730274EF74D375AE76807748780779F4
:10011000BC79687A0B7BA37B337CB87C347DA67D6D
:100120000E7E6D7EC17E0C7F4C7F837FB07FD37F40
:10013000EC7FFB7F0080000000000000000000005A
:100140000000000000000000C9740108996A01085D
:1001500039CE0108C1750108211B0008CD1900081E
:10016000B9CD0108371B0008F9CD0108D3CD01082E
:10017000D1190008D5190008D9190008DD1900089F
:10018000E1190008E3190008E5190008E71900085B
:10019000E919000899CE0108EB190008031A0008B4
:1001A0008D6A0108936A0108B1740108000000001B
:1001B00000000000000000004D77010829780108C8
:1001C000E5810108AF7A010839CE0108A1CD010807
:1001D000E1790108CD190008B9CD0108371B0008E5
:1001E000F9CD0108D3CD0108D1190008D5190008AF
:1001F000D9190008DD190008E1190008E319000801
:10020000E5190008E71900083978010899CE0108B6
:10021000EB190008031A0008117E0108197601087D
:100220001F760108237E0108257601083376010830
:1002300045760108417A010857760108657601087C
:1002400077120008777601087D7601088376010829
:10025000337E01087F7A0108897601081978010840
:100260000D7801088F760108957601089B760108C4
:1002700001780108A1760108A7760108E97701084D
:10028000AD760108DD770108B3760108CB76010869
:10029000D1760108D7760108DD760108E3760108FA
:1002A000E9760108EF760108F5760108FB7601088A
:1002B00001770108077701080D7701081377010816
:1002C000197701081F770108257701084F77010882
:1002D000B577010847770108000000000000000022
:1002E000BB7A0108BD7A0108E5810108AF7A0108EF
:1002F00039CE0108A1CD0108E1790108CD19000826
:10030000B9CD0108371B0008F9CD0108D3CD01088C
:10031000D1190008D5190008D9190008DD190008FD
:10032000E1190008E3190008E5190008E7190008B9
:10033000E919000899CE0108EB190008031A000812
:10034000117E0108197601081F760108237E010835
:10035000257601083376010845760108417A0108BF
:10036000577601086576010877120008777601084C
:100370007D76010883760108337E01087F7A0108C3
:1003800089760108197801080D7801088F7601082F
:10039000957601089B76010801780108A17601088D
:1003A000A7760108E9770108AD760108DD77010835
:1003B000B3760108CB760108D1760108D77601081B
:1003C000DD760108E3760108E9760108EF76010899
:1003D000F5760108FB760108017701080777010827
:1003E0000D77010813770108197701080000000054
:1003F00000000000818301085D8801086D88010804
:100400007F1A000839CE0108A1CD0108F989010839
:10041000CD190008B9CD0108371B0008F9CD010836
:10042000D3CD0108D1190008D5190008371A0008E2
:100430005B1A0008E1190008E3190008E519000833
:10044000E7190008E919000899CE0108EB1900081E
:10045000031A00088B1A0008491B0008911A0008AB
:100460005983010885830108D58301084D8401085B
:1004700055830108AB1A00081D8501080000000023
:1004800000000000398B01083B8B0108FD8A010840
:10049000DF8A010839CE0108A1CD0108498B010886
:1004A000CD190008B9CD0108371B0008F9CD0108A6
:1004B000D3CD0108D1190008D5190008D9190008B1
:1004C000DD190008E1190008E3190008E519000822
:1004D000E7190008E919000899CE0108EB1900088E
:1004E000031A00080000000000000000918B0108C2
:1004F000A78B0108E95701083D54010839CE0108CE
:10050000A1CD0108B78B0108FD4F0108B9CD010845
:10051000D7530108F9CD0108D3CD0108D11900083E
:10052000D51900086B8B0108778B0108E1190008C9
:10053000E3190008E5190008E7190008CF51010880
:1005400099CE0108EB19000863580108A35301086C
:1005500091540108BD530108D15301088D5301087E
:10056000C3540108B555010867540108FB5401083C
:1005700049540108C95201088F8B01080150010834
:10058000075001080D5001081350010819500108C7
:1005900047500108655001087B500108F58D01089E
:1005A00089500108B15001088F5001089551010888
:1005B000938B01089B5001089D8D01085D8B0108FC
:1005C000898E0108838B0108898B010800000000D7
:1005D00000000000718F0108C78F0108D58F010846
:1005E000A58F010839CE0108A1CD0108A590010809
:1005F000CD190008B9CD0108371B0008F9CD010855
:10060000D3CD0108D1190008D5190008D91900085F
:10061000DD190008E1190008E3190008E5190008D0
:10062000E7190008E919000899CE0108EB1900083C
:10063000031A0008738F010800000000000000008A
:10064000B9900108BB900108000000000000000004
:100650007DB70108F5B7010809B8010825B80108F8
:1006600071BB010891B7010839B801083BB801080E
:10067000E12F0008C5BA01085919000859B7010847
:100680005B1900081DB80108BDC30108C5B7010802
:1006900031BD010895B70108D5B901080000000077
:1006A000000000000000000000000000000000004A
:1006B0000000000039CE0108A1CD0108211B00086F
:1006C000CD190008B9CD010800000000F9CD0108DE
:1006D000D3CD0108D1190008D5190008D91900088F
:1006E000DD190008E1190008E3190008E519000800
:1006F000E7190008E919000899CE0108EB1900086C
:10070000031A0008000000000000000000000000C4
:1007100000000000C7CF01085532000875320008FC
:1007200079320008E535000801360008F5CB0108EC
:1007300011CD01080DCC0108A9CC01087D320008BB
:100740009FCC010881320008853200088D320008F4
:1007500000000000AFCC0108DD350008E1350008DD
:1007600093320008993200080000000000000000E9
:10077000000000007DD1010883D101086FD101087C
:1007800000000000000000007FD1010891D10108A5
:1007900073D10108000000000000000081D10108B1
:1007A0009FD1010877D1010800000000000000007F
:1007B0007BD10108ADD1010803D70108171A000841
:1007C00045120008191A0008BDD10108C1D201085C
:1007D00069D201081B1A0008471200080000000037
:1007E000000000005DF90108A126020803FB0108D2
:1007F00000000000000000005FF9010893260208D5
:1008000083FD0108000000000000000059F9010804
:1008100085260208E36A02080000000000000000CC
:100820005BF90108772602088970020800000000C1
:100830000000000065F90108D9260208E9FE010858
:10084000000000000000000067F90108CB26020844
:100850005D010208000000000000000061F90108CD
:10086000BD260208BD75020800000000000000005F
:1008700063F90108AF260208C17B020800000000EE
:10088000000000006DF901081127020809030208A1
:1008900000000000000000006FF9010803270208B3
:1008A000A1050208000000000000000069F901082D
:1008B000F5260208F981020800000000000000008F
:1008C0006BF90108E7260208558B020800000000BA
:1008D000000000007DF90108812702085108020884
:1008E00000000000000000007FF9010873270208E3
:1008F000EB0A0208000000000000000079F901087E
:10090000652702087B0D02080000000000000000BF
:100910007BF9010857270208EB0F020800000000CE
:100920000000000075F901084927020855950208E2
:10093000000000000000000077F901083B270208D2
:100940008D9F0208000000000000000071F90108FE
:100950002D27020817A80208000000000000000070
:1009600073F901081F2702084FAD020800000000BC
:100970000000000085F90108B927020839110208B2
:10098000000000000000000087F90108AB27020802
:10099000F1130208000000000000000081F90108C6
:1009A0009D270208E1B202080000000000000000DC
:1009B00083F901088F270208F9BB02080000000034
:1009C000000000008DF90108F127020889160208CD
:1009D00000000000000000008FF90108E327020872
:1009E00089190208000000000000000089F90108D0
:1009F000D5270208DDC40208000000000000000046
:100A00008BF90108C72702082DCC0208000000005E
:100A10000000000091F901083B260208DDD1020820
:100A2000A1D402088DD602080000000000000000DA
:100A300093F9010849260208712D02085D39020860
:100A4000153C0208000000000000000095F90108B4
:100A500057260208BD2F0208A53E0208754202086B
:100A6000000000000000000097F901086726020856
:100A7000793302080128020800000000000000008D
:100A80007D1C02082D260208895802089D1F0208B5
:100A9000D11D0208AD4F02087F1C02088D480208D4
:100AA000C51C0208F14702086946020841F901081D
:100AB00045F9010849F90108F19D0108059E010861
:100AC000DDA20108119E010899F90108F59E0108AF
:100AD000995C0208000000000000000069E10208C3
:100AE00081E10208B3E002084E395F5F676E755F0F
:100AF00063787832307265637572736976655F69A1
:100B00006E69745F6572726F72450000680B04084D
:100B1000E80A040898170408000000000C0B0408F9
:100B2000E5E10208F9E10208A1E602084E31305F72
:100B30005F637878616269763132305F5F73695FD5
:100B4000636C6173735F747970655F696E666F451E
:100B500000000000680B04082C0B0408C80B0408F4
:100B600000000000540B040821E2020835E20208EC
:100B700041E3020841E3020841E4020871E302088C
:100B800011E302088DE2020851E20208537439743D
:100B90007970655F696E666F00000000DC0B040809
:100BA0008C0B04084E31305F5F6378786162697640
:100BB0003131375F5F636C6173735F747970655F48
:100BC000696E666F45000000680B0408A40B0408FA
:100BD0009C0B040800000000C80B0408B1E30208E5
:100BE000C5E3020841E3020841E3020841E40208C8
:100BF00071E3020825E40208E1E30208A5E3020824
:100C0000474C49424358585F54554E41424C455316
:100C1000000000006F626A5F73697A65000000007F
:100C20006F626A5F636F756E74000000676C696263
:100C30006378782E65685F706F6F6C007374643AC8
:100C40003A657863657074696F6E00007374643A16
:100C50003A6261645F657863657074696F6E000005
:100C60007465726D696E6174652063616C6C656436
:100C7000207265637572736976656C790A0000008D
:100C80007465726D696E6174652063616C6C656416
:100C9000206166746572207468726F77696E672070
:100CA000616E20696E7374616E6365206F662027C4
:100CB00000000000270A00007465726D696E61749F
:100CC000652063616C6C656420776974686F757406
:100CD00020616E2061637469766520657863657054
:100CE00074696F6E0A0000002020776861742829FB
:100CF0003A202000256400005F474C4F42414C5F82
:100D00000000000028616E6F6E796D6F7573206E44
:100D1000616D657370616365290000006175746FB2
:100D2000000000006465636C7479706528617574F7
:100D30006F290000737472696E67206C6974657244
:100D4000616C0000737464006465636C7479706531
:100D5000286E756C6C707472290000005B616269AA
:100D60003A0000002C2000003A3A00007B646566DF
:100D700061756C7420617267230000007D3A3A004F
:100D80006175746F3A00000074656D706C61746514
:100D900020706172616D65746572206F626A65634F
:100DA0007420666F72200000696E697469616C69F5
:100DB0007A657220666F72206D6F64756C652000B5
:100DC000767461626C6520666F7220005654542000
:100DD000666F722000000000636F6E73747275633B
:100DE00074696F6E20767461626C6520666F722024
:100DF000000000002D696E2D000000007479706500
:100E0000696E666F20666F722000000074797065ED
:100E1000696E666F206E616D6520666F72200000DE
:100E200074797065696E666F20666E20666F7220D9
:100E3000000000006E6F6E2D7669727475616C2013
:100E40007468756E6B20746F20000000636F7661AC
:100E50007269616E742072657475726E2074687543
:100E60006E6B20746F2000006A61766120436C61B4
:100E7000737320666F7220006775617264207661FB
:100E8000726961626C6520666F722000544C532059
:100E9000696E69742066756E6374696F6E20666F23
:100EA00072200000544C532077726170706572207C
:100EB00066756E6374696F6E20666F722000000045
:100EC0007265666572656E63652074656D706F72BC
:100ED000617279202300000068696464656E206196
:100EE0006C69617320666F72200000006E6F6E2D5A
:100EF0007472616E73616374696F6E20636C6F6E80
:100F00006520666F722000006F70657261746F7289
:100F1000000000006F70657261746F722000000045
:100F20003E280000636C00006978000071750000C5
:100F3000203A20006E65772000000000756C0000EC
:100F40006C6C0000756C6C0066616C736500000071
:100F500074727565000000006A61766120726573C5
:100F60006F757263652000006465636C74797065E9
:100F7000202800002E2E2E007468697300000000E7
:100F80007B7061726D230000676C6F62616C20631F
:100F90006F6E7374727563746F7273206B657965AD
:100FA0006420746F20000000676C6F62616C2064C5
:100FB000657374727563746F7273206B65796564A1
:100FC00020746F20000000007B6C616D6264610022
:100FD000292300007B756E6E616D656420747970E5
:100FE00065230000205B636C6F6E652000000000CD
:100FF000747970656E616D650000000074656D70D8
:101000006C6174650000000020636C617373000004
:1010100020726573747269637400000020766F6CCF
:101020006174696C6500000020636F6E737400006A
:10103000207472616E73616374696F6E5F73616651
:1010400065000000206E6F657863657074000000B5
:10105000207468726F77000026260000205F436FBF
:101060006D706C6578000000205F496D6167696E86
:10107000617279003A3A2A00205F5F766563746F87
:1010800072280000282E2E2E000000002E2E2E2961
:1010900000000000202E2E2E20000000245400000E
:1010A000244E0000245454007374643A3A616C6C0A
:1010B0006F6361746F720000616C6C6F6361746F59
:1010C000720000007374643A3A62617369635F731B
:1010D0007472696E6700000062617369635F7374A4
:1010E00072696E67000000007374643A3A73747238
:1010F000696E67007374643A3A62617369635F731F
:101100007472696E673C636861722C207374643A10
:101110003A636861725F7472616974733C63686199
:10112000723E2C207374643A3A616C6C6F63617424
:101130006F723C636861723E203E00007374643AD3
:101140003A6973747265616D000000007374643AEB
:101150003A62617369635F6973747265616D3C6360
:101160006861722C207374643A3A636861725F74C8
:1011700072616974733C636861723E203E000000D6
:1011800062617369635F6973747265616D00000009
:101190007374643A3A6F73747265616D0000000095
:1011A0007374643A3A62617369635F6F73747265F2
:1011B000616D3C636861722C207374643A3A6368B1
:1011C00061725F7472616974733C636861723E201E
:1011D0003E00000062617369635F6F7374726561E2
:1011E0006D0000007374643A3A696F7374726561DC
:1011F0006D0000007374643A3A62617369635F69F9
:101200006F73747265616D3C636861722C207374D6
:10121000643A3A636861725F7472616974733C63C3
:101220006861723E203E000062617369635F696FAE
:1012300073747265616D0000614E0000263D000010
:10124000615300003D000000616100006164000026
:1012500026000000616E0000616C69676E6F662099
:101260000000000061770000636F5F61776169745F
:1012700020000000617A000063630000636F6E73FA
:10128000745F63617374000028290000636D0000BF
:101290002C000000636F00007E0000006456000018
:1012A0002F3D0000645800005B2E2E2E5D3D000097
:1012B0006461000064656C6574655B5D200000001E
:1012C0006463000064796E616D69635F6361737468
:1012D00000000000646500002A000000646900004E
:1012E000646C000064656C657465200064730000C4
:1012F0002E2A000064740000647600002F000000B5
:1013000064780000654F00005E3D0000656F0000DE
:101310005E000000657100003D3D0000664C00006D
:1013200066520000666C000066720000676500008F
:101330003E3D000067730000677400005B5D0000C5
:101340006C5300003C3C3D003C3D00006C690000DB
:101350006F70657261746F72222220006C730000DE
:101360003C3C00006C7400003C0000006D49000033
:101370002D3D00006D4C00002A3D00006D6900000D
:101380002D0000006D6C00006D6D00002D2D000023
:101390006E6100006E65775B5D0000006E650000A9
:1013A000213D00006E740000210000006E770000F7
:1013B0006E6577006F5200007C3D00006F6F00008B
:1013C0007C7C00007C000000704C00002B3D000085
:1013D000706C00002B000000706D00002D3E2A0094
:1013E000707000002B2B0000707300007074000000
:1013F0002D3E00003F000000724D0000253D000022
:10140000725300003E3E3D00726300007265696EDB
:10141000746572707265745F6361737400000000BC
:10142000726D000025000000727300003E3E000057
:101430007350000073697A656F662E2E2E000000CF
:10144000735A0000736300007374617469635F63AF
:10145000617374003C3D3E0073697A656F662000DD
:10146000737A0000747200007468726F7700000075
:10147000747700007468726F772000007369676E7C
:101480006564206368617200626F6F6C0000000029
:10149000626F6F6C65616E006368617200000000CE
:1014A0006279746500000000646F75626C6500000D
:1014B0006C6F6E6720646F75626C6500666C6F613F
:1014C000740000005F5F666C6F6174313238000039
:1014D000756E7369676E65642063686172000000F1
:1014E000696E7400756E7369676E656420696E74E9
:1014F00000000000756E7369676E6564000000008F
:101500006C6F6E6700000000756E7369676E6564CE
:10151000206C6F6E670000005F5F696E7431323857
:1015200000000000756E7369676E6564205F5F6917
:101530006E7431323800000073686F7274000000FE
:10154000756E7369676E65642073686F72740000EE
:10155000766F69640000000077636861725F7400F1
:101560006C6F6E67206C6F6E67000000756E73693C
:10157000676E6564206C6F6E67206C6F6E6700002D
:10158000646563696D616C33320000006465636992
:101590006D616C3634000000646563696D616C31A7
:1015A0003238000068616C66000000006368617298
:1015B000385F74006368617231365F740000000048
:1015C0006368617233325F74000000005F466C6FC5
:1015D000617400007374643A3A62666C6F617431CE
:1015E000365F74002C2066756E6374696F6E3A20E6
:1015F00000000000617373657274696F6E202225AC
:101600007322206661696C65643A2066696C6520A6
:10161000222573222C206C696E6520256425732594
:10162000730A0000303132333435363738394142AD
:1016300043444546000000003031323334353637FC
:10164000383961626364656600000000286E756C5D
:101650006C2900004C435F434F4C4C415445000003
:101660004C435F4354595045000000004C435F4DCC
:101670004F4E4554415259004C435F4E554D4552D3
:10168000494300004C435F54494D45004C435F4D76
:101690004553534147455300494E4600696E660025
:1016A0004E414E006E616E0030000000496E66696A
:1016B0006E697479000000004E614E0042616C6CEE
:1016C0006F63207375636365656465640000000083
:1016D0002F646174612F6A656E6B696E732F776F0B
:1016E000726B73706163652F474E552D746F6F6C0D
:1016F000636861696E2F61726D2D31332F73726370
:101700002F6E65776C69622D63796777696E2F6ECE
:1017100065776C69622F6C6962632F7374646C699E
:10172000622F64746F612E63000000002F64617487
:10173000612F6A656E6B696E732F776F726B737052
:101740006163652F474E552D746F6F6C63686169D7
:101750006E2F61726D2D31332F7372632F6E65772B
:101760006C69622D63796777696E2F6E65776C6936
:10177000622F6C6962632F7374646C69622F6D7081
:101780007265632E63000000537439657863657079
:1017900074696F6E00000000DC0B040888170408F1
:1017A000537431336261645F657863657074696F27
:1017B0006E000000680B0408A017040898170408BE
:1017C0004E31305F5F637878616269763131355FC1
:1017D0005F666F726365645F756E77696E644500FE
:1017E000DC0B0408C01704084E31305F5F63787863
:1017F000616269763131395F5F666F726569676E04
:101800005F657863657074696F6E4500DC0B040872
:10181000E817040800000000B41704089DE6020859
:10182000B1E60208A9E602089C100408A01004080A
:10183000A410040874000000440D04080300000014
:10184000440D040803000000000000000000000038
:1018500061000000A81004080E000000A810040891
:101860000E000000B810040809000000620000002B
:10187000C410040811000000C41004081100000086
:10188000D81004080C00000073000000E8100408E1
:101890000B000000F410040846000000D8100408F3
:1018A0000C000000690000003C1104080C0000005E
:1018B0004C11040831000000801104080D000000E4
:1018C0006F000000901104080C000000A011040833
:1018D00031000000D41104080D0000006400000075
:1018E000E41104080D000000F411040832000000A7
:1018F000281204080E000000381204083C120408E4
:101900000200000002000000401204084412040813
:1019100001000000020000004812040858100408EA
:1019200002000000020000004C12040850120408DB
:1019300001000000010000005412040850120408C5
:101940000100000002000000D0150408581204082D
:101950000800000001000000641204086812040876
:101960000900000001000000741204085812040865
:101970000800000001000000781204087C1204082E
:101980000A00000002000000240F04088812040866
:1019900002000000020000008C12040890120408EB
:1019A00001000000020000009412040898120408CC
:1019B00001000000010000009C120408A0120408AD
:1019C0000200000002000000A4120408A81204088B
:1019D0000600000003000000B0120408B41204085E
:1019E0000900000001000000C0120408C41204082D
:1019F0000C00000002000000D4120408D8120408F1
:101A00000100000001000000DC1204084412040878
:101A10000100000002000000E0120408E4120408C3
:101A20000700000001000000EC120408F012040896
:101A30000200000002000000F41204083C14040834
:101A40000100000002000000F8120408FC12040863
:101A5000010000000200000000130408AC1204089A
:101A60000200000002000000041304080813040828
:101A700002000000020000000C1304081013040808
:101A800001000000020000001413040818130408E9
:101A900002000000020000001C130408740F040878
:101AA000030000000300000020130408740F040862
:101AB000030000000300000024130408740F04084E
:101AC000030000000200000028130408740F04083B
:101AD00003000000020000002C1304083013040867
:101AE000020000000200000034130408680D04081E
:101AF0000200000001000000381304087C110408F3
:101B00000100000002000000280F04083C13040834
:101B100002000000020000004013040844130408FF
:101B20000300000002000000AC140408481304087D
:101B300002000000020000004C13040850130408C7
:101B40000B000000010000005C130408601304088F
:101B50000200000002000000641304086813040877
:101B600001000000020000006C1304087013040858
:101B70000200000002000000741304087813040837
:101B800002000000020000007C1304088013040817
:101B9000010000000200000084130408D8120408A9
:101BA0000100000002000000881304088C130408E0
:101BB00002000000010000009013040894130408C0
:101BC00005000000030000009C130408A013040893
:101BD00002000000020000007C15040880130408C5
:101BE0000100000001000000A4130408A813040869
:101BF0000100000001000000AC130408B013040849
:101C00000300000003000000B4130408B813040824
:101C10000200000002000000BC130408C013040806
:101C20000200000002000000B4100408C4130408FD
:101C30000100000002000000C8130408CC130408CF
:101C40000200000002000000D0130408D4130408AE
:101C50000100000002000000D8130408DC1304088F
:101C60000300000002000000E0130408E41304086D
:101C70000200000001000000E8130408D413040867
:101C80000100000001000000EC130408F013040838
:101C900002000000020000002C0F0408F4130408E6
:101CA0000100000003000000F8130408FC130408FE
:101CB00002000000020000000014040804140408DC
:101CC0000300000002000000081404080C140408BB
:101CD000100000000200000020140408241404086E
:101CE0000100000002000000281404082C1404085D
:101CF000020000000200000030140408341404083C
:101D00000900000001000000401404083414040815
:101D100009000000010000004414040848140408ED
:101D20000B000000020000000C100408541404080A
:101D30000300000002000000841204085814040884
:101D40000700000001000000601404085814040893
:101D5000070000000100000064140408681404086F
:101D6000050000000000000070140408741404084A
:101D7000060000000100000000000000000000005C
:101D800000000000000000007C1404080B000000AC
:101D90007C1404080B0000000000000088140408F4
:101DA0000400000090140408070000000700000071
:101DB0009814040804000000A014040804000000A3
:101DC00000000000A814040806000000A81404087D
:101DD0000600000008000000B01404080B0000001A
:101DE000B01404080B00000008000000BC14040834
:101DF00005000000BC1404080500000008000000F5
:101E0000C41404080A000000C41404080A000000F6
:101E100008000000D01404080D000000D0140408CD
:101E20000D00000000000000E014040803000000A2
:101E3000E01404080300000001000000E41404089A
:101E40000C000000F4140408080000000200000068
:101E50000000000000000000000000000000000082
:101E6000000000000015040804000000001504082C
:101E70000400000003000000081504080D00000025
:101E8000081504080D0000000400000018150408DF
:101E900008000000181504080800000000000000F9
:101EA0002415040811000000241504081100000086
:101EB0000000000000000000000000000000000022
:101EC0000000000000000000000000000000000012
:101ED0000000000000000000000000000000000002
:101EE00000000000000000000000000000000000F2
:101EF0003815040805000000381504080500000026
:101F000000000000401504080E0000004015040801
:101F10000E000000000000000000000000000000B3
:101F20000000000000000000000000005015040840
:101F3000040000005015040804000000090000001F
:101F40005815040807000000981404080400000055
:101F500000000000601504080900000000150408D6
:101F600004000000050000006C15040812000000C9
:101F70006C1504081200000006000000740F04082D
:101F800003000000740F04080300000000000000BC
:101F900080150408090000008015040809000000ED
:101FA000000000008C150408090000008C150408CE
:101FB0000900000000000000981504080A00000055
:101FC000981504080A00000000000000A415040889
:101FD00004000000A415040804000000080000002C
:101FE000AC15040807000000AC1504080700000049
:101FF00000000000B415040808000000B41504082F
:102000000800000000000000C015040808000000DF
:10201000C01504080800000000000000480D040876
:1020200011000000480D040811000000000000002D
:10203000CC15040806000000CC15040806000000BA
:1020400008000000D41504080F000000D41504088F
:102050000F00000008000000A2000000F9A200002C
:1020600083F9A2006E83F9A24E6E83F9444E6E830B
:1020700015444E6E2915444EFC29154427FC29159C
:102080005727FC29D15727FCF5D1572734F5D157CD
:10209000DD34F5D1C0DD34F5DBC0DD3462DBC0DD1D
:1020A0009562DBC0999562DB3C999562433C9995BA
:1020B00090433C994190433C000000000000F03FF9
:1020C000000000000000F0BF000000000000F0BFB2
:1020D000000000000000F03F83C8C96D305F64411C
:1020E000182D4454FB21F93F000000000000F03F90
:1020F0001C620CFDFFFFDFBF198F06E15355A53FA2
:102100009D359AE887C056BFC3F87B024393F93EDA
:1021100003A695595455C5BFC40B23057610813FBE
:1021200024CF7437EB9429BF000000000000F03F7B
:10213000000000000000F0BF000000000000F0BF41
:10214000000000000000F03F83C8C96D305F6441AB
:10215000182D4454FB21F93F000000000000F0BF9F
:102160001C620CFDFFFFDF3F198F06E15355A5BF31
:102170009D359AE887C0563FC3F87B024393F9BE6A
:1021800003A695595455C5BFC40B23057610813F4E
:1021900024CF7437EB9429BF00202020202020205A
:1021A0002020282828282820202020202020202007
:1021B0002020202020202020208810101010101017
:1021C0001010101010101010100404040404040463
:1021D00004040410101010101010414141414141FD
:1021E00001010101010101010101010101010101DF
:1021F00001010101101010101010424242424242EF
:1022000002020202020202020202020202020202AE
:102210000202020210101010200000000000000056
:1022200000000000000000000000000000000000AE
:10223000000000000000000000000000000000009E
:10224000000000000000000000000000000000008E
:10225000000000000000000000000000000000007E
:10226000000000000000000000000000000000006E
:10227000000000000000000000000000000000005E
:10228000000000000000000000000000000000004E
:10229000000000000000000000000000303030307E
:1022A000303030303030303030303030202020206E
:1022B00020202020202020202020202030303030DE
:1022C000303030303030303030303030202020204E
:1022D0002020202020202020202020200500000079
:1022E000190000007D0000000080E03779C3414301
:1022F000176E05B5B5B89346F5F93FE9034F384D6C
:10230000321D30F94877825A3CBF737FDD4F157517
:10231000000000000000F03F00000000000024402A
:1023200000000000000059400000000000408F4005
:10233000000000000088C34000000000006AF84070
:102340000000000080842E4100000000D012634194
:102350000000000084D797410000000065CDCD410A
:10236000000000205FA00242000000E876483742EB
:10237000000000A2941A6D42000040E59C30A24289
:102380000000901EC4BCD64200003426F56B0C43FE
:102390000080E03779C3414300A0D88557347643A5
:1023A00000C84E676DC1AB43003D9160E458E14306
:1023B000408CB5781DAF154450EFE2D6E41A4B447B
:1023C00092D54D06CFF08044F64AE1C7022DB544C0
:0823D000B49DD9794378EA4479
:1023D8000000000064672500000000000092FEFF76
:1023E800FFCF0500000000E5FFFFFFFFFF1A000018
:1023F80000F4FFFFDEFEFFFF0A0000E1FFCF04004C
:1024080071FFFF060080FFBF00000040FFEF0000E3
:10241800FEEF0200000090FF6F00F5FF09000000CA
:1024280000F2FF0B90FF4F0000000000FDEF00FCE2
:10243800FF010000000090FF3FE0FF0E00000000D9
:1024480000F7FF16FFCF000000000050FF8FF3FFDA
:102458000B0000000000F4FF4AFFAF00000000007E
:1024680030FFAFF5FF0A0000000000F3FF5BFFAF8D
:10247800000000000030FFCFF5FF0A000000000058
:10248800F3FF5CFFAF000000000030FFBFF4FF0A5D
:102498000000000000F3FF3BFFBF00000000004009
:1024A800FFAFF1FF0C0000000000F6FF08FEEF0090
:1024B8000000000070FF6FC0FF1F0000000000FA5E
:1024C800FF04F9FF0400000000D0FF1F50FF9F0029
:1024D80000000020FFCF00E1FF2E00000000F9FF00
:1024E8000700F8FF0B000000F4FF1E0010FEFF3B82
:1024F8000010F7FF7F000040FFFFEFEDFFFFAF0088
:10250800000050FEFFFFFFFFAF0100000020EAFFC0
:10251800FFFF5C000000000000417656020000004A
:10252800000000D0FF04000000000020FF4F000062
:1025380000000000FAFF040000000041FCFF4F000B
:102548000000C6FDFFFFFF04000080FFFFFFFF4FF4
:10255800000000F8FFFFFFFF04000000000080FFFC
:102568004F000000000000F8FF0400000000008099
:10257800FF4F000000000000F8FF0400000000000A
:1025880080FF4F000000000000F8FF04000000007A
:102598000080FF4F000000000000F8FF040000006A
:1025A800000080FF4F000000000000F8FF0400005A
:1025B80000000080FF4F000000000000F8FF04004A
:1025C8000000000080FF4F000000000000F8FF043A
:1025D800000000000080FF4F000000000000F8FF2E
:1025E80004000000000080FF4F000000000000F819
:1025F800FF04000000000080FF4F000000101111D0
:10260800F8FF14111180FFFFFFFFFFFFFF3FF8FFE6
:10261800FFFFFFFFFFFF83FFFFFFFFFFFFFF3F00FD
:102628000010647746010000000095FDFFFFFFBF22
:10263800050000D1FFFFFFFFFFFFAF0100F2FFFF22
:10264800FFFFFFFFFF0B00F2FF8D140062FCFF8FFE
:1026580000F24B00000000A0FFEF01510000000055
:102668000010FEFF0500000000000000F9FF070051
:10267800000000000000F6FF090000000000000054
:10268800F6FF0800000000000000F8FF0700000047
:1026980000000000FCFF0400000000000020FFEF25
:1026A80000000000000000A0FF9F000000000000E4
:1026B80000F5FF1E00000000000030FEFF060000CD
:1026C80000000000D1FFAF00000000000010FCFF78
:1026D8001C000000000000C1FFDF01000000000036
:1026E80010FBFF2D000000000000C1FFDF0200000A
:1026F80000000010FCFF1C000000000000D2FFCF0B
:1027080001000000000030FEFF1B00000000000078
:10271800E4FFAF00000000000060FFFF08000000B9
:10272800000000F7FF6F00000000000000FDFF6BD5
:1027380066666666666656FDFFFFFFFFFFFFFFFFE2
:10274800CFFDFFFFFFFFFFFFFFFFCFFDFFFFFFFFF5
:10275800FFFFFFFFCF000010647757030000000061
:1027680083FCFFFFFFEF290000B0FFFFFFFFFFFF23
:10277800FF0600D0FFFFFFFFFFFFFF6F00D0FF9EA7
:10278800250031F8FFEF02D05D0000000030FEFFA9
:102798000750000000000000F7FF0A0000000000DA
:1027A8000000F3FF0C00000000000000F3FF0B0026
:1027B800000000000000F5FF080000000000000015
:1027C800FCFF0200000000000091FF7F00000000F5
:1027D800001073FDFF0800000000F0FFFFFF4C0031
:1027E80000000000F0FFFF8F010000000000F0FF74
:1027F800FFFFAF0200000000506597FDFF4E00008C
:10280800000000000060FFEF020000000000000070
:10281800F6FF0B00000000000000E0FF1F000000B2
:1028280000000000A0FF4F0000000000000090FF23
:102838006F0000000000000090FF6F000000000023
:102848000000B0FF4F00000000000000F1FF1F165D
:10285800000000000000FAFF0CEB280000000080D8
:10286800FFFF05FBFF7B130073FDFFBF00FBFFFFAE
:10287800FFFFFFFFFF1C00F8FFFFFFFFFFFFAF0197
:102888000020B7FEFFFFFFAF0400000000306577AF
:10289800460000000000000000000000FCFF0300EC
:1028A80000000000000000F9FF3F000000000000E9
:1028B8000000F7FFFF0300000000000000F4FFFF26
:1028C8003F00000000000000E2FFFFFF03000000DF
:1028D800000000C1FFADFF3F000000000000A0FFA6
:1028E8003EF8FF03000000000080FF5F80FF3F000C
:1028F8000000000050FF8F00F8FF030000000030C8
:10290800FEBF0080FF3F0000000010FDDF0100F85F
:10291800FF0300000000FBEF020080FF3F00000003
:1029280000F9FF040000F8FF03000000F6FF0700AD
:102938000080FF3F000000F3FF0A000000F8FF03DB
:102948000000E2FF1C00000080FF3F0000C0FF2ED7
:1029580000000000F8FF030070FF4F000000008037
:10296800FF3F0000F89F3333333333FAFF353382A8
:10297800FFFFFFFFFFFFFFFFFFFF8FF8FFFFFFFFD6
:10298800FFFFFFFFFFFF88FFFFFFFFFFFFFFFFFFC6
:10299800FF8F00000000000000F8FF0300000000A7
:1029A8000000000080FF3F00000000000000000061
:1029B800F8FF03000000000000000080FF3F000057
:1029C80000000000000000F8FF0300000000000005
:1029D800000080FF3F000000000000000000F8FF3A
:1029E80003000000000000000080FF3F000010FF0F
:1029F800FFFFFFFFFFFFFF6F10FFFFFFFFFFFFFF5E
:102A0800FF6F10FFFFFFFFFFFFFFFF6F10FFDF8863
:102A180088888888883810FFAF0000000000000010
:102A280010FFAF0000000000000010FFAF00000022
:102A38000000000010FFAF0000000000000010FFC1
:102A4800AF0000000000000010FFAF000000000011
:102A5800000010FFAF0000000000000010FFBF548E
:102A680055240000000010FFFFFFFFFFCF170000F4
:102A780010FFFFFFFFFFFFEF050010FFFFFFFFFF45
:102A8800FFFF6F00106934021063FBFFFF030000B3
:102A98000000000040FEFF0C00000000000000F4F1
:102AA800FF2F00000000000000B0FF6F00000000D2
:102AB80000000070FF7F0000000000000060FF9F22
:102AC8000000000000000070FF8F00000000000000
:102AD8000090FF6F00000000000000E0FF2F2200C0
:102AE8000000000000F7FF0CF5290000000060FF5F
:102AF800FF05F5FF7B130052FCFFBF00F5FFFFFF4A
:102B0800FFFFFFFF1D00F4FFFFFFFFFFFFAF010006
:102B180020B7FFFFFFFFBF040000000030657746C5
:102B28000100000000000000002065774601000059
:102B380000000092FEFFFFFF070000000081FFFF7A
:102B4800FFFFFF0700000020FDFFFFFFFEFF07005B
:102B58000000E2FFFF5A02007305000010FDFF3C71
:102B68000000000000000090FFBF0100000000000E
:102B78000000F3FF1D0000000000000000FAFF0441
:102B88000000000000000010FFCF0000000000005F
:102B9800000060FF6F0000000000000000A0FF2F91
:102BA8000010432400000000C0FF0E82FDFFFFBF9D
:102BB800040000F0FF9DFFFFFFFFFFBF0100F2FFD1
:102BC800FFFFFFFFFFFFFF1C00F3FFFF7C13105206
:102BD800FCFFBF00F4FF4D0000000080FFFF05F57B
:102BE800FF0A0000000000FAFF0AF5FF09000000D4
:102BF8000000F2FF0EF4FF0A0000000000D0FF2FD3
:102C0800F3FF0B0000000000C0FF3FF1FF0C0000C5
:102C1800000000B0FF3FE0FF0E0000000000C0FF12
:102C28002FA0FF3F0000000000E0FF1F60FFAF0083
:102C380000000000F3FF0B10FEFF0300000000FA85
:102C4800FF0600F7FF2D00000060FFDF0000D1FF46
:102C5800EF160020F9FF4F000020FEFFFFCCFDFF1C
:102C6800FF06000000C2FFFFFFFFFF5E000000003C
:102C780000D7FFFFFF8E01000000000000527746DA
:102C880000000000FFFFFFFFFFFFFFFFFFEFFFFF58
:102C9800FFFFFFFFFFFFFFEFFFFFFFFFFFFFFFFF4C
:102CA800FFEF8788888888888888FCEF0000000004
:102CB80000000010FEDF0000000000000070FF6F41
:102CC80000000000000000E1FF0D0000000000000F
:102CD80000F8FF0500000000000020FECF00000003
:102CE8000000000090FF5F00000000000000F2FFFD
:102CF8000C00000000000000FAFF040000000000C3
:102D08000030FFCF00000000000000B0FF4F0000BF
:102D18000000000000F4FF0B00000000000000FCB1
:102D2800FF0300000000000040FFBF00000000009B
:102D38000000C0FF3F00000000000000F5FF0A008F
:102D4800000000000000FDFF03000000000000601C
:102D5800FFAF00000000000000E1FF2F00000000AE
:102D6800000000F7FF0900000000000010FEFF024D
:102D780000000000000080FF9F000000000000002D
:102D8800E1FF2F00000000000000F9FF080000002C
:102D980000000020FFEF01000000000000A0FF8FEE
:102DA80000000000000000F3FF1E0000000000000B
:102DB80000000010647736000000000000B5FFFF37
:102DC800FFEF2900000010FAFFFFFFFFFF7F000060
:102DD80010FCFFBF78A8FEFF8F0000FAFF2C000050
:102DE80010F8FF4F00F4FF1C00000000F7FF0B90E5
:102DF800FF5F0000000000FDFF01FBFF0200000074
:102E080000A0FF3FC0FF3F0000000000F9FF03FBE8
:102E1800FF0700000000B0FF1F70FFEF0200000076
:102E280010FECF00E2FFEF04000000F6FF0500F6F9
:102E3800FFFF4A0000E3FF0A0000E5FFFFCF17E4A9
:102E4800FF1B000000B2FFFFFFFFEF07000000506C
:102E5800FDFFFFFFFF4C00000090FF7F61FBFFFFBD
:102E6800BF0100A0FF4F000082FEFFDF0260FF7F6E
:102E780000000010F8FFCF00FEDF0000000000F4A3
:102E8800FF6FF5FF090000000000F8FF8CFF6F00DE
:102E98000000000020FFEFF9FF050000000000F02F
:102EA800FF8FFF7F000000000000FFEFF6FF0B0020
:102EB80000000000F3FF2CFFFF030000000080FF6C
:102EC8008FB0FFDF0100000040FFEF02E2FFDF04E8
:102ED800000060FEFF0600F5FFFF9D88EAFFFF087F
:102EE8000000D4FFFFFFFFFFEF0600000071FDFFA9
:102EF800FFFF8E020000000000527667030000000A
:102F080000000020656714000000000000C5FFFFF6
:102F1800FFAF0300000010FBFFFFFFFFFF070000EB
:102F280010FDFFFFCDFDFFFF090000FCFF5D010064
:102F3800A3FFFF0500F7FF1D00000080FFEF01E180
:102F4800FF3F00000000B0FF7F40FFBF000000000F
:102F580000F3FF0DF8FF060000000000FCFFA3FFD0
:102F68004F000000000080FF6FFCFF03000000001E
:102F780000F5FFB8FF3F000000000040FFAFFAFF78
:102F8800050000000000F3FF8BFF9F000000000019
:102F980020FFCFF3FF2F0000000000F3FF0CFCFF21
:102FA8002D0000000091FFBF30FFFF8E231052EA72
:102FB800FFFF0A60FFFFFFFFFFFFFFFF9F0050FEBC
:102FC800FFFFFFFFDFF9FF070010D8FFFFFF5B706F
:102FD800FF4F0000001043240000F9FF010000002B
:102FE80000000000E0FF0D0000000000000040FFAE
:102FF8007F0000000000000000FBFF02000000004E
:10300800000000F6FF0A00000000000000E4FF2EA8
:1030180000000000000000F6FF6F000000590110DA
:1030280073FDFF9F000000E0FFFFFFFFFF8F000020
:103038000000FEFFFFFFFF5D00000000E0FFFFFF54
:10304800CF0600000000005277671400000000005F
:10305800001053775702000030C8FFFFFFFF7D01C3
:1030680000FDFFFFFFFFFFDF02D0FFFFFFFEFFFFB6
:10307800EF02FD9E150041FAFFBFB00600000000F8
:10308800F6FF2F000000000000FBFF070000000013
:103098000070FF8F000000000000F6FF090000002C
:1030A800000070FF7F000000000000FBFF0400002C
:1030B800000000F3FF0E0000000000C1FF7F0000C9
:1030C800000000C1FFCF0000000000D3FFDF0200B6
:1030D800000010F8FFCF0200000060FEFF9F000014
:1030E800000000FDFF4D0000000000D0FF0B0000B5
:1030F80000000000FD9F000000000000D0FF090054
:103108000000000000FD9F000000000000D0FF0943
:1031180000000000000000000000000000000000A7
:103128000000000000000000000000000000004057
:103138004403000000000010FFEF00000000000042
:10314800F1FF0E000000000010FFEF00000000007B
:1031580000F1FF0E000000000000000000F1FFFF7A
:103168000600000000000000000070FFFFCF000014
:103178000000000000000000FCFFFF2F000000001E
:103188000000000000F2FFFDFF0700000000000043
:10319800000070FF4FFFDF0000000000000000008B
:1031A800FDDFB0FF3F0000000000000000F3FF0853
:1031B800F5FF080000000000000080FF2F10FEDF70
:1031C8000000000000000000FDCF00A0FF4F00003D
:1031D8000000000000F4FF0700F5FF0900000000F0
:1031E800000090FF2F0000FEEF000000000000002C
:1031F800FEBF000090FF5F000000000000F5FF0622
:103208000000F4FF0A0000000000A0FF1F000000FB
:10321800FDEF010000000010FFAF00000080FF6F0D
:103228000000000000F6FF05000000F3FF0B00009F
:103238000000B0FF0E00000000FDFF0100000010BC
:10324800FF9F0000000080FF6F00000000F6FFFFF6
:10325800FFFFFFFFFFFF0C000000C0FFFFFFFFFFA5
:10326800FFFFFFFF02000020FFFFFFFFFFFFFFFF40
:10327800FF7F000000F7FF686666666666F7FF0D69
:103288000000D0FF0E000000000000FCFF0300302B
:10329800FF9F00000000000070FF8F0000F8FF048F
:1032A800000000000000F2FF0D00D0FF0E0000003B
:1032B80000000000FCFF0440FF9F00000000000029
:1032C8000070FF9F00F9FF0400000000000000F2FA
:1032D800FF0EE0FF0E0000000000000000FCFF559C
:1032E800FF9F000000000000000070FFAFF1FFFF2B
:1032F800FFFFFFDE7A02000010FFFFFFFFFFFFFF66
:10330800FF190000F1FFFFFFFFFFFFFFFF1D001087
:10331800FFDF66666687EAFFFF0900F1FF0C000021
:103328000000B1FFEF0110FFCF0000000000E1FF37
:103338004F00F1FF0C0000000000FBFF0510FFCF5D
:103348000000000000A0FF4F00F1FF0C000000008B
:1033580000FCFF0210FFCF0000000000F2FF0B008E
:10336800F1FF0C00000000B1FF3E0010FFCF00008D
:103378000031D7FF4E0000F1FFFFFFFFFFFFFF2CDA
:10338800000010FFFFFFFFFFFFFFFF7D0100F1FFBF
:10339800FFFFFFFFFFFFFFDF0310FFDF55555565F8
:1033A80097FCFFEF02F1FF0C0000000000D4FFCFF4
:1033B80010FFCF000000000000E2FF4FF1FF0C00FB
:1033C8000000000000F8FF18FFCF00000000000018
:1033D80050FFBFF1FF0C000000000000F3FF1CFFCE
:1033E800CF00000000000040FFCFF1FF0C000000FC
:1033F800000000F6FF1AFFCF000000000000B0FF39
:103408006FF1FF0C000000000060FFFF11FFCF000C
:103418000000000091FFFF08F1FF6D66667697FCDB
:10342800FFFF1C10FFFFFFFFFFFFFFFFFF1B00F167
:10343800FFFFFFFFFFFFFFDF060010FFFFFFFFFF9B
:10344800FFCE5900000000000000004176773601E9
:1034580000000000000060FBFFFFFFFF7C0200008F
:103468000000D5FFFFFFFFFFFFFF4B000000F9FF43
:10347800FFFFEEFFFFFFFF5F0000FBFFEF490100CA
:1034880051E9FFFF0600F9FFAF020000000060FEEF
:103498006F00F5FF9F00000000000010F906D0FF44
:1034A800BF00000000000000005650FFEF010000C0
:1034B80000000000000000FBFF0800000000000002
:1034C800000000F1FF2F0000000000000000004095
:1034D800FFDF00000000000000000000F7FF090007
:1034E800000000000000000090FF7F0000000000C6
:1034F8000000000000FAFF050000000000000000C6
:1035080000B0FF4F00000000000000000000FBFFBB
:1035180004000000000000000000B0FF6F00000081
:1035280000000000000000F9FF0700000000000094
:1035380000000080FF9F0000000000000000000065
:10354800F5FF0D00000000000000000020FFFF0252
:10355800000000000000000000C0FF9F0000000005
:10356800000000000000F7FF2E000000000000002F
:10357800000010FEFF0B0000000000000060057056
:10358800FFFF09000000000000916F00C0FFFF2B43
:103598000000000000E6FF0600D1FFFFAF25002174
:1035A80095FEFF6F0000C1FFFFFFFFFEFFFFFFFF5B
:1035B80005000080FFFFFFFFFFFFFFAF03000000D3
:1035C80010C7FFFFFFFFBF170000000000001054E6
:1035D800766703000000F1FFFFFFFFDEAC37000055
:1035E800000000F1FFFFFFFFFFFFFF7D010000006B
:1035F800F1FFFFFFFFFFFFFFFF6E000000F1FF6D0F
:10360800667697EBFFFFFF090000F1FF0C00000052
:103618000093FFFFAF0000F1FF0C0000000000B2B4
:10362800FFFF0800F1FF0C000000000000F9FF3F59
:1036380000F1FF0C000000000000B0FFCF00F1FF18
:103648000C00000000000020FEFF04F1FF0C000049
:103658000000000000F9FF0AF1FF0C000000000064
:103668000000F3FF0EF1FF0C00000000000000E076
:10367800FF2FF1FF0C00000000000000B0FF5FF119
:10368800FF0C00000000000000A0FF6FF1FF0C001D
:1036980000000000000090FF7FF1FF0C0000000018
:1036A80000000090FF7FF1FF0C0000000000000008
:1036B800A0FF6FF1FF0C00000000000000B0FF4FFA
:1036C800F1FF0C00000000000000E0FF2FF1FF0CEC
:1036D80000000000000000F3FF0DF1FF0C000000E7
:1036E80000000000F8FF09F1FF0C000000000000D6
:1036F80010FEFF03F1FF0C000000000000A0FFBF58
:1037080000F1FF0C000000000000F9FF2F00F1FF9E
:103718000C0000000000B2FFFF0700F1FF0C0000E2
:10372800000083FFFF9F0000F1FF6D667697DBFFC7
:10373800FFFF090000F1FFFFFFFFFFFFFFFF5E0033
:103748000000F1FFFFFFFFFFFFFF7D01000000F118
:10375800FFFFFFFFDEAC370000000000F1FFFFFFB6
:10376800FFFFFFFFFFFF11FFFFFFFFFFFFFFFFFF4F
:103778001FF1FFFFFFFFFFFFFFFFFF11FFDF88883B
:10378800888888888808F1FF0C0000000000000085
:1037980010FFCF0000000000000000F1FF0C000047
:1037A800000000000010FFCF000000000000000033
:1037B800F1FF0C0000000000000010FFCF00000027
:1037C8000000000000F1FF0C0000000000000010E5
:1037D800FFCF0000000000000000F1FFFFFFFFFF27
:1037E800FFFFFFFF11FFFFFFFFFFFFFFFFFF1FF1BD
:1037F800FFFFFFFFFFFFFFFFFF11FFDF88888888BB
:1038080088888808F1FF0C0000000000000010FF05
:10381800CF0000000000000000F1FF0C00000000D5
:1038280000000010FFCF0000000000000000F1FFC2
:103838000C0000000000000010FFCF000000000096
:10384800000000F1FF0C0000000000000010FFCF96
:103858000000000000000000F1FF0C000000000064
:10386800000010FFCF0000000000000000F1FF8DF5
:103878008888888888888810FFFFFFFFFFFFFFFF80
:10388800FF1FF1FFFFFFFFFFFFFFFFFF11FFFFFF1C
:10389800FFFFFFFFFFFF1FF1FFFFFFFFFFFFFFFF1E
:1038A8007FF1FFFFFFFFFFFFFFFF7FF1FFFFFFFF3C
:1038B800FFFFFFFF7FF1FF8D88888888888848F19F
:1038C800FF0C00000000000000F1FF0C00000000E9
:1038D800000000F1FF0C00000000000000F1FF0CE8
:1038E80000000000000000F1FF0C000000000000D4
:1038F80000F1FF0C00000000000000F1FF0C0000C8
:103908000000000000F1FF0C00000000000000F1C2
:10391800FFFFFFFFFFFFFF6F00F1FFFFFFFFFFFF4C
:10392800FF6F00F1FFFFFFFFFFFFFF6F00F1FF8D4B
:1039380088888888883800F1FF0C000000000000A3
:1039480000F1FF0C00000000000000F1FF0C000077
:103958000000000000F1FF0C00000000000000F172
:10396800FF0C00000000000000F1FF0C0000000048
:10397800000000F1FF0C00000000000000F1FF0C47
:1039880000000000000000F1FF0C00000000000033
:1039980000F1FF0C00000000000000F1FF0C000027
:1039A8000000000000F1FF0C00000000000000F122
:1039B800FF0C00000000000000F1FF0C00000000F8
:1039C8000000000000000000206477671400000079
:1039D8000000000030D9FFFFFFFFDF4900000000B2
:1039E80000B2FFFFFFFFFFFFFFEF28000000E6FF28
:1039F800FFFFEFFEFFFFFFFF2F0000F8FFFF6B0246
:103A0800002084FDFFFF0200F6FFCF040000000045
:103A180000B4FF2F00F3FFBF0100000000000050BA
:103A2800FE02C0FFCF0000000000000000102B4085
:103A3800FFEF0200000000000000000000FBFF098B
:103A480000000000000000000000F1FF2F0000004F
:103A58000000000000000040FFDF00000000000040
:103A68000000000000F7FF0900000000000000004F
:103A7800000090FF6F000000000000000000000040
:103A8800FAFF0500000000000000000000B0FF4F32
:103A98000000000000000000000000FBFF0500001F
:103AA8000000F7FFFFFFFFFFA3FF6F00000000709B
:103AB800FFFFFFFFFF3FF9FF0700000000F7FFFFD0
:103AC800FFFFFF73FFAF0000000030777777C7FF75
:103AD8003FF4FF0D0000000000000000FAFF13FF94
:103AE800FF0300000000000000A0FF3FB0FFAF0090
:103AF80000000000000000FAFF03F5FF4F0000007F
:103B080000000000A0FF3F00FCFF1D0000000000B7
:103B18000000FAFF0340FFFF2D000000000000A096
:103B2800FF3F0070FFFF6E000000000000FBFF0376
:103B380000A0FFFFDF38010031A6FEFF3F00007044
:103B4800FFFFFFFFEFFFFFFFFFEF02000030FBFF6B
:103B5800FFFFFFFFFFFF6C010000000093FDFFFF68
:103B6800FFFF7C020000000000000041656735008F
:103B7800000000F1FF0C000000000000B0FF2FF172
:103B8800FF0C000000000000B0FF2FF1FF0C000048
:103B980000000000B0FF2FF1FF0C00000000000043
:103BA800B0FF2FF1FF0C000000000000B0FF2FF164
:103BB800FF0C000000000000B0FF2FF1FF0C000018
:103BC80000000000B0FF2FF1FF0C00000000000013
:103BD800B0FF2FF1FF0C000000000000B0FF2FF134
:103BE800FF0C000000000000B0FF2FF1FF0C0000E8
:103BF80000000000B0FF2FF1FF0C000000000000E3
:103C0800B0FF2FF1FFFFFFFFFFFFFFFFFFFF2FF1C7
:103C1800FFFFFFFFFFFFFFFFFFFF2FF1FFFFFFFF8A
:103C2800FFFFFFFFFFFF2FF1FF8D888888888888B6
:103C3800D8FF2FF1FF0C000000000000B0FF2FF1AB
:103C4800FF0C000000000000B0FF2FF1FF0C000087
:103C580000000000B0FF2FF1FF0C00000000000082
:103C6800B0FF2FF1FF0C000000000000B0FF2FF1A3
:103C7800FF0C000000000000B0FF2FF1FF0C000057
:103C880000000000B0FF2FF1FF0C00000000000052
:103C9800B0FF2FF1FF0C000000000000B0FF2FF173
:103CA800FF0C000000000000B0FF2FF1FF0C000027
:103CB80000000000B0FF2FF1FF0C00000000000022
:103CC800B0FF2FF1FF0C000000000000B0FF2FF143
:103CD800FF0C000000000000B0FF2FF5FFFFFFFF02
:103CE800FF52FFFFFFFFFF2FF5FFFFFFFFFF02114E
:103CF80081FF6F11010000F8FF0500000080FF5FE1
:103D080000000000F8FF0500000080FF5F000000D1
:103D180000F8FF0500000080FF5F00000000F8FFCA
:103D28000500000080FF5F00000000F8FF050000AC
:103D38000080FF5F00000000F8FF0500000080FF22
:103D48005F00000000F8FF0500000080FF5F000032
:103D58000000F8FF0500000080FF5F00000000F889
:103D6800FF0500000080FF5F00000000F8FF05006D
:103D7800000080FF5F00000000F8FF0500000080E1
:103D8800FF5F00001011F8FF161150FFFFFFFFFF43
:103D98002FF5FFFFFFFFFF52FFFFFFFFFF2F000080
:103DA800F7FFFFFFFF090070FFFFFFFF9F0000F70D
:103DB800FFFFFFFF090010222262FF9F00000000A2
:103DC80000F4FF090000000040FF9F000000000011
:103DD800F4FF090000000040FF9F0000000000F40D
:103DE800FF090000000040FF9F0000000000F4FFF2
:103DF800090000000040FF9F0000000000F4FF09D8
:103E08000000000040FF9F0000000000F4FF0900D0
:103E180000000040FF9F0000000000F4FF090000C0
:103E2800000040FF9F0000000000F4FF09000000B0
:103E38000040FF9F0000000000F4FF0900000000A0
:103E480050FF9F0000000000F5FF08000000007010
:103E5800FF7F0000000000FBFF0500000000F3FFEB
:103E68001FA2260020E7FF9F20FFFFFEFFFFDF01C4
:103E7800F2FFFFFFFFDF0220FFFFFFFF8E010010B0
:103E880053766703000000FFDF00000000000070A9
:103E9800FFFF04FFDF000000000000F5FF5F00FFE8
:103EA800DF000000000040FFFF0600FFDF00000009
:103EB8000000E3FF7F0000FFDF0000000020FEFF9E
:103EC800080000FFDF00000000D1FF9F000000FF96
:103ED800DF00000010FCFF0A000000FFDF00000008
:103EE800B0FFBF00000000FFDF000000FAFF1C0069
:103EF800000000FFDF000090FFDF0100000000FF6E
:103F0800DF0000F7FF2D0000000000FFDF0060FF6A
:103F1800EF020000000000FFDF00F4FF3E00000099
:103F2800000000FFDF30FEFF04000000000000FF7B
:103F3800DFE2FFEF02000000000000FFEFFDFFFFDF
:103F48001C000000000000FFFFFFFDFFBF00000095
:103F5800000000FFFFDF72FFFF090000000000FF04
:103F6800FF2E00FAFF7F0000000000FFFF0300B0F3
:103F7800FFFF0500000000FFDF000010FDFF3E000E
:103F8800000000FFDF000000E2FFDF02000000FF8A
:103F9800DF00000030FFFF1C000000FFDF00000012
:103FA80000F5FFBF000000FFDF0000000070FFFF0A
:103FB800090000FFDF0000000000F9FF6F0000FFAC
:103FC800DF0000000000B0FFFF0400FFDF0000007A
:103FD800000010FCFF3E00FFDF000000000000E2D0
:103FE800FFDF02FFDF00000000000030FEFF1CF1D1
:103FF800FF0C00000000000000F1FF0C00000000B2
:10400800000000F1FF0C00000000000000F1FF0CB0
:1040180000000000000000F1FF0C0000000000009C
:1040280000F1FF0C00000000000000F1FF0C000090
:104038000000000000F1FF0C00000000000000F18B
:10404800FF0C00000000000000F1FF0C0000000061
:10405800000000F1FF0C00000000000000F1FF0C60
:1040680000000000000000F1FF0C0000000000004C
:1040780000F1FF0C00000000000000F1FF0C000040
:104088000000000000F1FF0C00000000000000F13B
:10409800FF0C00000000000000F1FF0C0000000011
:1040A800000000F1FF0C00000000000000F1FF0C10
:1040B80000000000000000F1FF0C000000000000FC
:1040C80000F1FF0C00000000000000F1FF0C0000F0
:1040D8000000000000F1FF0C00000000000000F1EB
:1040E800FF0C00000000000000F1FF0C00000000C1
:1040F800000000F1FF8D88888888888828F1FFFFF4
:10410800FFFFFFFFFFFF5FF1FFFFFFFFFFFFFFFF65
:104118005FF1FFFFFFFFFFFFFFFF5FF1FFFF0600FB
:104128000000000000C0FFFF1CFFFFDF00000000D0
:10413800000040FFFFCFF1FFFF5F0000000000001C
:10414800FAFFFF1CFFFFFF0C0000000000F2FFFF5A
:10415800CFF1FFFDFF040000000090FFFDFF1CFFF2
:104168008FFDBF0000000010FE6FFFCFF1FF68FF5A
:104178003F00000000F7DFF1FF1CFF8FE1FF0A009E
:104188000000E0FF16FFCFF1FF08F8FF0200006013
:10419800FF0EF1FF1CFF8F10FE9F000000FC7F1038
:1041A800FFCFF1FF0890FF1F0000F4EF01F1FF1CA3
:1041B800FF8F00F2FF0800B0FF0810FFCFF1FF08E3
:1041C80000FAEF0130FF2F00F1FF1CFF8F0030FFD6
:1041D8007F00F9AF0010FFCFF1FF0800B0FF0DF12D
:1041E800FF0300F1FF1CFF8F0000F5FF86FF0B00A7
:1041F80010FFCFF1FF080000FDDFFE4F0000F1FFC8
:104208001CFF8F000060FFFFCF000010FFCFF1FF01
:10421800080000E0FFFF050000F1FF1CFF8F000011
:1042280000F7FF0D000010FFCFF1FF08000010FE9F
:104238006F000000F1FF1CFF8F00000070BB010041
:104248000010FFCFF1FF080000000000000000F19F
:10425800FF1CFF8F000000000000000010FFCFF1DE
:10426800FF080000000000000000F1FF1CFF8F00A5
:104278000000000000000010FFCFF1FF0800000060
:104288000000000000F1FF1CFF8F0000000000008C
:10429800000010FFCFF1FF08000000000000000040
:1042A800F1FF1CFF8F000000000000000010FFCF8E
:1042B800F1FFFF3F000000000080FF1FF1FFFFAF8C
:1042C800000000000080FF1FF1FFFFFF0300000057
:1042D8000080FF1FF1FFFCFF0B0000000080FF1FA4
:1042E800F1FFC8FF3F0000000080FF1FF1FF48FFFB
:1042F800BF0000000080FF1FF1FF08FCFF04000062
:104308000080FF1FF1FF08F4FF0B00000080FF1F73
:10431800F1FF08B0FF4F00000080FF1FF1FF0830D9
:10432800FFCF00000080FF1FF1FF0800FBFF040023
:104338000080FF1FF1FF0800F3FF0C000080FF1F43
:10434800F1FF0800A0FF5F000080FF1FF1FF0800D9
:1043580030FFCF000080FF1FF1FF080000FAFF05C3
:104368000080FF1FF1FF080000F2FF0D0080FF1F13
:10437800F1FF08000090FF6F0080FF1FF1FF0800A9
:104388000020FFDF0080FF1FF1FF08000000F9FF99
:104398000680FF1FF1FF08000000F2FF0D80FF1FDD
:1043A800F1FF0800000090FF6F80FF1FF1FF080079
:1043B800000010FEEF81FF1FF1FF0800000000F869
:1043C800FF87FF1FF1FF0800000000E1FF8EFF1FBD
:1043D800F1FF080000000080FFEFFF1FF1FF080059
:1043E80000000010FEFFFF1FF1FF080000000000A2
:1043F800F7FFFF1FF1FF080000000000E1FFFF1FAB
:10440800F1FF08000000000070FFFF1FF1FF080027
:104418000000000010FEFF1F000000000052776738
:1044280014000000000000000020D8FFFFFFFF5B21
:1044380000000000000010F8FFFFFFFFFFFF4C0026
:1044480000000000C2FFFFFFEFFFFFFFFF060000B4
:104458000020FDFFDF370110A5FFFF8F000000B02F
:10446800FFFF0800000000D3FFFF040000F7FF6F04
:10447800000000000010FCFF1D0010FEFF080000F7
:1044880000000000E2FF7F0060FFDF000000000086
:10449800000060FFDF00C0FF6F00000000000000A8
:1044A80000FEFF05F1FF1F0000000000000000F8FB
:1044B800FF08F4FF0C0000000000000000F4FF0CEF
:1044C800F7FF090000000000000000F1FF0FF9FFEE
:1044D800060000000000000000E0FF1FFAFF0500D2
:1044E80000000000000000D0FF2FFBFF04000000C8
:1044F8000000000000C0FF3FFBFF040000000000B8
:10450800000000C0FF3FFAFF0500000000000000A7
:1045180000D0FF2FF9FF060000000000000000E0B7
:10452800FF1FF7FF090000000000000000F1FF0F67
:10453800F4FF0C0000000000000000F4FF0CF1FF85
:104548001F0000000000000000F8FF08C0FF6F0017
:1045580000000000000000FEFF0560FFDF00000013
:104568000000000060FFDF0010FEFF0800000000F0
:104578000000E2FF7F0000F7FF6F0000000000105E
:10458800FCFF1D0000B0FFFF1800000000D3FFFF74
:1045980004000020FDFFDF380120A5FFFF7F000099
:1045A8000000C1FFFFFFFFFFFFFFFF060000000044
:1045B80010F8FFFFFFFFFFFF4C0000000000002085
:1045C800E9FFFFFFFF6C0000000000000000005240
:1045D8007767140000000000F1FFFFFFFFDE7A029A
:1045E8000000F1FFFFFFFFFFFFAF0200F1FFFFFF39
:1045F800FFFFFFFF3E00F1FF6D6676A8FEFFEF02AA
:10460800F1FF0C00000070FFFF0CF1FF0C00000030
:1046180000F4FF4FF1FF0C00000000A0FF9FF1FF26
:104628000C0000000050FFCFF1FF0C00000000203C
:10463800FFDFF1FF0C0000000020FFEFF1FF0C008E
:1046480000000030FFCFF1FF0C0000000070FFAF4A
:10465800F1FF0C00000000D0FF5FF1FF0C0000002C
:1046680000F9FF1EF1FF0C000000A2FFFF06F1FF9A
:104678006D6676B8FFFFAF00F1FFFFFFFFFFFFFF9A
:104688000900F1FFFFFFFFFFFF5D0000F1FFFFFFE3
:10469800FFCE59000000F1FF0C00000000000000F0
:1046A800F1FF0C00000000000000F1FF0C0000000A
:1046B80000000000F1FF0C00000000000000F1FF06
:1046C8000C00000000000000F1FF0C0000000000DA
:1046D8000000F1FF0C00000000000000F1FF0C00DA
:1046E800000000000000F1FF0C00000000000000C6
:1046F800F1FF0C00000000000000F1FF0C000000BA
:10470800000000000000000000527767140000005D
:10471800000000000020D8FFFFFFFF5B0000000042
:10472800000010F8FFFFFFFFFFFF4C000000000033
:10473800C2FFFFFFEFFFFFFFFF0600000020FDFFA5
:10474800DF370110A5FFFF8F000000B0FFFF080052
:10475800000000D3FFFF040000F7FF6F0000000017
:104768000010FCFF1D0010FEFF0800000000000004
:10477800E2FF7F0060FFDF0000000000000060FF34
:10478800DF00C0FF6F0000000000000000FEFF0512
:10479800F1FF1F0000000000000000F8FF08F4FF10
:1047A8000C0000000000000000F4FF0CF7FF0900F7
:1047B80000000000000000F1FF0FF9FF06000000F4
:1047C8000000000000E0FF1FFAFF050000000000E5
:1047D800000000D0FF2FFBFF0400000000000000D5
:1047E80000C0FF3FFBFF040000000000000000C005
:1047F800FF4FFAFF050000000000000000D0FF3F57
:10480800F9FF060000000000000000E0FF2FF7FF9E
:10481800090000000000000000F1FF0FF4FF0C0089
:1048280000000000000000F4FF0CF1FF1F00000072
:104838000000000000F8FF09C0FF6F000000000042
:10484800000000FEFF0460FFDF0000000000000021
:1048580060FFDF0010FEFF08000000000000E1FF1D
:104868006F0000F7FF6F000000000010FCFF0D0054
:1048780000B0FFFF0800000000C3FFFF0300002096
:10488800FDFFDF370010A5FFFF6F00000000C1FF2C
:10489800FFFFEFFFFFFFFF060000000010F8FFFF1B
:1048A800FFFFFFFF3C00000000000020E9FFFFFFC2
:1048B800FF7F0000000000000000005277A7FF5FA4
:1048C800000000000000000000000060FF8F0000F2
:1048D80000000000000000000030FFDF00000000C2
:1048E8000000000000000000FDFF0900003000008B
:1048F800000000000000F6FFEF89B8DE00000000AD
:1049080000000000B0FFFFFFFFDF00000000000014
:10491800000010F9FFFFFFDF0000000000000000AA
:104928000030D9FEDE7AF1FFFFFFFFDE9C150000A4
:10493800000010FFFFFFFFFFFFFF7E00000000F1F7
:10494800FFFFFFFFFFFFFFAF00000010FFDF6666FD
:1049580076C9FFFF9F000000F1FF0C00000030FC4B
:10496800FF3F000010FFCF0000000010FDFF09000E
:1049780000F1FF0C0000000060FFCF000010FFCF27
:104988000000000000F2FF0E0000F1FF0C00000024
:104998000010FFEF000010FFCF0000000000F2FF42
:1049A8000D0000F1FF0C0000000050FFAF000010E8
:1049B800FFCF0000000000FAFF060000F1FF0C0026
:1049C800000000F4FF1E000010FFCF00000000E60A
:1049D800FF6F000000F1FF5D555596FDFF8F000049
:1049E8000010FFFFFFFFFFFFFF6E00000000F1FF58
:1049F800FFFFFFFFFF290000000010FFFFFFFFFF80
:104A0800FF9F0000000000F1FF0C0000F6FF6F00A0
:104A180000000010FFCF000000F9FF4F0000000069
:104A2800F1FF0C000000FBFF2E00000010FFCF007C
:104A3800000010FDFF1D000000F1FF0C0000003019
:104A4800FEFF0B000010FFCF0000000050FFFF0921
:104A58000000F1FF0C0000000080FFFF060010FFBF
:104A6800CF0000000000A0FFFF0400F1FF0C0000D1
:104A7800000000D1FFEF0210FFCF0000000000008F
:104A8800E2FFDF01F1FF0C000000000000F4FFBFAF
:104A980010FFCF00000000000000F7FF8F000000AB
:104AA800005276673501000000000082FEFFFFFF1C
:104AB800FF9D04000000F7FFFFFFFFFFFFFF8E00D0
:104AC80000FBFFFFFFFEFFFFFFFF0D00FAFFCF26F1
:104AD800001063EAFFDF00F5FF7F000000000061BF
:104AE800FD0DB0FF7F00000000000000D710FFEFB1
:104AF800010000000000000002F2FF0D00000000AD
:104B08000000000030FFEF0000000000000000007F
:104B1800F1FF2F000000000000000000FDFF0B0067
:104B28000000000000000080FFFF4C0000000000B3
:104B3800000000E1FFFFEF7A14000000000000E42D
:104B4800FFFFFFFFEF8B0400000000C3FFFFFFFF24
:104B5800FFFF8E0100000050FBFFFFFFFFFFEF0685
:104B68000000000041A7FCFFFFFFFF060000000057
:104B7800000031A7FFFFFF02000000000000001046
:104B8800FAFF9F000000000000000000F9FF0D0080
:104B98000000000000000030FFFF000000000000DF
:104BA800000000F0FF0F000000000000000010FFF0
:104BB800EF750000000000000000F4FF6BBF02006A
:104BC8000000000000C0FF6FF6FF39000000000081
:104BD800B1FFDF60FFFFCF47010041E9FFFF04F6A7
:104BE800FFFFFFFFEFFFFFFFFF0510D7FFFFFFFFEE
:104BF800FFFFFFCF02000040D8FFFFFFFFFF4B0081
:104C080000000000105376673500000000FFFFFF2A
:104C1800FFFFFFFFFFFFFFFFFFFAFFFFFFFFFFFFA1
:104C2800FFFFFFFFFFAFFFFFFFFFFFFFFFFFFFFFDC
:104C3800FFFF8A88888888C8FFAF888888885800D6
:104C480000000000F9FF0400000000000000000060
:104C580090FF4F00000000000000000000F9FF0472
:104C680000000000000000000090FF4F000000005E
:104C7800000000000000F9FF040000000000000030
:104C8800000090FF4F00000000000000000000F945
:104C9800FF0400000000000000000090FF4F00002B
:104CA8000000000000000000F9FF04000000000000
:104CB8000000000090FF4F0000000000000000000E
:104CC80000F9FF0400000000000000000090FF4F02
:104CD80000000000000000000000F9FF04000000D0
:104CE80000000000000090FF4F00000000000000DE
:104CF800000000F9FF040000000000000000009020
:104D0800FF4F00000000000000000000F9FF040051
:104D1800000000000000000090FF4F0000000000AD
:104D28000000000000F9FF0400000000000000007F
:104D38000090FF4F00000000000000000000F9FF95
:104D48000400000000000000000090FF4F00000079
:104D580000000000000000F9FF040000000000004F
:104D680000000090FF4F000000000000000000005D
:104D7800F9FF0400000000000000000090FF4F0051
:104D880000000000F8FF05000000000000F1FF8CA3
:104D9800FF5F00000000000010FFCFF8FF050000D3
:104DA80000000000F1FF8CFF5F0000000000001011
:104DB800FFCFF8FF05000000000000F1FF8CFF5F47
:104DC80000000000000010FFCFF8FF050000000001
:104DD8000000F1FF8CFF5F00000000000010FFCF13
:104DE800F8FF05000000000000F1FF8CFF5F0000E5
:104DF8000000000010FFCFF8FF05000000000000D1
:104E0800F1FF8CFF5F00000000000010FFCFF8FFEB
:104E180005000000000000F1FF8CFF5F00000000AB
:104E2800000010FFCFF8FF05000000000000F1FFB0
:104E38008CFF5F00000000000010FFCFF8FF0500A6
:104E48000000000000F1FF8CFF5F00000000000080
:104E580010FFCFF8FF05000000000000F1FF7BFF06
:104E68006F00000000000020FFBFF6FF07000000F1
:104E7800000000F3FF4AFF9F00000000000050FF01
:104E88008FF1FF0D000000000000F9FF05FDFF0392
:104E98000000000000E1FF2F70FFCF0000000000BD
:104EA80080FFBF00E1FFAF0100000070FFFF0400BA
:104EB800F5FFDF270010B5FFFF0A0000F8FFFFFF2E
:104EC800FEFFFFFF1C000000F7FFFFFFFFFFFF1AB8
:104ED8000000000092FEFFFFFFAF0300000000008B
:104EE800005376670400000000F5FF0C0000000086
:104EF80000000000F4FF0AFEFF03000000000000AD
:104F08000090FF5F90FF8F0000000000000000FE8F
:104F1800EF00F4FF0D00000000000000F5FF09009D
:104F2800FDFF03000000000000A0FF4F0080FF8F7E
:104F380000000000000010FEDF0000F3FF0D00007D
:104F480000000000F5FF080000FDFF04000000005D
:104F580000B0FF3F000070FF9F000000000010FF3E
:104F6800DF000000F2FF0E0000000000F6FF07005F
:104F78000000FCFF0400000000B0FF2F00000060EC
:104F8800FF9F0000000010FFCF00000000F1FF0E9F
:104F980000000000F7FF0600000000FBFF0500000E
:104FA80000C0FF1F0000000060FFAF00000020FFEE
:104FB800BF0000000000F1FF1E000000F7FF060020
:104FC80000000000FAFF050000C0FF1E00000000FE
:104FD8000050FFAF000020FFAF000000000000E01D
:104FE800FF1F0000F8FF05000000000000F9FF06A1
:104FF80000D0FF0E00000000000040FFBF0030FF9F
:105008009F00000000000000D0FF1F00F8FF040010
:10501800000000000000F8FF06D0FF0D00000000AF
:1050280000000030FFCF40FF8F00000000000000AC
:1050380000D0FF2FF9FF030000000000000000F778
:10504800FFE7FF0D000000000000000020FFEFFF59
:105058007F000000000000000000C0FFFFFF02000A
:105068000000000000000000F7FFFF0C0000000037
:10507800000000000010FFFF6F0000000000F1FFBB
:105088000D0000000000F3FF0E0000000000F2FF1A
:1050980009FCFF020000000070FFFF030000000091
:1050A80060FF6F80FF6F0000000000FBFF6F0000D3
:1050B800000000FAFF02F5FF0900000000E0FFFF12
:1050C8000A00000000D0FF0D10FFDF0000000030D4
:1050D800FFFFDF0000000020FF9F00C0FF2F00003F
:1050E8000000F7CFFF2F00000000F5FF0500F8FFD4
:1050F80005000000A0FFE6FF0600000090FF2F005B
:1051080040FF9F00000000FE2FFA9F00000000FDF6
:10511800DF0000F1FF0D000000F2EF60FF0D00005E
:1051280000F1FF090000FCFF01000060FF0AF3FF27
:1051380002000050FF5F000080FF5F000000FA7F60
:1051480000FE5F000000F9FF020000F4FF09000004
:10515800D0FF03A0FF090000C0FF0D000000FFCF33
:10516800000020FF0E00F7CF000010FF9F00000096
:10517800B0FF1F0000F6BF0030FF1F0000F4FF055E
:10518800000000F7FF050090FF0700E0FF05008022
:10519800FF2F00000030FF8F0000FD3F0000FB8F55
:1051A8000000FCDF00000000E0FF0C00F1FF000041
:1051B80070FF0C00F1FF0900000000FBFF0150FF29
:1051C8000B0000F3FF0140FF5F0000000070FF4F7D
:1051D80000F98F000000FE4F00F7FF0100000000FB
:1051E800F3FF08C0FF040000B0FF08B0FF0D000087
:1051F800000000FECF10FF1F000000F7BF00FE9F59
:105208000000000000A0FF1FF4CF00000040FF0FC7
:10521800F3FF050000000000F6FF84FF080000000F
:10522800F0FF74FF1F000000000030FF8FFC5F00DC
:10523800000000FB7FFBDF000000000000E0FFFC37
:10524800FF0100000080FFEBFF09000000000000E4
:10525800FAFFFF0C00000000F4FFFF5F00000000F1
:10526800000060FFFF9F0000000010FFFFFF01002B
:105278000000000000F2FFFF0500000000C0FFFF73
:105288000C00000000000000FDFF2F0000000000DF
:10529800F8FF9F0000000000000090FFDF00000002
:1052A800000040FFFF05000000E2FF5F0000000073
:1052B800000000F7FF0BF7FF1E000000000000F2DF
:1052C800FF2E00FCFF090000000000C0FF6F002057
:1052D800FFFF040000000070FFBF000070FFDF0147
:1052E80000000020FEEF020000C0FF8F0000000059
:1052F800FBFF06000000F3FF3F000000F6FF0A0076
:10530800000000F7FF0C0000E2FF1E000000000094
:10531800FCFF0700B0FF5F000000000030FFFF0245
:1053280060FFAF00000000000080FFBF20FEEF011B
:10533800000000000000C0FF6FFBFF050000000038
:10534800000000F3FFFFFF0A00000000000000005B
:10535800F8FFFF1D000000000000000000FDFF5FD7
:10536800000000000000000000C0FFFF080000006F
:10537800000000000080FFFFFF03000000000000A5
:105388000030FFEFFFCF0000000000000010FDFF1D
:10539800C2FF7F00000000000000F9FF07F2FF3F96
:1053A800000000000000F4FF0C00F8FF0C000000F3
:1053B8000000D1FF3F0000FDFF070000000090FF44
:1053C8007F000030FFFF0200000040FFCF00000018
:1053D80090FFCF00000010FDFF03000000D1FF7F09
:1053E800000000F9FF0800000000F4FF2E0000F59F
:1053F800FF0C0000000000FAFF0B00E1FF3F000077
:1054080000000010FEFF06A0FF8F00000000000053
:1054180050FFEF52FFDF00000000000000B0FFBFA8
:10542800F9FF0A00000000000010FDFF13FEFF0452
:10543800000000000000F8FF0960FFDF0000000026
:105448000000F2FF1E00C0FF7F0000000000B0FF58
:105458006F0000F3FF2E0000000050FFBF000000A7
:10546800F9FF0A00000010FDFF03000010FEFF0412
:10547800000000F8FF0800000060FFCF000000F205
:10548800FF1D00000000C0FF6F0000B0FF5F0000BC
:10549800000000F3FF1E0050FFBF000000000000E6
:1054A800FAFF0910FDFF02000000000010FEFF03D4
:1054B800F8FF0800000000000070FFCFF2FF1D0099
:1054C800000000000000D0FFDFFF4F0000000000D8
:1054D800000000F4FFFFAF00000000000000000023
:1054E800FAFFEF02000000000000000020FEFF07A6
:1054F80000000000000000000090FF4F00000000C6
:10550800000000000000F9FF040000000000000097
:10551800000090FF4F00000000000000000000F9AC
:10552800FF0400000000000000000090FF4F000092
:105538000000000000000000F9FF04000000000067
:105548000000000090FF4F00000000000000000075
:1055580000F9FF0400000000000000000090FF4F69
:1055680000000000000000000000F9FF0400000037
:1055780000000000000090FF4F0000000000000045
:10558800000000F9FF040000000000000000009087
:10559800FF4F0000000000D0FFFFFFFFFFFFFFFFED
:1055A800FFFF0BD0FFFFFFFFFFFFFFFFFFFF0BD049
:1055B800FFFFFFFFFFFFFFFFFFFF0B708888888852
:1055C80088888888FEFF0A0000000000000000703C
:1055D800FFEF020000000000000000F4FF4F000091
:1055E80000000000000020FEFF070000000000008F
:1055F8000000C0FFAF000000000000000000F9FF3D
:105608001C000000000000000060FFEF0200000026
:105618000000000000F3FF4F000000000000000041
:1056280010FDFF070000000000000000B0FFBF00F1
:105638000000000000000000F8FF1D00000000004E
:1056480000000050FFEF030000000000000000E22F
:10565800FF5F000000000000000010FCFF080000D1
:10566800000000000000A0FFBF00000000000000D4
:105678000000F6FF1D000000000000000030FFFFE2
:10568800030000000000000000D1FF6F00000000D0
:105698000000000000FBFF090000000000000000FF
:1056A80080FFCF010000000000000000F5FF2E0081
:1056B8000000000000000020FEFF040000000000C1
:1056C800000000D1FF7F000000000000000000F78C
:1056D800FF8E888888888888888818F8FFFFFFFFE9
:1056E800FFFFFFFFFFFF2FF8FFFFFFFFFFFFFFFF99
:1056F800FFFF2FF8FFFFFFFFFFFFFFFFFFFF2F0058
:1057080030EBBE030000F8020010DE56EC0200E1A8
:10571800080000F605407F00901E0000803F00F260
:1057280009207F000000F604308F00DA0100002015
:10573800BF22FA03F30600000050FEEF06C00C700B
:10574800FD7D00002200504F808F848F00000000F4
:10575800BD00CE00D00D000000F603F10A00FB00EA
:105768000000E10A10AF00B00F0000702F00E00C3D
:1057780000DD0000109E0000F859F9070000E9015B
:105788000000D7DE07B6BBBB87FFFF9FB689CFF8FF
:105798000C000000803F000000D00C000000F40660
:1057A800000000FA01000010AF000000704F000078
:1057B80000D00D000000F307000000F902000010FF
:1057C800BE000000605F000000C00E000000F2088C
:1057D800000000F802000000BE000000505F00005A
:1057E80000B01E000000F20900000000A3FE9D01A9
:1057F80000F4BFC9DF01D04F00809F30BF0000E137
:105808000EF7070000FB936F0000A05FFA05000089
:10581800F9A55F0000905FF9060000FA757F0000A7
:10582800B03FF30B0010EF00FD0400F80940FF9BA8
:10583800FC1D0030EADF190000109F000042FB0940
:1058480000F4FF9F001044F6090000409F0000008C
:10585800F4090000409F000000F4090000409F0088
:105868000000F4090000409F000000F4090072974E
:10587800CF7744FFFFFF9F50DAFF8D0110FFADEB9C
:10588800DF01910200B19F00000000F40B0000004E
:1058980040AF00000000F906000000F41D00000001
:1058A800E33E000000E43E000000F53D000000F883
:1058B8001C000010FB09000000F6AEAAAAAA64FFAB
:1058C800FFFFFF6F40C9FEAD0400FEBDCAFF0670B2
:1058D800020060DF00000000F30B000010C43E006F
:1058E80000F0FF19000000A9FC1A00000000F60BE8
:1058F80000000000FD02000000C03F00000010FE94
:1059080051280010FA0AF6CFBAFE1D10A6FDCE17D0
:1059180000000000A09F00000000F89F0000007039
:10592800BF9F000000F5489F000040AF409F000067
:10593800E30B409F0020CE01409F00D11D00409FF7
:1059480000F48A88A8CF68F4FFFFFFFFBF000000BB
:10595800409F00000000409F00000000409F0000A2
:105968000000409F0080FFFFFFFF03F8ACAAAA2AAF
:10597800805F00000000F805000000805F00000064
:1059880000F8FFDF3A0070ABA9FD5F00000000F7E8
:105998000E00000000FC03000000B04F00000000F3
:1059A800FE22280000F90BF3DFBAFE2D10B6EDDF5A
:1059B80018000010C7FE3E0040FEBDCA0330DF04D9
:1059C800000000EB02000000F32986580160DFFFA9
:1059D800FFEF03F95C0292EFA15F0000A06FF905E9
:1059E8000000F6897F0000609FF40C0000F906FDB6
:1059F8000700F31E30FE9CFB4E0020D9EF2A00F86A
:105A0800FFFFFFFF57AAAAAACA7F00000000FA04F6
:105A1800000000F40A000000C02F000000609F0092
:105A2800000010EE01000000F807000000F20D0071
:105A38000000A06F00000030CF00000000FC040050
:105A48000000F60B000000D12F00000000B5FEADED
:105A58000300F98D97FE06F31C0030EF609F0000ED
:105A6800D01FF32E0010DE00F88E13FA0400F8FFA2
:105A7800EE0300F926C6EF04F6080050FEB23F0018
:105A880000907FFB050000F977CF0100E22FB0EF0F
:105A980078E96F0060ECEF3A0000B5FE8D0100FA7E
:105AA800AED9DF01F61C00809FB04F0000D01FFD6B
:105AB800020000FAB44F0000905FF65E0162FD0636
:105AC800F8FFFFDE5F00728815FC02000000F10D90
:105AD800000000907F00000081DF0170ACEBCF0276
:105AE80000E6EF6B0000F99BBFB70800000000005C
:105AF8000000B798BFF90B93ECDE2970DFAAFD2EE2
:105B0800330000F90A000030CF000000F50A000059
:105B1800D13F0000D56F0000FB3C0000E00C000006
:105B280000CE000000400300000000000000F00E5E
:105B3800000000EF00000000A0FF0500000000E1E9
:105B4800FE0A00000000F6D71F00000000FC817F5D
:105B580000000020AF20CF000000805F00FB0300A2
:105B680000E00E00F6090000F40800E10E0000FA5B
:105B78009B99D95F0010FFFFFFFFBF00607F000007
:105B880000FD02C02F000000F807F30B000000F32F
:105B98000DF806000000C03FF1FFFFDF3A00F19E5C
:105BA80099DAFF03F10D0000F909F10D0000F6097B
:105BB800F10D0000FB03F19E99EA4E00F1FFFFFF93
:105BC800EF05F10D0010E54FF10D000040BFF10D9C
:105BD800000020DFF10D000030CFF10D0000C17F83
:105BE800F19E99BAFF0AF1FFFFEF5B000020C8FEA3
:105BF800BE160070FFADCAFF2E70EF040010E6233A
:105C0800FF0300000011F80900000000B05F000069
:105C1800000000FD0300000000D03F00000000006D
:105C2800FB0500000000809F0000000000F23F001C
:105C380000001001F85E0000613E00F9DFAAFCEFE9
:105C4800020093EDDF6A01F1FFEFCE380000F19E0C
:105C5800A9EBFF0900F10D0000D5AF00F10D000020
:105C680010FD06F10D000000F40CF10D000000E03D
:105C78001FF10D000000C03FF10D000000C03FF112
:105C88000D000000E01FF10D000000F40BF10D0005
:105C98000010FD05F10D0000D49F00F19EA9EBFF57
:105CA8000800F1FFFFCE380000F1FFFFFFFF18EFFB
:105CB800AAAAAA5AF10D00000010DF00000000F1A6
:105CC8000D00000010FFAAAAAA5AF1FFFFFFFF1853
:105CD800DF00000000F10D00000010DF00000000F0
:105CE800F10D00000010DF00000000F1AFAAAAAA21
:105CF80015FFFFFFFF8FF1FFFFFFFF14EFAAAAAA0E
:105D08002AF10D00000010DF00000000F10D000076
:105D18000010FFAAAAAA02F1FFFFFF3F10DF000050
:105D28000000F10D00000010DF00000000F10D0080
:105D3800000010DF00000000F10D00000010DF007F
:105D48000000000010B7FEDE5A0000E6EFABDBFFF4
:105D58001E60EF050000711EE13F0000000001F722
:105D6800090000000000FB040000000000FD030023
:105D780070AAAA1AFD0300B0FFFF1FFB0500000070
:105D8800C01FF70A000000C01FF24F000000C01F2C
:105D980070FF070000D21F00F7EFABDBFF1D0020EC
:105DA800B7FECE4900F10D000000FD11DF00000034
:105DB800D01FF10D000000FD11DF000000D01FF121
:105DC8000D000000FD11FFAAAAAAEA1FF1FFFFFFBC
:105DD800FFFF11DF000000D01FF10D000000FD11D2
:105DE800DF000000D01FF10D000000FD11DF0000F2
:105DF80000D01FF10D000000FD11DF000000D01FD2
:105E0800FAFFFF41D78F1700FB0300B03F0000FBEC
:105E18000300B03F0000FB0300B03F0000FB03009D
:105E2800B03F0000FB0300B03F0074FD78A1FFFF06
:105E38001F00FBFF4F0085C84F0000A04F0000A0C7
:105E48004F0000A04F0000A04F0000A04F0000A08E
:105E58004F0000A04F0000A04F0000B04F0000E12D
:105E68001FC8AAFE08D7EF5C00EF000000F71CEF80
:105E7800000070CF01EF0000F61C00EF0060CF01BA
:105E880000EF00F51C0000EF50CF010000EFF42FE9
:105E9800000000FFEFAF000000FF2AFD090000EF3F
:105EA80000D28F0000EF0030FE0600EF0000E35F35
:105EB80000EF000040FF04EF000000F53EF10D0088
:105EC800000010DF00000000F10D00000010DF00EE
:105ED800000000F10D00000010DF00000000F10DCF
:105EE80000000010DF00000000F10D00000010DFCE
:105EF80000000000F10D00000010DF00000000F1BC
:105F0800AFAAAAAA12FFFFFFFF2FF1CF000000E1FE
:105F1800EFF1FF050000F8EFF1EC0C0010BEEFF117
:105F28007C5F00703FEFF11CCE00E10BEFF10CF746
:105F380005F603EFF10CE10CBD00EFF10C80AF3F6B
:105F480000EFF10C10FE0B00EFF10C00F80400EF6D
:105F5800F10C00210000EFF10C00000000EFF10C43
:105F680000000000EFF10C00000000EFF1FF03005B
:105F780000FC11EFCF0000C01FF1AC5F0000FC1166
:105F8800CFF20D00C01FF10CF90600FC11CF10EE86
:105F980001C01FF10C708F00FC11CF00D02EC01F64
:105FA800F10C00F609FC11CF0000FCC31FF10C0036
:105FB80040BFFC11CF0000B0EF1FF10C0000F3FF51
:105FC80011CF000000F91F0040DAEF8C020000F941
:105FD800CFAAFD6F0090DF030050FE05F22E0000EF
:105FE80000F50DF808000000C04FFB040000008019
:105FF8007FFD03000000609FFD03000000609FFB21
:1060080004000000807FF808000000C04FF22E0056
:106018000000F50D90DF030050FE0500F9CFAAFD42
:106028006F000040DAEF9D0200F1FFFFAD0310EFB3
:1060380099CAFF07F10D0040FF12DF0000A06FF1C1
:106048000D0000F916DF0000D03FF10D10B4BF10AD
:10605800FFFFFFBF01F19E99370010DF000000002D
:10606800F10D00000010DF00000000F10D0000003D
:1060780010DF000000000040DAEF8C020000F9CFCA
:10608800AAFD6F0090DF030050FE05F22E0000000D
:10609800F50DF808000000C04FFB04000000807FE9
:1060A800FD03000000609FFD03000000609FFB04EB
:1060B800000000807FF808000000C04FF22E0000AA
:1060C80000F50D90DF030050FE0400F9CFAAFD5E35
:1060D800000040DAFFCF020000000020BF000000EF
:1060E800000000FE031000000000F6BEDC00000007
:1060F8000060FDBEF1FFFFBE060010EF99CAFF0960
:1061080000F10D0030FE0310DF0000A07F00F10D4C
:106118000000F90610DF0000D02F00F10D10A39F3A
:106128000010FFFFFF7E0000F19EA9DF010010DFD5
:106138000080CF0100F10D00A0BF0010DF0000B00B
:10614800AF00F10D0000C19F10DF000000D28F00EA
:10615800A4FDDF7B0280FFACCAFF0EF43E000061A5
:106168000CF90700000000F70900000000F38F0396
:1061780000000050FEFFAD17000050B8FEFF0600FB
:10618800000020F73F00000000907F03000000900F
:106198006FBA040000E52EFAEFABDBEF0550C9FE3D
:1061A800CE2800FFFFFFFFFFFFA5AAAAFEABAA3A71
:1061B8000000C02F0000000000FC0200000000C02A
:1061C8002F0000000000FC0200000000C02F0000AB
:1061D800000000FC0200000000C02F0000000000CA
:1061E800FC0200000000C02F0000000000FC0200BC
:1061F800000000C02F0000000000FC020000F40AAC
:10620800000000EFF40A000000EFF40A000000EFBD
:10621800F40A000000EFF40A000000EFF40A00009E
:1062280000EFF40A000000EFF40A000000EFF40A9F
:10623800000010DFF30B000020CFF01F0000709F5C
:1062480090AF0100E34F10FCBECAFF080071ECEFED
:106258004B00F808000000B03FF30D000000F20DFD
:10626800C04F000000F707609F000000FD0210EF1C
:10627800010030BF0000FA0500905F0000F40B0039
:10628800E00E0000E02F00F5090000807F00FA030F
:10629800000020DF10CF00000000FC737F0000002A
:1062A80000F6C91F00000000E1FE0A00000000A07F
:1062B800FF050000FE010030FF010020BFFA0400C6
:1062C80070FF0400607FF60800A0FE0800A03FF2FF
:1062D8000C00E0D90C00E00ED01F00F3951F00F36E
:1062E8000A905F00F7515F00F706509F00CB109FA0
:1062F80000FA0210DF008E00DC00DE0000FB424FD7
:1063080000F8329F0000F7861F00F4765F0000F364
:10631800CA0C00F0B91F0000E0FE0800B0ED0C0048
:1063280000A0FF040070FF07000060FF000030FFBE
:106338000300D05F000000F70AF32E0000F21D00F2
:10634800F70B00C04F0000FB06808F000020EE42D4
:10635800CF00000050CFED0200000090FF050000C4
:106368000000F97F00000000F5EA3F000000E21D90
:10637800F40C0000C04F00F90800808F0010FD04E5
:1063880040CF000040DF11FD02000080AFF9080097
:106398000020DF11FE030000FC0450CF0000F609C6
:1063A80000B06F00E21E0000E22EA05F000000F6C1
:1063B8005AAF00000000FCEE0100000030FF0500AD
:1063C800000000C02F0000000000FC0200000000D8
:1063D800C02F0000000000FC0200000000C02F00D9
:1063E80000000000FC020000F7FFFFFFFF5FA4AA07
:1063F800AAAAFA5F00000000F80A00000060CF01B6
:10640800000000F41D00000020EE03000000D14F42
:1064180000000000FB07000000909F00000000F74C
:106428000B00000050DF01000000E32E0000000018
:10643800FBADAAAAAA6AFCFFFFFFFF9F90ECEF7CC6
:1064480000F0BDA9FE0A300000D12F000000A14FC6
:1064580020C8FEFF4FE3BF68A54FFC0500804FEE44
:106468000000804FFD0300D54FF6BFDBEF4F50FC17
:10647800AE834F00B4FEAD04F7AEB9DFF41D0020C3
:10648800A85F000000FD010000E00F000000FD0112
:106498000000A05F000000F51D002008F9AEB9DF7C
:1064A80000B5FE9D0300B4FE9D0270DF89FA2EF34D
:1064B8000900509FFA121111DEFDFFFFFFEFEE44B5
:1064C800444444FD01000000FA06000000F44E00B8
:1064D800008470FF9CDABF00A4FDCE2800B4FE9CA7
:1064E800AF70FFABFCAFF32D0040AFF9060030AF43
:1064F800FD010030AFFE000030AFFD010030AFFB02
:10650800040030AFF61B00A2AFC0EFCBEFAF10E92D
:10651800DF489F000000507F200000C12FC0BEAAA6
:10652800FE0880ECEF5B00F33AAFF33AAFF33AAF13
:10653800F33AAFF33AAFF33AAFF33AAFF30AF32AC9
:10654800EABE03A3FE4C30DFEFDBEFF8BEFC2FF30F
:106558007F0090FF1800F937AF0000F40A0030AF51
:10656800F30A0030AF0000F23BAF0000F20A00204F
:10657800BFF30A0020AF0000F23BAF0000F20A00B0
:1065880020BFF30A0020AF0000F23BAF0000F20A80
:106598000020BFF30A0020AF0000F20BF32AE9DF66
:1065A80005F3FDBEFC4FF38F0160AFF30A0000DF77
:1065B800F30A0000EEF30A0000EEF30A0000EEF31F
:1065C8000A0000EEF30A0000EEF30A0000EEF30AF8
:1065D8000000EE00C5EE6C0000F9AEDAAF00F41C66
:1065E80000B16FA04F0000F20CFD000000FDE00EAE
:1065F8000000C01FFD010000FEA04F0000F20CF4D7
:106608001C00B16F00F9AED9BF0000C5FE7C0000C8
:10661800F31AE98FF3EDCF9CF39F0100F30A000012
:10662800F30A0000F30A0000F30A0000F30A00006E
:10663800F30A0000F30A0000F30A000030EADF7BE7
:1066480041EF8AEA3FFB030050C22F000000F89E8A
:10665800250000D7FFDF06002095FE040000608FAC
:106668003A0000F7E7CF89FB1D94FDCE170020AF55
:10667800000020AF000020AF0000F6FFFF7F93DF8F
:10668800884820AF000020AF000020AF000020AFF6
:10669800000020AF000020BF000010EF010000FA4A
:1066A8009D6A0091FD5DF10D00A02F00606FC02F65
:1066B80000E17F00A02F805F00F5CE00D00D409F45
:1066C80000DAF702F10900CE008EF207F50600FBAA
:1066D800413FC00CF80200F7940D802FDC0000F356
:1066E800E808307F9F0000E0FE0300ED5F0000A097
:1066F800DF0000F81F0000609F0000F30C0000613D
:10670800570100E4FFDF03E13D51DE604F00704FA9
:10671800F70200F5458F00B02FB0BFC88F0080FD8D
:106728006D00C7FE8D00CE78FC080200E00D000069
:10673800F10B0000FA0400C24E0060BE0200FC6BC0
:106748006636FFFFFF7F0000000000002000000009
:10675800000004000000000000003F0005080800D9
:1067680005000000140000004E000608080107009C
:1067780000002C0000005400070808000600000074
:1067880048000000650006060600060000005A00E2
:106798000000740004080800040000006A000000FB
:1067A8007700080606000800000082000000780054
:1067B8000606060006000000000000002000000099
:1067C800000009000000000000002E00040404037B
:1067D800090006000800000030000E131301110024
:1067E80000008D00000031000B131303110000009E
:1067F800F600000032000D131302110000007201B0
:10680800000033000D13130211000000EE01000018
:1068180034000F131301110000007D020000350041
:106828000D13130211000000F902000036000F13C7
:106838001301110000008803000037000E13130134
:10684800110000000D04000038000E1313011100A0
:1068580000009204000039000E131301110000001B
:10686800170500003A00040F0F040C060200350556
:1068780000003F000B1313020E0802009E050000E3
:10688800410012131300120A0300490600004400D5
:106898001113130214000000EB06000045000D134D
:1068A80013021000000067070000470012131301CD
:1068B800140D01001208000048000F131302140001
:1068C8000000A10800004B00101313021200000082
:1068D800390900004C000D1313020E000000B50921
:1068E80000004D001213130216000000600A000099
:1068F8004E000F13130213000000EF0A00004F00B0
:1069080012131301140E01009A0B000050000D130E
:10691800130210000000160C00005200101313029E
:1069280012000000AE0C0000540010131300100FEA
:106938000800460D0000560012131300121702003B
:10694800F10D000061000D0F0F0110190500530E25
:10695800000062000D14140210000000D50E0000A3
:1069680063000C0F0F010E1E01002F0F00006500C1
:106978000E0F0F010F1F0500980F000066000A1484
:10698800140009000000FC0F000069000313130243
:1069980007000000191000006B000D1414020F000E
:1069A80000009B1000006E000D0F0F021000000089
:1069B800FD10000070000D140F02100000007F1180
:1069C800000072000A0F0F020B240100CA11000018
:1069D80073000C0F0F010E25010024120000740033
:1069E8000A1313000A000000D2CE1302C500300CAF
:1069F800105C004D00C000000200F000BF0086CD12
:106A080003865D0A860D2C860DA5860DD0880D603F
:106A18008E0D008DEEFEEE0260080000860000601C
:106A2800080000860000600800008600006008007A
:106A380050CC09B20049D6BB6C860000D202325055
:106A4800DC3C6100D100F99CD100D100D100E0000C
:106A5800809D77600AA4A3A00C67D0B1493AB076AC
:106A6800840C802DD00A400DA007C5004CA07708E3
:106A780010CD0010CC00A08609A5004DB83BFC4FF6
:106A8800FC4FFC4F0000C7FEAD030000C1FFFFFF35
:106A98007F0000FB8F34C5FF0540FF060010FD0C8A
:106AA800A0DF000000F53FE09F000000F17FF17FCC
:106AB800000000E09FF36F000000C0BFF35F00001C
:106AC80000C0CFF45F000000C0CFF35F000000C03B
:106AD800CFF36F000000C0BFF17F000000E09FE02F
:106AE8009F000000F17FA0DF000000F53F40FF0697
:106AF8000010FD0D00FC8F34C5FF0500D1FFFFFF1E
:106B08007F000000C7FEAD03000000F30E00000088
:106B1800C3EF0000D6FEFF0E0070FFFFEF0000007D
:106B280000F80E00000080EF00000000F80E0000E2
:106B38000080EF00000000F80E00000080EF000069
:106B48000000F80E00000080EF00000000F80E00C2
:106B5800000080EF00000000F80E00000080EF0049
:106B6800000000F80E0070FFFFFFFFBFF7FFFFFFF8
:106B7800FF0C30B7FDDE390060FFFFFFFF7F00F735
:106B88009E4695FF5F6006000030FF0C0000000085
:106B9800B0FF0000000000F90F00000000B0DF00A7
:106BA80000000020FF0900000000FA2F000000008C
:106BB800F76F00000000F69F00000000F6AF00002D
:106BC8000000F79F00000000F97F00000010FB6F35
:106BD80000000020FD4E00000000FE6E44444444C6
:106BE800E3FFFFFFFFFFDFFEFFFFFFFFFF0D20A713
:106BF800FDEF6B0140FFFFFFFFDF02F59D4675FCCF
:106C0800CF3004000000FB2F0000000060FF0200EE
:106C1800000000FB0C00000052FB2D000080FFDF8D
:106C280017000000F8FFAE0200001043B6FF050091
:106C3800000000A0EF0100000000F36F000000005A
:106C480010FF0800000000F18F0000000060FFB591
:106C580005000020FE1EFD9D4695FE6FC0FFFFFF4C
:106C6800FF6F0040C9FECE28000000000000F57F3D
:106C78000000000000F4FF0700000000E3FF7F00B1
:106C8800000000E27FFF07000000D18FF07F0000C6
:106C980000C1AF00FF070000B0BF00F07F00009008
:106CA800CF0100FF070080DF0100F07F0060EF02E6
:106CB8000000FF0700EF030000F07F00F0FFFFFF78
:106CC800FFFFFF4FFFFFFFFFFFFFFF14111111111F
:106CD800FF180100000000F07F000000000000FF26
:106CE800070000000000F07F000000000000FF0720
:106CF8000000000000F07F0000C0FFFFFFFFFF085A
:106D0800FCFFFFFFFF8FC0BF4444444402FC0A005D
:106D1800000000C0AF0000000000FC0A00000000F6
:106D2800C0AF2212000000FCFFFFDF1800C0FFFF09
:106D3800FFFF3E00351221A4FF1D0000000080FF68
:106D48000500000000F19F0000000000FE0A00009E
:106D58000000F09F0000000040FF7605000020FDC5
:106D68001EF99D4686FE6F90FFFFFFFF7F0040C91A
:106D7800FEDE290000000010B6EDDF03000060FE13
:106D8800FFFF4F000080FF8D4575030060FF07007F
:106D980000000010FE070000000000F60D000000D3
:106DA8000000C08FA4FDDF290000FEFDFFFFFF4E9D
:106DB80000F2FF5A3384FF2E30FF06000050FF090F
:106DC800F45F000000B0EF30FF05000000F81FF28C
:106DD8007F00000070FF01FE0A000000F80FA0EF1E
:106DE800010000C0BF00F4AF000060FF0500FABF5B
:106DF8002493FF0B0010FBFFFFFF1A000000B5FEF5
:106E0800BE050000F1FFFFFFFFFFDFF1FFFFFFFFFF
:106E1800FFDF404444444494DF0000000000E19F49
:106E28000000000000F71E0000000010FE0800002F
:106E3800000090EF0100000000F27F000000000059
:106E4800FA0D0000000030FF0600000000B0DF006F
:106E580000000000F45F0000000000FC0C000000CF
:106E68000060FF0400000000D1BF0000000000F730
:106E78003F0000000010FE0A0000000080FF020032
:106E8800000000F29F000000000020C8FEBE0600BF
:106E980000E5FFEFFFCF0230FF4B0071FF0CB0DFC2
:106EA800000000F64FE0AF000000F17FD0CF0000F7
:106EB80000F25F80FF090000F71E10FBDF1740FE9D
:106EC800040070FFFFFC3C0000C39FFBFF6D003017
:106ED800FE0510D7FF0AD09F000010F97FF43F008D
:106EE8000000D0CFF62F000000A0EFF55F000000F3
:106EF800B0DFF1CF010000F38F80FF4C0071FE1D61
:106F080000F8FFFFFFCF020030D9FEBE05000020C9
:106F1800D8EE8D020000E5FFFFFF6F0050FF5C32E6
:106F2800D6FF04D1CF010010FD0DF54F000000F58C
:106F38004FF71F000000F08FF81F000000C0AFF7E8
:106F48003F000000C0BFF3BF000000C0CFA0FF6C2F
:106F58003374FDBF10FBFFFFFFEEAF0060DBEF7C7B
:106F6800E18F0000000000F34F0000000000F80E61
:106F78000000000030FF0800000000E3DF010067A8
:106F880044B6FF3E0000FBFFFFBF020000E8EF9C95
:106F9800040000F96FF96FF96FB75B00000000009B
:106FA800000000000000000000B75BF96FF96FF9FE
:106FB8006F83EBEF9D02F0FFFFFFFF05DF5854F9E9
:106FC800FF53000000F59F00000000FE0B000000CA
:106FD800D0AF00000020FF07000010FC1E000020BA
:106FE800FC4E000081FF3D0000B0FF18000000FBD0
:106FF80008000000B08F00000000EA080000000050
:1070080000000000000000000000A08B000000004D
:10701800FD0B000000D0BF000000000000E0FF0BE7
:10702800000000000000F5FF2F000000000000FA3B
:10703800FB7F000000000010FFA5CF00000000004B
:1070480060EF40FF0300000000C08F00FD08000053
:107058000000F23F00F80E00000000F80C00F24FAC
:1070680000000000FD0700C0AF00000030FF010075
:1070780060EF01000090AF000010FF050000E0FF86
:10708800FFFFFFFF0B0000F5FFFFFFFFFF1F0000E2
:10709800FA3A333333E37F0010FF05000000A0CF36
:1070A8000060EF0100000050FF03C0AF00000000C7
:1070B80010FF08F25F0000000000FB0DF71F000042
:1070C800000000F64FF7FFFFEF9C15000070FFFF70
:1070D800FFFFFF6E0000F74F3354C8FF9F0070FF9B
:1070E80001000030FD8F00F71F00000010FC4F70FA
:1070F800FF0100000020FE0CF71F00000000A0FFA9
:1071080072FF0100000000F55FF71F00000000306B
:10711800FF77FF0100000000F28FF71F000000005A
:1071280030FF77FF0100000000F55FF71F00000047
:107138000090FF71FF0100000020FE0BF71F000008
:107148000010FB3F70FF01000030FC7F00F74F3359
:1071580054B7FF8F0070FFFFFFFFFF6E0000F7FFBF
:10716800FFEF9C05000000F7FFFFFFFFFF7FFFFF19
:10717800FFFFFFFFF75F4444444474FF0100000031
:1071880000F71F0000000070FF0100000000F71F5B
:107198000000000070FFFFFFFFFFFFF7FFFFFFFF8A
:1071A800FF7FFF5555555555F71F0000000070FF2C
:1071B8000100000000F71F0000000070FF01000040
:1071C8000000F71F0000000070FF0100000000F73A
:1071D8005F4444444474FFFFFFFFFFFFF7FFFFFFD6
:1071E800FFFF0F000010A6EDEF9C15000000E8FF60
:1071F800FFFFFFEF1900B1FF9E4543B7FF4F00FAAD
:10720800AF01000000714E50FF0A0000000000218D
:10721800D0EF01000000000000F28F000000000025
:107228000000F64F00000000000000F72F000010DB
:1072380044444414F81F000040FFFFFF5FF72F008D
:107248000040FFFFFF5FF65F0000000000F35FF201
:107258009F0000000000F35FD0EF0100000000F382
:107268005F60FF0B00000000F35F00FCBF0200003E
:1072780000F35F00C1FFAF4654A7FE5F0010F9FF9F
:10728800FFFFFFEF18000010A7EDEF8C0400F71FB9
:1072980000000000F87FFF0100000080FFF71F00DA
:1072A800000000F87FFF0100000080FFF71F0000CA
:1072B8000000F87FFF0100000080FFF71F000000BA
:1072C80000F87FFFFFFFFFFFFFFFF7FFFFFFFFFF54
:1072D800FF7FFF55555555A5FFF71F00000000F823
:1072E8007FFF0100000080FFF71F00000000F87F0B
:1072F800FF0100000080FFF71F00000000F87FFF7B
:107308000100000080FFF71F00000000F87FFF0168
:1073180000000080FFF71F00000000F80FF62F00A4
:10732800000030FE1CF62F000000E2DF01F62F00FF
:107338000020FD2D00F62F0000D1EF0200F62F00EF
:1073480010FC3E0000F62F00B1EF030000F62F00FE
:10735800FB4E000000F62FA0FF04000000F62FF9F6
:107368005F00000000F69FFF6F00000000F6FFEED0
:10737800FF04000000F6EF33FE3E000000F64F0069
:10738800F4EF020000F62F0060FF1D0000F62F004A
:1073980000F8BF0000F62F000090FF0A00F62F004B
:1073A8000000FB8F00F62F000000C1FF06F62F003B
:1073B800000010FD5FF71F0000000070FF010000D3
:1073C8000000F71F0000000070FF0100000000F738
:1073D8001F0000000070FF0100000000F71F000000
:1073E800000070FF0100000000F71F00000000709F
:1073F800FF0100000000F71F0000000070FF0100FF
:10740800000000F71F0000000070FF0100000000EE
:10741800F71F0000000070FF0100000000F75F4444
:1074280044444472FFFFFFFFFF8FF7FFFFFFFFFF9A
:1074380008F7FF0300000050FF6FF7FF0A00000085
:10744800C0FF6FF7FF2F000000F4FF6FF7BDAF001C
:107458000000FBF96FF73DFF020030EFF36FF70D07
:10746800FC0900A08FF26FF70DF41F00F21EF26FF7
:10747800F70DC08F00F908F26FF70D50EF11FE02FB
:10748800F26FF70D00FD879F00F26FF70D00F6EE23
:107498002F00F26FF70D00E1FF0A00F26FF70D0001
:1074A80070FF0300F26FF70D00109B0000F26FF7FA
:1074B8000D0000000000F26FF70D0000000000F260
:1074C8006FF70D0000000000F26FF70D00000000DC
:1074D80000F26FF70D0000000000F26FF7FF0A00DE
:1074E8000000F67FFFFF03000060FFF7DEBF00002B
:1074F80000F67FDFF54F000060FFF70DFC0C000081
:10750800F67FDF40FF050060FFF70DB0DF0000F6F3
:107518007FDF00F36F0060FFF70D00FA0D00F67FC4
:10752800DF0030FF0760FFF70D00A0EF01F67FDFF7
:107538000000F27F60FFF70D0000F91EF67FDF0004
:107548000010FE68FFF70D000080FFF77FDF0000E6
:1075580000E1EFFFF70D000000F7FF7FDF000000FC
:1075680010FEFFF70D00000060FF0F000040D9FE7D
:10757800BD1700000020FCFFFFFFEF070000E3FF3E
:107588007C4595FF9F0010FD7F000000D2FF06702C
:10759800FF0700000010FE0EE0DF0000000000F60C
:1075A8006FF37F0000000000F1AFF64F000000000D
:1075B80000C0DFF72F0000000000A0EFF81F000058
:1075C80000000090FFF72F0000000000A0EFF64F2A
:1075D8000000000000C0DFF37F0000000000F1AFF2
:1075E800E0DF0000000000F66F70FF0700000010E9
:1075F800FE1E10FD7F000000C2FF0600E3FF7C4472
:1076080095FF9F000020FCFFFFFFEF0700000040F0
:10761800D9FEBE170000F7FFFFDE6A0070FFFFFF0C
:10762800FFDF02F74F3364FCDF71FF010000F87FD2
:10763800F71F000000FE7CFF010000B0DFF71F000D
:107648000000FC7DFF010000F1AFF71F0000A0FF64
:1076580074FF3443D7FF0AF7FFFFFFFF0970FFFFEE
:10766800EF9D0300F71F0000000070FF01000000FD
:1076780000F71F0000000070FF0100000000F71F66
:107688000000000070FF0100000000F71F0000006C
:107698000000F7FFFFEF8C020000F7FFFFFFFF6F0E
:1076A8000000F74F3354FAFF0400F71F000040FFB3
:1076B8000B00F71F000000FC0D00F71F000000FB87
:1076C8000E00F71F000000FD0B00F71F000050FF21
:1076D8000600F71F0031F8BF0000F7FFFFFFFF09A2
:1076E8000000F7FFFFFF6F000000F73F22E4DF0113
:1076F8000000F71F0050FF0C0000F71F0000F8AF54
:107708000000F71F0000B0FF0700F71F000010FD82
:107718005F00F71F000000E2EF03F71F00000040C2
:10772800FF1DF71F00000000F7BFFFFFFFFFFFFF6F
:10773800FFFFFFFFFFFFFFFFFFFF444444F77F44C5
:107748004444000000F44F000000000000F44F0023
:107758000000000000F44F000000000000F44F009B
:107768000000000000F44F000000000000F44F008B
:107778000000000000F44F000000000000F44F007B
:107788000000000000F44F000000000000F44F006B
:107798000000000000F44F000000000000F44F005B
:1077A8000000000000F44F000000000000F44F004B
:1077B8000000000000F44F000000000000F44F003B
:1077C8000000F73F0000000000F54FF28F000000B6
:1077D8000000FA0DC0DF0000000010FE0860FF0482
:1077E80000000060FF0310FF09000000B0CF000098
:1077F800FA0E000000F17F0000F55F000000F61FA0
:107808000000E0AF000000FC0B000090FF0100202A
:10781800FF05000030FF060070EF01000000FD0BBF
:1078280000D0AF00000000F82F00F34F0000000068
:10783800F27F00F80E00000000C0CF00FD08000035
:10784800000060FF42FF030000000010FF98CF0017
:107858000000000000FAED7F000000000000F5FFC6
:107868002F000000000000E0FF0B00000020B8ED32
:10787800EF8C0100F6FFFFFFEF03608C4543E8CF74
:107888000000000000F53F0000000000FF05007345
:10789800CAEEFF6F10FAFFFFFFFF06FCBF4612F0AB
:1078A8006FF57F000000FF96DF000000F06FFA0D13
:1078B800000000FF86FF020020FA6FF3DF5795FEF5
:1078C800FF06F7FFFFEFF76F00C5EE8C02FF06FA21
:1078D8000B00000000A0BF0000000000FA0B000031
:1078E8000000A0BF0000000000FA0B00000000A08C
:1078F800BF40EADF1800FA9CFFFFFF1DA0FFDF680A
:10790800B6FF0BFA7E0000A0FFA3BF000000F28FB5
:10791800FA0B000000FCAABF000000A0CFFA0B0081
:107928000000FAACBF000000B0BFFA0B000000FD79
:10793800A9BF000000F35FFA0B0000C1DFA0FF6BD6
:1079480034D6FF05FAFFFFFFFF06A0BFB7FEAE0360
:10795800000010C7FEAD0500E4FFFFFFCF30FE7E3C
:1079680033A5CFC0EF02000092F36F00000000F7CC
:107978001F00000000F90D00000000FA0C000000D4
:1079880000F90D00000000F71F00000000F46F0070
:10799800000000D0EF0200008240FF7E2395CF0058
:1079A800E5FFFFFFCF0020C8FEAE050010C7FEAD03
:1079B800030000E3FFFFFF6F0020FE5C11B3FF032D
:1079C800B0CF000000FC0AF23F000000F50FF60DF2
:1079D800000000F32FF9FFFFFFFFFF3FFADFDDDDB7
:1079E800DDDD3DF90C0000000000F70E000000008E
:1079F80000F36F0000000000C0EF03000010083023
:107A0800FE9F2453FA0E00D3FFFFFFFF0D0010B6B0
:107A1800FEDE49000000B5FECE0080FFFFFF00F249
:107A2800BF345300F61E000000F80C0000F2FFFF00
:107A3800FF1FF2FFFFFF1F10F81D110100F80D00D6
:107A48000000F80D000000F80D000000F80D00001F
:107A580000F80D000000F80D000000F80D0000000F
:107A6800F80D000000F80D000000F80D000000F807
:107A78000D000000F80D0000FCCEEF860700F99C11
:107A8800CFF99CCFF99CCFF99CCFF99CCFF99CCF2B
:107A9800F99CCFF90CF80D0000000080DF00000011
:107AA8000000F80D0000000080DF0000000000F872
:107AB8000D0000000080DF000000FB4FF80D000003
:107AC800FA5F80DF0000F85F00F80D00F76F0080B4
:107AD800DF00F67F0000F80DF58F000080DFF48FDF
:107AE800000000F8EEFF0A000080FFBFFF0800005A
:107AF800F85FA0FF060080DF00C1FF0400F80D005A
:107B0800D1EF0380DF0000E2EF02F80D0000F4DFA0
:107B180081DF000000F5BFFA0B93FD9D02A0CFF9AD
:107B2800FFFFDF02FAFF9E66FB9FA0FF190000FB24
:107B38000EFA0B000050FFA2BF000000F43FFA0B42
:107B4800000030FFA3BF000000F33FFA0B00003035
:107B5800FFA3BF000000F33FFA0B000030FFA3BFF4
:107B6800000000F33FFA0B000030FFA3BF00000045
:107B7800F33FFA0B000030FF03FA0BA4FE8D01A0BF
:107B8800CFFAFFFFDF01FAFF8D66FBBFA0EF07000A
:107B980000FA3FFA0B000020FFA7BF000000C0AFAB
:107BA800FA0B000000FAACBF000000A0CFFA0B00EF
:107BB8000000FBABBF000000D09FFA0B000030FFB5
:107BC800A5BF000010FC0DFAAF4664FD5FA0FFFFE3
:107BD800FFFF6F00FA5BDBDF3A00A0BF0000000088
:107BE80000FA0B00000000A0BF0000000000FA0B24
:107BF80000000000A0BF0000000000FA0B92FD3E4C
:107C0800FA6BFFFF3FFAFFAF7729FABF020000FACD
:107C18000C000000FA0B000000FA0B000000FA0B41
:107C2800000000FA0B000000FA0B000000FA0B003D
:107C38000000FA0B000000FA0B000000FA0B00002D
:107C480000FA0B0000000082ECDF7B0240FEFFFF21
:107C5800FF0EE2CF2542E80EF61F00001007F80ECF
:107C680000000000F59F01000000D0FFCF6902006E
:107C780020FAFFFFBF02001085FBFF0D0000001077
:107C8800F85F00000000F07F57000000F25FF97C09
:107C98002352FD1DF8FFFFFFEF0330C9FECE17008A
:107CA80000F90C000000F90C000000F90C000000BD
:107CB800F90C0000F3FFFFFFBFF3FFFFFFBF10F950
:107CC8001C111100F90C000000F90C000000F90C5F
:107CD800000000F90C000000F90C000000F90C008D
:107CE8000000F90C000000F80D000000F72F00005C
:107CF80000F3BF346500A0FFFFBF0000D7EF7C0092
:107D080000000000300015201F021900000050017B
:107D180000003100111E1E05190000004F0200006E
:107D28003200141F1F0319000000850300003300F0
:107D380014201F0319000000C50400003400171E9A
:107D48001E01190000001E0600003500141F1E0346
:107D58001900000054070000360016201F02190001
:107D68000000B40800003700141E1E0319000000AC
:107D7800E0090000380015201F0219000000300B30
:107D88000000390015201F0219000000800C0000B7
:107D98003F00111F1F0316000200880D000041005C
:107DA8001B1E1E001B0206001D0F00004200171EAE
:107DB8001E031B00000076100000430019201F025C
:107DC8001C0801000612000044001A1E1E031F00B2
:107DD80000008C1300004500151E1E03190000004A
:107DE800C71400004600141E1E0317000000F315F8
:107DF800000047001B201F021F090100A3170000F5
:107E08004800181E1E031E0000000B190000490040
:107E18000D1E1E0211000000CE1900004A000F1F9F
:107E28001E00120A0100B71A00004B00181E1E049B
:107E38001C0000001F1C00004C00141E1E0316002E
:107E480000004B1D00004D001B1E1E0322000000F9
:107E5800E01E00004E00181E1E031E0000004820F1
:107E680000004F001C201F021F0B01000822000009
:107E78005000141E1E031800000034230000510097
:107E88001C271F021F000000562500005200191E63
:107E98001E031C000000CD260000530017201F02FF
:107EA8001B0000003D2800005400191E1E00190C7C
:107EB8000800B42900005500171F1E031D0000000C
:107EC800192B000056001B1E1E001B140200AE2CAE
:107ED80000005700251E1E0128160200D92E00009A
:107EE8005800191E1E011B000000503000005900E8
:107EF800191E1E0019180200C73100005A00181E6A
:107F08001E021B000000000000000000200000000E
:107F1800000007000000000000002500130E0E01FD
:107F280016000000850000002D0007020701090067
:107F380007008C0000002E00030303020707080057
:107F4800910000002F000A120FFF09000000EB004B
:107F5800000030000B0E0E010D000000380100007B
:107F68003100090E0E020D000000770100003200FA
:107F78000B0E0E010D000000C401000033000B0EB3
:107F88000E010D0000001102000034000C0E0E005E
:107F98000D0000006502000035000B0E0E010D00FB
:107FA8000000B202000036000B0E0E010D000000AA
:107FB800FF02000037000B0E0E010D0000004C03FD
:107FC800000038000B0E0E010D00000099030000A0
:107FD80039000B0E0E010D000000E60300003A0008
:107FE800030B0B03090F0400F70300003F00090E01
:107FF8000E010B0000003604000041000E0E0E00BA
:108008000E1303009804000042000C0E0E010E002F
:108018000000EC04000043000D0E0E010E000000ED
:108028004705000044000E0E0E010F000000A905D0
:10803800000045000B0E0E010D000000F6050000C3
:1080480046000B0E0E010C0000004306000047001E
:108058000E0E0E0110000000A506000048000D0ECF
:108068000E010F000000000700004900070E0E0176
:1080780008000000310700004A00080E0E0009162B
:108088000200690700004B000C0E0E020E000000F3
:10809800BD0700004C000B0E0E010B0000000A0883
:1080A80000004D000E0E0E01110000006C080000CB
:1080B8004E000D0E0E010F000000C70800004F0013
:1080C8000E0E0E01100000002909000050000B0ED2
:1080D8000E010C0000007609000051000E120E017E
:1080E80010000000F409000052000D0E0E010E00F1
:1080F80000004F0A000053000C0E0E010E00000095
:10810800A30A000054000D0E0E000C180500FE0A0C
:10811800000055000C0E0E010F000000520B00006D
:1081280056000E0E0E000E1D0100B40B0000570085
:10813800120E0E01141E0100320C000058000D0E24
:108148000E000E1F01008D0C000059000D0E0E00D0
:108158000C200300E80C00005A000C0E0E010E0063
:1081680000003C0D000061000A0B0B010C23050008
:10817800730D00006300090B0B010A280100A50D0F
:10818800000065000A0B0B010C290500DC0D00003E
:1081980067000A0F0B010C2E0200270E00006C006E
:1081A800030F0F01050000003E0E00006D00110BCB
:1081B8000B01133001009C0E00006E000A0B0B012E
:1081C8000D310100D30E00006F000B0B0B010C32B8
:1081D8000500100F00007200080B0B0109370200A0
:1081E8003C0F00007300090B0B010A3902006E0FE7
:1081F80000007400080E0E0008000000A60F000022
:108208007700100B0B00103B0200FE0F0000B000BF
:1082180009080F010B00000022100000B200080935
:068228000F020B00000034
:108230004400FF005000FC005400FC005600FC000D
:108240006600FE007200FC005400FD005600FF00B6
:1082500054000100660001005000FF005400FE00C1
:108260005600FF005400FF005400FF004100FE00D4
:108270004400FF004C00FE004F00FF005200FF00D2
:108280005400FF006300FF006500FE004100FF0096
:108290004C00FF004B00FF005000FF005200FF00A9
:1082A0005400FD005600FF005400FD004B00FF008D
:1082B0005000FF005200FF005400FD005600FF0078
:1082C0005400FD005400FE0046000100540001006F
:1082D0004600FE005000FF005400FE005600FF0064
:1082E0005700FF005900FE005400FF005400FF003B
:1082F0004C0002005400FF004100FE004200FF005D
:108300004400FF00460001004C00FD004F00FF004C
:108310005200FF005400FF004100FF004C00FE002F
:108320004100FF004C00FE004100FE004C00FD003B
:10833000F0690408000000002E00FF004B00FF0061
:108340004C00FF005200FF005400FF005800FF00E7
:108350005900FF004600FE005000FE005400FE00E1
:108360005600FE005700FE005900FE007200FE009D
:108370007700FF005400FE005600FF005700FF008A
:108380005900FE004600FF005400FF005900FF00A6
:108390002D00FF004C0001002D00FF004100FF00F8
:1083A0004C00FF005400FF006500FF004C00FF0080
:1083B0004C00FF002D00FF002D00FF004100FF00DA
:1083C0004C00FF004600FF005400FE005600FF0076
:1083D0005700FF005900FF005400FE004B00FF0053
:1083E0005400FE005600FF005700FF005900FF0038
:1083F0005400FE005900FF005900FF005900FF0023
:108400004B00FF005400FE005600FF005700FF0025
:108410005900FF005400FE005900FF005400FF0007
:108420005900FF004B00FF005400FE00846A04085E
:08843000D823040808570408D2
:108438004C00610074002E002000410063006300BE
:1084480065006C003A002000020020006D002F003B
:108458007300B2000A004C006F006E0067002E0027
:10846800200041006300630065006C003A002000B2
:10847800020020006D002F007300B20000005400BD
:108488004F0052005100550045003A0020000200FC
:1084980020004E006D000A0050004F0057004500B4
:1084A80052003A002000020020005700000041005E
:1084B800690072002000540061006E006B0020000B
:1084C80050007200650073002E003A002000020080
:1084D8002000620061007200000052004D00200080
:1084E80050006F007700650072003A00200002001B
:1084F8002000570000004100630074002E00200097
:10850800480056003A0020000200200056000000F3
:108518004100630074002E0020004C0056003A0011
:10852800200002002000560000004500660066009A
:108538002E0020004100630074002E003A00200045
:10854800020000004F00700074002E00200041005F
:10855800630074002E003A0020000200000054005E
:108568004F0052005100550045003A00200002001B
:1085780020004E006D000000520041004E004700F0
:1085880045003A002000020020004B004D0000008A
:108598004F0044004F003A002000020020004B002A
:1085A8004D0000004D004F00440045003A002000F7
:1085B80002000000020020004B00500048000000AC
:1085C8000200250000000200B00000004E00650017
:1085D8007700200054006500780074000000000057
:1085E800550000000000000088000000C2000000E4
:1085F8003F0000007000000063000000C800000099
:10860800CB000000CB0000008A0000007D000000C5
:10861800CB00000097000000970000002700000032
:10862800CE000000CE0000002700000088000000F7
:10863800B0000000A4000000BA000000030103001D
:108648000001000100000000000003010301030114
:1086580000000000030103010301030102000200FE
:0A86680003010101000000000301FE
:1086740085CCFE7F8408B101B0B0B000FF100D01BD
:1086840004020608010100000000000008B1018195
:10869400B0B000840000000008B10181B0B00084D3
:1086A4000000000051CCFE7FB0AA0100FF10290198
:1086B40018323000006C04A40103762E0000C001BF
:1086C40018E80100E2010E00000200017D00000034
:1086D40000000000C090FFFF1DCCFE7FA908B10080
:1086E400FFFF010008B10181B0B000840000000068
:1086F40005CCFE7FB0AF1400FF1019011020B007A5
:108704000000AE0804B20801BA0804000001000029
:1087140000000000E1CBFE7FB0AF0200FF101901A2
:108724000E320A3C017A3CBC0100C4010400000181
:10873400000000000000000008B10181B0B0008416
:108744000000000008B10181B0B000840000000006
:108754006C7BFB7F01000000485AFE7FB0B0A8800C
:10876400785AFE7F01000000A45BFE7FB0B0AC80AD
:10877400C85BFE7F01000000F45BFE7FB0AA0380AB
:10878400205CFE7F01000000345FFE7FE4FEFF7F7B
:108794003C5FFE7F01000000485FFE7FF0FEFF7F2C
:1087A400485FFE7FF4FEFF7F545FFE7F0100000000
:1087B4006C5FFE7FB0B0A880A85FFE7F0100000060
:1087C400E45FFE7FB0B0AA801060FE7FB0B0A880E6
:1087D4007860FE7FD0FEFF7F7C61FE7F0100000099
:1087E400E4C6FE7FB0AB02808CC7FE7F01000000B0
:1087F40058C8FE7FE4FEFF7FCCC8FE7F0100000066
:1088040060C9FE7FB0B0AA8018CAFE7FD8FEFF7F81
:1088140054CAFE7FAB08B180DCCAFE7FD4FEFF7F62
:108824001CCFFE7F010000008CCFFE7FE8FEFF7F9F
:1088340058D0FE7F01000000CC3CFF7FB0A902802D
:108844005C3DFF7FB0B0A880AC3DFF7F010000001D
:10885400B43DFF7FB0B0AA80E83DFF7FAE75B28023
:10886400B83EFF7FAB3F3A80183FFF7F0100000016
:10887400203FFF7FB0B0AA805C3FFF7F0100000073
:108884001440FF7FAA0FB2809040FF7FB0AF0880F2
:108894002C43FF7F010000003C43FF7FAC3F03807B
:1088A4002446FF7F010000005446FF7F00840480BB
:1088B4006846FF7F010000006446FF7FB0AD04807E
:1088C4005849FF7FB0A803807C49FF7F6CFEFF7F7F
:1088D4008049FF7F70FEFF7F8C49FF7F010000000D
:1088E400A188030835100008B9350008713E000856
:1088F400A9460008F9B301083DCB010899E502082F
:088904000D1000088147000876
:10890C00000000005A00000034F5030800000000CD
:10891C00C043002400000000000000000000000024
:10892C00C00700240000000000000000AAAAAAAAA8
:10893C00010000001000000001000000B5F1030868
:10894C000800000041490108F54801088B4801085E
:10895C00AB460108A7460108000000000090D003B8
:10896C000090D003E8030000300A0408140A04083D
:10897C00D8090408C4090408000A0408EC0904080E
:10898C008809040874090408B00904089C0904083F
:10899C00E8080408D408040810090408FC080408B2
:1089AC003809040824090408600904084C0904085F
:1089BC009808040884080408C0080408AC080408D3
:1089CC004808040834080408700804085C08040803
:1089DC00F8070408E4070408200804080C08040835
:1089EC00D1E602084DE80208FFFFFFFF000002007D
:1089FC000000000000000000F0000024F000002443
:108A0C00F8000024F80000240001002400010024D8
:108A1C000801002408010024100100241001002486
:108A2C001801002418010024200100242001002436
:108A3C0028010024280100243001002430010024E6
:108A4C003801002438010024400100244001002496
:108A5C004801002448010024500100245001002446
:108A6C0058010024580100246001002460010024F6
:108A7C0068010024680100247001002470010024A6
:108A8C007801002478010024800100248001002456
:108A9C008801002488010024900100249001002406
:108AAC009801002498010024A0010024A0010024B6
:108ABC00A8010024A8010024B0010024B001002466
:108ACC00B8010024B8010024C0010024C001002416
:108ADC00C8010024C8010024D0010024D0010024C6
:108AEC00D8010024D8010024E0010024E001002476
:108AFC00E8010024E8010024F0010024F001002426
:108B0C00F8010024F80100240002002400020024D3
:108B1C000802002408020024100200241002002481
:108B2C001802002418020024200200242002002431
:108B3C0028020024280200243002002430020024E1
:108B4C003802002438020024400200244002002491
:108B5C004802002448020024500200245002002441
:108B6C0058020024580200246002002460020024F1
:108B7C0068020024680200247002002470020024A1
:108B8C007802002478020024800200248002002451
:108B9C008802002488020024900200249002002401
:108BAC009802002498020024A0020024A0020024B1
:108BBC00A8020024A8020024B0020024B002002461
:108BCC00B8020024B8020024C0020024C002002411
:108BDC00C8020024C8020024D0020024D0020024C1
:108BEC00D8020024D8020024E0020024E002002471
:108BFC00E8020024E8020024F0020024F002002421
:108C0C00F8020024F80200240003002400030024CE
:108C1C00080300240803002410030024100300247C
:108C2C00180300241803002420030024200300242C
:108C3C0028030024280300243003002430030024DC
:108C4C00380300243803002440030024400300248C
:108C5C00480300244803002450030024500300243C
:108C6C0058030024580300246003002460030024EC
:108C7C00680300246803002470030024700300249C
:108C8C00780300247803002480030024800300244C
:108C9C0088030024880300249003002490030024FC
:108CAC009803002498030024A0030024A0030024AC
:108CBC00A8030024A8030024B0030024B00300245C
:108CCC00B8030024B8030024C0030024C00300240C
:108CDC00C8030024C8030024D0030024D0030024BC
:108CEC00D8030024D8030024E0030024E00300246C
:108CFC00E8030024E8030024F0030024F00300241C
:108D0C00F8030024F80300240004002400040024C9
:108D1C000804002408040024100400241004002477
:108D2C001804002418040024200400242004002427
:108D3C0028040024280400243004002430040024D7
:108D4C003804002438040024400400244004002487
:108D5C004804002448040024500400245004002437
:108D6C0058040024580400246004002460040024E7
:108D7C006804002468040024700400247004002497
:108D8C007804002478040024800400248004002447
:108D9C0088040024880400249004002490040024F7
:108DAC009804002498040024A0040024A0040024A7
:108DBC00A8040024A8040024B0040024B004002457
:108DCC00B8040024B8040024C0040024C004002407
:108DDC00C8040024C8040024D0040024D0040024B7
:108DEC00D8040024D8040024E0040024E004002467
:108DFC00E8040024E8040024000000000300000044
:108E0C004C3603244300000000000000000000006A
:108E1C000000000000000000000000000000000046
:108E2C0000000000430000000000000000000000F3
:108E3C000000000000000000000000000000000026
:108E4C0000000000430000000000000000000000D3
:108E5C000000000000000000000000000000000006
:108E6C0000000000430000000000000000000000B3
:108E7C0000000000000000000000000000000000E6
:108E8C000000000043000000000000000000000093
:108E9C0000000000000000000000000000000000C6
:108EAC000000000043000000000000000000000073
:108EBC0000000000000000000000000000000000A6
:108ECC000000000043000000000000000000000053
:108EDC000000000000000000000000000000000086
:108EEC0000000000A98B03087D8B03080000000024
:108EFC00982104083C140408F0150408F015040823
:108F0C00F0150408F0150408F0150408F015040811
:108F1C00F0150408F0150408F0150408FFFFFFFF16
:108F2C00FFFFFFFFFFFFFFFFFFFF000001004153AA
:108F3C004349490000000000000000000000000050
:108F4C000000000000000000000000000000415381
:108F5C004349490000000000000000000000000030
:108F6C0000000000000000000000000000000000F5
:108F7C007806002400000000000000004C3603249A
:108F8C00B43603241C37032400000000000000004A
:108F9C0000000000000000000000000000000000C5
:108FAC0000000000000000000000000000000000B5
:108FBC0000000000000000000000000000000000A5
:108FCC000000000000000000000000000000000095
:108FDC000000000000000000000000000000000085
:108FEC000000000000000000000000000000000075
:108FFC000000000000000000000000000000000065
:10900C000000000000000000000000000000000054
:10901C0001000000000000000E33CDAB34126DE6F1
:10902C00ECDE05000B00000000000000000000005A
:10903C000000000000000000000000000000000024
:10904C000000000000000000000000000000000014
:10905C000000000000000000000000000000000004
:10906C0000000000000000000000000000000000F4
:10907C0000000000000000000000000000000000E4
:10908C0000000000000000000000000000000000D4
:10909C0000000000000000000000000000000000C4
:1090AC0000000000000000000000000000000000B4
:1090BC000000000000000000943703243039032422
:1090CC000000000000000000000000000000000094
:1090DC000000000000000000000000000000000084
:1090EC000000000000000000000000000000000074
:1090FC000000000000000000000000000000000064
:10910C000000000000000000000000000000000053
:10911C000000000000000000000000000000000043
:10912C000000000000000000000000000000000033
:10913C000000000000000000000000000000000023
:10914C000000000000000000000000000000000013
:10915C000000000000000000000000000000000003
:10916C0000000000000000000000000000000000F3
:10917C0000000000000000000000000000000000E3
:10918C0000000000000000000000000000000000D3
:10919C0000000000000000000000000000000000C3
:1091AC0000000000000000000000000000000000B3
:1091BC0000000000000000000000000000000000A3
:1091CC000000000000000000000000000000000093
:1091DC000000000000000000000000000000000083
:1091EC000000000000000000000000000000000073
:1091FC000000000000000000000000000000000063
:10920C000000000000000000000000000000000052
:10921C000000000000000000000000000000000042
:10922C000000000000000000000000000000000032
:10923C000000000000000000000000000000000022
:10924C000000000000000000000000000000000012
:10925C000000000000000000000000000000000002
:10926C0000000000000000000000000000000000F2
:10927C0000000000000000000000000000000000E2
:10928C0000000000000000000000000000000000D2
:10929C0000000000000000000000000000000000C2
:1092AC0000000000000000000000000000000000B2
:1092BC0000000000000000000000000000000000A2
:1092CC000000000000000000000000000000000092
:1092DC000000000000000000000000000000000082
:1092EC000000000000000000000000000000000072
:1092FC000000000000000000000000000000000062
:10930C000000000000000000000000000000000051
:10931C000000000000000000000000000000000041
:10932C000000000000000000000000000000000031
:10933C000000000000000000000000000000000021
:10934C000000000000000000000000000000000011
:10935C000000000000000000000000000000000001
:10936C0000000000000000000000000000000000F1
:10937C0000000000000000000000000000000000E1
:10938C0000000000000000000000000000000000D1
:10939C0000000000000000000000000000000000C1
:1093AC0000000000000000000000000000000000B1
:1093BC0000000000000000000000000000000000A1
:1093CC000000000000000000000000000000000091
:1093DC000000000000000000000000000000000081
:1093EC000000000000000000000000000000000071
:1093FC000000000000000000000000000000000061
:10940C000000000000000000000000000000000050
:10941C000000000000000000000000000000000040
:10942C000000000000000000000000000000000030
:10943C000000000000000000000000000000000020
:10944C000000000000000000000000000000000010
:10945C000000000000000000000000000000000000
:10946C0000000000000000000000000000000000F0
:10947C0000000000000000000000000000000000E0
:10948C0000000000000000000000000000000000D0
:10949C0000000000000000000000000000000000C0
:1094AC0000000000000000000000000000000000B0
:1094BC0000000000000000000000000000000000A0
:1094CC000000000000000000000000000000000090
:1094DC000000000000000000000000000000000080
:1094EC000000000000000000000000000000000070
:1094FC000000000000000000000000000000000060
:10950C00000000000000000000000000000000004F
:10951C00000000000000000000000000000000003F
:10952C00000000000000000000000000000000002F
:10953C00000000000000000000000000000000001F
:10954C00000000000000000000000000000000000F
:10955C0000000000000000000000000000000000FF
:10956C0000000000000000000000000000000000EF
:10957C0000000000000000000000000000000000DF
:10958C0000000000000000000000000000000000CF
:10959C0000000000000000000000000000000000BF
:1095AC0000000000000000000000000000000000AF
:1095BC00000000000000000000000000000000009F
:1095CC00000000000000000000000000000000008F
:1095DC00000000000000000000000000000000007F
:1095EC00000000000000000000000000000000006F
:1095FC00000000000000000000000000000000005F
:10960C00000000000000000000000000000000004E
:10961C00000000000000000000000000000000003E
:10962C00000000000000000000000000000000002E
:10963C00000000000000000000000000000000001E
:10964C00000000000000000000000000000000000E
:10965C0000000000000000000000000000000000FE
:10966C0000000000000000000000000000000000EE
:10967C0000000000000000000000000000000000DE
:10968C0000000000000000000000000000000000CE
:10969C0000000000000000000000000000000000BE
:1096AC0000000000000000000000000000000000AE
:1096BC00000000000000000000000000000000009E
:1096CC00000000000000000000000000000000008E
:1096DC00000000000000000000000000000000007E
:1096EC00000000000000000000000000000000006E
:1096FC00000000000000000000000000000000005E
:10970C00000000000000000000000000000000004D
:10971C00000000000000000000000000000000003D
:10972C00000000000000000000000000000000002D
:10973C00000000000000000000000000000000001D
:10974C00000000000000000000000000000000000D
:10975C0000000000000000000000000000000000FD
:10976C0000000000000000000000000000000000ED
:10977C0000000000000000000000000000000000DD
:10978C0000000000000000000000000000000000CD
:10979C0000000000000000000000000000000000BD
:1097AC0000000000000000000000000000000000AD
:1097BC00000000000000000000000000000000009D
:1097CC00000000000000000000000000000000008D
:1097DC00000000000000000000000000000000007D
:1097EC00000000000000000000000000000000006D
:1097FC00000000000000000000000000000000005D
:10980C00000000000000000000000000000000004C
:10981C00000000000000000000000000000000003C
:10982C00000000000000000000000000000000002C
:10983C00000000000000000000000000000000001C
:10984C00000000000000000000000000000000000C
:10985C0000000000000000000000000000000000FC
:10986C0000000000000000000000000000000000EC
:10987C0000000000000000000000000000000000DC
:10988C0000000000000000000000000000000000CC
:10989C0000000000000000000000000000000000BC
:1098AC0000000000000000000000000000000000AC
:1098BC00000000000000000000000000000000009C
:1098CC00000000000000000000000000000000008C
:1098DC00000000000000000000000000000000007C
:1098EC00000000000000000000000000000000006C
:1098FC00000000000000000000000000000000005C
:10990C00000000000000000000000000000000004B
:10991C00000000000000000000000000000000003B
:10992C00000000000000000000000000000000002B
:10993C00000000000000000000000000000000001B
:10994C00000000000000000000000000000000000B
:10995C0000000000000000000000000000000000FB
:10996C0000000000000000000000000000000000EB
:10997C0000000000000000000000000000000000DB
:10998C0000000000000000000000000000000000CB
:10999C0000000000000000000000000000000000BB
:1099AC0000000000000000000000000000000000AB
:1099BC00000000000000000000000000000000009B
:1099CC00000000000000000000000000000000008B
:1099DC00000000000000000000000000000000007B
:1099EC00000000000000000000000000000000006B
:1099FC00000000000000000000000000000000005B
:109A0C00000000000000000000000000000000004A
:109A1C00000000000000000000000000000000003A
:109A2C00000000000000000000000000000000002A
:109A3C00000000000000000000000000000000001A
:109A4C00000000000000000000000000000000000A
:109A5C0000000000000000000000000000000000FA
:109A6C0000000000000000000000000000000000EA
:109A7C0000000000000000000000000000000000DA
:109A8C0000000000000000000000000000000000CA
:109A9C0000000000000000000000000000000000BA
:109AAC0000000000000000000000000000000000AA
:109ABC00000000000000000000000000000000009A
:109ACC00000000000000000000000000000000008A
:109ADC00000000000000000000000000000000007A
:109AEC00000000000000000000000000000000006A
:109AFC00000000000000000000000000000000005A
:109B0C000000000000000000000000000000000049
:109B1C000000000000000000000000000000000039
:109B2C000000000000000000000000000000000029
:109B3C000000000000000000000000000000000019
:109B4C000000000000000000000000000000000009
:109B5C0000000000000000000000000000000000F9
:109B6C0000000000000000000000000000000000E9
:109B7C0000000000000000000000000000000000D9
:109B8C0000000000000000000000000000000000C9
:109B9C0000000000000000000000000000000000B9
:109BAC0000000000000000000000000000000000A9
:109BBC000000000000000000000000000000000099
:109BCC000000000000000000000000000000000089
:109BDC000000000000000000000000000000000079
:109BEC000000000000000000000000000000000069
:109BFC000000000000000000000000000000000059
:109C0C000000000000000000000000000000000048
:109C1C000000000000000000000000000000000038
:109C2C000000000000000000000000000000000028
:109C3C000000000000000000000000000000000018
:109C4C000000000000000000000000000000000008
:109C5C0000000000000000000000000000000000F8
:109C6C0000000000000000000000000000000000E8
:109C7C0000000000000000000000000000000000D8
:109C8C0000000000000000000000000000000000C8
:109C9C0000000000000000000000000000000000B8
:109CAC0000000000000000000000000000000000A8
:109CBC000000000000000000000000000000000098
:109CCC000000000000000000000000000000000088
:109CDC000000000000000000000000000000000078
:109CEC000000000000000000000000000000000068
:109CFC000000000000000000000000000000000058
:109D0C000000000000000000000000000000000047
:109D1C000000000000000000000000000000000037
:109D2C000000000000000000000000000000000027
:109D3C000000000000000000000000000000000017
:109D4C000000000000000000000000000000000007
:109D5C0000000000000000000000000000000000F7
:109D6C0000000000000000000000000000000000E7
:109D7C0000000000000000000000000000000000D7
:109D8C0000000000000000000000000000000000C7
:109D9C0000000000000000000000000000000000B7
:109DAC0000000000000000000000000000000000A7
:109DBC000000000000000000000000000000000097
:109DCC000000000000000000000000000000000087
:109DDC000000000000000000000000000000000077
:109DEC000000000000000000000000000000000067
:109DFC000000000000000000000000000000000057
:109E0C000000000000000000000000000000000046
:109E1C000000000000000000000000000000000036
:109E2C000000000000000000000000000000000026
:109E3C000000000000000000000000000000000016
:109E4C000000000000000000000000000000000006
:109E5C0000000000000000000000000000000000F6
:109E6C0000000000000000000000000000000000E6
:109E7C0000000000000000000000000000000000D6
:109E8C0000000000000000000000000000000000C6
:109E9C0000000000000000000000000000000000B6
:109EAC0000000000000000000000000000000000A6
:109EBC000000000000000000000000000000000096
:109ECC000000000000000000000000000000000086
:109EDC000000000000000000000000000000000076
:109EEC000000000000000000000000000000000066
:109EFC000000000000000000000000000000000056
:109F0C000000000000000000000000000000000045
:109F1C000000000000000000000000000000000035
:109F2C000000000000000000000000000000000025
:109F3C000000000000000000000000000000000015
:109F4C000000000000000000000000000000000005
:109F5C0000000000000000000000000000000000F5
:109F6C0000000000000000000000000000000000E5
:109F7C0000000000000000000000000000000000D5
:109F8C0000000000000000000000000000000000C5
:109F9C0000000000000000000000000000000000B5
:109FAC0000000000000000000000000000000000A5
:109FBC000000000000000000000000000000000095
:109FCC000000000000000000000000000000000085
:109FDC000000000000000000000000000000000075
:109FEC000000000000000000000000000000000065
:109FFC000000000000000000000000000000000055
:10A00C000000000000000000000000000000000044
:10A01C000000000000000000000000000000000034
:10A02C000000000000000000000000000000000024
:10A03C000000000000000000000000000000000014
:10A04C000000000000000000000000000000000004
:10A05C0000000000000000000000000000000000F4
:10A06C0000000000000000000000000000000000E4
:10A07C0000000000000000000000000000000000D4
:10A08C0000000000000000000000000000000000C4
:10A09C0000000000000000000000000000000000B4
:10A0AC0000000000000000000000000000000000A4
:10A0BC000000000000000000000000000000000094
:10A0CC000000000000000000000000000000000084
:10A0DC000000000000000000000000000000000074
:10A0EC000000000000000000000000000000000064
:10A0FC000000000000000000000000000000000054
:10A10C000000000000000000000000000000000043
:10A11C000000000000000000000000000000000033
:10A12C000000000000000000000000000000000023
:10A13C000000000000000000000000000000000013
:10A14C000000000000000000000000000000000003
:10A15C0000000000000000000000000000000000F3
:10A16C0000000000000000000000000000000000E3
:10A17C0000000000000000000000000000000000D3
:10A18C0000000000000000000000000000000000C3
:10A19C0000000000000000000000000000000000B3
:10A1AC0000000000000000000000000000000000A3
:10A1BC000000000000000000000000000000000093
:10A1CC000000000000000000000000000000000083
:10A1DC000000000000000000000000000000000073
:10A1EC000000000000000000000000000000000063
:10A1FC000000000000000000000000000000000053
:10A20C000000000000000000000000000000000042
:10A21C000000000000000000000000000000000032
:10A22C000000000000000000000000000000000022
:10A23C000000000000000000000000000000000012
:10A24C000000000000000000000000000000000002
:10A25C0000000000000000000000000000000000F2
:10A26C0000000000000000000000000000000000E2
:10A27C0000000000000000000000000000000000D2
:10A28C0000000000000000000000000000000000C2
:10A29C0000000000000000000000000000000000B2
:10A2AC0000000000000000000000000000000000A2
:10A2BC000000000000000000000000000000000092
:10A2CC000000000000000000000000000000000082
:10A2DC000000000000000000000000000000000072
:10A2EC000000000000000000000000000000000062
:10A2FC000000000000000000000000000000000052
:10A30C000000000000000000000000000000000041
:10A31C000000000000000000000000000000000031
:10A32C000000000000000000000000000000000021
:10A33C000000000000000000000000000000000011
:10A34C000000000000000000000000000000000001
:10A35C0000000000000000000000000000000000F1
:10A36C0000000000000000000000000000000000E1
:10A37C0000000000000000000000000000000000D1
:10A38C0000000000000000000000000000000000C1
:10A39C0000000000000000000000000000000000B1
:10A3AC0000000000000000000000000000000000A1
:10A3BC000000000000000000000000000000000091
:10A3CC000000000000000000000000000000000081
:10A3DC000000000000000000000000000000000071
:10A3EC000000000000000000000000000000000061
:10A3FC000000000000000000000000000000000051
:10A40C000000000000000000000000000000000040
:10A41C000000000000000000000000000000000030
:10A42C000000000000000000000000000000000020
:10A43C000000000000000000000000000000000010
:10A44C000000000000000000000000000000000000
:10A45C0000000000000000000000000000000000F0
:10A46C0000000000000000000000000000000000E0
:10A47C0000000000000000000000000000000000D0
:10A48C0000000000000000000000000000000000C0
:10A49C0000000000000000000000000000000000B0
:10A4AC0000000000000000000000000000000000A0
:10A4BC000000000000000000000000000000000090
:10A4CC000000000000000000000000000000000080
:10A4DC000000000000000000000000000000000070
:10A4EC000000000000000000000000000000000060
:10A4FC000000000000000000000000000000000050
:10A50C00000000000000000000000000000000003F
:10A51C00000000000000000000000000000000002F
:10A52C00000000000000000000000000000000001F
:10A53C00000000000000000000000000000000000F
:10A54C0000000000000000000000000000000000FF
:10A55C0000000000000000000000000000000000EF
:10A56C0000000000000000000000000000000000DF
:10A57C0000000000000000000000000000000000CF
:10A58C0000000000000000000000000000000000BF
:10A59C0000000000000000000000000000000000AF
:10A5AC00000000000000000000000000000000009F
:10A5BC00000000000000000000000000000000008F
:10A5CC00000000000000000000000000000000007F
:10A5DC00000000000000000000000000000000006F
:10A5EC00000000000000000000000000000000005F
:10A5FC00000000000000000000000000000000004F
:10A60C00000000000000000000000000000000003E
:10A61C00000000000000000000000000000000002E
:10A62C00000000000000000000000000000000001E
:10A63C00000000000000000000000000000000000E
:10A64C0000000000000000000000000000000000FE
:10A65C0000000000000000000000000000000000EE
:10A66C0000000000000000000000000000000000DE
:10A67C0000000000000000000000000000000000CE
:10A68C0000000000000000000000000000000000BE
:10A69C0000000000000000000000000000000000AE
:10A6AC00000000000000000000000000000000009E
:10A6BC00000000000000000000000000000000008E
:10A6CC00000000000000000000000000000000007E
:10A6DC00000000000000000000000000000000006E
:10A6EC00000000000000000000000000000000005E
:10A6FC00000000000000000000000000000000004E
:10A70C00000000000000000000000000000000003D
:10A71C00000000000000000000000000000000002D
:10A72C00000000000000000000000000000000001D
:10A73C00000000000000000000000000000000000D
:10A74C0000000000000000000000000000000000FD
:10A75C0000000000000000000000000000000000ED
:10A76C0000000000000000000000000000000000DD
:10A77C0000000000000000000000000000000000CD
:10A78C0000000000000000000000000000000000BD
:10A79C0000000000000000000000000000000000AD
:10A7AC00000000000000000000000000000000009D
:10A7BC00000000000000000000000000000000008D
:10A7CC00000000000000000000000000000000007D
:10A7DC00000000000000000000000000000000006D
:10A7EC00000000000000000000000000000000005D
:10A7FC00000000000000000000000000000000004D
:10A80C00000000000000000000000000000000003C
:10A81C00000000000000000000000000000000002C
:10A82C00000000000000000000000000000000001C
:10A83C00000000000000000000000000000000000C
:10A84C0000000000000000000000000000000000FC
:10A85C0000000000000000000000000000000000EC
:10A86C0000000000000000000000000000000000DC
:10A87C0000000000000000000000000000000000CC
:10A88C0000000000000000000000000000000000BC
:10A89C0000000000000000000000000000000000AC
:10A8AC00000000000000000000000000000000009C
:10A8BC00000000000000000000000000000000008C
:10A8CC00000000000000000000000000000000007C
:10A8DC00000000000000000000000000000000006C
:10A8EC00000000000000000000000000000000005C
:10A8FC00000000000000000000000000000000004C
:10A90C00000000000000000000000000000000003B
:10A91C00000000000000000000000000000000002B
:10A92C00000000000000000000000000000000001B
:10A93C00000000000000000000000000000000000B
:10A94C0000000000000000000000000000000000FB
:10A95C0000000000000000000000000000000000EB
:10A96C0000000000000000000000000000000000DB
:10A97C0000000000000000000000000000000000CB
:10A98C0000000000000000000000000000000000BB
:10A99C0000000000000000000000000000000000AB
:10A9AC00000000000000000000000000000000009B
:10A9BC00000000000000000000000000000000008B
:10A9CC00000000000000000000000000000000007B
:10A9DC00000000000000000000000000000000006B
:10A9EC00000000000000000000000000000000005B
:10A9FC00000000000000000000000000000000004B
:10AA0C00000000000000000000000000000000003A
:10AA1C00000000000000000000000000000000002A
:10AA2C00000000000000000000000000000000001A
:10AA3C00000000000000000000000000000000000A
:10AA4C0000000000000000000000000000000000FA
:10AA5C0000000000000000000000000000000000EA
:10AA6C0000000000000000000000000000000000DA
:10AA7C0000000000000000000000000000000000CA
:10AA8C0000000000000000000000000000000000BA
:10AA9C0000000000000000000000000000000000AA
:10AAAC00000000000000000000000000000000009A
:10AABC00000000000000000000000000000000008A
:10AACC00000000000000000000000000000000007A
:10AADC00000000000000000000000000000000006A
:10AAEC00000000000000000000000000000000005A
:10AAFC00000000000000000000000000000000004A
:10AB0C000000000000000000000000000000000039
:10AB1C000000000000000000000000000000000029
:10AB2C000000000000000000000000000000000019
:10AB3C000000000000000000000000000000000009
:10AB4C0000000000000000000000000000000000F9
:10AB5C0000000000000000000000000000000000E9
:10AB6C0000000000000000000000000000000000D9
:10AB7C0000000000000000000000000000000000C9
:10AB8C0000000000000000000000000000000000B9
:10AB9C0000000000000000000000000000000000A9
:10ABAC000000000000000000000000000000000099
:10ABBC000000000000000000000000000000000089
:10ABCC000000000000000000000000000000000079
:10ABDC000000000000000000000000000000000069
:10ABEC000000000000000000000000000000000059
:10ABFC000000000000000000000000000000000049
:10AC0C000000000000000000000000000000000038
:10AC1C000000000000000000000000000000000028
:10AC2C000000000000000000000000000000000018
:10AC3C000000000000000000000000000000000008
:10AC4C0000000000000000000000000000000000F8
:10AC5C0000000000000000000000000000000000E8
:10AC6C0000000000000000000000000000000000D8
:10AC7C0000000000000000000000000000000000C8
:10AC8C0000000000000000000000000000000000B8
:10AC9C0000000000000000000000000000000000A8
:10ACAC000000000000000000000000000000000098
:10ACBC000000000000000000000000000000000088
:10ACCC000000000000000000000000000000000078
:10ACDC000000000000000000000000000000000068
:10ACEC000000000000000000000000000000000058
:10ACFC000000000000000000000000000000000048
:10AD0C000000000000000000000000000000000037
:10AD1C000000000000000000000000000000000027
:10AD2C000000000000000000000000000000000017
:10AD3C000000000000000000000000000000000007
:10AD4C0000000000000000000000000000000000F7
:10AD5C0000000000000000000000000000000000E7
:10AD6C0000000000000000000000000000000000D7
:10AD7C0000000000000000000000000000000000C7
:10AD8C0000000000000000000000000000000000B7
:10AD9C0000000000000000000000000000000000A7
:10ADAC000000000000000000000000000000000097
:10ADBC000000000000000000000000000000000087
:10ADCC000000000000000000000000000000000077
:10ADDC000000000000000000000000000000000067
:10ADEC000000000000000000000000000000000057
:10ADFC000000000000000000000000000000000047
:10AE0C000000000000000000000000000000000036
:10AE1C000000000000000000000000000000000026
:10AE2C000000000000000000000000000000000016
:10AE3C000000000000000000000000000000000006
:10AE4C0000000000000000000000000000000000F6
:10AE5C0000000000000000000000000000000000E6
:10AE6C0000000000000000000000000000000000D6
:10AE7C0000000000000000000000000000000000C6
:10AE8C0000000000000000000000000000000000B6
:10AE9C0000000000000000000000000000000000A6
:10AEAC000000000000000000000000000000000096
:10AEBC000000000000000000000000000000000086
:10AECC000000000000000000000000000000000076
:10AEDC000000000000000000000000000000000066
:10AEEC000000000000000000000000000000000056
:10AEFC000000000000000000000000000000000046
:10AF0C000000000000000000000000000000000035
:10AF1C000000000000000000000000000000000025
:10AF2C000000000000000000000000000000000015
:10AF3C000000000000000000000000000000000005
:10AF4C0000000000000000000000000000000000F5
:10AF5C0000000000000000000000000000000000E5
:10AF6C0000000000000000000000000000000000D5
:10AF7C0000000000000000000000000000000000C5
:10AF8C0000000000000000000000000000000000B5
:10AF9C0000000000000000000000000000000000A5
:10AFAC000000000000000000000000000000000095
:10AFBC000000000000000000000000000000000085
:10AFCC000000000000000000000000000000000075
:10AFDC000000000000000000000000000000000065
:10AFEC000000000000000000000000000000000055
:10AFFC000000000000000000000000000000000045
:10B00C000000000000000000000000000000000034
:10B01C000000000000000000000000000000000024
:10B02C000000000000000000000000000000000014
:10B03C000000000000000000000000000000000004
:10B04C0000000000000000000000000000000000F4
:10B05C0000000000000000000000000000000000E4
:10B06C0000000000000000000000000000000000D4
:10B07C0000000000000000000000000000000000C4
:10B08C0000000000000000000000000000000000B4
:10B09C0000000000000000000000000000000000A4
:10B0AC000000000000000000000000000000000094
:10B0BC000000000000000000000000000000000084
:10B0CC000000000000000000000000000000000074
:10B0DC000000000000000000000000000000000064
:10B0EC000000000000000000000000000000000054
:10B0FC000000000000000000000000000000000044
:10B10C000000000000000000000000000000000033
:10B11C000000000000000000000000000000000023
:10B12C000000000000000000000000000000000013
:10B13C000000000000000000000000000000000003
:10B14C0000000000000000000000000000000000F3
:10B15C0000000000000000000000000000000000E3
:10B16C0000000000000000000000000000000000D3
:10B17C0000000000000000000000000000000000C3
:10B18C0000000000000000000000000000000000B3
:10B19C0000000000000000000000000000000000A3
:10B1AC000000000000000000000000000000000093
:10B1BC000000000000000000000000000000000083
:10B1CC000000000000000000000000000000000073
:10B1DC000000000000000000000000000000000063
:10B1EC000000000000000000000000000000000053
:10B1FC000000000000000000000000000000000043
:10B20C000000000000000000000000000000000032
:10B21C000000000000000000000000000000000022
:10B22C000000000000000000000000000000000012
:10B23C000000000000000000000000000000000002
:10B24C0000000000000000000000000000000000F2
:10B25C0000000000000000000000000000000000E2
:10B26C0000000000000000000000000000000000D2
:10B27C0000000000000000000000000000000000C2
:10B28C0000000000000000000000000000000000B2
:10B29C0000000000000000000000000000000000A2
:10B2AC000000000000000000000000000000000092
:10B2BC000000000000000000000000000000000082
:10B2CC000000000000000000000000000000000072
:10B2DC000000000000000000000000000000000062
:10B2EC000000000000000000000000000000000052
:10B2FC000000000000000000000000000000000042
:10B30C000000000000000000000000000000000031
:10B31C000000000000000000000000000000000021
:10B32C000000000000000000000000000000000011
:10B33C000000000000000000000000000000000001
:10B34C0000000000000000000000000000000000F1
:10B35C0000000000000000000000000000000000E1
:10B36C0000000000000000000000000000000000D1
:10B37C0000000000000000000000000000000000C1
:10B38C0000000000000000000000000000000000B1
:10B39C0000000000000000000000000000000000A1
:10B3AC000000000000000000000000000000000091
:10B3BC000000000000000000000000000000000081
:10B3CC000000000000000000000000000000000071
:10B3DC000000000000000000000000000000000061
:10B3EC000000000000000000000000000000000051
:10B3FC000000000000000000000000000000000041
:10B40C000000000000000000000000000000000030
:10B41C000000000000000000000000000000000020
:10B42C000000000000000000000000000000000010
:10B43C000000000000000000000000000000000000
:10B44C0000000000000000000000000000000000F0
:10B45C0000000000000000000000000000000000E0
:10B46C0000000000000000000000000000000000D0
:10B47C0000000000000000000000000000000000C0
:10B48C0000000000000000000000000000000000B0
:10B49C0000000000000000000000000000000000A0
:10B4AC000000000000000000000000000000000090
:10B4BC000000000000000000000000000000000080
:10B4CC000000000000000000000000000000000070
:10B4DC000000000000000000000000000000000060
:10B4EC000000000000000000000000000000000050
:10B4FC000000000000000000000000000000000040
:10B50C00000000000000000000000000000000002F
:10B51C00000000000000000000000000000000001F
:10B52C00000000000000000000000000000000000F
:10B53C0000000000000000000000000000000000FF
:10B54C0000000000000000000000000000000000EF
:10B55C0000000000000000000000000000000000DF
:10B56C0000000000000000000000000000000000CF
:10B57C0000000000000000000000000000000000BF
:10B58C0000000000000000000000000000000000AF
:10B59C00000000000000000000000000000000009F
:10B5AC00000000000000000000000000000000008F
:10B5BC00000000000000000000000000000000007F
:10B5CC00000000000000000000000000000000006F
:10B5DC00000000000000000000000000000000005F
:10B5EC00000000000000000000000000000000004F
:10B5FC00000000000000000000000000000000003F
:10B60C00000000000000000000000000000000002E
:10B61C00000000000000000000000000000000001E
:10B62C00000000000000000000000000000000000E
:10B63C0000000000000000000000000000000000FE
:10B64C0000000000000000000000000000000000EE
:10B65C0000000000000000000000000000000000DE
:10B66C0000000000000000000000000000000000CE
:10B67C0000000000000000000000000000000000BE
:10B68C0000000000000000000000000000000000AE
:10B69C00000000000000000000000000000000009E
:10B6AC00000000000000000000000000000000008E
:10B6BC00000000000000000000000000000000007E
:10B6CC00000000000000000000000000000000006E
:10B6DC00000000000000000000000000000000005E
:10B6EC00000000000000000000000000000000004E
:10B6FC00000000000000000000000000000000003E
:10B70C00000000000000000000000000000000002D
:10B71C00000000000000000000000000000000001D
:10B72C00000000000000000000000000000000000D
:10B73C0000000000000000000000000000000000FD
:10B74C0000000000000000000000000000000000ED
:10B75C0000000000000000000000000000000000DD
:10B76C0000000000000000000000000000000000CD
:10B77C0000000000000000000000000000000000BD
:10B78C0000000000000000000000000000000000AD
:10B79C00000000000000000000000000000000009D
:10B7AC00000000000000000000000000000000008D
:10B7BC00000000000000000000000000000000007D
:10B7CC00000000000000000000000000000000006D
:10B7DC00000000000000000000000000000000005D
:10B7EC00000000000000000000000000000000004D
:10B7FC00000000000000000000000000000000003D
:10B80C00000000000000000000000000000000002C
:10B81C00000000000000000000000000000000001C
:10B82C00000000000000000000000000000000000C
:10B83C0000000000000000000000000000000000FC
:10B84C0000000000000000000000000000000000EC
:10B85C0000000000000000000000000000000000DC
:10B86C0000000000000000000000000000000000CC
:10B87C0000000000000000000000000000000000BC
:10B88C0000000000000000000000000000000000AC
:10B89C00000000000000000000000000000000009C
:10B8AC00000000000000000000000000000000008C
:10B8BC00000000000000000000000000000000007C
:10B8CC00000000000000000000000000000000006C
:10B8DC00000000000000000000000000000000005C
:10B8EC00000000000000000000000000000000004C
:10B8FC00000000000000000000000000000000003C
:10B90C00000000000000000000000000000000002B
:10B91C00000000000000000000000000000000001B
:10B92C00000000000000000000000000000000000B
:10B93C0000000000000000000000000000000000FB
:10B94C0000000000000000000000000000000000EB
:10B95C0000000000000000000000000000000000DB
:10B96C0000000000000000000000000000000000CB
:10B97C0000000000000000000000000000000000BB
:10B98C0000000000000000000000000000000000AB
:10B99C00000000000000000000000000000000009B
:10B9AC00000000000000000000000000000000008B
:10B9BC00000000000000000000000000000000007B
:10B9CC00000000000000000000000000000000006B
:10B9DC00000000000000000000000000000000005B
:10B9EC00000000000000000000000000000000004B
:10B9FC00000000000000000000000000000000003B
:10BA0C00000000000000000000000000000000002A
:10BA1C00000000000000000000000000000000001A
:10BA2C00000000000000000000000000000000000A
:10BA3C0000000000000000000000000000000000FA
:10BA4C0000000000000000000000000000000000EA
:10BA5C0000000000000000000000000000000000DA
:10BA6C0000000000000000000000000000000000CA
:10BA7C0000000000000000000000000000000000BA
:10BA8C0000000000000000000000000000000000AA
:10BA9C00000000000000000000000000000000009A
:10BAAC00000000000000000000000000000000008A
:10BABC00000000000000000000000000000000007A
:10BACC00000000000000000000000000000000006A
:10BADC00000000000000000000000000000000005A
:10BAEC00000000000000000000000000000000004A
:10BAFC00000000000000000000000000000000003A
:10BB0C000000000000000000000000000000000029
:10BB1C000000000000000000000000000000000019
:10BB2C000000000000000000000000000000000009
:10BB3C0000000000000000000000000000000000F9
:10BB4C0000000000000000000000000000000000E9
:10BB5C0000000000000000000000000000000000D9
:10BB6C0000000000000000000000000000000000C9
:10BB7C0000000000000000000000000000000000B9
:10BB8C0000000000000000000000000000000000A9
:10BB9C000000000000000000000000000000000099
:10BBAC000000000000000000000000000000000089
:10BBBC000000000000000000000000000000000079
:10BBCC000000000000000000000000000000000069
:10BBDC000000000000000000000000000000000059
:10BBEC000000000000000000000000000000000049
:10BBFC000000000000000000000000000000000039
:10BC0C000000000000000000000000000000000028
:10BC1C000000000000000000000000000000000018
:10BC2C000000000000000000000000000000000008
:10BC3C0000000000000000000000000000000000F8
:10BC4C0000000000000000000000000000000000E8
:10BC5C0000000000000000000000000000000000D8
:10BC6C0000000000000000000000000000000000C8
:10BC7C0000000000000000000000000000000000B8
:10BC8C0000000000000000000000000000000000A8
:10BC9C000000000000000000000000000000000098
:10BCAC000000000000000000000000000000000088
:10BCBC000000000000000000000000000000000078
:10BCCC000000000000000000000000000000000068
:10BCDC000000000000000000000000000000000058
:10BCEC000000000000000000000000000000000048
:10BCFC000000000000000000000000000000000038
:10BD0C000000000000000000000000000000000027
:10BD1C000000000000000000000000000000000017
:10BD2C000000000000000000000000000000000007
:10BD3C0000000000000000000000000000000000F7
:10BD4C0000000000000000000000000000000000E7
:10BD5C0000000000000000000000000000000000D7
:10BD6C0000000000000000000000000000000000C7
:10BD7C0000000000000000000000000000000000B7
:10BD8C0000000000000000000000000000000000A7
:10BD9C000000000000000000000000000000000097
:10BDAC000000000000000000000000000000000087
:10BDBC000000000000000000000000000000000077
:10BDCC000000000000000000000000000000000067
:10BDDC000000000000000000000000000000000057
:10BDEC000000000000000000000000000000000047
:10BDFC000000000000000000000000000000000037
:10BE0C000000000000000000000000000000000026
:10BE1C000000000000000000000000000000000016
:10BE2C000000000000000000000000000000000006
:10BE3C0000000000000000000000000000000000F6
:10BE4C0000000000000000000000000000000000E6
:10BE5C0000000000000000000000000000000000D6
:10BE6C0000000000000000000000000000000000C6
:10BE7C0000000000000000000000000000000000B6
:10BE8C0000000000000000000000000000000000A6
:10BE9C000000000000000000000000000000000096
:10BEAC000000000000000000000000000000000086
:10BEBC000000000000000000000000000000000076
:10BECC000000000000000000000000000000000066
:10BEDC000000000000000000000000000000000056
:10BEEC000000000000000000000000000000000046
:10BEFC000000000000000000000000000000000036
:10BF0C000000000000000000000000000000000025
:10BF1C000000000000000000000000000000000015
:10BF2C000000000000000000000000000000000005
:10BF3C0000000000000000000000000000000000F5
:10BF4C0000000000000000000000000000000000E5
:10BF5C0000000000000000000000000000000000D5
:10BF6C0000000000000000000000000000000000C5
:10BF7C0000000000000000000000000000000000B5
:10BF8C0000000000000000000000000000000000A5
:10BF9C000000000000000000000000000000000095
:10BFAC000000000000000000000000000000000085
:10BFBC000000000000000000000000000000000075
:10BFCC000000000000000000000000000000000065
:10BFDC000000000000000000000000000000000055
:10BFEC000000000000000000000000000000000045
:10BFFC000000000000000000000000000000000035
:10C00C000000000000000000000000000000000024
:10C01C000000000000000000000000000000000014
:10C02C000000000000000000000000000000000004
:10C03C0000000000000000000000000000000000F4
:10C04C0000000000000000000000000000000000E4
:10C05C0000000000000000000000000000000000D4
:10C06C0000000000000000000000000000000000C4
:10C07C0000000000000000000000000000000000B4
:10C08C0000000000000000000000000000000000A4
:10C09C000000000000000000000000000000000094
:10C0AC000000000000000000000000000000000084
:10C0BC000000000000000000000000000000000074
:10C0CC000000000000000000000000000000000064
:10C0DC000000000000000000000000000000000054
:10C0EC000000000000000000000000000000000044
:10C0FC000000000000000000000000000000000034
:10C10C000000000000000000000000000000000023
:10C11C000000000000000000000000000000000013
:10C12C000000000000000000000000000000000003
:10C13C0000000000000000000000000000000000F3
:10C14C0000000000000000000000000000000000E3
:10C15C0000000000000000000000000000000000D3
:10C16C0000000000000000000000000000000000C3
:10C17C0000000000000000000000000000000000B3
:10C18C0000000000000000000000000000000000A3
:10C19C000000000000000000000000000000000093
:10C1AC000000000000000000000000000000000083
:10C1BC000000000000000000000000000000000073
:10C1CC000000000000000000000000000000000063
:10C1DC000000000000000000000000000000000053
:10C1EC000000000000000000000000000000000043
:10C1FC000000000000000000000000000000000033
:10C20C000000000000000000000000000000000022
:10C21C000000000000000000000000000000000012
:10C22C000000000000000000000000000000000002
:10C23C0000000000000000000000000000000000F2
:10C24C0000000000000000000000000000000000E2
:10C25C0000000000000000000000000000000000D2
:10C26C0000000000000000000000000000000000C2
:10C27C0000000000000000000000000000000000B2
:10C28C0000000000000000000000000000000000A2
:10C29C000000000000000000000000000000000092
:10C2AC000000000000000000000000000000000082
:10C2BC000000000000000000000000000000000072
:10C2CC000000000000000000000000000000000062
:10C2DC000000000000000000000000000000000052
:10C2EC000000000000000000000000000000000042
:10C2FC000000000000000000000000000000000032
:10C30C000000000000000000000000000000000021
:10C31C000000000000000000000000000000000011
:10C32C000000000000000000000000000000000001
:10C33C0000000000000000000000000000000000F1
:10C34C0000000000000000000000000000000000E1
:10C35C0000000000000000000000000000000000D1
:10C36C0000000000000000000000000000000000C1
:10C37C0000000000000000000000000000000000B1
:10C38C0000000000000000000000000000000000A1
:10C39C000000000000000000000000000000000091
:10C3AC000000000000000000000000000000000081
:10C3BC000000000000000000000000000000000071
:10C3CC000000000000000000000000000000000061
:10C3DC000000000000000000000000000000000051
:10C3EC000000000000000000000000000000000041
:10C3FC000000000000000000000000000000000031
:10C40C000000000000000000000000000000000020
:10C41C000000000000000000000000000000000010
:10C42C000000000000000000000000000000000000
:10C43C0000000000000000000000000000000000F0
:10C44C0000000000000000000000000000000000E0
:10C45C0000000000000000000000000000000000D0
:10C46C0000000000000000000000000000000000C0
:10C47C0000000000000000000000000000000000B0
:10C48C0000000000000000000000000000000000A0
:10C49C000000000000000000000000000000000090
:10C4AC000000000000000000000000000000000080
:10C4BC000000000000000000000000000000000070
:10C4CC000000000000000000000000000000000060
:10C4DC000000000000000000000000000000000050
:10C4EC000000000000000000000000000000000040
:10C4FC000000000000000000000000000000000030
:10C50C00000000000000000000000000000000001F
:10C51C00000000000000000000000000000000000F
:10C52C0000000000000000000000000000000000FF
:10C53C0000000000000000000000000000000000EF
:10C54C0000000000000000000000000000000000DF
:10C55C0000000000000000000000000000000000CF
:10C56C0000000000000000000000000000000000BF
:10C57C0000000000000000000000000000000000AF
:10C58C00000000000000000000000000000000009F
:10C59C00000000000000000000000000000000008F
:10C5AC00000000000000000000000000000000007F
:10C5BC00000000000000000000000000000000006F
:10C5CC00000000000000000000000000000000005F
:10C5DC00000000000000000000000000000000004F
:10C5EC00000000000000000000000000000000003F
:10C5FC00000000000000000000000000000000002F
:10C60C00000000000000000000000000000000001E
:10C61C00000000000000000000000000000000000E
:10C62C0000000000000000000000000000000000FE
:10C63C0000000000000000000000000000000000EE
:10C64C0000000000000000000000000000000000DE
:10C65C0000000000000000000000000000000000CE
:10C66C0000000000000000000000000000000000BE
:10C67C0000000000000000000000000000000000AE
:10C68C00000000000000000000000000000000009E
:10C69C00000000000000000000000000000000008E
:10C6AC00000000000000000000000000000000007E
:10C6BC00000000000000000000000000000000006E
:10C6CC00000000000000000000000000000000005E
:10C6DC00000000000000000000000000000000004E
:10C6EC00000000000000000000000000000000003E
:10C6FC00000000000000000000000000000000002E
:10C70C00000000000000000000000000000000001D
:10C71C00000000000000000000000000000000000D
:10C72C0000000000000000000000000000000000FD
:10C73C0000000000000000000000000000000000ED
:10C74C0000000000000000000000000000000000DD
:10C75C0000000000000000000000000000000000CD
:10C76C0000000000000000000000000000000000BD
:10C77C0000000000000000000000000000000000AD
:10C78C00000000000000000000000000000000009D
:10C79C00000000000000000000000000000000008D
:10C7AC00000000000000000000000000000000007D
:10C7BC00000000000000000000000000000000006D
:10C7CC00000000000000000000000000000000005D
:10C7DC00000000000000000000000000000000004D
:10C7EC00000000000000000000000000000000003D
:10C7FC00000000000000000000000000000000002D
:10C80C00000000000000000000000000000000001C
:10C81C00000000000000000000000000000000000C
:10C82C0000000000000000000000000000000000FC
:10C83C0000000000000000000000000000000000EC
:10C84C0000000000000000000000000000000000DC
:10C85C0000000000000000000000000000000000CC
:10C86C0000000000000000000000000000000000BC
:10C87C0000000000000000000000000000000000AC
:10C88C00000000000000000000000000000000009C
:10C89C00000000000000000000000000000000008C
:10C8AC00000000000000000000000000000000007C
:10C8BC00000000000000000000000000000000006C
:10C8CC00000000000000000000000000000000005C
:10C8DC00000000000000000000000000000000004C
:10C8EC00000000000000000000000000000000003C
:10C8FC00000000000000000000000000000000002C
:10C90C00000000000000000000000000000000001B
:10C91C00000000000000000000000000000000000B
:10C92C0000000000000000000000000000000000FB
:10C93C0000000000000000000000000000000000EB
:10C94C0000000000000000000000000000000000DB
:10C95C0000000000000000000000000000000000CB
:10C96C0000000000000000000000000000000000BB
:10C97C0000000000000000000000000000000000AB
:10C98C00000000000000000000000000000000009B
:10C99C00000000000000000000000000000000008B
:10C9AC00000000000000000000000000000000007B
:10C9BC00000000000000000000000000000000006B
:10C9CC00000000000000000000000000000000005B
:10C9DC00000000000000000000000000000000004B
:10C9EC00000000000000000000000000000000003B
:10C9FC00000000000000000000000000000000002B
:10CA0C00000000000000000000000000000000001A
:10CA1C00000000000000000000000000000000000A
:10CA2C0000000000000000000000000000000000FA
:10CA3C0000000000000000000000000000000000EA
:10CA4C0000000000000000000000000000000000DA
:10CA5C0000000000000000000000000000000000CA
:10CA6C0000000000000000000000000000000000BA
:10CA7C0000000000000000000000000000000000AA
:10CA8C00000000000000000000000000000000009A
:10CA9C00000000000000000000000000000000008A
:10CAAC00000000000000000000000000000000007A
:10CABC00000000000000000000000000000000006A
:10CACC00000000000000000000000000000000005A
:10CADC00000000000000000000000000000000004A
:10CAEC00000000000000000000000000000000003A
:10CAFC00000000000000000000000000000000002A
:10CB0C000000000000000000000000000000000019
:10CB1C000000000000000000000000000000000009
:10CB2C0000000000000000000000000000000000F9
:10CB3C0000000000000000000000000000000000E9
:10CB4C0000000000000000000000000000000000D9
:10CB5C0000000000000000000000000000000000C9
:10CB6C0000000000000000000000000000000000B9
:10CB7C0000000000000000000000000000000000A9
:10CB8C000000000000000000000000000000000099
:10CB9C000000000000000000000000000000000089
:10CBAC000000000000000000000000000000000079
:10CBBC000000000000000000000000000000000069
:10CBCC000000000000000000000000000000000059
:10CBDC000000000000000000000000000000000049
:10CBEC000000000000000000000000000000000039
:10CBFC000000000000000000000000000000000029
:10CC0C000000000000000000000000000000000018
:10CC1C000000000000000000000000000000000008
:10CC2C0000000000000000000000000000000000F8
:10CC3C0000000000000000000000000000000000E8
:10CC4C0000000000000000000000000000000000D8
:10CC5C0000000000000000000000000000000000C8
:10CC6C0000000000000000000000000000000000B8
:10CC7C0000000000000000000000000000000000A8
:10CC8C000000000000000000000000000000000098
:10CC9C000000000000000000000000000000000088
:10CCAC000000000000000000000000000000000078
:10CCBC000000000000000000000000000000000068
:10CCCC000000000000000000000000000000000058
:10CCDC000000000000000000000000000000000048
:10CCEC000000000000000000000000000000000038
:10CCFC000000000000000000000000000000000028
:10CD0C000000000000000000000000000000000017
:10CD1C000000000000000000000000000000000007
:10CD2C0000000000000000000000000000000000F7
:10CD3C0000000000000000000000000000000000E7
:10CD4C0000000000000000000000000000000000D7
:10CD5C0000000000000000000000000000000000C7
:10CD6C0000000000000000000000000000000000B7
:10CD7C0000000000000000000000000000000000A7
:10CD8C000000000000000000000000000000000097
:10CD9C000000000000000000000000000000000087
:10CDAC000000000000000000000000000000000077
:10CDBC000000000000000000000000000000000067
:10CDCC000000000000000000000000000000000057
:10CDDC000000000000000000000000000000000047
:10CDEC000000000000000000000000000000000037
:10CDFC000000000000000000000000000000000027
:10CE0C000000000000000000000000000000000016
:10CE1C000000000000000000000000000000000006
:10CE2C0000000000000000000000000000000000F6
:10CE3C0000000000000000000000000000000000E6
:10CE4C0000000000000000000000000000000000D6
:10CE5C0000000000000000000000000000000000C6
:10CE6C0000000000000000000000000000000000B6
:10CE7C0000000000000000000000000000000000A6
:10CE8C000000000000000000000000000000000096
:10CE9C000000000000000000000000000000000086
:10CEAC000000000000000000000000000000000076
:10CEBC000000000000000000000000000000000066
:10CECC000000000000000000000000000000000056
:10CEDC000000000000000000000000000000000046
:10CEEC000000000000000000000000000000000036
:10CEFC000000000000000000000000000000000026
:10CF0C000000000000000000000000000000000015
:10CF1C000000000000000000000000000000000005
:10CF2C0000000000000000000000000000000000F5
:10CF3C0000000000000000000000000000000000E5
:10CF4C0000000000000000000000000000000000D5
:10CF5C0000000000000000000000000000000000C5
:10CF6C0000000000000000000000000000000000B5
:10CF7C0000000000000000000000000000000000A5
:10CF8C000000000000000000000000000000000095
:10CF9C000000000000000000000000000000000085
:10CFAC000000000000000000000000000000000075
:10CFBC000000000000000000000000000000000065
:10CFCC000000000000000000000000000000000055
:10CFDC000000000000000000000000000000000045
:10CFEC000000000000000000000000000000000035
:10CFFC000000000000000000000000000000000025
:10D00C000000000000000000000000000000000014
:10D01C000000000000000000000000000000000004
:10D02C0000000000000000000000000000000000F4
:10D03C0000000000000000000000000000000000E4
:10D04C0000000000000000000000000000000000D4
:10D05C0000000000000000000000000000000000C4
:10D06C0000000000000000000000000000000000B4
:10D07C0000000000000000000000000000000000A4
:10D08C000000000000000000000000000000000094
:10D09C000000000000000000000000000000000084
:10D0AC000000000000000000000000000000000074
:10D0BC000000000000000000000000000000000064
:10D0CC000000000000000000000000000000000054
:10D0DC000000000000000000000000000000000044
:10D0EC000000000000000000000000000000000034
:10D0FC000000000000000000000000000000000024
:10D10C000000000000000000000000000000000013
:10D11C000000000000000000000000000000000003
:10D12C0000000000000000000000000000000000F3
:10D13C0000000000000000000000000000000000E3
:10D14C0000000000000000000000000000000000D3
:10D15C0000000000000000000000000000000000C3
:10D16C0000000000000000000000000000000000B3
:10D17C0000000000000000000000000000000000A3
:10D18C000000000000000000000000000000000093
:10D19C000000000000000000000000000000000083
:10D1AC000000000000000000000000000000000073
:10D1BC000000000000000000000000000000000063
:10D1CC000000000000000000000000000000000053
:10D1DC000000000000000000000000000000000043
:10D1EC000000000000000000000000000000000033
:10D1FC000000000000000000000000000000000023
:10D20C000000000000000000000000000000000012
:10D21C000000000000000000000000000000000002
:10D22C0000000000000000000000000000000000F2
:10D23C0000000000000000000000000000000000E2
:10D24C0000000000000000000000000000000000D2
:10D25C0000000000000000000000000000000000C2
:10D26C0000000000000000000000000000000000B2
:10D27C0000000000000000000000000000000000A2
:10D28C000000000000000000000000000000000092
:10D29C000000000000000000000000000000000082
:10D2AC000000000000000000000000000000000072
:10D2BC000000000000000000000000000000000062
:10D2CC000000000000000000000000000000000052
:10D2DC000000000000000000000000000000000042
:10D2EC000000000000000000000000000000000032
:10D2FC000000000000000000000000000000000022
:10D30C000000000000000000000000000000000011
:10D31C000000000000000000000000000000000001
:10D32C0000000000000000000000000000000000F1
:10D33C0000000000000000000000000000000000E1
:10D34C0000000000000000000000000000000000D1
:10D35C0000000000000000000000000000000000C1
:10D36C0000000000000000000000000000000000B1
:10D37C0000000000000000000000000000000000A1
:10D38C000000000000000000000000000000000091
:10D39C000000000000000000000000000000000081
:10D3AC000000000000000000000000000000000071
:10D3BC000000000000000000000000000000000061
:10D3CC000000000000000000000000000000000051
:10D3DC000000000000000000000000000000000041
:10D3EC000000000000000000000000000000000031
:10D3FC000000000000000000000000000000000021
:10D40C000000000000000000000000000000000010
:10D41C000000000000000000000000000000000000
:10D42C0000000000000000000000000000000000F0
:10D43C0000000000000000000000000000000000E0
:10D44C0000000000000000000000000000000000D0
:10D45C0000000000000000000000000000000000C0
:10D46C0000000000000000000000000000000000B0
:10D47C0000000000000000000000000000000000A0
:10D48C000000000000000000000000000000000090
:10D49C000000000000000000000000000000000080
:10D4AC000000000000000000000000000000000070
:10D4BC000000000000000000000000000000000060
:10D4CC000000000000000000000000000000000050
:10D4DC000000000000000000000000000000000040
:10D4EC000000000000000000000000000000000030
:10D4FC000000000000000000000000000000000020
:10D50C00000000000000000000000000000000000F
:10D51C0000000000000000000000000000000000FF
:10D52C0000000000000000000000000000000000EF
:10D53C0000000000000000000000000000000000DF
:10D54C0000000000000000000000000000000000CF
:10D55C0000000000000000000000000000000000BF
:10D56C0000000000000000000000000000000000AF
:10D57C00000000000000000000000000000000009F
:10D58C00000000000000000000000000000000008F
:10D59C00000000000000000000000000000000007F
:10D5AC00000000000000000000000000000000006F
:10D5BC00000000000000000000000000000000005F
:10D5CC00000000000000000000000000000000004F
:10D5DC00000000000000000000000000000000003F
:10D5EC00000000000000000000000000000000002F
:10D5FC00000000000000000000000000000000001F
:10D60C00000000000000000000000000000000000E
:10D61C0000000000000000000000000000000000FE
:10D62C0000000000000000000000000000000000EE
:10D63C0000000000000000000000000000000000DE
:10D64C0000000000000000000000000000000000CE
:10D65C0000000000000000000000000000000000BE
:10D66C0000000000000000000000000000000000AE
:10D67C00000000000000000000000000000000009E
:10D68C00000000000000000000000000000000008E
:10D69C00000000000000000000000000000000007E
:10D6AC00000000000000000000000000000000006E
:10D6BC00000000000000000000000000000000005E
:10D6CC00000000000000000000000000000000004E
:10D6DC00000000000000000000000000000000003E
:10D6EC00000000000000000000000000000000002E
:10D6FC00000000000000000000000000000000001E
:10D70C00000000000000000000000000000000000D
:10D71C0000000000000000000000000000000000FD
:10D72C0000000000000000000000000000000000ED
:10D73C0000000000000000000000000000000000DD
:10D74C0000000000000000000000000000000000CD
:10D75C0000000000000000000000000000000000BD
:10D76C0000000000000000000000000000000000AD
:10D77C00000000000000000000000000000000009D
:10D78C00000000000000000000000000000000008D
:10D79C00000000000000000000000000000000007D
:10D7AC00000000000000000000000000000000006D
:10D7BC00000000000000000000000000000000005D
:10D7CC00000000000000000000000000000000004D
:10D7DC00000000000000000000000000000000003D
:10D7EC00000000000000000000000000000000002D
:10D7FC00000000000000000000000000000000001D
:10D80C00000000000000000000000000000000000C
:10D81C0000000000000000000000000000000000FC
:10D82C0000000000000000000000000000000000EC
:10D83C0000000000000000000000000000000000DC
:10D84C0000000000000000000000000000000000CC
:10D85C0000000000000000000000000000000000BC
:10D86C0000000000000000000000000000000000AC
:10D87C00000000000000000000000000000000009C
:10D88C00000000000000000000000000000000008C
:10D89C00000000000000000000000000000000007C
:10D8AC00000000000000000000000000000000006C
:10D8BC00000000000000000000000000000000005C
:10D8CC00000000000000000000000000000000004C
:10D8DC00000000000000000000000000000000003C
:10D8EC00000000000000000000000000000000002C
:10D8FC00000000000000000000000000000000001C
:10D90C00000000000000000000000000000000000B
:10D91C0000000000000000000000000000000000FB
:10D92C0000000000000000000000000000000000EB
:10D93C0000000000000000000000000000000000DB
:10D94C0000000000000000000000000000000000CB
:10D95C0000000000000000000000000000000000BB
:10D96C0000000000000000000000000000000000AB
:10D97C00000000000000000000000000000000009B
:10D98C00000000000000000000000000000000008B
:10D99C00000000000000000000000000000000007B
:10D9AC00000000000000000000000000000000006B
:10D9BC00000000000000000000000000000000005B
:10D9CC00000000000000000000000000000000004B
:10D9DC00000000000000000000000000000000003B
:10D9EC00000000000000000000000000000000002B
:10D9FC00000000000000000000000000000000001B
:10DA0C00000000000000000000000000000000000A
:10DA1C0000000000000000000000000000000000FA
:10DA2C0000000000000000000000000000000000EA
:10DA3C0000000000000000000000000000000000DA
:10DA4C0000000000000000000000000000000000CA
:10DA5C0000000000000000000000000000000000BA
:10DA6C0000000000000000000000000000000000AA
:10DA7C00000000000000000000000000000000009A
:10DA8C00000000000000000000000000000000008A
:10DA9C00000000000000000000000000000000007A
:10DAAC00000000000000000000000000000000006A
:10DABC00000000000000000000000000000000005A
:10DACC00000000000000000000000000000000004A
:10DADC00000000000000000000000000000000003A
:10DAEC00000000000000000000000000000000002A
:10DAFC00000000000000000000000000000000001A
:10DB0C000000000000000000000000000000000009
:10DB1C0000000000000000000000000000000000F9
:10DB2C0000000000000000000000000000000000E9
:10DB3C0000000000000000000000000000000000D9
:10DB4C0000000000000000000000000000000000C9
:10DB5C0000000000000000000000000000000000B9
:10DB6C0000000000000000000000000000000000A9
:10DB7C000000000000000000000000000000000099
:10DB8C000000000000000000000000000000000089
:10DB9C000000000000000000000000000000000079
:10DBAC000000000000000000000000000000000069
:10DBBC000000000000000000000000000000000059
:10DBCC000000000000000000000000000000000049
:10DBDC000000000000000000000000000000000039
:10DBEC000000000000000000000000000000000029
:10DBFC000000000000000000000000000000000019
:10DC0C000000000000000000000000000000000008
:10DC1C0000000000000000000000000000000000F8
:10DC2C0000000000000000000000000000000000E8
:10DC3C0000000000000000000000000000000000D8
:10DC4C0000000000000000000000000000000000C8
:10DC5C0000000000000000000000000000000000B8
:10DC6C0000000000000000000000000000000000A8
:10DC7C000000000000000000000000000000000098
:10DC8C000000000000000000000000000000000088
:10DC9C000000000000000000000000000000000078
:10DCAC000000000000000000000000000000000068
:10DCBC000000000000000000000000000000000058
:10DCCC000000000000000000000000000000000048
:10DCDC000000000000000000000000000000000038
:10DCEC000000000000000000000000000000000028
:10DCFC000000000000000000000000000000000018
:10DD0C000000000000000000000000000000000007
:10DD1C0000000000000000000000000000000000F7
:10DD2C0000000000000000000000000000000000E7
:10DD3C0000000000000000000000000000000000D7
:10DD4C0000000000000000000000000000000000C7
:10DD5C0000000000000000000000000000000000B7
:10DD6C0000000000000000000000000000000000A7
:10DD7C000000000000000000000000000000000097
:10DD8C000000000000000000000000000000000087
:10DD9C000000000000000000000000000000000077
:10DDAC000000000000000000000000000000000067
:10DDBC000000000000000000000000000000000057
:10DDCC000000000000000000000000000000000047
:10DDDC000000000000000000000000000000000037
:10DDEC000000000000000000000000000000000027
:10DDFC000000000000000000000000000000000017
:10DE0C000000000000000000000000000000000006
:10DE1C0000000000000000000000000000000000F6
:10DE2C0000000000000000000000000000000000E6
:10DE3C0000000000000000000000000000000000D6
:10DE4C0000000000000000000000000000000000C6
:10DE5C0000000000000000000000000000000000B6
:10DE6C0000000000000000000000000000000000A6
:10DE7C000000000000000000000000000000000096
:10DE8C000000000000000000000000000000000086
:10DE9C000000000000000000000000000000000076
:10DEAC000000000000000000000000000000000066
:10DEBC000000000000000000000000000000000056
:10DECC000000000000000000000000000000000046
:10DEDC000000000000000000000000000000000036
:10DEEC000000000000000000000000000000000026
:10DEFC000000000000000000000000000000000016
:10DF0C000000000000000000000000000000000005
:10DF1C0000000000000000000000000000000000F5
:10DF2C0000000000000000000000000000000000E5
:10DF3C0000000000000000000000000000000000D5
:10DF4C0000000000000000000000000000000000C5
:10DF5C0000000000000000000000000000000000B5
:10DF6C0000000000000000000000000000000000A5
:10DF7C000000000000000000000000000000000095
:10DF8C000000000000000000000000000000000085
:10DF9C000000000000000000000000000000000075
:10DFAC000000000000000000000000000000000065
:10DFBC000000000000000000000000000000000055
:10DFCC000000000000000000000000000000000045
:10DFDC000000000000000000000000000000000035
:10DFEC000000000000000000000000000000000025
:10DFFC000000000000000000000000000000000015
:10E00C000000000000000000000000000000000004
:10E01C0000000000000000000000000000000000F4
:10E02C0000000000000000000000000000000000E4
:10E03C0000000000000000000000000000000000D4
:10E04C0000000000000000000000000000000000C4
:10E05C0000000000000000000000000000000000B4
:10E06C0000000000000000000000000000000000A4
:10E07C000000000000000000000000000000000094
:10E08C000000000000000000000000000000000084
:10E09C000000000000000000000000000000000074
:10E0AC000000000000000000000000000000000064
:10E0BC000000000000000000000000000000000054
:10E0CC000000000000000000000000000000000044
:10E0DC000000000000000000000000000000000034
:10E0EC000000000000000000000000000000000024
:10E0FC000000000000000000000000000000000014
:10E10C000000000000000000000000000000000003
:10E11C0000000000000000000000000000000000F3
:10E12C0000000000000000000000000000000000E3
:10E13C0000000000000000000000000000000000D3
:10E14C0000000000000000000000000000000000C3
:10E15C0000000000000000000000000000000000B3
:10E16C0000000000000000000000000000000000A3
:10E17C000000000000000000000000000000000093
:10E18C000000000000000000000000000000000083
:10E19C000000000000000000000000000000000073
:10E1AC000000000000000000000000000000000063
:10E1BC000000000000000000000000000000000053
:10E1CC000000000000000000000000000000000043
:10E1DC000000000000000000000000000000000033
:10E1EC000000000000000000000000000000000023
:10E1FC000000000000000000000000000000000013
:10E20C000000000000000000000000000000000002
:10E21C0000000000000000000000000000000000F2
:10E22C0000000000000000000000000000000000E2
:10E23C0000000000000000000000000000000000D2
:10E24C0000000000000000000000000000000000C2
:10E25C0000000000000000000000000000000000B2
:10E26C0000000000000000000000000000000000A2
:10E27C000000000000000000000000000000000092
:10E28C000000000000000000000000000000000082
:10E29C000000000000000000000000000000000072
:10E2AC000000000000000000000000000000000062
:10E2BC000000000000000000000000000000000052
:10E2CC000000000000000000000000000000000042
:10E2DC000000000000000000000000000000000032
:10E2EC000000000000000000000000000000000022
:10E2FC000000000000000000000000000000000012
:10E30C000000000000000000000000000000000001
:10E31C0000000000000000000000000000000000F1
:10E32C0000000000000000000000000000000000E1
:10E33C0000000000000000000000000000000000D1
:10E34C0000000000000000000000000000000000C1
:10E35C0000000000000000000000000000000000B1
:10E36C0000000000000000000000000000000000A1
:10E37C000000000000000000000000000000000091
:10E38C000000000000000000000000000000000081
:10E39C000000000000000000000000000000000071
:10E3AC000000000000000000000000000000000061
:10E3BC000000000000000000000000000000000051
:10E3CC000000000000000000000000000000000041
:10E3DC000000000000000000000000000000000031
:10E3EC000000000000000000000000000000000021
:10E3FC000000000000000000000000000000000011
:10E40C000000000000000000000000000000000000
:10E41C0000000000000000000000000000000000F0
:10E42C0000000000000000000000000000000000E0
:10E43C0000000000000000000000000000000000D0
:10E44C0000000000000000000000000000000000C0
:10E45C0000000000000000000000000000000000B0
:10E46C0000000000000000000000000000000000A0
:10E47C000000000000000000000000000000000090
:10E48C000000000000000000000000000000000080
:10E49C000000000000000000000000000000000070
:10E4AC000000000000000000000000000000000060
:10E4BC000000000000000000000000000000000050
:10E4CC000000000000000000000000000000000040
:10E4DC000000000000000000000000000000000030
:10E4EC000000000000000000000000000000000020
:10E4FC000000000000000000000000000000000010
:10E50C0000000000000000000000000000000000FF
:10E51C0000000000000000000000000000000000EF
:10E52C0000000000000000000000000000000000DF
:10E53C0000000000000000000000000000000000CF
:10E54C0000000000000000000000000000000000BF
:10E55C0000000000000000000000000000000000AF
:10E56C00000000000000000000000000000000009F
:10E57C00000000000000000000000000000000008F
:10E58C00000000000000000000000000000000007F
:10E59C00000000000000000000000000000000006F
:10E5AC00000000000000000000000000000000005F
:10E5BC00000000000000000000000000000000004F
:10E5CC00000000000000000000000000000000003F
:10E5DC00000000000000000000000000000000002F
:10E5EC00000000000000000000000000000000001F
:10E5FC00000000000000000000000000000000000F
:10E60C0000000000000000000000000000000000FE
:10E61C0000000000000000000000000000000000EE
:10E62C0000000000000000000000000000000000DE
:10E63C0000000000000000000000000000000000CE
:10E64C0000000000000000000000000000000000BE
:10E65C0000000000000000000000000000000000AE
:10E66C00000000000000000000000000000000009E
:10E67C00000000000000000000000000000000008E
:10E68C00000000000000000000000000000000007E
:10E69C00000000000000000000000000000000006E
:10E6AC00000000000000000000000000000000005E
:10E6BC00000000000000000000000000000000004E
:10E6CC00000000000000000000000000000000003E
:10E6DC00000000000000000000000000000000002E
:10E6EC00000000000000000000000000000000001E
:10E6FC00000000000000000000000000000000000E
:10E70C0000000000000000000000000000000000FD
:10E71C0000000000000000000000000000000000ED
:10E72C0000000000000000000000000000000000DD
:10E73C0000000000000000000000000000000000CD
:10E74C0000000000000000000000000000000000BD
:10E75C0000000000000000000000000000000000AD
:10E76C00000000000000000000000000000000009D
:10E77C00000000000000000000000000000000008D
:10E78C00000000000000000000000000000000007D
:10E79C00000000000000000000000000000000006D
:10E7AC00000000000000000000000000000000005D
:10E7BC00000000000000000000000000000000004D
:10E7CC00000000000000000000000000000000003D
:10E7DC00000000000000000000000000000000002D
:10E7EC00000000000000000000000000000000001D
:10E7FC00000000000000000000000000000000000D
:10E80C0000000000000000000000000000000000FC
:10E81C0000000000000000000000000000000000EC
:10E82C0000000000000000000000000000000000DC
:10E83C0000000000000000000000000000000000CC
:10E84C0000000000000000000000000000000000BC
:10E85C0000000000000000000000000000000000AC
:10E86C00000000000000000000000000000000009C
:10E87C00000000000000000000000000000000008C
:10E88C00000000000000000000000000000000007C
:10E89C00000000000000000000000000000000006C
:10E8AC00000000000000000000000000000000005C
:10E8BC00000000000000000000000000000000004C
:10E8CC00000000000000000000000000000000003C
:10E8DC00000000000000000000000000000000002C
:10E8EC00000000000000000000000000000000001C
:10E8FC00000000000000000000000000000000000C
:10E90C0000000000000000000000000000000000FB
:10E91C0000000000000000000000000000000000EB
:10E92C0000000000000000000000000000000000DB
:10E93C0000000000000000000000000000000000CB
:10E94C0000000000000000000000000000000000BB
:10E95C0000000000000000000000000000000000AB
:10E96C00000000000000000000000000000000009B
:10E97C00000000000000000000000000000000008B
:10E98C00000000000000000000000000000000007B
:10E99C00000000000000000000000000000000006B
:10E9AC00000000000000000000000000000000005B
:10E9BC00000000000000000000000000000000004B
:10E9CC00000000000000000000000000000000003B
:10E9DC00000000000000000000000000000000002B
:10E9EC00000000000000000000000000000000001B
:10E9FC00000000000000000000000000000000000B
:10EA0C0000000000000000000000000000000000FA
:10EA1C0000000000000000000000000000000000EA
:10EA2C0000000000000000000000000000000000DA
:10EA3C0000000000000000000000000000000000CA
:10EA4C0000000000000000000000000000000000BA
:10EA5C0000000000000000000000000000000000AA
:10EA6C00000000000000000000000000000000009A
:10EA7C00000000000000000000000000000000008A
:10EA8C00000000000000000000000000000000007A
:10EA9C00000000000000000000000000000000006A
:10EAAC00000000000000000000000000000000005A
:10EABC00000000000000000000000000000000004A
:10EACC00000000000000000000000000000000003A
:10EADC00000000000000000000000000000000002A
:10EAEC00000000000000000000000000000000001A
:10EAFC00000000000000000000000000000000000A
:10EB0C0000000000000000000000000000000000F9
:10EB1C0000000000000000000000000000000000E9
:10EB2C0000000000000000000000000000000000D9
:10EB3C0000000000000000000000000000000000C9
:10EB4C0000000000000000000000000000000000B9
:10EB5C0000000000000000000000000000000000A9
:10EB6C000000000000000000000000000000000099
:10EB7C000000000000000000000000000000000089
:10EB8C000000000000000000000000000000000079
:10EB9C000000000000000000000000000000000069
:10EBAC000000000000000000000000000000000059
:10EBBC000000000000000000000000000000000049
:10EBCC000000000000000000000000000000000039
:10EBDC000000000000000000000000000000000029
:10EBEC000000000000000000000000000000000019
:10EBFC000000000000000000000000000000000009
:10EC0C0000000000000000000000000000000000F8
:10EC1C0000000000000000000000000000000000E8
:10EC2C0000000000000000000000000000000000D8
:10EC3C0000000000000000000000000000000000C8
:10EC4C0000000000000000000000000000000000B8
:10EC5C0000000000000000000000000000000000A8
:10EC6C000000000000000000000000000000000098
:10EC7C000000000000000000000000000000000088
:10EC8C000000000000000000000000000000000078
:10EC9C000000000000000000000000000000000068
:10ECAC000000000000000000000000000000000058
:10ECBC000000000000000000000000000000000048
:10ECCC000000000000000000000000000000000038
:10ECDC000000000000000000000000000000000028
:10ECEC000000000000000000000000000000000018
:10ECFC000000000000000000000000000000000008
:10ED0C0000000000000000000000000000000000F7
:10ED1C0000000000000000000000000000000000E7
:10ED2C0000000000000000000000000000000000D7
:10ED3C0000000000000000000000000000000000C7
:10ED4C0000000000000000000000000000000000B7
:10ED5C0000000000000000000000000000000000A7
:10ED6C000000000000000000000000000000000097
:10ED7C000000000000000000000000000000000087
:10ED8C000000000000000000000000000000000077
:10ED9C000000000000000000000000000000000067
:10EDAC000000000000000000000000000000000057
:10EDBC000000000000000000000000000000000047
:10EDCC000000000000000000000000000000000037
:10EDDC000000000000000000000000000000000027
:10EDEC000000000000000000000000000000000017
:10EDFC000000000000000000000000000000000007
:10EE0C0000000000000000000000000000000000F6
:10EE1C0000000000000000000000000000000000E6
:10EE2C0000000000000000000000000000000000D6
:10EE3C0000000000000000000000000000000000C6
:10EE4C0000000000000000000000000000000000B6
:10EE5C0000000000000000000000000000000000A6
:10EE6C000000000000000000000000000000000096
:10EE7C000000000000000000000000000000000086
:10EE8C000000000000000000000000000000000076
:10EE9C000000000000000000000000000000000066
:10EEAC000000000000000000000000000000000056
:10EEBC000000000000000000000000000000000046
:10EECC000000000000000000000000000000000036
:10EEDC000000000000000000000000000000000026
:10EEEC000000000000000000000000000000000016
:10EEFC000000000000000000000000000000000006
:10EF0C0000000000000000000000000000000000F5
:10EF1C0000000000000000000000000000000000E5
:10EF2C0000000000000000000000000000000000D5
:10EF3C0000000000000000000000000000000000C5
:10EF4C0000000000000000000000000000000000B5
:10EF5C0000000000000000000000000000000000A5
:10EF6C000000000000000000000000000000000095
:10EF7C000000000000000000000000000000000085
:10EF8C000000000000000000000000000000000075
:10EF9C000000000000000000000000000000000065
:10EFAC000000000000000000000000000000000055
:10EFBC000000000000000000000000000000000045
:10EFCC000000000000000000000000000000000035
:10EFDC000000000000000000000000000000000025
:10EFEC000000000000000000000000000000000015
:10EFFC000000000000000000000000000000000005
:10F00C0000000000000000000000000000000000F4
:10F01C0000000000000000000000000000000000E4
:10F02C0000000000000000000000000000000000D4
:10F03C0000000000000000000000000000000000C4
:10F04C0000000000000000000000000000000000B4
:10F05C0000000000000000000000000000000000A4
:10F06C000000000000000000000000000000000094
:10F07C000000000000000000000000000000000084
:10F08C000000000000000000000000000000000074
:10F09C000000000000000000000000000000000064
:10F0AC000000000000000000000000000000000054
:10F0BC000000000000000000000000000000000044
:10F0CC000000000000000000000000000000000034
:10F0DC000000000000000000000000000000000024
:10F0EC000000000000000000000000000000000014
:10F0FC000000000000000000000000000000000004
:10F10C0000000000000000000000000000000000F3
:10F11C0000000000000000000000000000000000E3
:10F12C0000000000000000000000000000000000D3
:10F13C0000000000000000000000000000000000C3
:10F14C0000000000000000000000000000000000B3
:10F15C0000000000000000000000000000000000A3
:10F16C000000000000000000000000000000000093
:10F17C000000000000000000000000000000000083
:10F18C000000000000000000000000000000000073
:10F19C000000000000000000000000000000000063
:10F1AC000000000000000000000000000000000053
:10F1BC000000000000000000000000000000000043
:10F1CC000000000000000000000000000000000033
:10F1DC000000000000000000000000000000000023
:10F1EC000000000000000000000000000000000013
:10F1FC000000000000000000000000000000000003
:10F20C0000000000000000000000000000000000F2
:10F21C0000000000000000000000000000000000E2
:10F22C0000000000000000000000000000000000D2
:10F23C0000000000000000000000000000000000C2
:10F24C0000000000000000000000000000000000B2
:10F25C0000000000000000000000000000000000A2
:10F26C000000000000000000000000000000000092
:10F27C000000000000000000000000000000000082
:10F28C000000000000000000000000000000000072
:10F29C000000000000000000000000000000000062
:10F2AC000000000000000000000000000000000052
:10F2BC000000000000000000000000000000000042
:10F2CC000000000000000000000000000000000032
:10F2DC000000000000000000000000000000000022
:10F2EC000000000000000000000000000000000012
:10F2FC000000000000000000000000000000000002
:10F30C0000000000000000000000000000000000F1
:10F31C0000000000000000000000000000000000E1
:10F32C0000000000000000000000000000000000D1
:10F33C0000000000000000000000000000000000C1
:10F34C0000000000000000000000000000000000B1
:10F35C0000000000000000000000000000000000A1
:10F36C000000000000000000000000000000000091
:10F37C000000000000000000000000000000000081
:10F38C000000000000000000000000000000000071
:10F39C000000000000000000000000000000000061
:10F3AC000000000000000000000000000000000051
:10F3BC000000000000000000000000000000000041
:10F3CC000000000000000000000000000000000031
:10F3DC000000000000000000000000000000000021
:10F3EC000000000000000000000000000000000011
:10F3FC000000000000000000000000000000000001
:10F40C0000000000000000000000000000000000F0
:10F41C0000000000000000000000000000000000E0
:10F42C0000000000000000000000000000000000D0
:10F43C0000000000000000000000000000000000C0
:10F44C0000000000000000000000000000000000B0
:10F45C0000000000000000000000000000000000A0
:10F46C000000000000000000000000000000000090
:10F47C000000000000000000000000000000000080
:10F48C000000000000000000000000000000000070
:10F49C000000000000000000000000000000000060
:10F4AC000000000000000000000000000000000050
:10F4BC000000000000000000000000000000000040
:10F4CC000000000000000000000000000000000030
:10F4DC000000000000000000000000000000000020
:10F4EC000000000000000000000000000000000010
:10F4FC000000000000000000000000000000000000
:10F50C0000000000000000000000000000000000EF
:10F51C0000000000000000000000000000000000DF
:10F52C0000000000000000000000000000000000CF
:10F53C0000000000000000000000000000000000BF
:10F54C0000000000000000000000000000000000AF
:10F55C00000000000000000000000000000000009F
:10F56C00000000000000000000000000000000008F
:10F57C00000000000000000000000000000000007F
:10F58C00000000000000000000000000000000006F
:10F59C00000000000000000000000000000000005F
:10F5AC00000000000000000000000000000000004F
:10F5BC00000000000000000000000000000000003F
:10F5CC00000000000000000000000000000000002F
:10F5DC00000000000000000000000000000000001F
:10F5EC00000000000000000000000000000000000F
:10F5FC0000000000000000000000000000000000FF
:10F60C0000000000000000000000000000000000EE
:10F61C0000000000000000000000000000000000DE
:10F62C0000000000000000000000000000000000CE
:10F63C0000000000000000000000000000000000BE
:10F64C0000000000000000000000000000000000AE
:10F65C00000000000000000000000000000000009E
:10F66C00000000000000000000000000000000008E
:10F67C00000000000000000000000000000000007E
:10F68C00000000000000000000000000000000006E
:10F69C00000000000000000000000000000000005E
:10F6AC00000000000000000000000000000000004E
:10F6BC00000000000000000000000000000000003E
:10F6CC00000000000000000000000000000000002E
:10F6DC00000000000000000000000000000000001E
:10F6EC00000000000000000000000000000000000E
:10F6FC0000000000000000000000000000000000FE
:10F70C0000000000000000000000000000000000ED
:10F71C0000000000000000000000000000000000DD
:10F72C0000000000000000000000000000000000CD
:10F73C0000000000000000000000000000000000BD
:10F74C0000000000000000000000000000000000AD
:10F75C00000000000000000000000000000000009D
:10F76C00000000000000000000000000000000008D
:10F77C00000000000000000000000000000000007D
:10F78C00000000000000000000000000000000006D
:10F79C00000000000000000000000000000000005D
:10F7AC00000000000000000000000000000000004D
:10F7BC00000000000000000000000000000000003D
:10F7CC00000000000000000000000000000000002D
:10F7DC00000000000000000000000000000000001D
:10F7EC00000000000000000000000000000000000D
:10F7FC0000000000000000000000000000000000FD
:10F80C0000000000000000000000000000000000EC
:10F81C0000000000000000000000000000000000DC
:10F82C0000000000000000000000000000000000CC
:10F83C0000000000000000000000000000000000BC
:10F84C0000000000000000000000000000000000AC
:10F85C00000000000000000000000000000000009C
:10F86C00000000000000000000000000000000008C
:10F87C00000000000000000000000000000000007C
:10F88C00000000000000000000000000000000006C
:10F89C00000000000000000000000000000000005C
:10F8AC00000000000000000000000000000000004C
:10F8BC00000000000000000000000000000000003C
:10F8CC00000000000000000000000000000000002C
:10F8DC00000000000000000000000000000000001C
:10F8EC00000000000000000000000000000000000C
:10F8FC0000000000000000000000000000000000FC
:10F90C0000000000000000000000000000000000EB
:10F91C0000000000000000000000000000000000DB
:10F92C0000000000000000000000000000000000CB
:10F93C0000000000000000000000000000000000BB
:10F94C0000000000000000000000000000000000AB
:10F95C00000000000000000000000000000000009B
:10F96C00000000000000000000000000000000008B
:10F97C00000000000000000000000000000000007B
:10F98C00000000000000000000000000000000006B
:10F99C00000000000000000000000000000000005B
:10F9AC00000000000000000000000000000000004B
:10F9BC00000000000000000000000000000000003B
:10F9CC00000000000000000000000000000000002B
:10F9DC00000000000000000000000000000000001B
:10F9EC00000000000000000000000000000000000B
:10F9FC0000000000000000000000000000000000FB
:10FA0C0000000000000000000000000000000000EA
:10FA1C0000000000000000000000000000000000DA
:10FA2C0000000000000000000000000000000000CA
:10FA3C0000000000000000000000000000000000BA
:10FA4C0000000000000000000000000000000000AA
:10FA5C00000000000000000000000000000000009A
:10FA6C00000000000000000000000000000000008A
:10FA7C00000000000000000000000000000000007A
:10FA8C00000000000000000000000000000000006A
:10FA9C00000000000000000000000000000000005A
:10FAAC00000000000000000000000000000000004A
:10FABC00000000000000000000000000000000003A
:10FACC00000000000000000000000000000000002A
:10FADC00000000000000000000000000000000001A
:10FAEC00000000000000000000000000000000000A
:10FAFC0000000000000000000000000000000000FA
:10FB0C0000000000000000000000000000000000E9
:10FB1C0000000000000000000000000000000000D9
:10FB2C0000000000000000000000000000000000C9
:10FB3C0000000000000000000000000000000000B9
:10FB4C0000000000000000000000000000000000A9
:10FB5C000000000000000000000000000000000099
:10FB6C000000000000000000000000000000000089
:10FB7C000000000000000000000000000000000079
:10FB8C000000000000000000000000000000000069
:10FB9C000000000000000000000000000000000059
:10FBAC000000000000000000000000000000000049
:10FBBC000000000000000000000000000000000039
:10FBCC000000000000000000000000000000000029
:10FBDC000000000000000000000000000000000019
:10FBEC000000000000000000000000000000000009
:10FBFC0000000000000000000000000000000000F9
:10FC0C0000000000000000000000000000000000E8
:10FC1C0000000000000000000000000000000000D8
:10FC2C0000000000000000000000000000000000C8
:10FC3C0000000000000000000000000000000000B8
:10FC4C0000000000000000000000000000000000A8
:10FC5C000000000000000000000000000000000098
:10FC6C000000000000000000000000000000000088
:10FC7C000000000000000000000000000000000078
:10FC8C000000000000000000000000000000000068
:10FC9C000000000000000000000000000000000058
:10FCAC000000000000000000000000000000000048
:10FCBC000000000000000000000000000000000038
:10FCCC000000000000000000000000000000000028
:10FCDC000000000000000000000000000000000018
:10FCEC000000000000000000000000000000000008
:10FCFC0000000000000000000000000000000000F8
:10FD0C0000000000000000000000000000000000E7
:10FD1C0000000000000000000000000000000000D7
:10FD2C0000000000000000000000000000000000C7
:10FD3C0000000000000000000000000000000000B7
:10FD4C0000000000000000000000000000000000A7
:10FD5C000000000000000000000000000000000097
:10FD6C000000000000000000000000000000000087
:10FD7C000000000000000000000000000000000077
:10FD8C000000000000000000000000000000000067
:10FD9C000000000000000000000000000000000057
:10FDAC000000000000000000000000000000000047
:10FDBC000000000000000000000000000000000037
:10FDCC000000000000000000000000000000000027
:10FDDC000000000000000000000000000000000017
:10FDEC000000000000000000000000000000000007
:10FDFC0000000000000000000000000000000000F7
:10FE0C0000000000000000000000000000000000E6
:10FE1C0000000000000000000000000000000000D6
:10FE2C0000000000000000000000000000000000C6
:10FE3C0000000000000000000000000000000000B6
:10FE4C0000000000000000000000000000000000A6
:10FE5C000000000000000000000000000000000096
:10FE6C000000000000000000000000000000000086
:10FE7C000000000000000000000000000000000076
:10FE8C000000000000000000000000000000000066
:10FE9C000000000000000000000000000000000056
:10FEAC000000000000000000000000000000000046
:10FEBC000000000000000000000000000000000036
:10FECC000000000000000000000000000000000026
:10FEDC000000000000000000000000000000000016
:10FEEC000000000000000000000000000000000006
:10FEFC0000000000000000000000000000000000F6
:10FF0C0000000000000000000000000000000000E5
:10FF1C0000000000000000000000000000000000D5
:10FF2C0000000000000000000000000000000000C5
:10FF3C0000000000000000000000000000000000B5
:10FF4C0000000000000000000000000000000000A5
:10FF5C000000000000000000000000000000000095
:10FF6C000000000000000000000000000000000085
:10FF7C000000000000000000000000000000000075
:10FF8C000000000000000000000000000000000065
:10FF9C000000000000000000000000000000000055
:10FFAC000000000000000000000000000000000045
:10FFBC000000000000000000000000000000000035
:10FFCC000000000000000000000000000000000025
:10FFDC000000000000000000000000000000000015
:10FFEC000000000000000000000000000000000005
:04FFFC000000000001
:020000040805ED
:1000000000000000000000000000000000000000F0
:1000100000000000000000000000000000000000E0
:1000200000000000000000000000000000000000D0
:1000300000000000000000000000000000000000C0
:1000400000000000000000000000000000000000B0
:1000500000000000000000000000000000000000A0
:100060000000000000000000000000000000000090
:100070000000000000000000000000000000000080
:100080000000000000000000000000000000000070
:100090000000000000000000000000000000000060
:1000A0000000000000000000000000000000000050
:1000B0000000000000000000000000000000000040
:1000C0000000000000000000000000000000000030
:1000D0000000000000000000000000000000000020
:1000E0000000000000000000000000000000000010
:1000F0000000000000000000000000000000000000
:1001000000000000000000000000000000000000EF
:1001100000000000000000000000000000000000DF
:1001200000000000000000000000000000000000CF
:1001300000000000000000000000000000000000BF
:1001400000000000000000000000000000000000AF
:10015000000000000000000000000000000000009F
:10016000000000000000000000000000000000008F
:10017000000000000000000000000000000000007F
:10018000000000000000000000000000000000006F
:10019000000000000000000000000000000000005F
:1001A000000000000000000000000000000000004F
:1001B000000000000000000000000000000000003F
:1001C000000000000000000000000000000000002F
:1001D000000000000000000000000000000000001F
:1001E000000000000000000000000000000000000F
:1001F00000000000000000000000000000000000FF
:1002000000000000000000000000000000000000EE
:1002100000000000000000000000000000000000DE
:1002200000000000000000000000000000000000CE
:1002300000000000000000000000000000000000BE
:1002400000000000000000000000000000000000AE
:10025000000000000000000000000000000000009E
:10026000000000000000000000000000000000008E
:10027000000000000000000000000000000000007E
:10028000000000000000000000000000000000006E
:10029000000000000000000000000000000000005E
:1002A000000000000000000000000000000000004E
:1002B000000000000000000000000000000000003E
:1002C000000000000000000000000000000000002E
:1002D000000000000000000000000000000000001E
:1002E000000000000000000000000000000000000E
:1002F00000000000000000000000000000000000FE
:1003000000000000000000000000000000000000ED
:1003100000000000000000000000000000000000DD
:1003200000000000000000000000000000000000CD
:1003300000000000000000000000000000000000BD
:1003400000000000000000000000000000000000AD
:10035000000000000000000000000000000000009D
:10036000000000000000000000000000000000008D
:10037000000000000000000000000000000000007D
:10038000000000000000000000000000000000006D
:10039000000000000000000000000000000000005D
:1003A000000000000000000000000000000000004D
:1003B000000000000000000000000000000000003D
:1003C000000000000000000000000000000000002D
:1003D000000000000000000000000000000000001D
:1003E000000000000000000000000000000000000D
:1003F00000000000000000000000000000000000FD
:1004000000000000000000000000000000000000EC
:1004100000000000000000000000000000000000DC
:1004200000000000000000000000000000000000CC
:1004300000000000000000000000000000000000BC
:1004400000000000000000000000000000000000AC
:10045000000000000000000000000000000000009C
:10046000000000000000000000000000000000008C
:10047000000000000000000000000000000000007C
:10048000000000000000000000000000000000006C
:10049000000000000000000000000000000000005C
:1004A000000000000000000000000000000000004C
:1004B000000000000000000000000000000000003C
:1004C000000000000000000000000000000000002C
:1004D000000000000000000000000000000000001C
:1004E000000000000000000000000000000000000C
:1004F00000000000000000000000000000000000FC
:1005000000000000000000000000000000000000EB
:1005100000000000000000000000000000000000DB
:1005200000000000000000000000000000000000CB
:1005300000000000000000000000000000000000BB
:1005400000000000000000000000000000000000AB
:10055000000000000000000000000000000000009B
:10056000000000000000000000000000000000008B
:10057000000000000000000000000000000000007B
:10058000000000000000000000000000000000006B
:10059000000000000000000000000000000000005B
:1005A000000000000000000000000000000000004B
:1005B000000000000000000000000000000000003B
:1005C000000000000000000000000000000000002B
:1005D000000000000000000000000000000000001B
:1005E000000000000000000000000000000000000B
:1005F00000000000000000000000000000000000FB
:1006000000000000000000000000000000000000EA
:1006100000000000000000000000000000000000DA
:1006200000000000000000000000000000000000CA
:1006300000000000000000000000000000000000BA
:1006400000000000000000000000000000000000AA
:10065000000000000000000000000000000000009A
:10066000000000000000000000000000000000008A
:10067000000000000000000000000000000000007A
:10068000000000000000000000000000000000006A
:10069000000000000000000000000000000000005A
:1006A000000000000000000000000000000000004A
:1006B000000000000000000000000000000000003A
:1006C000000000000000000000000000000000002A
:1006D000000000000000000000000000000000001A
:1006E000000000000000000000000000000000000A
:1006F00000000000000000000000000000000000FA
:1007000000000000000000000000000000000000E9
:1007100000000000000000000000000000000000D9
:1007200000000000000000000000000000000000C9
:1007300000000000000000000000000000000000B9
:1007400000000000000000000000000000000000A9
:100750000000000000000000000000000000000099
:100760000000000000000000000000000000000089
:100770000000000000000000000000000000000079
:100780000000000000000000000000000000000069
:100790000000000000000000000000000000000059
:1007A0000000000000000000000000000000000049
:1007B0000000000000000000000000000000000039
:1007C0000000000000000000000000000000000029
:1007D0000000000000000000000000000000000019
:1007E0000000000000000000000000000000000009
:1007F00000000000000000000000000000000000F9
:1008000000000000000000000000000000000000E8
:1008100000000000000000000000000000000000D8
:1008200000000000000000000000000000000000C8
:1008300000000000000000000000000000000000B8
:1008400000000000000000000000000000000000A8
:100850000000000000000000000000000000000098
:100860000000000000000000000000000000000088
:100870000000000000000000000000000000000078
:100880000000000000000000000000000000000068
:100890000000000000000000000000000000000058
:1008A0000000000000000000000000000000000048
:1008B0000000000000000000000000000000000038
:0C08C0000000000000000000000000002C
:1008CC00000000000000000000000000000000001C
:1008DC00000000000000000000000000000000000C
:1008EC0000000000000000000000000000000000FC
:1008FC0000000000000000000000000000000000EC
:10090C0000000000000000000000000000000000DB
:10091C0000000000000000000000000000000000CB
:10092C0000000000000000000000000000000000BB
:10093C0000000000000000000000000000000000AB
:10094C00000000000000000000000000000000009B
:10095C00000000000000000000000000000000008B
:10096C00000000000000000000000000000000007B
:10097C00000000000000000000000000000000006B
:10098C00000000000000000000000000000000005B
:10099C00000000000000000000000000000000004B
:1009AC00000000000000000000000000000000003B
:1009BC00000000000000000000000000000000002B
:1009CC00000000000000000000000000000000001B
:1009DC00000000000000000000000000000000000B
:1009EC0000000000000000000000000000000000FB
:1009FC0000000000000000000000000000000000EB
:100A0C0000000000000000000000000000000000DA
:100A1C0000000000000000000000000000000000CA
:100A2C0000000000000000000000000000000000BA
:100A3C0000000000000000000000000000000000AA
:100A4C00000000000000000000000000000000009A
:100A5C00000000000000000000000000000000008A
:100A6C00000000000000000000000000000000007A
:100A7C00000000000000000000000000000000006A
:100A8C00000000000000000000000000000000005A
:100A9C00000000000000000000000000000000004A
:100AAC00000000000000000000000000000000003A
:100ABC00000000000000000000000000000000002A
:0400000508014F514E
:00000001FF
