// 4.26.0 0xa01c76b0 D2 AY R0 FARGB8888 U565 N0 SExtFlashSection
// Generated by imageconverter. Please, do not edit!

#include <touchgfx/hal/Config.hpp>

LOCATION_PRAGMA("ExtFlashSection")
KEEP extern const unsigned char image_accelpedal[] LOCATION_ATTRIBUTE("ExtFlashSection") = { // 80x400 ARGB8888 pixels.
    0x00, 0x00, 0x00, 0x00, 0x00, 0x00, 0x00, 0x00, 0x00, 0x00, 0x00, 0x00,
    0x00, 0x00, 0x00, 0x00, 0x00, 0x00, 0x00, 0x00, 0x00, 0x00, 0x00, 0x00,
    0x00, 0x00, 0x00, 0x00, 0x00, 0x00, 0x00, 0x00, 0x00, 0x00, 0x00, 0x00,
    0x00, 0x00, 0x00, 0x00, 0x00, 0x00, 0x00, 0x00, 0x00, 0x00, 0x00, 0x00,
    0x00, 0x00, 0x00, 0x00, 0x00, 0x00, 0x00, 0x00, 0x00, 0x00, 0x00, 0x00,
    0x00, 0x00, 0x00, 0x00, 0x00, 0x00, 0x00, 0x00, 0x00, 0x00, 0x00, 0x00,
    0x00, 0x00, 0x00, 0x00, 0x00, 0x00, 0x00, 0x00, 0x00, 0x00, 0x00, 0x00,
    0x00, 0x00, 0x00, 0x00, 0x00, 0x00, 0x00, 0x00, 0x00, 0x00, 0x00, 0x00,
    0x00, 0x00, 0x00, 0x00, 0x00, 0x00, 0x00, 0x00, 0x00, 0x00, 0x00, 0x00,
    0x00, 0x00, 0x00, 0x00, 0x00, 0x00, 0x00, 0x00, 0x00, 0x00, 0x00, 0x00,
    0x00, 0x00, 0x00, 0x00, 0x00, 0x00, 0x00, 0x00, 0x00, 0x00, 0x00, 0x00,
    0x00, 0x00, 0x00, 0x00, 0x00, 0x00, 0x00, 0x00, 0x00, 0x00, 0x00, 0x00,
    0x00, 0x00, 0x00, 0x00, 0x00, 0x00, 0x00, 0x00, 0x00, 0x00, 0x00, 0x00,
    0x00, 0x00, 0x00, 0x00, 0x00, 0x00, 0x00, 0x00, 0x00, 0x00, 0x00, 0x00,
    0x00, 0x00, 0x00, 0x00, 0x00, 0x00, 0x00, 0x00, 0x00, 0x00, 0x00, 0x00,
    0x00, 0x00, 0x00, 0x00, 0x00, 0x00, 0x00, 0x00, 0x00, 0x00, 0x00, 0x00,
    0x00, 0x00, 0x00, 0x00, 0x00, 0x00, 0x00, 0x00, 0x00, 0x00, 0x00, 0x00,
    0x00, 0x00, 0x00, 0x00, 0x00, 0x00, 0x00, 0x00, 0x00, 0x00, 0x00, 0x00,
    0x00, 0x00, 0x00, 0x00, 0x00, 0x00, 0x00, 0x00, 0x00, 0x00, 0x00, 0x00,
    0x00, 0x00, 0x00, 0x00, 0x00, 0x00, 0x00, 0x00, 0x00, 0x00, 0x00, 0x00,
    0x00, 0x00, 0x00, 0x00, 0x00, 0x00, 0x00, 0x00, 0x00, 0x00, 0x00, 0x00,
    0x00, 0x00, 0x00, 0x00, 0x00, 0x00, 0x00, 0x00, 0x00, 0x00, 0x00, 0x00,
    0x00, 0x00, 0x00, 0x00, 0x00, 0x00, 0x00, 0x00, 0x00, 0x00, 0x00, 0x00,
    0x00, 0x00, 0x00, 0x00, 0x00, 0x00, 0x00, 0x00, 0x00, 0x00, 0x00, 0x00,
    0x00, 0x00, 0x00, 0x00, 0x00, 0x00, 0x00, 0x00, 0x00, 0x00, 0x00, 0x00,
    0x00, 0x00, 0x00, 0x00, 0x00, 0x00, 0x00, 0x00, 0x00, 0x00, 0x00, 0x00,
    0x00, 0x00, 0x00, 0x00, 0x00, 0x00, 0x00, 0x00, 0x00, 0x00, 0x00, 0x00,
    0x00, 0x00, 0x00, 0x00, 0x00, 0x00, 0x00, 0x00, 0x00, 0x00, 0x00, 0x00,
    0x00, 0x00, 0x00, 0x00, 0x00, 0x00, 0x00, 0x00, 0x00, 0x00, 0x00, 0x00,
    0x00, 0x00, 0x00, 0x00, 0x00, 0x00, 0x00, 0x00, 0x00, 0x00, 0x00, 0x00,
    0x00, 0x00, 0x00, 0x00, 0x00, 0x00, 0x00, 0x00, 0x00, 0x00, 0x00, 0x00,
    0x00, 0x00, 0x00, 0x00, 0x00, 0x00, 0x00, 0x00, 0x00, 0x00, 0x00, 0x00,
    0x00, 0x00, 0x00, 0x00, 0x00, 0x00, 0x00, 0x00, 0x00, 0x00, 0x00, 0x00,
    0x00, 0x00, 0x00, 0x00, 0x00, 0x00, 0x00, 0x00, 0x00, 0x00, 0x00, 0x00,
    0x00, 0x00, 0x00, 0x00, 0x00, 0x00, 0x00, 0x00, 0x00, 0x00, 0x00, 0x00,
    0x00, 0x00, 0x00, 0x00, 0x00, 0x00, 0x00, 0x00, 0x00, 0x00, 0x00, 0x00,
    0x00, 0x00, 0x00, 0x00, 0x00, 0x00, 0x00, 0x00, 0x00, 0x00, 0x00, 0x00,
    0x00, 0x00, 0x00, 0x00, 0x00, 0x00, 0x00, 0x00, 0x00, 0x00, 0x00, 0x00,
    0x00, 0x00, 0x00, 0x00, 0x00, 0x00, 0x00, 0x00, 0x00, 0x00, 0x00, 0x00,
    0x00, 0x00, 0x00, 0x00, 0x00, 0x00, 0x00, 0x00, 0x00, 0x00, 0x00, 0x00,
    0x00, 0x00, 0x00, 0x00, 0x00, 0x00, 0x00, 0x00, 0x00, 0x00, 0x00, 0x00,
    0x00, 0x00, 0x00, 0x00, 0x00, 0x00, 0x00, 0x00, 0x00, 0x00, 0x00, 0x00,
    0x00, 0x00, 0x00, 0x00, 0x00, 0x00, 0x00, 0x00, 0x00, 0x00, 0x00, 0x00,
    0x00, 0x00, 0x00, 0x00, 0x00, 0x00, 0x00, 0x00, 0x00, 0x00, 0x00, 0x00,
    0x00, 0x00, 0x00, 0x00, 0x00, 0x00, 0x00, 0x00, 0x00, 0x00, 0x00, 0x00,
    0x00, 0x00, 0x00, 0x00, 0x00, 0x00, 0x00, 0x00, 0x00, 0x00, 0x00, 0x00,
    0x00, 0x00, 0x00, 0x00, 0x00, 0x00, 0x00, 0x00, 0x00, 0x00, 0x00, 0x00,
    0x00, 0x00, 0x00, 0x00, 0x00, 0x00, 0x00, 0x00, 0x00, 0x00, 0x00, 0x00,
    0x00, 0x00, 0x00, 0x00, 0x00, 0x00, 0x00, 0x00, 0x00, 0x00, 0x00, 0x00,
    0x00, 0x00, 0x00, 0x00, 0x00, 0x00, 0x00, 0x00, 0x00, 0x00, 0x00, 0x00,
    0x00, 0x00, 0x00, 0x00, 0x00, 0x00, 0x00, 0x00, 0x00, 0x00, 0x00, 0x00,
    0x00, 0x00, 0x00, 0x00, 0x00, 0x00, 0x00, 0x00, 0x00, 0x00, 0x00, 0x00,
    0x00, 0x00, 0x00, 0x00, 0x00, 0x00, 0x00, 0x00, 0x00, 0x00, 0x00, 0x00,
    0x00, 0x00, 0x00, 0x00, 0x00, 0x00, 0x00, 0x00, 0x00, 0x00, 0x00, 0x00,
    0x00, 0x00, 0x00, 0x00, 0x00, 0x00, 0x00, 0x00, 0x00, 0x00, 0x00, 0x00,
    0x00, 0x00, 0x00, 0x00, 0x00, 0x00, 0x00, 0x00, 0x00, 0x00, 0x00, 0x00,
    0x00, 0x00, 0x00, 0x00, 0x00, 0x00, 0x00, 0x00, 0x00, 0x00, 0x00, 0x00,
    0x00, 0x00, 0x00, 0x00, 0x00, 0x00, 0x00, 0x00, 0x00, 0x00, 0x00, 0x00,
    0x00, 0x00, 0x00, 0x00, 0x00, 0x00, 0x00, 0x00, 0x00, 0x00, 0x00, 0x00,
    0x00, 0x00, 0x00, 0x00, 0x00, 0x00, 0x00, 0x00, 0x00, 0x00, 0x00, 0x00,
    0x00, 0x00, 0x00, 0x00, 0x00, 0x00, 0x00, 0x00, 0x00, 0x00, 0x00, 0x00,
    0x00, 0x00, 0x00, 0x00, 0x00, 0x00, 0x00, 0x00, 0x00, 0x00, 0x00, 0x00,
    0x00, 0x00, 0x00, 0x00, 0x00, 0x00, 0x00, 0x00, 0x00, 0x00, 0x00, 0x00,
    0x00, 0x00, 0x00, 0x00, 0x00, 0x00, 0x00, 0x00, 0x00, 0x00, 0x00, 0x00,
    0x00, 0x00, 0x00, 0x00, 0x00, 0x00, 0x00, 0x00, 0x00, 0x00, 0x00, 0x00,
    0x00, 0x00, 0x00, 0x00, 0x00, 0x00, 0x00, 0x00, 0x00, 0x00, 0x00, 0x00,
    0x00, 0x00, 0x00, 0x00, 0x00, 0x00, 0x00, 0x00, 0x00, 0x00, 0x00, 0x00,
    0x00, 0x00, 0x00, 0x00, 0x00, 0x00, 0x00, 0x00, 0x00, 0x00, 0x00, 0x00,
    0x00, 0x00, 0x00, 0x00, 0x00, 0x00, 0x00, 0x00, 0x00, 0x00, 0x00, 0x00,
    0x00, 0x00, 0x00, 0x00, 0x00, 0x00, 0x00, 0x00, 0x00, 0x00, 0x00, 0x00,
    0x00, 0x00, 0x00, 0x00, 0x00, 0x00, 0x00, 0x00, 0x00, 0x00, 0x00, 0x00,
    0x00, 0x00, 0x00, 0x00, 0x00, 0x00, 0x00, 0x00, 0x00, 0x00, 0x00, 0x00,
    0x00, 0x00, 0x00, 0x00, 0x00, 0x00, 0x00, 0x00, 0x00, 0x00, 0x00, 0x00,
    0x00, 0x00, 0x00, 0x00, 0x00, 0x00, 0x00, 0x00, 0x00, 0x00, 0x00, 0x00,
    0x00, 0x00, 0x00, 0x00, 0x00, 0x00, 0x00, 0x00, 0x00, 0x00, 0x00, 0x00,
    0x00, 0x00, 0x00, 0x00, 0x00, 0x00, 0x00, 0x00, 0x00, 0x00, 0x00, 0x00,
    0x00, 0x00, 0x00, 0x00, 0x00, 0x00, 0x00, 0x00, 0x00, 0x00, 0x00, 0x00,
    0x00, 0x00, 0x00, 0x00, 0x00, 0x00, 0x00, 0x00, 0x00, 0x00, 0x00, 0x00,
    0x00, 0x00, 0x00, 0x00, 0x00, 0x00, 0x00, 0x00, 0x00, 0x00, 0x00, 0x00,
    0x00, 0x00, 0x00, 0x00, 0x00, 0x00, 0x00, 0x00, 0x00, 0x00, 0x00, 0x00,
    0x00, 0x00, 0x00, 0x00, 0x00, 0x00, 0x00, 0x00, 0x00, 0x00, 0x00, 0x00,
    0x00, 0x00, 0x00, 0x00, 0x00, 0x00, 0x00, 0x00, 0x00, 0x00, 0x00, 0x00,
    0x00, 0x00, 0x00, 0x00, 0x00, 0x00, 0x00, 0x00, 0x00, 0x00, 0x00, 0x00,
    0x00, 0x00, 0x00, 0x00, 0x00, 0x00, 0x00, 0x00, 0x00, 0x00, 0x00, 0x00,
    0x00, 0x00, 0x00, 0x00, 0x00, 0x00, 0x00, 0x00, 0x00, 0x00, 0x00, 0x00,
    0x00, 0x00, 0x00, 0x00, 0x00, 0x00, 0x00, 0x00, 0x00, 0x00, 0x00, 0x00,
    0x00, 0x00, 0x00, 0x00, 0x00, 0x00, 0x00, 0x00, 0x00, 0x00, 0x00, 0x00,
    0x00, 0x00, 0x00, 0x00, 0x00, 0x00, 0x00, 0x00, 0x00, 0x00, 0x00, 0x00,
    0x00, 0x00, 0x00, 0x00, 0x00, 0x00, 0x00, 0x00, 0x00, 0x00, 0x00, 0x00,
    0x00, 0x00, 0x00, 0x00, 0x00, 0x00, 0x00, 0x00, 0x00, 0x00, 0x00, 0x00,
    0x00, 0x00, 0x00, 0x00, 0x00, 0x00, 0x00, 0x00, 0x00, 0x00, 0x00, 0x00,
    0x00, 0x00, 0x00, 0x00, 0x00, 0x00, 0x00, 0x00, 0x00, 0x00, 0x00, 0x00,
    0x00, 0x00, 0x00, 0x00, 0x00, 0x00, 0x00, 0x00, 0x00, 0x00, 0x00, 0x00,
    0x00, 0x00, 0x00, 0x00, 0x00, 0x00, 0x00, 0x00, 0x00, 0x00, 0x00, 0x00,
    0x00, 0x00, 0x00, 0x00, 0x00, 0x00, 0x00, 0x00, 0x00, 0x00, 0x00, 0x00,
    0x00, 0x00, 0x00, 0x00, 0x00, 0x00, 0x00, 0x00, 0x00, 0x00, 0x00, 0x00,
    0x00, 0x00, 0x00, 0x00, 0x00, 0x00, 0x00, 0x00, 0x00, 0x00, 0x00, 0x00,
    0x00, 0x00, 0x00, 0x00, 0x00, 0x00, 0x00, 0x00, 0x00, 0x00, 0x00, 0x00,
    0x00, 0x00, 0x00, 0x00, 0x00, 0x00, 0x00, 0x00, 0x00, 0x00, 0x00, 0x00,
    0x00, 0x00, 0x00, 0x00, 0x00, 0x00, 0x00, 0x00, 0x00, 0x00, 0x00, 0x00,
    0x00, 0x00, 0x00, 0x00, 0x00, 0x00, 0x00, 0x00, 0x00, 0x00, 0x00, 0x00,
    0x00, 0x00, 0x00, 0x00, 0x00, 0x00, 0x00, 0x00, 0x00, 0x00, 0x00, 0x00,
    0x00, 0x00, 0x00, 0x00, 0x00, 0x00, 0x00, 0x00, 0x00, 0x00, 0x00, 0x00,
    0x00, 0x00, 0x00, 0x00, 0x00, 0x00, 0x00, 0x00, 0x00, 0x00, 0x00, 0x00,
    0x00, 0x00, 0x00, 0x00, 0x00, 0x00, 0x00, 0x00, 0x00, 0x00, 0x00, 0x00,
    0x00, 0x00, 0x00, 0x00, 0x00, 0x00, 0x00, 0x00, 0x00, 0x00, 0x00, 0x00,
    0x00, 0x00, 0x00, 0x00, 0x00, 0x00, 0x00, 0x00, 0x00, 0x00, 0x00, 0x00,
    0x00, 0x00, 0x00, 0x00, 0x00, 0x00, 0x00, 0x00, 0x00, 0x00, 0x00, 0x00,
    0x00, 0x00, 0x00, 0x00, 0x00, 0x00, 0x00, 0x00, 0x00, 0x00, 0x00, 0x00,
    0x00, 0x00, 0x00, 0x00, 0x00, 0x00, 0x00, 0x00, 0x00, 0x00, 0x00, 0x00,
    0x00, 0x00, 0x00, 0x00, 0x00, 0x00, 0x00, 0x00, 0x00, 0x00, 0x00, 0x00,
    0x00, 0x00, 0x00, 0x00, 0x00, 0x00, 0x00, 0x00, 0x00, 0x00, 0x00, 0x00,
    0x00, 0x00, 0x00, 0x00, 0x00, 0x00, 0x00, 0x00, 0x00, 0x00, 0x00, 0x00,
    0x00, 0x00, 0x00, 0x00, 0x00, 0x00, 0x00, 0x00, 0x00, 0x00, 0x00, 0x00,
    0x00, 0x00, 0x00, 0x00, 0x00, 0x00, 0x00, 0x00, 0x00, 0x00, 0x00, 0x00,
    0x00, 0x00, 0x00, 0x00, 0x00, 0x00, 0x00, 0x00, 0x00, 0x00, 0x00, 0x00,
    0x00, 0x00, 0x00, 0x00, 0x00, 0x00, 0x00, 0x00, 0x00, 0x00, 0x00, 0x00,
    0x00, 0x00, 0x00, 0x00, 0x00, 0x00, 0x00, 0x00, 0x00, 0x00, 0x00, 0x00,
    0x00, 0x00, 0x00, 0x00, 0x00, 0x00, 0x00, 0x00, 0x00, 0x00, 0x00, 0x00,
    0x00, 0x00, 0x00, 0x00, 0x00, 0x00, 0x00, 0x00, 0x00, 0x00, 0x00, 0x00,
    0x00, 0x00, 0x00, 0x00, 0x00, 0x00, 0x00, 0x00, 0x00, 0x00, 0x00, 0x00,
    0x00, 0x00, 0x00, 0x00, 0x00, 0x00, 0x00, 0x00, 0x00, 0x00, 0x00, 0x00,
    0x00, 0x00, 0x00, 0x00, 0x00, 0x00, 0x00, 0x00, 0x00, 0x00, 0x00, 0x00,
    0x00, 0x00, 0x00, 0x00, 0x00, 0x00, 0x00, 0x00, 0x00, 0x00, 0x00, 0x00,
    0x00, 0x00, 0x00, 0x00, 0x00, 0x00, 0x00, 0x00, 0x00, 0x00, 0x00, 0x00,
    0x00, 0x00, 0x00, 0x00, 0x00, 0x00, 0x00, 0x00, 0x00, 0x00, 0x00, 0x00,
    0x00, 0x00, 0x00, 0x00, 0x00, 0x00, 0x00, 0x00, 0x00, 0x00, 0x00, 0x00,
    0x00, 0x00, 0x00, 0x00, 0x00, 0x00, 0x00, 0x00, 0x00, 0x00, 0x00, 0x00,
    0x00, 0x00, 0x00, 0x00, 0x00, 0x00, 0x00, 0x00, 0x00, 0x00, 0x00, 0x00,
    0x00, 0x00, 0x00, 0x00, 0x00, 0x00, 0x00, 0x00, 0x00, 0x00, 0x00, 0x00,
    0x00, 0x00, 0x00, 0x00, 0x00, 0x00, 0x00, 0x00, 0x00, 0x00, 0x00, 0x00,
    0x00, 0x00, 0x00, 0x00, 0x00, 0x00, 0x00, 0x00, 0x00, 0x00, 0x00, 0x00,
    0x00, 0x00, 0x00, 0x00, 0x00, 0x00, 0x00, 0x00, 0x00, 0x00, 0x00, 0x00,
    0x00, 0x00, 0x00, 0x00, 0x00, 0x00, 0x00, 0x00, 0x00, 0x00, 0x00, 0x00,
    0x00, 0x00, 0x00, 0x00, 0x00, 0x00, 0x00, 0x00, 0x00, 0x00, 0x00, 0x00,
    0x00, 0x00, 0x00, 0x00, 0x00, 0x00, 0x00, 0x00, 0x00, 0x00, 0x00, 0x00,
    0x00, 0x00, 0x00, 0x00, 0x00, 0x00, 0x00, 0x00, 0x00, 0x00, 0x00, 0x00,
    0x00, 0x00, 0x00, 0x00, 0x00, 0x00, 0x00, 0x00, 0x00, 0x00, 0x00, 0x00,
    0x00, 0x00, 0x00, 0x00, 0x00, 0x00, 0x00, 0x00, 0x00, 0x00, 0x00, 0x00,
    0x00, 0x00, 0x00, 0x00, 0x00, 0x00, 0x00, 0x00, 0x00, 0x00, 0x00, 0x00,
    0x00, 0x00, 0x00, 0x00, 0x00, 0x00, 0x00, 0x00, 0x00, 0x00, 0x00, 0x00,
    0x00, 0x00, 0x00, 0x00, 0x00, 0x00, 0x00, 0x00, 0x00, 0x00, 0x00, 0x00,
    0x00, 0x00, 0x00, 0x00, 0x00, 0x00, 0x00, 0x00, 0x00, 0x00, 0x00, 0x00,
    0x00, 0x00, 0x00, 0x00, 0x00, 0x00, 0x00, 0x00, 0x00, 0x00, 0x00, 0x00,
    0x00, 0x00, 0x00, 0x00, 0x00, 0x00, 0x00, 0x00, 0x00, 0x00, 0x00, 0x00,
    0x00, 0x00, 0x00, 0x00, 0x00, 0x00, 0x00, 0x00, 0x00, 0x00, 0x00, 0x00,
    0x00, 0x00, 0x00, 0x00, 0x00, 0x00, 0x00, 0x00, 0x00, 0x00, 0x00, 0x00,
    0x00, 0x00, 0x00, 0x00, 0x00, 0x00, 0x00, 0x00, 0x00, 0x00, 0x00, 0x00,
    0x00, 0x00, 0x00, 0x00, 0x00, 0x00, 0x00, 0x00, 0x00, 0x00, 0x00, 0x00,
    0x00, 0x00, 0x00, 0x00, 0x00, 0x00, 0x00, 0x00, 0x00, 0x00, 0x00, 0x00,
    0x00, 0x00, 0x00, 0x00, 0x00, 0x00, 0x00, 0x00, 0x00, 0x00, 0x00, 0x00,
    0x00, 0x00, 0x00, 0x00, 0x00, 0x00, 0x00, 0x00, 0x00, 0x00, 0x00, 0x00,
    0x00, 0x00, 0x00, 0x00, 0x00, 0x00, 0x00, 0x00, 0x00, 0x00, 0x00, 0x00,
    0x00, 0x00, 0x00, 0x00, 0x00, 0x00, 0x00, 0x00, 0x00, 0x00, 0x00, 0x00,
    0x00, 0x00, 0x00, 0x00, 0x00, 0x00, 0x00, 0x00, 0x00, 0x00, 0x00, 0x00,
    0x00, 0x00, 0x00, 0x00, 0x00, 0x00, 0x00, 0x00, 0x00, 0x00, 0x00, 0x00,
    0x00, 0x00, 0x00, 0x00, 0x00, 0x00, 0x00, 0x00, 0x00, 0x00, 0x00, 0x00,
    0x00, 0x00, 0x00, 0x00, 0x00, 0x00, 0x00, 0x00, 0x00, 0x00, 0x00, 0x00,
    0x00, 0x00, 0x00, 0x00, 0x00, 0x00, 0x00, 0x00, 0x00, 0x00, 0x00, 0x00,
    0x00, 0x00, 0x00, 0x00, 0x00, 0x00, 0x00, 0x00, 0x00, 0x00, 0x00, 0x00,
    0x00, 0x00, 0x00, 0x00, 0x00, 0x00, 0x00, 0x00, 0x00, 0x00, 0x00, 0x00,
    0x00, 0x00, 0x00, 0x00, 0x00, 0x00, 0x00, 0x00, 0x00, 0x00, 0x00, 0x00,
    0x00, 0x00, 0x00, 0x00, 0x00, 0x00, 0x00, 0x00, 0x00, 0x00, 0x00, 0x00,
    0x00, 0x00, 0x00, 0x00, 0x00, 0x00, 0x00, 0x00, 0x00, 0x00, 0x00, 0x00,
    0x00, 0x00, 0x00, 0x00, 0x00, 0x00, 0x00, 0x00, 0x00, 0x00, 0x00, 0x00,
    0x00, 0x00, 0x00, 0x00, 0x00, 0x00, 0x00, 0x00, 0x00, 0x00, 0x00, 0x00,
    0x00, 0x00, 0x00, 0x00, 0x00, 0x00, 0x00, 0x00, 0x00, 0x00, 0x00, 0x00,
    0x00, 0x00, 0x00, 0x00, 0x00, 0x00, 0x00, 0x00, 0x00, 0x00, 0x00, 0x00,
    0x00, 0x00, 0x00, 0x00, 0x00, 0x00, 0x00, 0x00, 0x00, 0x00, 0x00, 0x00,
    0x00, 0x00, 0x00, 0x00, 0x00, 0x00, 0x00, 0x00, 0x00, 0x00, 0x00, 0x00,
    0x00, 0x00, 0x00, 0x00, 0x00, 0x00, 0x00, 0x00, 0x00, 0x00, 0x00, 0x00,
    0x00, 0x00, 0x00, 0x00, 0x00, 0x00, 0x00, 0x00, 0x00, 0x00, 0x00, 0x00,
    0x00, 0x00, 0x00, 0x00, 0x00, 0x00, 0x00, 0x00, 0x00, 0x00, 0x00, 0x00,
    0x00, 0x00, 0x00, 0x00, 0x00, 0x00, 0x00, 0x00, 0x00, 0x00, 0x00, 0x00,
    0x00, 0x00, 0x00, 0x00, 0x00, 0x00, 0x00, 0x00, 0x00, 0x00, 0x00, 0x00,
    0x00, 0x00, 0x00, 0x00, 0x00, 0x00, 0x00, 0x00, 0x00, 0x00, 0x00, 0x00,
    0x00, 0x00, 0x00, 0x00, 0x00, 0x00, 0x00, 0x00, 0x00, 0x00, 0x00, 0x00,
    0x00, 0x00, 0x00, 0x00, 0x00, 0x00, 0x00, 0x00, 0x00, 0x00, 0x00, 0x00,
    0x00, 0x00, 0x00, 0x00, 0x00, 0x00, 0x00, 0x00, 0x00, 0x00, 0x00, 0x00,
    0x00, 0x00, 0x00, 0x00, 0x00, 0x00, 0x00, 0x00, 0x00, 0x00, 0x00, 0x00,
    0x00, 0x00, 0x00, 0x00, 0x00, 0x00, 0x00, 0x00, 0x00, 0x00, 0x00, 0x00,
    0x00, 0x00, 0x00, 0x00, 0x00, 0x00, 0x00, 0x00, 0x00, 0x00, 0x00, 0x00,
    0x00, 0x00, 0x00, 0x00, 0x00, 0x00, 0x00, 0x00, 0x00, 0x00, 0x00, 0x00,
    0x00, 0x00, 0x00, 0x00, 0x00, 0x00, 0x00, 0x00, 0x00, 0x00, 0x00, 0x00,
    0x00, 0x00, 0x00, 0x00, 0x00, 0x00, 0x00, 0x00, 0x00, 0x00, 0x00, 0x00,
    0x00, 0x00, 0x00, 0x00, 0x00, 0x00, 0x00, 0x00, 0x00, 0x00, 0x00, 0x00,
    0x00, 0x00, 0x00, 0x00, 0x00, 0x00, 0x00, 0x00, 0x00, 0x00, 0x00, 0x00,
    0x00, 0x00, 0x00, 0x00, 0x00, 0x00, 0x00, 0x00, 0x00, 0x00, 0x00, 0x00,
    0x00, 0x00, 0x00, 0x00, 0x00, 0x00, 0x00, 0x00, 0x00, 0x00, 0x00, 0x00,
    0x00, 0x00, 0x00, 0x00, 0x00, 0x00, 0x00, 0x00, 0x00, 0x00, 0x00, 0x00,
    0x00, 0x00, 0x00, 0x00, 0x00, 0x00, 0x00, 0x00, 0x00, 0x00, 0x00, 0x00,
    0x00, 0x00, 0x00, 0x00, 0x00, 0x00, 0x00, 0x00, 0x00, 0x00, 0x00, 0x00,
    0x00, 0x00, 0x00, 0x00, 0x00, 0x00, 0x00, 0x00, 0x00, 0x00, 0x00, 0x00,
    0x00, 0x00, 0x00, 0x00, 0x00, 0x00, 0x00, 0x00, 0x00, 0x00, 0x00, 0x00,
    0x00, 0x00, 0x00, 0x00, 0x00, 0x00, 0x00, 0x00, 0x00, 0x00, 0x00, 0x00,
    0x00, 0x00, 0x00, 0x00, 0x00, 0x00, 0x00, 0x00, 0x00, 0x00, 0x00, 0x00,
    0x00, 0x00, 0x00, 0x00, 0x00, 0x00, 0x00, 0x00, 0x00, 0x00, 0x00, 0x00,
    0x00, 0x00, 0x00, 0x00, 0x00, 0x00, 0x00, 0x00, 0x00, 0x00, 0x00, 0x00,
    0x00, 0x00, 0x00, 0x00, 0x00, 0x00, 0x00, 0x00, 0x00, 0x00, 0x00, 0x00,
    0x00, 0x00, 0x00, 0x00, 0x00, 0x00, 0x00, 0x00, 0x00, 0x00, 0x00, 0x00,
    0x00, 0x00, 0x00, 0x00, 0x00, 0x00, 0x00, 0x00, 0x00, 0x00, 0x00, 0x00,
    0x00, 0x00, 0x00, 0x00, 0x00, 0x00, 0x00, 0x00, 0x00, 0x00, 0x00, 0x00,
    0x00, 0x00, 0x00, 0x00, 0x00, 0x00, 0x00, 0x00, 0x00, 0x00, 0x00, 0x00,
    0x00, 0x00, 0x00, 0x00, 0x00, 0x00, 0x00, 0x00, 0x00, 0x00, 0x00, 0x00,
    0x00, 0x00, 0x00, 0x00, 0x00, 0x00, 0x00, 0x00, 0x00, 0x00, 0x00, 0x00,
    0x00, 0x00, 0x00, 0x00, 0x00, 0x00, 0x00, 0x00, 0x00, 0x00, 0x00, 0x00,
    0x00, 0x00, 0x00, 0x00, 0x00, 0x00, 0x00, 0x00, 0x00, 0x00, 0x00, 0x00,
    0x00, 0x00, 0x00, 0x00, 0x00, 0x00, 0x00, 0x00, 0x00, 0x00, 0x00, 0x00,
    0x00, 0x00, 0x00, 0x00, 0x00, 0x00, 0x00, 0x00, 0x00, 0x00, 0x00, 0x00,
    0x00, 0x00, 0x00, 0x00, 0x00, 0x00, 0x00, 0x00, 0x00, 0x00, 0x00, 0x00,
    0x00, 0x00, 0x00, 0x00, 0x00, 0x00, 0x00, 0x00, 0x00, 0x00, 0x00, 0x00,
    0x00, 0x00, 0x00, 0x00, 0x00, 0x00, 0x00, 0x00, 0x00, 0x00, 0x00, 0x00,
    0x00, 0x00, 0x00, 0x00, 0x00, 0x00, 0x00, 0x00, 0x00, 0x00, 0x00, 0x00,
    0x00, 0x00, 0x00, 0x00, 0x00, 0x00, 0x00, 0x00, 0x00, 0x00, 0x00, 0x00,
    0x00, 0x00, 0x00, 0x00, 0x00, 0x00, 0x00, 0x00, 0x00, 0x00, 0x00, 0x00,
    0x00, 0x00, 0x00, 0x00, 0x00, 0x00, 0x00, 0x00, 0x00, 0x00, 0x00, 0x00,
    0x00, 0x00, 0x00, 0x00, 0x00, 0x00, 0x00, 0x00, 0x00, 0x00, 0x00, 0x00,
    0x00, 0x00, 0x00, 0x00, 0x00, 0x00, 0x00, 0x00, 0x00, 0x00, 0x00, 0x00,
    0x00, 0x00, 0x00, 0x00, 0x38, 0x34, 0x38, 0x24, 0x30, 0x30, 0x30, 0x79,
    0x30, 0x34, 0x30, 0xba, 0x30, 0x34, 0x30, 0xe7, 0x30, 0x34, 0x30, 0xfb,
    0x30, 0x34, 0x30, 0xff, 0x30, 0x34, 0x30, 0xff, 0x30, 0x34, 0x30, 0xff,
    0x30, 0x34, 0x30, 0xff, 0x30, 0x34, 0x30, 0xff, 0x30, 0x34, 0x30, 0xff,
    0x30, 0x34, 0x30, 0xff, 0x30, 0x34, 0x30, 0xff, 0x30, 0x34, 0x30, 0xff,
    0x30, 0x34, 0x30, 0xff, 0x30, 0x34, 0x30, 0xff, 0x30, 0x34, 0x30, 0xff,
    0x30, 0x34, 0x30, 0xff, 0x30, 0x34, 0x30, 0xff, 0x30, 0x34, 0x30, 0xff,
    0x30, 0x34, 0x30, 0xff, 0x30, 0x34, 0x30, 0xff, 0x30, 0x34, 0x30, 0xff,
    0x30, 0x34, 0x30, 0xff, 0x30, 0x34, 0x30, 0xff, 0x30, 0x34, 0x30, 0xff,
    0x30, 0x34, 0x30, 0xff, 0x30, 0x34, 0x30, 0xff, 0x30, 0x34, 0x30, 0xff,
    0x30, 0x34, 0x30, 0xff, 0x30, 0x34, 0x30, 0xff, 0x30, 0x34, 0x30, 0xff,
    0x30, 0x34, 0x30, 0xff, 0x30, 0x34, 0x30, 0xff, 0x30, 0x34, 0x30, 0xff,
    0x30, 0x34, 0x30, 0xff, 0x30, 0x34, 0x30, 0xff, 0x30, 0x34, 0x30, 0xff,
    0x30, 0x34, 0x30, 0xff, 0x30, 0x34, 0x30, 0xff, 0x30, 0x34, 0x30, 0xff,
    0x30, 0x34, 0x30, 0xff, 0x30, 0x34, 0x30, 0xff, 0x30, 0x34, 0x30, 0xff,
    0x30, 0x34, 0x30, 0xff, 0x30, 0x34, 0x30, 0xfb, 0x30, 0x34, 0x30, 0xe7,
    0x30, 0x30, 0x30, 0xba, 0x30, 0x30, 0x30, 0x79, 0x38, 0x34, 0x38, 0x24,
    0x00, 0x00, 0x00, 0x00, 0x00, 0x00, 0x00, 0x00, 0x00, 0x00, 0x00, 0x00,
    0x00, 0x00, 0x00, 0x00, 0x00, 0x00, 0x00, 0x00, 0x00, 0x00, 0x00, 0x00,
    0x00, 0x00, 0x00, 0x00, 0x00, 0x00, 0x00, 0x00, 0x00, 0x00, 0x00, 0x00,
    0x00, 0x00, 0x00, 0x00, 0x00, 0x00, 0x00, 0x00, 0x00, 0x00, 0x00, 0x00,
    0x00, 0x00, 0x00, 0x00, 0x00, 0x00, 0x00, 0x00, 0x00, 0x00, 0x00, 0x00,
    0x00, 0x00, 0x00, 0x00, 0x00, 0x00, 0x00, 0x00, 0x00, 0x00, 0x00, 0x00,
    0x00, 0x00, 0x00, 0x00, 0x00, 0x00, 0x00, 0x00, 0x00, 0x00, 0x00, 0x00,
    0x00, 0x00, 0x00, 0x00, 0x00, 0x00, 0x00, 0x00, 0x00, 0x00, 0x00, 0x00,
    0x00, 0x00, 0x00, 0x00, 0x00, 0x00, 0x00, 0x00, 0x00, 0x00, 0x00, 0x00,
    0x00, 0x00, 0x00, 0x00, 0x38, 0x34, 0x38, 0x24, 0x30, 0x34, 0x30, 0xa6,
    0x30, 0x34, 0x30, 0xff, 0x30, 0x34, 0x30, 0xff, 0x38, 0x34, 0x38, 0xff,
    0x30, 0x30, 0x30, 0xff, 0x38, 0x34, 0x38, 0xff, 0x38, 0x30, 0x38, 0xff,
    0x30, 0x34, 0x30, 0xff, 0x38, 0x30, 0x38, 0xff, 0x38, 0x34, 0x38, 0xff,
    0x30, 0x30, 0x30, 0xff, 0x38, 0x34, 0x38, 0xff, 0x38, 0x30, 0x38, 0xff,
    0x30, 0x34, 0x30, 0xff, 0x38, 0x30, 0x38, 0xff, 0x38, 0x34, 0x38, 0xff,
    0x30, 0x30, 0x30, 0xff, 0x38, 0x34, 0x38, 0xff, 0x38, 0x30, 0x38, 0xff,
    0x30, 0x34, 0x30, 0xff, 0x38, 0x30, 0x38, 0xff, 0x38, 0x34, 0x38, 0xff,
    0x30, 0x30, 0x30, 0xff, 0x38, 0x34, 0x38, 0xff, 0x38, 0x30, 0x38, 0xff,
    0x30, 0x34, 0x30, 0xff, 0x38, 0x30, 0x38, 0xff, 0x38, 0x34, 0x38, 0xff,
    0x30, 0x30, 0x30, 0xff, 0x38, 0x34, 0x38, 0xff, 0x38, 0x30, 0x38, 0xff,
    0x30, 0x34, 0x30, 0xff, 0x38, 0x30, 0x38, 0xff, 0x38, 0x34, 0x38, 0xff,
    0x30, 0x30, 0x30, 0xff, 0x38, 0x34, 0x38, 0xff, 0x38, 0x30, 0x38, 0xff,
    0x30, 0x34, 0x30, 0xff, 0x38, 0x30, 0x38, 0xff, 0x38, 0x34, 0x38, 0xff,
    0x30, 0x30, 0x30, 0xff, 0x38, 0x34, 0x38, 0xff, 0x38, 0x30, 0x38, 0xff,
    0x30, 0x34, 0x30, 0xff, 0x38, 0x30, 0x38, 0xff, 0x38, 0x34, 0x38, 0xff,
    0x30, 0x34, 0x30, 0xff, 0x38, 0x34, 0x38, 0xff, 0x30, 0x34, 0x30, 0xff,
    0x30, 0x34, 0x30, 0xff, 0x30, 0x34, 0x30, 0xff, 0x30, 0x34, 0x30, 0xa6,
    0x38, 0x34, 0x38, 0x24, 0x00, 0x00, 0x00, 0x00, 0x00, 0x00, 0x00, 0x00,
    0x00, 0x00, 0x00, 0x00, 0x00, 0x00, 0x00, 0x00, 0x00, 0x00, 0x00, 0x00,
    0x00, 0x00, 0x00, 0x00, 0x00, 0x00, 0x00, 0x00, 0x00, 0x00, 0x00, 0x00,
    0x00, 0x00, 0x00, 0x00, 0x00, 0x00, 0x00, 0x00, 0x00, 0x00, 0x00, 0x00,
    0x00, 0x00, 0x00, 0x00, 0x00, 0x00, 0x00, 0x00, 0x00, 0x00, 0x00, 0x00,
    0x00, 0x00, 0x00, 0x00, 0x00, 0x00, 0x00, 0x00, 0x00, 0x00, 0x00, 0x00,
    0x00, 0x00, 0x00, 0x00, 0x00, 0x00, 0x00, 0x00, 0x00, 0x00, 0x00, 0x00,
    0x00, 0x00, 0x00, 0x00, 0x00, 0x00, 0x00, 0x00, 0x00, 0x00, 0x00, 0x00,
    0x00, 0x00, 0x00, 0x00, 0x00, 0x00, 0x00, 0x00, 0x30, 0x30, 0x30, 0x65,
    0x30, 0x34, 0x30, 0xfb, 0x30, 0x34, 0x30, 0xff, 0x38, 0x34, 0x38, 0xff,
    0x30, 0x34, 0x30, 0xff, 0x30, 0x34, 0x30, 0xff, 0x38, 0x34, 0x38, 0xff,
    0x30, 0x30, 0x30, 0xff, 0x30, 0x34, 0x30, 0xff, 0x38, 0x34, 0x38, 0xff,
    0x30, 0x34, 0x30, 0xff, 0x30, 0x30, 0x30, 0xff, 0x38, 0x34, 0x38, 0xff,
    0x30, 0x34, 0x30, 0xff, 0x30, 0x34, 0x30, 0xff, 0x38, 0x30, 0x38, 0xff,
    0x30, 0x34, 0x30, 0xff, 0x30, 0x34, 0x30, 0xff, 0x38, 0x34, 0x38, 0xff,
    0x30, 0x30, 0x30, 0xff, 0x30, 0x34, 0x30, 0xff, 0x38, 0x34, 0x38, 0xff,
    0x30, 0x34, 0x30, 0xff, 0x30, 0x30, 0x30, 0xff, 0x38, 0x34, 0x38, 0xff,
    0x30, 0x34, 0x30, 0xff, 0x30, 0x34, 0x30, 0xff, 0x38, 0x30, 0x38, 0xff,
    0x30, 0x34, 0x30, 0xff, 0x30, 0x34, 0x30, 0xff, 0x38, 0x34, 0x38, 0xff,
    0x30, 0x30, 0x30, 0xff, 0x30, 0x34, 0x30, 0xff, 0x38, 0x34, 0x38, 0xff,
    0x30, 0x34, 0x30, 0xff, 0x30, 0x30, 0x30, 0xff, 0x38, 0x34, 0x38, 0xff,
    0x30, 0x34, 0x30, 0xff, 0x30, 0x34, 0x30, 0xff, 0x38, 0x30, 0x38, 0xff,
    0x30, 0x34, 0x30, 0xff, 0x30, 0x34, 0x30, 0xff, 0x38, 0x34, 0x38, 0xff,
    0x30, 0x30, 0x30, 0xff, 0x30, 0x34, 0x30, 0xff, 0x38, 0x34, 0x38, 0xff,
    0x30, 0x34, 0x30, 0xff, 0x30, 0x30, 0x30, 0xff, 0x38, 0x30, 0x38, 0xff,
    0x38, 0x34, 0x38, 0xff, 0x30, 0x34, 0x30, 0xff, 0x38, 0x34, 0x38, 0xff,
    0x38, 0x34, 0x38, 0xff, 0x30, 0x34, 0x30, 0xff, 0x30, 0x34, 0x30, 0xfb,
    0x30, 0x30, 0x30, 0x65, 0x00, 0x00, 0x00, 0x00, 0x00, 0x00, 0x00, 0x00,
    0x00, 0x00, 0x00, 0x00, 0x00, 0x00, 0x00, 0x00, 0x00, 0x00, 0x00, 0x00,
    0x00, 0x00, 0x00, 0x00, 0x00, 0x00, 0x00, 0x00, 0x00, 0x00, 0x00, 0x00,
    0x00, 0x00, 0x00, 0x00, 0x00, 0x00, 0x00, 0x00, 0x00, 0x00, 0x00, 0x00,
    0x00, 0x00, 0x00, 0x00, 0x00, 0x00, 0x00, 0x00, 0x00, 0x00, 0x00, 0x00,
    0x00, 0x00, 0x00, 0x00, 0x00, 0x00, 0x00, 0x00, 0x00, 0x00, 0x00, 0x00,
    0x00, 0x00, 0x00, 0x00, 0x00, 0x00, 0x00, 0x00, 0x00, 0x00, 0x00, 0x00,
    0x00, 0x00, 0x00, 0x00, 0x00, 0x00, 0x00, 0x00, 0x00, 0x00, 0x00, 0x00,
    0x30, 0x30, 0x30, 0x79, 0x30, 0x34, 0x30, 0xff, 0x38, 0x34, 0x38, 0xff,
    0x30, 0x34, 0x30, 0xff, 0x38, 0x30, 0x38, 0xff, 0x30, 0x34, 0x30, 0xff,
    0x30, 0x34, 0x30, 0xff, 0x38, 0x34, 0x38, 0xff, 0x30, 0x34, 0x30, 0xff,
    0x30, 0x34, 0x30, 0xff, 0x38, 0x34, 0x38, 0xff, 0x30, 0x34, 0x30, 0xff,
    0x30, 0x34, 0x30, 0xff, 0x38, 0x34, 0x38, 0xff, 0x30, 0x34, 0x30, 0xff,
    0x30, 0x34, 0x30, 0xff, 0x38, 0x34, 0x38, 0xff, 0x30, 0x34, 0x30, 0xff,
    0x30, 0x34, 0x30, 0xff, 0x38, 0x34, 0x38, 0xff, 0x30, 0x34, 0x30, 0xff,
    0x30, 0x34, 0x30, 0xff, 0x38, 0x34, 0x38, 0xff, 0x30, 0x34, 0x30, 0xff,
    0x30, 0x34, 0x30, 0xff, 0x38, 0x34, 0x38, 0xff, 0x30, 0x34, 0x30, 0xff,
    0x30, 0x34, 0x30, 0xff, 0x38, 0x34, 0x38, 0xff, 0x30, 0x34, 0x30, 0xff,
    0x30, 0x34, 0x30, 0xff, 0x38, 0x34, 0x38, 0xff, 0x30, 0x34, 0x30, 0xff,
    0x30, 0x34, 0x30, 0xff, 0x38, 0x34, 0x38, 0xff, 0x30, 0x34, 0x30, 0xff,
    0x30, 0x34, 0x30, 0xff, 0x38, 0x34, 0x38, 0xff, 0x30, 0x34, 0x30, 0xff,
    0x30, 0x34, 0x30, 0xff, 0x38, 0x34, 0x38, 0xff, 0x30, 0x34, 0x30, 0xff,
    0x30, 0x34, 0x30, 0xff, 0x38, 0x34, 0x38, 0xff, 0x30, 0x34, 0x30, 0xff,
    0x30, 0x34, 0x30, 0xff, 0x38, 0x34, 0x38, 0xff, 0x30, 0x34, 0x30, 0xff,
    0x30, 0x34, 0x30, 0xff, 0x30, 0x34, 0x30, 0xff, 0x30, 0x30, 0x30, 0xff,
    0x30, 0x34, 0x30, 0xff, 0x38, 0x30, 0x38, 0xff, 0x30, 0x34, 0x30, 0xff,
    0x38, 0x34, 0x38, 0xff, 0x30, 0x34, 0x30, 0xff, 0x30, 0x34, 0x30, 0xff,
    0x30, 0x30, 0x30, 0x79, 0x00, 0x00, 0x00, 0x00, 0x00, 0x00, 0x00, 0x00,
    0x00, 0x00, 0x00, 0x00, 0x00, 0x00, 0x00, 0x00, 0x00, 0x00, 0x00, 0x00,
    0x00, 0x00, 0x00, 0x00, 0x00, 0x00, 0x00, 0x00, 0x00, 0x00, 0x00, 0x00,
    0x00, 0x00, 0x00, 0x00, 0x00, 0x00, 0x00, 0x00, 0x00, 0x00, 0x00, 0x00,
    0x00, 0x00, 0x00, 0x00, 0x00, 0x00, 0x00, 0x00, 0x00, 0x00, 0x00, 0x00,
    0x00, 0x00, 0x00, 0x00, 0x00, 0x00, 0x00, 0x00, 0x00, 0x00, 0x00, 0x00,
    0x00, 0x00, 0x00, 0x00, 0x00, 0x00, 0x00, 0x00, 0x00, 0x00, 0x00, 0x00,
    0x00, 0x00, 0x00, 0x00, 0x30, 0x30, 0x30, 0x65, 0x30, 0x34, 0x30, 0xff,
    0x38, 0x34, 0x38, 0xff, 0x30, 0x34, 0x30, 0xff, 0x30, 0x34, 0x30, 0xff,
    0x38, 0x30, 0x38, 0xff, 0x28, 0x28, 0x28, 0xff, 0x20, 0x1c, 0x20, 0xff,
    0x10, 0x10, 0x10, 0xff, 0x08, 0x08, 0x08, 0xff, 0x08, 0x08, 0x08, 0xff,
    0x08, 0x08, 0x08, 0xff, 0x08, 0x08, 0x08, 0xff, 0x08, 0x08, 0x08, 0xff,
    0x08, 0x08, 0x08, 0xff, 0x08, 0x08, 0x08, 0xff, 0x08, 0x08, 0x08, 0xff,
    0x08, 0x08, 0x08, 0xff, 0x08, 0x08, 0x08, 0xff, 0x08, 0x08, 0x08, 0xff,
    0x08, 0x08, 0x08, 0xff, 0x08, 0x08, 0x08, 0xff, 0x08, 0x08, 0x08, 0xff,
    0x08, 0x08, 0x08, 0xff, 0x08, 0x08, 0x08, 0xff, 0x08, 0x08, 0x08, 0xff,
    0x08, 0x08, 0x08, 0xff, 0x08, 0x08, 0x08, 0xff, 0x08, 0x08, 0x08, 0xff,
    0x08, 0x08, 0x08, 0xff, 0x08, 0x08, 0x08, 0xff, 0x08, 0x08, 0x08, 0xff,
    0x08, 0x08, 0x08, 0xff, 0x08, 0x08, 0x08, 0xff, 0x08, 0x08, 0x08, 0xff,
    0x08, 0x08, 0x08, 0xff, 0x08, 0x08, 0x08, 0xff, 0x08, 0x08, 0x08, 0xff,
    0x08, 0x08, 0x08, 0xff, 0x08, 0x08, 0x08, 0xff, 0x08, 0x08, 0x08, 0xff,
    0x08, 0x08, 0x08, 0xff, 0x08, 0x08, 0x08, 0xff, 0x08, 0x08, 0x08, 0xff,
    0x08, 0x08, 0x08, 0xff, 0x08, 0x08, 0x08, 0xff, 0x08, 0x08, 0x08, 0xff,
    0x08, 0x08, 0x08, 0xff, 0x08, 0x08, 0x08, 0xff, 0x10, 0x08, 0x10, 0xff,
    0x10, 0x0c, 0x10, 0xff, 0x10, 0x10, 0x10, 0xff, 0x18, 0x1c, 0x18, 0xff,
    0x28, 0x28, 0x28, 0xff, 0x30, 0x34, 0x30, 0xff, 0x38, 0x30, 0x38, 0xff,
    0x38, 0x34, 0x38, 0xff, 0x30, 0x34, 0x30, 0xff, 0x38, 0x34, 0x38, 0xff,
    0x30, 0x30, 0x30, 0x65, 0x00, 0x00, 0x00, 0x00, 0x00, 0x00, 0x00, 0x00,
    0x00, 0x00, 0x00, 0x00, 0x00, 0x00, 0x00, 0x00, 0x00, 0x00, 0x00, 0x00,
    0x00, 0x00, 0x00, 0x00, 0x00, 0x00, 0x00, 0x00, 0x00, 0x00, 0x00, 0x00,
    0x00, 0x00, 0x00, 0x00, 0x00, 0x00, 0x00, 0x00, 0x00, 0x00, 0x00, 0x00,
    0x00, 0x00, 0x00, 0x00, 0x00, 0x00, 0x00, 0x00, 0x00, 0x00, 0x00, 0x00,
    0x00, 0x00, 0x00, 0x00, 0x00, 0x00, 0x00, 0x00, 0x00, 0x00, 0x00, 0x00,
    0x00, 0x00, 0x00, 0x00, 0x00, 0x00, 0x00, 0x00, 0x38, 0x34, 0x38, 0x24,
    0x30, 0x34, 0x30, 0xfb, 0x38, 0x34, 0x38, 0xff, 0x30, 0x34, 0x30, 0xff,
    0x30, 0x34, 0x30, 0xff, 0x38, 0x34, 0x38, 0xff, 0x18, 0x1c, 0x18, 0xff,
    0x08, 0x08, 0x08, 0xff, 0x08, 0x08, 0x08, 0xff, 0x08, 0x08, 0x08, 0xff,
    0x10, 0x0c, 0x10, 0xff, 0x08, 0x0c, 0x08, 0xff, 0x08, 0x08, 0x08, 0xff,
    0x10, 0x0c, 0x10, 0xff, 0x08, 0x0c, 0x08, 0xff, 0x08, 0x08, 0x08, 0xff,
    0x10, 0x0c, 0x10, 0xff, 0x08, 0x0c, 0x08, 0xff, 0x10, 0x08, 0x10, 0xff,
    0x08, 0x0c, 0x08, 0xff, 0x10, 0x0c, 0x10, 0xff, 0x08, 0x08, 0x08, 0xff,
    0x10, 0x0c, 0x10, 0xff, 0x08, 0x0c, 0x08, 0xff, 0x08, 0x08, 0x08, 0xff,
    0x10, 0x0c, 0x10, 0xff, 0x08, 0x0c, 0x08, 0xff, 0x10, 0x08, 0x10, 0xff,
    0x08, 0x0c, 0x08, 0xff, 0x10, 0x0c, 0x10, 0xff, 0x08, 0x08, 0x08, 0xff,
    0x10, 0x0c, 0x10, 0xff, 0x08, 0x0c, 0x08, 0xff, 0x08, 0x08, 0x08, 0xff,
    0x10, 0x0c, 0x10, 0xff, 0x08, 0x0c, 0x08, 0xff, 0x10, 0x08, 0x10, 0xff,
    0x08, 0x0c, 0x08, 0xff, 0x10, 0x0c, 0x10, 0xff, 0x08, 0x08, 0x08, 0xff,
    0x10, 0x0c, 0x10, 0xff, 0x08, 0x0c, 0x08, 0xff, 0x08, 0x08, 0x08, 0xff,
    0x10, 0x0c, 0x10, 0xff, 0x08, 0x0c, 0x08, 0xff, 0x10, 0x08, 0x10, 0xff,
    0x08, 0x0c, 0x08, 0xff, 0x10, 0x0c, 0x10, 0xff, 0x08, 0x08, 0x08, 0xff,
    0x08, 0x0c, 0x08, 0xff, 0x08, 0x08, 0x08, 0xff, 0x08, 0x08, 0x08, 0xff,
    0x08, 0x0c, 0x08, 0xff, 0x10, 0x08, 0x10, 0xff, 0x08, 0x0c, 0x08, 0xff,
    0x18, 0x1c, 0x18, 0xff, 0x30, 0x34, 0x30, 0xff, 0x30, 0x30, 0x30, 0xff,
    0x38, 0x34, 0x38, 0xff, 0x30, 0x34, 0x30, 0xff, 0x30, 0x34, 0x30, 0xfb,
    0x38, 0x34, 0x38, 0x28, 0x00, 0x00, 0x00, 0x00, 0x00, 0x00, 0x00, 0x00,
    0x00, 0x00, 0x00, 0x00, 0x00, 0x00, 0x00, 0x00, 0x00, 0x00, 0x00, 0x00,
    0x00, 0x00, 0x00, 0x00, 0x00, 0x00, 0x00, 0x00, 0x00, 0x00, 0x00, 0x00,
    0x00, 0x00, 0x00, 0x00, 0x00, 0x00, 0x00, 0x00, 0x00, 0x00, 0x00, 0x00,
    0x00, 0x00, 0x00, 0x00, 0x00, 0x00, 0x00, 0x00, 0x00, 0x00, 0x00, 0x00,
    0x00, 0x00, 0x00, 0x00, 0x00, 0x00, 0x00, 0x00, 0x00, 0x00, 0x00, 0x00,
    0x00, 0x00, 0x00, 0x00, 0x30, 0x34, 0x30, 0xa6, 0x30, 0x34, 0x30, 0xff,
    0x38, 0x34, 0x38, 0xff, 0x30, 0x30, 0x30, 0xff, 0x38, 0x30, 0x38, 0xff,
    0x18, 0x14, 0x18, 0xff, 0x08, 0x0c, 0x08, 0xff, 0x08, 0x0c, 0x08, 0xff,
    0x08, 0x08, 0x08, 0xff, 0x08, 0x0c, 0x08, 0xff, 0x10, 0x0c, 0x10, 0xff,
    0x08, 0x08, 0x08, 0xff, 0x08, 0x0c, 0x08, 0xff, 0x10, 0x08, 0x10, 0xff,
    0x08, 0x0c, 0x08, 0xff, 0x08, 0x08, 0x08, 0xff, 0x10, 0x0c, 0x10, 0xff,
    0x08, 0x08, 0x08, 0xff, 0x08, 0x0c, 0x08, 0xff, 0x08, 0x08, 0x08, 0xff,
    0x08, 0x0c, 0x08, 0xff, 0x10, 0x08, 0x10, 0xff, 0x08, 0x0c, 0x08, 0xff,
    0x08, 0x08, 0x08, 0xff, 0x10, 0x0c, 0x10, 0xff, 0x08, 0x08, 0x08, 0xff,
    0x08, 0x0c, 0x08, 0xff, 0x08, 0x08, 0x08, 0xff, 0x08, 0x0c, 0x08, 0xff,
    0x08, 0x08, 0x08, 0xff, 0x10, 0x0c, 0x10, 0xff, 0x08, 0x08, 0x08, 0xff,
    0x08, 0x0c, 0x08, 0xff, 0x10, 0x08, 0x10, 0xff, 0x08, 0x0c, 0x08, 0xff,
    0x08, 0x08, 0x08, 0xff, 0x08, 0x0c, 0x08, 0xff, 0x08, 0x08, 0x08, 0xff,
    0x08, 0x0c, 0x08, 0xff, 0x10, 0x08, 0x10, 0xff, 0x08, 0x0c, 0x08, 0xff,
    0x08, 0x08, 0x08, 0xff, 0x10, 0x0c, 0x10, 0xff, 0x08, 0x08, 0x08, 0xff,
    0x08, 0x0c, 0x08, 0xff, 0x08, 0x08, 0x08, 0xff, 0x08, 0x0c, 0x08, 0xff,
    0x08, 0x08, 0x08, 0xff, 0x10, 0x0c, 0x10, 0xff, 0x08, 0x0c, 0x08, 0xff,
    0x08, 0x0c, 0x08, 0xff, 0x08, 0x08, 0x08, 0xff, 0x08, 0x0c, 0x08, 0xff,
    0x10, 0x08, 0x10, 0xff, 0x08, 0x08, 0x08, 0xff, 0x08, 0x08, 0x08, 0xff,
    0x18, 0x14, 0x18, 0xff, 0x30, 0x34, 0x30, 0xff, 0x38, 0x34, 0x38, 0xff,
    0x30, 0x34, 0x30, 0xff, 0x30, 0x34, 0x30, 0xff, 0x38, 0x34, 0x38, 0xa6,
    0x00, 0x00, 0x00, 0x00, 0x00, 0x00, 0x00, 0x00, 0x00, 0x00, 0x00, 0x00,
    0x00, 0x00, 0x00, 0x00, 0x00, 0x00, 0x00, 0x00, 0x00, 0x00, 0x00, 0x00,
    0x00, 0x00, 0x00, 0x00, 0x00, 0x00, 0x00, 0x00, 0x00, 0x00, 0x00, 0x00,
    0x00, 0x00, 0x00, 0x00, 0x00, 0x00, 0x00, 0x00, 0x00, 0x00, 0x00, 0x00,
    0x00, 0x00, 0x00, 0x00, 0x00, 0x00, 0x00, 0x00, 0x00, 0x00, 0x00, 0x00,
    0x00, 0x00, 0x00, 0x00, 0x00, 0x00, 0x00, 0x00, 0x38, 0x34, 0x38, 0x24,
    0x30, 0x34, 0x30, 0xff, 0x38, 0x34, 0x38, 0xff, 0x30, 0x34, 0x30, 0xff,
    0x30, 0x34, 0x30, 0xff, 0x18, 0x1c, 0x18, 0xff, 0x08, 0x08, 0x08, 0xff,
    0x08, 0x08, 0x08, 0xff, 0x10, 0x0c, 0x10, 0xff, 0x08, 0x08, 0x08, 0xff,
    0x08, 0x0c, 0x08, 0xff, 0x08, 0x08, 0x08, 0xff, 0x08, 0x08, 0x08, 0xff,
    0x08, 0x0c, 0x08, 0xff, 0x08, 0x08, 0x08, 0xff, 0x10, 0x08, 0x10, 0xff,
    0x08, 0x0c, 0x08, 0xff, 0x08, 0x08, 0x08, 0xff, 0x08, 0x08, 0x08, 0xff,
    0x08, 0x0c, 0x08, 0xff, 0x10, 0x08, 0x10, 0xff, 0x08, 0x08, 0x08, 0xff,
    0x08, 0x0c, 0x08, 0xff, 0x08, 0x08, 0x08, 0xff, 0x08, 0x08, 0x08, 0xff,
    0x08, 0x0c, 0x08, 0xff, 0x08, 0x08, 0x08, 0xff, 0x10, 0x08, 0x10, 0xff,
    0x08, 0x0c, 0x08, 0xff, 0x08, 0x08, 0x08, 0xff, 0x08, 0x08, 0x08, 0xff,
    0x08, 0x0c, 0x08, 0xff, 0x08, 0x08, 0x08, 0xff, 0x08, 0x08, 0x08, 0xff,
    0x08, 0x0c, 0x08, 0xff, 0x08, 0x08, 0x08, 0xff, 0x10, 0x08, 0x10, 0xff,
    0x08, 0x0c, 0x08, 0xff, 0x08, 0x08, 0x08, 0xff, 0x08, 0x08, 0x08, 0xff,
    0x08, 0x0c, 0x08, 0xff, 0x08, 0x08, 0x08, 0xff, 0x08, 0x08, 0x08, 0xff,
    0x08, 0x0c, 0x08, 0xff, 0x08, 0x08, 0x08, 0xff, 0x10, 0x08, 0x10, 0xff,
    0x08, 0x0c, 0x08, 0xff, 0x08, 0x08, 0x08, 0xff, 0x08, 0x08, 0x08, 0xff,
    0x10, 0x08, 0x10, 0xff, 0x08, 0x0c, 0x08, 0xff, 0x10, 0x08, 0x10, 0xff,
    0x08, 0x0c, 0x08, 0xff, 0x08, 0x0c, 0x08, 0xff, 0x08, 0x0c, 0x08, 0xff,
    0x08, 0x08, 0x08, 0xff, 0x10, 0x0c, 0x10, 0xff, 0x08, 0x08, 0x08, 0xff,
    0x20, 0x1c, 0x20, 0xff, 0x30, 0x34, 0x30, 0xff, 0x38, 0x30, 0x38, 0xff,
    0x30, 0x34, 0x30, 0xff, 0x30, 0x34, 0x30, 0xff, 0x38, 0x34, 0x38, 0x24,
    0x00, 0x00, 0x00, 0x00, 0x00, 0x00, 0x00, 0x00, 0x00, 0x00, 0x00, 0x00,
    0x00, 0x00, 0x00, 0x00, 0x00, 0x00, 0x00, 0x00, 0x00, 0x00, 0x00, 0x00,
    0x00, 0x00, 0x00, 0x00, 0x00, 0x00, 0x00, 0x00, 0x00, 0x00, 0x00, 0x00,
    0x00, 0x00, 0x00, 0x00, 0x00, 0x00, 0x00, 0x00, 0x00, 0x00, 0x00, 0x00,
    0x00, 0x00, 0x00, 0x00, 0x00, 0x00, 0x00, 0x00, 0x00, 0x00, 0x00, 0x00,
    0x00, 0x00, 0x00, 0x00, 0x30, 0x30, 0x30, 0x79, 0x30, 0x34, 0x30, 0xff,
    0x38, 0x34, 0x38, 0xff, 0x30, 0x30, 0x30, 0xff, 0x28, 0x28, 0x28, 0xff,
    0x10, 0x0c, 0x10, 0xff, 0x08, 0x08, 0x08, 0xff, 0x08, 0x0c, 0x08, 0xff,
    0x10, 0x08, 0x10, 0xff, 0x08, 0x0c, 0x08, 0xff, 0x08, 0x08, 0x08, 0xff,
    0x10, 0x0c, 0x10, 0xff, 0x10, 0x0c, 0x10, 0xff, 0x08, 0x08, 0x08, 0xff,
    0x08, 0x0c, 0x08, 0xff, 0x08, 0x0c, 0x08, 0xff, 0x10, 0x08, 0x10, 0xff,
    0x08, 0x0c, 0x08, 0xff, 0x08, 0x0c, 0x08, 0xff, 0x10, 0x08, 0x10, 0xff,
    0x08, 0x0c, 0x08, 0xff, 0x08, 0x0c, 0x08, 0xff, 0x08, 0x08, 0x08, 0xff,
    0x10, 0x0c, 0x10, 0xff, 0x08, 0x0c, 0x08, 0xff, 0x08, 0x08, 0x08, 0xff,
    0x10, 0x0c, 0x10, 0xff, 0x08, 0x0c, 0x08, 0xff, 0x10, 0x08, 0x10, 0xff,
    0x08, 0x0c, 0x08, 0xff, 0x10, 0x0c, 0x10, 0xff, 0x08, 0x08, 0x08, 0xff,
    0x10, 0x0c, 0x10, 0xff, 0x08, 0x0c, 0x08, 0xff, 0x08, 0x08, 0x08, 0xff,
    0x10, 0x0c, 0x10, 0xff, 0x08, 0x0c, 0x08, 0xff, 0x10, 0x08, 0x10, 0xff,
    0x08, 0x0c, 0x08, 0xff, 0x10, 0x0c, 0x10, 0xff, 0x08, 0x08, 0x08, 0xff,
    0x10, 0x0c, 0x10, 0xff, 0x08, 0x0c, 0x08, 0xff, 0x08, 0x08, 0x08, 0xff,
    0x10, 0x0c, 0x10, 0xff, 0x08, 0x0c, 0x08, 0xff, 0x10, 0x08, 0x10, 0xff,
    0x08, 0x0c, 0x08, 0xff, 0x08, 0x0c, 0x08, 0xff, 0x08, 0x08, 0x08, 0xff,
    0x08, 0x08, 0x08, 0xff, 0x08, 0x0c, 0x08, 0xff, 0x10, 0x08, 0x10, 0xff,
    0x08, 0x08, 0x08, 0xff, 0x08, 0x0c, 0x08, 0xff, 0x10, 0x0c, 0x10, 0xff,
    0x08, 0x08, 0x08, 0xff, 0x08, 0x0c, 0x08, 0xff, 0x08, 0x08, 0x08, 0xff,
    0x28, 0x28, 0x28, 0xff, 0x38, 0x34, 0x38, 0xff, 0x30, 0x34, 0x30, 0xff,
    0x30, 0x34, 0x30, 0xff, 0x30, 0x30, 0x30, 0x79, 0x00, 0x00, 0x00, 0x00,
    0x00, 0x00, 0x00, 0x00, 0x00, 0x00, 0x00, 0x00, 0x00, 0x00, 0x00, 0x00,
    0x00, 0x00, 0x00, 0x00, 0x00, 0x00, 0x00, 0x00, 0x00, 0x00, 0x00, 0x00,
    0x00, 0x00, 0x00, 0x00, 0x00, 0x00, 0x00, 0x00, 0x00, 0x00, 0x00, 0x00,
    0x00, 0x00, 0x00, 0x00, 0x00, 0x00, 0x00, 0x00, 0x00, 0x00, 0x00, 0x00,
    0x00, 0x00, 0x00, 0x00, 0x00, 0x00, 0x00, 0x00, 0x00, 0x00, 0x00, 0x00,
    0x30, 0x30, 0x30, 0xba, 0x30, 0x34, 0x30, 0xff, 0x38, 0x34, 0x38, 0xff,
    0x30, 0x34, 0x30, 0xff, 0x20, 0x1c, 0x20, 0xff, 0x08, 0x08, 0x08, 0xff,
    0x08, 0x0c, 0x08, 0xff, 0x08, 0x08, 0x08, 0xff, 0x08, 0x0c, 0x08, 0xff,
    0x10, 0x08, 0x10, 0xff, 0x08, 0x08, 0x08, 0xff, 0x08, 0x0c, 0x08, 0xff,
    0x08, 0x08, 0x08, 0xff, 0x10, 0x08, 0x10, 0xff, 0x08, 0x0c, 0x08, 0xff,
    0x08, 0x08, 0x08, 0xff, 0x08, 0x08, 0x08, 0xff, 0x08, 0x0c, 0x08, 0xff,
    0x10, 0x08, 0x10, 0xff, 0x08, 0x08, 0x08, 0xff, 0x08, 0x0c, 0x08, 0xff,
    0x08, 0x08, 0x08, 0xff, 0x10, 0x08, 0x10, 0xff, 0x08, 0x0c, 0x08, 0xff,
    0x08, 0x08, 0x08, 0xff, 0x10, 0x08, 0x10, 0xff, 0x08, 0x0c, 0x08, 0xff,
    0x08, 0x08, 0x08, 0xff, 0x08, 0x08, 0x08, 0xff, 0x08, 0x0c, 0x08, 0xff,
    0x08, 0x08, 0x08, 0xff, 0x10, 0x08, 0x10, 0xff, 0x08, 0x0c, 0x08, 0xff,
    0x08, 0x08, 0x08, 0xff, 0x10, 0x08, 0x10, 0xff, 0x08, 0x0c, 0x08, 0xff,
    0x08, 0x08, 0x08, 0xff, 0x08, 0x08, 0x08, 0xff, 0x08, 0x0c, 0x08, 0xff,
    0x08, 0x08, 0x08, 0xff, 0x10, 0x08, 0x10, 0xff, 0x08, 0x0c, 0x08, 0xff,
    0x08, 0x08, 0x08, 0xff, 0x10, 0x08, 0x10, 0xff, 0x08, 0x0c, 0x08, 0xff,
    0x08, 0x08, 0x08, 0xff, 0x08, 0x0c, 0x08, 0xff, 0x10, 0x0c, 0x10, 0xff,
    0x08, 0x08, 0x08, 0xff, 0x08, 0x0c, 0x08, 0xff, 0x10, 0x0c, 0x10, 0xff,
    0x08, 0x08, 0x08, 0xff, 0x08, 0x08, 0x08, 0xff, 0x10, 0x0c, 0x10, 0xff,
    0x08, 0x08, 0x08, 0xff, 0x08, 0x08, 0x08, 0xff, 0x08, 0x0c, 0x08, 0xff,
    0x08, 0x0c, 0x08, 0xff, 0x08, 0x08, 0x08, 0xff, 0x20, 0x1c, 0x20, 0xff,
    0x30, 0x34, 0x30, 0xff, 0x38, 0x34, 0x38, 0xff, 0x38, 0x34, 0x38, 0xff,
    0x30, 0x30, 0x30, 0xba, 0x00, 0x00, 0x00, 0x00, 0x00, 0x00, 0x00, 0x00,
    0x00, 0x00, 0x00, 0x00, 0x00, 0x00, 0x00, 0x00, 0x00, 0x00, 0x00, 0x00,
    0x00, 0x00, 0x00, 0x00, 0x00, 0x00, 0x00, 0x00, 0x00, 0x00, 0x00, 0x00,
    0x00, 0x00, 0x00, 0x00, 0x00, 0x00, 0x00, 0x00, 0x00, 0x00, 0x00, 0x00,
    0x00, 0x00, 0x00, 0x00, 0x00, 0x00, 0x00, 0x00, 0x00, 0x00, 0x00, 0x00,
    0x00, 0x00, 0x00, 0x00, 0x00, 0x00, 0x00, 0x00, 0x30, 0x34, 0x30, 0xe7,
    0x38, 0x34, 0x38, 0xff, 0x30, 0x34, 0x30, 0xff, 0x30, 0x34, 0x30, 0xff,
    0x10, 0x10, 0x10, 0xff, 0x08, 0x08, 0x08, 0xff, 0x10, 0x0c, 0x10, 0xff,
    0x08, 0x0c, 0x08, 0xff, 0x08, 0x08, 0x08, 0xff, 0x08, 0x0c, 0x08, 0xff,
    0x08, 0x0c, 0x08, 0xff, 0x08, 0x08, 0x08, 0xff, 0x08, 0x0c, 0x08, 0xff,
    0x08, 0x0c, 0x08, 0xff, 0x10, 0x08, 0x10, 0xff, 0x08, 0x0c, 0x08, 0xff,
    0x08, 0x0c, 0x08, 0xff, 0x10, 0x08, 0x10, 0xff, 0x08, 0x0c, 0x08, 0xff,
    0x08, 0x0c, 0x08, 0xff, 0x08, 0x08, 0x08, 0xff, 0x10, 0x0c, 0x10, 0xff,
    0x08, 0x0c, 0x08, 0xff, 0x08, 0x08, 0x08, 0xff, 0x08, 0x0c, 0x08, 0xff,
    0x08, 0x0c, 0x08, 0xff, 0x08, 0x08, 0x08, 0xff, 0x08, 0x0c, 0x08, 0xff,
    0x10, 0x0c, 0x10, 0xff, 0x08, 0x08, 0x08, 0xff, 0x08, 0x0c, 0x08, 0xff,
    0x08, 0x0c, 0x08, 0xff, 0x08, 0x08, 0x08, 0xff, 0x08, 0x0c, 0x08, 0xff,
    0x08, 0x0c, 0x08, 0xff, 0x08, 0x08, 0x08, 0xff, 0x08, 0x0c, 0x08, 0xff,
    0x10, 0x0c, 0x10, 0xff, 0x08, 0x08, 0x08, 0xff, 0x08, 0x0c, 0x08, 0xff,
    0x08, 0x0c, 0x08, 0xff, 0x08, 0x08, 0x08, 0xff, 0x08, 0x0c, 0x08, 0xff,
    0x08, 0x0c, 0x08, 0xff, 0x08, 0x08, 0x08, 0xff, 0x08, 0x08, 0x08, 0xff,
    0x08, 0x0c, 0x08, 0xff, 0x08, 0x08, 0x08, 0xff, 0x10, 0x08, 0x10, 0xff,
    0x08, 0x0c, 0x08, 0xff, 0x08, 0x0c, 0x08, 0xff, 0x08, 0x08, 0x08, 0xff,
    0x08, 0x0c, 0x08, 0xff, 0x08, 0x0c, 0x08, 0xff, 0x10, 0x08, 0x10, 0xff,
    0x08, 0x08, 0x08, 0xff, 0x10, 0x0c, 0x10, 0xff, 0x08, 0x08, 0x08, 0xff,
    0x08, 0x0c, 0x08, 0xff, 0x10, 0x10, 0x10, 0xff, 0x30, 0x34, 0x30, 0xff,
    0x30, 0x30, 0x30, 0xff, 0x38, 0x34, 0x38, 0xff, 0x30, 0x34, 0x30, 0xe7,
    0x00, 0x00, 0x00, 0x00, 0x00, 0x00, 0x00, 0x00, 0x00, 0x00, 0x00, 0x00,
    0x00, 0x00, 0x00, 0x00, 0x00, 0x00, 0x00, 0x00, 0x00, 0x00, 0x00, 0x00,
    0x00, 0x00, 0x00, 0x00, 0x00, 0x00, 0x00, 0x00, 0x00, 0x00, 0x00, 0x00,
    0x00, 0x00, 0x00, 0x00, 0x00, 0x00, 0x00, 0x00, 0x00, 0x00, 0x00, 0x00,
    0x00, 0x00, 0x00, 0x00, 0x00, 0x00, 0x00, 0x00, 0x00, 0x00, 0x00, 0x00,
    0x00, 0x00, 0x00, 0x00, 0x30, 0x34, 0x30, 0xfb, 0x38, 0x34, 0x38, 0xff,
    0x30, 0x30, 0x30, 0xff, 0x38, 0x34, 0x38, 0xff, 0x10, 0x0c, 0x10, 0xff,
    0x08, 0x08, 0x08, 0xff, 0x08, 0x08, 0x08, 0xff, 0x10, 0x0c, 0x10, 0xff,
    0x08, 0x08, 0x08, 0xff, 0x08, 0x08, 0x08, 0xff, 0x10, 0x0c, 0x10, 0xff,
    0x10, 0x08, 0x10, 0xff, 0x08, 0x08, 0x08, 0xff, 0x08, 0x0c, 0x08, 0xff,
    0x08, 0x08, 0x08, 0xff, 0x10, 0x0c, 0x10, 0xff, 0x08, 0x08, 0x08, 0xff,
    0x08, 0x08, 0x08, 0xff, 0x08, 0x0c, 0x08, 0xff, 0x08, 0x08, 0x08, 0xff,
    0x10, 0x08, 0x10, 0xff, 0x08, 0x0c, 0x08, 0xff, 0x08, 0x0c, 0x08, 0xff,
    0x10, 0x08, 0x10, 0xff, 0x08, 0x0c, 0x08, 0xff, 0x10, 0x08, 0x10, 0xff,
    0x08, 0x08, 0x08, 0xff, 0x08, 0x0c, 0x08, 0xff, 0x10, 0x08, 0x10, 0xff,
    0x08, 0x0c, 0x08, 0xff, 0x08, 0x08, 0x08, 0xff, 0x10, 0x0c, 0x10, 0xff,
    0x08, 0x08, 0x08, 0xff, 0x10, 0x0c, 0x10, 0xff, 0x08, 0x08, 0x08, 0xff,
    0x08, 0x08, 0x08, 0xff, 0x10, 0x0c, 0x10, 0xff, 0x08, 0x0c, 0x08, 0xff,
    0x08, 0x08, 0x08, 0xff, 0x10, 0x0c, 0x10, 0xff, 0x08, 0x08, 0x08, 0xff,
    0x10, 0x08, 0x10, 0xff, 0x08, 0x0c, 0x08, 0xff, 0x08, 0x0c, 0x08, 0xff,
    0x10, 0x08, 0x10, 0xff, 0x10, 0x0c, 0x10, 0xff, 0x08, 0x08, 0x08, 0xff,
    0x08, 0x0c, 0x08, 0xff, 0x08, 0x08, 0x08, 0xff, 0x10, 0x08, 0x10, 0xff,
    0x08, 0x0c, 0x08, 0xff, 0x10, 0x08, 0x10, 0xff, 0x08, 0x08, 0x08, 0xff,
    0x08, 0x0c, 0x08, 0xff, 0x08, 0x0c, 0x08, 0xff, 0x08, 0x08, 0x08, 0xff,
    0x08, 0x0c, 0x08, 0xff, 0x10, 0x08, 0x10, 0xff, 0x08, 0x08, 0x08, 0xff,
    0x10, 0x0c, 0x10, 0xff, 0x38, 0x34, 0x38, 0xff, 0x30, 0x34, 0x30, 0xff,
    0x30, 0x34, 0x30, 0xff, 0x38, 0x34, 0x38, 0xfb, 0x00, 0x00, 0x00, 0x00,
    0x00, 0x00, 0x00, 0x00, 0x00, 0x00, 0x00, 0x00, 0x00, 0x00, 0x00, 0x00,
    0x00, 0x00, 0x00, 0x00, 0x00, 0x00, 0x00, 0x00, 0x00, 0x00, 0x00, 0x00,
    0x00, 0x00, 0x00, 0x00, 0x00, 0x00, 0x00, 0x00, 0x00, 0x00, 0x00, 0x00,
    0x00, 0x00, 0x00, 0x00, 0x00, 0x00, 0x00, 0x00, 0x00, 0x00, 0x00, 0x00,
    0x00, 0x00, 0x00, 0x00, 0x00, 0x00, 0x00, 0x00, 0x00, 0x00, 0x00, 0x00,
    0x30, 0x34, 0x30, 0xff, 0x30, 0x30, 0x30, 0xff, 0x38, 0x34, 0x38, 0xff,
    0x30, 0x34, 0x30, 0xff, 0x08, 0x08, 0x08, 0xff, 0x08, 0x0c, 0x08, 0xff,
    0x08, 0x08, 0x08, 0xff, 0x08, 0x0c, 0x08, 0xff, 0x10, 0x0c, 0x10, 0xff,
    0x08, 0x08, 0x08, 0xff, 0x08, 0x0c, 0x08, 0xff, 0x08, 0x0c, 0x08, 0xff,
    0x10, 0x08, 0x10, 0xff, 0x08, 0x08, 0x08, 0xff, 0x08, 0x0c, 0x08, 0xff,
    0x08, 0x08, 0x08, 0xff, 0x08, 0x0c, 0x08, 0xff, 0x10, 0x0c, 0x10, 0xff,
    0x08, 0x08, 0x08, 0xff, 0x08, 0x0c, 0x08, 0xff, 0x08, 0x08, 0x08, 0xff,
    0x08, 0x08, 0x08, 0xff, 0x08, 0x0c, 0x08, 0xff, 0x08, 0x08, 0x08, 0xff,
    0x10, 0x08, 0x10, 0xff, 0x08, 0x0c, 0x08, 0xff, 0x08, 0x0c, 0x08, 0xff,
    0x08, 0x08, 0x08, 0xff, 0x08, 0x0c, 0x08, 0xff, 0x08, 0x08, 0x08, 0xff,
    0x10, 0x08, 0x10, 0xff, 0x08, 0x0c, 0x08, 0xff, 0x08, 0x08, 0x08, 0xff,
    0x08, 0x0c, 0x08, 0xff, 0x10, 0x0c, 0x10, 0xff, 0x08, 0x08, 0x08, 0xff,
    0x08, 0x08, 0x08, 0xff, 0x08, 0x08, 0x08, 0xff, 0x08, 0x0c, 0x08, 0xff,
    0x08, 0x08, 0x08, 0xff, 0x10, 0x0c, 0x10, 0xff, 0x08, 0x08, 0x08, 0xff,
    0x08, 0x08, 0x08, 0xff, 0x08, 0x0c, 0x08, 0xff, 0x08, 0x08, 0x08, 0xff,
    0x08, 0x0c, 0x08, 0xff, 0x10, 0x0c, 0x10, 0xff, 0x08, 0x08, 0x08, 0xff,
    0x08, 0x0c, 0x08, 0xff, 0x08, 0x0c, 0x08, 0xff, 0x08, 0x08, 0x08, 0xff,
    0x08, 0x0c, 0x08, 0xff, 0x10, 0x08, 0x10, 0xff, 0x08, 0x0c, 0x08, 0xff,
    0x08, 0x08, 0x08, 0xff, 0x10, 0x0c, 0x10, 0xff, 0x08, 0x0c, 0x08, 0xff,
    0x08, 0x08, 0x08, 0xff, 0x08, 0x0c, 0x08, 0xff, 0x08, 0x08, 0x08, 0xff,
    0x38, 0x34, 0x38, 0xff, 0x30, 0x34, 0x30, 0xff, 0x30, 0x30, 0x30, 0xff,
    0x38, 0x34, 0x38, 0xff, 0x00, 0x00, 0x00, 0x00, 0x00, 0x00, 0x00, 0x00,
    0x00, 0x00, 0x00, 0x00, 0x00, 0x00, 0x00, 0x00, 0x00, 0x00, 0x00, 0x00,
    0x00, 0x00, 0x00, 0x00, 0x00, 0x00, 0x00, 0x00, 0x00, 0x00, 0x00, 0x00,
    0x00, 0x00, 0x00, 0x00, 0x00, 0x00, 0x00, 0x00, 0x00, 0x00, 0x00, 0x00,
    0x00, 0x00, 0x00, 0x00, 0x00, 0x00, 0x00, 0x00, 0x00, 0x00, 0x00, 0x00,
    0x00, 0x00, 0x00, 0x00, 0x00, 0x00, 0x00, 0x00, 0x38, 0x34, 0x38, 0xff,
    0x30, 0x34, 0x30, 0xff, 0x30, 0x34, 0x30, 0xff, 0x38, 0x34, 0x38, 0xff,
    0x08, 0x08, 0x08, 0xff, 0x08, 0x0c, 0x08, 0xff, 0x10, 0x08, 0x10, 0xff,
    0x08, 0x08, 0x08, 0xff, 0x08, 0x0c, 0x08, 0xff, 0x08, 0x08, 0x08, 0xff,
    0x08, 0x08, 0x08, 0xff, 0x08, 0x0c, 0x08, 0xff, 0x08, 0x0c, 0x08, 0xff,
    0x10, 0x08, 0x10, 0xff, 0x08, 0x0c, 0x08, 0xff, 0x08, 0x08, 0x08, 0xff,
    0x10, 0x0c, 0x10, 0xff, 0x08, 0x08, 0x08, 0xff, 0x08, 0x0c, 0x08, 0xff,
    0x10, 0x0c, 0x10, 0xff, 0x08, 0x0c, 0x08, 0xff, 0x10, 0x08, 0x10, 0xff,
    0x08, 0x0c, 0x08, 0xff, 0x08, 0x0c, 0x08, 0xff, 0x08, 0x08, 0x08, 0xff,
    0x08, 0x0c, 0x08, 0xff, 0x10, 0x08, 0x10, 0xff, 0x08, 0x0c, 0x08, 0xff,
    0x08, 0x0c, 0x08, 0xff, 0x10, 0x08, 0x10, 0xff, 0x08, 0x0c, 0x08, 0xff,
    0x08, 0x0c, 0x08, 0xff, 0x08, 0x08, 0x08, 0xff, 0x08, 0x08, 0x08, 0xff,
    0x08, 0x0c, 0x08, 0xff, 0x10, 0x0c, 0x10, 0xff, 0x08, 0x08, 0x08, 0xff,
    0x10, 0x0c, 0x10, 0xff, 0x08, 0x08, 0x08, 0xff, 0x08, 0x0c, 0x08, 0xff,
    0x08, 0x0c, 0x08, 0xff, 0x08, 0x08, 0x08, 0xff, 0x10, 0x0c, 0x10, 0xff,
    0x08, 0x08, 0x08, 0xff, 0x08, 0x08, 0x08, 0xff, 0x08, 0x0c, 0x08, 0xff,
    0x08, 0x08, 0x08, 0xff, 0x10, 0x08, 0x10, 0xff, 0x08, 0x0c, 0x08, 0xff,
    0x08, 0x08, 0x08, 0xff, 0x10, 0x0c, 0x10, 0xff, 0x08, 0x08, 0x08, 0xff,
    0x08, 0x0c, 0x08, 0xff, 0x10, 0x08, 0x10, 0xff, 0x08, 0x08, 0x08, 0xff,
    0x08, 0x0c, 0x08, 0xff, 0x10, 0x08, 0x10, 0xff, 0x08, 0x0c, 0x08, 0xff,
    0x08, 0x08, 0x08, 0xff, 0x08, 0x08, 0x08, 0xff, 0x38, 0x34, 0x38, 0xff,
    0x30, 0x34, 0x30, 0xff, 0x30, 0x30, 0x30, 0xff, 0x30, 0x34, 0x30, 0xff,
    0x00, 0x00, 0x00, 0x00, 0x00, 0x00, 0x00, 0x00, 0x00, 0x00, 0x00, 0x00,
    0x00, 0x00, 0x00, 0x00, 0x00, 0x00, 0x00, 0x00, 0x00, 0x00, 0x00, 0x00,
    0x00, 0x00, 0x00, 0x00, 0x00, 0x00, 0x00, 0x00, 0x00, 0x00, 0x00, 0x00,
    0x00, 0x00, 0x00, 0x00, 0x00, 0x00, 0x00, 0x00, 0x00, 0x00, 0x00, 0x00,
    0x00, 0x00, 0x00, 0x00, 0x00, 0x00, 0x00, 0x00, 0x00, 0x00, 0x00, 0x00,
    0x00, 0x00, 0x00, 0x00, 0x30, 0x34, 0x30, 0xff, 0x38, 0x30, 0x38, 0xff,
    0x30, 0x34, 0x30, 0xff, 0x38, 0x34, 0x38, 0xff, 0x08, 0x08, 0x08, 0xff,
    0x08, 0x0c, 0x08, 0xff, 0x08, 0x0c, 0x08, 0xff, 0x10, 0x08, 0x10, 0xff,
    0x08, 0x0c, 0x08, 0xff, 0x10, 0x0c, 0x10, 0xff, 0x08, 0x08, 0x08, 0xff,
    0x08, 0x08, 0x08, 0xff, 0x10, 0x0c, 0x10, 0xff, 0x08, 0x0c, 0x08, 0xff,
    0x08, 0x08, 0x08, 0xff, 0x08, 0x0c, 0x08, 0xff, 0x10, 0x08, 0x10, 0xff,
    0x08, 0x08, 0x08, 0xff, 0x08, 0x08, 0x08, 0xff, 0x08, 0x0c, 0x08, 0xff,
    0x10, 0x08, 0x10, 0xff, 0x08, 0x08, 0x08, 0xff, 0x08, 0x0c, 0x08, 0xff,
    0x10, 0x08, 0x10, 0xff, 0x08, 0x0c, 0x08, 0xff, 0x08, 0x08, 0x08, 0xff,
    0x10, 0x08, 0x10, 0xff, 0x08, 0x0c, 0x08, 0xff, 0x08, 0x08, 0x08, 0xff,
    0x08, 0x08, 0x08, 0xff, 0x08, 0x0c, 0x08, 0xff, 0x10, 0x08, 0x10, 0xff,
    0x10, 0x0c, 0x10, 0xff, 0x08, 0x08, 0x08, 0xff, 0x08, 0x08, 0x08, 0xff,
    0x08, 0x0c, 0x08, 0xff, 0x08, 0x0c, 0x08, 0xff, 0x08, 0x08, 0x08, 0xff,
    0x10, 0x0c, 0x10, 0xff, 0x08, 0x08, 0x08, 0xff, 0x08, 0x08, 0x08, 0xff,
    0x10, 0x0c, 0x10, 0xff, 0x08, 0x0c, 0x08, 0xff, 0x10, 0x08, 0x10, 0xff,
    0x08, 0x0c, 0x08, 0xff, 0x10, 0x0c, 0x10, 0xff, 0x08, 0x08, 0x08, 0xff,
    0x08, 0x0c, 0x08, 0xff, 0x10, 0x08, 0x10, 0xff, 0x08, 0x0c, 0x08, 0xff,
    0x08, 0x08, 0x08, 0xff, 0x08, 0x0c, 0x08, 0xff, 0x08, 0x0c, 0x08, 0xff,
    0x08, 0x08, 0x08, 0xff, 0x08, 0x0c, 0x08, 0xff, 0x08, 0x08, 0x08, 0xff,
    0x08, 0x08, 0x08, 0xff, 0x10, 0x0c, 0x10, 0xff, 0x08, 0x0c, 0x08, 0xff,
    0x08, 0x08, 0x08, 0xff, 0x38, 0x34, 0x38, 0xff, 0x30, 0x34, 0x30, 0xff,
    0x38, 0x34, 0x38, 0xff, 0x30, 0x34, 0x30, 0xff, 0x00, 0x00, 0x00, 0x00,
    0x00, 0x00, 0x00, 0x00, 0x00, 0x00, 0x00, 0x00, 0x00, 0x00, 0x00, 0x00,
    0x00, 0x00, 0x00, 0x00, 0x00, 0x00, 0x00, 0x00, 0x00, 0x00, 0x00, 0x00,
    0x00, 0x00, 0x00, 0x00, 0x00, 0x00, 0x00, 0x00, 0x00, 0x00, 0x00, 0x00,
    0x00, 0x00, 0x00, 0x00, 0x00, 0x00, 0x00, 0x00, 0x00, 0x00, 0x00, 0x00,
    0x00, 0x00, 0x00, 0x00, 0x00, 0x00, 0x00, 0x00, 0x00, 0x00, 0x00, 0x00,
    0x30, 0x34, 0x30, 0xff, 0x30, 0x34, 0x30, 0xff, 0x38, 0x30, 0x38, 0xff,
    0x30, 0x34, 0x30, 0xff, 0x08, 0x08, 0x08, 0xff, 0x08, 0x08, 0x08, 0xff,
    0x08, 0x0c, 0x08, 0xff, 0x08, 0x08, 0x08, 0xff, 0x08, 0x08, 0x08, 0xff,
    0x08, 0x0c, 0x08, 0xff, 0x10, 0x0c, 0x10, 0xff, 0x08, 0x08, 0x08, 0xff,
    0x08, 0x08, 0x08, 0xff, 0x08, 0x0c, 0x08, 0xff, 0x08, 0x08, 0x08, 0xff,
    0x10, 0x0c, 0x10, 0xff, 0x08, 0x0c, 0x08, 0xff, 0x08, 0x08, 0x08, 0xff,
    0x08, 0x0c, 0x08, 0xff, 0x08, 0x08, 0x08, 0xff, 0x08, 0x0c, 0x08, 0xff,
    0x08, 0x0c, 0x08, 0xff, 0x08, 0x08, 0x08, 0xff, 0x10, 0x08, 0x10, 0xff,
    0x08, 0x0c, 0x08, 0xff, 0x08, 0x0c, 0x08, 0xff, 0x08, 0x08, 0x08, 0xff,
    0x10, 0x0c, 0x10, 0xff, 0x08, 0x08, 0x08, 0xff, 0x08, 0x0c, 0x08, 0xff,
    0x08, 0x08, 0x08, 0xff, 0x08, 0x0c, 0x08, 0xff, 0x08, 0x0c, 0x08, 0xff,
    0x10, 0x08, 0x10, 0xff, 0x08, 0x0c, 0x08, 0xff, 0x08, 0x08, 0x08, 0xff,
    0x10, 0x08, 0x10, 0xff, 0x08, 0x0c, 0x08, 0xff, 0x08, 0x0c, 0x08, 0xff,
    0x10, 0x08, 0x10, 0xff, 0x08, 0x08, 0x08, 0xff, 0x08, 0x0c, 0x08, 0xff,
    0x08, 0x08, 0x08, 0xff, 0x08, 0x0c, 0x08, 0xff, 0x08, 0x08, 0x08, 0xff,
    0x08, 0x08, 0x08, 0xff, 0x08, 0x0c, 0x08, 0xff, 0x08, 0x0c, 0x08, 0xff,
    0x08, 0x08, 0x08, 0xff, 0x10, 0x08, 0x10, 0xff, 0x08, 0x0c, 0x08, 0xff,
    0x10, 0x08, 0x10, 0xff, 0x08, 0x08, 0x08, 0xff, 0x10, 0x0c, 0x10, 0xff,
    0x08, 0x0c, 0x08, 0xff, 0x08, 0x08, 0x08, 0xff, 0x10, 0x0c, 0x10, 0xff,
    0x08, 0x08, 0x08, 0xff, 0x08, 0x0c, 0x08, 0xff, 0x08, 0x08, 0x08, 0xff,
    0x38, 0x34, 0x38, 0xff, 0x30, 0x34, 0x30, 0xff, 0x30, 0x30, 0x30, 0xff,
    0x38, 0x34, 0x38, 0xff, 0x00, 0x00, 0x00, 0x00, 0x00, 0x00, 0x00, 0x00,
    0x00, 0x00, 0x00, 0x00, 0x00, 0x00, 0x00, 0x00, 0x00, 0x00, 0x00, 0x00,
    0x00, 0x00, 0x00, 0x00, 0x00, 0x00, 0x00, 0x00, 0x00, 0x00, 0x00, 0x00,
    0x00, 0x00, 0x00, 0x00, 0x00, 0x00, 0x00, 0x00, 0x00, 0x00, 0x00, 0x00,
    0x00, 0x00, 0x00, 0x00, 0x00, 0x00, 0x00, 0x00, 0x00, 0x00, 0x00, 0x00,
    0x00, 0x00, 0x00, 0x00, 0x00, 0x00, 0x00, 0x00, 0x38, 0x34, 0x38, 0xff,
    0x30, 0x34, 0x30, 0xff, 0x30, 0x34, 0x30, 0xff, 0x38, 0x34, 0x38, 0xff,
    0x08, 0x08, 0x08, 0xff, 0x10, 0x0c, 0x10, 0xff, 0x10, 0x08, 0x10, 0xff,
    0x08, 0x0c, 0x08, 0xff, 0x08, 0x08, 0x08, 0xff, 0x08, 0x08, 0x08, 0xff,
    0x08, 0x0c, 0x08, 0xff, 0x10, 0x0c, 0x10, 0xff, 0x08, 0x08, 0x08, 0xff,
    0x08, 0x08, 0x08, 0xff, 0x10, 0x0c, 0x10, 0xff, 0x08, 0x08, 0x08, 0xff,
    0x08, 0x0c, 0x08, 0xff, 0x10, 0x0c, 0x10, 0xff, 0x08, 0x08, 0x08, 0xff,
    0x10, 0x0c, 0x10, 0xff, 0x08, 0x08, 0x08, 0xff, 0x08, 0x0c, 0x08, 0xff,
    0x10, 0x08, 0x10, 0xff, 0x08, 0x0c, 0x08, 0xff, 0x08, 0x08, 0x08, 0xff,
    0x08, 0x08, 0x08, 0xff, 0x08, 0x0c, 0x08, 0xff, 0x10, 0x08, 0x10, 0xff,
    0x08, 0x0c, 0x08, 0xff, 0x10, 0x0c, 0x10, 0xff, 0x10, 0x08, 0x10, 0xff,
    0x08, 0x08, 0x08, 0xff, 0x08, 0x0c, 0x08, 0xff, 0x08, 0x08, 0x08, 0xff,
    0x10, 0x0c, 0x10, 0xff, 0x08, 0x0c, 0x08, 0xff, 0x08, 0x08, 0x08, 0xff,
    0x08, 0x08, 0x08, 0xff, 0x08, 0x0c, 0x08, 0xff, 0x08, 0x0c, 0x08, 0xff,
    0x08, 0x0c, 0x08, 0xff, 0x10, 0x08, 0x10, 0xff, 0x08, 0x0c, 0x08, 0xff,
    0x08, 0x08, 0x08, 0xff, 0x10, 0x0c, 0x10, 0xff, 0x08, 0x08, 0x08, 0xff,
    0x10, 0x0c, 0x10, 0xff, 0x08, 0x08, 0x08, 0xff, 0x08, 0x0c, 0x08, 0xff,
    0x08, 0x0c, 0x08, 0xff, 0x08, 0x08, 0x08, 0xff, 0x08, 0x0c, 0x08, 0xff,
    0x10, 0x08, 0x10, 0xff, 0x08, 0x0c, 0x08, 0xff, 0x08, 0x08, 0x08, 0xff,
    0x10, 0x0c, 0x10, 0xff, 0x08, 0x08, 0x08, 0xff, 0x08, 0x0c, 0x08, 0xff,
    0x08, 0x08, 0x08, 0xff, 0x08, 0x08, 0x08, 0xff, 0x38, 0x34, 0x38, 0xff,
    0x30, 0x34, 0x30, 0xff, 0x30, 0x34, 0x30, 0xff, 0x38, 0x30, 0x38, 0xff,
    0x00, 0x00, 0x00, 0x00, 0x00, 0x00, 0x00, 0x00, 0x00, 0x00, 0x00, 0x00,
    0x00, 0x00, 0x00, 0x00, 0x00, 0x00, 0x00, 0x00, 0x00, 0x00, 0x00, 0x00,
    0x00, 0x00, 0x00, 0x00, 0x00, 0x00, 0x00, 0x00, 0x00, 0x00, 0x00, 0x00,
    0x00, 0x00, 0x00, 0x00, 0x00, 0x00, 0x00, 0x00, 0x00, 0x00, 0x00, 0x00,
    0x00, 0x00, 0x00, 0x00, 0x00, 0x00, 0x00, 0x00, 0x00, 0x00, 0x00, 0x00,
    0x00, 0x00, 0x00, 0x00, 0x30, 0x30, 0x30, 0xff, 0x38, 0x34, 0x38, 0xff,
    0x30, 0x34, 0x30, 0xff, 0x30, 0x34, 0x30, 0xff, 0x08, 0x08, 0x08, 0xff,
    0x08, 0x0c, 0x08, 0xff, 0x08, 0x0c, 0x08, 0xff, 0x10, 0x08, 0x10, 0xff,
    0x08, 0x0c, 0x08, 0xff, 0x08, 0x08, 0x08, 0xff, 0x10, 0x0c, 0x10, 0xff,
    0x08, 0x08, 0x08, 0xff, 0x08, 0x0c, 0x08, 0xff, 0x10, 0x0c, 0x10, 0xff,
    0x08, 0x08, 0x08, 0xff, 0x08, 0x08, 0x08, 0xff, 0x08, 0x08, 0x08, 0xff,
    0x08, 0x0c, 0x08, 0xff, 0x10, 0x08, 0x10, 0xff, 0x08, 0x08, 0x08, 0xff,
    0x08, 0x0c, 0x08, 0xff, 0x10, 0x08, 0x10, 0xff, 0x08, 0x0c, 0x08, 0xff,
    0x08, 0x0c, 0x08, 0xff, 0x10, 0x08, 0x10, 0xff, 0x08, 0x0c, 0x08, 0xff,
    0x08, 0x0c, 0x08, 0xff, 0x08, 0x08, 0x08, 0xff, 0x08, 0x08, 0x08, 0xff,
    0x08, 0x0c, 0x08, 0xff, 0x08, 0x08, 0x08, 0xff, 0x08, 0x0c, 0x08, 0xff,
    0x08, 0x08, 0x08, 0xff, 0x08, 0x08, 0x08, 0xff, 0x08, 0x0c, 0x08, 0xff,
    0x10, 0x0c, 0x10, 0xff, 0x08, 0x08, 0x08, 0xff, 0x10, 0x08, 0x10, 0xff,
    0x08, 0x0c, 0x08, 0xff, 0x08, 0x08, 0x08, 0xff, 0x10, 0x08, 0x10, 0xff,
    0x08, 0x0c, 0x08, 0xff, 0x08, 0x08, 0x08, 0xff, 0x10, 0x0c, 0x10, 0xff,
    0x08, 0x0c, 0x08, 0xff, 0x08, 0x08, 0x08, 0xff, 0x08, 0x08, 0x08, 0xff,
    0x10, 0x0c, 0x10, 0xff, 0x08, 0x08, 0x08, 0xff, 0x08, 0x0c, 0x08, 0xff,
    0x10, 0x08, 0x10, 0xff, 0x08, 0x0c, 0x08, 0xff, 0x08, 0x0c, 0x08, 0xff,
    0x08, 0x08, 0x08, 0xff, 0x08, 0x08, 0x08, 0xff, 0x08, 0x0c, 0x08, 0xff,
    0x08, 0x0c, 0x08, 0xff, 0x10, 0x08, 0x10, 0xff, 0x08, 0x0c, 0x08, 0xff,
    0x08, 0x0c, 0x08, 0xff, 0x38, 0x34, 0x38, 0xff, 0x30, 0x34, 0x30, 0xff,
    0x30, 0x34, 0x30, 0xff, 0x38, 0x34, 0x38, 0xff, 0x00, 0x00, 0x00, 0x00,
    0x00, 0x00, 0x00, 0x00, 0x00, 0x00, 0x00, 0x00, 0x00, 0x00, 0x00, 0x00,
    0x00, 0x00, 0x00, 0x00, 0x00, 0x00, 0x00, 0x00, 0x00, 0x00, 0x00, 0x00,
    0x00, 0x00, 0x00, 0x00, 0x00, 0x00, 0x00, 0x00, 0x00, 0x00, 0x00, 0x00,
    0x00, 0x00, 0x00, 0x00, 0x00, 0x00, 0x00, 0x00, 0x00, 0x00, 0x00, 0x00,
    0x00, 0x00, 0x00, 0x00, 0x00, 0x00, 0x00, 0x00, 0x00, 0x00, 0x00, 0x00,
    0x30, 0x34, 0x30, 0xff, 0x38, 0x30, 0x38, 0xff, 0x38, 0x34, 0x38, 0xff,
    0x30, 0x34, 0x30, 0xff, 0x08, 0x08, 0x08, 0xff, 0x08, 0x08, 0x08, 0xff,
    0x08, 0x0c, 0x08, 0xff, 0x08, 0x08, 0x08, 0xff, 0x10, 0x0c, 0x10, 0xff,
    0x08, 0x0c, 0x08, 0xff, 0x08, 0x08, 0x08, 0xff, 0x08, 0x08, 0x08, 0xff,
    0x08, 0x0c, 0x08, 0xff, 0x08, 0x0c, 0x08, 0xff, 0x08, 0x08, 0x08, 0xff,
    0x10, 0x0c, 0x10, 0xff, 0x08, 0x0c, 0x08, 0xff, 0x08, 0x08, 0x08, 0xff,
    0x08, 0x0c, 0x08, 0xff, 0x08, 0x0c, 0x08, 0xff, 0x08, 0x08, 0x08, 0xff,
    0x08, 0x08, 0x08, 0xff, 0x08, 0x0c, 0x08, 0xff, 0x08, 0x08, 0x08, 0xff,
    0x10, 0x08, 0x10, 0xff, 0x08, 0x0c, 0x08, 0xff, 0x08, 0x08, 0x08, 0xff,
    0x10, 0x0c, 0x10, 0xff, 0x08, 0x0c, 0x08, 0xff, 0x08, 0x08, 0x08, 0xff,
    0x10, 0x0c, 0x10, 0xff, 0x08, 0x0c, 0x08, 0xff, 0x10, 0x08, 0x10, 0xff,
    0x08, 0x0c, 0x08, 0xff, 0x08, 0x08, 0x08, 0xff, 0x08, 0x08, 0x08, 0xff,
    0x08, 0x0c, 0x08, 0xff, 0x10, 0x0c, 0x10, 0xff, 0x08, 0x08, 0x08, 0xff,
    0x08, 0x08, 0x08, 0xff, 0x08, 0x0c, 0x08, 0xff, 0x08, 0x0c, 0x08, 0xff,
    0x08, 0x08, 0x08, 0xff, 0x08, 0x08, 0x08, 0xff, 0x08, 0x0c, 0x08, 0xff,
    0x08, 0x0c, 0x08, 0xff, 0x08, 0x08, 0x08, 0xff, 0x10, 0x0c, 0x10, 0xff,
    0x08, 0x08, 0x08, 0xff, 0x08, 0x08, 0x08, 0xff, 0x10, 0x0c, 0x10, 0xff,
    0x08, 0x08, 0x08, 0xff, 0x08, 0x08, 0x08, 0xff, 0x10, 0x0c, 0x10, 0xff,
    0x08, 0x0c, 0x08, 0xff, 0x08, 0x08, 0x08, 0xff, 0x10, 0x08, 0x10, 0xff,
    0x08, 0x0c, 0x08, 0xff, 0x08, 0x08, 0x08, 0xff, 0x10, 0x08, 0x10, 0xff,
    0x30, 0x34, 0x30, 0xff, 0x38, 0x30, 0x38, 0xff, 0x30, 0x34, 0x30, 0xff,
    0x30, 0x34, 0x30, 0xff, 0x00, 0x00, 0x00, 0x00, 0x00, 0x00, 0x00, 0x00,
    0x00, 0x00, 0x00, 0x00, 0x00, 0x00, 0x00, 0x00, 0x00, 0x00, 0x00, 0x00,
    0x00, 0x00, 0x00, 0x00, 0x00, 0x00, 0x00, 0x00, 0x00, 0x00, 0x00, 0x00,
    0x00, 0x00, 0x00, 0x00, 0x00, 0x00, 0x00, 0x00, 0x00, 0x00, 0x00, 0x00,
    0x00, 0x00, 0x00, 0x00, 0x00, 0x00, 0x00, 0x00, 0x00, 0x00, 0x00, 0x00,
    0x00, 0x00, 0x00, 0x00, 0x00, 0x00, 0x00, 0x00, 0x30, 0x34, 0x30, 0xff,
    0x30, 0x34, 0x30, 0xff, 0x38, 0x30, 0x38, 0xff, 0x38, 0x34, 0x38, 0xff,
    0x08, 0x08, 0x08, 0xff, 0x10, 0x0c, 0x10, 0xff, 0x08, 0x08, 0x08, 0xff,
    0x08, 0x08, 0x08, 0xff, 0x08, 0x0c, 0x08, 0xff, 0x10, 0x08, 0x10, 0xff,
    0x08, 0x0c, 0x08, 0xff, 0x08, 0x08, 0x08, 0xff, 0x10, 0x08, 0x10, 0xff,
    0x08, 0x0c, 0x08, 0xff, 0x08, 0x08, 0x08, 0xff, 0x10, 0x0c, 0x10, 0xff,
    0x08, 0x08, 0x08, 0xff, 0x08, 0x08, 0x08, 0xff, 0x10, 0x0c, 0x10, 0xff,
    0x08, 0x0c, 0x08, 0xff, 0x10, 0x08, 0x10, 0xff, 0x08, 0x0c, 0x08, 0xff,
    0x08, 0x0c, 0x08, 0xff, 0x10, 0x08, 0x10, 0xff, 0x08, 0x0c, 0x08, 0xff,
    0x08, 0x08, 0x08, 0xff, 0x10, 0x08, 0x10, 0xff, 0x08, 0x0c, 0x08, 0xff,
    0x08, 0x08, 0x08, 0xff, 0x10, 0x08, 0x10, 0xff, 0x08, 0x0c, 0x08, 0xff,
    0x08, 0x08, 0x08, 0xff, 0x08, 0x0c, 0x08, 0xff, 0x10, 0x0c, 0x10, 0xff,
    0x08, 0x08, 0x08, 0xff, 0x08, 0x0c, 0x08, 0xff, 0x08, 0x0c, 0x08, 0xff,
    0x08, 0x08, 0x08, 0xff, 0x10, 0x0c, 0x10, 0xff, 0x08, 0x0c, 0x08, 0xff,
    0x10, 0x08, 0x10, 0xff, 0x08, 0x0c, 0x08, 0xff, 0x10, 0x08, 0x10, 0xff,
    0x08, 0x08, 0x08, 0xff, 0x10, 0x0c, 0x10, 0xff, 0x08, 0x08, 0x08, 0xff,
    0x08, 0x0c, 0x08, 0xff, 0x08, 0x0c, 0x08, 0xff, 0x08, 0x08, 0x08, 0xff,
    0x08, 0x0c, 0x08, 0xff, 0x08, 0x0c, 0x08, 0xff, 0x08, 0x08, 0x08, 0xff,
    0x08, 0x08, 0x08, 0xff, 0x10, 0x0c, 0x10, 0xff, 0x08, 0x0c, 0x08, 0xff,
    0x08, 0x08, 0x08, 0xff, 0x10, 0x0c, 0x10, 0xff, 0x08, 0x0c, 0x08, 0xff,
    0x08, 0x08, 0x08, 0xff, 0x08, 0x08, 0x08, 0xff, 0x38, 0x34, 0x38, 0xff,
    0x30, 0x34, 0x30, 0xff, 0x38, 0x30, 0x38, 0xff, 0x30, 0x34, 0x30, 0xff,
    0x00, 0x00, 0x00, 0x00, 0x00, 0x00, 0x00, 0x00, 0x00, 0x00, 0x00, 0x00,
    0x00, 0x00, 0x00, 0x00, 0x00, 0x00, 0x00, 0x00, 0x00, 0x00, 0x00, 0x00,
    0x00, 0x00, 0x00, 0x00, 0x00, 0x00, 0x00, 0x00, 0x00, 0x00, 0x00, 0x00,
    0x00, 0x00, 0x00, 0x00, 0x00, 0x00, 0x00, 0x00, 0x00, 0x00, 0x00, 0x00,
    0x00, 0x00, 0x00, 0x00, 0x00, 0x00, 0x00, 0x00, 0x00, 0x00, 0x00, 0x00,
    0x00, 0x00, 0x00, 0x00, 0x30, 0x34, 0x30, 0xff, 0x30, 0x34, 0x30, 0xff,
    0x30, 0x34, 0x30, 0xff, 0x30, 0x34, 0x30, 0xff, 0x08, 0x08, 0x08, 0xff,
    0x08, 0x0c, 0x08, 0xff, 0x10, 0x0c, 0x10, 0xff, 0x08, 0x08, 0x08, 0xff,
    0x08, 0x0c, 0x08, 0xff, 0x08, 0x08, 0x08, 0xff, 0x10, 0x0c, 0x10, 0xff,
    0x08, 0x0c, 0x08, 0xff, 0x08, 0x08, 0x08, 0xff, 0x10, 0x0c, 0x10, 0xff,
    0x08, 0x08, 0x08, 0xff, 0x08, 0x0c, 0x08, 0xff, 0x08, 0x0c, 0x08, 0xff,
    0x10, 0x08, 0x10, 0xff, 0x08, 0x08, 0x08, 0xff, 0x08, 0x0c, 0x08, 0xff,
    0x08, 0x08, 0x08, 0xff, 0x10, 0x08, 0x10, 0xff, 0x08, 0x0c, 0x08, 0xff,
    0x08, 0x08, 0x08, 0xff, 0x08, 0x0c, 0x08, 0xff, 0x08, 0x0c, 0x08, 0xff,
    0x08, 0x08, 0x08, 0xff, 0x08, 0x0c, 0x08, 0xff, 0x08, 0x08, 0x08, 0xff,
    0x08, 0x0c, 0x08, 0xff, 0x08, 0x08, 0x08, 0xff, 0x08, 0x08, 0x08, 0xff,
    0x08, 0x0c, 0x08, 0xff, 0x10, 0x08, 0x10, 0xff, 0x08, 0x08, 0x08, 0xff,
    0x10, 0x0c, 0x10, 0xff, 0x08, 0x08, 0x08, 0xff, 0x08, 0x08, 0x08, 0xff,
    0x08, 0x0c, 0x08, 0xff, 0x08, 0x08, 0x08, 0xff, 0x08, 0x08, 0x08, 0xff,
    0x10, 0x0c, 0x10, 0xff, 0x08, 0x0c, 0x08, 0xff, 0x08, 0x08, 0x08, 0xff,
    0x10, 0x0c, 0x10, 0xff, 0x08, 0x08, 0x08, 0xff, 0x10, 0x08, 0x10, 0xff,
    0x08, 0x0c, 0x08, 0xff, 0x10, 0x08, 0x10, 0xff, 0x08, 0x08, 0x08, 0xff,
    0x10, 0x0c, 0x10, 0xff, 0x08, 0x0c, 0x08, 0xff, 0x08, 0x08, 0x08, 0xff,
    0x08, 0x08, 0x08, 0xff, 0x08, 0x0c, 0x08, 0xff, 0x08, 0x08, 0x08, 0xff,
    0x08, 0x08, 0x08, 0xff, 0x08, 0x0c, 0x08, 0xff, 0x08, 0x0c, 0x08, 0xff,
    0x08, 0x08, 0x08, 0xff, 0x38, 0x34, 0x38, 0xff, 0x30, 0x34, 0x30, 0xff,
    0x30, 0x34, 0x30, 0xff, 0x38, 0x34, 0x38, 0xff, 0x00, 0x00, 0x00, 0x00,
    0x00, 0x00, 0x00, 0x00, 0x00, 0x00, 0x00, 0x00, 0x00, 0x00, 0x00, 0x00,
    0x00, 0x00, 0x00, 0x00, 0x00, 0x00, 0x00, 0x00, 0x00, 0x00, 0x00, 0x00,
    0x00, 0x00, 0x00, 0x00, 0x00, 0x00, 0x00, 0x00, 0x00, 0x00, 0x00, 0x00,
    0x00, 0x00, 0x00, 0x00, 0x00, 0x00, 0x00, 0x00, 0x00, 0x00, 0x00, 0x00,
    0x00, 0x00, 0x00, 0x00, 0x00, 0x00, 0x00, 0x00, 0x00, 0x00, 0x00, 0x00,
    0x38, 0x30, 0x38, 0xff, 0x38, 0x34, 0x38, 0xff, 0x30, 0x34, 0x30, 0xff,
    0x38, 0x34, 0x38, 0xff, 0x08, 0x08, 0x08, 0xff, 0x08, 0x08, 0x08, 0xff,
    0x08, 0x0c, 0x08, 0xff, 0x10, 0x0c, 0x10, 0xff, 0x08, 0x08, 0x08, 0xff,
    0x08, 0x08, 0x08, 0xff, 0x08, 0x0c, 0x08, 0xff, 0x08, 0x08, 0x08, 0xff,
    0x08, 0x0c, 0x08, 0xff, 0x08, 0x08, 0x08, 0xff, 0x10, 0x08, 0x10, 0xff,
    0x08, 0x0c, 0x08, 0xff, 0x08, 0x0c, 0x08, 0xff, 0x08, 0x08, 0x08, 0xff,
    0x08, 0x0c, 0x08, 0xff, 0x08, 0x08, 0x08, 0xff, 0x08, 0x0c, 0x08, 0xff,
    0x08, 0x0c, 0x08, 0xff, 0x10, 0x08, 0x10, 0xff, 0x08, 0x08, 0x08, 0xff,
    0x08, 0x0c, 0x08, 0xff, 0x10, 0x08, 0x10, 0xff, 0x08, 0x0c, 0x08, 0xff,
    0x10, 0x0c, 0x10, 0xff, 0x08, 0x08, 0x08, 0xff, 0x10, 0x0c, 0x10, 0xff,
    0x10, 0x0c, 0x10, 0xff, 0x08, 0x08, 0x08, 0xff, 0x08, 0x0c, 0x08, 0xff,
    0x08, 0x08, 0x08, 0xff, 0x08, 0x0c, 0x08, 0xff, 0x08, 0x0c, 0x08, 0xff,
    0x10, 0x08, 0x10, 0xff, 0x08, 0x0c, 0x08, 0xff, 0x08, 0x08, 0x08, 0xff,
    0x10, 0x0c, 0x10, 0xff, 0x08, 0x08, 0x08, 0xff, 0x08, 0x0c, 0x08, 0xff,
    0x08, 0x08, 0x08, 0xff, 0x08, 0x0c, 0x08, 0xff, 0x08, 0x0c, 0x08, 0xff,
    0x08, 0x08, 0x08, 0xff, 0x08, 0x0c, 0x08, 0xff, 0x10, 0x08, 0x10, 0xff,
    0x08, 0x0c, 0x08, 0xff, 0x08, 0x08, 0x08, 0xff, 0x08, 0x08, 0x08, 0xff,
    0x10, 0x0c, 0x10, 0xff, 0x08, 0x0c, 0x08, 0xff, 0x10, 0x08, 0x10, 0xff,
    0x08, 0x0c, 0x08, 0xff, 0x10, 0x08, 0x10, 0xff, 0x08, 0x08, 0x08, 0xff,
    0x10, 0x0c, 0x10, 0xff, 0x08, 0x08, 0x08, 0xff, 0x08, 0x0c, 0x08, 0xff,
    0x38, 0x34, 0x38, 0xff, 0x30, 0x34, 0x30, 0xff, 0x30, 0x30, 0x30, 0xff,
    0x38, 0x34, 0x38, 0xff, 0x00, 0x00, 0x00, 0x00, 0x00, 0x00, 0x00, 0x00,
    0x00, 0x00, 0x00, 0x00, 0x00, 0x00, 0x00, 0x00, 0x00, 0x00, 0x00, 0x00,
    0x00, 0x00, 0x00, 0x00, 0x00, 0x00, 0x00, 0x00, 0x00, 0x00, 0x00, 0x00,
    0x00, 0x00, 0x00, 0x00, 0x00, 0x00, 0x00, 0x00, 0x00, 0x00, 0x00, 0x00,
    0x00, 0x00, 0x00, 0x00, 0x00, 0x00, 0x00, 0x00, 0x00, 0x00, 0x00, 0x00,
    0x00, 0x00, 0x00, 0x00, 0x00, 0x00, 0x00, 0x00, 0x30, 0x34, 0x30, 0xff,
    0x30, 0x30, 0x30, 0xff, 0x38, 0x34, 0x38, 0xff, 0x30, 0x34, 0x30, 0xff,
    0x08, 0x08, 0x08, 0xff, 0x10, 0x08, 0x10, 0xff, 0x08, 0x0c, 0x08, 0xff,
    0x08, 0x08, 0x08, 0xff, 0x10, 0x0c, 0x10, 0xff, 0x08, 0x0c, 0x08, 0xff,
    0x10, 0x08, 0x10, 0xff, 0x08, 0x08, 0x08, 0xff, 0x08, 0x0c, 0x08, 0xff,
    0x10, 0x0c, 0x10, 0xff, 0x08, 0x08, 0x08, 0xff, 0x08, 0x08, 0x08, 0xff,
    0x10, 0x08, 0x10, 0xff, 0x08, 0x0c, 0x08, 0xff, 0x10, 0x08, 0x10, 0xff,
    0x10, 0x0c, 0x10, 0xff, 0x08, 0x08, 0x08, 0xff, 0x08, 0x0c, 0x08, 0xff,
    0x08, 0x08, 0x08, 0xff, 0x10, 0x0c, 0x10, 0xff, 0x08, 0x08, 0x08, 0xff,
    0x08, 0x08, 0x08, 0xff, 0x10, 0x0c, 0x10, 0xff, 0x08, 0x08, 0x08, 0xff,
    0x08, 0x08, 0x08, 0xff, 0x08, 0x0c, 0x08, 0xff, 0x08, 0x08, 0x08, 0xff,
    0x10, 0x0c, 0x10, 0xff, 0x08, 0x08, 0x08, 0xff, 0x08, 0x0c, 0x08, 0xff,
    0x10, 0x08, 0x10, 0xff, 0x08, 0x08, 0x08, 0xff, 0x08, 0x0c, 0x08, 0xff,
    0x10, 0x08, 0x10, 0xff, 0x08, 0x0c, 0x08, 0xff, 0x08, 0x0c, 0x08, 0xff,
    0x10, 0x08, 0x10, 0xff, 0x08, 0x08, 0x08, 0xff, 0x08, 0x0c, 0x08, 0xff,
    0x10, 0x08, 0x10, 0xff, 0x08, 0x08, 0x08, 0xff, 0x08, 0x0c, 0x08, 0xff,
    0x08, 0x08, 0x08, 0xff, 0x08, 0x0c, 0x08, 0xff, 0x08, 0x0c, 0x08, 0xff,
    0x08, 0x0c, 0x08, 0xff, 0x08, 0x08, 0x08, 0xff, 0x08, 0x08, 0x08, 0xff,
    0x10, 0x0c, 0x10, 0xff, 0x08, 0x0c, 0x08, 0xff, 0x08, 0x08, 0x08, 0xff,
    0x08, 0x0c, 0x08, 0xff, 0x10, 0x0c, 0x10, 0xff, 0x08, 0x08, 0x08, 0xff,
    0x08, 0x08, 0x08, 0xff, 0x08, 0x08, 0x08, 0xff, 0x38, 0x34, 0x38, 0xff,
    0x30, 0x34, 0x30, 0xff, 0x30, 0x34, 0x30, 0xff, 0x30, 0x30, 0x30, 0xff,
    0x00, 0x00, 0x00, 0x00, 0x00, 0x00, 0x00, 0x00, 0x00, 0x00, 0x00, 0x00,
    0x00, 0x00, 0x00, 0x00, 0x00, 0x00, 0x00, 0x00, 0x00, 0x00, 0x00, 0x00,
    0x00, 0x00, 0x00, 0x00, 0x00, 0x00, 0x00, 0x00, 0x00, 0x00, 0x00, 0x00,
    0x00, 0x00, 0x00, 0x00, 0x00, 0x00, 0x00, 0x00, 0x00, 0x00, 0x00, 0x00,
    0x00, 0x00, 0x00, 0x00, 0x00, 0x00, 0x00, 0x00, 0x00, 0x00, 0x00, 0x00,
    0x00, 0x00, 0x00, 0x00, 0x30, 0x34, 0x30, 0xff, 0x30, 0x34, 0x30, 0xff,
    0x38, 0x34, 0x38, 0xff, 0x30, 0x34, 0x30, 0xff, 0x08, 0x08, 0x08, 0xff,
    0x10, 0x0c, 0x10, 0xff, 0x08, 0x08, 0x08, 0xff, 0x08, 0x08, 0x08, 0xff,
    0x08, 0x0c, 0x08, 0xff, 0x08, 0x0c, 0x08, 0xff, 0x10, 0x08, 0x10, 0xff,
    0x08, 0x0c, 0x08, 0xff, 0x08, 0x08, 0x08, 0xff, 0x08, 0x0c, 0x08, 0xff,
    0x08, 0x0c, 0x08, 0xff, 0x08, 0x08, 0x08, 0xff, 0x08, 0x0c, 0x08, 0xff,
    0x08, 0x0c, 0x08, 0xff, 0x08, 0x08, 0x08, 0xff, 0x08, 0x08, 0x08, 0xff,
    0x10, 0x0c, 0x10, 0xff, 0x08, 0x08, 0x08, 0xff, 0x08, 0x0c, 0x08, 0xff,
    0x08, 0x0c, 0x08, 0xff, 0x08, 0x08, 0x08, 0xff, 0x08, 0x0c, 0x08, 0xff,
    0x08, 0x0c, 0x08, 0xff, 0x08, 0x08, 0x08, 0xff, 0x08, 0x0c, 0x08, 0xff,
    0x08, 0x08, 0x08, 0xff, 0x08, 0x0c, 0x08, 0xff, 0x08, 0x08, 0x08, 0xff,
    0x10, 0x0c, 0x10, 0xff, 0x08, 0x0c, 0x08, 0xff, 0x08, 0x08, 0x08, 0xff,
    0x08, 0x0c, 0x08, 0xff, 0x08, 0x08, 0x08, 0xff, 0x08, 0x08, 0x08, 0xff,
    0x08, 0x0c, 0x08, 0xff, 0x08, 0x08, 0x08, 0xff, 0x08, 0x0c, 0x08, 0xff,
    0x08, 0x0c, 0x08, 0xff, 0x10, 0x08, 0x10, 0xff, 0x08, 0x0c, 0x08, 0xff,
    0x08, 0x08, 0x08, 0xff, 0x10, 0x0c, 0x10, 0xff, 0x10, 0x08, 0x10, 0xff,
    0x08, 0x08, 0x08, 0xff, 0x10, 0x0c, 0x10, 0xff, 0x10, 0x08, 0x10, 0xff,
    0x08, 0x0c, 0x08, 0xff, 0x08, 0x08, 0x08, 0xff, 0x08, 0x08, 0x08, 0xff,
    0x08, 0x0c, 0x08, 0xff, 0x08, 0x08, 0x08, 0xff, 0x08, 0x0c, 0x08, 0xff,
    0x08, 0x0c, 0x08, 0xff, 0x08, 0x08, 0x08, 0xff, 0x10, 0x0c, 0x10, 0xff,
    0x08, 0x0c, 0x08, 0xff, 0x30, 0x34, 0x30, 0xff, 0x38, 0x30, 0x38, 0xff,
    0x38, 0x34, 0x38, 0xff, 0x30, 0x34, 0x30, 0xff, 0x00, 0x00, 0x00, 0x00,
    0x00, 0x00, 0x00, 0x00, 0x00, 0x00, 0x00, 0x00, 0x00, 0x00, 0x00, 0x00,
    0x00, 0x00, 0x00, 0x00, 0x00, 0x00, 0x00, 0x00, 0x00, 0x00, 0x00, 0x00,
    0x00, 0x00, 0x00, 0x00, 0x00, 0x00, 0x00, 0x00, 0x00, 0x00, 0x00, 0x00,
    0x00, 0x00, 0x00, 0x00, 0x00, 0x00, 0x00, 0x00, 0x00, 0x00, 0x00, 0x00,
    0x00, 0x00, 0x00, 0x00, 0x00, 0x00, 0x00, 0x00, 0x00, 0x00, 0x00, 0x00,
    0x38, 0x34, 0x38, 0xff, 0x30, 0x30, 0x30, 0xff, 0x38, 0x34, 0x38, 0xff,
    0x30, 0x34, 0x30, 0xff, 0x08, 0x08, 0x08, 0xff, 0x08, 0x0c, 0x08, 0xff,
    0x08, 0x0c, 0x08, 0xff, 0x10, 0x08, 0x10, 0xff, 0x08, 0x08, 0x08, 0xff,
    0x08, 0x08, 0x08, 0xff, 0x08, 0x0c, 0x08, 0xff, 0x10, 0x08, 0x10, 0xff,
    0x08, 0x08, 0x08, 0xff, 0x08, 0x0c, 0x08, 0xff, 0x10, 0x08, 0x10, 0xff,
    0x08, 0x0c, 0x08, 0xff, 0x08, 0x08, 0x08, 0xff, 0x10, 0x0c, 0x10, 0xff,
    0x08, 0x0c, 0x08, 0xff, 0x08, 0x08, 0x08, 0xff, 0x08, 0x0c, 0x08, 0xff,
    0x10, 0x08, 0x10, 0xff, 0x08, 0x08, 0x08, 0xff, 0x08, 0x0c, 0x08, 0xff,
    0x10, 0x08, 0x10, 0xff, 0x08, 0x0c, 0x08, 0xff, 0x08, 0x08, 0x08, 0xff,
    0x10, 0x0c, 0x10, 0xff, 0x10, 0x08, 0x10, 0xff, 0x08, 0x0c, 0x08, 0xff,
    0x08, 0x08, 0x08, 0xff, 0x08, 0x08, 0x08, 0xff, 0x08, 0x0c, 0x08, 0xff,
    0x10, 0x08, 0x10, 0xff, 0x08, 0x0c, 0x08, 0xff, 0x10, 0x0c, 0x10, 0xff,
    0x08, 0x08, 0x08, 0xff, 0x10, 0x0c, 0x10, 0xff, 0x08, 0x08, 0x08, 0xff,
    0x10, 0x08, 0x10, 0xff, 0x08, 0x0c, 0x08, 0xff, 0x08, 0x08, 0x08, 0xff,
    0x08, 0x0c, 0x08, 0xff, 0x08, 0x0c, 0x08, 0xff, 0x08, 0x08, 0x08, 0xff,
    0x08, 0x0c, 0x08, 0xff, 0x08, 0x0c, 0x08, 0xff, 0x08, 0x08, 0x08, 0xff,
    0x08, 0x08, 0x08, 0xff, 0x08, 0x0c, 0x08, 0xff, 0x08, 0x0c, 0x08, 0xff,
    0x10, 0x08, 0x10, 0xff, 0x08, 0x0c, 0x08, 0xff, 0x10, 0x08, 0x10, 0xff,
    0x10, 0x08, 0x10, 0xff, 0x08, 0x08, 0x08, 0xff, 0x08, 0x0c, 0x08, 0xff,
    0x10, 0x08, 0x10, 0xff, 0x08, 0x08, 0x08, 0xff, 0x08, 0x0c, 0x08, 0xff,
    0x38, 0x34, 0x38, 0xff, 0x30, 0x34, 0x30, 0xff, 0x30, 0x34, 0x30, 0xff,
    0x38, 0x34, 0x38, 0xff, 0x00, 0x00, 0x00, 0x00, 0x00, 0x00, 0x00, 0x00,
    0x00, 0x00, 0x00, 0x00, 0x00, 0x00, 0x00, 0x00, 0x00, 0x00, 0x00, 0x00,
    0x00, 0x00, 0x00, 0x00, 0x00, 0x00, 0x00, 0x00, 0x00, 0x00, 0x00, 0x00,
    0x00, 0x00, 0x00, 0x00, 0x00, 0x00, 0x00, 0x00, 0x00, 0x00, 0x00, 0x00,
    0x00, 0x00, 0x00, 0x00, 0x00, 0x00, 0x00, 0x00, 0x00, 0x00, 0x00, 0x00,
    0x00, 0x00, 0x00, 0x00, 0x00, 0x00, 0x00, 0x00, 0x30, 0x34, 0x30, 0xff,
    0x38, 0x34, 0x38, 0xff, 0x30, 0x30, 0x30, 0xff, 0x38, 0x34, 0x38, 0xff,
    0x08, 0x08, 0x08, 0xff, 0x08, 0x08, 0x08, 0xff, 0x10, 0x0c, 0x10, 0xff,
    0x08, 0x0c, 0x08, 0xff, 0x08, 0x08, 0x08, 0xff, 0x08, 0x0c, 0x08, 0xff,
    0x08, 0x0c, 0x08, 0xff, 0x08, 0x08, 0x08, 0xff, 0x10, 0x0c, 0x10, 0xff,
    0x08, 0x08, 0x08, 0xff, 0x08, 0x0c, 0x08, 0xff, 0x10, 0x08, 0x10, 0xff,
    0x08, 0x08, 0x08, 0xff, 0x08, 0x0c, 0x08, 0xff, 0x10, 0x08, 0x10, 0xff,
    0x08, 0x0c, 0x08, 0xff, 0x08, 0x0c, 0x08, 0xff, 0x08, 0x08, 0x08, 0xff,
    0x10, 0x0c, 0x10, 0xff, 0x08, 0x08, 0x08, 0xff, 0x08, 0x0c, 0x08, 0xff,
    0x10, 0x08, 0x10, 0xff, 0x08, 0x08, 0x08, 0xff, 0x08, 0x0c, 0x08, 0xff,
    0x08, 0x0c, 0x08, 0xff, 0x10, 0x08, 0x10, 0xff, 0x08, 0x0c, 0x08, 0xff,
    0x10, 0x0c, 0x10, 0xff, 0x08, 0x08, 0x08, 0xff, 0x08, 0x08, 0x08, 0xff,
    0x08, 0x0c, 0x08, 0xff, 0x08, 0x08, 0x08, 0xff, 0x10, 0x0c, 0x10, 0xff,
    0x08, 0x0c, 0x08, 0xff, 0x08, 0x08, 0x08, 0xff, 0x08, 0x0c, 0x08, 0xff,
    0x10, 0x08, 0x10, 0xff, 0x08, 0x08, 0x08, 0xff, 0x10, 0x0c, 0x10, 0xff,
    0x08, 0x08, 0x08, 0xff, 0x10, 0x08, 0x10, 0xff, 0x08, 0x0c, 0x08, 0xff,
    0x08, 0x0c, 0x08, 0xff, 0x08, 0x08, 0x08, 0xff, 0x08, 0x0c, 0x08, 0xff,
    0x08, 0x08, 0x08, 0xff, 0x10, 0x08, 0x10, 0xff, 0x08, 0x0c, 0x08, 0xff,
    0x08, 0x0c, 0x08, 0xff, 0x08, 0x0c, 0x08, 0xff, 0x08, 0x08, 0x08, 0xff,
    0x08, 0x0c, 0x08, 0xff, 0x10, 0x0c, 0x10, 0xff, 0x08, 0x08, 0x08, 0xff,
    0x08, 0x08, 0x08, 0xff, 0x08, 0x08, 0x08, 0xff, 0x38, 0x34, 0x38, 0xff,
    0x30, 0x34, 0x30, 0xff, 0x30, 0x30, 0x30, 0xff, 0x38, 0x34, 0x38, 0xff,
    0x00, 0x00, 0x00, 0x00, 0x00, 0x00, 0x00, 0x00, 0x00, 0x00, 0x00, 0x00,
    0x00, 0x00, 0x00, 0x00, 0x00, 0x00, 0x00, 0x00, 0x00, 0x00, 0x00, 0x00,
    0x00, 0x00, 0x00, 0x00, 0x00, 0x00, 0x00, 0x00, 0x00, 0x00, 0x00, 0x00,
    0x00, 0x00, 0x00, 0x00, 0x00, 0x00, 0x00, 0x00, 0x00, 0x00, 0x00, 0x00,
    0x00, 0x00, 0x00, 0x00, 0x00, 0x00, 0x00, 0x00, 0x00, 0x00, 0x00, 0x00,
    0x00, 0x00, 0x00, 0x00, 0x30, 0x34, 0x30, 0xff, 0x30, 0x34, 0x30, 0xff,
    0x30, 0x34, 0x30, 0xff, 0x38, 0x34, 0x38, 0xff, 0x08, 0x08, 0x08, 0xff,
    0x08, 0x0c, 0x08, 0xff, 0x08, 0x08, 0x08, 0xff, 0x08, 0x0c, 0x08, 0xff,
    0x10, 0x0c, 0x10, 0xff, 0x10, 0x08, 0x10, 0xff, 0x08, 0x08, 0x08, 0xff,
    0x08, 0x0c, 0x08, 0xff, 0x08, 0x0c, 0x08, 0xff, 0x08, 0x08, 0x08, 0xff,
    0x08, 0x0c, 0x08, 0xff, 0x10, 0x0c, 0x10, 0xff, 0x08, 0x08, 0x08, 0xff,
    0x08, 0x08, 0x08, 0xff, 0x08, 0x0c, 0x08, 0xff, 0x10, 0x08, 0x10, 0xff,
    0x08, 0x08, 0x08, 0xff, 0x08, 0x0c, 0x08, 0xff, 0x08, 0x0c, 0x08, 0xff,
    0x08, 0x08, 0x08, 0xff, 0x08, 0x0c, 0x08, 0xff, 0x10, 0x0c, 0x10, 0xff,
    0x08, 0x08, 0x08, 0xff, 0x08, 0x08, 0x08, 0xff, 0x08, 0x0c, 0x08, 0xff,
    0x08, 0x08, 0x08, 0xff, 0x08, 0x08, 0x08, 0xff, 0x08, 0x0c, 0x08, 0xff,
    0x10, 0x08, 0x10, 0xff, 0x08, 0x0c, 0x08, 0xff, 0x08, 0x08, 0x08, 0xff,
    0x08, 0x08, 0x08, 0xff, 0x08, 0x0c, 0x08, 0xff, 0x08, 0x08, 0x08, 0xff,
    0x08, 0x0c, 0x08, 0xff, 0x08, 0x0c, 0x08, 0xff, 0x08, 0x08, 0x08, 0xff,
    0x08, 0x0c, 0x08, 0xff, 0x08, 0x0c, 0x08, 0xff, 0x10, 0x08, 0x10, 0xff,
    0x08, 0x08, 0x08, 0xff, 0x08, 0x0c, 0x08, 0xff, 0x10, 0x08, 0x10, 0xff,
    0x10, 0x08, 0x10, 0xff, 0x08, 0x0c, 0x08, 0xff, 0x08, 0x0c, 0x08, 0xff,
    0x10, 0x08, 0x10, 0xff, 0x08, 0x08, 0x08, 0xff, 0x08, 0x0c, 0x08, 0xff,
    0x08, 0x08, 0x08, 0xff, 0x08, 0x0c, 0x08, 0xff, 0x08, 0x08, 0x08, 0xff,
    0x08, 0x0c, 0x08, 0xff, 0x08, 0x0c, 0x08, 0xff, 0x08, 0x0c, 0x08, 0xff,
    0x08, 0x08, 0x08, 0xff, 0x38, 0x34, 0x38, 0xff, 0x30, 0x34, 0x30, 0xff,
    0x30, 0x30, 0x30, 0xff, 0x30, 0x34, 0x30, 0xff, 0x00, 0x00, 0x00, 0x00,
    0x00, 0x00, 0x00, 0x00, 0x00, 0x00, 0x00, 0x00, 0x00, 0x00, 0x00, 0x00,
    0x00, 0x00, 0x00, 0x00, 0x00, 0x00, 0x00, 0x00, 0x00, 0x00, 0x00, 0x00,
    0x00, 0x00, 0x00, 0x00, 0x00, 0x00, 0x00, 0x00, 0x00, 0x00, 0x00, 0x00,
    0x00, 0x00, 0x00, 0x00, 0x00, 0x00, 0x00, 0x00, 0x00, 0x00, 0x00, 0x00,
    0x00, 0x00, 0x00, 0x00, 0x00, 0x00, 0x00, 0x00, 0x00, 0x00, 0x00, 0x00,
    0x38, 0x30, 0x38, 0xff, 0x30, 0x34, 0x30, 0xff, 0x38, 0x34, 0x38, 0xff,
    0x30, 0x34, 0x30, 0xff, 0x08, 0x08, 0x08, 0xff, 0x10, 0x0c, 0x10, 0xff,
    0x08, 0x08, 0x08, 0xff, 0x08, 0x08, 0x08, 0xff, 0x08, 0x0c, 0x08, 0xff,
    0x08, 0x08, 0x08, 0xff, 0x10, 0x0c, 0x10, 0xff, 0x08, 0x08, 0x08, 0xff,
    0x10, 0x08, 0x10, 0xff, 0x08, 0x0c, 0x08, 0xff, 0x08, 0x08, 0x08, 0xff,
    0x08, 0x0c, 0x08, 0xff, 0x10, 0x0c, 0x10, 0xff, 0x08, 0x08, 0x08, 0xff,
    0x08, 0x0c, 0x08, 0xff, 0x08, 0x08, 0x08, 0xff, 0x10, 0x08, 0x10, 0xff,
    0x08, 0x0c, 0x08, 0xff, 0x08, 0x08, 0x08, 0xff, 0x10, 0x08, 0x10, 0xff,
    0x08, 0x0c, 0x08, 0xff, 0x08, 0x0c, 0x08, 0xff, 0x08, 0x08, 0x08, 0xff,
    0x10, 0x0c, 0x10, 0xff, 0x08, 0x0c, 0x08, 0xff, 0x08, 0x08, 0x08, 0xff,
    0x10, 0x0c, 0x10, 0xff, 0x08, 0x08, 0x08, 0xff, 0x08, 0x0c, 0x08, 0xff,
    0x10, 0x0c, 0x10, 0xff, 0x08, 0x08, 0x08, 0xff, 0x10, 0x0c, 0x10, 0xff,
    0x08, 0x08, 0x08, 0xff, 0x10, 0x08, 0x10, 0xff, 0x10, 0x0c, 0x10, 0xff,
    0x08, 0x08, 0x08, 0xff, 0x08, 0x0c, 0x08, 0xff, 0x10, 0x08, 0x10, 0xff,
    0x08, 0x0c, 0x08, 0xff, 0x08, 0x0c, 0x08, 0xff, 0x08, 0x08, 0x08, 0xff,
    0x08, 0x0c, 0x08, 0xff, 0x08, 0x0c, 0x08, 0xff, 0x08, 0x08, 0x08, 0xff,
    0x08, 0x0c, 0x08, 0xff, 0x08, 0x0c, 0x08, 0xff, 0x08, 0x08, 0x08, 0xff,
    0x10, 0x0c, 0x10, 0xff, 0x08, 0x08, 0x08, 0xff, 0x10, 0x08, 0x10, 0xff,
    0x10, 0x0c, 0x10, 0xff, 0x08, 0x08, 0x08, 0xff, 0x10, 0x08, 0x10, 0xff,
    0x08, 0x0c, 0x08, 0xff, 0x10, 0x08, 0x10, 0xff, 0x08, 0x0c, 0x08, 0xff,
    0x38, 0x34, 0x38, 0xff, 0x38, 0x34, 0x38, 0xff, 0x30, 0x34, 0x30, 0xff,
    0x38, 0x34, 0x38, 0xff, 0x00, 0x00, 0x00, 0x00, 0x00, 0x00, 0x00, 0x00,
    0x00, 0x00, 0x00, 0x00, 0x00, 0x00, 0x00, 0x00, 0x00, 0x00, 0x00, 0x00,
    0x00, 0x00, 0x00, 0x00, 0x00, 0x00, 0x00, 0x00, 0x00, 0x00, 0x00, 0x00,
    0x00, 0x00, 0x00, 0x00, 0x00, 0x00, 0x00, 0x00, 0x00, 0x00, 0x00, 0x00,
    0x00, 0x00, 0x00, 0x00, 0x00, 0x00, 0x00, 0x00, 0x00, 0x00, 0x00, 0x00,
    0x00, 0x00, 0x00, 0x00, 0x00, 0x00, 0x00, 0x00, 0x30, 0x34, 0x30, 0xff,
    0x38, 0x30, 0x38, 0xff, 0x30, 0x34, 0x30, 0xff, 0x30, 0x34, 0x30, 0xff,
    0x08, 0x08, 0x08, 0xff, 0x10, 0x0c, 0x10, 0xff, 0x08, 0x0c, 0x08, 0xff,
    0x08, 0x08, 0x08, 0xff, 0x08, 0x08, 0x08, 0xff, 0x08, 0x0c, 0x08, 0xff,
    0x08, 0x0c, 0x08, 0xff, 0x08, 0x08, 0x08, 0xff, 0x10, 0x0c, 0x10, 0xff,
    0x08, 0x08, 0x08, 0xff, 0x08, 0x08, 0x08, 0xff, 0x08, 0x0c, 0x08, 0xff,
    0x08, 0x08, 0x08, 0xff, 0x10, 0x0c, 0x10, 0xff, 0x08, 0x0c, 0x08, 0xff,
    0x08, 0x0c, 0x08, 0xff, 0x08, 0x08, 0x08, 0xff, 0x10, 0x0c, 0x10, 0xff,
    0x08, 0x0c, 0x08, 0xff, 0x08, 0x08, 0x08, 0xff, 0x10, 0x08, 0x10, 0xff,
    0x08, 0x08, 0x08, 0xff, 0x08, 0x0c, 0x08, 0xff, 0x10, 0x08, 0x10, 0xff,
    0x08, 0x08, 0x08, 0xff, 0x08, 0x0c, 0x08, 0xff, 0x10, 0x0c, 0x10, 0xff,
    0x08, 0x08, 0x08, 0xff, 0x08, 0x08, 0x08, 0xff, 0x08, 0x0c, 0x08, 0xff,
    0x08, 0x0c, 0x08, 0xff, 0x08, 0x08, 0x08, 0xff, 0x08, 0x0c, 0x08, 0xff,
    0x08, 0x0c, 0x08, 0xff, 0x08, 0x08, 0x08, 0xff, 0x08, 0x08, 0x08, 0xff,
    0x10, 0x0c, 0x10, 0xff, 0x08, 0x08, 0x08, 0xff, 0x08, 0x08, 0x08, 0xff,
    0x08, 0x0c, 0x08, 0xff, 0x10, 0x08, 0x10, 0xff, 0x08, 0x08, 0x08, 0xff,
    0x08, 0x0c, 0x08, 0xff, 0x10, 0x08, 0x10, 0xff, 0x08, 0x08, 0x08, 0xff,
    0x08, 0x0c, 0x08, 0xff, 0x10, 0x08, 0x10, 0xff, 0x08, 0x0c, 0x08, 0xff,
    0x08, 0x0c, 0x08, 0xff, 0x08, 0x08, 0x08, 0xff, 0x08, 0x0c, 0x08, 0xff,
    0x08, 0x0c, 0x08, 0xff, 0x08, 0x08, 0x08, 0xff, 0x10, 0x08, 0x10, 0xff,
    0x08, 0x0c, 0x08, 0xff, 0x08, 0x08, 0x08, 0xff, 0x30, 0x34, 0x30, 0xff,
    0x30, 0x30, 0x30, 0xff, 0x38, 0x34, 0x38, 0xff, 0x30, 0x30, 0x30, 0xff,
    0x00, 0x00, 0x00, 0x00, 0x00, 0x00, 0x00, 0x00, 0x00, 0x00, 0x00, 0x00,
    0x00, 0x00, 0x00, 0x00, 0x00, 0x00, 0x00, 0x00, 0x00, 0x00, 0x00, 0x00,
    0x00, 0x00, 0x00, 0x00, 0x00, 0x00, 0x00, 0x00, 0x00, 0x00, 0x00, 0x00,
    0x00, 0x00, 0x00, 0x00, 0x00, 0x00, 0x00, 0x00, 0x00, 0x00, 0x00, 0x00,
    0x00, 0x00, 0x00, 0x00, 0x00, 0x00, 0x00, 0x00, 0x00, 0x00, 0x00, 0x00,
    0x00, 0x00, 0x00, 0x00, 0x30, 0x34, 0x30, 0xff, 0x30, 0x34, 0x30, 0xff,
    0x38, 0x30, 0x38, 0xff, 0x38, 0x34, 0x38, 0xff, 0x08, 0x08, 0x08, 0xff,
    0x08, 0x08, 0x08, 0xff, 0x10, 0x0c, 0x10, 0xff, 0x08, 0x0c, 0x08, 0xff,
    0x10, 0x08, 0x10, 0xff, 0x10, 0x0c, 0x10, 0xff, 0x08, 0x08, 0x08, 0xff,
    0x08, 0x0c, 0x08, 0xff, 0x08, 0x0c, 0x08, 0xff, 0x10, 0x08, 0x10, 0xff,
    0x08, 0x0c, 0x08, 0xff, 0x08, 0x08, 0x08, 0xff, 0x10, 0x08, 0x10, 0xff,
    0x08, 0x08, 0x08, 0xff, 0x08, 0x0c, 0x08, 0xff, 0x08, 0x08, 0x08, 0xff,
    0x08, 0x08, 0x08, 0xff, 0x08, 0x0c, 0x08, 0xff, 0x08, 0x0c, 0x08, 0xff,
    0x08, 0x08, 0x08, 0xff, 0x08, 0x0c, 0x08, 0xff, 0x08, 0x0c, 0x08, 0xff,
    0x08, 0x08, 0x08, 0xff, 0x08, 0x0c, 0x08, 0xff, 0x08, 0x08, 0x08, 0xff,
    0x08, 0x0c, 0x08, 0xff, 0x08, 0x08, 0x08, 0xff, 0x08, 0x0c, 0x08, 0xff,
    0x10, 0x08, 0x10, 0xff, 0x08, 0x08, 0x08, 0xff, 0x08, 0x0c, 0x08, 0xff,
    0x10, 0x08, 0x10, 0xff, 0x08, 0x08, 0x08, 0xff, 0x08, 0x0c, 0x08, 0xff,
    0x08, 0x0c, 0x08, 0xff, 0x10, 0x08, 0x10, 0xff, 0x08, 0x0c, 0x08, 0xff,
    0x08, 0x0c, 0x08, 0xff, 0x08, 0x08, 0x08, 0xff, 0x10, 0x0c, 0x10, 0xff,
    0x08, 0x0c, 0x08, 0xff, 0x08, 0x08, 0x08, 0xff, 0x10, 0x0c, 0x10, 0xff,
    0x08, 0x08, 0x08, 0xff, 0x08, 0x0c, 0x08, 0xff, 0x10, 0x08, 0x10, 0xff,
    0x08, 0x08, 0x08, 0xff, 0x08, 0x0c, 0x08, 0xff, 0x08, 0x08, 0x08, 0xff,
    0x08, 0x0c, 0x08, 0xff, 0x10, 0x08, 0x10, 0xff, 0x08, 0x0c, 0x08, 0xff,
    0x08, 0x0c, 0x08, 0xff, 0x08, 0x08, 0x08, 0xff, 0x08, 0x0c, 0x08, 0xff,
    0x08, 0x08, 0x08, 0xff, 0x38, 0x34, 0x38, 0xff, 0x30, 0x34, 0x30, 0xff,
    0x30, 0x34, 0x30, 0xff, 0x30, 0x34, 0x30, 0xff, 0x00, 0x00, 0x00, 0x00,
    0x00, 0x00, 0x00, 0x00, 0x00, 0x00, 0x00, 0x00, 0x00, 0x00, 0x00, 0x00,
    0x00, 0x00, 0x00, 0x00, 0x00, 0x00, 0x00, 0x00, 0x00, 0x00, 0x00, 0x00,
    0x00, 0x00, 0x00, 0x00, 0x58, 0x54, 0x58, 0xff, 0x58, 0x54, 0x58, 0xff,
    0x50, 0x54, 0x50, 0xff, 0x58, 0x54, 0x58, 0xff, 0x58, 0x54, 0x58, 0xff,
    0x58, 0x54, 0x58, 0xff, 0x58, 0x54, 0x58, 0xff, 0x58, 0x54, 0x58, 0xff,
    0x58, 0x54, 0x58, 0xff, 0x58, 0x54, 0x58, 0xff, 0x58, 0x54, 0x58, 0xff,
    0x58, 0x54, 0x58, 0xff, 0x58, 0x54, 0x58, 0xff, 0x58, 0x54, 0x58, 0xff,
    0x58, 0x54, 0x58, 0xff, 0x58, 0x54, 0x58, 0xff, 0x58, 0x54, 0x58, 0xff,
    0x58, 0x54, 0x58, 0xff, 0x58, 0x54, 0x58, 0xff, 0x58, 0x54, 0x58, 0xff,
    0x08, 0x0c, 0x08, 0xff, 0x08, 0x08, 0x08, 0xff, 0x10, 0x0c, 0x10, 0xff,
    0x08, 0x0c, 0x08, 0xff, 0x08, 0x08, 0x08, 0xff, 0x08, 0x0c, 0x08, 0xff,
    0x10, 0x08, 0x10, 0xff, 0x10, 0x0c, 0x10, 0xff, 0x08, 0x08, 0x08, 0xff,
    0x10, 0x08, 0x10, 0xff, 0x08, 0x0c, 0x08, 0xff, 0x10, 0x08, 0x10, 0xff,
    0x08, 0x0c, 0x08, 0xff, 0x10, 0x08, 0x10, 0xff, 0x08, 0x0c, 0x08, 0xff,
    0x10, 0x08, 0x10, 0xff, 0x10, 0x0c, 0x10, 0xff, 0x08, 0x08, 0x08, 0xff,
    0x08, 0x0c, 0x08, 0xff, 0x10, 0x0c, 0x10, 0xff, 0x08, 0x08, 0x08, 0xff,
    0x08, 0x0c, 0x08, 0xff, 0x10, 0x0c, 0x10, 0xff, 0x08, 0x08, 0x08, 0xff,
    0x10, 0x08, 0x10, 0xff, 0x08, 0x0c, 0x08, 0xff, 0x08, 0x08, 0x08, 0xff,
    0x10, 0x08, 0x10, 0xff, 0x08, 0x0c, 0x08, 0xff, 0x08, 0x08, 0x08, 0xff,
    0x10, 0x08, 0x10, 0xff, 0x08, 0x0c, 0x08, 0xff, 0x08, 0x08, 0x08, 0xff,
    0x08, 0x0c, 0x08, 0xff, 0x08, 0x08, 0x08, 0xff, 0x08, 0x0c, 0x08, 0xff,
    0x08, 0x0c, 0x08, 0xff, 0x08, 0x08, 0x08, 0xff, 0x08, 0x0c, 0x08, 0xff,
    0x10, 0x08, 0x10, 0xff, 0x08, 0x0c, 0x08, 0xff, 0x08, 0x08, 0x08, 0xff,
    0x10, 0x08, 0x10, 0xff, 0x08, 0x0c, 0x08, 0xff, 0x08, 0x08, 0x08, 0xff,
    0x10, 0x0c, 0x10, 0xff, 0x08, 0x08, 0x08, 0xff, 0x08, 0x08, 0x08, 0xff,
    0x38, 0x34, 0x38, 0xff, 0x38, 0x34, 0x38, 0xff, 0x30, 0x30, 0x30, 0xff,
    0x38, 0x34, 0x38, 0xff, 0x00, 0x00, 0x00, 0x00, 0x00, 0x00, 0x00, 0x00,
    0x00, 0x00, 0x00, 0x00, 0x00, 0x00, 0x00, 0x00, 0x00, 0x00, 0x00, 0x00,
    0x00, 0x00, 0x00, 0x00, 0x00, 0x00, 0x00, 0x00, 0x00, 0x00, 0x00, 0x00,
    0x50, 0x54, 0x50, 0xff, 0x58, 0x54, 0x58, 0xff, 0x58, 0x54, 0x58, 0xff,
    0x50, 0x54, 0x50, 0xff, 0x50, 0x54, 0x50, 0xff, 0x58, 0x54, 0x58, 0xff,
    0x50, 0x54, 0x50, 0xff, 0x50, 0x54, 0x50, 0xff, 0x58, 0x54, 0x58, 0xff,
    0x50, 0x54, 0x50, 0xff, 0x50, 0x54, 0x50, 0xff, 0x50, 0x58, 0x50, 0xff,
    0x58, 0x54, 0x58, 0xff, 0x50, 0x54, 0x50, 0xff, 0x50, 0x54, 0x50, 0xff,
    0x58, 0x54, 0x58, 0xff, 0x50, 0x54, 0x50, 0xff, 0x50, 0x54, 0x50, 0xff,
    0x58, 0x54, 0x58, 0xff, 0x58, 0x54, 0x58, 0xff, 0x08, 0x0c, 0x08, 0xff,
    0x08, 0x08, 0x08, 0xff, 0x08, 0x08, 0x08, 0xff, 0x08, 0x0c, 0x08, 0xff,
    0x08, 0x0c, 0x08, 0xff, 0x08, 0x08, 0x08, 0xff, 0x08, 0x0c, 0x08, 0xff,
    0x08, 0x0c, 0x08, 0xff, 0x08, 0x08, 0x08, 0xff, 0x08, 0x0c, 0x08, 0xff,
    0x10, 0x08, 0x10, 0xff, 0x08, 0x0c, 0x08, 0xff, 0x08, 0x08, 0x08, 0xff,
    0x08, 0x08, 0x08, 0xff, 0x08, 0x0c, 0x08, 0xff, 0x08, 0x0c, 0x08, 0xff,
    0x08, 0x08, 0x08, 0xff, 0x08, 0x08, 0x08, 0xff, 0x10, 0x0c, 0x10, 0xff,
    0x08, 0x08, 0x08, 0xff, 0x08, 0x08, 0x08, 0xff, 0x08, 0x0c, 0x08, 0xff,
    0x08, 0x0c, 0x08, 0xff, 0x08, 0x08, 0x08, 0xff, 0x08, 0x0c, 0x08, 0xff,
    0x08, 0x0c, 0x08, 0xff, 0x08, 0x08, 0x08, 0xff, 0x08, 0x0c, 0x08, 0xff,
    0x08, 0x0c, 0x08, 0xff, 0x08, 0x08, 0x08, 0xff, 0x08, 0x0c, 0x08, 0xff,
    0x10, 0x08, 0x10, 0xff, 0x08, 0x08, 0x08, 0xff, 0x10, 0x0c, 0x10, 0xff,
    0x08, 0x08, 0x08, 0xff, 0x10, 0x08, 0x10, 0xff, 0x10, 0x0c, 0x10, 0xff,
    0x08, 0x0c, 0x08, 0xff, 0x08, 0x08, 0x08, 0xff, 0x10, 0x0c, 0x10, 0xff,
    0x08, 0x0c, 0x08, 0xff, 0x08, 0x08, 0x08, 0xff, 0x08, 0x0c, 0x08, 0xff,
    0x08, 0x08, 0x08, 0xff, 0x10, 0x08, 0x10, 0xff, 0x08, 0x0c, 0x08, 0xff,
    0x08, 0x0c, 0x08, 0xff, 0x08, 0x08, 0x08, 0xff, 0x30, 0x34, 0x30, 0xff,
    0x30, 0x34, 0x30, 0xff, 0x38, 0x34, 0x38, 0xff, 0x30, 0x30, 0x30, 0xff,
    0x00, 0x00, 0x00, 0x00, 0x00, 0x00, 0x00, 0x00, 0x00, 0x00, 0x00, 0x00,
    0x00, 0x00, 0x00, 0x00, 0x00, 0x00, 0x00, 0x00, 0x00, 0x00, 0x00, 0x00,
    0x00, 0x00, 0x00, 0x00, 0x00, 0x00, 0x00, 0x00, 0x58, 0x54, 0x58, 0xff,
    0x50, 0x54, 0x50, 0xff, 0x58, 0x58, 0x58, 0xff, 0x58, 0x54, 0x58, 0xff,
    0x50, 0x58, 0x50, 0xff, 0x58, 0x54, 0x58, 0xff, 0x58, 0x54, 0x58, 0xff,
    0x50, 0x58, 0x50, 0xff, 0x58, 0x54, 0x58, 0xff, 0x58, 0x54, 0x58, 0xff,
    0x58, 0x58, 0x58, 0xff, 0x58, 0x54, 0x58, 0xff, 0x50, 0x54, 0x50, 0xff,
    0x58, 0x58, 0x58, 0xff, 0x58, 0x58, 0x58, 0xff, 0x50, 0x54, 0x50, 0xff,
    0x58, 0x58, 0x58, 0xff, 0x58, 0x58, 0x58, 0xff, 0x50, 0x54, 0x50, 0xff,
    0x58, 0x54, 0x58, 0xff, 0x08, 0x0c, 0x08, 0xff, 0x08, 0x0c, 0x08, 0xff,
    0x10, 0x08, 0x10, 0xff, 0x08, 0x08, 0x08, 0xff, 0x10, 0x0c, 0x10, 0xff,
    0x10, 0x08, 0x10, 0xff, 0x08, 0x08, 0x08, 0xff, 0x08, 0x0c, 0x08, 0xff,
    0x08, 0x0c, 0x08, 0xff, 0x08, 0x08, 0x08, 0xff, 0x08, 0x0c, 0x08, 0xff,
    0x08, 0x0c, 0x08, 0xff, 0x10, 0x08, 0x10, 0xff, 0x08, 0x0c, 0x08, 0xff,
    0x08, 0x08, 0x08, 0xff, 0x10, 0x0c, 0x10, 0xff, 0x08, 0x08, 0x08, 0xff,
    0x08, 0x0c, 0x08, 0xff, 0x08, 0x0c, 0x08, 0xff, 0x08, 0x08, 0x08, 0xff,
    0x10, 0x08, 0x10, 0xff, 0x08, 0x0c, 0x08, 0xff, 0x08, 0x08, 0x08, 0xff,
    0x10, 0x08, 0x10, 0xff, 0x08, 0x0c, 0x08, 0xff, 0x10, 0x08, 0x10, 0xff,
    0x08, 0x0c, 0x08, 0xff, 0x10, 0x08, 0x10, 0xff, 0x08, 0x08, 0x08, 0xff,
    0x08, 0x0c, 0x08, 0xff, 0x10, 0x0c, 0x10, 0xff, 0x08, 0x08, 0x08, 0xff,
    0x08, 0x0c, 0x08, 0xff, 0x08, 0x0c, 0x08, 0xff, 0x08, 0x08, 0x08, 0xff,
    0x08, 0x08, 0x08, 0xff, 0x08, 0x0c, 0x08, 0xff, 0x08, 0x08, 0x08, 0xff,
    0x08, 0x08, 0x08, 0xff, 0x08, 0x0c, 0x08, 0xff, 0x10, 0x08, 0x10, 0xff,
    0x08, 0x0c, 0x08, 0xff, 0x08, 0x0c, 0x08, 0xff, 0x10, 0x08, 0x10, 0xff,
    0x08, 0x0c, 0x08, 0xff, 0x08, 0x08, 0x08, 0xff, 0x10, 0x0c, 0x10, 0xff,
    0x08, 0x08, 0x08, 0xff, 0x38, 0x34, 0x38, 0xff, 0x30, 0x34, 0x30, 0xff,
    0x30, 0x34, 0x30, 0xff, 0x38, 0x34, 0x38, 0xff, 0x00, 0x00, 0x00, 0x00,
    0x00, 0x00, 0x00, 0x00, 0x00, 0x00, 0x00, 0x00, 0x00, 0x00, 0x00, 0x00,
    0x00, 0x00, 0x00, 0x00, 0x00, 0x00, 0x00, 0x00, 0x00, 0x00, 0x00, 0x00,
    0x00, 0x00, 0x00, 0x00, 0x58, 0x54, 0x58, 0xff, 0x50, 0x54, 0x50, 0xff,
    0x58, 0x54, 0x58, 0xff, 0x58, 0x54, 0x58, 0xff, 0x50, 0x58, 0x50, 0xff,
    0x58, 0x54, 0x58, 0xff, 0x58, 0x54, 0x58, 0xff, 0x58, 0x58, 0x58, 0xff,
    0x50, 0x54, 0x50, 0xff, 0x58, 0x54, 0x58, 0xff, 0x58, 0x54, 0x58, 0xff,
    0x50, 0x54, 0x50, 0xff, 0x58, 0x54, 0x58, 0xff, 0x58, 0x54, 0x58, 0xff,
    0x58, 0x54, 0x58, 0xff, 0x50, 0x54, 0x50, 0xff, 0x58, 0x54, 0x58, 0xff,
    0x58, 0x54, 0x58, 0xff, 0x50, 0x54, 0x50, 0xff, 0x58, 0x54, 0x58, 0xff,
    0x08, 0x0c, 0x08, 0xff, 0x08, 0x0c, 0x08, 0xff, 0x08, 0x08, 0x08, 0xff,
    0x08, 0x0c, 0x08, 0xff, 0x08, 0x0c, 0x08, 0xff, 0x08, 0x08, 0x08, 0xff,
    0x10, 0x08, 0x10, 0xff, 0x08, 0x0c, 0x08, 0xff, 0x10, 0x08, 0x10, 0xff,
    0x10, 0x08, 0x10, 0xff, 0x08, 0x0c, 0x08, 0xff, 0x08, 0x08, 0x08, 0xff,
    0x10, 0x0c, 0x10, 0xff, 0x08, 0x08, 0x08, 0xff, 0x08, 0x0c, 0x08, 0xff,
    0x10, 0x08, 0x10, 0xff, 0x08, 0x08, 0x08, 0xff, 0x08, 0x0c, 0x08, 0xff,
    0x10, 0x08, 0x10, 0xff, 0x08, 0x0c, 0x08, 0xff, 0x08, 0x0c, 0x08, 0xff,
    0x10, 0x08, 0x10, 0xff, 0x08, 0x0c, 0x08, 0xff, 0x08, 0x0c, 0x08, 0xff,
    0x10, 0x08, 0x10, 0xff, 0x08, 0x08, 0x08, 0xff, 0x08, 0x0c, 0x08, 0xff,
    0x10, 0x0c, 0x10, 0xff, 0x08, 0x08, 0x08, 0xff, 0x08, 0x0c, 0x08, 0xff,
    0x08, 0x08, 0x08, 0xff, 0x08, 0x08, 0x08, 0xff, 0x08, 0x0c, 0x08, 0xff,
    0x10, 0x0c, 0x10, 0xff, 0x08, 0x08, 0x08, 0xff, 0x08, 0x0c, 0x08, 0xff,
    0x10, 0x0c, 0x10, 0xff, 0x08, 0x08, 0x08, 0xff, 0x08, 0x0c, 0x08, 0xff,
    0x10, 0x08, 0x10, 0xff, 0x08, 0x08, 0x08, 0xff, 0x08, 0x0c, 0x08, 0xff,
    0x08, 0x08, 0x08, 0xff, 0x08, 0x0c, 0x08, 0xff, 0x08, 0x08, 0x08, 0xff,
    0x08, 0x0c, 0x08, 0xff, 0x08, 0x08, 0x08, 0xff, 0x10, 0x08, 0x10, 0xff,
    0x30, 0x34, 0x30, 0xff, 0x38, 0x34, 0x38, 0xff, 0x30, 0x30, 0x30, 0xff,
    0x30, 0x34, 0x30, 0xff, 0x00, 0x00, 0x00, 0x00, 0x00, 0x00, 0x00, 0x00,
    0x00, 0x00, 0x00, 0x00, 0x00, 0x00, 0x00, 0x00, 0x00, 0x00, 0x00, 0x00,
    0x00, 0x00, 0x00, 0x00, 0x00, 0x00, 0x00, 0x00, 0x00, 0x00, 0x00, 0x00,
    0x00, 0x00, 0x00, 0x00, 0x00, 0x00, 0x00, 0x00, 0x00, 0x00, 0x00, 0x00,
    0x00, 0x00, 0x00, 0x00, 0x00, 0x00, 0x00, 0x00, 0x00, 0x00, 0x00, 0x00,
    0x00, 0x00, 0x00, 0x00, 0x00, 0x00, 0x00, 0x00, 0x30, 0x34, 0x30, 0xff,
    0x30, 0x34, 0x30, 0xff, 0x30, 0x34, 0x30, 0xff, 0x30, 0x34, 0x30, 0xff,
    0x08, 0x0c, 0x08, 0xff, 0x08, 0x0c, 0x08, 0xff, 0x08, 0x0c, 0x08, 0xff,
    0x08, 0x0c, 0x08, 0xff, 0x08, 0x0c, 0x08, 0xff, 0x08, 0x0c, 0x08, 0xff,
    0x08, 0x0c, 0x08, 0xff, 0x08, 0x08, 0x08, 0xff, 0x08, 0x08, 0x08, 0xff,
    0x10, 0x0c, 0x10, 0xff, 0x08, 0x08, 0x08, 0xff, 0x08, 0x08, 0x08, 0xff,
    0x08, 0x0c, 0x08, 0xff, 0x08, 0x0c, 0x08, 0xff, 0x08, 0x08, 0x08, 0xff,
    0x08, 0x0c, 0x08, 0xff, 0x08, 0x08, 0x08, 0xff, 0x08, 0x0c, 0x08, 0xff,
    0x08, 0x08, 0x08, 0xff, 0x08, 0x08, 0x08, 0xff, 0x08, 0x0c, 0x08, 0xff,
    0x08, 0x08, 0x08, 0xff, 0x08, 0x0c, 0x08, 0xff, 0x08, 0x0c, 0x08, 0xff,
    0x08, 0x08, 0x08, 0xff, 0x10, 0x0c, 0x10, 0xff, 0x08, 0x08, 0x08, 0xff,
    0x08, 0x08, 0x08, 0xff, 0x08, 0x0c, 0x08, 0xff, 0x08, 0x08, 0x08, 0xff,
    0x08, 0x08, 0x08, 0xff, 0x08, 0x0c, 0x08, 0xff, 0x08, 0x0c, 0x08, 0xff,
    0x08, 0x08, 0x08, 0xff, 0x08, 0x0c, 0x08, 0xff, 0x08, 0x08, 0x08, 0xff,
    0x10, 0x0c, 0x10, 0xff, 0x08, 0x08, 0x08, 0xff, 0x08, 0x0c, 0x08, 0xff,
    0x10, 0x08, 0x10, 0xff, 0x08, 0x08, 0x08, 0xff, 0x08, 0x0c, 0x08, 0xff,
    0x10, 0x08, 0x10, 0xff, 0x08, 0x0c, 0x08, 0xff, 0x08, 0x08, 0x08, 0xff,
    0x10, 0x0c, 0x10, 0xff, 0x08, 0x0c, 0x08, 0xff, 0x08, 0x08, 0x08, 0xff,
    0x08, 0x0c, 0x08, 0xff, 0x10, 0x08, 0x10, 0xff, 0x08, 0x08, 0x08, 0xff,
    0x10, 0x0c, 0x10, 0xff, 0x08, 0x0c, 0x08, 0xff, 0x08, 0x08, 0x08, 0xff,
    0x08, 0x0c, 0x08, 0xff, 0x08, 0x0c, 0x08, 0xff, 0x38, 0x34, 0x38, 0xff,
    0x30, 0x34, 0x30, 0xff, 0x38, 0x30, 0x38, 0xff, 0x30, 0x34, 0x30, 0xff,
    0x00, 0x00, 0x00, 0x00, 0x00, 0x00, 0x00, 0x00, 0x00, 0x00, 0x00, 0x00,
    0x00, 0x00, 0x00, 0x00, 0x00, 0x00, 0x00, 0x00, 0x00, 0x00, 0x00, 0x00,
    0x00, 0x00, 0x00, 0x00, 0x00, 0x00, 0x00, 0x00, 0x00, 0x00, 0x00, 0x00,
    0x00, 0x00, 0x00, 0x00, 0x00, 0x00, 0x00, 0x00, 0x00, 0x00, 0x00, 0x00,
    0x00, 0x00, 0x00, 0x00, 0x00, 0x00, 0x00, 0x00, 0x00, 0x00, 0x00, 0x00,
    0x00, 0x00, 0x00, 0x00, 0x30, 0x34, 0x30, 0xff, 0x30, 0x34, 0x30, 0xff,
    0x38, 0x34, 0x38, 0xff, 0x30, 0x34, 0x30, 0xff, 0x08, 0x08, 0x08, 0xff,
    0x08, 0x0c, 0x08, 0xff, 0x08, 0x08, 0x08, 0xff, 0x08, 0x08, 0x08, 0xff,
    0x08, 0x0c, 0x08, 0xff, 0x08, 0x08, 0x08, 0xff, 0x08, 0x0c, 0x08, 0xff,
    0x08, 0x0c, 0x08, 0xff, 0x10, 0x08, 0x10, 0xff, 0x08, 0x0c, 0x08, 0xff,
    0x08, 0x0c, 0x08, 0xff, 0x10, 0x08, 0x10, 0xff, 0x10, 0x08, 0x10, 0xff,
    0x08, 0x0c, 0x08, 0xff, 0x08, 0x0c, 0x08, 0xff, 0x10, 0x08, 0x10, 0xff,
    0x08, 0x0c, 0x08, 0xff, 0x08, 0x0c, 0x08, 0xff, 0x10, 0x08, 0x10, 0xff,
    0x08, 0x0c, 0x08, 0xff, 0x10, 0x0c, 0x10, 0xff, 0x08, 0x08, 0x08, 0xff,
    0x10, 0x08, 0x10, 0xff, 0x08, 0x0c, 0x08, 0xff, 0x08, 0x0c, 0x08, 0xff,
    0x08, 0x08, 0x08, 0xff, 0x08, 0x0c, 0x08, 0xff, 0x10, 0x0c, 0x10, 0xff,
    0x08, 0x08, 0x08, 0xff, 0x10, 0x0c, 0x10, 0xff, 0x08, 0x08, 0x08, 0xff,
    0x10, 0x08, 0x10, 0xff, 0x08, 0x0c, 0x08, 0xff, 0x08, 0x08, 0x08, 0xff,
    0x10, 0x08, 0x10, 0xff, 0x08, 0x0c, 0x08, 0xff, 0x08, 0x08, 0x08, 0xff,
    0x10, 0x0c, 0x10, 0xff, 0x08, 0x0c, 0x08, 0xff, 0x08, 0x08, 0x08, 0xff,
    0x10, 0x0c, 0x10, 0xff, 0x08, 0x08, 0x08, 0xff, 0x08, 0x0c, 0x08, 0xff,
    0x08, 0x08, 0x08, 0xff, 0x08, 0x08, 0x08, 0xff, 0x08, 0x0c, 0x08, 0xff,
    0x10, 0x08, 0x10, 0xff, 0x08, 0x0c, 0x08, 0xff, 0x08, 0x0c, 0x08, 0xff,
    0x08, 0x08, 0x08, 0xff, 0x10, 0x0c, 0x10, 0xff, 0x08, 0x08, 0x08, 0xff,
    0x10, 0x08, 0x10, 0xff, 0x08, 0x0c, 0x08, 0xff, 0x08, 0x08, 0x08, 0xff,
    0x08, 0x08, 0x08, 0xff, 0x38, 0x34, 0x38, 0xff, 0x30, 0x34, 0x30, 0xff,
    0x30, 0x34, 0x30, 0xff, 0x38, 0x34, 0x38, 0xff, 0x00, 0x00, 0x00, 0x00,
    0x00, 0x00, 0x00, 0x00, 0x00, 0x00, 0x00, 0x00, 0x00, 0x00, 0x00, 0x00,
    0x00, 0x00, 0x00, 0x00, 0x00, 0x00, 0x00, 0x00, 0x00, 0x00, 0x00, 0x00,
    0x00, 0x00, 0x00, 0x00, 0x00, 0x00, 0x00, 0x00, 0x00, 0x00, 0x00, 0x00,
    0x00, 0x00, 0x00, 0x00, 0x00, 0x00, 0x00, 0x00, 0x00, 0x00, 0x00, 0x00,
    0x00, 0x00, 0x00, 0x00, 0x00, 0x00, 0x00, 0x00, 0x00, 0x00, 0x00, 0x00,
    0x30, 0x34, 0x30, 0xff, 0x38, 0x34, 0x38, 0xff, 0x30, 0x34, 0x30, 0xff,
    0x38, 0x34, 0x38, 0xff, 0x08, 0x08, 0x08, 0xff, 0x08, 0x08, 0x08, 0xff,
    0x10, 0x0c, 0x10, 0xff, 0x08, 0x08, 0x08, 0xff, 0x10, 0x08, 0x10, 0xff,
    0x08, 0x08, 0x08, 0xff, 0x08, 0x08, 0x08, 0xff, 0x10, 0x0c, 0x10, 0xff,
    0x08, 0x08, 0x08, 0xff, 0x08, 0x08, 0x08, 0xff, 0x08, 0x0c, 0x08, 0xff,
    0x08, 0x0c, 0x08, 0xff, 0x08, 0x08, 0x08, 0xff, 0x10, 0x08, 0x10, 0xff,
    0x08, 0x0c, 0x08, 0xff, 0x08, 0x08, 0x08, 0xff, 0x10, 0x08, 0x10, 0xff,
    0x08, 0x0c, 0x08, 0xff, 0x08, 0x08, 0x08, 0xff, 0x10, 0x0c, 0x10, 0xff,
    0x08, 0x08, 0x08, 0xff, 0x08, 0x0c, 0x08, 0xff, 0x08, 0x08, 0x08, 0xff,
    0x10, 0x08, 0x10, 0xff, 0x08, 0x0c, 0x08, 0xff, 0x08, 0x08, 0x08, 0xff,
    0x10, 0x08, 0x10, 0xff, 0x08, 0x0c, 0x08, 0xff, 0x08, 0x08, 0x08, 0xff,
    0x08, 0x0c, 0x08, 0xff, 0x10, 0x0c, 0x10, 0xff, 0x08, 0x08, 0x08, 0xff,
    0x08, 0x0c, 0x08, 0xff, 0x10, 0x0c, 0x10, 0xff, 0x08, 0x08, 0x08, 0xff,
    0x08, 0x0c, 0x08, 0xff, 0x08, 0x08, 0x08, 0xff, 0x08, 0x08, 0x08, 0xff,
    0x08, 0x0c, 0x08, 0xff, 0x08, 0x0c, 0x08, 0xff, 0x08, 0x08, 0x08, 0xff,
    0x10, 0x0c, 0x10, 0xff, 0x08, 0x0c, 0x08, 0xff, 0x08, 0x08, 0x08, 0xff,
    0x10, 0x0c, 0x10, 0xff, 0x08, 0x08, 0x08, 0xff, 0x08, 0x08, 0x08, 0xff,
    0x10, 0x0c, 0x10, 0xff, 0x08, 0x08, 0x08, 0xff, 0x08, 0x0c, 0x08, 0xff,
    0x08, 0x0c, 0x08, 0xff, 0x08, 0x08, 0x08, 0xff, 0x08, 0x0c, 0x08, 0xff,
    0x10, 0x0c, 0x10, 0xff, 0x08, 0x08, 0x08, 0xff, 0x08, 0x08, 0x08, 0xff,
    0x38, 0x34, 0x38, 0xff, 0x30, 0x34, 0x30, 0xff, 0x30, 0x30, 0x30, 0xff,
    0x38, 0x34, 0x38, 0xff, 0x00, 0x00, 0x00, 0x00, 0x00, 0x00, 0x00, 0x00,
    0x00, 0x00, 0x00, 0x00, 0x00, 0x00, 0x00, 0x00, 0x00, 0x00, 0x00, 0x00,
    0x00, 0x00, 0x00, 0x00, 0x00, 0x00, 0x00, 0x00, 0x00, 0x00, 0x00, 0x00,
    0x00, 0x00, 0x00, 0x00, 0x00, 0x00, 0x00, 0x00, 0x00, 0x00, 0x00, 0x00,
    0x00, 0x00, 0x00, 0x00, 0x00, 0x00, 0x00, 0x00, 0x00, 0x00, 0x00, 0x00,
    0x00, 0x00, 0x00, 0x00, 0x00, 0x00, 0x00, 0x00, 0x30, 0x34, 0x30, 0xff,
    0x30, 0x34, 0x30, 0xff, 0x38, 0x30, 0x38, 0xff, 0x30, 0x34, 0x30, 0xff,
    0x08, 0x0c, 0x08, 0xff, 0x10, 0x08, 0x10, 0xff, 0x08, 0x0c, 0x08, 0xff,
    0x08, 0x0c, 0x08, 0xff, 0x08, 0x0c, 0x08, 0xff, 0x10, 0x0c, 0x10, 0xff,
    0x08, 0x08, 0x08, 0xff, 0x08, 0x0c, 0x08, 0xff, 0x08, 0x0c, 0x08, 0xff,
    0x10, 0x08, 0x10, 0xff, 0x08, 0x08, 0x08, 0xff, 0x08, 0x0c, 0x08, 0xff,
    0x08, 0x0c, 0x08, 0xff, 0x08, 0x08, 0x08, 0xff, 0x08, 0x0c, 0x08, 0xff,
    0x08, 0x0c, 0x08, 0xff, 0x08, 0x08, 0x08, 0xff, 0x08, 0x08, 0x08, 0xff,
    0x08, 0x0c, 0x08, 0xff, 0x08, 0x08, 0x08, 0xff, 0x08, 0x0c, 0x08, 0xff,
    0x08, 0x0c, 0x08, 0xff, 0x08, 0x08, 0x08, 0xff, 0x10, 0x0c, 0x10, 0xff,
    0x08, 0x0c, 0x08, 0xff, 0x08, 0x08, 0x08, 0xff, 0x10, 0x0c, 0x10, 0xff,
    0x08, 0x08, 0x08, 0xff, 0x08, 0x0c, 0x08, 0xff, 0x08, 0x08, 0x08, 0xff,
    0x08, 0x0c, 0x08, 0xff, 0x08, 0x08, 0x08, 0xff, 0x08, 0x08, 0x08, 0xff,
    0x08, 0x0c, 0x08, 0xff, 0x08, 0x0c, 0x08, 0xff, 0x10, 0x08, 0x10, 0xff,
    0x08, 0x0c, 0x08, 0xff, 0x08, 0x08, 0x08, 0xff, 0x10, 0x08, 0x10, 0xff,
    0x08, 0x0c, 0x08, 0xff, 0x08, 0x08, 0x08, 0xff, 0x08, 0x08, 0x08, 0xff,
    0x10, 0x0c, 0x10, 0xff, 0x08, 0x08, 0x08, 0xff, 0x08, 0x0c, 0x08, 0xff,
    0x08, 0x0c, 0x08, 0xff, 0x08, 0x08, 0x08, 0xff, 0x08, 0x08, 0x08, 0xff,
    0x10, 0x0c, 0x10, 0xff, 0x08, 0x08, 0x08, 0xff, 0x08, 0x08, 0x08, 0xff,
    0x08, 0x0c, 0x08, 0xff, 0x08, 0x08, 0x08, 0xff, 0x10, 0x0c, 0x10, 0xff,
    0x08, 0x0c, 0x08, 0xff, 0x08, 0x08, 0x08, 0xff, 0x38, 0x34, 0x38, 0xff,
    0x30, 0x34, 0x30, 0xff, 0x30, 0x34, 0x30, 0xff, 0x30, 0x30, 0x30, 0xff,
    0x00, 0x00, 0x00, 0x00, 0x00, 0x00, 0x00, 0x00, 0x00, 0x00, 0x00, 0x00,
    0x00, 0x00, 0x00, 0x00, 0x00, 0x00, 0x00, 0x00, 0x00, 0x00, 0x00, 0x00,
    0x00, 0x00, 0x00, 0x00, 0x00, 0x00, 0x00, 0x00, 0x00, 0x00, 0x00, 0x00,
    0x00, 0x00, 0x00, 0x00, 0x00, 0x00, 0x00, 0x00, 0x00, 0x00, 0x00, 0x00,
    0x00, 0x00, 0x00, 0x00, 0x00, 0x00, 0x00, 0x00, 0x00, 0x00, 0x00, 0x00,
    0x00, 0x00, 0x00, 0x00, 0x30, 0x34, 0x30, 0xff, 0x38, 0x34, 0x38, 0xff,
    0x30, 0x30, 0x30, 0xff, 0x30, 0x34, 0x30, 0xff, 0x08, 0x08, 0x08, 0xff,
    0x08, 0x0c, 0x08, 0xff, 0x08, 0x08, 0x08, 0xff, 0x08, 0x08, 0x08, 0xff,
    0x08, 0x0c, 0x08, 0xff, 0x10, 0x08, 0x10, 0xff, 0x08, 0x0c, 0x08, 0xff,
    0x08, 0x08, 0x08, 0xff, 0x10, 0x0c, 0x10, 0xff, 0x08, 0x0c, 0x08, 0xff,
    0x08, 0x08, 0x08, 0xff, 0x10, 0x08, 0x10, 0xff, 0x10, 0x0c, 0x10, 0xff,
    0x08, 0x08, 0x08, 0xff, 0x10, 0x08, 0x10, 0xff, 0x08, 0x0c, 0x08, 0xff,
    0x10, 0x0c, 0x10, 0xff, 0x08, 0x08, 0x08, 0xff, 0x10, 0x0c, 0x10, 0xff,
    0x08, 0x08, 0x08, 0xff, 0x10, 0x08, 0x10, 0xff, 0x08, 0x0c, 0x08, 0xff,
    0x08, 0x08, 0x08, 0xff, 0x08, 0x08, 0x08, 0xff, 0x08, 0x0c, 0x08, 0xff,
    0x08, 0x08, 0x08, 0xff, 0x08, 0x0c, 0x08, 0xff, 0x10, 0x0c, 0x10, 0xff,
    0x08, 0x08, 0x08, 0xff, 0x10, 0x08, 0x10, 0xff, 0x08, 0x0c, 0x08, 0xff,
    0x08, 0x0c, 0x08, 0xff, 0x10, 0x08, 0x10, 0xff, 0x08, 0x08, 0x08, 0xff,
    0x08, 0x0c, 0x08, 0xff, 0x10, 0x08, 0x10, 0xff, 0x08, 0x0c, 0x08, 0xff,
    0x08, 0x0c, 0x08, 0xff, 0x10, 0x08, 0x10, 0xff, 0x08, 0x0c, 0x08, 0xff,
    0x08, 0x0c, 0x08, 0xff, 0x08, 0x08, 0x08, 0xff, 0x08, 0x08, 0x08, 0xff,
    0x10, 0x0c, 0x10, 0xff, 0x08, 0x08, 0x08, 0xff, 0x10, 0x0c, 0x10, 0xff,
    0x08, 0x0c, 0x08, 0xff, 0x08, 0x08, 0x08, 0xff, 0x08, 0x0c, 0x08, 0xff,
    0x10, 0x08, 0x10, 0xff, 0x08, 0x0c, 0x08, 0xff, 0x10, 0x08, 0x10, 0xff,
    0x08, 0x08, 0x08, 0xff, 0x08, 0x08, 0x08, 0xff, 0x08, 0x0c, 0x08, 0xff,
    0x08, 0x08, 0x08, 0xff, 0x38, 0x34, 0x38, 0xff, 0x38, 0x34, 0x38, 0xff,
    0x30, 0x34, 0x30, 0xff, 0x38, 0x34, 0x38, 0xff, 0x00, 0x00, 0x00, 0x00,
    0x00, 0x00, 0x00, 0x00, 0x00, 0x00, 0x00, 0x00, 0x00, 0x00, 0x00, 0x00,
    0x00, 0x00, 0x00, 0x00, 0x00, 0x00, 0x00, 0x00, 0x00, 0x00, 0x00, 0x00,
    0x00, 0x00, 0x00, 0x00, 0x00, 0x00, 0x00, 0x00, 0x00, 0x00, 0x00, 0x00,
    0x00, 0x00, 0x00, 0x00, 0x00, 0x00, 0x00, 0x00, 0x00, 0x00, 0x00, 0x00,
    0x00, 0x00, 0x00, 0x00, 0x00, 0x00, 0x00, 0x00, 0x00, 0x00, 0x00, 0x00,
    0x30, 0x34, 0x30, 0xff, 0x38, 0x34, 0x38, 0xff, 0x38, 0x34, 0x38, 0xff,
    0x30, 0x34, 0x30, 0xff, 0x10, 0x08, 0x10, 0xff, 0x08, 0x0c, 0x08, 0xff,
    0x10, 0x08, 0x10, 0xff, 0x08, 0x08, 0x08, 0xff, 0x08, 0x0c, 0x08, 0xff,
    0x08, 0x08, 0x08, 0xff, 0x08, 0x08, 0x08, 0xff, 0x08, 0x0c, 0x08, 0xff,
    0x08, 0x08, 0x08, 0xff, 0x08, 0x0c, 0x08, 0xff, 0x08, 0x08, 0x08, 0xff,
    0x08, 0x0c, 0x08, 0xff, 0x08, 0x0c, 0x08, 0xff, 0x08, 0x08, 0x08, 0xff,
    0x08, 0x08, 0x08, 0xff, 0x10, 0x0c, 0x10, 0xff, 0x08, 0x08, 0x08, 0xff,
    0x08, 0x0c, 0x08, 0xff, 0x08, 0x0c, 0x08, 0xff, 0x08, 0x08, 0x08, 0xff,
    0x10, 0x0c, 0x10, 0xff, 0x08, 0x0c, 0x08, 0xff, 0x08, 0x08, 0x08, 0xff,
    0x10, 0x0c, 0x10, 0xff, 0x10, 0x08, 0x10, 0xff, 0x08, 0x08, 0x08, 0xff,
    0x08, 0x0c, 0x08, 0xff, 0x08, 0x08, 0x08, 0xff, 0x08, 0x0c, 0x08, 0xff,
    0x08, 0x08, 0x08, 0xff, 0x10, 0x0c, 0x10, 0xff, 0x08, 0x0c, 0x08, 0xff,
    0x08, 0x08, 0x08, 0xff, 0x10, 0x0c, 0x10, 0xff, 0x08, 0x08, 0x08, 0xff,
    0x08, 0x08, 0x08, 0xff, 0x08, 0x0c, 0x08, 0xff, 0x08, 0x08, 0x08, 0xff,
    0x08, 0x08, 0x08, 0xff, 0x10, 0x0c, 0x10, 0xff, 0x08, 0x0c, 0x08, 0xff,
    0x10, 0x08, 0x10, 0xff, 0x08, 0x0c, 0x08, 0xff, 0x08, 0x0c, 0x08, 0xff,
    0x08, 0x08, 0x08, 0xff, 0x08, 0x08, 0x08, 0xff, 0x10, 0x0c, 0x10, 0xff,
    0x08, 0x08, 0x08, 0xff, 0x08, 0x0c, 0x08, 0xff, 0x08, 0x0c, 0x08, 0xff,
    0x08, 0x08, 0x08, 0xff, 0x08, 0x0c, 0x08, 0xff, 0x10, 0x0c, 0x10, 0xff,
    0x08, 0x08, 0x08, 0xff, 0x08, 0x0c, 0x08, 0xff, 0x08, 0x08, 0x08, 0xff,
    0x38, 0x34, 0x38, 0xff, 0x30, 0x34, 0x30, 0xff, 0x30, 0x30, 0x30, 0xff,
    0x38, 0x34, 0x38, 0xff, 0x00, 0x00, 0x00, 0x00, 0x00, 0x00, 0x00, 0x00,
    0x00, 0x00, 0x00, 0x00, 0x00, 0x00, 0x00, 0x00, 0x00, 0x00, 0x00, 0x00,
    0x00, 0x00, 0x00, 0x00, 0x00, 0x00, 0x00, 0x00, 0x00, 0x00, 0x00, 0x00,
    0x00, 0x00, 0x00, 0x00, 0x00, 0x00, 0x00, 0x00, 0x00, 0x00, 0x00, 0x00,
    0x00, 0x00, 0x00, 0x00, 0x00, 0x00, 0x00, 0x00, 0x00, 0x00, 0x00, 0x00,
    0x00, 0x00, 0x00, 0x00, 0x00, 0x00, 0x00, 0x00, 0x30, 0x34, 0x30, 0xff,
    0x30, 0x30, 0x30, 0xff, 0x30, 0x34, 0x30, 0xff, 0x38, 0x34, 0x38, 0xff,
    0x08, 0x08, 0x08, 0xff, 0x08, 0x0c, 0x08, 0xff, 0x10, 0x0c, 0x10, 0xff,
    0x08, 0x0c, 0x08, 0xff, 0x10, 0x08, 0x10, 0xff, 0x08, 0x0c, 0x08, 0xff,
    0x10, 0x0c, 0x10, 0xff, 0x08, 0x08, 0x08, 0xff, 0x10, 0x08, 0x10, 0xff,
    0x08, 0x0c, 0x08, 0xff, 0x10, 0x08, 0x10, 0xff, 0x08, 0x08, 0x08, 0xff,
    0x08, 0x0c, 0x08, 0xff, 0x08, 0x0c, 0x08, 0xff, 0x08, 0x08, 0x08, 0xff,
    0x08, 0x0c, 0x08, 0xff, 0x08, 0x08, 0x08, 0xff, 0x10, 0x08, 0x10, 0xff,
    0x08, 0x0c, 0x08, 0xff, 0x08, 0x08, 0x08, 0xff, 0x08, 0x08, 0x08, 0xff,
    0x08, 0x0c, 0x08, 0xff, 0x08, 0x08, 0x08, 0xff, 0x08, 0x0c, 0x08, 0xff,
    0x08, 0x0c, 0x08, 0xff, 0x10, 0x08, 0x10, 0xff, 0x08, 0x08, 0x08, 0xff,
    0x08, 0x0c, 0x08, 0xff, 0x10, 0x08, 0x10, 0xff, 0x08, 0x0c, 0x08, 0xff,
    0x08, 0x08, 0x08, 0xff, 0x08, 0x08, 0x08, 0xff, 0x08, 0x0c, 0x08, 0xff,
    0x08, 0x0c, 0x08, 0xff, 0x10, 0x08, 0x10, 0xff, 0x08, 0x0c, 0x08, 0xff,
    0x10, 0x0c, 0x10, 0xff, 0x08, 0x08, 0x08, 0xff, 0x08, 0x0c, 0x08, 0xff,
    0x08, 0x08, 0x08, 0xff, 0x08, 0x08, 0x08, 0xff, 0x08, 0x0c, 0x08, 0xff,
    0x10, 0x08, 0x10, 0xff, 0x08, 0x08, 0x08, 0xff, 0x08, 0x0c, 0x08, 0xff,
    0x08, 0x08, 0x08, 0xff, 0x08, 0x08, 0x08, 0xff, 0x10, 0x0c, 0x10, 0xff,
    0x08, 0x08, 0x08, 0xff, 0x08, 0x08, 0x08, 0xff, 0x10, 0x0c, 0x10, 0xff,
    0x08, 0x0c, 0x08, 0xff, 0x08, 0x08, 0x08, 0xff, 0x10, 0x0c, 0x10, 0xff,
    0x08, 0x08, 0x08, 0xff, 0x08, 0x0c, 0x08, 0xff, 0x38, 0x34, 0x38, 0xff,
    0x30, 0x30, 0x30, 0xff, 0x30, 0x34, 0x30, 0xff, 0x30, 0x34, 0x30, 0xff,
    0x00, 0x00, 0x00, 0x00, 0x00, 0x00, 0x00, 0x00, 0x00, 0x00, 0x00, 0x00,
    0x00, 0x00, 0x00, 0x00, 0x00, 0x00, 0x00, 0x00, 0x00, 0x00, 0x00, 0x00,
    0x00, 0x00, 0x00, 0x00, 0x00, 0x00, 0x00, 0x00, 0x00, 0x00, 0x00, 0x00,
    0x00, 0x00, 0x00, 0x00, 0x00, 0x00, 0x00, 0x00, 0x00, 0x00, 0x00, 0x00,
    0x00, 0x00, 0x00, 0x00, 0x00, 0x00, 0x00, 0x00, 0x00, 0x00, 0x00, 0x00,
    0x00, 0x00, 0x00, 0x00, 0x38, 0x34, 0x38, 0xff, 0x30, 0x34, 0x30, 0xff,
    0x30, 0x34, 0x30, 0xff, 0x38, 0x34, 0x38, 0xff, 0x08, 0x08, 0x08, 0xff,
    0x08, 0x08, 0x08, 0xff, 0x08, 0x0c, 0x08, 0xff, 0x08, 0x08, 0x08, 0xff,
    0x08, 0x08, 0x08, 0xff, 0x10, 0x0c, 0x10, 0xff, 0x08, 0x0c, 0x08, 0xff,
    0x08, 0x08, 0x08, 0xff, 0x08, 0x0c, 0x08, 0xff, 0x10, 0x0c, 0x10, 0xff,
    0x08, 0x08, 0x08, 0xff, 0x08, 0x08, 0x08, 0xff, 0x10, 0x0c, 0x10, 0xff,
    0x10, 0x08, 0x10, 0xff, 0x08, 0x0c, 0x08, 0xff, 0x08, 0x0c, 0x08, 0xff,
    0x10, 0x08, 0x10, 0xff, 0x08, 0x0c, 0x08, 0xff, 0x08, 0x0c, 0x08, 0xff,
    0x10, 0x08, 0x10, 0xff, 0x08, 0x0c, 0x08, 0xff, 0x10, 0x08, 0x10, 0xff,
    0x08, 0x08, 0x08, 0xff, 0x08, 0x0c, 0x08, 0xff, 0x08, 0x0c, 0x08, 0xff,
    0x08, 0x08, 0x08, 0xff, 0x10, 0x0c, 0x10, 0xff, 0x08, 0x0c, 0x08, 0xff,
    0x08, 0x08, 0x08, 0xff, 0x10, 0x0c, 0x10, 0xff, 0x08, 0x08, 0x08, 0xff,
    0x10, 0x08, 0x10, 0xff, 0x08, 0x0c, 0x08, 0xff, 0x08, 0x08, 0x08, 0xff,
    0x08, 0x08, 0x08, 0xff, 0x08, 0x0c, 0x08, 0xff, 0x08, 0x08, 0x08, 0xff,
    0x10, 0x0c, 0x10, 0xff, 0x08, 0x0c, 0x08, 0xff, 0x10, 0x08, 0x10, 0xff,
    0x08, 0x0c, 0x08, 0xff, 0x08, 0x0c, 0x08, 0xff, 0x08, 0x08, 0x08, 0xff,
    0x10, 0x0c, 0x10, 0xff, 0x08, 0x0c, 0x08, 0xff, 0x08, 0x0c, 0x08, 0xff,
    0x10, 0x08, 0x10, 0xff, 0x08, 0x0c, 0x08, 0xff, 0x08, 0x0c, 0x08, 0xff,
    0x10, 0x08, 0x10, 0xff, 0x08, 0x08, 0x08, 0xff, 0x08, 0x08, 0x08, 0xff,
    0x08, 0x0c, 0x08, 0xff, 0x08, 0x08, 0x08, 0xff, 0x08, 0x08, 0x08, 0xff,
    0x08, 0x0c, 0x08, 0xff, 0x38, 0x34, 0x38, 0xff, 0x30, 0x34, 0x30, 0xff,
    0x38, 0x34, 0x38, 0xff, 0x30, 0x30, 0x30, 0xff, 0x00, 0x00, 0x00, 0x00,
    0x00, 0x00, 0x00, 0x00, 0x00, 0x00, 0x00, 0x00, 0x00, 0x00, 0x00, 0x00,
    0x00, 0x00, 0x00, 0x00, 0x00, 0x00, 0x00, 0x00, 0x00, 0x00, 0x00, 0x00,
    0x00, 0x00, 0x00, 0x00, 0x00, 0x00, 0x00, 0x00, 0x00, 0x00, 0x00, 0x00,
    0x00, 0x00, 0x00, 0x00, 0x00, 0x00, 0x00, 0x00, 0x00, 0x00, 0x00, 0x00,
    0x00, 0x00, 0x00, 0x00, 0x00, 0x00, 0x00, 0x00, 0x00, 0x00, 0x00, 0x00,
    0x30, 0x34, 0x30, 0xff, 0x38, 0x30, 0x38, 0xff, 0x30, 0x34, 0x30, 0xff,
    0x30, 0x34, 0x30, 0xff, 0x08, 0x08, 0x08, 0xff, 0x10, 0x08, 0x10, 0xff,
    0x08, 0x0c, 0x08, 0xff, 0x08, 0x08, 0x08, 0xff, 0x08, 0x0c, 0x08, 0xff,
    0x08, 0x08, 0x08, 0xff, 0x08, 0x08, 0x08, 0xff, 0x08, 0x0c, 0x08, 0xff,
    0x08, 0x08, 0x08, 0xff, 0x08, 0x0c, 0x08, 0xff, 0x08, 0x0c, 0x08, 0xff,
    0x08, 0x0c, 0x08, 0xff, 0x08, 0x08, 0x08, 0xff, 0x08, 0x08, 0x08, 0xff,
    0x08, 0x0c, 0x08, 0xff, 0x10, 0x08, 0x10, 0xff, 0x08, 0x08, 0x08, 0xff,
    0x08, 0x0c, 0x08, 0xff, 0x08, 0x08, 0x08, 0xff, 0x08, 0x0c, 0x08, 0xff,
    0x10, 0x0c, 0x10, 0xff, 0x08, 0x08, 0x08, 0xff, 0x10, 0x0c, 0x10, 0xff,
    0x08, 0x08, 0x08, 0xff, 0x10, 0x08, 0x10, 0xff, 0x08, 0x0c, 0x08, 0xff,
    0x08, 0x08, 0x08, 0xff, 0x08, 0x08, 0x08, 0xff, 0x08, 0x0c, 0x08, 0xff,
    0x08, 0x0c, 0x08, 0xff, 0x08, 0x08, 0x08, 0xff, 0x08, 0x0c, 0x08, 0xff,
    0x10, 0x0c, 0x10, 0xff, 0x08, 0x08, 0x08, 0xff, 0x08, 0x0c, 0x08, 0xff,
    0x10, 0x08, 0x10, 0xff, 0x08, 0x08, 0x08, 0xff, 0x08, 0x0c, 0x08, 0xff,
    0x08, 0x08, 0x08, 0xff, 0x08, 0x08, 0x08, 0xff, 0x10, 0x0c, 0x10, 0xff,
    0x08, 0x08, 0x08, 0xff, 0x08, 0x08, 0x08, 0xff, 0x08, 0x0c, 0x08, 0xff,
    0x10, 0x08, 0x10, 0xff, 0x08, 0x08, 0x08, 0xff, 0x08, 0x0c, 0x08, 0xff,
    0x08, 0x08, 0x08, 0xff, 0x08, 0x0c, 0x08, 0xff, 0x08, 0x0c, 0x08, 0xff,
    0x08, 0x08, 0x08, 0xff, 0x10, 0x0c, 0x10, 0xff, 0x08, 0x0c, 0x08, 0xff,
    0x10, 0x08, 0x10, 0xff, 0x08, 0x0c, 0x08, 0xff, 0x08, 0x08, 0x08, 0xff,
    0x38, 0x34, 0x38, 0xff, 0x30, 0x34, 0x30, 0xff, 0x30, 0x30, 0x30, 0xff,
    0x38, 0x34, 0x38, 0xff, 0x00, 0x00, 0x00, 0x00, 0x00, 0x00, 0x00, 0x00,
    0x00, 0x00, 0x00, 0x00, 0x00, 0x00, 0x00, 0x00, 0x00, 0x00, 0x00, 0x00,
    0x00, 0x00, 0x00, 0x00, 0x00, 0x00, 0x00, 0x00, 0x00, 0x00, 0x00, 0x00,
    0x00, 0x00, 0x00, 0x00, 0x00, 0x00, 0x00, 0x00, 0x00, 0x00, 0x00, 0x00,
    0x00, 0x00, 0x00, 0x00, 0x00, 0x00, 0x00, 0x00, 0x00, 0x00, 0x00, 0x00,
    0x00, 0x00, 0x00, 0x00, 0x00, 0x00, 0x00, 0x00, 0x30, 0x34, 0x30, 0xff,
    0x38, 0x34, 0x38, 0xff, 0x38, 0x30, 0x38, 0xff, 0x30, 0x34, 0x30, 0xff,
    0x08, 0x0c, 0x08, 0xff, 0x10, 0x08, 0x10, 0xff, 0x08, 0x0c, 0x08, 0xff,
    0x08, 0x0c, 0x08, 0xff, 0x10, 0x08, 0x10, 0xff, 0x08, 0x0c, 0x08, 0xff,
    0x10, 0x08, 0x10, 0xff, 0x10, 0x0c, 0x10, 0xff, 0x08, 0x08, 0x08, 0xff,
    0x08, 0x08, 0x08, 0xff, 0x10, 0x0c, 0x10, 0xff, 0x08, 0x08, 0x08, 0xff,
    0x08, 0x0c, 0x08, 0xff, 0x10, 0x0c, 0x10, 0xff, 0x08, 0x08, 0x08, 0xff,
    0x08, 0x0c, 0x08, 0xff, 0x08, 0x0c, 0x08, 0xff, 0x10, 0x08, 0x10, 0xff,
    0x08, 0x08, 0x08, 0xff, 0x08, 0x0c, 0x08, 0xff, 0x08, 0x08, 0x08, 0xff,
    0x08, 0x0c, 0x08, 0xff, 0x08, 0x0c, 0x08, 0xff, 0x08, 0x08, 0x08, 0xff,
    0x08, 0x0c, 0x08, 0xff, 0x10, 0x0c, 0x10, 0xff, 0x08, 0x08, 0x08, 0xff,
    0x08, 0x08, 0x08, 0xff, 0x10, 0x0c, 0x10, 0xff, 0x08, 0x08, 0x08, 0xff,
    0x08, 0x0c, 0x08, 0xff, 0x08, 0x08, 0x08, 0xff, 0x10, 0x08, 0x10, 0xff,
    0x08, 0x0c, 0x08, 0xff, 0x08, 0x0c, 0x08, 0xff, 0x10, 0x08, 0x10, 0xff,
    0x08, 0x0c, 0x08, 0xff, 0x08, 0x0c, 0x08, 0xff, 0x10, 0x08, 0x10, 0xff,
    0x08, 0x0c, 0x08, 0xff, 0x08, 0x08, 0x08, 0xff, 0x10, 0x0c, 0x10, 0xff,
    0x08, 0x0c, 0x08, 0xff, 0x08, 0x08, 0x08, 0xff, 0x08, 0x08, 0x08, 0xff,
    0x10, 0x0c, 0x10, 0xff, 0x08, 0x0c, 0x08, 0xff, 0x10, 0x08, 0x10, 0xff,
    0x08, 0x08, 0x08, 0xff, 0x08, 0x0c, 0x08, 0xff, 0x10, 0x08, 0x10, 0xff,
    0x08, 0x0c, 0x08, 0xff, 0x08, 0x08, 0x08, 0xff, 0x08, 0x0c, 0x08, 0xff,
    0x10, 0x08, 0x10, 0xff, 0x08, 0x08, 0x08, 0xff, 0x30, 0x34, 0x30, 0xff,
    0x38, 0x34, 0x38, 0xff, 0x30, 0x34, 0x30, 0xff, 0x30, 0x34, 0x30, 0xff,
    0x00, 0x00, 0x00, 0x00, 0x00, 0x00, 0x00, 0x00, 0x00, 0x00, 0x00, 0x00,
    0x00, 0x00, 0x00, 0x00, 0x00, 0x00, 0x00, 0x00, 0x00, 0x00, 0x00, 0x00,
    0x00, 0x00, 0x00, 0x00, 0x00, 0x00, 0x00, 0x00, 0x00, 0x00, 0x00, 0x00,
    0x00, 0x00, 0x00, 0x00, 0x00, 0x00, 0x00, 0x00, 0x00, 0x00, 0x00, 0x00,
    0x00, 0x00, 0x00, 0x00, 0x00, 0x00, 0x00, 0x00, 0x00, 0x00, 0x00, 0x00,
    0x00, 0x00, 0x00, 0x00, 0x30, 0x34, 0x30, 0xff, 0x30, 0x34, 0x30, 0xff,
    0x38, 0x34, 0x38, 0xff, 0x30, 0x34, 0x30, 0xff, 0x08, 0x08, 0x08, 0xff,
    0x08, 0x08, 0x08, 0xff, 0x08, 0x0c, 0x08, 0xff, 0x10, 0x08, 0x10, 0xff,
    0x08, 0x08, 0x08, 0xff, 0x08, 0x0c, 0x08, 0xff, 0x08, 0x0c, 0x08, 0xff,
    0x08, 0x08, 0x08, 0xff, 0x08, 0x0c, 0x08, 0xff, 0x10, 0x08, 0x10, 0xff,
    0x08, 0x08, 0x08, 0xff, 0x08, 0x0c, 0x08, 0xff, 0x10, 0x08, 0x10, 0xff,
    0x08, 0x08, 0x08, 0xff, 0x08, 0x0c, 0x08, 0xff, 0x08, 0x08, 0x08, 0xff,
    0x10, 0x0c, 0x10, 0xff, 0x08, 0x08, 0x08, 0xff, 0x08, 0x0c, 0x08, 0xff,
    0x10, 0x08, 0x10, 0xff, 0x08, 0x08, 0x08, 0xff, 0x08, 0x0c, 0x08, 0xff,
    0x10, 0x08, 0x10, 0xff, 0x08, 0x08, 0x08, 0xff, 0x08, 0x0c, 0x08, 0xff,
    0x08, 0x0c, 0x08, 0xff, 0x10, 0x08, 0x10, 0xff, 0x08, 0x0c, 0x08, 0xff,
    0x08, 0x0c, 0x08, 0xff, 0x10, 0x08, 0x10, 0xff, 0x08, 0x0c, 0x08, 0xff,
    0x08, 0x0c, 0x08, 0xff, 0x08, 0x08, 0x08, 0xff, 0x08, 0x0c, 0x08, 0xff,
    0x08, 0x08, 0x08, 0xff, 0x08, 0x0c, 0x08, 0xff, 0x08, 0x08, 0x08, 0xff,
    0x08, 0x08, 0x08, 0xff, 0x10, 0x0c, 0x10, 0xff, 0x08, 0x0c, 0x08, 0xff,
    0x08, 0x08, 0x08, 0xff, 0x08, 0x08, 0x08, 0xff, 0x10, 0x0c, 0x10, 0xff,
    0x08, 0x0c, 0x08, 0xff, 0x08, 0x08, 0x08, 0xff, 0x08, 0x0c, 0x08, 0xff,
    0x08, 0x08, 0x08, 0xff, 0x08, 0x0c, 0x08, 0xff, 0x10, 0x08, 0x10, 0xff,
    0x08, 0x08, 0x08, 0xff, 0x08, 0x0c, 0x08, 0xff, 0x08, 0x08, 0x08, 0xff,
    0x08, 0x0c, 0x08, 0xff, 0x08, 0x08, 0x08, 0xff, 0x08, 0x0c, 0x08, 0xff,
    0x08, 0x0c, 0x08, 0xff, 0x38, 0x34, 0x38, 0xff, 0x30, 0x30, 0x30, 0xff,
    0x38, 0x34, 0x38, 0xff, 0x30, 0x34, 0x30, 0xff, 0x00, 0x00, 0x00, 0x00,
    0x00, 0x00, 0x00, 0x00, 0x00, 0x00, 0x00, 0x00, 0x00, 0x00, 0x00, 0x00,
    0x00, 0x00, 0x00, 0x00, 0x00, 0x00, 0x00, 0x00, 0x00, 0x00, 0x00, 0x00,
    0x00, 0x00, 0x00, 0x00, 0x00, 0x00, 0x00, 0x00, 0x00, 0x00, 0x00, 0x00,
    0x00, 0x00, 0x00, 0x00, 0x00, 0x00, 0x00, 0x00, 0x00, 0x00, 0x00, 0x00,
    0x00, 0x00, 0x00, 0x00, 0x00, 0x00, 0x00, 0x00, 0x00, 0x00, 0x00, 0x00,
    0x30, 0x34, 0x30, 0xff, 0x30, 0x30, 0x30, 0xff, 0x38, 0x34, 0x38, 0xff,
    0x30, 0x34, 0x30, 0xff, 0x08, 0x08, 0x08, 0xff, 0x10, 0x0c, 0x10, 0xff,
    0x08, 0x0c, 0x08, 0xff, 0x08, 0x08, 0x08, 0xff, 0x08, 0x0c, 0x08, 0xff,
    0x08, 0x08, 0x08, 0xff, 0x10, 0x08, 0x10, 0xff, 0x08, 0x0c, 0x08, 0xff,
    0x08, 0x0c, 0x08, 0xff, 0x08, 0x08, 0x08, 0xff, 0x08, 0x0c, 0x08, 0xff,
    0x08, 0x0c, 0x08, 0xff, 0x10, 0x08, 0x10, 0xff, 0x08, 0x0c, 0x08, 0xff,
    0x08, 0x08, 0x08, 0xff, 0x10, 0x08, 0x10, 0xff, 0x08, 0x0c, 0x08, 0xff,
    0x08, 0x0c, 0x08, 0xff, 0x08, 0x08, 0x08, 0xff, 0x10, 0x0c, 0x10, 0xff,
    0x08, 0x0c, 0x08, 0xff, 0x08, 0x08, 0x08, 0xff, 0x10, 0x0c, 0x10, 0xff,
    0x08, 0x08, 0x08, 0xff, 0x08, 0x08, 0x08, 0xff, 0x08, 0x0c, 0x08, 0xff,
    0x08, 0x08, 0x08, 0xff, 0x08, 0x08, 0x08, 0xff, 0x08, 0x0c, 0x08, 0xff,
    0x10, 0x08, 0x10, 0xff, 0x08, 0x08, 0x08, 0xff, 0x08, 0x0c, 0x08, 0xff,
    0x10, 0x08, 0x10, 0xff, 0x10, 0x08, 0x10, 0xff, 0x08, 0x0c, 0x08, 0xff,
    0x08, 0x08, 0x08, 0xff, 0x10, 0x0c, 0x10, 0xff, 0x08, 0x08, 0x08, 0xff,
    0x08, 0x0c, 0x08, 0xff, 0x08, 0x08, 0x08, 0xff, 0x08, 0x0c, 0x08, 0xff,
    0x08, 0x08, 0x08, 0xff, 0x08, 0x08, 0x08, 0xff, 0x10, 0x0c, 0x10, 0xff,
    0x08, 0x08, 0x08, 0xff, 0x08, 0x08, 0x08, 0xff, 0x10, 0x0c, 0x10, 0xff,
    0x08, 0x0c, 0x08, 0xff, 0x08, 0x0c, 0x08, 0xff, 0x10, 0x08, 0x10, 0xff,
    0x08, 0x0c, 0x08, 0xff, 0x10, 0x0c, 0x10, 0xff, 0x10, 0x08, 0x10, 0xff,
    0x08, 0x08, 0x08, 0xff, 0x08, 0x0c, 0x08, 0xff, 0x10, 0x08, 0x10, 0xff,
    0x30, 0x34, 0x30, 0xff, 0x30, 0x34, 0x30, 0xff, 0x38, 0x30, 0x38, 0xff,
    0x38, 0x34, 0x38, 0xff, 0x00, 0x00, 0x00, 0x00, 0x00, 0x00, 0x00, 0x00,
    0x00, 0x00, 0x00, 0x00, 0x00, 0x00, 0x00, 0x00, 0x00, 0x00, 0x00, 0x00,
    0x00, 0x00, 0x00, 0x00, 0x00, 0x00, 0x00, 0x00, 0x00, 0x00, 0x00, 0x00,
    0x00, 0x00, 0x00, 0x00, 0x00, 0x00, 0x00, 0x00, 0x00, 0x00, 0x00, 0x00,
    0x00, 0x00, 0x00, 0x00, 0x00, 0x00, 0x00, 0x00, 0x00, 0x00, 0x00, 0x00,
    0x00, 0x00, 0x00, 0x00, 0x00, 0x00, 0x00, 0x00, 0x38, 0x34, 0x38, 0xff,
    0x30, 0x34, 0x30, 0xff, 0x38, 0x30, 0x38, 0xff, 0x30, 0x34, 0x30, 0xff,
    0x08, 0x08, 0x08, 0xff, 0x10, 0x0c, 0x10, 0xff, 0x08, 0x08, 0x08, 0xff,
    0x08, 0x0c, 0x08, 0xff, 0x10, 0x0c, 0x10, 0xff, 0x08, 0x08, 0x08, 0xff,
    0x08, 0x08, 0x08, 0xff, 0x10, 0x0c, 0x10, 0xff, 0x08, 0x08, 0x08, 0xff,
    0x10, 0x08, 0x10, 0xff, 0x08, 0x0c, 0x08, 0xff, 0x08, 0x08, 0x08, 0xff,
    0x08, 0x0c, 0x08, 0xff, 0x08, 0x0c, 0x08, 0xff, 0x08, 0x08, 0x08, 0xff,
    0x08, 0x0c, 0x08, 0xff, 0x08, 0x08, 0x08, 0xff, 0x08, 0x08, 0x08, 0xff,
    0x08, 0x0c, 0x08, 0xff, 0x08, 0x08, 0x08, 0xff, 0x08, 0x08, 0x08, 0xff,
    0x08, 0x0c, 0x08, 0xff, 0x08, 0x0c, 0x08, 0xff, 0x10, 0x08, 0x10, 0xff,
    0x08, 0x0c, 0x08, 0xff, 0x10, 0x0c, 0x10, 0xff, 0x08, 0x08, 0x08, 0xff,
    0x08, 0x0c, 0x08, 0xff, 0x10, 0x0c, 0x10, 0xff, 0x08, 0x08, 0x08, 0xff,
    0x08, 0x0c, 0x08, 0xff, 0x08, 0x08, 0x08, 0xff, 0x08, 0x0c, 0x08, 0xff,
    0x08, 0x0c, 0x08, 0xff, 0x10, 0x08, 0x10, 0xff, 0x08, 0x0c, 0x08, 0xff,
    0x08, 0x0c, 0x08, 0xff, 0x10, 0x08, 0x10, 0xff, 0x08, 0x08, 0x08, 0xff,
    0x10, 0x0c, 0x10, 0xff, 0x10, 0x0c, 0x10, 0xff, 0x08, 0x08, 0x08, 0xff,
    0x08, 0x0c, 0x08, 0xff, 0x08, 0x0c, 0x08, 0xff, 0x10, 0x08, 0x10, 0xff,
    0x08, 0x0c, 0x08, 0xff, 0x08, 0x08, 0x08, 0xff, 0x08, 0x08, 0x08, 0xff,
    0x08, 0x0c, 0x08, 0xff, 0x08, 0x08, 0x08, 0xff, 0x08, 0x08, 0x08, 0xff,
    0x08, 0x0c, 0x08, 0xff, 0x08, 0x08, 0x08, 0xff, 0x08, 0x0c, 0x08, 0xff,
    0x10, 0x08, 0x10, 0xff, 0x08, 0x08, 0x08, 0xff, 0x30, 0x34, 0x30, 0xff,
    0x38, 0x34, 0x38, 0xff, 0x30, 0x34, 0x30, 0xff, 0x30, 0x30, 0x30, 0xff,
    0x00, 0x00, 0x00, 0x00, 0x00, 0x00, 0x00, 0x00, 0x00, 0x00, 0x00, 0x00,
    0x00, 0x00, 0x00, 0x00, 0x00, 0x00, 0x00, 0x00, 0x00, 0x00, 0x00, 0x00,
    0x00, 0x00, 0x00, 0x00, 0x00, 0x00, 0x00, 0x00, 0x00, 0x00, 0x00, 0x00,
    0x00, 0x00, 0x00, 0x00, 0x00, 0x00, 0x00, 0x00, 0x00, 0x00, 0x00, 0x00,
    0x00, 0x00, 0x00, 0x00, 0x00, 0x00, 0x00, 0x00, 0x00, 0x00, 0x00, 0x00,
    0x00, 0x00, 0x00, 0x00, 0x30, 0x34, 0x30, 0xff, 0x38, 0x34, 0x38, 0xff,
    0x30, 0x34, 0x30, 0xff, 0x30, 0x34, 0x30, 0xff, 0x08, 0x08, 0x08, 0xff,
    0x08, 0x08, 0x08, 0xff, 0x08, 0x0c, 0x08, 0xff, 0x10, 0x08, 0x10, 0xff,
    0x08, 0x08, 0x08, 0xff, 0x08, 0x0c, 0x08, 0xff, 0x08, 0x0c, 0x08, 0xff,
    0x08, 0x08, 0x08, 0xff, 0x08, 0x0c, 0x08, 0xff, 0x10, 0x0c, 0x10, 0xff,
    0x08, 0x08, 0x08, 0xff, 0x08, 0x08, 0x08, 0xff, 0x10, 0x0c, 0x10, 0xff,
    0x08, 0x08, 0x08, 0xff, 0x10, 0x0c, 0x10, 0xff, 0x08, 0x0c, 0x08, 0xff,
    0x10, 0x08, 0x10, 0xff, 0x10, 0x0c, 0x10, 0xff, 0x08, 0x0c, 0x08, 0xff,
    0x08, 0x08, 0x08, 0xff, 0x10, 0x08, 0x10, 0xff, 0x08, 0x0c, 0x08, 0xff,
    0x08, 0x08, 0x08, 0xff, 0x08, 0x08, 0x08, 0xff, 0x08, 0x0c, 0x08, 0xff,
    0x10, 0x08, 0x10, 0xff, 0x08, 0x08, 0x08, 0xff, 0x08, 0x0c, 0x08, 0xff,
    0x10, 0x08, 0x10, 0xff, 0x08, 0x0c, 0x08, 0xff, 0x08, 0x08, 0x08, 0xff,
    0x10, 0x0c, 0x10, 0xff, 0x08, 0x08, 0x08, 0xff, 0x08, 0x0c, 0x08, 0xff,
    0x08, 0x08, 0x08, 0xff, 0x08, 0x08, 0x08, 0xff, 0x08, 0x0c, 0x08, 0xff,
    0x08, 0x0c, 0x08, 0xff, 0x08, 0x08, 0x08, 0xff, 0x08, 0x0c, 0x08, 0xff,
    0x08, 0x08, 0x08, 0xff, 0x10, 0x08, 0x10, 0xff, 0x08, 0x0c, 0x08, 0xff,
    0x08, 0x08, 0x08, 0xff, 0x08, 0x0c, 0x08, 0xff, 0x10, 0x0c, 0x10, 0xff,
    0x08, 0x08, 0x08, 0xff, 0x10, 0x08, 0x10, 0xff, 0x08, 0x0c, 0x08, 0xff,
    0x08, 0x0c, 0x08, 0xff, 0x10, 0x08, 0x10, 0xff, 0x08, 0x0c, 0x08, 0xff,
    0x08, 0x0c, 0x08, 0xff, 0x08, 0x08, 0x08, 0xff, 0x08, 0x0c, 0x08, 0xff,
    0x08, 0x0c, 0x08, 0xff, 0x38, 0x34, 0x38, 0xff, 0x30, 0x34, 0x30, 0xff,
    0x30, 0x34, 0x30, 0xff, 0x30, 0x34, 0x30, 0xff, 0x00, 0x00, 0x00, 0x00,
    0x00, 0x00, 0x00, 0x00, 0x00, 0x00, 0x00, 0x00, 0x00, 0x00, 0x00, 0x00,
    0x00, 0x00, 0x00, 0x00, 0x00, 0x00, 0x00, 0x00, 0x00, 0x00, 0x00, 0x00,
    0x00, 0x00, 0x00, 0x00, 0x00, 0x00, 0x00, 0x00, 0x00, 0x00, 0x00, 0x00,
    0x00, 0x00, 0x00, 0x00, 0x00, 0x00, 0x00, 0x00, 0x00, 0x00, 0x00, 0x00,
    0x00, 0x00, 0x00, 0x00, 0x00, 0x00, 0x00, 0x00, 0x00, 0x00, 0x00, 0x00,
    0x30, 0x30, 0x30, 0xff, 0x30, 0x34, 0x30, 0xff, 0x38, 0x34, 0x38, 0xff,
    0x38, 0x34, 0x38, 0xff, 0x08, 0x08, 0x08, 0xff, 0x08, 0x0c, 0x08, 0xff,
    0x10, 0x0c, 0x10, 0xff, 0x08, 0x08, 0x08, 0xff, 0x08, 0x08, 0x08, 0xff,
    0x10, 0x0c, 0x10, 0xff, 0x08, 0x0c, 0x08, 0xff, 0x08, 0x08, 0x08, 0xff,
    0x08, 0x08, 0x08, 0xff, 0x08, 0x0c, 0x08, 0xff, 0x08, 0x0c, 0x08, 0xff,
    0x10, 0x08, 0x10, 0xff, 0x08, 0x08, 0x08, 0xff, 0x08, 0x0c, 0x08, 0xff,
    0x08, 0x08, 0x08, 0xff, 0x08, 0x08, 0x08, 0xff, 0x08, 0x0c, 0x08, 0xff,
    0x08, 0x08, 0x08, 0xff, 0x10, 0x0c, 0x10, 0xff, 0x08, 0x0c, 0x08, 0xff,
    0x08, 0x08, 0x08, 0xff, 0x10, 0x0c, 0x10, 0xff, 0x08, 0x0c, 0x08, 0xff,
    0x08, 0x08, 0x08, 0xff, 0x08, 0x0c, 0x08, 0xff, 0x08, 0x0c, 0x08, 0xff,
    0x08, 0x08, 0x08, 0xff, 0x08, 0x08, 0x08, 0xff, 0x08, 0x0c, 0x08, 0xff,
    0x08, 0x08, 0x08, 0xff, 0x10, 0x0c, 0x10, 0xff, 0x08, 0x08, 0x08, 0xff,
    0x08, 0x08, 0x08, 0xff, 0x10, 0x0c, 0x10, 0xff, 0x08, 0x0c, 0x08, 0xff,
    0x10, 0x08, 0x10, 0xff, 0x08, 0x08, 0x08, 0xff, 0x08, 0x0c, 0x08, 0xff,
    0x10, 0x08, 0x10, 0xff, 0x08, 0x0c, 0x08, 0xff, 0x08, 0x08, 0x08, 0xff,
    0x08, 0x0c, 0x08, 0xff, 0x10, 0x08, 0x10, 0xff, 0x08, 0x08, 0x08, 0xff,
    0x08, 0x0c, 0x08, 0xff, 0x08, 0x08, 0x08, 0xff, 0x08, 0x0c, 0x08, 0xff,
    0x08, 0x0c, 0x08, 0xff, 0x10, 0x08, 0x10, 0xff, 0x08, 0x08, 0x08, 0xff,
    0x08, 0x0c, 0x08, 0xff, 0x10, 0x08, 0x10, 0xff, 0x08, 0x08, 0x08, 0xff,
    0x10, 0x0c, 0x10, 0xff, 0x08, 0x08, 0x08, 0xff, 0x08, 0x08, 0x08, 0xff,
    0x38, 0x34, 0x38, 0xff, 0x38, 0x30, 0x38, 0xff, 0x30, 0x34, 0x30, 0xff,
    0x38, 0x34, 0x38, 0xff, 0x00, 0x00, 0x00, 0x00, 0x00, 0x00, 0x00, 0x00,
    0x00, 0x00, 0x00, 0x00, 0x00, 0x00, 0x00, 0x00, 0x00, 0x00, 0x00, 0x00,
    0x00, 0x00, 0x00, 0x00, 0x00, 0x00, 0x00, 0x00, 0x00, 0x00, 0x00, 0x00,
    0x00, 0x00, 0x00, 0x00, 0x00, 0x00, 0x00, 0x00, 0x00, 0x00, 0x00, 0x00,
    0x00, 0x00, 0x00, 0x00, 0x00, 0x00, 0x00, 0x00, 0x00, 0x00, 0x00, 0x00,
    0x00, 0x00, 0x00, 0x00, 0x00, 0x00, 0x00, 0x00, 0x30, 0x34, 0x30, 0xff,
    0x38, 0x30, 0x38, 0xff, 0x30, 0x34, 0x30, 0xff, 0x30, 0x34, 0x30, 0xff,
    0x10, 0x08, 0x10, 0xff, 0x08, 0x08, 0x08, 0xff, 0x08, 0x0c, 0x08, 0xff,
    0x08, 0x0c, 0x08, 0xff, 0x08, 0x08, 0x08, 0xff, 0x10, 0x0c, 0x10, 0xff,
    0x08, 0x08, 0x08, 0xff, 0x10, 0x0c, 0x10, 0xff, 0x10, 0x08, 0x10, 0xff,
    0x08, 0x08, 0x08, 0xff, 0x08, 0x0c, 0x08, 0xff, 0x08, 0x0c, 0x08, 0xff,
    0x10, 0x08, 0x10, 0xff, 0x08, 0x0c, 0x08, 0xff, 0x08, 0x08, 0x08, 0xff,
    0x10, 0x0c, 0x10, 0xff, 0x08, 0x08, 0x08, 0xff, 0x08, 0x08, 0x08, 0xff,
    0x08, 0x0c, 0x08, 0xff, 0x08, 0x08, 0x08, 0xff, 0x08, 0x08, 0x08, 0xff,
    0x10, 0x0c, 0x10, 0xff, 0x08, 0x08, 0x08, 0xff, 0x10, 0x08, 0x10, 0xff,
    0x10, 0x0c, 0x10, 0xff, 0x08, 0x0c, 0x08, 0xff, 0x10, 0x08, 0x10, 0xff,
    0x08, 0x0c, 0x08, 0xff, 0x08, 0x0c, 0x08, 0xff, 0x10, 0x08, 0x10, 0xff,
    0x08, 0x0c, 0x08, 0xff, 0x08, 0x0c, 0x08, 0xff, 0x08, 0x08, 0x08, 0xff,
    0x08, 0x0c, 0x08, 0xff, 0x10, 0x08, 0x10, 0xff, 0x08, 0x0c, 0x08, 0xff,
    0x08, 0x0c, 0x08, 0xff, 0x10, 0x08, 0x10, 0xff, 0x08, 0x0c, 0x08, 0xff,
    0x08, 0x08, 0x08, 0xff, 0x08, 0x0c, 0x08, 0xff, 0x08, 0x0c, 0x08, 0xff,
    0x08, 0x08, 0x08, 0xff, 0x10, 0x0c, 0x10, 0xff, 0x08, 0x08, 0x08, 0xff,
    0x08, 0x08, 0x08, 0xff, 0x10, 0x0c, 0x10, 0xff, 0x08, 0x0c, 0x08, 0xff,
    0x08, 0x08, 0x08, 0xff, 0x08, 0x0c, 0x08, 0xff, 0x08, 0x0c, 0x08, 0xff,
    0x08, 0x08, 0x08, 0xff, 0x08, 0x0c, 0x08, 0xff, 0x10, 0x0c, 0x10, 0xff,
    0x08, 0x08, 0x08, 0xff, 0x08, 0x08, 0x08, 0xff, 0x30, 0x34, 0x30, 0xff,
    0x30, 0x34, 0x30, 0xff, 0x38, 0x30, 0x38, 0xff, 0x30, 0x34, 0x30, 0xff,
    0x00, 0x00, 0x00, 0x00, 0x00, 0x00, 0x00, 0x00, 0x00, 0x00, 0x00, 0x00,
    0x00, 0x00, 0x00, 0x00, 0x00, 0x00, 0x00, 0x00, 0x00, 0x00, 0x00, 0x00,
    0x00, 0x00, 0x00, 0x00, 0x00, 0x00, 0x00, 0x00, 0x00, 0x00, 0x00, 0x00,
    0x00, 0x00, 0x00, 0x00, 0x00, 0x00, 0x00, 0x00, 0x00, 0x00, 0x00, 0x00,
    0x00, 0x00, 0x00, 0x00, 0x00, 0x00, 0x00, 0x00, 0x00, 0x00, 0x00, 0x00,
    0x00, 0x00, 0x00, 0x00, 0x38, 0x34, 0x38, 0xff, 0x30, 0x34, 0x30, 0xff,
    0x30, 0x34, 0x30, 0xff, 0x38, 0x34, 0x38, 0xff, 0x08, 0x08, 0x08, 0xff,
    0x08, 0x08, 0x08, 0xff, 0x08, 0x0c, 0x08, 0xff, 0x10, 0x08, 0x10, 0xff,
    0x08, 0x0c, 0x08, 0xff, 0x08, 0x08, 0x08, 0xff, 0x08, 0x0c, 0x08, 0xff,
    0x08, 0x0c, 0x08, 0xff, 0x08, 0x08, 0x08, 0xff, 0x08, 0x0c, 0x08, 0xff,
    0x10, 0x08, 0x10, 0xff, 0x08, 0x08, 0x08, 0xff, 0x08, 0x0c, 0x08, 0xff,
    0x10, 0x0c, 0x10, 0xff, 0x08, 0x08, 0x08, 0xff, 0x08, 0x0c, 0x08, 0xff,
    0x10, 0x0c, 0x10, 0xff, 0x08, 0x08, 0x08, 0xff, 0x08, 0x0c, 0x08, 0xff,
    0x10, 0x0c, 0x10, 0xff, 0x08, 0x08, 0x08, 0xff, 0x08, 0x0c, 0x08, 0xff,
    0x08, 0x0c, 0x08, 0xff, 0x08, 0x08, 0x08, 0xff, 0x08, 0x08, 0x08, 0xff,
    0x08, 0x0c, 0x08, 0xff, 0x08, 0x08, 0x08, 0xff, 0x10, 0x08, 0x10, 0xff,
    0x08, 0x0c, 0x08, 0xff, 0x08, 0x08, 0x08, 0xff, 0x08, 0x08, 0x08, 0xff,
    0x10, 0x0c, 0x10, 0xff, 0x08, 0x08, 0x08, 0xff, 0x08, 0x08, 0x08, 0xff,
    0x08, 0x0c, 0x08, 0xff, 0x08, 0x08, 0x08, 0xff, 0x08, 0x08, 0x08, 0xff,
    0x08, 0x0c, 0x08, 0xff, 0x08, 0x08, 0x08, 0xff, 0x10, 0x08, 0x10, 0xff,
    0x10, 0x0c, 0x10, 0xff, 0x08, 0x08, 0x08, 0xff, 0x08, 0x0c, 0x08, 0xff,
    0x08, 0x0c, 0x08, 0xff, 0x10, 0x08, 0x10, 0xff, 0x08, 0x0c, 0x08, 0xff,
    0x08, 0x08, 0x08, 0xff, 0x10, 0x08, 0x10, 0xff, 0x08, 0x0c, 0x08, 0xff,
    0x10, 0x08, 0x10, 0xff, 0x08, 0x08, 0x08, 0xff, 0x08, 0x0c, 0x08, 0xff,
    0x10, 0x08, 0x10, 0xff, 0x08, 0x0c, 0x08, 0xff, 0x08, 0x0c, 0x08, 0xff,
    0x10, 0x08, 0x10, 0xff, 0x30, 0x34, 0x30, 0xff, 0x30, 0x34, 0x30, 0xff,
    0x38, 0x34, 0x38, 0xff, 0x30, 0x30, 0x30, 0xff, 0x00, 0x00, 0x00, 0x00,
    0x00, 0x00, 0x00, 0x00, 0x00, 0x00, 0x00, 0x00, 0x00, 0x00, 0x00, 0x00,
    0x00, 0x00, 0x00, 0x00, 0x00, 0x00, 0x00, 0x00, 0x00, 0x00, 0x00, 0x00,
    0x00, 0x00, 0x00, 0x00, 0x00, 0x00, 0x00, 0x00, 0x00, 0x00, 0x00, 0x00,
    0x00, 0x00, 0x00, 0x00, 0x00, 0x00, 0x00, 0x00, 0x00, 0x00, 0x00, 0x00,
    0x00, 0x00, 0x00, 0x00, 0x00, 0x00, 0x00, 0x00, 0x00, 0x00, 0x00, 0x00,
    0x30, 0x34, 0x30, 0xff, 0x30, 0x30, 0x30, 0xff, 0x38, 0x34, 0x38, 0xff,
    0x30, 0x34, 0x30, 0xff, 0x08, 0x08, 0x08, 0xff, 0x08, 0x0c, 0x08, 0xff,
    0x10, 0x08, 0x10, 0xff, 0x08, 0x0c, 0x08, 0xff, 0x08, 0x08, 0x08, 0xff,
    0x08, 0x08, 0x08, 0xff, 0x10, 0x0c, 0x10, 0xff, 0x08, 0x08, 0x08, 0xff,
    0x08, 0x0c, 0x08, 0xff, 0x08, 0x0c, 0x08, 0xff, 0x10, 0x08, 0x10, 0xff,
    0x08, 0x0c, 0x08, 0xff, 0x08, 0x08, 0x08, 0xff, 0x08, 0x08, 0x08, 0xff,
    0x08, 0x0c, 0x08, 0xff, 0x08, 0x08, 0x08, 0xff, 0x08, 0x0c, 0x08, 0xff,
    0x10, 0x08, 0x10, 0xff, 0x08, 0x08, 0x08, 0xff, 0x08, 0x0c, 0x08, 0xff,
    0x10, 0x08, 0x10, 0xff, 0x08, 0x08, 0x08, 0xff, 0x08, 0x0c, 0x08, 0xff,
    0x08, 0x0c, 0x08, 0xff, 0x10, 0x08, 0x10, 0xff, 0x08, 0x0c, 0x08, 0xff,
    0x08, 0x0c, 0x08, 0xff, 0x08, 0x08, 0x08, 0xff, 0x10, 0x0c, 0x10, 0xff,
    0x08, 0x0c, 0x08, 0xff, 0x08, 0x08, 0x08, 0xff, 0x10, 0x0c, 0x10, 0xff,
    0x08, 0x0c, 0x08, 0xff, 0x08, 0x08, 0x08, 0xff, 0x10, 0x0c, 0x10, 0xff,
    0x08, 0x0c, 0x08, 0xff, 0x10, 0x08, 0x10, 0xff, 0x08, 0x0c, 0x08, 0xff,
    0x08, 0x0c, 0x08, 0xff, 0x08, 0x08, 0x08, 0xff, 0x08, 0x0c, 0x08, 0xff,
    0x10, 0x08, 0x10, 0xff, 0x08, 0x08, 0x08, 0xff, 0x08, 0x0c, 0x08, 0xff,
    0x08, 0x0c, 0x08, 0xff, 0x08, 0x08, 0x08, 0xff, 0x08, 0x0c, 0x08, 0xff,
    0x08, 0x08, 0x08, 0xff, 0x08, 0x0c, 0x08, 0xff, 0x08, 0x08, 0x08, 0xff,
    0x10, 0x0c, 0x10, 0xff, 0x08, 0x08, 0x08, 0xff, 0x08, 0x08, 0x08, 0xff,
    0x08, 0x0c, 0x08, 0xff, 0x08, 0x08, 0x08, 0xff, 0x10, 0x0c, 0x10, 0xff,
    0x38, 0x34, 0x38, 0xff, 0x30, 0x34, 0x30, 0xff, 0x30, 0x34, 0x30, 0xff,
    0x38, 0x34, 0x38, 0xff, 0x00, 0x00, 0x00, 0x00, 0x00, 0x00, 0x00, 0x00,
    0x00, 0x00, 0x00, 0x00, 0x00, 0x00, 0x00, 0x00, 0x00, 0x00, 0x00, 0x00,
    0x00, 0x00, 0x00, 0x00, 0x00, 0x00, 0x00, 0x00, 0x00, 0x00, 0x00, 0x00,
    0x00, 0x00, 0x00, 0x00, 0x00, 0x00, 0x00, 0x00, 0x00, 0x00, 0x00, 0x00,
    0x00, 0x00, 0x00, 0x00, 0x00, 0x00, 0x00, 0x00, 0x00, 0x00, 0x00, 0x00,
    0x00, 0x00, 0x00, 0x00, 0x00, 0x00, 0x00, 0x00, 0x30, 0x34, 0x30, 0xff,
    0x38, 0x34, 0x38, 0xff, 0x30, 0x30, 0x30, 0xff, 0x38, 0x34, 0x38, 0xff,
    0x08, 0x0c, 0x08, 0xff, 0x08, 0x08, 0x08, 0xff, 0x08, 0x0c, 0x08, 0xff,
    0x10, 0x0c, 0x10, 0xff, 0x08, 0x08, 0x08, 0xff, 0x08, 0x0c, 0x08, 0xff,
    0x10, 0x08, 0x10, 0xff, 0x08, 0x08, 0x08, 0xff, 0x08, 0x0c, 0x08, 0xff,
    0x10, 0x08, 0x10, 0xff, 0x08, 0x0c, 0x08, 0xff, 0x08, 0x0c, 0x08, 0xff,
    0x08, 0x08, 0x08, 0xff, 0x10, 0x0c, 0x10, 0xff, 0x08, 0x08, 0x08, 0xff,
    0x08, 0x0c, 0x08, 0xff, 0x10, 0x08, 0x10, 0xff, 0x08, 0x0c, 0x08, 0xff,
    0x08, 0x08, 0x08, 0xff, 0x08, 0x0c, 0x08, 0xff, 0x08, 0x0c, 0x08, 0xff,
    0x10, 0x08, 0x10, 0xff, 0x08, 0x08, 0x08, 0xff, 0x08, 0x0c, 0x08, 0xff,
    0x10, 0x08, 0x10, 0xff, 0x08, 0x08, 0x08, 0xff, 0x08, 0x0c, 0x08, 0xff,
    0x08, 0x08, 0x08, 0xff, 0x08, 0x08, 0x08, 0xff, 0x08, 0x0c, 0x08, 0xff,
    0x08, 0x08, 0x08, 0xff, 0x08, 0x08, 0x08, 0xff, 0x08, 0x0c, 0x08, 0xff,
    0x10, 0x08, 0x10, 0xff, 0x08, 0x08, 0x08, 0xff, 0x08, 0x0c, 0x08, 0xff,
    0x08, 0x08, 0x08, 0xff, 0x10, 0x08, 0x10, 0xff, 0x08, 0x0c, 0x08, 0xff,
    0x08, 0x0c, 0x08, 0xff, 0x08, 0x08, 0x08, 0xff, 0x08, 0x0c, 0x08, 0xff,
    0x10, 0x08, 0x10, 0xff, 0x08, 0x08, 0x08, 0xff, 0x08, 0x0c, 0x08, 0xff,
    0x10, 0x08, 0x10, 0xff, 0x08, 0x0c, 0x08, 0xff, 0x08, 0x0c, 0x08, 0xff,
    0x10, 0x08, 0x10, 0xff, 0x08, 0x0c, 0x08, 0xff, 0x08, 0x0c, 0x08, 0xff,
    0x08, 0x08, 0x08, 0xff, 0x10, 0x0c, 0x10, 0xff, 0x08, 0x08, 0x08, 0xff,
    0x08, 0x08, 0x08, 0xff, 0x08, 0x08, 0x08, 0xff, 0x30, 0x34, 0x30, 0xff,
    0x38, 0x34, 0x38, 0xff, 0x30, 0x30, 0x30, 0xff, 0x30, 0x34, 0x30, 0xff,
    0x00, 0x00, 0x00, 0x00, 0x00, 0x00, 0x00, 0x00, 0x00, 0x00, 0x00, 0x00,
    0x00, 0x00, 0x00, 0x00, 0x00, 0x00, 0x00, 0x00, 0x00, 0x00, 0x00, 0x00,
    0x00, 0x00, 0x00, 0x00, 0x00, 0x00, 0x00, 0x00, 0x00, 0x00, 0x00, 0x00,
    0x00, 0x00, 0x00, 0x00, 0x00, 0x00, 0x00, 0x00, 0x00, 0x00, 0x00, 0x00,
    0x00, 0x00, 0x00, 0x00, 0x00, 0x00, 0x00, 0x00, 0x00, 0x00, 0x00, 0x00,
    0x00, 0x00, 0x00, 0x00, 0x38, 0x34, 0x38, 0xff, 0x30, 0x34, 0x30, 0xff,
    0x30, 0x34, 0x30, 0xff, 0x38, 0x34, 0x38, 0xff, 0x08, 0x08, 0x08, 0xff,
    0x08, 0x08, 0x08, 0xff, 0x08, 0x0c, 0x08, 0xff, 0x08, 0x08, 0x08, 0xff,
    0x08, 0x0c, 0x08, 0xff, 0x08, 0x0c, 0x08, 0xff, 0x08, 0x08, 0x08, 0xff,
    0x08, 0x0c, 0x08, 0xff, 0x08, 0x08, 0x08, 0xff, 0x08, 0x08, 0x08, 0xff,
    0x08, 0x0c, 0x08, 0xff, 0x08, 0x08, 0x08, 0xff, 0x10, 0x0c, 0x10, 0xff,
    0x08, 0x08, 0x08, 0xff, 0x08, 0x0c, 0x08, 0xff, 0x10, 0x08, 0x10, 0xff,
    0x08, 0x0c, 0x08, 0xff, 0x08, 0x0c, 0x08, 0xff, 0x10, 0x08, 0x10, 0xff,
    0x08, 0x08, 0x08, 0xff, 0x08, 0x0c, 0x08, 0xff, 0x08, 0x0c, 0x08, 0xff,
    0x10, 0x08, 0x10, 0xff, 0x08, 0x0c, 0x08, 0xff, 0x08, 0x0c, 0x08, 0xff,
    0x10, 0x08, 0x10, 0xff, 0x08, 0x0c, 0x08, 0xff, 0x10, 0x0c, 0x10, 0xff,
    0x08, 0x08, 0x08, 0xff, 0x10, 0x0c, 0x10, 0xff, 0x08, 0x0c, 0x08, 0xff,
    0x08, 0x08, 0x08, 0xff, 0x10, 0x0c, 0x10, 0xff, 0x08, 0x0c, 0x08, 0xff,
    0x08, 0x08, 0x08, 0xff, 0x08, 0x0c, 0x08, 0xff, 0x08, 0x0c, 0x08, 0xff,
    0x10, 0x08, 0x10, 0xff, 0x08, 0x08, 0x08, 0xff, 0x10, 0x0c, 0x10, 0xff,
    0x08, 0x08, 0x08, 0xff, 0x08, 0x0c, 0x08, 0xff, 0x08, 0x0c, 0x08, 0xff,
    0x10, 0x08, 0x10, 0xff, 0x08, 0x08, 0x08, 0xff, 0x08, 0x0c, 0x08, 0xff,
    0x10, 0x08, 0x10, 0xff, 0x08, 0x08, 0x08, 0xff, 0x08, 0x0c, 0x08, 0xff,
    0x10, 0x08, 0x10, 0xff, 0x08, 0x08, 0x08, 0xff, 0x08, 0x0c, 0x08, 0xff,
    0x10, 0x0c, 0x10, 0xff, 0x08, 0x0c, 0x08, 0xff, 0x08, 0x08, 0x08, 0xff,
    0x08, 0x0c, 0x08, 0xff, 0x38, 0x34, 0x38, 0xff, 0x30, 0x30, 0x30, 0xff,
    0x38, 0x34, 0x38, 0xff, 0x30, 0x34, 0x30, 0xff, 0x00, 0x00, 0x00, 0x00,
    0x00, 0x00, 0x00, 0x00, 0x00, 0x00, 0x00, 0x00, 0x00, 0x00, 0x00, 0x00,
    0x00, 0x00, 0x00, 0x00, 0x00, 0x00, 0x00, 0x00, 0x00, 0x00, 0x00, 0x00,
    0x00, 0x00, 0x00, 0x00, 0x00, 0x00, 0x00, 0x00, 0x00, 0x00, 0x00, 0x00,
    0x00, 0x00, 0x00, 0x00, 0x00, 0x00, 0x00, 0x00, 0x00, 0x00, 0x00, 0x00,
    0x00, 0x00, 0x00, 0x00, 0x00, 0x00, 0x00, 0x00, 0x00, 0x00, 0x00, 0x00,
    0x30, 0x30, 0x30, 0xff, 0x30, 0x34, 0x30, 0xff, 0x38, 0x34, 0x38, 0xff,
    0x30, 0x34, 0x30, 0xff, 0x08, 0x08, 0x08, 0xff, 0x10, 0x0c, 0x10, 0xff,
    0x10, 0x08, 0x10, 0xff, 0x08, 0x08, 0x08, 0xff, 0x10, 0x0c, 0x10, 0xff,
    0x08, 0x08, 0x08, 0xff, 0x10, 0x0c, 0x10, 0xff, 0x08, 0x0c, 0x08, 0xff,
    0x10, 0x08, 0x10, 0xff, 0x08, 0x0c, 0x08, 0xff, 0x08, 0x08, 0x08, 0xff,
    0x10, 0x08, 0x10, 0xff, 0x08, 0x0c, 0x08, 0xff, 0x08, 0x0c, 0x08, 0xff,
    0x08, 0x08, 0x08, 0xff, 0x08, 0x08, 0x08, 0xff, 0x08, 0x0c, 0x08, 0xff,
    0x08, 0x08, 0x08, 0xff, 0x10, 0x0c, 0x10, 0xff, 0x08, 0x08, 0x08, 0xff,
    0x08, 0x08, 0x08, 0xff, 0x08, 0x0c, 0x08, 0xff, 0x08, 0x08, 0x08, 0xff,
    0x08, 0x08, 0x08, 0xff, 0x08, 0x0c, 0x08, 0xff, 0x08, 0x08, 0x08, 0xff,
    0x08, 0x08, 0x08, 0xff, 0x08, 0x0c, 0x08, 0xff, 0x10, 0x08, 0x10, 0xff,
    0x08, 0x08, 0x08, 0xff, 0x08, 0x0c, 0x08, 0xff, 0x10, 0x08, 0x10, 0xff,
    0x08, 0x08, 0x08, 0xff, 0x08, 0x0c, 0x08, 0xff, 0x10, 0x08, 0x10, 0xff,
    0x08, 0x08, 0x08, 0xff, 0x08, 0x0c, 0x08, 0xff, 0x08, 0x0c, 0x08, 0xff,
    0x08, 0x08, 0x08, 0xff, 0x08, 0x08, 0x08, 0xff, 0x10, 0x0c, 0x10, 0xff,
    0x08, 0x08, 0x08, 0xff, 0x08, 0x0c, 0x08, 0xff, 0x08, 0x0c, 0x08, 0xff,
    0x08, 0x08, 0x08, 0xff, 0x08, 0x0c, 0x08, 0xff, 0x10, 0x0c, 0x10, 0xff,
    0x08, 0x08, 0x08, 0xff, 0x08, 0x0c, 0x08, 0xff, 0x08, 0x0c, 0x08, 0xff,
    0x08, 0x08, 0x08, 0xff, 0x08, 0x08, 0x08, 0xff, 0x08, 0x0c, 0x08, 0xff,
    0x10, 0x08, 0x10, 0xff, 0x08, 0x0c, 0x08, 0xff, 0x08, 0x08, 0x08, 0xff,
    0x38, 0x34, 0x38, 0xff, 0x30, 0x34, 0x30, 0xff, 0x30, 0x34, 0x30, 0xff,
    0x38, 0x34, 0x38, 0xff, 0x00, 0x00, 0x00, 0x00, 0x00, 0x00, 0x00, 0x00,
    0x00, 0x00, 0x00, 0x00, 0x00, 0x00, 0x00, 0x00, 0x00, 0x00, 0x00, 0x00,
    0x00, 0x00, 0x00, 0x00, 0x00, 0x00, 0x00, 0x00, 0x00, 0x00, 0x00, 0x00,
    0x00, 0x00, 0x00, 0x00, 0x00, 0x00, 0x00, 0x00, 0x00, 0x00, 0x00, 0x00,
    0x00, 0x00, 0x00, 0x00, 0x00, 0x00, 0x00, 0x00, 0x00, 0x00, 0x00, 0x00,
    0x00, 0x00, 0x00, 0x00, 0x00, 0x00, 0x00, 0x00, 0x30, 0x34, 0x30, 0xff,
    0x38, 0x30, 0x38, 0xff, 0x30, 0x34, 0x30, 0xff, 0x30, 0x34, 0x30, 0xff,
    0x08, 0x08, 0x08, 0xff, 0x08, 0x0c, 0x08, 0xff, 0x08, 0x0c, 0x08, 0xff,
    0x08, 0x08, 0x08, 0xff, 0x08, 0x08, 0x08, 0xff, 0x10, 0x0c, 0x10, 0xff,
    0x08, 0x08, 0x08, 0xff, 0x08, 0x08, 0x08, 0xff, 0x10, 0x0c, 0x10, 0xff,
    0x08, 0x0c, 0x08, 0xff, 0x08, 0x08, 0x08, 0xff, 0x10, 0x0c, 0x10, 0xff,
    0x08, 0x08, 0x08, 0xff, 0x08, 0x0c, 0x08, 0xff, 0x10, 0x08, 0x10, 0xff,
    0x08, 0x0c, 0x08, 0xff, 0x08, 0x08, 0x08, 0xff, 0x10, 0x0c, 0x10, 0xff,
    0x08, 0x0c, 0x08, 0xff, 0x08, 0x08, 0x08, 0xff, 0x10, 0x0c, 0x10, 0xff,
    0x10, 0x0c, 0x10, 0xff, 0x08, 0x08, 0x08, 0xff, 0x08, 0x0c, 0x08, 0xff,
    0x10, 0x0c, 0x10, 0xff, 0x08, 0x08, 0x08, 0xff, 0x08, 0x0c, 0x08, 0xff,
    0x08, 0x0c, 0x08, 0xff, 0x08, 0x08, 0x08, 0xff, 0x08, 0x0c, 0x08, 0xff,
    0x08, 0x0c, 0x08, 0xff, 0x08, 0x08, 0x08, 0xff, 0x08, 0x0c, 0x08, 0xff,
    0x08, 0x0c, 0x08, 0xff, 0x10, 0x08, 0x10, 0xff, 0x08, 0x08, 0x08, 0xff,
    0x08, 0x0c, 0x08, 0xff, 0x10, 0x08, 0x10, 0xff, 0x08, 0x0c, 0x08, 0xff,
    0x08, 0x0c, 0x08, 0xff, 0x08, 0x08, 0x08, 0xff, 0x10, 0x08, 0x10, 0xff,
    0x08, 0x0c, 0x08, 0xff, 0x10, 0x08, 0x10, 0xff, 0x08, 0x08, 0x08, 0xff,
    0x08, 0x0c, 0x08, 0xff, 0x08, 0x08, 0x08, 0xff, 0x10, 0x08, 0x10, 0xff,
    0x08, 0x0c, 0x08, 0xff, 0x08, 0x0c, 0x08, 0xff, 0x10, 0x08, 0x10, 0xff,
    0x08, 0x0c, 0x08, 0xff, 0x08, 0x08, 0x08, 0xff, 0x08, 0x08, 0x08, 0xff,
    0x08, 0x0c, 0x08, 0xff, 0x08, 0x08, 0x08, 0xff, 0x38, 0x34, 0x38, 0xff,
    0x30, 0x34, 0x30, 0xff, 0x30, 0x30, 0x30, 0xff, 0x38, 0x34, 0x38, 0xff,
    0x00, 0x00, 0x00, 0x00, 0x00, 0x00, 0x00, 0x00, 0x00, 0x00, 0x00, 0x00,
    0x00, 0x00, 0x00, 0x00, 0x00, 0x00, 0x00, 0x00, 0x00, 0x00, 0x00, 0x00,
    0x00, 0x00, 0x00, 0x00, 0x00, 0x00, 0x00, 0x00, 0x00, 0x00, 0x00, 0x00,
    0x00, 0x00, 0x00, 0x00, 0x00, 0x00, 0x00, 0x00, 0x00, 0x00, 0x00, 0x00,
    0x00, 0x00, 0x00, 0x00, 0x00, 0x00, 0x00, 0x00, 0x00, 0x00, 0x00, 0x00,
    0x00, 0x00, 0x00, 0x00, 0x38, 0x34, 0x38, 0xff, 0x30, 0x34, 0x30, 0xff,
    0x38, 0x30, 0x38, 0xff, 0x38, 0x34, 0x38, 0xff, 0x08, 0x08, 0x08, 0xff,
    0x08, 0x08, 0x08, 0xff, 0x10, 0x0c, 0x10, 0xff, 0x08, 0x0c, 0x08, 0xff,
    0x08, 0x08, 0x08, 0xff, 0x08, 0x0c, 0x08, 0xff, 0x08, 0x08, 0x08, 0xff,
    0x08, 0x08, 0x08, 0xff, 0x08, 0x0c, 0x08, 0xff, 0x08, 0x08, 0x08, 0xff,
    0x08, 0x0c, 0x08, 0xff, 0x08, 0x08, 0x08, 0xff, 0x08, 0x0c, 0x08, 0xff,
    0x10, 0x08, 0x10, 0xff, 0x08, 0x0c, 0x08, 0xff, 0x08, 0x08, 0x08, 0xff,
    0x10, 0x0c, 0x10, 0xff, 0x08, 0x08, 0x08, 0xff, 0x08, 0x08, 0x08, 0xff,
    0x08, 0x0c, 0x08, 0xff, 0x08, 0x08, 0x08, 0xff, 0x08, 0x08, 0x08, 0xff,
    0x08, 0x0c, 0x08, 0xff, 0x10, 0x08, 0x10, 0xff, 0x08, 0x08, 0x08, 0xff,
    0x10, 0x0c, 0x10, 0xff, 0x08, 0x08, 0x08, 0xff, 0x10, 0x08, 0x10, 0xff,
    0x08, 0x0c, 0x08, 0xff, 0x10, 0x08, 0x10, 0xff, 0x08, 0x08, 0x08, 0xff,
    0x10, 0x0c, 0x10, 0xff, 0x08, 0x08, 0x08, 0xff, 0x08, 0x0c, 0x08, 0xff,
    0x08, 0x0c, 0x08, 0xff, 0x08, 0x08, 0x08, 0xff, 0x10, 0x0c, 0x10, 0xff,
    0x08, 0x08, 0x08, 0xff, 0x08, 0x08, 0x08, 0xff, 0x10, 0x0c, 0x10, 0xff,
    0x08, 0x0c, 0x08, 0xff, 0x08, 0x08, 0x08, 0xff, 0x08, 0x0c, 0x08, 0xff,
    0x08, 0x0c, 0x08, 0xff, 0x10, 0x08, 0x10, 0xff, 0x08, 0x0c, 0x08, 0xff,
    0x08, 0x0c, 0x08, 0xff, 0x08, 0x08, 0x08, 0xff, 0x10, 0x08, 0x10, 0xff,
    0x08, 0x08, 0x08, 0xff, 0x08, 0x0c, 0x08, 0xff, 0x10, 0x0c, 0x10, 0xff,
    0x08, 0x08, 0x08, 0xff, 0x10, 0x0c, 0x10, 0xff, 0x08, 0x0c, 0x08, 0xff,
    0x08, 0x08, 0x08, 0xff, 0x38, 0x34, 0x38, 0xff, 0x30, 0x34, 0x30, 0xff,
    0x30, 0x30, 0x30, 0xff, 0x38, 0x34, 0x38, 0xff, 0x00, 0x00, 0x00, 0x00,
    0x00, 0x00, 0x00, 0x00, 0x00, 0x00, 0x00, 0x00, 0x00, 0x00, 0x00, 0x00,
    0x00, 0x00, 0x00, 0x00, 0x00, 0x00, 0x00, 0x00, 0x00, 0x00, 0x00, 0x00,
    0x00, 0x00, 0x00, 0x00, 0x00, 0x00, 0x00, 0x00, 0x00, 0x00, 0x00, 0x00,
    0x00, 0x00, 0x00, 0x00, 0x00, 0x00, 0x00, 0x00, 0x00, 0x00, 0x00, 0x00,
    0x00, 0x00, 0x00, 0x00, 0x00, 0x00, 0x00, 0x00, 0x00, 0x00, 0x00, 0x00,
    0x30, 0x34, 0x30, 0xff, 0x30, 0x34, 0x30, 0xff, 0x30, 0x34, 0x30, 0xff,
    0x38, 0x34, 0x38, 0xff, 0x08, 0x08, 0x08, 0xff, 0x08, 0x08, 0x08, 0xff,
    0x10, 0x0c, 0x10, 0xff, 0x08, 0x08, 0x08, 0xff, 0x08, 0x0c, 0x08, 0xff,
    0x10, 0x0c, 0x10, 0xff, 0x08, 0x0c, 0x08, 0xff, 0x08, 0x08, 0x08, 0xff,
    0x10, 0x0c, 0x10, 0xff, 0x08, 0x08, 0x08, 0xff, 0x10, 0x08, 0x10, 0xff,
    0x08, 0x0c, 0x08, 0xff, 0x08, 0x08, 0x08, 0xff, 0x08, 0x0c, 0x08, 0xff,
    0x08, 0x08, 0x08, 0xff, 0x08, 0x0c, 0x08, 0xff, 0x08, 0x08, 0x08, 0xff,
    0x08, 0x0c, 0x08, 0xff, 0x10, 0x08, 0x10, 0xff, 0x08, 0x0c, 0x08, 0xff,
    0x08, 0x0c, 0x08, 0xff, 0x08, 0x08, 0x08, 0xff, 0x10, 0x0c, 0x10, 0xff,
    0x08, 0x0c, 0x08, 0xff, 0x08, 0x08, 0x08, 0xff, 0x08, 0x0c, 0x08, 0xff,
    0x08, 0x08, 0x08, 0xff, 0x08, 0x0c, 0x08, 0xff, 0x10, 0x0c, 0x10, 0xff,
    0x08, 0x08, 0x08, 0xff, 0x08, 0x0c, 0x08, 0xff, 0x08, 0x08, 0x08, 0xff,
    0x10, 0x08, 0x10, 0xff, 0x08, 0x0c, 0x08, 0xff, 0x08, 0x08, 0x08, 0xff,
    0x10, 0x0c, 0x10, 0xff, 0x08, 0x0c, 0x08, 0xff, 0x08, 0x08, 0x08, 0xff,
    0x08, 0x0c, 0x08, 0xff, 0x10, 0x08, 0x10, 0xff, 0x08, 0x08, 0x08, 0xff,
    0x08, 0x0c, 0x08, 0xff, 0x10, 0x08, 0x10, 0xff, 0x08, 0x08, 0x08, 0xff,
    0x08, 0x0c, 0x08, 0xff, 0x10, 0x08, 0x10, 0xff, 0x08, 0x0c, 0x08, 0xff,
    0x08, 0x0c, 0x08, 0xff, 0x08, 0x08, 0x08, 0xff, 0x08, 0x0c, 0x08, 0xff,
    0x08, 0x08, 0x08, 0xff, 0x08, 0x08, 0x08, 0xff, 0x10, 0x0c, 0x10, 0xff,
    0x08, 0x08, 0x08, 0xff, 0x08, 0x08, 0x08, 0xff, 0x10, 0x0c, 0x10, 0xff,
    0x30, 0x34, 0x30, 0xff, 0x38, 0x34, 0x38, 0xff, 0x30, 0x34, 0x30, 0xff,
    0x30, 0x34, 0x30, 0xff, 0x00, 0x00, 0x00, 0x00, 0x00, 0x00, 0x00, 0x00,
    0x00, 0x00, 0x00, 0x00, 0x00, 0x00, 0x00, 0x00, 0x00, 0x00, 0x00, 0x00,
    0x00, 0x00, 0x00, 0x00, 0x00, 0x00, 0x00, 0x00, 0x00, 0x00, 0x00, 0x00,
    0x00, 0x00, 0x00, 0x00, 0x00, 0x00, 0x00, 0x00, 0x00, 0x00, 0x00, 0x00,
    0x00, 0x00, 0x00, 0x00, 0x00, 0x00, 0x00, 0x00, 0x00, 0x00, 0x00, 0x00,
    0x00, 0x00, 0x00, 0x00, 0x00, 0x00, 0x00, 0x00, 0x30, 0x30, 0x30, 0xff,
    0x38, 0x34, 0x38, 0xff, 0x30, 0x34, 0x30, 0xff, 0x30, 0x34, 0x30, 0xff,
    0x08, 0x08, 0x08, 0xff, 0x08, 0x0c, 0x08, 0xff, 0x08, 0x08, 0x08, 0xff,
    0x08, 0x08, 0x08, 0xff, 0x10, 0x08, 0x10, 0xff, 0x08, 0x0c, 0x08, 0xff,
    0x08, 0x08, 0x08, 0xff, 0x10, 0x0c, 0x10, 0xff, 0x08, 0x0c, 0x08, 0xff,
    0x08, 0x08, 0x08, 0xff, 0x10, 0x0c, 0x10, 0xff, 0x08, 0x0c, 0x08, 0xff,
    0x08, 0x08, 0x08, 0xff, 0x10, 0x08, 0x10, 0xff, 0x10, 0x0c, 0x10, 0xff,
    0x08, 0x08, 0x08, 0xff, 0x08, 0x0c, 0x08, 0xff, 0x10, 0x0c, 0x10, 0xff,
    0x08, 0x08, 0x08, 0xff, 0x08, 0x08, 0x08, 0xff, 0x10, 0x0c, 0x10, 0xff,
    0x08, 0x08, 0x08, 0xff, 0x08, 0x08, 0x08, 0xff, 0x08, 0x0c, 0x08, 0xff,
    0x08, 0x0c, 0x08, 0xff, 0x10, 0x08, 0x10, 0xff, 0x08, 0x0c, 0x08, 0xff,
    0x08, 0x08, 0x08, 0xff, 0x08, 0x08, 0x08, 0xff, 0x08, 0x0c, 0x08, 0xff,
    0x08, 0x0c, 0x08, 0xff, 0x08, 0x08, 0x08, 0xff, 0x10, 0x0c, 0x10, 0xff,
    0x08, 0x08, 0x08, 0xff, 0x08, 0x08, 0x08, 0xff, 0x08, 0x0c, 0x08, 0xff,
    0x08, 0x08, 0x08, 0xff, 0x08, 0x0c, 0x08, 0xff, 0x10, 0x0c, 0x10, 0xff,
    0x08, 0x08, 0x08, 0xff, 0x08, 0x0c, 0x08, 0xff, 0x08, 0x0c, 0x08, 0xff,
    0x10, 0x08, 0x10, 0xff, 0x08, 0x0c, 0x08, 0xff, 0x08, 0x08, 0x08, 0xff,
    0x08, 0x08, 0x08, 0xff, 0x10, 0x0c, 0x10, 0xff, 0x08, 0x08, 0x08, 0xff,
    0x08, 0x0c, 0x08, 0xff, 0x10, 0x0c, 0x10, 0xff, 0x08, 0x08, 0x08, 0xff,
    0x08, 0x0c, 0x08, 0xff, 0x08, 0x0c, 0x08, 0xff, 0x08, 0x08, 0x08, 0xff,
    0x08, 0x08, 0x08, 0xff, 0x08, 0x0c, 0x08, 0xff, 0x38, 0x34, 0x38, 0xff,
    0x30, 0x30, 0x30, 0xff, 0x38, 0x34, 0x38, 0xff, 0x30, 0x30, 0x30, 0xff,
    0x00, 0x00, 0x00, 0x00, 0x00, 0x00, 0x00, 0x00, 0x00, 0x00, 0x00, 0x00,
    0x00, 0x00, 0x00, 0x00, 0x00, 0x00, 0x00, 0x00, 0x00, 0x00, 0x00, 0x00,
    0x00, 0x00, 0x00, 0x00, 0x00, 0x00, 0x00, 0x00, 0x00, 0x00, 0x00, 0x00,
    0x00, 0x00, 0x00, 0x00, 0x00, 0x00, 0x00, 0x00, 0x00, 0x00, 0x00, 0x00,
    0x00, 0x00, 0x00, 0x00, 0x00, 0x00, 0x00, 0x00, 0x00, 0x00, 0x00, 0x00,
    0x00, 0x00, 0x00, 0x00, 0x38, 0x34, 0x38, 0xff, 0x30, 0x30, 0x30, 0xff,
    0x38, 0x34, 0x38, 0xff, 0x38, 0x34, 0x38, 0xff, 0x08, 0x08, 0x08, 0xff,
    0x10, 0x0c, 0x10, 0xff, 0x08, 0x0c, 0x08, 0xff, 0x08, 0x0c, 0x08, 0xff,
    0x08, 0x08, 0x08, 0xff, 0x08, 0x08, 0x08, 0xff, 0x08, 0x0c, 0x08, 0xff,
    0x08, 0x08, 0x08, 0xff, 0x08, 0x08, 0x08, 0xff, 0x08, 0x0c, 0x08, 0xff,
    0x08, 0x08, 0x08, 0xff, 0x08, 0x0c, 0x08, 0xff, 0x08, 0x0c, 0x08, 0xff,
    0x08, 0x08, 0x08, 0xff, 0x08, 0x0c, 0x08, 0xff, 0x08, 0x08, 0x08, 0xff,
    0x10, 0x08, 0x10, 0xff, 0x08, 0x0c, 0x08, 0xff, 0x08, 0x08, 0x08, 0xff,
    0x08, 0x0c, 0x08, 0xff, 0x10, 0x0c, 0x10, 0xff, 0x08, 0x08, 0x08, 0xff,
    0x08, 0x08, 0x08, 0xff, 0x10, 0x0c, 0x10, 0xff, 0x08, 0x08, 0x08, 0xff,
    0x08, 0x08, 0x08, 0xff, 0x10, 0x0c, 0x10, 0xff, 0x08, 0x0c, 0x08, 0xff,
    0x08, 0x08, 0x08, 0xff, 0x10, 0x08, 0x10, 0xff, 0x08, 0x0c, 0x08, 0xff,
    0x08, 0x0c, 0x08, 0xff, 0x08, 0x08, 0x08, 0xff, 0x10, 0x0c, 0x10, 0xff,
    0x08, 0x0c, 0x08, 0xff, 0x10, 0x08, 0x10, 0xff, 0x08, 0x08, 0x08, 0xff,
    0x08, 0x0c, 0x08, 0xff, 0x08, 0x08, 0x08, 0xff, 0x08, 0x08, 0x08, 0xff,
    0x08, 0x0c, 0x08, 0xff, 0x08, 0x08, 0x08, 0xff, 0x08, 0x0c, 0x08, 0xff,
    0x08, 0x0c, 0x08, 0xff, 0x08, 0x08, 0x08, 0xff, 0x08, 0x0c, 0x08, 0xff,
    0x08, 0x08, 0x08, 0xff, 0x10, 0x08, 0x10, 0xff, 0x08, 0x0c, 0x08, 0xff,
    0x08, 0x08, 0x08, 0xff, 0x10, 0x08, 0x10, 0xff, 0x08, 0x0c, 0x08, 0xff,
    0x10, 0x0c, 0x10, 0xff, 0x08, 0x08, 0x08, 0xff, 0x08, 0x0c, 0x08, 0xff,
    0x08, 0x08, 0x08, 0xff, 0x38, 0x34, 0x38, 0xff, 0x30, 0x34, 0x30, 0xff,
    0x30, 0x34, 0x30, 0xff, 0x38, 0x34, 0x38, 0xff, 0x00, 0x00, 0x00, 0x00,
    0x00, 0x00, 0x00, 0x00, 0x00, 0x00, 0x00, 0x00, 0x00, 0x00, 0x00, 0x00,
    0x00, 0x00, 0x00, 0x00, 0x00, 0x00, 0x00, 0x00, 0x00, 0x00, 0x00, 0x00,
    0x00, 0x00, 0x00, 0x00, 0x00, 0x00, 0x00, 0x00, 0x00, 0x00, 0x00, 0x00,
    0x00, 0x00, 0x00, 0x00, 0x00, 0x00, 0x00, 0x00, 0x00, 0x00, 0x00, 0x00,
    0x00, 0x00, 0x00, 0x00, 0x00, 0x00, 0x00, 0x00, 0x00, 0x00, 0x00, 0x00,
    0x30, 0x34, 0x30, 0xff, 0x30, 0x34, 0x30, 0xff, 0x30, 0x34, 0x30, 0xff,
    0x38, 0x34, 0x38, 0xff, 0x08, 0x08, 0x08, 0xff, 0x08, 0x08, 0x08, 0xff,
    0x10, 0x0c, 0x10, 0xff, 0x08, 0x0c, 0x08, 0xff, 0x10, 0x08, 0x10, 0xff,
    0x08, 0x0c, 0x08, 0xff, 0x10, 0x0c, 0x10, 0xff, 0x08, 0x08, 0x08, 0xff,
    0x10, 0x0c, 0x10, 0xff, 0x08, 0x08, 0x08, 0xff, 0x10, 0x08, 0x10, 0xff,
    0x08, 0x0c, 0x08, 0xff, 0x10, 0x08, 0x10, 0xff, 0x08, 0x0c, 0x08, 0xff,
    0x08, 0x0c, 0x08, 0xff, 0x10, 0x08, 0x10, 0xff, 0x08, 0x0c, 0x08, 0xff,
    0x08, 0x08, 0x08, 0xff, 0x08, 0x0c, 0x08, 0xff, 0x08, 0x08, 0x08, 0xff,
    0x08, 0x0c, 0x08, 0xff, 0x08, 0x0c, 0x08, 0xff, 0x10, 0x08, 0x10, 0xff,
    0x08, 0x0c, 0x08, 0xff, 0x08, 0x0c, 0x08, 0xff, 0x08, 0x08, 0x08, 0xff,
    0x08, 0x0c, 0x08, 0xff, 0x10, 0x0c, 0x10, 0xff, 0x08, 0x08, 0x08, 0xff,
    0x08, 0x08, 0x08, 0xff, 0x10, 0x0c, 0x10, 0xff, 0x08, 0x08, 0x08, 0xff,
    0x08, 0x08, 0x08, 0xff, 0x08, 0x0c, 0x08, 0xff, 0x08, 0x0c, 0x08, 0xff,
    0x10, 0x08, 0x10, 0xff, 0x08, 0x0c, 0x08, 0xff, 0x08, 0x08, 0x08, 0xff,
    0x10, 0x0c, 0x10, 0xff, 0x10, 0x0c, 0x10, 0xff, 0x08, 0x08, 0x08, 0xff,
    0x10, 0x08, 0x10, 0xff, 0x08, 0x0c, 0x08, 0xff, 0x10, 0x08, 0x10, 0xff,
    0x10, 0x0c, 0x10, 0xff, 0x08, 0x0c, 0x08, 0xff, 0x08, 0x08, 0x08, 0xff,
    0x08, 0x0c, 0x08, 0xff, 0x08, 0x0c, 0x08, 0xff, 0x08, 0x08, 0x08, 0xff,
    0x08, 0x08, 0x08, 0xff, 0x10, 0x0c, 0x10, 0xff, 0x08, 0x08, 0x08, 0xff,
    0x08, 0x0c, 0x08, 0xff, 0x10, 0x08, 0x10, 0xff, 0x08, 0x08, 0x08, 0xff,
    0x30, 0x34, 0x30, 0xff, 0x38, 0x34, 0x38, 0xff, 0x30, 0x30, 0x30, 0xff,
    0x30, 0x34, 0x30, 0xff, 0x00, 0x00, 0x00, 0x00, 0x00, 0x00, 0x00, 0x00,
    0x00, 0x00, 0x00, 0x00, 0x00, 0x00, 0x00, 0x00, 0x00, 0x00, 0x00, 0x00,
    0x00, 0x00, 0x00, 0x00, 0x00, 0x00, 0x00, 0x00, 0x00, 0x00, 0x00, 0x00,
    0x00, 0x00, 0x00, 0x00, 0x00, 0x00, 0x00, 0x00, 0x00, 0x00, 0x00, 0x00,
    0x00, 0x00, 0x00, 0x00, 0x00, 0x00, 0x00, 0x00, 0x00, 0x00, 0x00, 0x00,
    0x00, 0x00, 0x00, 0x00, 0x00, 0x00, 0x00, 0x00, 0x30, 0x34, 0x30, 0xff,
    0x38, 0x30, 0x38, 0xff, 0x30, 0x34, 0x30, 0xff, 0x30, 0x34, 0x30, 0xff,
    0x08, 0x08, 0x08, 0xff, 0x08, 0x08, 0x08, 0xff, 0x08, 0x0c, 0x08, 0xff,
    0x08, 0x08, 0x08, 0xff, 0x08, 0x08, 0x08, 0xff, 0x10, 0x0c, 0x10, 0xff,
    0x08, 0x08, 0x08, 0xff, 0x08, 0x0c, 0x08, 0xff, 0x08, 0x0c, 0x08, 0xff,
    0x10, 0x08, 0x10, 0xff, 0x08, 0x0c, 0x08, 0xff, 0x08, 0x08, 0x08, 0xff,
    0x08, 0x08, 0x08, 0xff, 0x10, 0x0c, 0x10, 0xff, 0x08, 0x08, 0x08, 0xff,
    0x08, 0x0c, 0x08, 0xff, 0x08, 0x0c, 0x08, 0xff, 0x10, 0x08, 0x10, 0xff,
    0x10, 0x08, 0x10, 0xff, 0x08, 0x0c, 0x08, 0xff, 0x08, 0x08, 0x08, 0xff,
    0x10, 0x08, 0x10, 0xff, 0x08, 0x0c, 0x08, 0xff, 0x08, 0x08, 0x08, 0xff,
    0x10, 0x08, 0x10, 0xff, 0x08, 0x0c, 0x08, 0xff, 0x08, 0x08, 0x08, 0xff,
    0x08, 0x08, 0x08, 0xff, 0x08, 0x0c, 0x08, 0xff, 0x08, 0x0c, 0x08, 0xff,
    0x10, 0x08, 0x10, 0xff, 0x08, 0x0c, 0x08, 0xff, 0x08, 0x08, 0x08, 0xff,
    0x10, 0x08, 0x10, 0xff, 0x08, 0x0c, 0x08, 0xff, 0x08, 0x08, 0x08, 0xff,
    0x08, 0x0c, 0x08, 0xff, 0x08, 0x08, 0x08, 0xff, 0x08, 0x08, 0x08, 0xff,
    0x08, 0x0c, 0x08, 0xff, 0x08, 0x08, 0x08, 0xff, 0x08, 0x0c, 0x08, 0xff,
    0x08, 0x08, 0x08, 0xff, 0x08, 0x08, 0x08, 0xff, 0x08, 0x0c, 0x08, 0xff,
    0x10, 0x08, 0x10, 0xff, 0x08, 0x08, 0x08, 0xff, 0x10, 0x0c, 0x10, 0xff,
    0x10, 0x0c, 0x10, 0xff, 0x08, 0x08, 0x08, 0xff, 0x08, 0x0c, 0x08, 0xff,
    0x08, 0x08, 0x08, 0xff, 0x08, 0x0c, 0x08, 0xff, 0x08, 0x08, 0x08, 0xff,
    0x10, 0x0c, 0x10, 0xff, 0x08, 0x0c, 0x08, 0xff, 0x30, 0x34, 0x30, 0xff,
    0x38, 0x34, 0x38, 0xff, 0x30, 0x30, 0x30, 0xff, 0x30, 0x34, 0x30, 0xff,
    0x00, 0x00, 0x00, 0x00, 0x00, 0x00, 0x00, 0x00, 0x00, 0x00, 0x00, 0x00,
    0x00, 0x00, 0x00, 0x00, 0x00, 0x00, 0x00, 0x00, 0x00, 0x00, 0x00, 0x00,
    0x00, 0x00, 0x00, 0x00, 0x00, 0x00, 0x00, 0x00, 0x00, 0x00, 0x00, 0x00,
    0x00, 0x00, 0x00, 0x00, 0x00, 0x00, 0x00, 0x00, 0x00, 0x00, 0x00, 0x00,
    0x00, 0x00, 0x00, 0x00, 0x00, 0x00, 0x00, 0x00, 0x00, 0x00, 0x00, 0x00,
    0x00, 0x00, 0x00, 0x00, 0x38, 0x34, 0x38, 0xff, 0x30, 0x34, 0x30, 0xff,
    0x38, 0x30, 0x38, 0xff, 0x38, 0x34, 0x38, 0xff, 0x08, 0x0c, 0x08, 0xff,
    0x08, 0x08, 0x08, 0xff, 0x10, 0x0c, 0x10, 0xff, 0x08, 0x08, 0x08, 0xff,
    0x08, 0x0c, 0x08, 0xff, 0x08, 0x08, 0x08, 0xff, 0x08, 0x08, 0x08, 0xff,
    0x08, 0x0c, 0x08, 0xff, 0x08, 0x08, 0x08, 0xff, 0x08, 0x0c, 0x08, 0xff,
    0x08, 0x0c, 0x08, 0xff, 0x08, 0x08, 0x08, 0xff, 0x08, 0x0c, 0x08, 0xff,
    0x08, 0x08, 0x08, 0xff, 0x10, 0x08, 0x10, 0xff, 0x08, 0x0c, 0x08, 0xff,
    0x08, 0x08, 0x08, 0xff, 0x08, 0x0c, 0x08, 0xff, 0x08, 0x0c, 0x08, 0xff,
    0x08, 0x08, 0x08, 0xff, 0x10, 0x0c, 0x10, 0xff, 0x08, 0x0c, 0x08, 0xff,
    0x08, 0x08, 0x08, 0xff, 0x08, 0x0c, 0x08, 0xff, 0x08, 0x08, 0x08, 0xff,
    0x10, 0x0c, 0x10, 0xff, 0x08, 0x08, 0x08, 0xff, 0x10, 0x08, 0x10, 0xff,
    0x08, 0x0c, 0x08, 0xff, 0x08, 0x08, 0x08, 0xff, 0x08, 0x0c, 0x08, 0xff,
    0x08, 0x0c, 0x08, 0xff, 0x10, 0x08, 0x10, 0xff, 0x08, 0x0c, 0x08, 0xff,
    0x08, 0x08, 0x08, 0xff, 0x10, 0x0c, 0x10, 0xff, 0x08, 0x08, 0x08, 0xff,
    0x10, 0x0c, 0x10, 0xff, 0x08, 0x0c, 0x08, 0xff, 0x08, 0x08, 0x08, 0xff,
    0x10, 0x0c, 0x10, 0xff, 0x08, 0x0c, 0x08, 0xff, 0x08, 0x08, 0x08, 0xff,
    0x08, 0x0c, 0x08, 0xff, 0x08, 0x0c, 0x08, 0xff, 0x08, 0x08, 0x08, 0xff,
    0x08, 0x08, 0x08, 0xff, 0x08, 0x0c, 0x08, 0xff, 0x08, 0x08, 0x08, 0xff,
    0x10, 0x0c, 0x10, 0xff, 0x08, 0x08, 0x08, 0xff, 0x08, 0x0c, 0x08, 0xff,
    0x10, 0x08, 0x10, 0xff, 0x08, 0x0c, 0x08, 0xff, 0x08, 0x08, 0x08, 0xff,
    0x08, 0x08, 0x08, 0xff, 0x38, 0x34, 0x38, 0xff, 0x30, 0x34, 0x30, 0xff,
    0x38, 0x34, 0x38, 0xff, 0x38, 0x34, 0x38, 0xff, 0x00, 0x00, 0x00, 0x00,
    0x00, 0x00, 0x00, 0x00, 0x00, 0x00, 0x00, 0x00, 0x00, 0x00, 0x00, 0x00,
    0x00, 0x00, 0x00, 0x00, 0x00, 0x00, 0x00, 0x00, 0x00, 0x00, 0x00, 0x00,
    0x00, 0x00, 0x00, 0x00, 0x00, 0x00, 0x00, 0x00, 0x00, 0x00, 0x00, 0x00,
    0x00, 0x00, 0x00, 0x00, 0x00, 0x00, 0x00, 0x00, 0x00, 0x00, 0x00, 0x00,
    0x00, 0x00, 0x00, 0x00, 0x00, 0x00, 0x00, 0x00, 0x00, 0x00, 0x00, 0x00,
    0x30, 0x34, 0x30, 0xff, 0x30, 0x34, 0x30, 0xff, 0x30, 0x34, 0x30, 0xff,
    0x38, 0x34, 0x38, 0xff, 0x08, 0x08, 0x08, 0xff, 0x08, 0x0c, 0x08, 0xff,
    0x10, 0x08, 0x10, 0xff, 0x08, 0x0c, 0x08, 0xff, 0x08, 0x0c, 0x08, 0xff,
    0x10, 0x08, 0x10, 0xff, 0x08, 0x0c, 0x08, 0xff, 0x10, 0x08, 0x10, 0xff,
    0x10, 0x08, 0x10, 0xff, 0x08, 0x0c, 0x08, 0xff, 0x10, 0x08, 0x10, 0xff,
    0x10, 0x0c, 0x10, 0xff, 0x08, 0x0c, 0x08, 0xff, 0x08, 0x08, 0x08, 0xff,
    0x08, 0x0c, 0x08, 0xff, 0x10, 0x08, 0x10, 0xff, 0x08, 0x08, 0x08, 0xff,
    0x08, 0x0c, 0x08, 0xff, 0x08, 0x08, 0x08, 0xff, 0x08, 0x08, 0x08, 0xff,
    0x08, 0x0c, 0x08, 0xff, 0x08, 0x08, 0x08, 0xff, 0x10, 0x0c, 0x10, 0xff,
    0x08, 0x0c, 0x08, 0xff, 0x08, 0x08, 0x08, 0xff, 0x08, 0x0c, 0x08, 0xff,
    0x08, 0x0c, 0x08, 0xff, 0x10, 0x0c, 0x10, 0xff, 0x08, 0x08, 0x08, 0xff,
    0x08, 0x08, 0x08, 0xff, 0x10, 0x0c, 0x10, 0xff, 0x08, 0x08, 0x08, 0xff,
    0x08, 0x0c, 0x08, 0xff, 0x08, 0x0c, 0x08, 0xff, 0x08, 0x08, 0x08, 0xff,
    0x08, 0x08, 0x08, 0xff, 0x10, 0x0c, 0x10, 0xff, 0x08, 0x08, 0x08, 0xff,
    0x08, 0x0c, 0x08, 0xff, 0x10, 0x08, 0x10, 0xff, 0x08, 0x08, 0x08, 0xff,
    0x10, 0x0c, 0x10, 0xff, 0x10, 0x08, 0x10, 0xff, 0x08, 0x08, 0x08, 0xff,
    0x10, 0x0c, 0x10, 0xff, 0x08, 0x0c, 0x08, 0xff, 0x08, 0x08, 0x08, 0xff,
    0x08, 0x0c, 0x08, 0xff, 0x08, 0x08, 0x08, 0xff, 0x08, 0x08, 0x08, 0xff,
    0x10, 0x0c, 0x10, 0xff, 0x08, 0x08, 0x08, 0xff, 0x08, 0x0c, 0x08, 0xff,
    0x10, 0x08, 0x10, 0xff, 0x08, 0x0c, 0x08, 0xff, 0x08, 0x08, 0x08, 0xff,
    0x38, 0x34, 0x38, 0xff, 0x30, 0x34, 0x30, 0xff, 0x30, 0x30, 0x30, 0xff,
    0x30, 0x34, 0x30, 0xff, 0x00, 0x00, 0x00, 0x00, 0x00, 0x00, 0x00, 0x00,
    0x00, 0x00, 0x00, 0x00, 0x00, 0x00, 0x00, 0x00, 0x00, 0x00, 0x00, 0x00,
    0x00, 0x00, 0x00, 0x00, 0x00, 0x00, 0x00, 0x00, 0x00, 0x00, 0x00, 0x00,
    0x00, 0x00, 0x00, 0x00, 0x00, 0x00, 0x00, 0x00, 0x00, 0x00, 0x00, 0x00,
    0x00, 0x00, 0x00, 0x00, 0x00, 0x00, 0x00, 0x00, 0x00, 0x00, 0x00, 0x00,
    0x00, 0x00, 0x00, 0x00, 0x00, 0x00, 0x00, 0x00, 0x30, 0x30, 0x30, 0xff,
    0x38, 0x34, 0x38, 0xff, 0x30, 0x34, 0x30, 0xff, 0x30, 0x30, 0x30, 0xff,
    0x08, 0x08, 0x08, 0xff, 0x08, 0x0c, 0x08, 0xff, 0x08, 0x08, 0x08, 0xff,
    0x08, 0x08, 0x08, 0xff, 0x10, 0x0c, 0x10, 0xff, 0x08, 0x0c, 0x08, 0xff,
    0x08, 0x08, 0x08, 0xff, 0x08, 0x0c, 0x08, 0xff, 0x08, 0x0c, 0x08, 0xff,
    0x08, 0x08, 0x08, 0xff, 0x08, 0x08, 0x08, 0xff, 0x08, 0x0c, 0x08, 0xff,
    0x10, 0x08, 0x10, 0xff, 0x08, 0x0c, 0x08, 0xff, 0x08, 0x0c, 0x08, 0xff,
    0x08, 0x08, 0x08, 0xff, 0x10, 0x0c, 0x10, 0xff, 0x08, 0x0c, 0x08, 0xff,
    0x10, 0x08, 0x10, 0xff, 0x10, 0x0c, 0x10, 0xff, 0x08, 0x08, 0x08, 0xff,
    0x08, 0x08, 0x08, 0xff, 0x10, 0x0c, 0x10, 0xff, 0x08, 0x08, 0x08, 0xff,
    0x08, 0x08, 0x08, 0xff, 0x10, 0x0c, 0x10, 0xff, 0x08, 0x08, 0x08, 0xff,
    0x08, 0x0c, 0x08, 0xff, 0x08, 0x0c, 0x08, 0xff, 0x10, 0x08, 0x10, 0xff,
    0x08, 0x0c, 0x08, 0xff, 0x08, 0x08, 0x08, 0xff, 0x10, 0x08, 0x10, 0xff,
    0x08, 0x0c, 0x08, 0xff, 0x08, 0x0c, 0x08, 0xff, 0x08, 0x08, 0x08, 0xff,
    0x08, 0x0c, 0x08, 0xff, 0x08, 0x08, 0x08, 0xff, 0x08, 0x08, 0x08, 0xff,
    0x08, 0x0c, 0x08, 0xff, 0x08, 0x0c, 0x08, 0xff, 0x08, 0x08, 0x08, 0xff,
    0x08, 0x0c, 0x08, 0xff, 0x08, 0x08, 0x08, 0xff, 0x08, 0x08, 0x08, 0xff,
    0x10, 0x0c, 0x10, 0xff, 0x10, 0x0c, 0x10, 0xff, 0x08, 0x08, 0x08, 0xff,
    0x08, 0x0c, 0x08, 0xff, 0x08, 0x0c, 0x08, 0xff, 0x08, 0x08, 0x08, 0xff,
    0x08, 0x0c, 0x08, 0xff, 0x08, 0x08, 0x08, 0xff, 0x08, 0x0c, 0x08, 0xff,
    0x08, 0x08, 0x08, 0xff, 0x08, 0x0c, 0x08, 0xff, 0x38, 0x34, 0x38, 0xff,
    0x30, 0x30, 0x30, 0xff, 0x30, 0x34, 0x30, 0xff, 0x38, 0x34, 0x38, 0xff,
    0x00, 0x00, 0x00, 0x00, 0x00, 0x00, 0x00, 0x00, 0x00, 0x00, 0x00, 0x00,
    0x00, 0x00, 0x00, 0x00, 0x00, 0x00, 0x00, 0x00, 0x00, 0x00, 0x00, 0x00,
    0x00, 0x00, 0x00, 0x00, 0x00, 0x00, 0x00, 0x00, 0x00, 0x00, 0x00, 0x00,
    0x00, 0x00, 0x00, 0x00, 0x00, 0x00, 0x00, 0x00, 0x00, 0x00, 0x00, 0x00,
    0x00, 0x00, 0x00, 0x00, 0x00, 0x00, 0x00, 0x00, 0x00, 0x00, 0x00, 0x00,
    0x00, 0x00, 0x00, 0x00, 0x38, 0x34, 0x38, 0xff, 0x30, 0x34, 0x30, 0xff,
    0x38, 0x34, 0x38, 0xff, 0x38, 0x34, 0x38, 0xff, 0x08, 0x08, 0x08, 0xff,
    0x08, 0x0c, 0x08, 0xff, 0x10, 0x0c, 0x10, 0xff, 0x08, 0x08, 0x08, 0xff,
    0x08, 0x08, 0x08, 0xff, 0x08, 0x0c, 0x08, 0xff, 0x08, 0x08, 0x08, 0xff,
    0x08, 0x08, 0x08, 0xff, 0x08, 0x0c, 0x08, 0xff, 0x10, 0x08, 0x10, 0xff,
    0x08, 0x0c, 0x08, 0xff, 0x08, 0x08, 0x08, 0xff, 0x08, 0x08, 0x08, 0xff,
    0x10, 0x0c, 0x10, 0xff, 0x08, 0x08, 0x08, 0xff, 0x08, 0x08, 0x08, 0xff,
    0x08, 0x0c, 0x08, 0xff, 0x08, 0x08, 0x08, 0xff, 0x08, 0x0c, 0x08, 0xff,
    0x08, 0x0c, 0x08, 0xff, 0x08, 0x08, 0x08, 0xff, 0x08, 0x0c, 0x08, 0xff,
    0x08, 0x0c, 0x08, 0xff, 0x08, 0x08, 0x08, 0xff, 0x10, 0x0c, 0x10, 0xff,
    0x08, 0x08, 0x08, 0xff, 0x08, 0x08, 0x08, 0xff, 0x08, 0x08, 0x08, 0xff,
    0x10, 0x0c, 0x10, 0xff, 0x08, 0x08, 0x08, 0xff, 0x08, 0x0c, 0x08, 0xff,
    0x08, 0x0c, 0x08, 0xff, 0x10, 0x08, 0x10, 0xff, 0x08, 0x08, 0x08, 0xff,
    0x10, 0x0c, 0x10, 0xff, 0x10, 0x0c, 0x10, 0xff, 0x08, 0x08, 0x08, 0xff,
    0x10, 0x0c, 0x10, 0xff, 0x08, 0x0c, 0x08, 0xff, 0x08, 0x08, 0x08, 0xff,
    0x10, 0x0c, 0x10, 0xff, 0x08, 0x08, 0x08, 0xff, 0x08, 0x0c, 0x08, 0xff,
    0x08, 0x0c, 0x08, 0xff, 0x08, 0x08, 0x08, 0xff, 0x08, 0x08, 0x08, 0xff,
    0x08, 0x0c, 0x08, 0xff, 0x10, 0x08, 0x10, 0xff, 0x08, 0x0c, 0x08, 0xff,
    0x10, 0x08, 0x10, 0xff, 0x08, 0x0c, 0x08, 0xff, 0x10, 0x08, 0x10, 0xff,
    0x08, 0x0c, 0x08, 0xff, 0x10, 0x08, 0x10, 0xff, 0x08, 0x08, 0x08, 0xff,
    0x08, 0x0c, 0x08, 0xff, 0x38, 0x34, 0x38, 0xff, 0x30, 0x34, 0x30, 0xff,
    0x38, 0x34, 0x38, 0xff, 0x30, 0x30, 0x30, 0xff, 0x00, 0x00, 0x00, 0x00,
    0x00, 0x00, 0x00, 0x00, 0x00, 0x00, 0x00, 0x00, 0x00, 0x00, 0x00, 0x00,
    0x00, 0x00, 0x00, 0x00, 0x00, 0x00, 0x00, 0x00, 0x00, 0x00, 0x00, 0x00,
    0x00, 0x00, 0x00, 0x00, 0x00, 0x00, 0x00, 0x00, 0x00, 0x00, 0x00, 0x00,
    0x00, 0x00, 0x00, 0x00, 0x00, 0x00, 0x00, 0x00, 0x00, 0x00, 0x00, 0x00,
    0x00, 0x00, 0x00, 0x00, 0x00, 0x00, 0x00, 0x00, 0x00, 0x00, 0x00, 0x00,
    0x30, 0x34, 0x30, 0xff, 0x30, 0x30, 0x30, 0xff, 0x30, 0x34, 0x30, 0xff,
    0x38, 0x34, 0x38, 0xff, 0x08, 0x08, 0x08, 0xff, 0x08, 0x08, 0x08, 0xff,
    0x10, 0x0c, 0x10, 0xff, 0x08, 0x0c, 0x08, 0xff, 0x08, 0x08, 0x08, 0xff,
    0x10, 0x0c, 0x10, 0xff, 0x10, 0x0c, 0x10, 0xff, 0x08, 0x08, 0x08, 0xff,
    0x08, 0x0c, 0x08, 0xff, 0x10, 0x0c, 0x10, 0xff, 0x08, 0x08, 0x08, 0xff,
    0x08, 0x0c, 0x08, 0xff, 0x08, 0x0c, 0x08, 0xff, 0x08, 0x08, 0x08, 0xff,
    0x10, 0x0c, 0x10, 0xff, 0x08, 0x0c, 0x08, 0xff, 0x08, 0x08, 0x08, 0xff,
    0x10, 0x08, 0x10, 0xff, 0x08, 0x0c, 0x08, 0xff, 0x08, 0x08, 0x08, 0xff,
    0x10, 0x08, 0x10, 0xff, 0x08, 0x0c, 0x08, 0xff, 0x08, 0x08, 0x08, 0xff,
    0x10, 0x0c, 0x10, 0xff, 0x08, 0x0c, 0x08, 0xff, 0x08, 0x08, 0x08, 0xff,
    0x08, 0x0c, 0x08, 0xff, 0x10, 0x0c, 0x10, 0xff, 0x08, 0x08, 0x08, 0xff,
    0x08, 0x08, 0x08, 0xff, 0x08, 0x0c, 0x08, 0xff, 0x10, 0x08, 0x10, 0xff,
    0x08, 0x0c, 0x08, 0xff, 0x08, 0x08, 0x08, 0xff, 0x08, 0x08, 0x08, 0xff,
    0x08, 0x0c, 0x08, 0xff, 0x08, 0x08, 0x08, 0xff, 0x08, 0x08, 0x08, 0xff,
    0x10, 0x0c, 0x10, 0xff, 0x08, 0x08, 0x08, 0xff, 0x08, 0x08, 0x08, 0xff,
    0x10, 0x0c, 0x10, 0xff, 0x08, 0x08, 0x08, 0xff, 0x10, 0x0c, 0x10, 0xff,
    0x08, 0x0c, 0x08, 0xff, 0x08, 0x08, 0x08, 0xff, 0x08, 0x08, 0x08, 0xff,
    0x08, 0x0c, 0x08, 0xff, 0x10, 0x08, 0x10, 0xff, 0x08, 0x08, 0x08, 0xff,
    0x08, 0x0c, 0x08, 0xff, 0x08, 0x0c, 0x08, 0xff, 0x10, 0x08, 0x10, 0xff,
    0x08, 0x0c, 0x08, 0xff, 0x08, 0x0c, 0x08, 0xff, 0x08, 0x08, 0x08, 0xff,
    0x38, 0x34, 0x38, 0xff, 0x30, 0x34, 0x30, 0xff, 0x30, 0x30, 0x30, 0xff,
    0x38, 0x34, 0x38, 0xff, 0x00, 0x00, 0x00, 0x00, 0x00, 0x00, 0x00, 0x00,
    0x00, 0x00, 0x00, 0x00, 0x00, 0x00, 0x00, 0x00, 0x00, 0x00, 0x00, 0x00,
    0x00, 0x00, 0x00, 0x00, 0x00, 0x00, 0x00, 0x00, 0x00, 0x00, 0x00, 0x00,
    0x00, 0x00, 0x00, 0x00, 0x00, 0x00, 0x00, 0x00, 0x00, 0x00, 0x00, 0x00,
    0x00, 0x00, 0x00, 0x00, 0x00, 0x00, 0x00, 0x00, 0x00, 0x00, 0x00, 0x00,
    0x00, 0x00, 0x00, 0x00, 0x00, 0x00, 0x00, 0x00, 0x30, 0x34, 0x30, 0xff,
    0x38, 0x30, 0x38, 0xff, 0x30, 0x34, 0x30, 0xff, 0x30, 0x34, 0x30, 0xff,
    0x08, 0x08, 0x08, 0xff, 0x08, 0x0c, 0x08, 0xff, 0x08, 0x08, 0x08, 0xff,
    0x08, 0x08, 0x08, 0xff, 0x08, 0x0c, 0x08, 0xff, 0x08, 0x08, 0x08, 0xff,
    0x08, 0x08, 0x08, 0xff, 0x08, 0x0c, 0x08, 0xff, 0x10, 0x08, 0x10, 0xff,
    0x08, 0x08, 0x08, 0xff, 0x08, 0x0c, 0x08, 0xff, 0x10, 0x08, 0x10, 0xff,
    0x08, 0x08, 0x08, 0xff, 0x08, 0x0c, 0x08, 0xff, 0x08, 0x08, 0x08, 0xff,
    0x10, 0x0c, 0x10, 0xff, 0x08, 0x08, 0x08, 0xff, 0x08, 0x0c, 0x08, 0xff,
    0x10, 0x0c, 0x10, 0xff, 0x08, 0x08, 0x08, 0xff, 0x08, 0x0c, 0x08, 0xff,
    0x10, 0x08, 0x10, 0xff, 0x08, 0x08, 0x08, 0xff, 0x08, 0x0c, 0x08, 0xff,
    0x08, 0x08, 0x08, 0xff, 0x08, 0x08, 0x08, 0xff, 0x10, 0x0c, 0x10, 0xff,
    0x08, 0x0c, 0x08, 0xff, 0x08, 0x08, 0x08, 0xff, 0x08, 0x0c, 0x08, 0xff,
    0x10, 0x08, 0x10, 0xff, 0x08, 0x0c, 0x08, 0xff, 0x08, 0x0c, 0x08, 0xff,
    0x08, 0x08, 0x08, 0xff, 0x08, 0x0c, 0x08, 0xff, 0x08, 0x0c, 0x08, 0xff,
    0x08, 0x08, 0x08, 0xff, 0x08, 0x0c, 0x08, 0xff, 0x08, 0x0c, 0x08, 0xff,
    0x08, 0x08, 0x08, 0xff, 0x08, 0x0c, 0x08, 0xff, 0x08, 0x0c, 0x08, 0xff,
    0x08, 0x08, 0x08, 0xff, 0x10, 0x08, 0x10, 0xff, 0x08, 0x0c, 0x08, 0xff,
    0x10, 0x0c, 0x10, 0xff, 0x08, 0x08, 0x08, 0xff, 0x08, 0x0c, 0x08, 0xff,
    0x08, 0x0c, 0x08, 0xff, 0x08, 0x08, 0x08, 0xff, 0x08, 0x08, 0x08, 0xff,
    0x08, 0x0c, 0x08, 0xff, 0x08, 0x08, 0x08, 0xff, 0x08, 0x08, 0x08, 0xff,
    0x10, 0x0c, 0x10, 0xff, 0x08, 0x08, 0x08, 0xff, 0x30, 0x34, 0x30, 0xff,
    0x38, 0x34, 0x38, 0xff, 0x30, 0x34, 0x30, 0xff, 0x30, 0x34, 0x30, 0xff,
    0x00, 0x00, 0x00, 0x00, 0x00, 0x00, 0x00, 0x00, 0x00, 0x00, 0x00, 0x00,
    0x00, 0x00, 0x00, 0x00, 0x00, 0x00, 0x00, 0x00, 0x00, 0x00, 0x00, 0x00,
    0x00, 0x00, 0x00, 0x00, 0x00, 0x00, 0x00, 0x00, 0x00, 0x00, 0x00, 0x00,
    0x00, 0x00, 0x00, 0x00, 0x00, 0x00, 0x00, 0x00, 0x00, 0x00, 0x00, 0x00,
    0x00, 0x00, 0x00, 0x00, 0x00, 0x00, 0x00, 0x00, 0x00, 0x00, 0x00, 0x00,
    0x00, 0x00, 0x00, 0x00, 0x38, 0x34, 0x38, 0xff, 0x30, 0x34, 0x30, 0xff,
    0x38, 0x34, 0x38, 0xff, 0x38, 0x34, 0x38, 0xff, 0x08, 0x08, 0x08, 0xff,
    0x08, 0x0c, 0x08, 0xff, 0x10, 0x0c, 0x10, 0xff, 0x08, 0x08, 0x08, 0xff,
    0x10, 0x0c, 0x10, 0xff, 0x08, 0x08, 0x08, 0xff, 0x08, 0x0c, 0x08, 0xff,
    0x10, 0x0c, 0x10, 0xff, 0x08, 0x08, 0x08, 0xff, 0x08, 0x0c, 0x08, 0xff,
    0x08, 0x0c, 0x08, 0xff, 0x08, 0x08, 0x08, 0xff, 0x10, 0x0c, 0x10, 0xff,
    0x08, 0x08, 0x08, 0xff, 0x08, 0x0c, 0x08, 0xff, 0x08, 0x08, 0x08, 0xff,
    0x08, 0x0c, 0x08, 0xff, 0x08, 0x08, 0x08, 0xff, 0x08, 0x08, 0x08, 0xff,
    0x08, 0x0c, 0x08, 0xff, 0x08, 0x0c, 0x08, 0xff, 0x10, 0x08, 0x10, 0xff,
    0x08, 0x0c, 0x08, 0xff, 0x08, 0x0c, 0x08, 0xff, 0x10, 0x08, 0x10, 0xff,
    0x08, 0x0c, 0x08, 0xff, 0x08, 0x08, 0x08, 0xff, 0x08, 0x08, 0x08, 0xff,
    0x08, 0x0c, 0x08, 0xff, 0x10, 0x0c, 0x10, 0xff, 0x08, 0x08, 0x08, 0xff,
    0x08, 0x08, 0x08, 0xff, 0x08, 0x0c, 0x08, 0xff, 0x10, 0x08, 0x10, 0xff,
    0x10, 0x08, 0x10, 0xff, 0x08, 0x0c, 0x08, 0xff, 0x10, 0x08, 0x10, 0xff,
    0x10, 0x08, 0x10, 0xff, 0x08, 0x0c, 0x08, 0xff, 0x10, 0x08, 0x10, 0xff,
    0x08, 0x08, 0x08, 0xff, 0x08, 0x0c, 0x08, 0xff, 0x10, 0x08, 0x10, 0xff,
    0x08, 0x08, 0x08, 0xff, 0x08, 0x0c, 0x08, 0xff, 0x08, 0x08, 0x08, 0xff,
    0x10, 0x0c, 0x10, 0xff, 0x08, 0x08, 0x08, 0xff, 0x08, 0x0c, 0x08, 0xff,
    0x10, 0x0c, 0x10, 0xff, 0x10, 0x08, 0x10, 0xff, 0x08, 0x0c, 0x08, 0xff,
    0x08, 0x0c, 0x08, 0xff, 0x10, 0x08, 0x10, 0xff, 0x08, 0x08, 0x08, 0xff,
    0x08, 0x0c, 0x08, 0xff, 0x38, 0x34, 0x38, 0xff, 0x30, 0x30, 0x30, 0xff,
    0x38, 0x34, 0x38, 0xff, 0x30, 0x34, 0x30, 0xff, 0x00, 0x00, 0x00, 0x00,
    0x00, 0x00, 0x00, 0x00, 0x00, 0x00, 0x00, 0x00, 0x00, 0x00, 0x00, 0x00,
    0x00, 0x00, 0x00, 0x00, 0x00, 0x00, 0x00, 0x00, 0x00, 0x00, 0x00, 0x00,
    0x00, 0x00, 0x00, 0x00, 0x00, 0x00, 0x00, 0x00, 0x00, 0x00, 0x00, 0x00,
    0x00, 0x00, 0x00, 0x00, 0x00, 0x00, 0x00, 0x00, 0x00, 0x00, 0x00, 0x00,
    0x00, 0x00, 0x00, 0x00, 0x00, 0x00, 0x00, 0x00, 0x00, 0x00, 0x00, 0x00,
    0x30, 0x34, 0x30, 0xff, 0x30, 0x30, 0x30, 0xff, 0x30, 0x34, 0x30, 0xff,
    0x38, 0x34, 0x38, 0xff, 0x08, 0x08, 0x08, 0xff, 0x08, 0x08, 0x08, 0xff,
    0x10, 0x0c, 0x10, 0xff, 0x08, 0x08, 0x08, 0xff, 0x08, 0x0c, 0x08, 0xff,
    0x10, 0x0c, 0x10, 0xff, 0x08, 0x08, 0x08, 0xff, 0x08, 0x08, 0x08, 0xff,
    0x08, 0x0c, 0x08, 0xff, 0x10, 0x08, 0x10, 0xff, 0x08, 0x08, 0x08, 0xff,
    0x08, 0x0c, 0x08, 0xff, 0x08, 0x0c, 0x08, 0xff, 0x10, 0x08, 0x10, 0xff,
    0x08, 0x08, 0x08, 0xff, 0x08, 0x0c, 0x08, 0xff, 0x10, 0x0c, 0x10, 0xff,
    0x10, 0x08, 0x10, 0xff, 0x08, 0x08, 0x08, 0xff, 0x08, 0x0c, 0x08, 0xff,
    0x10, 0x08, 0x10, 0xff, 0x08, 0x08, 0x08, 0xff, 0x08, 0x0c, 0x08, 0xff,
    0x08, 0x08, 0x08, 0xff, 0x10, 0x0c, 0x10, 0xff, 0x08, 0x0c, 0x08, 0xff,
    0x08, 0x08, 0x08, 0xff, 0x10, 0x08, 0x10, 0xff, 0x08, 0x0c, 0x08, 0xff,
    0x08, 0x08, 0x08, 0xff, 0x08, 0x0c, 0x08, 0xff, 0x08, 0x08, 0x08, 0xff,
    0x10, 0x0c, 0x10, 0xff, 0x08, 0x0c, 0x08, 0xff, 0x08, 0x08, 0x08, 0xff,
    0x08, 0x0c, 0x08, 0xff, 0x08, 0x0c, 0x08, 0xff, 0x08, 0x08, 0x08, 0xff,
    0x08, 0x0c, 0x08, 0xff, 0x10, 0x0c, 0x10, 0xff, 0x08, 0x08, 0x08, 0xff,
    0x08, 0x0c, 0x08, 0xff, 0x08, 0x0c, 0x08, 0xff, 0x08, 0x08, 0x08, 0xff,
    0x08, 0x0c, 0x08, 0xff, 0x08, 0x08, 0x08, 0xff, 0x10, 0x08, 0x10, 0xff,
    0x08, 0x0c, 0x08, 0xff, 0x08, 0x08, 0x08, 0xff, 0x08, 0x08, 0x08, 0xff,
    0x08, 0x0c, 0x08, 0xff, 0x08, 0x08, 0x08, 0xff, 0x10, 0x0c, 0x10, 0xff,
    0x08, 0x0c, 0x08, 0xff, 0x08, 0x08, 0x08, 0xff, 0x08, 0x08, 0x08, 0xff,
    0x38, 0x34, 0x38, 0xff, 0x30, 0x34, 0x30, 0xff, 0x30, 0x30, 0x30, 0xff,
    0x38, 0x34, 0x38, 0xff, 0x00, 0x00, 0x00, 0x00, 0x00, 0x00, 0x00, 0x00,
    0x00, 0x00, 0x00, 0x00, 0x00, 0x00, 0x00, 0x00, 0x00, 0x00, 0x00, 0x00,
    0x00, 0x00, 0x00, 0x00, 0x00, 0x00, 0x00, 0x00, 0x00, 0x00, 0x00, 0x00,
    0x00, 0x00, 0x00, 0x00, 0x00, 0x00, 0x00, 0x00, 0x00, 0x00, 0x00, 0x00,
    0x00, 0x00, 0x00, 0x00, 0x00, 0x00, 0x00, 0x00, 0x00, 0x00, 0x00, 0x00,
    0x00, 0x00, 0x00, 0x00, 0x00, 0x00, 0x00, 0x00, 0x30, 0x34, 0x30, 0xff,
    0x38, 0x30, 0x38, 0xff, 0x30, 0x34, 0x30, 0xff, 0x30, 0x34, 0x30, 0xff,
    0x08, 0x08, 0x08, 0xff, 0x08, 0x0c, 0x08, 0xff, 0x08, 0x08, 0x08, 0xff,
    0x08, 0x08, 0x08, 0xff, 0x08, 0x0c, 0x08, 0xff, 0x08, 0x08, 0x08, 0xff,
    0x08, 0x08, 0x08, 0xff, 0x08, 0x0c, 0x08, 0xff, 0x10, 0x0c, 0x10, 0xff,
    0x08, 0x08, 0x08, 0xff, 0x08, 0x08, 0x08, 0xff, 0x10, 0x0c, 0x10, 0xff,
    0x08, 0x08, 0x08, 0xff, 0x08, 0x0c, 0x08, 0xff, 0x10, 0x08, 0x10, 0xff,
    0x08, 0x0c, 0x08, 0xff, 0x08, 0x08, 0x08, 0xff, 0x08, 0x0c, 0x08, 0xff,
    0x08, 0x0c, 0x08, 0xff, 0x10, 0x08, 0x10, 0xff, 0x08, 0x0c, 0x08, 0xff,
    0x08, 0x0c, 0x08, 0xff, 0x08, 0x08, 0x08, 0xff, 0x10, 0x08, 0x10, 0xff,
    0x08, 0x0c, 0x08, 0xff, 0x08, 0x08, 0x08, 0xff, 0x08, 0x0c, 0x08, 0xff,
    0x10, 0x0c, 0x10, 0xff, 0x08, 0x08, 0x08, 0xff, 0x08, 0x0c, 0x08, 0xff,
    0x10, 0x08, 0x10, 0xff, 0x08, 0x0c, 0x08, 0xff, 0x08, 0x08, 0x08, 0xff,
    0x08, 0x08, 0x08, 0xff, 0x08, 0x0c, 0x08, 0xff, 0x10, 0x08, 0x10, 0xff,
    0x08, 0x08, 0x08, 0xff, 0x08, 0x0c, 0x08, 0xff, 0x08, 0x08, 0x08, 0xff,
    0x08, 0x08, 0x08, 0xff, 0x10, 0x0c, 0x10, 0xff, 0x08, 0x08, 0x08, 0xff,
    0x08, 0x0c, 0x08, 0xff, 0x10, 0x0c, 0x10, 0xff, 0x08, 0x08, 0x08, 0xff,
    0x08, 0x0c, 0x08, 0xff, 0x08, 0x0c, 0x08, 0xff, 0x10, 0x08, 0x10, 0xff,
    0x08, 0x0c, 0x08, 0xff, 0x08, 0x08, 0x08, 0xff, 0x10, 0x0c, 0x10, 0xff,
    0x08, 0x08, 0x08, 0xff, 0x08, 0x08, 0x08, 0xff, 0x08, 0x0c, 0x08, 0xff,
    0x08, 0x0c, 0x08, 0xff, 0x08, 0x08, 0x08, 0xff, 0x38, 0x34, 0x38, 0xff,
    0x30, 0x34, 0x30, 0xff, 0x30, 0x34, 0x30, 0xff, 0x38, 0x30, 0x38, 0xff,
    0x00, 0x00, 0x00, 0x00, 0x00, 0x00, 0x00, 0x00, 0x00, 0x00, 0x00, 0x00,
    0x00, 0x00, 0x00, 0x00, 0x00, 0x00, 0x00, 0x00, 0x00, 0x00, 0x00, 0x00,
    0x00, 0x00, 0x00, 0x00, 0x00, 0x00, 0x00, 0x00, 0x00, 0x00, 0x00, 0x00,
    0x00, 0x00, 0x00, 0x00, 0x00, 0x00, 0x00, 0x00, 0x00, 0x00, 0x00, 0x00,
    0x00, 0x00, 0x00, 0x00, 0x00, 0x00, 0x00, 0x00, 0x00, 0x00, 0x00, 0x00,
    0x00, 0x00, 0x00, 0x00, 0x38, 0x34, 0x38, 0xff, 0x30, 0x34, 0x30, 0xff,
    0x38, 0x34, 0x38, 0xff, 0x38, 0x34, 0x38, 0xff, 0x08, 0x08, 0x08, 0xff,
    0x08, 0x0c, 0x08, 0xff, 0x10, 0x0c, 0x10, 0xff, 0x08, 0x08, 0x08, 0xff,
    0x10, 0x0c, 0x10, 0xff, 0x08, 0x0c, 0x08, 0xff, 0x08, 0x08, 0x08, 0xff,
    0x10, 0x0c, 0x10, 0xff, 0x08, 0x0c, 0x08, 0xff, 0x08, 0x08, 0x08, 0xff,
    0x08, 0x0c, 0x08, 0xff, 0x08, 0x0c, 0x08, 0xff, 0x08, 0x08, 0x08, 0xff,
    0x08, 0x0c, 0x08, 0xff, 0x08, 0x0c, 0x08, 0xff, 0x08, 0x08, 0x08, 0xff,
    0x08, 0x08, 0x08, 0xff, 0x08, 0x0c, 0x08, 0xff, 0x10, 0x08, 0x10, 0xff,
    0x08, 0x08, 0x08, 0xff, 0x08, 0x0c, 0x08, 0xff, 0x08, 0x0c, 0x08, 0xff,
    0x10, 0x08, 0x10, 0xff, 0x08, 0x0c, 0x08, 0xff, 0x08, 0x08, 0x08, 0xff,
    0x08, 0x08, 0x08, 0xff, 0x10, 0x0c, 0x10, 0xff, 0x08, 0x08, 0x08, 0xff,
    0x08, 0x0c, 0x08, 0xff, 0x08, 0x08, 0x08, 0xff, 0x10, 0x0c, 0x10, 0xff,
    0x08, 0x08, 0x08, 0xff, 0x08, 0x0c, 0x08, 0xff, 0x10, 0x08, 0x10, 0xff,
    0x08, 0x0c, 0x08, 0xff, 0x08, 0x0c, 0x08, 0xff, 0x10, 0x08, 0x10, 0xff,
    0x08, 0x0c, 0x08, 0xff, 0x08, 0x08, 0x08, 0xff, 0x08, 0x0c, 0x08, 0xff,
    0x10, 0x08, 0x10, 0xff, 0x08, 0x08, 0x08, 0xff, 0x08, 0x0c, 0x08, 0xff,
    0x10, 0x08, 0x10, 0xff, 0x08, 0x08, 0x08, 0xff, 0x08, 0x0c, 0x08, 0xff,
    0x10, 0x08, 0x10, 0xff, 0x08, 0x0c, 0x08, 0xff, 0x08, 0x08, 0x08, 0xff,
    0x10, 0x0c, 0x10, 0xff, 0x08, 0x0c, 0x08, 0xff, 0x08, 0x08, 0x08, 0xff,
    0x10, 0x08, 0x10, 0xff, 0x08, 0x0c, 0x08, 0xff, 0x08, 0x08, 0x08, 0xff,
    0x10, 0x08, 0x10, 0xff, 0x30, 0x34, 0x30, 0xff, 0x38, 0x34, 0x38, 0xff,
    0x30, 0x34, 0x30, 0xff, 0x30, 0x34, 0x30, 0xff, 0x00, 0x00, 0x00, 0x00,
    0x00, 0x00, 0x00, 0x00, 0x00, 0x00, 0x00, 0x00, 0x00, 0x00, 0x00, 0x00,
    0x00, 0x00, 0x00, 0x00, 0x00, 0x00, 0x00, 0x00, 0x00, 0x00, 0x00, 0x00,
    0x00, 0x00, 0x00, 0x00, 0x00, 0x00, 0x00, 0x00, 0x00, 0x00, 0x00, 0x00,
    0x00, 0x00, 0x00, 0x00, 0x00, 0x00, 0x00, 0x00, 0x00, 0x00, 0x00, 0x00,
    0x00, 0x00, 0x00, 0x00, 0x00, 0x00, 0x00, 0x00, 0x00, 0x00, 0x00, 0x00,
    0x30, 0x30, 0x30, 0xff, 0x30, 0x34, 0x30, 0xff, 0x30, 0x34, 0x30, 0xff,
    0x38, 0x30, 0x38, 0xff, 0x08, 0x08, 0x08, 0xff, 0x08, 0x0c, 0x08, 0xff,
    0x10, 0x08, 0x10, 0xff, 0x08, 0x08, 0x08, 0xff, 0x08, 0x0c, 0x08, 0xff,
    0x10, 0x08, 0x10, 0xff, 0x08, 0x08, 0x08, 0xff, 0x08, 0x0c, 0x08, 0xff,
    0x08, 0x08, 0x08, 0xff, 0x10, 0x08, 0x10, 0xff, 0x08, 0x0c, 0x08, 0xff,
    0x08, 0x08, 0x08, 0xff, 0x10, 0x08, 0x10, 0xff, 0x08, 0x0c, 0x08, 0xff,
    0x10, 0x08, 0x10, 0xff, 0x10, 0x08, 0x10, 0xff, 0x08, 0x0c, 0x08, 0xff,
    0x08, 0x0c, 0x08, 0xff, 0x08, 0x08, 0x08, 0xff, 0x08, 0x0c, 0x08, 0xff,
    0x08, 0x08, 0x08, 0xff, 0x10, 0x08, 0x10, 0xff, 0x08, 0x0c, 0x08, 0xff,
    0x08, 0x0c, 0x08, 0xff, 0x08, 0x08, 0x08, 0xff, 0x10, 0x0c, 0x10, 0xff,
    0x08, 0x08, 0x08, 0xff, 0x08, 0x0c, 0x08, 0xff, 0x08, 0x08, 0x08, 0xff,
    0x10, 0x0c, 0x10, 0xff, 0x08, 0x08, 0x08, 0xff, 0x08, 0x0c, 0x08, 0xff,
    0x08, 0x0c, 0x08, 0xff, 0x10, 0x08, 0x10, 0xff, 0x08, 0x08, 0x08, 0xff,
    0x08, 0x0c, 0x08, 0xff, 0x08, 0x0c, 0x08, 0xff, 0x10, 0x08, 0x10, 0xff,
    0x08, 0x0c, 0x08, 0xff, 0x08, 0x0c, 0x08, 0xff, 0x08, 0x08, 0x08, 0xff,
    0x08, 0x0c, 0x08, 0xff, 0x08, 0x0c, 0x08, 0xff, 0x08, 0x08, 0x08, 0xff,
    0x10, 0x0c, 0x10, 0xff, 0x08, 0x08, 0x08, 0xff, 0x08, 0x0c, 0x08, 0xff,
    0x08, 0x08, 0x08, 0xff, 0x08, 0x08, 0x08, 0xff, 0x08, 0x0c, 0x08, 0xff,
    0x08, 0x08, 0x08, 0xff, 0x08, 0x0c, 0x08, 0xff, 0x10, 0x0c, 0x10, 0xff,
    0x08, 0x08, 0x08, 0xff, 0x08, 0x0c, 0x08, 0xff, 0x08, 0x0c, 0x08, 0xff,
    0x38, 0x34, 0x38, 0xff, 0x30, 0x30, 0x30, 0xff, 0x38, 0x34, 0x38, 0xff,
    0x30, 0x34, 0x30, 0xff, 0x00, 0x00, 0x00, 0x00, 0x00, 0x00, 0x00, 0x00,
    0x00, 0x00, 0x00, 0x00, 0x00, 0x00, 0x00, 0x00, 0x00, 0x00, 0x00, 0x00,
    0x00, 0x00, 0x00, 0x00, 0x00, 0x00, 0x00, 0x00, 0x00, 0x00, 0x00, 0x00,
    0x00, 0x00, 0x00, 0x00, 0x00, 0x00, 0x00, 0x00, 0x00, 0x00, 0x00, 0x00,
    0x00, 0x00, 0x00, 0x00, 0x00, 0x00, 0x00, 0x00, 0x00, 0x00, 0x00, 0x00,
    0x00, 0x00, 0x00, 0x00, 0x00, 0x00, 0x00, 0x00, 0x30, 0x34, 0x30, 0xff,
    0x38, 0x34, 0x38, 0xff, 0x30, 0x34, 0x30, 0xff, 0x30, 0x34, 0x30, 0xff,
    0x08, 0x08, 0x08, 0xff, 0x08, 0x0c, 0x08, 0xff, 0x08, 0x08, 0x08, 0xff,
    0x08, 0x0c, 0x08, 0xff, 0x08, 0x0c, 0x08, 0xff, 0x08, 0x08, 0x08, 0xff,
    0x10, 0x0c, 0x10, 0xff, 0x08, 0x08, 0x08, 0xff, 0x08, 0x0c, 0x08, 0xff,
    0x10, 0x0c, 0x10, 0xff, 0x08, 0x08, 0x08, 0xff, 0x08, 0x0c, 0x08, 0xff,
    0x10, 0x0c, 0x10, 0xff, 0x08, 0x08, 0x08, 0xff, 0x08, 0x0c, 0x08, 0xff,
    0x08, 0x0c, 0x08, 0xff, 0x10, 0x08, 0x10, 0xff, 0x08, 0x08, 0x08, 0xff,
    0x10, 0x0c, 0x10, 0xff, 0x08, 0x0c, 0x08, 0xff, 0x08, 0x08, 0x08, 0xff,
    0x08, 0x08, 0x08, 0xff, 0x08, 0x0c, 0x08, 0xff, 0x08, 0x08, 0x08, 0xff,
    0x10, 0x0c, 0x10, 0xff, 0x08, 0x0c, 0x08, 0xff, 0x08, 0x08, 0x08, 0xff,
    0x08, 0x08, 0x08, 0xff, 0x10, 0x0c, 0x10, 0xff, 0x08, 0x08, 0x08, 0xff,
    0x08, 0x08, 0x08, 0xff, 0x08, 0x0c, 0x08, 0xff, 0x08, 0x08, 0x08, 0xff,
    0x08, 0x0c, 0x08, 0xff, 0x08, 0x08, 0x08, 0xff, 0x08, 0x08, 0x08, 0xff,
    0x10, 0x0c, 0x10, 0xff, 0x08, 0x08, 0x08, 0xff, 0x08, 0x08, 0x08, 0xff,
    0x10, 0x0c, 0x10, 0xff, 0x08, 0x08, 0x08, 0xff, 0x10, 0x0c, 0x10, 0xff,
    0x08, 0x08, 0x08, 0xff, 0x08, 0x0c, 0x08, 0xff, 0x08, 0x08, 0x08, 0xff,
    0x10, 0x0c, 0x10, 0xff, 0x08, 0x0c, 0x08, 0xff, 0x08, 0x08, 0x08, 0xff,
    0x10, 0x0c, 0x10, 0xff, 0x08, 0x08, 0x08, 0xff, 0x08, 0x08, 0x08, 0xff,
    0x10, 0x0c, 0x10, 0xff, 0x08, 0x08, 0x08, 0xff, 0x08, 0x08, 0x08, 0xff,
    0x08, 0x0c, 0x08, 0xff, 0x10, 0x08, 0x10, 0xff, 0x30, 0x34, 0x30, 0xff,
    0x30, 0x34, 0x30, 0xff, 0x38, 0x30, 0x38, 0xff, 0x30, 0x34, 0x30, 0xff,
    0x00, 0x00, 0x00, 0x00, 0x00, 0x00, 0x00, 0x00, 0x00, 0x00, 0x00, 0x00,
    0x00, 0x00, 0x00, 0x00, 0x00, 0x00, 0x00, 0x00, 0x00, 0x00, 0x00, 0x00,
    0x00, 0x00, 0x00, 0x00, 0x00, 0x00, 0x00, 0x00, 0x00, 0x00, 0x00, 0x00,
    0x00, 0x00, 0x00, 0x00, 0x00, 0x00, 0x00, 0x00, 0x00, 0x00, 0x00, 0x00,
    0x00, 0x00, 0x00, 0x00, 0x00, 0x00, 0x00, 0x00, 0x00, 0x00, 0x00, 0x00,
    0x00, 0x00, 0x00, 0x00, 0x38, 0x34, 0x38, 0xff, 0x30, 0x30, 0x30, 0xff,
    0x38, 0x34, 0x38, 0xff, 0x38, 0x34, 0x38, 0xff, 0x08, 0x08, 0x08, 0xff,
    0x08, 0x0c, 0x08, 0xff, 0x10, 0x0c, 0x10, 0xff, 0x08, 0x08, 0x08, 0xff,
    0x08, 0x08, 0x08, 0xff, 0x08, 0x0c, 0x08, 0xff, 0x08, 0x0c, 0x08, 0xff,
    0x08, 0x08, 0x08, 0xff, 0x08, 0x08, 0x08, 0xff, 0x08, 0x0c, 0x08, 0xff,
    0x08, 0x08, 0x08, 0xff, 0x08, 0x08, 0x08, 0xff, 0x08, 0x0c, 0x08, 0xff,
    0x08, 0x08, 0x08, 0xff, 0x08, 0x08, 0x08, 0xff, 0x08, 0x0c, 0x08, 0xff,
    0x08, 0x08, 0x08, 0xff, 0x08, 0x0c, 0x08, 0xff, 0x10, 0x08, 0x10, 0xff,
    0x08, 0x0c, 0x08, 0xff, 0x10, 0x0c, 0x10, 0xff, 0x08, 0x08, 0x08, 0xff,
    0x08, 0x0c, 0x08, 0xff, 0x10, 0x08, 0x10, 0xff, 0x08, 0x08, 0x08, 0xff,
    0x08, 0x0c, 0x08, 0xff, 0x08, 0x0c, 0x08, 0xff, 0x10, 0x08, 0x10, 0xff,
    0x08, 0x0c, 0x08, 0xff, 0x08, 0x0c, 0x08, 0xff, 0x10, 0x08, 0x10, 0xff,
    0x08, 0x0c, 0x08, 0xff, 0x10, 0x08, 0x10, 0xff, 0x08, 0x0c, 0x08, 0xff,
    0x08, 0x0c, 0x08, 0xff, 0x10, 0x08, 0x10, 0xff, 0x08, 0x0c, 0x08, 0xff,
    0x08, 0x08, 0x08, 0xff, 0x08, 0x0c, 0x08, 0xff, 0x08, 0x08, 0x08, 0xff,
    0x10, 0x0c, 0x10, 0xff, 0x08, 0x08, 0x08, 0xff, 0x08, 0x08, 0x08, 0xff,
    0x10, 0x0c, 0x10, 0xff, 0x08, 0x08, 0x08, 0xff, 0x08, 0x08, 0x08, 0xff,
    0x08, 0x0c, 0x08, 0xff, 0x10, 0x0c, 0x10, 0xff, 0x08, 0x08, 0x08, 0xff,
    0x08, 0x0c, 0x08, 0xff, 0x10, 0x0c, 0x10, 0xff, 0x08, 0x08, 0x08, 0xff,
    0x08, 0x0c, 0x08, 0xff, 0x08, 0x0c, 0x08, 0xff, 0x10, 0x08, 0x10, 0xff,
    0x08, 0x08, 0x08, 0xff, 0x30, 0x34, 0x30, 0xff, 0x38, 0x34, 0x38, 0xff,
    0x30, 0x34, 0x30, 0xff, 0x30, 0x30, 0x30, 0xff, 0x00, 0x00, 0x00, 0x00,
    0x00, 0x00, 0x00, 0x00, 0x00, 0x00, 0x00, 0x00, 0x00, 0x00, 0x00, 0x00,
    0x00, 0x00, 0x00, 0x00, 0x00, 0x00, 0x00, 0x00, 0x00, 0x00, 0x00, 0x00,
    0x00, 0x00, 0x00, 0x00, 0x00, 0x00, 0x00, 0x00, 0x00, 0x00, 0x00, 0x00,
    0x00, 0x00, 0x00, 0x00, 0x00, 0x00, 0x00, 0x00, 0x00, 0x00, 0x00, 0x00,
    0x00, 0x00, 0x00, 0x00, 0x00, 0x00, 0x00, 0x00, 0x00, 0x00, 0x00, 0x00,
    0x30, 0x34, 0x30, 0xff, 0x30, 0x30, 0x30, 0xff, 0x30, 0x34, 0x30, 0xff,
    0x38, 0x34, 0x38, 0xff, 0x08, 0x08, 0x08, 0xff, 0x08, 0x08, 0x08, 0xff,
    0x10, 0x0c, 0x10, 0xff, 0x08, 0x08, 0x08, 0xff, 0x10, 0x08, 0x10, 0xff,
    0x10, 0x0c, 0x10, 0xff, 0x08, 0x08, 0x08, 0xff, 0x10, 0x0c, 0x10, 0xff,
    0x08, 0x08, 0x08, 0xff, 0x10, 0x0c, 0x10, 0xff, 0x08, 0x0c, 0x08, 0xff,
    0x10, 0x08, 0x10, 0xff, 0x08, 0x0c, 0x08, 0xff, 0x10, 0x0c, 0x10, 0xff,
    0x08, 0x08, 0x08, 0xff, 0x10, 0x0c, 0x10, 0xff, 0x08, 0x0c, 0x08, 0xff,
    0x08, 0x08, 0x08, 0xff, 0x08, 0x08, 0x08, 0xff, 0x08, 0x0c, 0x08, 0xff,
    0x08, 0x08, 0x08, 0xff, 0x10, 0x0c, 0x10, 0xff, 0x08, 0x0c, 0x08, 0xff,
    0x08, 0x08, 0x08, 0xff, 0x08, 0x08, 0x08, 0xff, 0x10, 0x0c, 0x10, 0xff,
    0x08, 0x08, 0x08, 0xff, 0x08, 0x08, 0x08, 0xff, 0x08, 0x0c, 0x08, 0xff,
    0x08, 0x08, 0x08, 0xff, 0x08, 0x0c, 0x08, 0xff, 0x10, 0x08, 0x10, 0xff,
    0x08, 0x0c, 0x08, 0xff, 0x08, 0x08, 0x08, 0xff, 0x10, 0x08, 0x10, 0xff,
    0x08, 0x0c, 0x08, 0xff, 0x08, 0x08, 0x08, 0xff, 0x10, 0x0c, 0x10, 0xff,
    0x08, 0x0c, 0x08, 0xff, 0x08, 0x08, 0x08, 0xff, 0x08, 0x0c, 0x08, 0xff,
    0x08, 0x0c, 0x08, 0xff, 0x08, 0x08, 0x08, 0xff, 0x10, 0x0c, 0x10, 0xff,
    0x08, 0x0c, 0x08, 0xff, 0x08, 0x08, 0x08, 0xff, 0x08, 0x08, 0x08, 0xff,
    0x08, 0x0c, 0x08, 0xff, 0x08, 0x08, 0x08, 0xff, 0x08, 0x0c, 0x08, 0xff,
    0x08, 0x08, 0x08, 0xff, 0x08, 0x08, 0x08, 0xff, 0x10, 0x0c, 0x10, 0xff,
    0x08, 0x0c, 0x08, 0xff, 0x08, 0x08, 0x08, 0xff, 0x08, 0x0c, 0x08, 0xff,
    0x38, 0x34, 0x38, 0xff, 0x30, 0x34, 0x30, 0xff, 0x38, 0x34, 0x38, 0xff,
    0x38, 0x34, 0x38, 0xff, 0x00, 0x00, 0x00, 0x00, 0x00, 0x00, 0x00, 0x00,
    0x00, 0x00, 0x00, 0x00, 0x00, 0x00, 0x00, 0x00, 0x00, 0x00, 0x00, 0x00,
    0x00, 0x00, 0x00, 0x00, 0x00, 0x00, 0x00, 0x00, 0x00, 0x00, 0x00, 0x00,
    0x00, 0x00, 0x00, 0x00, 0x00, 0x00, 0x00, 0x00, 0x00, 0x00, 0x00, 0x00,
    0x00, 0x00, 0x00, 0x00, 0x00, 0x00, 0x00, 0x00, 0x00, 0x00, 0x00, 0x00,
    0x00, 0x00, 0x00, 0x00, 0x00, 0x00, 0x00, 0x00, 0x30, 0x34, 0x30, 0xff,
    0x38, 0x34, 0x38, 0xff, 0x30, 0x34, 0x30, 0xff, 0x30, 0x34, 0x30, 0xff,
    0x08, 0x08, 0x08, 0xff, 0x08, 0x0c, 0x08, 0xff, 0x08, 0x0c, 0x08, 0xff,
    0x08, 0x08, 0x08, 0xff, 0x08, 0x0c, 0x08, 0xff, 0x08, 0x0c, 0x08, 0xff,
    0x08, 0x08, 0x08, 0xff, 0x08, 0x0c, 0x08, 0xff, 0x10, 0x08, 0x10, 0xff,
    0x08, 0x08, 0x08, 0xff, 0x08, 0x0c, 0x08, 0xff, 0x08, 0x08, 0x08, 0xff,
    0x10, 0x08, 0x10, 0xff, 0x08, 0x0c, 0x08, 0xff, 0x08, 0x08, 0x08, 0xff,
    0x08, 0x08, 0x08, 0xff, 0x10, 0x0c, 0x10, 0xff, 0x08, 0x08, 0x08, 0xff,
    0x08, 0x0c, 0x08, 0xff, 0x10, 0x08, 0x10, 0xff, 0x08, 0x08, 0x08, 0xff,
    0x08, 0x0c, 0x08, 0xff, 0x10, 0x08, 0x10, 0xff, 0x08, 0x0c, 0x08, 0xff,
    0x08, 0x0c, 0x08, 0xff, 0x08, 0x08, 0x08, 0xff, 0x10, 0x0c, 0x10, 0xff,
    0x08, 0x0c, 0x08, 0xff, 0x08, 0x08, 0x08, 0xff, 0x10, 0x0c, 0x10, 0xff,
    0x08, 0x08, 0x08, 0xff, 0x08, 0x0c, 0x08, 0xff, 0x08, 0x08, 0x08, 0xff,
    0x08, 0x0c, 0x08, 0xff, 0x08, 0x0c, 0x08, 0xff, 0x08, 0x08, 0x08, 0xff,
    0x08, 0x08, 0x08, 0xff, 0x10, 0x0c, 0x10, 0xff, 0x08, 0x08, 0x08, 0xff,
    0x08, 0x08, 0x08, 0xff, 0x10, 0x0c, 0x10, 0xff, 0x08, 0x08, 0x08, 0xff,
    0x08, 0x08, 0x08, 0xff, 0x08, 0x0c, 0x08, 0xff, 0x10, 0x0c, 0x10, 0xff,
    0x08, 0x08, 0x08, 0xff, 0x10, 0x0c, 0x10, 0xff, 0x08, 0x08, 0x08, 0xff,
    0x10, 0x0c, 0x10, 0xff, 0x10, 0x08, 0x10, 0xff, 0x08, 0x0c, 0x08, 0xff,
    0x08, 0x08, 0x08, 0xff, 0x08, 0x08, 0x08, 0xff, 0x10, 0x0c, 0x10, 0xff,
    0x08, 0x08, 0x08, 0xff, 0x08, 0x08, 0x08, 0xff, 0x38, 0x34, 0x38, 0xff,
    0x30, 0x30, 0x30, 0xff, 0x30, 0x34, 0x30, 0xff, 0x30, 0x34, 0x30, 0xff,
    0x00, 0x00, 0x00, 0x00, 0x00, 0x00, 0x00, 0x00, 0x00, 0x00, 0x00, 0x00,
    0x00, 0x00, 0x00, 0x00, 0x00, 0x00, 0x00, 0x00, 0x00, 0x00, 0x00, 0x00,
    0x00, 0x00, 0x00, 0x00, 0x00, 0x00, 0x00, 0x00, 0x00, 0x00, 0x00, 0x00,
    0x00, 0x00, 0x00, 0x00, 0x00, 0x00, 0x00, 0x00, 0x00, 0x00, 0x00, 0x00,
    0x00, 0x00, 0x00, 0x00, 0x00, 0x00, 0x00, 0x00, 0x00, 0x00, 0x00, 0x00,
    0x00, 0x00, 0x00, 0x00, 0x38, 0x34, 0x38, 0xff, 0x30, 0x30, 0x30, 0xff,
    0x38, 0x34, 0x38, 0xff, 0x38, 0x34, 0x38, 0xff, 0x08, 0x08, 0x08, 0xff,
    0x10, 0x08, 0x10, 0xff, 0x08, 0x0c, 0x08, 0xff, 0x08, 0x08, 0x08, 0xff,
    0x10, 0x0c, 0x10, 0xff, 0x08, 0x08, 0x08, 0xff, 0x08, 0x08, 0x08, 0xff,
    0x08, 0x0c, 0x08, 0xff, 0x08, 0x0c, 0x08, 0xff, 0x08, 0x08, 0x08, 0xff,
    0x08, 0x0c, 0x08, 0xff, 0x08, 0x0c, 0x08, 0xff, 0x08, 0x08, 0x08, 0xff,
    0x08, 0x0c, 0x08, 0xff, 0x08, 0x0c, 0x08, 0xff, 0x08, 0x08, 0x08, 0xff,
    0x08, 0x0c, 0x08, 0xff, 0x10, 0x0c, 0x10, 0xff, 0x08, 0x08, 0x08, 0xff,
    0x08, 0x0c, 0x08, 0xff, 0x08, 0x0c, 0x08, 0xff, 0x08, 0x08, 0x08, 0xff,
    0x08, 0x08, 0x08, 0xff, 0x10, 0x0c, 0x10, 0xff, 0x08, 0x08, 0x08, 0xff,
    0x08, 0x08, 0x08, 0xff, 0x08, 0x0c, 0x08, 0xff, 0x10, 0x08, 0x10, 0xff,
    0x08, 0x0c, 0x08, 0xff, 0x08, 0x08, 0x08, 0xff, 0x10, 0x0c, 0x10, 0xff,
    0x08, 0x08, 0x08, 0xff, 0x08, 0x08, 0x08, 0xff, 0x10, 0x0c, 0x10, 0xff,
    0x08, 0x0c, 0x08, 0xff, 0x08, 0x08, 0x08, 0xff, 0x10, 0x0c, 0x10, 0xff,
    0x08, 0x0c, 0x08, 0xff, 0x08, 0x08, 0x08, 0xff, 0x08, 0x0c, 0x08, 0xff,
    0x10, 0x0c, 0x10, 0xff, 0x08, 0x08, 0x08, 0xff, 0x08, 0x08, 0x08, 0xff,
    0x08, 0x0c, 0x08, 0xff, 0x08, 0x08, 0x08, 0xff, 0x08, 0x08, 0x08, 0xff,
    0x08, 0x0c, 0x08, 0xff, 0x08, 0x0c, 0x08, 0xff, 0x08, 0x08, 0x08, 0xff,
    0x08, 0x0c, 0x08, 0xff, 0x10, 0x0c, 0x10, 0xff, 0x08, 0x08, 0x08, 0xff,
    0x08, 0x0c, 0x08, 0xff, 0x08, 0x0c, 0x08, 0xff, 0x08, 0x08, 0x08, 0xff,
    0x08, 0x0c, 0x08, 0xff, 0x38, 0x34, 0x38, 0xff, 0x30, 0x34, 0x30, 0xff,
    0x30, 0x30, 0x30, 0xff, 0x38, 0x34, 0x38, 0xff, 0x00, 0x00, 0x00, 0x00,
    0x00, 0x00, 0x00, 0x00, 0x00, 0x00, 0x00, 0x00, 0x00, 0x00, 0x00, 0x00,
    0x00, 0x00, 0x00, 0x00, 0x00, 0x00, 0x00, 0x00, 0x00, 0x00, 0x00, 0x00,
    0x00, 0x00, 0x00, 0x00, 0x00, 0x00, 0x00, 0x00, 0x00, 0x00, 0x00, 0x00,
    0x00, 0x00, 0x00, 0x00, 0x00, 0x00, 0x00, 0x00, 0x00, 0x00, 0x00, 0x00,
    0x00, 0x00, 0x00, 0x00, 0x00, 0x00, 0x00, 0x00, 0x00, 0x00, 0x00, 0x00,
    0x30, 0x34, 0x30, 0xff, 0x30, 0x30, 0x30, 0xff, 0x30, 0x34, 0x30, 0xff,
    0x30, 0x34, 0x30, 0xff, 0x08, 0x08, 0x08, 0xff, 0x08, 0x0c, 0x08, 0xff,
    0x10, 0x08, 0x10, 0xff, 0x08, 0x0c, 0x08, 0xff, 0x08, 0x08, 0x08, 0xff,
    0x10, 0x0c, 0x10, 0xff, 0x08, 0x08, 0x08, 0xff, 0x10, 0x0c, 0x10, 0xff,
    0x08, 0x08, 0x08, 0xff, 0x10, 0x08, 0x10, 0xff, 0x10, 0x0c, 0x10, 0xff,
    0x08, 0x08, 0x08, 0xff, 0x08, 0x08, 0x08, 0xff, 0x10, 0x0c, 0x10, 0xff,
    0x10, 0x08, 0x10, 0xff, 0x08, 0x08, 0x08, 0xff, 0x08, 0x0c, 0x08, 0xff,
    0x08, 0x08, 0x08, 0xff, 0x10, 0x08, 0x10, 0xff, 0x08, 0x0c, 0x08, 0xff,
    0x08, 0x0c, 0x08, 0xff, 0x10, 0x08, 0x10, 0xff, 0x08, 0x0c, 0x08, 0xff,
    0x08, 0x0c, 0x08, 0xff, 0x10, 0x08, 0x10, 0xff, 0x08, 0x0c, 0x08, 0xff,
    0x08, 0x08, 0x08, 0xff, 0x08, 0x0c, 0x08, 0xff, 0x08, 0x08, 0x08, 0xff,
    0x08, 0x0c, 0x08, 0xff, 0x08, 0x0c, 0x08, 0xff, 0x08, 0x08, 0x08, 0xff,
    0x10, 0x0c, 0x10, 0xff, 0x08, 0x08, 0x08, 0xff, 0x08, 0x08, 0x08, 0xff,
    0x10, 0x0c, 0x10, 0xff, 0x08, 0x08, 0x08, 0xff, 0x08, 0x08, 0x08, 0xff,
    0x08, 0x0c, 0x08, 0xff, 0x10, 0x08, 0x10, 0xff, 0x08, 0x0c, 0x08, 0xff,
    0x08, 0x0c, 0x08, 0xff, 0x10, 0x08, 0x10, 0xff, 0x10, 0x0c, 0x10, 0xff,
    0x08, 0x0c, 0x08, 0xff, 0x08, 0x08, 0x08, 0xff, 0x10, 0x08, 0x10, 0xff,
    0x08, 0x0c, 0x08, 0xff, 0x08, 0x08, 0x08, 0xff, 0x08, 0x08, 0x08, 0xff,
    0x08, 0x0c, 0x08, 0xff, 0x10, 0x08, 0x10, 0xff, 0x08, 0x08, 0x08, 0xff,
    0x10, 0x0c, 0x10, 0xff, 0x08, 0x08, 0x08, 0xff, 0x08, 0x08, 0x08, 0xff,
    0x38, 0x34, 0x38, 0xff, 0x30, 0x34, 0x30, 0xff, 0x38, 0x34, 0x38, 0xff,
    0x30, 0x30, 0x30, 0xff, 0x00, 0x00, 0x00, 0x00, 0x00, 0x00, 0x00, 0x00,
    0x00, 0x00, 0x00, 0x00, 0x00, 0x00, 0x00, 0x00, 0x00, 0x00, 0x00, 0x00,
    0x00, 0x00, 0x00, 0x00, 0x00, 0x00, 0x00, 0x00, 0x00, 0x00, 0x00, 0x00,
    0x00, 0x00, 0x00, 0x00, 0x00, 0x00, 0x00, 0x00, 0x00, 0x00, 0x00, 0x00,
    0x00, 0x00, 0x00, 0x00, 0x00, 0x00, 0x00, 0x00, 0x00, 0x00, 0x00, 0x00,
    0x00, 0x00, 0x00, 0x00, 0x00, 0x00, 0x00, 0x00, 0x30, 0x34, 0x30, 0xff,
    0x38, 0x34, 0x38, 0xff, 0x38, 0x34, 0x38, 0xff, 0x30, 0x34, 0x30, 0xff,
    0x08, 0x08, 0x08, 0xff, 0x08, 0x0c, 0x08, 0xff, 0x08, 0x08, 0x08, 0xff,
    0x08, 0x08, 0x08, 0xff, 0x08, 0x0c, 0x08, 0xff, 0x08, 0x0c, 0x08, 0xff,
    0x08, 0x08, 0x08, 0xff, 0x08, 0x0c, 0x08, 0xff, 0x08, 0x0c, 0x08, 0xff,
    0x08, 0x08, 0x08, 0xff, 0x08, 0x0c, 0x08, 0xff, 0x08, 0x0c, 0x08, 0xff,
    0x08, 0x08, 0x08, 0xff, 0x08, 0x0c, 0x08, 0xff, 0x08, 0x08, 0x08, 0xff,
    0x10, 0x0c, 0x10, 0xff, 0x08, 0x0c, 0x08, 0xff, 0x08, 0x08, 0x08, 0xff,
    0x08, 0x08, 0x08, 0xff, 0x10, 0x0c, 0x10, 0xff, 0x08, 0x08, 0x08, 0xff,
    0x08, 0x08, 0x08, 0xff, 0x08, 0x0c, 0x08, 0xff, 0x08, 0x08, 0x08, 0xff,
    0x08, 0x0c, 0x08, 0xff, 0x10, 0x0c, 0x10, 0xff, 0x08, 0x08, 0x08, 0xff,
    0x08, 0x08, 0x08, 0xff, 0x10, 0x0c, 0x10, 0xff, 0x08, 0x08, 0x08, 0xff,
    0x08, 0x08, 0x08, 0xff, 0x10, 0x0c, 0x10, 0xff, 0x08, 0x0c, 0x08, 0xff,
    0x08, 0x08, 0x08, 0xff, 0x08, 0x0c, 0x08, 0xff, 0x08, 0x0c, 0x08, 0xff,
    0x08, 0x08, 0x08, 0xff, 0x08, 0x0c, 0x08, 0xff, 0x10, 0x08, 0x10, 0xff,
    0x08, 0x08, 0x08, 0xff, 0x08, 0x0c, 0x08, 0xff, 0x08, 0x08, 0x08, 0xff,
    0x08, 0x08, 0x08, 0xff, 0x08, 0x0c, 0x08, 0xff, 0x08, 0x0c, 0x08, 0xff,
    0x10, 0x08, 0x10, 0xff, 0x08, 0x0c, 0x08, 0xff, 0x10, 0x08, 0x10, 0xff,
    0x08, 0x0c, 0x08, 0xff, 0x08, 0x08, 0x08, 0xff, 0x10, 0x0c, 0x10, 0xff,
    0x08, 0x0c, 0x08, 0xff, 0x08, 0x08, 0x08, 0xff, 0x08, 0x0c, 0x08, 0xff,
    0x10, 0x0c, 0x10, 0xff, 0x08, 0x08, 0x08, 0xff, 0x30, 0x34, 0x30, 0xff,
    0x38, 0x34, 0x38, 0xff, 0x30, 0x34, 0x30, 0xff, 0x30, 0x34, 0x30, 0xff,
    0x00, 0x00, 0x00, 0x00, 0x00, 0x00, 0x00, 0x00, 0x00, 0x00, 0x00, 0x00,
    0x00, 0x00, 0x00, 0x00, 0x00, 0x00, 0x00, 0x00, 0x00, 0x00, 0x00, 0x00,
    0x00, 0x00, 0x00, 0x00, 0x00, 0x00, 0x00, 0x00, 0x00, 0x00, 0x00, 0x00,
    0x00, 0x00, 0x00, 0x00, 0x00, 0x00, 0x00, 0x00, 0x00, 0x00, 0x00, 0x00,
    0x00, 0x00, 0x00, 0x00, 0x00, 0x00, 0x00, 0x00, 0x00, 0x00, 0x00, 0x00,
    0x00, 0x00, 0x00, 0x00, 0x30, 0x30, 0x30, 0xff, 0x38, 0x34, 0x38, 0xff,
    0x30, 0x34, 0x30, 0xff, 0x38, 0x30, 0x38, 0xff, 0x08, 0x08, 0x08, 0xff,
    0x10, 0x0c, 0x10, 0xff, 0x08, 0x0c, 0x08, 0xff, 0x10, 0x08, 0x10, 0xff,
    0x08, 0x0c, 0x08, 0xff, 0x10, 0x08, 0x10, 0xff, 0x08, 0x08, 0x08, 0xff,
    0x08, 0x0c, 0x08, 0xff, 0x10, 0x08, 0x10, 0xff, 0x08, 0x08, 0x08, 0xff,
    0x08, 0x0c, 0x08, 0xff, 0x10, 0x08, 0x10, 0xff, 0x10, 0x0c, 0x10, 0xff,
    0x08, 0x08, 0x08, 0xff, 0x08, 0x0c, 0x08, 0xff, 0x08, 0x08, 0x08, 0xff,
    0x10, 0x0c, 0x10, 0xff, 0x08, 0x0c, 0x08, 0xff, 0x08, 0x08, 0x08, 0xff,
    0x08, 0x0c, 0x08, 0xff, 0x10, 0x0c, 0x10, 0xff, 0x08, 0x08, 0x08, 0xff,
    0x10, 0x08, 0x10, 0xff, 0x08, 0x0c, 0x08, 0xff, 0x08, 0x08, 0x08, 0xff,
    0x08, 0x08, 0x08, 0xff, 0x10, 0x0c, 0x10, 0xff, 0x08, 0x0c, 0x08, 0xff,
    0x08, 0x08, 0x08, 0xff, 0x10, 0x0c, 0x10, 0xff, 0x08, 0x08, 0x08, 0xff,
    0x08, 0x08, 0x08, 0xff, 0x08, 0x0c, 0x08, 0xff, 0x10, 0x08, 0x10, 0xff,
    0x08, 0x08, 0x08, 0xff, 0x10, 0x0c, 0x10, 0xff, 0x08, 0x08, 0x08, 0xff,
    0x08, 0x0c, 0x08, 0xff, 0x08, 0x0c, 0x08, 0xff, 0x08, 0x08, 0x08, 0xff,
    0x10, 0x0c, 0x10, 0xff, 0x08, 0x08, 0x08, 0xff, 0x08, 0x0c, 0x08, 0xff,
    0x08, 0x08, 0x08, 0xff, 0x10, 0x08, 0x10, 0xff, 0x08, 0x0c, 0x08, 0xff,
    0x08, 0x08, 0x08, 0xff, 0x08, 0x0c, 0x08, 0xff, 0x10, 0x0c, 0x10, 0xff,
    0x08, 0x08, 0x08, 0xff, 0x08, 0x08, 0x08, 0xff, 0x08, 0x0c, 0x08, 0xff,
    0x08, 0x08, 0x08, 0xff, 0x08, 0x08, 0x08, 0xff, 0x08, 0x0c, 0x08, 0xff,
    0x08, 0x08, 0x08, 0xff, 0x38, 0x34, 0x38, 0xff, 0x30, 0x34, 0x30, 0xff,
    0x30, 0x30, 0x30, 0xff, 0x38, 0x34, 0x38, 0xff, 0x00, 0x00, 0x00, 0x00,
    0x00, 0x00, 0x00, 0x00, 0x00, 0x00, 0x00, 0x00, 0x00, 0x00, 0x00, 0x00,
    0x00, 0x00, 0x00, 0x00, 0x00, 0x00, 0x00, 0x00, 0x00, 0x00, 0x00, 0x00,
    0x00, 0x00, 0x00, 0x00, 0x00, 0x00, 0x00, 0x00, 0x00, 0x00, 0x00, 0x00,
    0x00, 0x00, 0x00, 0x00, 0x00, 0x00, 0x00, 0x00, 0x00, 0x00, 0x00, 0x00,
    0x00, 0x00, 0x00, 0x00, 0x00, 0x00, 0x00, 0x00, 0x00, 0x00, 0x00, 0x00,
    0x30, 0x34, 0x30, 0xff, 0x30, 0x34, 0x30, 0xff, 0x30, 0x34, 0x30, 0xff,
    0x38, 0x34, 0x38, 0xff, 0x08, 0x08, 0x08, 0xff, 0x08, 0x0c, 0x08, 0xff,
    0x10, 0x08, 0x10, 0xff, 0x08, 0x0c, 0x08, 0xff, 0x08, 0x08, 0x08, 0xff,
    0x08, 0x0c, 0x08, 0xff, 0x10, 0x0c, 0x10, 0xff, 0x08, 0x08, 0x08, 0xff,
    0x08, 0x0c, 0x08, 0xff, 0x10, 0x0c, 0x10, 0xff, 0x08, 0x08, 0x08, 0xff,
    0x08, 0x08, 0x08, 0xff, 0x08, 0x0c, 0x08, 0xff, 0x08, 0x0c, 0x08, 0xff,
    0x10, 0x08, 0x10, 0xff, 0x08, 0x08, 0x08, 0xff, 0x08, 0x0c, 0x08, 0xff,
    0x10, 0x08, 0x10, 0xff, 0x08, 0x08, 0x08, 0xff, 0x08, 0x0c, 0x08, 0xff,
    0x08, 0x0c, 0x08, 0xff, 0x08, 0x08, 0x08, 0xff, 0x08, 0x0c, 0x08, 0xff,
    0x10, 0x0c, 0x10, 0xff, 0x08, 0x08, 0x08, 0xff, 0x08, 0x08, 0x08, 0xff,
    0x08, 0x0c, 0x08, 0xff, 0x08, 0x08, 0x08, 0xff, 0x08, 0x0c, 0x08, 0xff,
    0x10, 0x0c, 0x10, 0xff, 0x08, 0x08, 0x08, 0xff, 0x08, 0x0c, 0x08, 0xff,
    0x10, 0x0c, 0x10, 0xff, 0x08, 0x08, 0x08, 0xff, 0x08, 0x0c, 0x08, 0xff,
    0x08, 0x08, 0x08, 0xff, 0x10, 0x08, 0x10, 0xff, 0x08, 0x0c, 0x08, 0xff,
    0x08, 0x08, 0x08, 0xff, 0x10, 0x0c, 0x10, 0xff, 0x08, 0x08, 0x08, 0xff,
    0x08, 0x0c, 0x08, 0xff, 0x10, 0x0c, 0x10, 0xff, 0x08, 0x08, 0x08, 0xff,
    0x08, 0x0c, 0x08, 0xff, 0x08, 0x08, 0x08, 0xff, 0x08, 0x08, 0x08, 0xff,
    0x08, 0x0c, 0x08, 0xff, 0x08, 0x08, 0x08, 0xff, 0x10, 0x0c, 0x10, 0xff,
    0x08, 0x08, 0x08, 0xff, 0x08, 0x0c, 0x08, 0xff, 0x10, 0x0c, 0x10, 0xff,
    0x10, 0x08, 0x10, 0xff, 0x08, 0x08, 0x08, 0xff, 0x08, 0x0c, 0x08, 0xff,
    0x38, 0x34, 0x38, 0xff, 0x30, 0x30, 0x30, 0xff, 0x38, 0x34, 0x38, 0xff,
    0x30, 0x34, 0x30, 0xff, 0x00, 0x00, 0x00, 0x00, 0x00, 0x00, 0x00, 0x00,
    0x00, 0x00, 0x00, 0x00, 0x00, 0x00, 0x00, 0x00, 0x00, 0x00, 0x00, 0x00,
    0x00, 0x00, 0x00, 0x00, 0x00, 0x00, 0x00, 0x00, 0x00, 0x00, 0x00, 0x00,
    0x00, 0x00, 0x00, 0x00, 0x00, 0x00, 0x00, 0x00, 0x00, 0x00, 0x00, 0x00,
    0x00, 0x00, 0x00, 0x00, 0x00, 0x00, 0x00, 0x00, 0x00, 0x00, 0x00, 0x00,
    0x00, 0x00, 0x00, 0x00, 0x00, 0x00, 0x00, 0x00, 0x38, 0x34, 0x38, 0xff,
    0x30, 0x30, 0x30, 0xff, 0x38, 0x34, 0x38, 0xff, 0x30, 0x34, 0x30, 0xff,
    0x08, 0x08, 0x08, 0xff, 0x08, 0x08, 0x08, 0xff, 0x08, 0x0c, 0x08, 0xff,
    0x08, 0x08, 0x08, 0xff, 0x08, 0x08, 0x08, 0xff, 0x08, 0x0c, 0x08, 0xff,
    0x08, 0x08, 0x08, 0xff, 0x08, 0x08, 0x08, 0xff, 0x08, 0x0c, 0x08, 0xff,
    0x08, 0x0c, 0x08, 0xff, 0x08, 0x08, 0x08, 0xff, 0x08, 0x0c, 0x08, 0xff,
    0x08, 0x08, 0x08, 0xff, 0x08, 0x0c, 0x08, 0xff, 0x08, 0x08, 0x08, 0xff,
    0x08, 0x0c, 0x08, 0xff, 0x08, 0x0c, 0x08, 0xff, 0x08, 0x08, 0x08, 0xff,
    0x10, 0x08, 0x10, 0xff, 0x08, 0x0c, 0x08, 0xff, 0x08, 0x08, 0x08, 0xff,
    0x10, 0x08, 0x10, 0xff, 0x08, 0x0c, 0x08, 0xff, 0x08, 0x08, 0x08, 0xff,
    0x10, 0x0c, 0x10, 0xff, 0x08, 0x0c, 0x08, 0xff, 0x10, 0x08, 0x10, 0xff,
    0x08, 0x08, 0x08, 0xff, 0x08, 0x0c, 0x08, 0xff, 0x08, 0x08, 0x08, 0xff,
    0x08, 0x08, 0x08, 0xff, 0x08, 0x0c, 0x08, 0xff, 0x08, 0x08, 0x08, 0xff,
    0x08, 0x0c, 0x08, 0xff, 0x08, 0x0c, 0x08, 0xff, 0x08, 0x08, 0x08, 0xff,
    0x10, 0x0c, 0x10, 0xff, 0x08, 0x08, 0x08, 0xff, 0x08, 0x0c, 0x08, 0xff,
    0x10, 0x08, 0x10, 0xff, 0x08, 0x08, 0x08, 0xff, 0x08, 0x0c, 0x08, 0xff,
    0x10, 0x08, 0x10, 0xff, 0x08, 0x0c, 0x08, 0xff, 0x08, 0x0c, 0x08, 0xff,
    0x10, 0x08, 0x10, 0xff, 0x10, 0x0c, 0x10, 0xff, 0x08, 0x08, 0x08, 0xff,
    0x08, 0x0c, 0x08, 0xff, 0x08, 0x08, 0x08, 0xff, 0x10, 0x0c, 0x10, 0xff,
    0x08, 0x08, 0x08, 0xff, 0x08, 0x0c, 0x08, 0xff, 0x08, 0x0c, 0x08, 0xff,
    0x08, 0x08, 0x08, 0xff, 0x08, 0x0c, 0x08, 0xff, 0x38, 0x34, 0x38, 0xff,
    0x30, 0x34, 0x30, 0xff, 0x30, 0x34, 0x30, 0xff, 0x38, 0x30, 0x38, 0xff,
    0x00, 0x00, 0x00, 0x00, 0x00, 0x00, 0x00, 0x00, 0x00, 0x00, 0x00, 0x00,
    0x00, 0x00, 0x00, 0x00, 0x00, 0x00, 0x00, 0x00, 0x00, 0x00, 0x00, 0x00,
    0x00, 0x00, 0x00, 0x00, 0x00, 0x00, 0x00, 0x00, 0x00, 0x00, 0x00, 0x00,
    0x00, 0x00, 0x00, 0x00, 0x00, 0x00, 0x00, 0x00, 0x00, 0x00, 0x00, 0x00,
    0x00, 0x00, 0x00, 0x00, 0x00, 0x00, 0x00, 0x00, 0x00, 0x00, 0x00, 0x00,
    0x00, 0x00, 0x00, 0x00, 0x30, 0x34, 0x30, 0xff, 0x38, 0x30, 0x38, 0xff,
    0x30, 0x34, 0x30, 0xff, 0x38, 0x34, 0x38, 0xff, 0x08, 0x08, 0x08, 0xff,
    0x08, 0x0c, 0x08, 0xff, 0x10, 0x0c, 0x10, 0xff, 0x08, 0x08, 0x08, 0xff,
    0x10, 0x0c, 0x10, 0xff, 0x10, 0x0c, 0x10, 0xff, 0x08, 0x08, 0x08, 0xff,
    0x10, 0x08, 0x10, 0xff, 0x08, 0x0c, 0x08, 0xff, 0x10, 0x08, 0x10, 0xff,
    0x10, 0x08, 0x10, 0xff, 0x08, 0x0c, 0x08, 0xff, 0x10, 0x08, 0x10, 0xff,
    0x10, 0x08, 0x10, 0xff, 0x08, 0x0c, 0x08, 0xff, 0x10, 0x08, 0x10, 0xff,
    0x08, 0x0c, 0x08, 0xff, 0x08, 0x0c, 0x08, 0xff, 0x08, 0x08, 0x08, 0xff,
    0x10, 0x0c, 0x10, 0xff, 0x08, 0x08, 0x08, 0xff, 0x08, 0x0c, 0x08, 0xff,
    0x08, 0x08, 0x08, 0xff, 0x08, 0x08, 0x08, 0xff, 0x08, 0x0c, 0x08, 0xff,
    0x08, 0x0c, 0x08, 0xff, 0x10, 0x08, 0x10, 0xff, 0x08, 0x0c, 0x08, 0xff,
    0x08, 0x0c, 0x08, 0xff, 0x10, 0x08, 0x10, 0xff, 0x10, 0x0c, 0x10, 0xff,
    0x08, 0x08, 0x08, 0xff, 0x08, 0x08, 0x08, 0xff, 0x10, 0x0c, 0x10, 0xff,
    0x08, 0x08, 0x08, 0xff, 0x08, 0x0c, 0x08, 0xff, 0x08, 0x0c, 0x08, 0xff,
    0x08, 0x08, 0x08, 0xff, 0x08, 0x0c, 0x08, 0xff, 0x08, 0x0c, 0x08, 0xff,
    0x08, 0x08, 0x08, 0xff, 0x08, 0x0c, 0x08, 0xff, 0x08, 0x08, 0x08, 0xff,
    0x08, 0x08, 0x08, 0xff, 0x08, 0x0c, 0x08, 0xff, 0x08, 0x0c, 0x08, 0xff,
    0x08, 0x08, 0x08, 0xff, 0x10, 0x0c, 0x10, 0xff, 0x08, 0x08, 0x08, 0xff,
    0x08, 0x0c, 0x08, 0xff, 0x08, 0x08, 0x08, 0xff, 0x08, 0x08, 0x08, 0xff,
    0x08, 0x0c, 0x08, 0xff, 0x10, 0x08, 0x10, 0xff, 0x08, 0x08, 0x08, 0xff,
    0x08, 0x08, 0x08, 0xff, 0x38, 0x34, 0x38, 0xff, 0x30, 0x34, 0x30, 0xff,
    0x30, 0x34, 0x30, 0xff, 0x38, 0x34, 0x38, 0xff, 0x00, 0x00, 0x00, 0x00,
    0x00, 0x00, 0x00, 0x00, 0x00, 0x00, 0x00, 0x00, 0x00, 0x00, 0x00, 0x00,
    0x00, 0x00, 0x00, 0x00, 0x00, 0x00, 0x00, 0x00, 0x00, 0x00, 0x00, 0x00,
    0x00, 0x00, 0x00, 0x00, 0x00, 0x00, 0x00, 0x00, 0x00, 0x00, 0x00, 0x00,
    0x00, 0x00, 0x00, 0x00, 0x00, 0x00, 0x00, 0x00, 0x00, 0x00, 0x00, 0x00,
    0x00, 0x00, 0x00, 0x00, 0x00, 0x00, 0x00, 0x00, 0x00, 0x00, 0x00, 0x00,
    0x30, 0x34, 0x30, 0xff, 0x30, 0x34, 0x30, 0xff, 0x30, 0x34, 0x30, 0xff,
    0x38, 0x34, 0x38, 0xff, 0x08, 0x08, 0x08, 0xff, 0x08, 0x0c, 0x08, 0xff,
    0x08, 0x08, 0x08, 0xff, 0x08, 0x08, 0x08, 0xff, 0x08, 0x0c, 0x08, 0xff,
    0x08, 0x0c, 0x08, 0xff, 0x08, 0x08, 0x08, 0xff, 0x08, 0x0c, 0x08, 0xff,
    0x08, 0x0c, 0x08, 0xff, 0x08, 0x08, 0x08, 0xff, 0x08, 0x0c, 0x08, 0xff,
    0x08, 0x0c, 0x08, 0xff, 0x08, 0x08, 0x08, 0xff, 0x08, 0x0c, 0x08, 0xff,
    0x08, 0x0c, 0x08, 0xff, 0x08, 0x08, 0x08, 0xff, 0x10, 0x08, 0x10, 0xff,
    0x08, 0x0c, 0x08, 0xff, 0x08, 0x08, 0x08, 0xff, 0x08, 0x0c, 0x08, 0xff,
    0x10, 0x0c, 0x10, 0xff, 0x08, 0x08, 0x08, 0xff, 0x08, 0x0c, 0x08, 0xff,
    0x10, 0x0c, 0x10, 0xff, 0x08, 0x08, 0x08, 0xff, 0x08, 0x08, 0x08, 0xff,
    0x08, 0x0c, 0x08, 0xff, 0x08, 0x08, 0x08, 0xff, 0x08, 0x08, 0x08, 0xff,
    0x08, 0x0c, 0x08, 0xff, 0x08, 0x0c, 0x08, 0xff, 0x10, 0x08, 0x10, 0xff,
    0x08, 0x0c, 0x08, 0xff, 0x08, 0x08, 0x08, 0xff, 0x10, 0x08, 0x10, 0xff,
    0x08, 0x0c, 0x08, 0xff, 0x10, 0x08, 0x10, 0xff, 0x10, 0x08, 0x10, 0xff,
    0x08, 0x0c, 0x08, 0xff, 0x08, 0x08, 0x08, 0xff, 0x10, 0x0c, 0x10, 0xff,
    0x08, 0x0c, 0x08, 0xff, 0x10, 0x08, 0x10, 0xff, 0x08, 0x08, 0x08, 0xff,
    0x10, 0x0c, 0x10, 0xff, 0x08, 0x08, 0x08, 0xff, 0x08, 0x08, 0x08, 0xff,
    0x08, 0x0c, 0x08, 0xff, 0x10, 0x0c, 0x10, 0xff, 0x08, 0x08, 0x08, 0xff,
    0x08, 0x0c, 0x08, 0xff, 0x10, 0x0c, 0x10, 0xff, 0x08, 0x08, 0x08, 0xff,
    0x08, 0x0c, 0x08, 0xff, 0x10, 0x0c, 0x10, 0xff, 0x08, 0x08, 0x08, 0xff,
    0x30, 0x34, 0x30, 0xff, 0x38, 0x30, 0x38, 0xff, 0x30, 0x34, 0x30, 0xff,
    0x30, 0x34, 0x30, 0xff, 0x00, 0x00, 0x00, 0x00, 0x00, 0x00, 0x00, 0x00,
    0x00, 0x00, 0x00, 0x00, 0x00, 0x00, 0x00, 0x00, 0x00, 0x00, 0x00, 0x00,
    0x00, 0x00, 0x00, 0x00, 0x00, 0x00, 0x00, 0x00, 0x00, 0x00, 0x00, 0x00,
    0x00, 0x00, 0x00, 0x00, 0x00, 0x00, 0x00, 0x00, 0x00, 0x00, 0x00, 0x00,
    0x00, 0x00, 0x00, 0x00, 0x00, 0x00, 0x00, 0x00, 0x00, 0x00, 0x00, 0x00,
    0x00, 0x00, 0x00, 0x00, 0x00, 0x00, 0x00, 0x00, 0x38, 0x34, 0x38, 0xff,
    0x30, 0x30, 0x30, 0xff, 0x38, 0x34, 0x38, 0xff, 0x30, 0x34, 0x30, 0xff,
    0x08, 0x08, 0x08, 0xff, 0x10, 0x08, 0x10, 0xff, 0x08, 0x0c, 0x08, 0xff,
    0x08, 0x08, 0x08, 0xff, 0x10, 0x08, 0x10, 0xff, 0x08, 0x0c, 0x08, 0xff,
    0x08, 0x08, 0x08, 0xff, 0x10, 0x08, 0x10, 0xff, 0x08, 0x0c, 0x08, 0xff,
    0x08, 0x08, 0x08, 0xff, 0x10, 0x08, 0x10, 0xff, 0x08, 0x0c, 0x08, 0xff,
    0x08, 0x08, 0x08, 0xff, 0x10, 0x0c, 0x10, 0xff, 0x08, 0x08, 0x08, 0xff,
    0x08, 0x08, 0x08, 0xff, 0x08, 0x0c, 0x08, 0xff, 0x10, 0x08, 0x10, 0xff,
    0x08, 0x08, 0x08, 0xff, 0x08, 0x0c, 0x08, 0xff, 0x08, 0x08, 0x08, 0xff,
    0x10, 0x08, 0x10, 0xff, 0x08, 0x0c, 0x08, 0xff, 0x08, 0x0c, 0x08, 0xff,
    0x10, 0x08, 0x10, 0xff, 0x08, 0x0c, 0x08, 0xff, 0x10, 0x0c, 0x10, 0xff,
    0x08, 0x08, 0x08, 0xff, 0x10, 0x08, 0x10, 0xff, 0x08, 0x0c, 0x08, 0xff,
    0x08, 0x08, 0x08, 0xff, 0x08, 0x0c, 0x08, 0xff, 0x08, 0x0c, 0x08, 0xff,
    0x08, 0x08, 0x08, 0xff, 0x08, 0x0c, 0x08, 0xff, 0x08, 0x0c, 0x08, 0xff,
    0x08, 0x08, 0x08, 0xff, 0x08, 0x0c, 0x08, 0xff, 0x08, 0x08, 0x08, 0xff,
    0x10, 0x08, 0x10, 0xff, 0x08, 0x0c, 0x08, 0xff, 0x08, 0x08, 0x08, 0xff,
    0x08, 0x0c, 0x08, 0xff, 0x10, 0x0c, 0x10, 0xff, 0x08, 0x08, 0x08, 0xff,
    0x08, 0x0c, 0x08, 0xff, 0x08, 0x08, 0x08, 0xff, 0x08, 0x08, 0x08, 0xff,
    0x08, 0x0c, 0x08, 0xff, 0x10, 0x08, 0x10, 0xff, 0x08, 0x08, 0x08, 0xff,
    0x08, 0x0c, 0x08, 0xff, 0x08, 0x08, 0x08, 0xff, 0x08, 0x0c, 0x08, 0xff,
    0x08, 0x08, 0x08, 0xff, 0x08, 0x0c, 0x08, 0xff, 0x38, 0x34, 0x38, 0xff,
    0x30, 0x34, 0x30, 0xff, 0x38, 0x30, 0x38, 0xff, 0x30, 0x34, 0x30, 0xff,
    0x00, 0x00, 0x00, 0x00, 0x00, 0x00, 0x00, 0x00, 0x00, 0x00, 0x00, 0x00,
    0x00, 0x00, 0x00, 0x00, 0x00, 0x00, 0x00, 0x00, 0x00, 0x00, 0x00, 0x00,
    0x00, 0x00, 0x00, 0x00, 0x00, 0x00, 0x00, 0x00, 0x00, 0x00, 0x00, 0x00,
    0x00, 0x00, 0x00, 0x00, 0x00, 0x00, 0x00, 0x00, 0x00, 0x00, 0x00, 0x00,
    0x00, 0x00, 0x00, 0x00, 0x00, 0x00, 0x00, 0x00, 0x00, 0x00, 0x00, 0x00,
    0x00, 0x00, 0x00, 0x00, 0x30, 0x34, 0x30, 0xff, 0x38, 0x30, 0x38, 0xff,
    0x30, 0x34, 0x30, 0xff, 0x30, 0x34, 0x30, 0xff, 0x08, 0x08, 0x08, 0xff,
    0x10, 0x0c, 0x10, 0xff, 0x08, 0x0c, 0x08, 0xff, 0x08, 0x0c, 0x08, 0xff,
    0x10, 0x08, 0x10, 0xff, 0x08, 0x0c, 0x08, 0xff, 0x08, 0x0c, 0x08, 0xff,
    0x10, 0x08, 0x10, 0xff, 0x08, 0x0c, 0x08, 0xff, 0x08, 0x0c, 0x08, 0xff,
    0x10, 0x08, 0x10, 0xff, 0x08, 0x0c, 0x08, 0xff, 0x08, 0x08, 0x08, 0xff,
    0x10, 0x0c, 0x10, 0xff, 0x08, 0x0c, 0x08, 0xff, 0x08, 0x08, 0x08, 0xff,
    0x08, 0x0c, 0x08, 0xff, 0x08, 0x0c, 0x08, 0xff, 0x10, 0x08, 0x10, 0xff,
    0x08, 0x0c, 0x08, 0xff, 0x08, 0x0c, 0x08, 0xff, 0x08, 0x08, 0x08, 0xff,
    0x08, 0x08, 0x08, 0xff, 0x08, 0x08, 0x08, 0xff, 0x08, 0x0c, 0x08, 0xff,
    0x08, 0x08, 0x08, 0xff, 0x08, 0x0c, 0x08, 0xff, 0x10, 0x0c, 0x10, 0xff,
    0x08, 0x08, 0x08, 0xff, 0x08, 0x0c, 0x08, 0xff, 0x10, 0x08, 0x10, 0xff,
    0x08, 0x08, 0x08, 0xff, 0x10, 0x0c, 0x10, 0xff, 0x10, 0x08, 0x10, 0xff,
    0x08, 0x0c, 0x08, 0xff, 0x08, 0x08, 0x08, 0xff, 0x10, 0x0c, 0x10, 0xff,
    0x08, 0x0c, 0x08, 0xff, 0x08, 0x08, 0x08, 0xff, 0x08, 0x0c, 0x08, 0xff,
    0x08, 0x08, 0x08, 0xff, 0x08, 0x08, 0x08, 0xff, 0x08, 0x0c, 0x08, 0xff,
    0x08, 0x08, 0x08, 0xff, 0x08, 0x0c, 0x08, 0xff, 0x10, 0x0c, 0x10, 0xff,
    0x10, 0x08, 0x10, 0xff, 0x08, 0x0c, 0x08, 0xff, 0x08, 0x0c, 0x08, 0xff,
    0x08, 0x08, 0x08, 0xff, 0x10, 0x0c, 0x10, 0xff, 0x08, 0x08, 0x08, 0xff,
    0x10, 0x0c, 0x10, 0xff, 0x08, 0x08, 0x08, 0xff, 0x08, 0x08, 0x08, 0xff,
    0x10, 0x08, 0x10, 0xff, 0x30, 0x34, 0x30, 0xff, 0x30, 0x34, 0x30, 0xff,
    0x38, 0x34, 0x38, 0xff, 0x30, 0x30, 0x30, 0xff, 0x00, 0x00, 0x00, 0x00,
    0x00, 0x00, 0x00, 0x00, 0x00, 0x00, 0x00, 0x00, 0x00, 0x00, 0x00, 0x00,
    0x00, 0x00, 0x00, 0x00, 0x00, 0x00, 0x00, 0x00, 0x00, 0x00, 0x00, 0x00,
    0x00, 0x00, 0x00, 0x00, 0x00, 0x00, 0x00, 0x00, 0x00, 0x00, 0x00, 0x00,
    0x00, 0x00, 0x00, 0x00, 0x00, 0x00, 0x00, 0x00, 0x00, 0x00, 0x00, 0x00,
    0x00, 0x00, 0x00, 0x00, 0x00, 0x00, 0x00, 0x00, 0x00, 0x00, 0x00, 0x00,
    0x30, 0x34, 0x30, 0xff, 0x30, 0x34, 0x30, 0xff, 0x38, 0x34, 0x38, 0xff,
    0x38, 0x34, 0x38, 0xff, 0x08, 0x08, 0x08, 0xff, 0x08, 0x08, 0x08, 0xff,
    0x08, 0x0c, 0x08, 0xff, 0x08, 0x08, 0x08, 0xff, 0x08, 0x08, 0x08, 0xff,
    0x08, 0x0c, 0x08, 0xff, 0x08, 0x08, 0x08, 0xff, 0x08, 0x08, 0x08, 0xff,
    0x08, 0x0c, 0x08, 0xff, 0x08, 0x08, 0x08, 0xff, 0x08, 0x0c, 0x08, 0xff,
    0x08, 0x08, 0x08, 0xff, 0x08, 0x08, 0x08, 0xff, 0x08, 0x0c, 0x08, 0xff,
    0x10, 0x08, 0x10, 0xff, 0x08, 0x0c, 0x08, 0xff, 0x08, 0x08, 0x08, 0xff,
    0x10, 0x0c, 0x10, 0xff, 0x08, 0x08, 0x08, 0xff, 0x08, 0x08, 0x08, 0xff,
    0x10, 0x0c, 0x10, 0xff, 0x08, 0x0c, 0x08, 0xff, 0x10, 0x08, 0x10, 0xff,
    0x10, 0x0c, 0x10, 0xff, 0x08, 0x08, 0x08, 0xff, 0x08, 0x08, 0x08, 0xff,
    0x08, 0x08, 0x08, 0xff, 0x08, 0x0c, 0x08, 0xff, 0x08, 0x0c, 0x08, 0xff,
    0x08, 0x08, 0x08, 0xff, 0x08, 0x0c, 0x08, 0xff, 0x08, 0x0c, 0x08, 0xff,
    0x08, 0x08, 0x08, 0xff, 0x08, 0x0c, 0x08, 0xff, 0x08, 0x08, 0x08, 0xff,
    0x10, 0x08, 0x10, 0xff, 0x08, 0x0c, 0x08, 0xff, 0x08, 0x08, 0x08, 0xff,
    0x10, 0x0c, 0x10, 0xff, 0x08, 0x0c, 0x08, 0xff, 0x10, 0x08, 0x10, 0xff,
    0x10, 0x0c, 0x10, 0xff, 0x08, 0x08, 0x08, 0xff, 0x08, 0x08, 0x08, 0xff,
    0x08, 0x0c, 0x08, 0xff, 0x08, 0x08, 0x08, 0xff, 0x08, 0x08, 0x08, 0xff,
    0x10, 0x0c, 0x10, 0xff, 0x08, 0x08, 0x08, 0xff, 0x08, 0x0c, 0x08, 0xff,
    0x08, 0x08, 0x08, 0xff, 0x08, 0x0c, 0x08, 0xff, 0x10, 0x0c, 0x10, 0xff,
    0x08, 0x08, 0x08, 0xff, 0x08, 0x0c, 0x08, 0xff, 0x10, 0x0c, 0x10, 0xff,
    0x30, 0x34, 0x30, 0xff, 0x30, 0x34, 0x30, 0xff, 0x38, 0x34, 0x38, 0xff,
    0x30, 0x34, 0x30, 0xff, 0x00, 0x00, 0x00, 0x00, 0x00, 0x00, 0x00, 0x00,
    0x00, 0x00, 0x00, 0x00, 0x00, 0x00, 0x00, 0x00, 0x00, 0x00, 0x00, 0x00,
    0x00, 0x00, 0x00, 0x00, 0x00, 0x00, 0x00, 0x00, 0x00, 0x00, 0x00, 0x00,
    0x00, 0x00, 0x00, 0x00, 0x00, 0x00, 0x00, 0x00, 0x00, 0x00, 0x00, 0x00,
    0x00, 0x00, 0x00, 0x00, 0x00, 0x00, 0x00, 0x00, 0x00, 0x00, 0x00, 0x00,
    0x00, 0x00, 0x00, 0x00, 0x00, 0x00, 0x00, 0x00, 0x38, 0x30, 0x38, 0xff,
    0x30, 0x34, 0x30, 0xff, 0x30, 0x34, 0x30, 0xff, 0x38, 0x34, 0x38, 0xff,
    0x08, 0x08, 0x08, 0xff, 0x08, 0x0c, 0x08, 0xff, 0x10, 0x08, 0x10, 0xff,
    0x08, 0x0c, 0x08, 0xff, 0x10, 0x0c, 0x10, 0xff, 0x08, 0x08, 0x08, 0xff,
    0x10, 0x0c, 0x10, 0xff, 0x08, 0x0c, 0x08, 0xff, 0x10, 0x08, 0x10, 0xff,
    0x08, 0x08, 0x08, 0xff, 0x10, 0x0c, 0x10, 0xff, 0x08, 0x0c, 0x08, 0xff,
    0x08, 0x08, 0x08, 0xff, 0x10, 0x08, 0x10, 0xff, 0x08, 0x0c, 0x08, 0xff,
    0x08, 0x08, 0x08, 0xff, 0x10, 0x0c, 0x10, 0xff, 0x08, 0x08, 0x08, 0xff,
    0x08, 0x0c, 0x08, 0xff, 0x08, 0x08, 0x08, 0xff, 0x08, 0x0c, 0x08, 0xff,
    0x08, 0x08, 0x08, 0xff, 0x08, 0x0c, 0x08, 0xff, 0x08, 0x0c, 0x08, 0xff,
    0x10, 0x0c, 0x10, 0xff, 0x08, 0x08, 0x08, 0xff, 0x10, 0x0c, 0x10, 0xff,
    0x08, 0x08, 0x08, 0xff, 0x10, 0x08, 0x10, 0xff, 0x08, 0x0c, 0x08, 0xff,
    0x10, 0x08, 0x10, 0xff, 0x08, 0x08, 0x08, 0xff, 0x08, 0x0c, 0x08, 0xff,
    0x08, 0x0c, 0x08, 0xff, 0x10, 0x08, 0x10, 0xff, 0x08, 0x0c, 0x08, 0xff,
    0x08, 0x08, 0x08, 0xff, 0x08, 0x08, 0x08, 0xff, 0x08, 0x0c, 0x08, 0xff,
    0x08, 0x08, 0x08, 0xff, 0x08, 0x0c, 0x08, 0xff, 0x08, 0x0c, 0x08, 0xff,
    0x10, 0x08, 0x10, 0xff, 0x10, 0x0c, 0x10, 0xff, 0x08, 0x0c, 0x08, 0xff,
    0x08, 0x08, 0x08, 0xff, 0x08, 0x0c, 0x08, 0xff, 0x08, 0x08, 0x08, 0xff,
    0x10, 0x0c, 0x10, 0xff, 0x08, 0x08, 0x08, 0xff, 0x08, 0x08, 0x08, 0xff,
    0x08, 0x0c, 0x08, 0xff, 0x08, 0x08, 0x08, 0xff, 0x08, 0x0c, 0x08, 0xff,
    0x08, 0x08, 0x08, 0xff, 0x08, 0x08, 0x08, 0xff, 0x38, 0x34, 0x38, 0xff,
    0x30, 0x30, 0x30, 0xff, 0x30, 0x34, 0x30, 0xff, 0x38, 0x34, 0x38, 0xff,
    0x00, 0x00, 0x00, 0x00, 0x00, 0x00, 0x00, 0x00, 0x00, 0x00, 0x00, 0x00,
    0x00, 0x00, 0x00, 0x00, 0x00, 0x00, 0x00, 0x00, 0x00, 0x00, 0x00, 0x00,
    0x00, 0x00, 0x00, 0x00, 0x00, 0x00, 0x00, 0x00, 0x00, 0x00, 0x00, 0x00,
    0x00, 0x00, 0x00, 0x00, 0x00, 0x00, 0x00, 0x00, 0x00, 0x00, 0x00, 0x00,
    0x00, 0x00, 0x00, 0x00, 0x00, 0x00, 0x00, 0x00, 0x00, 0x00, 0x00, 0x00,
    0x00, 0x00, 0x00, 0x00, 0x30, 0x34, 0x30, 0xff, 0x38, 0x30, 0x38, 0xff,
    0x30, 0x34, 0x30, 0xff, 0x30, 0x34, 0x30, 0xff, 0x08, 0x08, 0x08, 0xff,
    0x08, 0x0c, 0x08, 0xff, 0x10, 0x08, 0x10, 0xff, 0x08, 0x08, 0x08, 0xff,
    0x08, 0x0c, 0x08, 0xff, 0x10, 0x08, 0x10, 0xff, 0x08, 0x08, 0x08, 0xff,
    0x08, 0x0c, 0x08, 0xff, 0x08, 0x0c, 0x08, 0xff, 0x10, 0x08, 0x10, 0xff,
    0x08, 0x0c, 0x08, 0xff, 0x08, 0x0c, 0x08, 0xff, 0x10, 0x08, 0x10, 0xff,
    0x08, 0x0c, 0x08, 0xff, 0x08, 0x0c, 0x08, 0xff, 0x08, 0x08, 0x08, 0xff,
    0x08, 0x08, 0x08, 0xff, 0x08, 0x0c, 0x08, 0xff, 0x10, 0x0c, 0x10, 0xff,
    0x08, 0x08, 0x08, 0xff, 0x08, 0x08, 0x08, 0xff, 0x10, 0x0c, 0x10, 0xff,
    0x08, 0x08, 0x08, 0xff, 0x08, 0x08, 0x08, 0xff, 0x08, 0x0c, 0x08, 0xff,
    0x08, 0x0c, 0x08, 0xff, 0x08, 0x08, 0x08, 0xff, 0x10, 0x0c, 0x10, 0xff,
    0x08, 0x08, 0x08, 0xff, 0x08, 0x0c, 0x08, 0xff, 0x08, 0x0c, 0x08, 0xff,
    0x10, 0x08, 0x10, 0xff, 0x08, 0x08, 0x08, 0xff, 0x10, 0x0c, 0x10, 0xff,
    0x08, 0x08, 0x08, 0xff, 0x08, 0x0c, 0x08, 0xff, 0x10, 0x0c, 0x10, 0xff,
    0x08, 0x08, 0x08, 0xff, 0x10, 0x08, 0x10, 0xff, 0x08, 0x0c, 0x08, 0xff,
    0x08, 0x08, 0x08, 0xff, 0x08, 0x08, 0x08, 0xff, 0x08, 0x0c, 0x08, 0xff,
    0x08, 0x08, 0x08, 0xff, 0x10, 0x08, 0x10, 0xff, 0x08, 0x0c, 0x08, 0xff,
    0x08, 0x0c, 0x08, 0xff, 0x10, 0x08, 0x10, 0xff, 0x08, 0x0c, 0x08, 0xff,
    0x08, 0x0c, 0x08, 0xff, 0x10, 0x08, 0x10, 0xff, 0x10, 0x08, 0x10, 0xff,
    0x08, 0x0c, 0x08, 0xff, 0x10, 0x08, 0x10, 0xff, 0x08, 0x0c, 0x08, 0xff,
    0x08, 0x08, 0x08, 0xff, 0x38, 0x34, 0x38, 0xff, 0x30, 0x34, 0x30, 0xff,
    0x30, 0x30, 0x30, 0xff, 0x38, 0x34, 0x38, 0xff, 0x00, 0x00, 0x00, 0x00,
    0x00, 0x00, 0x00, 0x00, 0x00, 0x00, 0x00, 0x00, 0x00, 0x00, 0x00, 0x00,
    0x00, 0x00, 0x00, 0x00, 0x00, 0x00, 0x00, 0x00, 0x00, 0x00, 0x00, 0x00,
    0x00, 0x00, 0x00, 0x00, 0x00, 0x00, 0x00, 0x00, 0x00, 0x00, 0x00, 0x00,
    0x00, 0x00, 0x00, 0x00, 0x00, 0x00, 0x00, 0x00, 0x00, 0x00, 0x00, 0x00,
    0x00, 0x00, 0x00, 0x00, 0x00, 0x00, 0x00, 0x00, 0x00, 0x00, 0x00, 0x00,
    0x30, 0x34, 0x30, 0xff, 0x38, 0x34, 0x38, 0xff, 0x30, 0x34, 0x30, 0xff,
    0x38, 0x30, 0x38, 0xff, 0x08, 0x08, 0x08, 0xff, 0x08, 0x0c, 0x08, 0xff,
    0x08, 0x0c, 0x08, 0xff, 0x08, 0x08, 0x08, 0xff, 0x08, 0x0c, 0x08, 0xff,
    0x08, 0x0c, 0x08, 0xff, 0x08, 0x08, 0x08, 0xff, 0x08, 0x08, 0x08, 0xff,
    0x08, 0x0c, 0x08, 0xff, 0x08, 0x08, 0x08, 0xff, 0x08, 0x08, 0x08, 0xff,
    0x08, 0x0c, 0x08, 0xff, 0x08, 0x08, 0x08, 0xff, 0x08, 0x0c, 0x08, 0xff,
    0x10, 0x08, 0x10, 0xff, 0x08, 0x0c, 0x08, 0xff, 0x08, 0x08, 0x08, 0xff,
    0x10, 0x0c, 0x10, 0xff, 0x08, 0x08, 0x08, 0xff, 0x08, 0x0c, 0x08, 0xff,
    0x10, 0x0c, 0x10, 0xff, 0x08, 0x08, 0x08, 0xff, 0x08, 0x0c, 0x08, 0xff,
    0x10, 0x08, 0x10, 0xff, 0x08, 0x08, 0x08, 0xff, 0x08, 0x0c, 0x08, 0xff,
    0x08, 0x08, 0x08, 0xff, 0x08, 0x0c, 0x08, 0xff, 0x08, 0x0c, 0x08, 0xff,
    0x08, 0x08, 0x08, 0xff, 0x08, 0x0c, 0x08, 0xff, 0x08, 0x08, 0x08, 0xff,
    0x08, 0x0c, 0x08, 0xff, 0x08, 0x08, 0x08, 0xff, 0x08, 0x08, 0x08, 0xff,
    0x08, 0x0c, 0x08, 0xff, 0x08, 0x0c, 0x08, 0xff, 0x10, 0x08, 0x10, 0xff,
    0x08, 0x0c, 0x08, 0xff, 0x08, 0x0c, 0x08, 0xff, 0x10, 0x08, 0x10, 0xff,
    0x08, 0x0c, 0x08, 0xff, 0x08, 0x0c, 0x08, 0xff, 0x08, 0x08, 0x08, 0xff,
    0x08, 0x08, 0x08, 0xff, 0x10, 0x0c, 0x10, 0xff, 0x08, 0x08, 0x08, 0xff,
    0x08, 0x08, 0x08, 0xff, 0x08, 0x0c, 0x08, 0xff, 0x08, 0x0c, 0x08, 0xff,
    0x08, 0x08, 0x08, 0xff, 0x08, 0x0c, 0x08, 0xff, 0x08, 0x0c, 0x08, 0xff,
    0x08, 0x08, 0x08, 0xff, 0x10, 0x0c, 0x10, 0xff, 0x08, 0x0c, 0x08, 0xff,
    0x38, 0x34, 0x38, 0xff, 0x30, 0x34, 0x30, 0xff, 0x38, 0x34, 0x38, 0xff,
    0x30, 0x30, 0x30, 0xff, 0x00, 0x00, 0x00, 0x00, 0x00, 0x00, 0x00, 0x00,
    0x00, 0x00, 0x00, 0x00, 0x00, 0x00, 0x00, 0x00, 0x00, 0x00, 0x00, 0x00,
    0x00, 0x00, 0x00, 0x00, 0x00, 0x00, 0x00, 0x00, 0x00, 0x00, 0x00, 0x00,
    0x00, 0x00, 0x00, 0x00, 0x00, 0x00, 0x00, 0x00, 0x00, 0x00, 0x00, 0x00,
    0x00, 0x00, 0x00, 0x00, 0x00, 0x00, 0x00, 0x00, 0x00, 0x00, 0x00, 0x00,
    0x00, 0x00, 0x00, 0x00, 0x00, 0x00, 0x00, 0x00, 0x30, 0x34, 0x30, 0xff,
    0x30, 0x34, 0x30, 0xff, 0x38, 0x34, 0x38, 0xff, 0x30, 0x34, 0x30, 0xff,
    0x08, 0x08, 0x08, 0xff, 0x10, 0x0c, 0x10, 0xff, 0x08, 0x08, 0x08, 0xff,
    0x08, 0x08, 0x08, 0xff, 0x10, 0x0c, 0x10, 0xff, 0x08, 0x0c, 0x08, 0xff,
    0x10, 0x08, 0x10, 0xff, 0x10, 0x0c, 0x10, 0xff, 0x08, 0x0c, 0x08, 0xff,
    0x08, 0x08, 0x08, 0xff, 0x10, 0x0c, 0x10, 0xff, 0x08, 0x08, 0x08, 0xff,
    0x08, 0x0c, 0x08, 0xff, 0x10, 0x08, 0x10, 0xff, 0x08, 0x0c, 0x08, 0xff,
    0x08, 0x08, 0x08, 0xff, 0x10, 0x0c, 0x10, 0xff, 0x08, 0x08, 0x08, 0xff,
    0x08, 0x08, 0x08, 0xff, 0x08, 0x0c, 0x08, 0xff, 0x08, 0x08, 0x08, 0xff,
    0x08, 0x0c, 0x08, 0xff, 0x08, 0x0c, 0x08, 0xff, 0x10, 0x08, 0x10, 0xff,
    0x08, 0x0c, 0x08, 0xff, 0x10, 0x08, 0x10, 0xff, 0x08, 0x08, 0x08, 0xff,
    0x10, 0x0c, 0x10, 0xff, 0x08, 0x08, 0x08, 0xff, 0x10, 0x08, 0x10, 0xff,
    0x10, 0x0c, 0x10, 0xff, 0x08, 0x0c, 0x08, 0xff, 0x08, 0x08, 0x08, 0xff,
    0x10, 0x0c, 0x10, 0xff, 0x08, 0x08, 0x08, 0xff, 0x08, 0x08, 0x08, 0xff,
    0x08, 0x0c, 0x08, 0xff, 0x08, 0x08, 0x08, 0xff, 0x08, 0x08, 0x08, 0xff,
    0x08, 0x0c, 0x08, 0xff, 0x10, 0x08, 0x10, 0xff, 0x08, 0x08, 0x08, 0xff,
    0x10, 0x0c, 0x10, 0xff, 0x08, 0x0c, 0x08, 0xff, 0x08, 0x0c, 0x08, 0xff,
    0x08, 0x08, 0x08, 0xff, 0x10, 0x0c, 0x10, 0xff, 0x08, 0x08, 0x08, 0xff,
    0x08, 0x08, 0x08, 0xff, 0x10, 0x0c, 0x10, 0xff, 0x08, 0x08, 0x08, 0xff,
    0x08, 0x0c, 0x08, 0xff, 0x08, 0x08, 0x08, 0xff, 0x08, 0x08, 0x08, 0xff,
    0x08, 0x08, 0x08, 0xff, 0x08, 0x08, 0x08, 0xff, 0x30, 0x34, 0x30, 0xff,
    0x38, 0x34, 0x38, 0xff, 0x30, 0x34, 0x30, 0xff, 0x30, 0x34, 0x30, 0xff,
    0x00, 0x00, 0x00, 0x00, 0x00, 0x00, 0x00, 0x00, 0x00, 0x00, 0x00, 0x00,
    0x00, 0x00, 0x00, 0x00, 0x00, 0x00, 0x00, 0x00, 0x00, 0x00, 0x00, 0x00,
    0x00, 0x00, 0x00, 0x00, 0x00, 0x00, 0x00, 0x00, 0x00, 0x00, 0x00, 0x00,
    0x00, 0x00, 0x00, 0x00, 0x00, 0x00, 0x00, 0x00, 0x00, 0x00, 0x00, 0x00,
    0x00, 0x00, 0x00, 0x00, 0x00, 0x00, 0x00, 0x00, 0x00, 0x00, 0x00, 0x00,
    0x00, 0x00, 0x00, 0x00, 0x38, 0x30, 0x38, 0xff, 0x30, 0x34, 0x30, 0xff,
    0x30, 0x34, 0x30, 0xff, 0x38, 0x34, 0x38, 0xff, 0x08, 0x08, 0x08, 0xff,
    0x08, 0x0c, 0x08, 0xff, 0x10, 0x08, 0x10, 0xff, 0x08, 0x0c, 0x08, 0xff,
    0x08, 0x08, 0x08, 0xff, 0x08, 0x08, 0x08, 0xff, 0x08, 0x0c, 0x08, 0xff,
    0x08, 0x08, 0x08, 0xff, 0x08, 0x08, 0x08, 0xff, 0x10, 0x0c, 0x10, 0xff,
    0x08, 0x08, 0x08, 0xff, 0x08, 0x0c, 0x08, 0xff, 0x10, 0x08, 0x10, 0xff,
    0x08, 0x0c, 0x08, 0xff, 0x08, 0x08, 0x08, 0xff, 0x08, 0x0c, 0x08, 0xff,
    0x08, 0x0c, 0x08, 0xff, 0x08, 0x08, 0x08, 0xff, 0x10, 0x0c, 0x10, 0xff,
    0x08, 0x08, 0x08, 0xff, 0x10, 0x08, 0x10, 0xff, 0x08, 0x0c, 0x08, 0xff,
    0x08, 0x08, 0x08, 0xff, 0x08, 0x0c, 0x08, 0xff, 0x08, 0x0c, 0x08, 0xff,
    0x08, 0x08, 0x08, 0xff, 0x10, 0x0c, 0x10, 0xff, 0x08, 0x0c, 0x08, 0xff,
    0x08, 0x08, 0x08, 0xff, 0x08, 0x08, 0x08, 0xff, 0x08, 0x0c, 0x08, 0xff,
    0x08, 0x08, 0x08, 0xff, 0x10, 0x0c, 0x10, 0xff, 0x08, 0x0c, 0x08, 0xff,
    0x10, 0x08, 0x10, 0xff, 0x10, 0x0c, 0x10, 0xff, 0x08, 0x0c, 0x08, 0xff,
    0x10, 0x08, 0x10, 0xff, 0x08, 0x0c, 0x08, 0xff, 0x08, 0x0c, 0x08, 0xff,
    0x08, 0x08, 0x08, 0xff, 0x08, 0x08, 0x08, 0xff, 0x08, 0x0c, 0x08, 0xff,
    0x10, 0x08, 0x10, 0xff, 0x08, 0x08, 0x08, 0xff, 0x08, 0x0c, 0x08, 0xff,
    0x08, 0x0c, 0x08, 0xff, 0x10, 0x08, 0x10, 0xff, 0x08, 0x0c, 0x08, 0xff,
    0x08, 0x08, 0x08, 0xff, 0x10, 0x0c, 0x10, 0xff, 0x10, 0x08, 0x10, 0xff,
    0x08, 0x0c, 0x08, 0xff, 0x10, 0x0c, 0x10, 0xff, 0x08, 0x0c, 0x08, 0xff,
    0x08, 0x08, 0x08, 0xff, 0x38, 0x34, 0x38, 0xff, 0x30, 0x30, 0x30, 0xff,
    0x30, 0x34, 0x30, 0xff, 0x38, 0x34, 0x38, 0xff, 0x00, 0x00, 0x00, 0x00,
    0x00, 0x00, 0x00, 0x00, 0x00, 0x00, 0x00, 0x00, 0x00, 0x00, 0x00, 0x00,
    0x00, 0x00, 0x00, 0x00, 0x00, 0x00, 0x00, 0x00, 0x00, 0x00, 0x00, 0x00,
    0x00, 0x00, 0x00, 0x00, 0x00, 0x00, 0x00, 0x00, 0x00, 0x00, 0x00, 0x00,
    0x00, 0x00, 0x00, 0x00, 0x00, 0x00, 0x00, 0x00, 0x00, 0x00, 0x00, 0x00,
    0x00, 0x00, 0x00, 0x00, 0x00, 0x00, 0x00, 0x00, 0x00, 0x00, 0x00, 0x00,
    0x30, 0x34, 0x30, 0xff, 0x38, 0x30, 0x38, 0xff, 0x30, 0x34, 0x30, 0xff,
    0x38, 0x34, 0x38, 0xff, 0x08, 0x08, 0x08, 0xff, 0x08, 0x08, 0x08, 0xff,
    0x08, 0x0c, 0x08, 0xff, 0x10, 0x0c, 0x10, 0xff, 0x08, 0x08, 0x08, 0xff,
    0x08, 0x0c, 0x08, 0xff, 0x10, 0x0c, 0x10, 0xff, 0x08, 0x08, 0x08, 0xff,
    0x08, 0x0c, 0x08, 0xff, 0x08, 0x08, 0x08, 0xff, 0x08, 0x0c, 0x08, 0xff,
    0x08, 0x08, 0x08, 0xff, 0x08, 0x0c, 0x08, 0xff, 0x08, 0x08, 0x08, 0xff,
    0x10, 0x08, 0x10, 0xff, 0x08, 0x0c, 0x08, 0xff, 0x08, 0x08, 0x08, 0xff,
    0x10, 0x0c, 0x10, 0xff, 0x08, 0x0c, 0x08, 0xff, 0x08, 0x08, 0x08, 0xff,
    0x08, 0x0c, 0x08, 0xff, 0x10, 0x08, 0x10, 0xff, 0x08, 0x08, 0x08, 0xff,
    0x08, 0x0c, 0x08, 0xff, 0x10, 0x08, 0x10, 0xff, 0x08, 0x08, 0x08, 0xff,
    0x08, 0x0c, 0x08, 0xff, 0x08, 0x08, 0x08, 0xff, 0x08, 0x0c, 0x08, 0xff,
    0x10, 0x0c, 0x10, 0xff, 0x08, 0x08, 0x08, 0xff, 0x08, 0x08, 0x08, 0xff,
    0x08, 0x0c, 0x08, 0xff, 0x08, 0x08, 0x08, 0xff, 0x08, 0x08, 0x08, 0xff,
    0x08, 0x0c, 0x08, 0xff, 0x08, 0x08, 0x08, 0xff, 0x08, 0x08, 0x08, 0xff,
    0x10, 0x0c, 0x10, 0xff, 0x08, 0x08, 0x08, 0xff, 0x08, 0x0c, 0x08, 0xff,
    0x10, 0x0c, 0x10, 0xff, 0x08, 0x08, 0x08, 0xff, 0x08, 0x0c, 0x08, 0xff,
    0x10, 0x08, 0x10, 0xff, 0x08, 0x08, 0x08, 0xff, 0x08, 0x0c, 0x08, 0xff,
    0x08, 0x0c, 0x08, 0xff, 0x08, 0x08, 0x08, 0xff, 0x08, 0x0c, 0x08, 0xff,
    0x08, 0x08, 0x08, 0xff, 0x08, 0x08, 0x08, 0xff, 0x08, 0x0c, 0x08, 0xff,
    0x10, 0x08, 0x10, 0xff, 0x08, 0x0c, 0x08, 0xff, 0x08, 0x08, 0x08, 0xff,
    0x38, 0x34, 0x38, 0xff, 0x30, 0x34, 0x30, 0xff, 0x38, 0x30, 0x38, 0xff,
    0x30, 0x34, 0x30, 0xff, 0x00, 0x00, 0x00, 0x00, 0x00, 0x00, 0x00, 0x00,
    0x00, 0x00, 0x00, 0x00, 0x00, 0x00, 0x00, 0x00, 0x00, 0x00, 0x00, 0x00,
    0x00, 0x00, 0x00, 0x00, 0x00, 0x00, 0x00, 0x00, 0x00, 0x00, 0x00, 0x00,
    0x00, 0x00, 0x00, 0x00, 0x00, 0x00, 0x00, 0x00, 0x00, 0x00, 0x00, 0x00,
    0x00, 0x00, 0x00, 0x00, 0x00, 0x00, 0x00, 0x00, 0x00, 0x00, 0x00, 0x00,
    0x00, 0x00, 0x00, 0x00, 0x00, 0x00, 0x00, 0x00, 0x30, 0x34, 0x30, 0xff,
    0x30, 0x34, 0x30, 0xff, 0x38, 0x30, 0x38, 0xff, 0x30, 0x34, 0x30, 0xff,
    0x08, 0x08, 0x08, 0xff, 0x08, 0x0c, 0x08, 0xff, 0x08, 0x08, 0x08, 0xff,
    0x08, 0x08, 0x08, 0xff, 0x10, 0x0c, 0x10, 0xff, 0x08, 0x08, 0x08, 0xff,
    0x08, 0x08, 0x08, 0xff, 0x10, 0x0c, 0x10, 0xff, 0x08, 0x0c, 0x08, 0xff,
    0x10, 0x08, 0x10, 0xff, 0x10, 0x0c, 0x10, 0xff, 0x08, 0x08, 0x08, 0xff,
    0x08, 0x0c, 0x08, 0xff, 0x10, 0x0c, 0x10, 0xff, 0x08, 0x08, 0x08, 0xff,
    0x08, 0x08, 0x08, 0xff, 0x10, 0x0c, 0x10, 0xff, 0x08, 0x08, 0x08, 0xff,
    0x08, 0x08, 0x08, 0xff, 0x08, 0x0c, 0x08, 0xff, 0x08, 0x0c, 0x08, 0xff,
    0x10, 0x08, 0x10, 0xff, 0x08, 0x0c, 0x08, 0xff, 0x08, 0x0c, 0x08, 0xff,
    0x10, 0x08, 0x10, 0xff, 0x08, 0x0c, 0x08, 0xff, 0x08, 0x08, 0x08, 0xff,
    0x10, 0x08, 0x10, 0xff, 0x08, 0x0c, 0x08, 0xff, 0x08, 0x0c, 0x08, 0xff,
    0x10, 0x08, 0x10, 0xff, 0x08, 0x0c, 0x08, 0xff, 0x08, 0x08, 0x08, 0xff,
    0x10, 0x0c, 0x10, 0xff, 0x08, 0x0c, 0x08, 0xff, 0x08, 0x08, 0x08, 0xff,
    0x08, 0x0c, 0x08, 0xff, 0x08, 0x0c, 0x08, 0xff, 0x10, 0x08, 0x10, 0xff,
    0x08, 0x08, 0x08, 0xff, 0x08, 0x0c, 0x08, 0xff, 0x10, 0x08, 0x10, 0xff,
    0x08, 0x0c, 0x08, 0xff, 0x08, 0x0c, 0x08, 0xff, 0x08, 0x08, 0x08, 0xff,
    0x10, 0x0c, 0x10, 0xff, 0x08, 0x08, 0x08, 0xff, 0x08, 0x08, 0x08, 0xff,
    0x10, 0x0c, 0x10, 0xff, 0x08, 0x0c, 0x08, 0xff, 0x08, 0x08, 0x08, 0xff,
    0x08, 0x0c, 0x08, 0xff, 0x08, 0x08, 0x08, 0xff, 0x08, 0x08, 0x08, 0xff,
    0x08, 0x0c, 0x08, 0xff, 0x08, 0x08, 0x08, 0xff, 0x38, 0x34, 0x38, 0xff,
    0x30, 0x34, 0x30, 0xff, 0x30, 0x34, 0x30, 0xff, 0x38, 0x30, 0x38, 0xff,
    0x00, 0x00, 0x00, 0x00, 0x00, 0x00, 0x00, 0x00, 0x00, 0x00, 0x00, 0x00,
    0x00, 0x00, 0x00, 0x00, 0x00, 0x00, 0x00, 0x00, 0x00, 0x00, 0x00, 0x00,
    0x00, 0x00, 0x00, 0x00, 0x00, 0x00, 0x00, 0x00, 0x00, 0x00, 0x00, 0x00,
    0x00, 0x00, 0x00, 0x00, 0x00, 0x00, 0x00, 0x00, 0x00, 0x00, 0x00, 0x00,
    0x00, 0x00, 0x00, 0x00, 0x00, 0x00, 0x00, 0x00, 0x00, 0x00, 0x00, 0x00,
    0x00, 0x00, 0x00, 0x00, 0x38, 0x34, 0x38, 0xff, 0x30, 0x34, 0x30, 0xff,
    0x30, 0x34, 0x30, 0xff, 0x38, 0x34, 0x38, 0xff, 0x08, 0x08, 0x08, 0xff,
    0x10, 0x0c, 0x10, 0xff, 0x08, 0x0c, 0x08, 0xff, 0x08, 0x08, 0x08, 0xff,
    0x08, 0x0c, 0x08, 0xff, 0x08, 0x08, 0x08, 0xff, 0x08, 0x08, 0x08, 0xff,
    0x08, 0x0c, 0x08, 0xff, 0x08, 0x08, 0x08, 0xff, 0x08, 0x08, 0x08, 0xff,
    0x08, 0x0c, 0x08, 0xff, 0x08, 0x08, 0x08, 0xff, 0x10, 0x08, 0x10, 0xff,
    0x08, 0x0c, 0x08, 0xff, 0x08, 0x0c, 0x08, 0xff, 0x08, 0x08, 0x08, 0xff,
    0x08, 0x0c, 0x08, 0xff, 0x08, 0x0c, 0x08, 0xff, 0x10, 0x08, 0x10, 0xff,
    0x08, 0x0c, 0x08, 0xff, 0x08, 0x08, 0x08, 0xff, 0x08, 0x08, 0x08, 0xff,
    0x08, 0x0c, 0x08, 0xff, 0x08, 0x08, 0x08, 0xff, 0x08, 0x0c, 0x08, 0xff,
    0x08, 0x0c, 0x08, 0xff, 0x08, 0x08, 0x08, 0xff, 0x10, 0x0c, 0x10, 0xff,
    0x08, 0x08, 0x08, 0xff, 0x08, 0x08, 0x08, 0xff, 0x08, 0x0c, 0x08, 0xff,
    0x08, 0x08, 0x08, 0xff, 0x10, 0x0c, 0x10, 0xff, 0x08, 0x08, 0x08, 0xff,
    0x08, 0x0c, 0x08, 0xff, 0x10, 0x08, 0x10, 0xff, 0x08, 0x08, 0x08, 0xff,
    0x08, 0x0c, 0x08, 0xff, 0x08, 0x0c, 0x08, 0xff, 0x08, 0x08, 0x08, 0xff,
    0x08, 0x0c, 0x08, 0xff, 0x08, 0x08, 0x08, 0xff, 0x08, 0x08, 0x08, 0xff,
    0x08, 0x0c, 0x08, 0xff, 0x08, 0x08, 0x08, 0xff, 0x08, 0x0c, 0x08, 0xff,
    0x10, 0x0c, 0x10, 0xff, 0x08, 0x08, 0x08, 0xff, 0x08, 0x08, 0x08, 0xff,
    0x10, 0x0c, 0x10, 0xff, 0x10, 0x08, 0x10, 0xff, 0x08, 0x0c, 0x08, 0xff,
    0x10, 0x0c, 0x10, 0xff, 0x08, 0x08, 0x08, 0xff, 0x08, 0x0c, 0x08, 0xff,
    0x10, 0x08, 0x10, 0xff, 0x30, 0x34, 0x30, 0xff, 0x30, 0x34, 0x30, 0xff,
    0x38, 0x34, 0x38, 0xff, 0x30, 0x34, 0x30, 0xff, 0x00, 0x00, 0x00, 0x00,
    0x00, 0x00, 0x00, 0x00, 0x00, 0x00, 0x00, 0x00, 0x00, 0x00, 0x00, 0x00,
    0x00, 0x00, 0x00, 0x00, 0x00, 0x00, 0x00, 0x00, 0x00, 0x00, 0x00, 0x00,
    0x00, 0x00, 0x00, 0x00, 0x00, 0x00, 0x00, 0x00, 0x00, 0x00, 0x00, 0x00,
    0x00, 0x00, 0x00, 0x00, 0x00, 0x00, 0x00, 0x00, 0x00, 0x00, 0x00, 0x00,
    0x00, 0x00, 0x00, 0x00, 0x00, 0x00, 0x00, 0x00, 0x00, 0x00, 0x00, 0x00,
    0x30, 0x30, 0x30, 0xff, 0x38, 0x34, 0x38, 0xff, 0x30, 0x34, 0x30, 0xff,
    0x30, 0x34, 0x30, 0xff, 0x08, 0x08, 0x08, 0xff, 0x10, 0x08, 0x10, 0xff,
    0x08, 0x0c, 0x08, 0xff, 0x08, 0x0c, 0x08, 0xff, 0x10, 0x08, 0x10, 0xff,
    0x08, 0x0c, 0x08, 0xff, 0x10, 0x0c, 0x10, 0xff, 0x08, 0x08, 0x08, 0xff,
    0x08, 0x0c, 0x08, 0xff, 0x10, 0x0c, 0x10, 0xff, 0x08, 0x08, 0x08, 0xff,
    0x08, 0x0c, 0x08, 0xff, 0x08, 0x08, 0x08, 0xff, 0x08, 0x0c, 0x08, 0xff,
    0x10, 0x08, 0x10, 0xff, 0x08, 0x08, 0x08, 0xff, 0x08, 0x0c, 0x08, 0xff,
    0x10, 0x08, 0x10, 0xff, 0x08, 0x0c, 0x08, 0xff, 0x08, 0x08, 0x08, 0xff,
    0x10, 0x0c, 0x10, 0xff, 0x08, 0x0c, 0x08, 0xff, 0x10, 0x08, 0x10, 0xff,
    0x08, 0x08, 0x08, 0xff, 0x10, 0x0c, 0x10, 0xff, 0x08, 0x08, 0x08, 0xff,
    0x08, 0x0c, 0x08, 0xff, 0x08, 0x0c, 0x08, 0xff, 0x08, 0x08, 0x08, 0xff,
    0x10, 0x0c, 0x10, 0xff, 0x08, 0x08, 0x08, 0xff, 0x08, 0x0c, 0x08, 0xff,
    0x08, 0x08, 0x08, 0xff, 0x08, 0x08, 0x08, 0xff, 0x08, 0x0c, 0x08, 0xff,
    0x10, 0x0c, 0x10, 0xff, 0x08, 0x08, 0x08, 0xff, 0x10, 0x08, 0x10, 0xff,
    0x08, 0x0c, 0x08, 0xff, 0x10, 0x08, 0x10, 0xff, 0x08, 0x0c, 0x08, 0xff,
    0x10, 0x0c, 0x10, 0xff, 0x10, 0x08, 0x10, 0xff, 0x08, 0x08, 0x08, 0xff,
    0x08, 0x0c, 0x08, 0xff, 0x10, 0x08, 0x10, 0xff, 0x08, 0x0c, 0x08, 0xff,
    0x08, 0x08, 0x08, 0xff, 0x08, 0x0c, 0x08, 0xff, 0x08, 0x08, 0x08, 0xff,
    0x08, 0x08, 0x08, 0xff, 0x08, 0x0c, 0x08, 0xff, 0x10, 0x08, 0x10, 0xff,
    0x08, 0x0c, 0x08, 0xff, 0x08, 0x08, 0x08, 0xff, 0x10, 0x0c, 0x10, 0xff,
    0x30, 0x34, 0x30, 0xff, 0x38, 0x30, 0x38, 0xff, 0x30, 0x34, 0x30, 0xff,
    0x30, 0x34, 0x30, 0xff, 0x00, 0x00, 0x00, 0x00, 0x00, 0x00, 0x00, 0x00,
    0x00, 0x00, 0x00, 0x00, 0x00, 0x00, 0x00, 0x00, 0x00, 0x00, 0x00, 0x00,
    0x00, 0x00, 0x00, 0x00, 0x00, 0x00, 0x00, 0x00, 0x00, 0x00, 0x00, 0x00,
    0x00, 0x00, 0x00, 0x00, 0x00, 0x00, 0x00, 0x00, 0x00, 0x00, 0x00, 0x00,
    0x00, 0x00, 0x00, 0x00, 0x00, 0x00, 0x00, 0x00, 0x00, 0x00, 0x00, 0x00,
    0x00, 0x00, 0x00, 0x00, 0x00, 0x00, 0x00, 0x00, 0x30, 0x34, 0x30, 0xff,
    0x38, 0x30, 0x38, 0xff, 0x38, 0x34, 0x38, 0xff, 0x30, 0x34, 0x30, 0xff,
    0x08, 0x08, 0x08, 0xff, 0x08, 0x08, 0x08, 0xff, 0x08, 0x0c, 0x08, 0xff,
    0x10, 0x08, 0x10, 0xff, 0x08, 0x08, 0x08, 0xff, 0x08, 0x0c, 0x08, 0xff,
    0x10, 0x0c, 0x10, 0xff, 0x08, 0x08, 0x08, 0xff, 0x08, 0x08, 0x08, 0xff,
    0x10, 0x0c, 0x10, 0xff, 0x08, 0x0c, 0x08, 0xff, 0x08, 0x08, 0x08, 0xff,
    0x10, 0x0c, 0x10, 0xff, 0x08, 0x08, 0x08, 0xff, 0x08, 0x0c, 0x08, 0xff,
    0x10, 0x0c, 0x10, 0xff, 0x08, 0x08, 0x08, 0xff, 0x08, 0x08, 0x08, 0xff,
    0x08, 0x0c, 0x08, 0xff, 0x08, 0x08, 0x08, 0xff, 0x10, 0x08, 0x10, 0xff,
    0x08, 0x0c, 0x08, 0xff, 0x08, 0x0c, 0x08, 0xff, 0x08, 0x08, 0x08, 0xff,
    0x10, 0x08, 0x10, 0xff, 0x08, 0x0c, 0x08, 0xff, 0x08, 0x08, 0x08, 0xff,
    0x10, 0x08, 0x10, 0xff, 0x08, 0x0c, 0x08, 0xff, 0x08, 0x0c, 0x08, 0xff,
    0x10, 0x08, 0x10, 0xff, 0x08, 0x0c, 0x08, 0xff, 0x10, 0x0c, 0x10, 0xff,
    0x08, 0x08, 0x08, 0xff, 0x08, 0x0c, 0x08, 0xff, 0x08, 0x0c, 0x08, 0xff,
    0x08, 0x08, 0x08, 0xff, 0x08, 0x0c, 0x08, 0xff, 0x10, 0x08, 0x10, 0xff,
    0x08, 0x08, 0x08, 0xff, 0x08, 0x0c, 0x08, 0xff, 0x08, 0x0c, 0x08, 0xff,
    0x08, 0x08, 0x08, 0xff, 0x08, 0x0c, 0x08, 0xff, 0x10, 0x0c, 0x10, 0xff,
    0x08, 0x08, 0x08, 0xff, 0x08, 0x08, 0x08, 0xff, 0x10, 0x0c, 0x10, 0xff,
    0x08, 0x0c, 0x08, 0xff, 0x08, 0x08, 0x08, 0xff, 0x08, 0x0c, 0x08, 0xff,
    0x08, 0x0c, 0x08, 0xff, 0x08, 0x08, 0x08, 0xff, 0x08, 0x08, 0x08, 0xff,
    0x08, 0x0c, 0x08, 0xff, 0x08, 0x08, 0x08, 0xff, 0x38, 0x34, 0x38, 0xff,
    0x30, 0x34, 0x30, 0xff, 0x38, 0x30, 0x38, 0xff, 0x30, 0x34, 0x30, 0xff,
    0x00, 0x00, 0x00, 0x00, 0x00, 0x00, 0x00, 0x00, 0x00, 0x00, 0x00, 0x00,
    0x00, 0x00, 0x00, 0x00, 0x00, 0x00, 0x00, 0x00, 0x00, 0x00, 0x00, 0x00,
    0x00, 0x00, 0x00, 0x00, 0x00, 0x00, 0x00, 0x00, 0x00, 0x00, 0x00, 0x00,
    0x00, 0x00, 0x00, 0x00, 0x00, 0x00, 0x00, 0x00, 0x00, 0x00, 0x00, 0x00,
    0x00, 0x00, 0x00, 0x00, 0x00, 0x00, 0x00, 0x00, 0x00, 0x00, 0x00, 0x00,
    0x00, 0x00, 0x00, 0x00, 0x30, 0x34, 0x30, 0xff, 0x30, 0x34, 0x30, 0xff,
    0x38, 0x34, 0x38, 0xff, 0x30, 0x34, 0x30, 0xff, 0x08, 0x08, 0x08, 0xff,
    0x10, 0x0c, 0x10, 0xff, 0x08, 0x0c, 0x08, 0xff, 0x08, 0x08, 0x08, 0xff,
    0x08, 0x0c, 0x08, 0xff, 0x08, 0x08, 0x08, 0xff, 0x08, 0x08, 0x08, 0xff,
    0x08, 0x0c, 0x08, 0xff, 0x08, 0x08, 0x08, 0xff, 0x08, 0x08, 0x08, 0xff,
    0x08, 0x0c, 0x08, 0xff, 0x10, 0x08, 0x10, 0xff, 0x08, 0x0c, 0x08, 0xff,
    0x08, 0x08, 0x08, 0xff, 0x08, 0x0c, 0x08, 0xff, 0x08, 0x0c, 0x08, 0xff,
    0x10, 0x08, 0x10, 0xff, 0x08, 0x0c, 0x08, 0xff, 0x08, 0x0c, 0x08, 0xff,
    0x10, 0x08, 0x10, 0xff, 0x08, 0x08, 0x08, 0xff, 0x08, 0x0c, 0x08, 0xff,
    0x08, 0x0c, 0x08, 0xff, 0x08, 0x08, 0x08, 0xff, 0x08, 0x0c, 0x08, 0xff,
    0x08, 0x0c, 0x08, 0xff, 0x10, 0x08, 0x10, 0xff, 0x08, 0x08, 0x08, 0xff,
    0x08, 0x0c, 0x08, 0xff, 0x08, 0x08, 0x08, 0xff, 0x08, 0x08, 0x08, 0xff,
    0x08, 0x0c, 0x08, 0xff, 0x10, 0x08, 0x10, 0xff, 0x08, 0x08, 0x08, 0xff,
    0x08, 0x0c, 0x08, 0xff, 0x10, 0x08, 0x10, 0xff, 0x08, 0x08, 0x08, 0xff,
    0x08, 0x0c, 0x08, 0xff, 0x08, 0x0c, 0x08, 0xff, 0x08, 0x08, 0x08, 0xff,
    0x08, 0x08, 0x08, 0xff, 0x10, 0x0c, 0x10, 0xff, 0x08, 0x08, 0x08, 0xff,
    0x08, 0x08, 0x08, 0xff, 0x08, 0x0c, 0x08, 0xff, 0x08, 0x0c, 0x08, 0xff,
    0x08, 0x08, 0x08, 0xff, 0x10, 0x0c, 0x10, 0xff, 0x08, 0x08, 0x08, 0xff,
    0x10, 0x0c, 0x10, 0xff, 0x10, 0x08, 0x10, 0xff, 0x08, 0x0c, 0x08, 0xff,
    0x10, 0x0c, 0x10, 0xff, 0x08, 0x08, 0x08, 0xff, 0x08, 0x0c, 0x08, 0xff,
    0x08, 0x08, 0x08, 0xff, 0x38, 0x34, 0x38, 0xff, 0x30, 0x34, 0x30, 0xff,
    0x30, 0x34, 0x30, 0xff, 0x38, 0x30, 0x38, 0xff, 0x00, 0x00, 0x00, 0x00,
    0x00, 0x00, 0x00, 0x00, 0x00, 0x00, 0x00, 0x00, 0x00, 0x00, 0x00, 0x00,
    0x00, 0x00, 0x00, 0x00, 0x00, 0x00, 0x00, 0x00, 0x00, 0x00, 0x00, 0x00,
    0x00, 0x00, 0x00, 0x00, 0x00, 0x00, 0x00, 0x00, 0x00, 0x00, 0x00, 0x00,
    0x00, 0x00, 0x00, 0x00, 0x00, 0x00, 0x00, 0x00, 0x00, 0x00, 0x00, 0x00,
    0x00, 0x00, 0x00, 0x00, 0x00, 0x00, 0x00, 0x00, 0x00, 0x00, 0x00, 0x00,
    0x30, 0x34, 0x30, 0xff, 0x30, 0x30, 0x30, 0xff, 0x38, 0x34, 0x38, 0xff,
    0x30, 0x34, 0x30, 0xff, 0x08, 0x08, 0x08, 0xff, 0x10, 0x08, 0x10, 0xff,
    0x08, 0x0c, 0x08, 0xff, 0x08, 0x08, 0x08, 0xff, 0x10, 0x0c, 0x10, 0xff,
    0x08, 0x0c, 0x08, 0xff, 0x10, 0x08, 0x10, 0xff, 0x08, 0x0c, 0x08, 0xff,
    0x10, 0x0c, 0x10, 0xff, 0x08, 0x08, 0x08, 0xff, 0x08, 0x0c, 0x08, 0xff,
    0x08, 0x08, 0x08, 0xff, 0x08, 0x08, 0x08, 0xff, 0x10, 0x0c, 0x10, 0xff,
    0x08, 0x08, 0x08, 0xff, 0x08, 0x08, 0x08, 0xff, 0x08, 0x0c, 0x08, 0xff,
    0x10, 0x08, 0x10, 0xff, 0x08, 0x0c, 0x08, 0xff, 0x08, 0x0c, 0x08, 0xff,
    0x08, 0x08, 0x08, 0xff, 0x10, 0x08, 0x10, 0xff, 0x08, 0x0c, 0x08, 0xff,
    0x10, 0x08, 0x10, 0xff, 0x08, 0x08, 0x08, 0xff, 0x08, 0x0c, 0x08, 0xff,
    0x08, 0x0c, 0x08, 0xff, 0x08, 0x08, 0x08, 0xff, 0x10, 0x0c, 0x10, 0xff,
    0x08, 0x0c, 0x08, 0xff, 0x08, 0x08, 0x08, 0xff, 0x08, 0x0c, 0x08, 0xff,
    0x08, 0x08, 0x08, 0xff, 0x08, 0x0c, 0x08, 0xff, 0x10, 0x08, 0x10, 0xff,
    0x08, 0x0c, 0x08, 0xff, 0x08, 0x08, 0x08, 0xff, 0x10, 0x0c, 0x10, 0xff,
    0x08, 0x0c, 0x08, 0xff, 0x08, 0x08, 0x08, 0xff, 0x10, 0x0c, 0x10, 0xff,
    0x08, 0x0c, 0x08, 0xff, 0x08, 0x08, 0x08, 0xff, 0x10, 0x08, 0x10, 0xff,
    0x08, 0x0c, 0x08, 0xff, 0x08, 0x08, 0x08, 0xff, 0x10, 0x0c, 0x10, 0xff,
    0x08, 0x08, 0x08, 0xff, 0x08, 0x08, 0x08, 0xff, 0x08, 0x0c, 0x08, 0xff,
    0x08, 0x08, 0x08, 0xff, 0x08, 0x08, 0x08, 0xff, 0x08, 0x0c, 0x08, 0xff,
    0x10, 0x08, 0x10, 0xff, 0x08, 0x0c, 0x08, 0xff, 0x08, 0x08, 0x08, 0xff,
    0x38, 0x34, 0x38, 0xff, 0x30, 0x34, 0x30, 0xff, 0x30, 0x34, 0x30, 0xff,
    0x38, 0x34, 0x38, 0xff, 0x00, 0x00, 0x00, 0x00, 0x00, 0x00, 0x00, 0x00,
    0x00, 0x00, 0x00, 0x00, 0x00, 0x00, 0x00, 0x00, 0x00, 0x00, 0x00, 0x00,
    0x00, 0x00, 0x00, 0x00, 0x00, 0x00, 0x00, 0x00, 0x00, 0x00, 0x00, 0x00,
    0x00, 0x00, 0x00, 0x00, 0x00, 0x00, 0x00, 0x00, 0x00, 0x00, 0x00, 0x00,
    0x00, 0x00, 0x00, 0x00, 0x00, 0x00, 0x00, 0x00, 0x00, 0x00, 0x00, 0x00,
    0x00, 0x00, 0x00, 0x00, 0x00, 0x00, 0x00, 0x00, 0x38, 0x34, 0x38, 0xff,
    0x30, 0x30, 0x30, 0xff, 0x38, 0x34, 0x38, 0xff, 0x30, 0x34, 0x30, 0xff,
    0x08, 0x08, 0x08, 0xff, 0x08, 0x0c, 0x08, 0xff, 0x08, 0x08, 0x08, 0xff,
    0x10, 0x08, 0x10, 0xff, 0x08, 0x0c, 0x08, 0xff, 0x08, 0x08, 0x08, 0xff,
    0x08, 0x08, 0x08, 0xff, 0x10, 0x0c, 0x10, 0xff, 0x08, 0x08, 0x08, 0xff,
    0x08, 0x0c, 0x08, 0xff, 0x10, 0x0c, 0x10, 0xff, 0x08, 0x08, 0x08, 0xff,
    0x08, 0x0c, 0x08, 0xff, 0x10, 0x0c, 0x10, 0xff, 0x08, 0x08, 0x08, 0xff,
    0x08, 0x0c, 0x08, 0xff, 0x08, 0x08, 0x08, 0xff, 0x08, 0x08, 0x08, 0xff,
    0x10, 0x0c, 0x10, 0xff, 0x08, 0x0c, 0x08, 0xff, 0x08, 0x08, 0x08, 0xff,
    0x08, 0x0c, 0x08, 0xff, 0x10, 0x0c, 0x10, 0xff, 0x08, 0x08, 0x08, 0xff,
    0x08, 0x08, 0x08, 0xff, 0x10, 0x0c, 0x10, 0xff, 0x08, 0x08, 0x08, 0xff,
    0x08, 0x08, 0x08, 0xff, 0x10, 0x0c, 0x10, 0xff, 0x08, 0x08, 0x08, 0xff,
    0x10, 0x0c, 0x10, 0xff, 0x10, 0x08, 0x10, 0xff, 0x08, 0x0c, 0x08, 0xff,
    0x08, 0x0c, 0x08, 0xff, 0x08, 0x08, 0x08, 0xff, 0x08, 0x0c, 0x08, 0xff,
    0x08, 0x08, 0x08, 0xff, 0x10, 0x08, 0x10, 0xff, 0x08, 0x0c, 0x08, 0xff,
    0x08, 0x08, 0x08, 0xff, 0x08, 0x08, 0x08, 0xff, 0x08, 0x0c, 0x08, 0xff,
    0x08, 0x0c, 0x08, 0xff, 0x10, 0x08, 0x10, 0xff, 0x08, 0x0c, 0x08, 0xff,
    0x08, 0x08, 0x08, 0xff, 0x08, 0x0c, 0x08, 0xff, 0x08, 0x0c, 0x08, 0xff,
    0x08, 0x08, 0x08, 0xff, 0x08, 0x0c, 0x08, 0xff, 0x08, 0x0c, 0x08, 0xff,
    0x10, 0x08, 0x10, 0xff, 0x08, 0x08, 0x08, 0xff, 0x08, 0x0c, 0x08, 0xff,
    0x10, 0x08, 0x10, 0xff, 0x08, 0x0c, 0x08, 0xff, 0x30, 0x34, 0x30, 0xff,
    0x38, 0x30, 0x38, 0xff, 0x30, 0x34, 0x30, 0xff, 0x30, 0x34, 0x30, 0xff,
    0x00, 0x00, 0x00, 0x00, 0x00, 0x00, 0x00, 0x00, 0x00, 0x00, 0x00, 0x00,
    0x00, 0x00, 0x00, 0x00, 0x00, 0x00, 0x00, 0x00, 0x00, 0x00, 0x00, 0x00,
    0x00, 0x00, 0x00, 0x00, 0x00, 0x00, 0x00, 0x00, 0x00, 0x00, 0x00, 0x00,
    0x00, 0x00, 0x00, 0x00, 0x00, 0x00, 0x00, 0x00, 0x00, 0x00, 0x00, 0x00,
    0x00, 0x00, 0x00, 0x00, 0x00, 0x00, 0x00, 0x00, 0x00, 0x00, 0x00, 0x00,
    0x00, 0x00, 0x00, 0x00, 0x30, 0x34, 0x30, 0xff, 0x38, 0x34, 0x38, 0xff,
    0x30, 0x34, 0x30, 0xff, 0x38, 0x34, 0x38, 0xff, 0x08, 0x08, 0x08, 0xff,
    0x08, 0x0c, 0x08, 0xff, 0x10, 0x0c, 0x10, 0xff, 0x08, 0x08, 0x08, 0xff,
    0x08, 0x0c, 0x08, 0xff, 0x08, 0x0c, 0x08, 0xff, 0x08, 0x08, 0x08, 0xff,
    0x08, 0x0c, 0x08, 0xff, 0x08, 0x08, 0x08, 0xff, 0x08, 0x08, 0x08, 0xff,
    0x10, 0x0c, 0x10, 0xff, 0x08, 0x08, 0x08, 0xff, 0x08, 0x0c, 0x08, 0xff,
    0x08, 0x08, 0x08, 0xff, 0x10, 0x0c, 0x10, 0xff, 0x08, 0x0c, 0x08, 0xff,
    0x08, 0x08, 0x08, 0xff, 0x10, 0x08, 0x10, 0xff, 0x08, 0x0c, 0x08, 0xff,
    0x08, 0x08, 0x08, 0xff, 0x08, 0x08, 0x08, 0xff, 0x08, 0x0c, 0x08, 0xff,
    0x08, 0x08, 0x08, 0xff, 0x08, 0x0c, 0x08, 0xff, 0x08, 0x0c, 0x08, 0xff,
    0x10, 0x08, 0x10, 0xff, 0x08, 0x0c, 0x08, 0xff, 0x08, 0x0c, 0x08, 0xff,
    0x08, 0x08, 0x08, 0xff, 0x08, 0x08, 0x08, 0xff, 0x08, 0x0c, 0x08, 0xff,
    0x08, 0x08, 0x08, 0xff, 0x10, 0x08, 0x10, 0xff, 0x08, 0x0c, 0x08, 0xff,
    0x10, 0x08, 0x10, 0xff, 0x08, 0x0c, 0x08, 0xff, 0x08, 0x0c, 0x08, 0xff,
    0x08, 0x08, 0x08, 0xff, 0x10, 0x0c, 0x10, 0xff, 0x08, 0x0c, 0x08, 0xff,
    0x10, 0x08, 0x10, 0xff, 0x08, 0x08, 0x08, 0xff, 0x08, 0x0c, 0x08, 0xff,
    0x08, 0x0c, 0x08, 0xff, 0x10, 0x08, 0x10, 0xff, 0x08, 0x08, 0x08, 0xff,
    0x08, 0x0c, 0x08, 0xff, 0x10, 0x08, 0x10, 0xff, 0x10, 0x08, 0x10, 0xff,
    0x08, 0x0c, 0x08, 0xff, 0x08, 0x0c, 0x08, 0xff, 0x10, 0x08, 0x10, 0xff,
    0x08, 0x0c, 0x08, 0xff, 0x08, 0x0c, 0x08, 0xff, 0x08, 0x08, 0x08, 0xff,
    0x08, 0x08, 0x08, 0xff, 0x38, 0x34, 0x38, 0xff, 0x30, 0x34, 0x30, 0xff,
    0x38, 0x30, 0x38, 0xff, 0x30, 0x34, 0x30, 0xff, 0x00, 0x00, 0x00, 0x00,
    0x00, 0x00, 0x00, 0x00, 0x00, 0x00, 0x00, 0x00, 0x00, 0x00, 0x00, 0x00,
    0x00, 0x00, 0x00, 0x00, 0x00, 0x00, 0x00, 0x00, 0x00, 0x00, 0x00, 0x00,
    0x00, 0x00, 0x00, 0x00, 0x00, 0x00, 0x00, 0x00, 0x00, 0x00, 0x00, 0x00,
    0x00, 0x00, 0x00, 0x00, 0x00, 0x00, 0x00, 0x00, 0x00, 0x00, 0x00, 0x00,
    0x00, 0x00, 0x00, 0x00, 0x00, 0x00, 0x00, 0x00, 0x00, 0x00, 0x00, 0x00,
    0x30, 0x34, 0x30, 0xff, 0x30, 0x30, 0x30, 0xff, 0x30, 0x34, 0x30, 0xff,
    0x38, 0x34, 0x38, 0xff, 0x08, 0x08, 0x08, 0xff, 0x08, 0x08, 0x08, 0xff,
    0x08, 0x0c, 0x08, 0xff, 0x08, 0x08, 0x08, 0xff, 0x10, 0x08, 0x10, 0xff,
    0x10, 0x0c, 0x10, 0xff, 0x08, 0x0c, 0x08, 0xff, 0x08, 0x08, 0x08, 0xff,
    0x10, 0x0c, 0x10, 0xff, 0x08, 0x08, 0x08, 0xff, 0x08, 0x0c, 0x08, 0xff,
    0x10, 0x08, 0x10, 0xff, 0x08, 0x08, 0x08, 0xff, 0x08, 0x0c, 0x08, 0xff,
    0x08, 0x08, 0x08, 0xff, 0x10, 0x08, 0x10, 0xff, 0x08, 0x0c, 0x08, 0xff,
    0x08, 0x0c, 0x08, 0xff, 0x08, 0x08, 0x08, 0xff, 0x10, 0x0c, 0x10, 0xff,
    0x10, 0x0c, 0x10, 0xff, 0x08, 0x08, 0x08, 0xff, 0x08, 0x08, 0x08, 0xff,
    0x10, 0x0c, 0x10, 0xff, 0x08, 0x08, 0x08, 0xff, 0x08, 0x08, 0x08, 0xff,
    0x10, 0x0c, 0x10, 0xff, 0x08, 0x0c, 0x08, 0xff, 0x08, 0x08, 0x08, 0xff,
    0x10, 0x0c, 0x10, 0xff, 0x08, 0x0c, 0x08, 0xff, 0x08, 0x08, 0x08, 0xff,
    0x08, 0x0c, 0x08, 0xff, 0x08, 0x08, 0x08, 0xff, 0x08, 0x08, 0x08, 0xff,
    0x10, 0x0c, 0x10, 0xff, 0x08, 0x08, 0x08, 0xff, 0x08, 0x08, 0x08, 0xff,
    0x08, 0x0c, 0x08, 0xff, 0x08, 0x08, 0x08, 0xff, 0x10, 0x0c, 0x10, 0xff,
    0x08, 0x08, 0x08, 0xff, 0x08, 0x08, 0x08, 0xff, 0x10, 0x0c, 0x10, 0xff,
    0x08, 0x08, 0x08, 0xff, 0x08, 0x0c, 0x08, 0xff, 0x08, 0x0c, 0x08, 0xff,
    0x08, 0x08, 0x08, 0xff, 0x08, 0x08, 0x08, 0xff, 0x08, 0x0c, 0x08, 0xff,
    0x08, 0x08, 0x08, 0xff, 0x08, 0x08, 0x08, 0xff, 0x08, 0x0c, 0x08, 0xff,
    0x10, 0x08, 0x10, 0xff, 0x08, 0x0c, 0x08, 0xff, 0x08, 0x08, 0x08, 0xff,
    0x38, 0x34, 0x38, 0xff, 0x30, 0x34, 0x30, 0xff, 0x30, 0x34, 0x30, 0xff,
    0x38, 0x30, 0x38, 0xff, 0x00, 0x00, 0x00, 0x00, 0x00, 0x00, 0x00, 0x00,
    0x00, 0x00, 0x00, 0x00, 0x00, 0x00, 0x00, 0x00, 0x00, 0x00, 0x00, 0x00,
    0x00, 0x00, 0x00, 0x00, 0x00, 0x00, 0x00, 0x00, 0x00, 0x00, 0x00, 0x00,
    0x00, 0x00, 0x00, 0x00, 0x00, 0x00, 0x00, 0x00, 0x00, 0x00, 0x00, 0x00,
    0x00, 0x00, 0x00, 0x00, 0x00, 0x00, 0x00, 0x00, 0x00, 0x00, 0x00, 0x00,
    0x00, 0x00, 0x00, 0x00, 0x00, 0x00, 0x00, 0x00, 0x38, 0x34, 0x38, 0xff,
    0x30, 0x30, 0x30, 0xff, 0x38, 0x34, 0x38, 0xff, 0x30, 0x34, 0x30, 0xff,
    0x08, 0x08, 0x08, 0xff, 0x10, 0x0c, 0x10, 0xff, 0x08, 0x0c, 0x08, 0xff,
    0x08, 0x08, 0x08, 0xff, 0x08, 0x08, 0x08, 0xff, 0x08, 0x0c, 0x08, 0xff,
    0x08, 0x08, 0x08, 0xff, 0x10, 0x08, 0x10, 0xff, 0x08, 0x0c, 0x08, 0xff,
    0x08, 0x0c, 0x08, 0xff, 0x08, 0x08, 0x08, 0xff, 0x08, 0x0c, 0x08, 0xff,
    0x10, 0x0c, 0x10, 0xff, 0x08, 0x08, 0x08, 0xff, 0x08, 0x0c, 0x08, 0xff,
    0x08, 0x08, 0x08, 0xff, 0x10, 0x0c, 0x10, 0xff, 0x08, 0x08, 0x08, 0xff,
    0x08, 0x08, 0x08, 0xff, 0x08, 0x0c, 0x08, 0xff, 0x08, 0x0c, 0x08, 0xff,
    0x08, 0x08, 0x08, 0xff, 0x10, 0x0c, 0x10, 0xff, 0x08, 0x0c, 0x08, 0xff,
    0x08, 0x08, 0x08, 0xff, 0x08, 0x0c, 0x08, 0xff, 0x08, 0x08, 0x08, 0xff,
    0x10, 0x08, 0x10, 0xff, 0x08, 0x0c, 0x08, 0xff, 0x08, 0x08, 0x08, 0xff,
    0x10, 0x08, 0x10, 0xff, 0x08, 0x0c, 0x08, 0xff, 0x08, 0x0c, 0x08, 0xff,
    0x10, 0x08, 0x10, 0xff, 0x08, 0x0c, 0x08, 0xff, 0x08, 0x0c, 0x08, 0xff,
    0x10, 0x08, 0x10, 0xff, 0x08, 0x0c, 0x08, 0xff, 0x08, 0x08, 0x08, 0xff,
    0x08, 0x0c, 0x08, 0xff, 0x08, 0x0c, 0x08, 0xff, 0x08, 0x08, 0x08, 0xff,
    0x08, 0x0c, 0x08, 0xff, 0x10, 0x08, 0x10, 0xff, 0x08, 0x0c, 0x08, 0xff,
    0x08, 0x08, 0x08, 0xff, 0x10, 0x0c, 0x10, 0xff, 0x08, 0x0c, 0x08, 0xff,
    0x08, 0x08, 0x08, 0xff, 0x10, 0x0c, 0x10, 0xff, 0x10, 0x0c, 0x10, 0xff,
    0x08, 0x08, 0x08, 0xff, 0x08, 0x08, 0x08, 0xff, 0x10, 0x0c, 0x10, 0xff,
    0x08, 0x0c, 0x08, 0xff, 0x08, 0x08, 0x08, 0xff, 0x38, 0x34, 0x38, 0xff,
    0x30, 0x34, 0x30, 0xff, 0x30, 0x34, 0x30, 0xff, 0x38, 0x34, 0x38, 0xff,
    0x00, 0x00, 0x00, 0x00, 0x00, 0x00, 0x00, 0x00, 0x00, 0x00, 0x00, 0x00,
    0x00, 0x00, 0x00, 0x00, 0x00, 0x00, 0x00, 0x00, 0x00, 0x00, 0x00, 0x00,
    0x00, 0x00, 0x00, 0x00, 0x00, 0x00, 0x00, 0x00, 0x00, 0x00, 0x00, 0x00,
    0x00, 0x00, 0x00, 0x00, 0x00, 0x00, 0x00, 0x00, 0x00, 0x00, 0x00, 0x00,
    0x00, 0x00, 0x00, 0x00, 0x00, 0x00, 0x00, 0x00, 0x00, 0x00, 0x00, 0x00,
    0x00, 0x00, 0x00, 0x00, 0x30, 0x34, 0x30, 0xff, 0x38, 0x34, 0x38, 0xff,
    0x30, 0x34, 0x30, 0xff, 0x30, 0x34, 0x30, 0xff, 0x08, 0x08, 0x08, 0xff,
    0x10, 0x08, 0x10, 0xff, 0x08, 0x0c, 0x08, 0xff, 0x08, 0x0c, 0x08, 0xff,
    0x10, 0x08, 0x10, 0xff, 0x08, 0x0c, 0x08, 0xff, 0x08, 0x0c, 0x08, 0xff,
    0x08, 0x08, 0x08, 0xff, 0x08, 0x0c, 0x08, 0xff, 0x10, 0x08, 0x10, 0xff,
    0x08, 0x08, 0x08, 0xff, 0x08, 0x0c, 0x08, 0xff, 0x08, 0x08, 0x08, 0xff,
    0x10, 0x0c, 0x10, 0xff, 0x08, 0x08, 0x08, 0xff, 0x08, 0x0c, 0x08, 0xff,
    0x08, 0x0c, 0x08, 0xff, 0x10, 0x08, 0x10, 0xff, 0x08, 0x0c, 0x08, 0xff,
    0x08, 0x08, 0x08, 0xff, 0x08, 0x08, 0x08, 0xff, 0x10, 0x0c, 0x10, 0xff,
    0x08, 0x08, 0x08, 0xff, 0x08, 0x08, 0x08, 0xff, 0x10, 0x0c, 0x10, 0xff,
    0x08, 0x0c, 0x08, 0xff, 0x08, 0x08, 0x08, 0xff, 0x08, 0x0c, 0x08, 0xff,
    0x08, 0x0c, 0x08, 0xff, 0x08, 0x08, 0x08, 0xff, 0x08, 0x0c, 0x08, 0xff,
    0x08, 0x08, 0x08, 0xff, 0x10, 0x08, 0x10, 0xff, 0x08, 0x0c, 0x08, 0xff,
    0x08, 0x08, 0x08, 0xff, 0x08, 0x08, 0x08, 0xff, 0x08, 0x0c, 0x08, 0xff,
    0x10, 0x0c, 0x10, 0xff, 0x10, 0x08, 0x10, 0xff, 0x08, 0x08, 0x08, 0xff,
    0x10, 0x0c, 0x10, 0xff, 0x08, 0x0c, 0x08, 0xff, 0x08, 0x08, 0x08, 0xff,
    0x08, 0x0c, 0x08, 0xff, 0x08, 0x08, 0x08, 0xff, 0x10, 0x08, 0x10, 0xff,
    0x08, 0x0c, 0x08, 0xff, 0x08, 0x08, 0x08, 0xff, 0x10, 0x08, 0x10, 0xff,
    0x08, 0x0c, 0x08, 0xff, 0x08, 0x0c, 0x08, 0xff, 0x08, 0x08, 0x08, 0xff,
    0x08, 0x0c, 0x08, 0xff, 0x08, 0x08, 0x08, 0xff, 0x08, 0x08, 0x08, 0xff,
    0x08, 0x0c, 0x08, 0xff, 0x38, 0x34, 0x38, 0xff, 0x30, 0x30, 0x30, 0xff,
    0x30, 0x34, 0x30, 0xff, 0x38, 0x34, 0x38, 0xff, 0x00, 0x00, 0x00, 0x00,
    0x00, 0x00, 0x00, 0x00, 0x00, 0x00, 0x00, 0x00, 0x00, 0x00, 0x00, 0x00,
    0x00, 0x00, 0x00, 0x00, 0x00, 0x00, 0x00, 0x00, 0x00, 0x00, 0x00, 0x00,
    0x00, 0x00, 0x00, 0x00, 0x00, 0x00, 0x00, 0x00, 0x00, 0x00, 0x00, 0x00,
    0x00, 0x00, 0x00, 0x00, 0x00, 0x00, 0x00, 0x00, 0x00, 0x00, 0x00, 0x00,
    0x00, 0x00, 0x00, 0x00, 0x00, 0x00, 0x00, 0x00, 0x00, 0x00, 0x00, 0x00,
    0x30, 0x30, 0x30, 0xff, 0x30, 0x34, 0x30, 0xff, 0x38, 0x34, 0x38, 0xff,
    0x38, 0x34, 0x38, 0xff, 0x08, 0x08, 0x08, 0xff, 0x08, 0x08, 0x08, 0xff,
    0x08, 0x0c, 0x08, 0xff, 0x08, 0x08, 0x08, 0xff, 0x10, 0x08, 0x10, 0xff,
    0x08, 0x0c, 0x08, 0xff, 0x08, 0x08, 0x08, 0xff, 0x10, 0x0c, 0x10, 0xff,
    0x08, 0x08, 0x08, 0xff, 0x08, 0x0c, 0x08, 0xff, 0x10, 0x0c, 0x10, 0xff,
    0x08, 0x08, 0x08, 0xff, 0x08, 0x08, 0x08, 0xff, 0x08, 0x0c, 0x08, 0xff,
    0x10, 0x08, 0x10, 0xff, 0x08, 0x08, 0x08, 0xff, 0x08, 0x0c, 0x08, 0xff,
    0x08, 0x08, 0x08, 0xff, 0x10, 0x0c, 0x10, 0xff, 0x08, 0x0c, 0x08, 0xff,
    0x08, 0x08, 0x08, 0xff, 0x10, 0x0c, 0x10, 0xff, 0x08, 0x08, 0x08, 0xff,
    0x08, 0x08, 0x08, 0xff, 0x08, 0x0c, 0x08, 0xff, 0x10, 0x08, 0x10, 0xff,
    0x08, 0x08, 0x08, 0xff, 0x08, 0x0c, 0x08, 0xff, 0x10, 0x08, 0x10, 0xff,
    0x08, 0x0c, 0x08, 0xff, 0x08, 0x0c, 0x08, 0xff, 0x10, 0x08, 0x10, 0xff,
    0x08, 0x0c, 0x08, 0xff, 0x08, 0x0c, 0x08, 0xff, 0x10, 0x08, 0x10, 0xff,
    0x08, 0x0c, 0x08, 0xff, 0x08, 0x08, 0x08, 0xff, 0x08, 0x08, 0x08, 0xff,
    0x08, 0x0c, 0x08, 0xff, 0x08, 0x08, 0x08, 0xff, 0x08, 0x08, 0x08, 0xff,
    0x10, 0x0c, 0x10, 0xff, 0x08, 0x08, 0x08, 0xff, 0x08, 0x0c, 0x08, 0xff,
    0x10, 0x0c, 0x10, 0xff, 0x08, 0x08, 0x08, 0xff, 0x08, 0x0c, 0x08, 0xff,
    0x08, 0x08, 0x08, 0xff, 0x08, 0x0c, 0x08, 0xff, 0x08, 0x08, 0x08, 0xff,
    0x08, 0x08, 0x08, 0xff, 0x10, 0x0c, 0x10, 0xff, 0x08, 0x0c, 0x08, 0xff,
    0x10, 0x08, 0x10, 0xff, 0x08, 0x08, 0x08, 0xff, 0x08, 0x0c, 0x08, 0xff,
    0x38, 0x34, 0x38, 0xff, 0x30, 0x34, 0x30, 0xff, 0x30, 0x30, 0x30, 0xff,
    0x30, 0x34, 0x30, 0xff, 0x00, 0x00, 0x00, 0x00, 0x00, 0x00, 0x00, 0x00,
    0x00, 0x00, 0x00, 0x00, 0x00, 0x00, 0x00, 0x00, 0x00, 0x00, 0x00, 0x00,
    0x00, 0x00, 0x00, 0x00, 0x00, 0x00, 0x00, 0x00, 0x00, 0x00, 0x00, 0x00,
    0x00, 0x00, 0x00, 0x00, 0x00, 0x00, 0x00, 0x00, 0x00, 0x00, 0x00, 0x00,
    0x00, 0x00, 0x00, 0x00, 0x00, 0x00, 0x00, 0x00, 0x00, 0x00, 0x00, 0x00,
    0x00, 0x00, 0x00, 0x00, 0x00, 0x00, 0x00, 0x00, 0x38, 0x34, 0x38, 0xff,
    0x30, 0x30, 0x30, 0xff, 0x30, 0x34, 0x30, 0xff, 0x38, 0x34, 0x38, 0xff,
    0x08, 0x08, 0x08, 0xff, 0x08, 0x0c, 0x08, 0xff, 0x10, 0x0c, 0x10, 0xff,
    0x08, 0x08, 0x08, 0xff, 0x08, 0x0c, 0x08, 0xff, 0x08, 0x08, 0x08, 0xff,
    0x10, 0x0c, 0x10, 0xff, 0x08, 0x08, 0x08, 0xff, 0x08, 0x08, 0x08, 0xff,
    0x08, 0x0c, 0x08, 0xff, 0x08, 0x0c, 0x08, 0xff, 0x10, 0x08, 0x10, 0xff,
    0x08, 0x0c, 0x08, 0xff, 0x08, 0x0c, 0x08, 0xff, 0x08, 0x08, 0x08, 0xff,
    0x10, 0x0c, 0x10, 0xff, 0x08, 0x08, 0x08, 0xff, 0x08, 0x08, 0x08, 0xff,
    0x08, 0x0c, 0x08, 0xff, 0x10, 0x08, 0x10, 0xff, 0x08, 0x0c, 0x08, 0xff,
    0x08, 0x0c, 0x08, 0xff, 0x08, 0x08, 0x08, 0xff, 0x08, 0x0c, 0x08, 0xff,
    0x08, 0x0c, 0x08, 0xff, 0x10, 0x08, 0x10, 0xff, 0x08, 0x0c, 0x08, 0xff,
    0x08, 0x08, 0x08, 0xff, 0x10, 0x08, 0x10, 0xff, 0x08, 0x0c, 0x08, 0xff,
    0x08, 0x08, 0x08, 0xff, 0x08, 0x08, 0x08, 0xff, 0x08, 0x0c, 0x08, 0xff,
    0x08, 0x08, 0x08, 0xff, 0x08, 0x0c, 0x08, 0xff, 0x10, 0x0c, 0x10, 0xff,
    0x08, 0x08, 0x08, 0xff, 0x08, 0x0c, 0x08, 0xff, 0x08, 0x0c, 0x08, 0xff,
    0x08, 0x08, 0x08, 0xff, 0x10, 0x0c, 0x10, 0xff, 0x08, 0x08, 0x08, 0xff,
    0x08, 0x08, 0x08, 0xff, 0x10, 0x0c, 0x10, 0xff, 0x08, 0x08, 0x08, 0xff,
    0x08, 0x0c, 0x08, 0xff, 0x10, 0x08, 0x10, 0xff, 0x08, 0x0c, 0x08, 0xff,
    0x08, 0x0c, 0x08, 0xff, 0x10, 0x08, 0x10, 0xff, 0x08, 0x08, 0x08, 0xff,
    0x08, 0x0c, 0x08, 0xff, 0x10, 0x08, 0x10, 0xff, 0x08, 0x0c, 0x08, 0xff,
    0x08, 0x0c, 0x08, 0xff, 0x08, 0x08, 0x08, 0xff, 0x38, 0x34, 0x38, 0xff,
    0x38, 0x34, 0x38, 0xff, 0x30, 0x34, 0x30, 0xff, 0x38, 0x30, 0x38, 0xff,
    0x00, 0x00, 0x00, 0x00, 0x00, 0x00, 0x00, 0x00, 0x00, 0x00, 0x00, 0x00,
    0x00, 0x00, 0x00, 0x00, 0x00, 0x00, 0x00, 0x00, 0x00, 0x00, 0x00, 0x00,
    0x00, 0x00, 0x00, 0x00, 0x00, 0x00, 0x00, 0x00, 0x00, 0x00, 0x00, 0x00,
    0x00, 0x00, 0x00, 0x00, 0x00, 0x00, 0x00, 0x00, 0x00, 0x00, 0x00, 0x00,
    0x00, 0x00, 0x00, 0x00, 0x00, 0x00, 0x00, 0x00, 0x00, 0x00, 0x00, 0x00,
    0x00, 0x00, 0x00, 0x00, 0x30, 0x34, 0x30, 0xff, 0x38, 0x34, 0x38, 0xff,
    0x30, 0x34, 0x30, 0xff, 0x30, 0x34, 0x30, 0xff, 0x08, 0x08, 0x08, 0xff,
    0x08, 0x08, 0x08, 0xff, 0x10, 0x0c, 0x10, 0xff, 0x08, 0x0c, 0x08, 0xff,
    0x08, 0x08, 0x08, 0xff, 0x08, 0x0c, 0x08, 0xff, 0x08, 0x0c, 0x08, 0xff,
    0x10, 0x08, 0x10, 0xff, 0x08, 0x0c, 0x08, 0xff, 0x08, 0x08, 0x08, 0xff,
    0x08, 0x08, 0x08, 0xff, 0x08, 0x0c, 0x08, 0xff, 0x10, 0x08, 0x10, 0xff,
    0x08, 0x08, 0x08, 0xff, 0x08, 0x0c, 0x08, 0xff, 0x08, 0x0c, 0x08, 0xff,
    0x10, 0x08, 0x10, 0xff, 0x08, 0x0c, 0x08, 0xff, 0x08, 0x08, 0x08, 0xff,
    0x08, 0x08, 0x08, 0xff, 0x08, 0x0c, 0x08, 0xff, 0x10, 0x08, 0x10, 0xff,
    0x08, 0x08, 0x08, 0xff, 0x08, 0x0c, 0x08, 0xff, 0x10, 0x08, 0x10, 0xff,
    0x08, 0x0c, 0x08, 0xff, 0x08, 0x0c, 0x08, 0xff, 0x08, 0x08, 0x08, 0xff,
    0x08, 0x0c, 0x08, 0xff, 0x10, 0x0c, 0x10, 0xff, 0x08, 0x08, 0x08, 0xff,
    0x10, 0x0c, 0x10, 0xff, 0x08, 0x08, 0x08, 0xff, 0x08, 0x08, 0x08, 0xff,
    0x10, 0x0c, 0x10, 0xff, 0x08, 0x08, 0x08, 0xff, 0x08, 0x08, 0x08, 0xff,
    0x10, 0x0c, 0x10, 0xff, 0x10, 0x08, 0x10, 0xff, 0x08, 0x0c, 0x08, 0xff,
    0x08, 0x0c, 0x08, 0xff, 0x08, 0x08, 0x08, 0xff, 0x08, 0x0c, 0x08, 0xff,
    0x08, 0x08, 0x08, 0xff, 0x08, 0x0c, 0x08, 0xff, 0x08, 0x08, 0x08, 0xff,
    0x10, 0x08, 0x10, 0xff, 0x08, 0x0c, 0x08, 0xff, 0x08, 0x08, 0x08, 0xff,
    0x10, 0x0c, 0x10, 0xff, 0x08, 0x0c, 0x08, 0xff, 0x08, 0x08, 0x08, 0xff,
    0x08, 0x08, 0x08, 0xff, 0x08, 0x0c, 0x08, 0xff, 0x08, 0x08, 0x08, 0xff,
    0x08, 0x08, 0x08, 0xff, 0x38, 0x34, 0x38, 0xff, 0x30, 0x34, 0x30, 0xff,
    0x30, 0x34, 0x30, 0xff, 0x38, 0x34, 0x38, 0xff, 0x00, 0x00, 0x00, 0x00,
    0x00, 0x00, 0x00, 0x00, 0x00, 0x00, 0x00, 0x00, 0x00, 0x00, 0x00, 0x00,
    0x00, 0x00, 0x00, 0x00, 0x00, 0x00, 0x00, 0x00, 0x00, 0x00, 0x00, 0x00,
    0x00, 0x00, 0x00, 0x00, 0x00, 0x00, 0x00, 0x00, 0x00, 0x00, 0x00, 0x00,
    0x00, 0x00, 0x00, 0x00, 0x00, 0x00, 0x00, 0x00, 0x00, 0x00, 0x00, 0x00,
    0x00, 0x00, 0x00, 0x00, 0x00, 0x00, 0x00, 0x00, 0x00, 0x00, 0x00, 0x00,
    0x30, 0x34, 0x30, 0xff, 0x38, 0x30, 0x38, 0xff, 0x30, 0x34, 0x30, 0xff,
    0x38, 0x34, 0x38, 0xff, 0x08, 0x08, 0x08, 0xff, 0x08, 0x08, 0x08, 0xff,
    0x08, 0x0c, 0x08, 0xff, 0x10, 0x08, 0x10, 0xff, 0x08, 0x08, 0x08, 0xff,
    0x08, 0x0c, 0x08, 0xff, 0x10, 0x08, 0x10, 0xff, 0x08, 0x0c, 0x08, 0xff,
    0x08, 0x0c, 0x08, 0xff, 0x10, 0x08, 0x10, 0xff, 0x08, 0x0c, 0x08, 0xff,
    0x08, 0x0c, 0x08, 0xff, 0x08, 0x08, 0x08, 0xff, 0x10, 0x08, 0x10, 0xff,
    0x08, 0x0c, 0x08, 0xff, 0x08, 0x08, 0x08, 0xff, 0x08, 0x0c, 0x08, 0xff,
    0x10, 0x0c, 0x10, 0xff, 0x08, 0x08, 0x08, 0xff, 0x08, 0x0c, 0x08, 0xff,
    0x10, 0x0c, 0x10, 0xff, 0x08, 0x08, 0x08, 0xff, 0x08, 0x0c, 0x08, 0xff,
    0x10, 0x08, 0x10, 0xff, 0x08, 0x08, 0x08, 0xff, 0x08, 0x0c, 0x08, 0xff,
    0x10, 0x08, 0x10, 0xff, 0x08, 0x08, 0x08, 0xff, 0x08, 0x0c, 0x08, 0xff,
    0x08, 0x08, 0x08, 0xff, 0x08, 0x0c, 0x08, 0xff, 0x10, 0x0c, 0x10, 0xff,
    0x08, 0x08, 0x08, 0xff, 0x08, 0x0c, 0x08, 0xff, 0x08, 0x0c, 0x08, 0xff,
    0x08, 0x08, 0x08, 0xff, 0x08, 0x0c, 0x08, 0xff, 0x08, 0x08, 0x08, 0xff,
    0x08, 0x08, 0x08, 0xff, 0x08, 0x0c, 0x08, 0xff, 0x10, 0x08, 0x10, 0xff,
    0x08, 0x0c, 0x08, 0xff, 0x10, 0x0c, 0x10, 0xff, 0x08, 0x08, 0x08, 0xff,
    0x08, 0x0c, 0x08, 0xff, 0x10, 0x0c, 0x10, 0xff, 0x08, 0x08, 0x08, 0xff,
    0x08, 0x0c, 0x08, 0xff, 0x08, 0x08, 0x08, 0xff, 0x08, 0x08, 0x08, 0xff,
    0x10, 0x0c, 0x10, 0xff, 0x08, 0x0c, 0x08, 0xff, 0x08, 0x08, 0x08, 0xff,
    0x10, 0x0c, 0x10, 0xff, 0x08, 0x0c, 0x08, 0xff, 0x08, 0x08, 0x08, 0xff,
    0x38, 0x34, 0x38, 0xff, 0x30, 0x34, 0x30, 0xff, 0x30, 0x30, 0x30, 0xff,
    0x30, 0x34, 0x30, 0xff, 0x00, 0x00, 0x00, 0x00, 0x00, 0x00, 0x00, 0x00,
    0x00, 0x00, 0x00, 0x00, 0x00, 0x00, 0x00, 0x00, 0x00, 0x00, 0x00, 0x00,
    0x00, 0x00, 0x00, 0x00, 0x00, 0x00, 0x00, 0x00, 0x00, 0x00, 0x00, 0x00,
    0x00, 0x00, 0x00, 0x00, 0x00, 0x00, 0x00, 0x00, 0x00, 0x00, 0x00, 0x00,
    0x00, 0x00, 0x00, 0x00, 0x00, 0x00, 0x00, 0x00, 0x00, 0x00, 0x00, 0x00,
    0x00, 0x00, 0x00, 0x00, 0x00, 0x00, 0x00, 0x00, 0x30, 0x34, 0x30, 0xff,
    0x30, 0x30, 0x30, 0xff, 0x38, 0x34, 0x38, 0xff, 0x30, 0x34, 0x30, 0xff,
    0x08, 0x08, 0x08, 0xff, 0x10, 0x0c, 0x10, 0xff, 0x08, 0x0c, 0x08, 0xff,
    0x08, 0x08, 0x08, 0xff, 0x08, 0x0c, 0x08, 0xff, 0x10, 0x08, 0x10, 0xff,
    0x08, 0x08, 0x08, 0xff, 0x08, 0x0c, 0x08, 0xff, 0x08, 0x08, 0x08, 0xff,
    0x10, 0x08, 0x10, 0xff, 0x08, 0x0c, 0x08, 0xff, 0x08, 0x08, 0x08, 0xff,
    0x10, 0x0c, 0x10, 0xff, 0x08, 0x0c, 0x08, 0xff, 0x08, 0x08, 0x08, 0xff,
    0x10, 0x08, 0x10, 0xff, 0x08, 0x0c, 0x08, 0xff, 0x08, 0x08, 0x08, 0xff,
    0x08, 0x08, 0x08, 0xff, 0x10, 0x0c, 0x10, 0xff, 0x08, 0x08, 0x08, 0xff,
    0x08, 0x0c, 0x08, 0xff, 0x08, 0x0c, 0x08, 0xff, 0x08, 0x08, 0x08, 0xff,
    0x08, 0x0c, 0x08, 0xff, 0x08, 0x0c, 0x08, 0xff, 0x10, 0x08, 0x10, 0xff,
    0x08, 0x0c, 0x08, 0xff, 0x08, 0x08, 0x08, 0xff, 0x10, 0x08, 0x10, 0xff,
    0x08, 0x0c, 0x08, 0xff, 0x08, 0x08, 0x08, 0xff, 0x08, 0x08, 0x08, 0xff,
    0x10, 0x0c, 0x10, 0xff, 0x08, 0x08, 0x08, 0xff, 0x10, 0x0c, 0x10, 0xff,
    0x08, 0x0c, 0x08, 0xff, 0x08, 0x08, 0x08, 0xff, 0x08, 0x0c, 0x08, 0xff,
    0x10, 0x08, 0x10, 0xff, 0x08, 0x08, 0x08, 0xff, 0x08, 0x0c, 0x08, 0xff,
    0x08, 0x08, 0x08, 0xff, 0x10, 0x08, 0x10, 0xff, 0x08, 0x0c, 0x08, 0xff,
    0x08, 0x08, 0x08, 0xff, 0x08, 0x0c, 0x08, 0xff, 0x10, 0x0c, 0x10, 0xff,
    0x08, 0x08, 0x08, 0xff, 0x08, 0x08, 0x08, 0xff, 0x08, 0x0c, 0x08, 0xff,
    0x08, 0x08, 0x08, 0xff, 0x10, 0x0c, 0x10, 0xff, 0x08, 0x08, 0x08, 0xff,
    0x08, 0x08, 0x08, 0xff, 0x10, 0x0c, 0x10, 0xff, 0x30, 0x34, 0x30, 0xff,
    0x38, 0x30, 0x38, 0xff, 0x38, 0x34, 0x38, 0xff, 0x30, 0x34, 0x30, 0xff,
    0x00, 0x00, 0x00, 0x00, 0x00, 0x00, 0x00, 0x00, 0x00, 0x00, 0x00, 0x00,
    0x00, 0x00, 0x00, 0x00, 0x00, 0x00, 0x00, 0x00, 0x00, 0x00, 0x00, 0x00,
    0x00, 0x00, 0x00, 0x00, 0x00, 0x00, 0x00, 0x00, 0x00, 0x00, 0x00, 0x00,
    0x00, 0x00, 0x00, 0x00, 0x00, 0x00, 0x00, 0x00, 0x00, 0x00, 0x00, 0x00,
    0x00, 0x00, 0x00, 0x00, 0x00, 0x00, 0x00, 0x00, 0x00, 0x00, 0x00, 0x00,
    0x00, 0x00, 0x00, 0x00, 0x38, 0x34, 0x38, 0xff, 0x30, 0x34, 0x30, 0xff,
    0x30, 0x34, 0x30, 0xff, 0x38, 0x34, 0x38, 0xff, 0x08, 0x08, 0x08, 0xff,
    0x08, 0x08, 0x08, 0xff, 0x10, 0x0c, 0x10, 0xff, 0x08, 0x08, 0x08, 0xff,
    0x08, 0x0c, 0x08, 0xff, 0x08, 0x0c, 0x08, 0xff, 0x08, 0x08, 0x08, 0xff,
    0x08, 0x0c, 0x08, 0xff, 0x10, 0x08, 0x10, 0xff, 0x08, 0x0c, 0x08, 0xff,
    0x08, 0x08, 0x08, 0xff, 0x08, 0x08, 0x08, 0xff, 0x10, 0x0c, 0x10, 0xff,
    0x08, 0x0c, 0x08, 0xff, 0x08, 0x08, 0x08, 0xff, 0x08, 0x0c, 0x08, 0xff,
    0x10, 0x0c, 0x10, 0xff, 0x08, 0x08, 0x08, 0xff, 0x08, 0x0c, 0x08, 0xff,
    0x08, 0x08, 0x08, 0xff, 0x08, 0x08, 0x08, 0xff, 0x10, 0x0c, 0x10, 0xff,
    0x08, 0x08, 0x08, 0xff, 0x08, 0x08, 0x08, 0xff, 0x10, 0x0c, 0x10, 0xff,
    0x08, 0x08, 0x08, 0xff, 0x08, 0x0c, 0x08, 0xff, 0x08, 0x0c, 0x08, 0xff,
    0x10, 0x08, 0x10, 0xff, 0x08, 0x0c, 0x08, 0xff, 0x08, 0x0c, 0x08, 0xff,
    0x08, 0x08, 0x08, 0xff, 0x10, 0x0c, 0x10, 0xff, 0x08, 0x08, 0x08, 0xff,
    0x08, 0x08, 0x08, 0xff, 0x08, 0x0c, 0x08, 0xff, 0x10, 0x08, 0x10, 0xff,
    0x08, 0x0c, 0x08, 0xff, 0x10, 0x0c, 0x10, 0xff, 0x08, 0x08, 0x08, 0xff,
    0x08, 0x0c, 0x08, 0xff, 0x08, 0x0c, 0x08, 0xff, 0x08, 0x08, 0x08, 0xff,
    0x08, 0x0c, 0x08, 0xff, 0x10, 0x08, 0x10, 0xff, 0x08, 0x08, 0x08, 0xff,
    0x08, 0x0c, 0x08, 0xff, 0x08, 0x08, 0x08, 0xff, 0x10, 0x0c, 0x10, 0xff,
    0x08, 0x0c, 0x08, 0xff, 0x08, 0x08, 0x08, 0xff, 0x10, 0x0c, 0x10, 0xff,
    0x08, 0x08, 0x08, 0xff, 0x08, 0x0c, 0x08, 0xff, 0x08, 0x08, 0x08, 0xff,
    0x08, 0x08, 0x08, 0xff, 0x30, 0x34, 0x30, 0xff, 0x30, 0x34, 0x30, 0xff,
    0x38, 0x34, 0x38, 0xff, 0x30, 0x30, 0x30, 0xff, 0x00, 0x00, 0x00, 0x00,
    0x00, 0x00, 0x00, 0x00, 0x00, 0x00, 0x00, 0x00, 0x00, 0x00, 0x00, 0x00,
    0x00, 0x00, 0x00, 0x00, 0x00, 0x00, 0x00, 0x00, 0x00, 0x00, 0x00, 0x00,
    0x00, 0x00, 0x00, 0x00, 0x00, 0x00, 0x00, 0x00, 0x00, 0x00, 0x00, 0x00,
    0x00, 0x00, 0x00, 0x00, 0x00, 0x00, 0x00, 0x00, 0x00, 0x00, 0x00, 0x00,
    0x00, 0x00, 0x00, 0x00, 0x00, 0x00, 0x00, 0x00, 0x00, 0x00, 0x00, 0x00,
    0x30, 0x34, 0x30, 0xff, 0x38, 0x30, 0x38, 0xff, 0x30, 0x34, 0x30, 0xff,
    0x38, 0x34, 0x38, 0xff, 0x08, 0x08, 0x08, 0xff, 0x08, 0x0c, 0x08, 0xff,
    0x08, 0x08, 0x08, 0xff, 0x10, 0x08, 0x10, 0xff, 0x08, 0x0c, 0x08, 0xff,
    0x08, 0x08, 0x08, 0xff, 0x10, 0x0c, 0x10, 0xff, 0x08, 0x08, 0x08, 0xff,
    0x08, 0x0c, 0x08, 0xff, 0x08, 0x0c, 0x08, 0xff, 0x08, 0x08, 0x08, 0xff,
    0x10, 0x0c, 0x10, 0xff, 0x08, 0x08, 0x08, 0xff, 0x08, 0x08, 0x08, 0xff,
    0x08, 0x0c, 0x08, 0xff, 0x08, 0x08, 0x08, 0xff, 0x08, 0x08, 0x08, 0xff,
    0x10, 0x0c, 0x10, 0xff, 0x08, 0x0c, 0x08, 0xff, 0x08, 0x08, 0x08, 0xff,
    0x10, 0x0c, 0x10, 0xff, 0x08, 0x0c, 0x08, 0xff, 0x08, 0x08, 0x08, 0xff,
    0x10, 0x0c, 0x10, 0xff, 0x08, 0x08, 0x08, 0xff, 0x08, 0x08, 0x08, 0xff,
    0x08, 0x0c, 0x08, 0xff, 0x10, 0x08, 0x10, 0xff, 0x08, 0x08, 0x08, 0xff,
    0x08, 0x0c, 0x08, 0xff, 0x08, 0x08, 0x08, 0xff, 0x10, 0x0c, 0x10, 0xff,
    0x08, 0x0c, 0x08, 0xff, 0x08, 0x08, 0x08, 0xff, 0x08, 0x0c, 0x08, 0xff,
    0x08, 0x08, 0x08, 0xff, 0x08, 0x08, 0x08, 0xff, 0x08, 0x0c, 0x08, 0xff,
    0x08, 0x08, 0x08, 0xff, 0x08, 0x08, 0x08, 0xff, 0x10, 0x0c, 0x10, 0xff,
    0x10, 0x08, 0x10, 0xff, 0x08, 0x0c, 0x08, 0xff, 0x08, 0x0c, 0x08, 0xff,
    0x08, 0x08, 0x08, 0xff, 0x10, 0x0c, 0x10, 0xff, 0x08, 0x08, 0x08, 0xff,
    0x08, 0x08, 0x08, 0xff, 0x08, 0x0c, 0x08, 0xff, 0x10, 0x08, 0x10, 0xff,
    0x08, 0x0c, 0x08, 0xff, 0x08, 0x08, 0x08, 0xff, 0x08, 0x0c, 0x08, 0xff,
    0x10, 0x0c, 0x10, 0xff, 0x08, 0x0c, 0x08, 0xff, 0x08, 0x08, 0x08, 0xff,
    0x38, 0x34, 0x38, 0xff, 0x30, 0x34, 0x30, 0xff, 0x30, 0x34, 0x30, 0xff,
    0x38, 0x34, 0x38, 0xff, 0x00, 0x00, 0x00, 0x00, 0x00, 0x00, 0x00, 0x00,
    0x00, 0x00, 0x00, 0x00, 0x00, 0x00, 0x00, 0x00, 0x00, 0x00, 0x00, 0x00,
    0x00, 0x00, 0x00, 0x00, 0x00, 0x00, 0x00, 0x00, 0x00, 0x00, 0x00, 0x00,
    0x00, 0x00, 0x00, 0x00, 0x00, 0x00, 0x00, 0x00, 0x00, 0x00, 0x00, 0x00,
    0x00, 0x00, 0x00, 0x00, 0x00, 0x00, 0x00, 0x00, 0x00, 0x00, 0x00, 0x00,
    0x00, 0x00, 0x00, 0x00, 0x00, 0x00, 0x00, 0x00, 0x30, 0x34, 0x30, 0xff,
    0x30, 0x30, 0x30, 0xff, 0x38, 0x34, 0x38, 0xff, 0x30, 0x34, 0x30, 0xff,
    0x08, 0x08, 0x08, 0xff, 0x08, 0x0c, 0x08, 0xff, 0x08, 0x0c, 0x08, 0xff,
    0x08, 0x08, 0x08, 0xff, 0x10, 0x0c, 0x10, 0xff, 0x08, 0x08, 0x08, 0xff,
    0x08, 0x08, 0x08, 0xff, 0x10, 0x0c, 0x10, 0xff, 0x08, 0x08, 0x08, 0xff,
    0x08, 0x08, 0x08, 0xff, 0x10, 0x0c, 0x10, 0xff, 0x08, 0x0c, 0x08, 0xff,
    0x08, 0x08, 0x08, 0xff, 0x10, 0x0c, 0x10, 0xff, 0x08, 0x0c, 0x08, 0xff,
    0x08, 0x08, 0x08, 0xff, 0x10, 0x08, 0x10, 0xff, 0x08, 0x0c, 0x08, 0xff,
    0x08, 0x08, 0x08, 0xff, 0x08, 0x0c, 0x08, 0xff, 0x10, 0x08, 0x10, 0xff,
    0x08, 0x08, 0x08, 0xff, 0x08, 0x0c, 0x08, 0xff, 0x08, 0x0c, 0x08, 0xff,
    0x08, 0x08, 0x08, 0xff, 0x10, 0x0c, 0x10, 0xff, 0x08, 0x0c, 0x08, 0xff,
    0x08, 0x08, 0x08, 0xff, 0x08, 0x0c, 0x08, 0xff, 0x08, 0x08, 0x08, 0xff,
    0x10, 0x08, 0x10, 0xff, 0x08, 0x0c, 0x08, 0xff, 0x08, 0x08, 0x08, 0xff,
    0x10, 0x0c, 0x10, 0xff, 0x10, 0x0c, 0x10, 0xff, 0x08, 0x08, 0x08, 0xff,
    0x10, 0x0c, 0x10, 0xff, 0x08, 0x0c, 0x08, 0xff, 0x08, 0x08, 0x08, 0xff,
    0x08, 0x0c, 0x08, 0xff, 0x08, 0x08, 0x08, 0xff, 0x08, 0x08, 0x08, 0xff,
    0x10, 0x0c, 0x10, 0xff, 0x08, 0x08, 0x08, 0xff, 0x08, 0x0c, 0x08, 0xff,
    0x08, 0x0c, 0x08, 0xff, 0x10, 0x08, 0x10, 0xff, 0x08, 0x0c, 0x08, 0xff,
    0x08, 0x08, 0x08, 0xff, 0x08, 0x0c, 0x08, 0xff, 0x10, 0x08, 0x10, 0xff,
    0x08, 0x08, 0x08, 0xff, 0x08, 0x0c, 0x08, 0xff, 0x10, 0x08, 0x10, 0xff,
    0x08, 0x08, 0x08, 0xff, 0x08, 0x0c, 0x08, 0xff, 0x38, 0x34, 0x38, 0xff,
    0x38, 0x30, 0x38, 0xff, 0x30, 0x34, 0x30, 0xff, 0x30, 0x34, 0x30, 0xff,
    0x00, 0x00, 0x00, 0x00, 0x00, 0x00, 0x00, 0x00, 0x00, 0x00, 0x00, 0x00,
    0x00, 0x00, 0x00, 0x00, 0x00, 0x00, 0x00, 0x00, 0x00, 0x00, 0x00, 0x00,
    0x00, 0x00, 0x00, 0x00, 0x00, 0x00, 0x00, 0x00, 0x00, 0x00, 0x00, 0x00,
    0x00, 0x00, 0x00, 0x00, 0x00, 0x00, 0x00, 0x00, 0x00, 0x00, 0x00, 0x00,
    0x00, 0x00, 0x00, 0x00, 0x00, 0x00, 0x00, 0x00, 0x00, 0x00, 0x00, 0x00,
    0x00, 0x00, 0x00, 0x00, 0x38, 0x34, 0x38, 0xff, 0x30, 0x34, 0x30, 0xff,
    0x30, 0x34, 0x30, 0xff, 0x38, 0x34, 0x38, 0xff, 0x08, 0x08, 0x08, 0xff,
    0x10, 0x08, 0x10, 0xff, 0x08, 0x0c, 0x08, 0xff, 0x08, 0x0c, 0x08, 0xff,
    0x08, 0x08, 0x08, 0xff, 0x08, 0x0c, 0x08, 0xff, 0x08, 0x0c, 0x08, 0xff,
    0x10, 0x08, 0x10, 0xff, 0x08, 0x0c, 0x08, 0xff, 0x08, 0x08, 0x08, 0xff,
    0x08, 0x0c, 0x08, 0xff, 0x08, 0x08, 0x08, 0xff, 0x08, 0x08, 0x08, 0xff,
    0x10, 0x0c, 0x10, 0xff, 0x08, 0x0c, 0x08, 0xff, 0x08, 0x08, 0x08, 0xff,
    0x08, 0x0c, 0x08, 0xff, 0x08, 0x0c, 0x08, 0xff, 0x10, 0x08, 0x10, 0xff,
    0x08, 0x0c, 0x08, 0xff, 0x08, 0x0c, 0x08, 0xff, 0x08, 0x08, 0x08, 0xff,
    0x10, 0x0c, 0x10, 0xff, 0x08, 0x08, 0x08, 0xff, 0x08, 0x0c, 0x08, 0xff,
    0x10, 0x08, 0x10, 0xff, 0x08, 0x08, 0x08, 0xff, 0x08, 0x0c, 0x08, 0xff,
    0x10, 0x0c, 0x10, 0xff, 0x08, 0x08, 0x08, 0xff, 0x08, 0x0c, 0x08, 0xff,
    0x08, 0x08, 0x08, 0xff, 0x08, 0x08, 0x08, 0xff, 0x08, 0x0c, 0x08, 0xff,
    0x08, 0x08, 0x08, 0xff, 0x08, 0x08, 0x08, 0xff, 0x08, 0x0c, 0x08, 0xff,
    0x10, 0x08, 0x10, 0xff, 0x10, 0x0c, 0x10, 0xff, 0x08, 0x0c, 0x08, 0xff,
    0x08, 0x08, 0x08, 0xff, 0x08, 0x0c, 0x08, 0xff, 0x08, 0x08, 0x08, 0xff,
    0x10, 0x08, 0x10, 0xff, 0x08, 0x0c, 0x08, 0xff, 0x08, 0x08, 0x08, 0xff,
    0x08, 0x0c, 0x08, 0xff, 0x10, 0x0c, 0x10, 0xff, 0x08, 0x08, 0x08, 0xff,
    0x08, 0x0c, 0x08, 0xff, 0x08, 0x0c, 0x08, 0xff, 0x08, 0x08, 0x08, 0xff,
    0x08, 0x0c, 0x08, 0xff, 0x08, 0x08, 0x08, 0xff, 0x08, 0x08, 0x08, 0xff,
    0x08, 0x0c, 0x08, 0xff, 0x38, 0x34, 0x38, 0xff, 0x30, 0x34, 0x30, 0xff,
    0x30, 0x30, 0x30, 0xff, 0x38, 0x34, 0x38, 0xff, 0x00, 0x00, 0x00, 0x00,
    0x00, 0x00, 0x00, 0x00, 0x00, 0x00, 0x00, 0x00, 0x00, 0x00, 0x00, 0x00,
    0x00, 0x00, 0x00, 0x00, 0x00, 0x00, 0x00, 0x00, 0x00, 0x00, 0x00, 0x00,
    0x00, 0x00, 0x00, 0x00, 0x00, 0x00, 0x00, 0x00, 0x00, 0x00, 0x00, 0x00,
    0x00, 0x00, 0x00, 0x00, 0x00, 0x00, 0x00, 0x00, 0x00, 0x00, 0x00, 0x00,
    0x00, 0x00, 0x00, 0x00, 0x00, 0x00, 0x00, 0x00, 0x00, 0x00, 0x00, 0x00,
    0x30, 0x30, 0x30, 0xff, 0x38, 0x34, 0x38, 0xff, 0x30, 0x34, 0x30, 0xff,
    0x30, 0x34, 0x30, 0xff, 0x08, 0x08, 0x08, 0xff, 0x10, 0x08, 0x10, 0xff,
    0x08, 0x0c, 0x08, 0xff, 0x08, 0x08, 0x08, 0xff, 0x10, 0x08, 0x10, 0xff,
    0x08, 0x0c, 0x08, 0xff, 0x08, 0x08, 0x08, 0xff, 0x08, 0x0c, 0x08, 0xff,
    0x10, 0x0c, 0x10, 0xff, 0x08, 0x08, 0x08, 0xff, 0x08, 0x0c, 0x08, 0xff,
    0x10, 0x08, 0x10, 0xff, 0x08, 0x0c, 0x08, 0xff, 0x08, 0x08, 0x08, 0xff,
    0x08, 0x08, 0x08, 0xff, 0x10, 0x0c, 0x10, 0xff, 0x08, 0x08, 0x08, 0xff,
    0x08, 0x08, 0x08, 0xff, 0x10, 0x0c, 0x10, 0xff, 0x08, 0x08, 0x08, 0xff,
    0x08, 0x08, 0x08, 0xff, 0x08, 0x0c, 0x08, 0xff, 0x10, 0x08, 0x10, 0xff,
    0x08, 0x08, 0x08, 0xff, 0x08, 0x0c, 0x08, 0xff, 0x08, 0x0c, 0x08, 0xff,
    0x08, 0x08, 0x08, 0xff, 0x10, 0x0c, 0x10, 0xff, 0x08, 0x08, 0x08, 0xff,
    0x08, 0x0c, 0x08, 0xff, 0x10, 0x0c, 0x10, 0xff, 0x08, 0x08, 0x08, 0xff,
    0x08, 0x0c, 0x08, 0xff, 0x10, 0x0c, 0x10, 0xff, 0x08, 0x08, 0x08, 0xff,
    0x08, 0x0c, 0x08, 0xff, 0x08, 0x08, 0x08, 0xff, 0x08, 0x08, 0x08, 0xff,
    0x08, 0x0c, 0x08, 0xff, 0x10, 0x08, 0x10, 0xff, 0x08, 0x0c, 0x08, 0xff,
    0x08, 0x0c, 0x08, 0xff, 0x08, 0x08, 0x08, 0xff, 0x08, 0x0c, 0x08, 0xff,
    0x10, 0x08, 0x10, 0xff, 0x08, 0x08, 0x08, 0xff, 0x08, 0x0c, 0x08, 0xff,
    0x08, 0x08, 0x08, 0xff, 0x10, 0x08, 0x10, 0xff, 0x08, 0x0c, 0x08, 0xff,
    0x08, 0x08, 0x08, 0xff, 0x10, 0x0c, 0x10, 0xff, 0x10, 0x0c, 0x10, 0xff,
    0x08, 0x08, 0x08, 0xff, 0x08, 0x0c, 0x08, 0xff, 0x10, 0x08, 0x10, 0xff,
    0x30, 0x34, 0x30, 0xff, 0x30, 0x34, 0x30, 0xff, 0x38, 0x34, 0x38, 0xff,
    0x30, 0x30, 0x30, 0xff, 0x00, 0x00, 0x00, 0x00, 0x00, 0x00, 0x00, 0x00,
    0x00, 0x00, 0x00, 0x00, 0x00, 0x00, 0x00, 0x00, 0x00, 0x00, 0x00, 0x00,
    0x00, 0x00, 0x00, 0x00, 0x00, 0x00, 0x00, 0x00, 0x00, 0x00, 0x00, 0x00,
    0x00, 0x00, 0x00, 0x00, 0x00, 0x00, 0x00, 0x00, 0x00, 0x00, 0x00, 0x00,
    0x00, 0x00, 0x00, 0x00, 0x00, 0x00, 0x00, 0x00, 0x00, 0x00, 0x00, 0x00,
    0x00, 0x00, 0x00, 0x00, 0x00, 0x00, 0x00, 0x00, 0x30, 0x34, 0x30, 0xff,
    0x38, 0x30, 0x38, 0xff, 0x38, 0x34, 0x38, 0xff, 0x30, 0x34, 0x30, 0xff,
    0x08, 0x08, 0x08, 0xff, 0x08, 0x0c, 0x08, 0xff, 0x08, 0x0c, 0x08, 0xff,
    0x10, 0x08, 0x10, 0xff, 0x08, 0x0c, 0x08, 0xff, 0x08, 0x08, 0x08, 0xff,
    0x10, 0x08, 0x10, 0xff, 0x08, 0x0c, 0x08, 0xff, 0x08, 0x08, 0x08, 0xff,
    0x10, 0x08, 0x10, 0xff, 0x08, 0x0c, 0x08, 0xff, 0x08, 0x0c, 0x08, 0xff,
    0x10, 0x08, 0x10, 0xff, 0x08, 0x0c, 0x08, 0xff, 0x08, 0x08, 0x08, 0xff,
    0x10, 0x0c, 0x10, 0xff, 0x08, 0x0c, 0x08, 0xff, 0x08, 0x08, 0x08, 0xff,
    0x08, 0x0c, 0x08, 0xff, 0x08, 0x08, 0x08, 0xff, 0x10, 0x0c, 0x10, 0xff,
    0x08, 0x0c, 0x08, 0xff, 0x08, 0x08, 0x08, 0xff, 0x08, 0x0c, 0x08, 0xff,
    0x10, 0x08, 0x10, 0xff, 0x08, 0x0c, 0x08, 0xff, 0x08, 0x08, 0x08, 0xff,
    0x08, 0x08, 0x08, 0xff, 0x08, 0x0c, 0x08, 0xff, 0x08, 0x08, 0x08, 0xff,
    0x10, 0x08, 0x10, 0xff, 0x08, 0x0c, 0x08, 0xff, 0x08, 0x08, 0x08, 0xff,
    0x10, 0x08, 0x10, 0xff, 0x08, 0x0c, 0x08, 0xff, 0x10, 0x0c, 0x10, 0xff,
    0x08, 0x08, 0x08, 0xff, 0x08, 0x0c, 0x08, 0xff, 0x08, 0x08, 0x08, 0xff,
    0x08, 0x08, 0x08, 0xff, 0x10, 0x0c, 0x10, 0xff, 0x10, 0x08, 0x10, 0xff,
    0x08, 0x0c, 0x08, 0xff, 0x08, 0x0c, 0x08, 0xff, 0x08, 0x08, 0x08, 0xff,
    0x10, 0x0c, 0x10, 0xff, 0x08, 0x0c, 0x08, 0xff, 0x08, 0x08, 0x08, 0xff,
    0x08, 0x0c, 0x08, 0xff, 0x10, 0x08, 0x10, 0xff, 0x08, 0x08, 0x08, 0xff,
    0x08, 0x0c, 0x08, 0xff, 0x08, 0x08, 0x08, 0xff, 0x08, 0x0c, 0x08, 0xff,
    0x10, 0x08, 0x10, 0xff, 0x08, 0x08, 0x08, 0xff, 0x30, 0x34, 0x30, 0xff,
    0x38, 0x34, 0x38, 0xff, 0x30, 0x34, 0x30, 0xff, 0x30, 0x34, 0x30, 0xff,
    0x00, 0x00, 0x00, 0x00, 0x00, 0x00, 0x00, 0x00, 0x00, 0x00, 0x00, 0x00,
    0x00, 0x00, 0x00, 0x00, 0x00, 0x00, 0x00, 0x00, 0x00, 0x00, 0x00, 0x00,
    0x00, 0x00, 0x00, 0x00, 0x00, 0x00, 0x00, 0x00, 0x00, 0x00, 0x00, 0x00,
    0x00, 0x00, 0x00, 0x00, 0x00, 0x00, 0x00, 0x00, 0x00, 0x00, 0x00, 0x00,
    0x00, 0x00, 0x00, 0x00, 0x00, 0x00, 0x00, 0x00, 0x00, 0x00, 0x00, 0x00,
    0x00, 0x00, 0x00, 0x00, 0x30, 0x34, 0x30, 0xff, 0x30, 0x34, 0x30, 0xff,
    0x38, 0x34, 0x38, 0xff, 0x30, 0x34, 0x30, 0xff, 0x08, 0x08, 0x08, 0xff,
    0x10, 0x08, 0x10, 0xff, 0x08, 0x0c, 0x08, 0xff, 0x08, 0x08, 0x08, 0xff,
    0x08, 0x0c, 0x08, 0xff, 0x08, 0x0c, 0x08, 0xff, 0x10, 0x08, 0x10, 0xff,
    0x08, 0x0c, 0x08, 0xff, 0x08, 0x08, 0x08, 0xff, 0x08, 0x0c, 0x08, 0xff,
    0x08, 0x08, 0x08, 0xff, 0x08, 0x08, 0x08, 0xff, 0x08, 0x0c, 0x08, 0xff,
    0x08, 0x0c, 0x08, 0xff, 0x08, 0x08, 0x08, 0xff, 0x08, 0x08, 0x08, 0xff,
    0x10, 0x0c, 0x10, 0xff, 0x08, 0x0c, 0x08, 0xff, 0x08, 0x08, 0x08, 0xff,
    0x10, 0x0c, 0x10, 0xff, 0x08, 0x08, 0x08, 0xff, 0x08, 0x08, 0x08, 0xff,
    0x08, 0x0c, 0x08, 0xff, 0x10, 0x0c, 0x10, 0xff, 0x08, 0x08, 0x08, 0xff,
    0x08, 0x08, 0x08, 0xff, 0x10, 0x0c, 0x10, 0xff, 0x08, 0x0c, 0x08, 0xff,
    0x08, 0x08, 0x08, 0xff, 0x10, 0x0c, 0x10, 0xff, 0x08, 0x0c, 0x08, 0xff,
    0x08, 0x08, 0x08, 0xff, 0x08, 0x0c, 0x08, 0xff, 0x08, 0x08, 0x08, 0xff,
    0x08, 0x0c, 0x08, 0xff, 0x08, 0x08, 0x08, 0xff, 0x10, 0x0c, 0x10, 0xff,
    0x08, 0x0c, 0x08, 0xff, 0x08, 0x08, 0x08, 0xff, 0x08, 0x0c, 0x08, 0xff,
    0x08, 0x08, 0x08, 0xff, 0x08, 0x08, 0x08, 0xff, 0x10, 0x0c, 0x10, 0xff,
    0x08, 0x08, 0x08, 0xff, 0x08, 0x08, 0x08, 0xff, 0x08, 0x0c, 0x08, 0xff,
    0x10, 0x08, 0x10, 0xff, 0x08, 0x0c, 0x08, 0xff, 0x08, 0x0c, 0x08, 0xff,
    0x08, 0x08, 0x08, 0xff, 0x08, 0x0c, 0x08, 0xff, 0x08, 0x08, 0x08, 0xff,
    0x08, 0x08, 0x08, 0xff, 0x10, 0x0c, 0x10, 0xff, 0x08, 0x0c, 0x08, 0xff,
    0x08, 0x08, 0x08, 0xff, 0x38, 0x34, 0x38, 0xff, 0x30, 0x34, 0x30, 0xff,
    0x38, 0x30, 0x38, 0xff, 0x30, 0x34, 0x30, 0xff, 0x00, 0x00, 0x00, 0x00,
    0x00, 0x00, 0x00, 0x00, 0x00, 0x00, 0x00, 0x00, 0x00, 0x00, 0x00, 0x00,
    0x00, 0x00, 0x00, 0x00, 0x00, 0x00, 0x00, 0x00, 0x00, 0x00, 0x00, 0x00,
    0x00, 0x00, 0x00, 0x00, 0x00, 0x00, 0x00, 0x00, 0x00, 0x00, 0x00, 0x00,
    0x00, 0x00, 0x00, 0x00, 0x00, 0x00, 0x00, 0x00, 0x00, 0x00, 0x00, 0x00,
    0x00, 0x00, 0x00, 0x00, 0x00, 0x00, 0x00, 0x00, 0x00, 0x00, 0x00, 0x00,
    0x30, 0x34, 0x30, 0xff, 0x30, 0x30, 0x30, 0xff, 0x38, 0x34, 0x38, 0xff,
    0x30, 0x34, 0x30, 0xff, 0x08, 0x08, 0x08, 0xff, 0x10, 0x0c, 0x10, 0xff,
    0x08, 0x08, 0x08, 0xff, 0x08, 0x08, 0x08, 0xff, 0x10, 0x0c, 0x10, 0xff,
    0x08, 0x08, 0x08, 0xff, 0x08, 0x0c, 0x08, 0xff, 0x08, 0x08, 0x08, 0xff,
    0x10, 0x0c, 0x10, 0xff, 0x08, 0x0c, 0x08, 0xff, 0x08, 0x08, 0x08, 0xff,
    0x10, 0x08, 0x10, 0xff, 0x08, 0x0c, 0x08, 0xff, 0x10, 0x08, 0x10, 0xff,
    0x08, 0x0c, 0x08, 0xff, 0x08, 0x08, 0x08, 0xff, 0x08, 0x08, 0x08, 0xff,
    0x10, 0x0c, 0x10, 0xff, 0x08, 0x08, 0x08, 0xff, 0x08, 0x0c, 0x08, 0xff,
    0x08, 0x08, 0x08, 0xff, 0x08, 0x08, 0x08, 0xff, 0x10, 0x0c, 0x10, 0xff,
    0x08, 0x08, 0x08, 0xff, 0x08, 0x0c, 0x08, 0xff, 0x08, 0x0c, 0x08, 0xff,
    0x10, 0x08, 0x10, 0xff, 0x08, 0x0c, 0x08, 0xff, 0x08, 0x08, 0x08, 0xff,
    0x08, 0x08, 0x08, 0xff, 0x08, 0x0c, 0x08, 0xff, 0x10, 0x08, 0x10, 0xff,
    0x08, 0x0c, 0x08, 0xff, 0x08, 0x0c, 0x08, 0xff, 0x10, 0x08, 0x10, 0xff,
    0x08, 0x08, 0x08, 0xff, 0x08, 0x0c, 0x08, 0xff, 0x10, 0x08, 0x10, 0xff,
    0x10, 0x0c, 0x10, 0xff, 0x08, 0x0c, 0x08, 0xff, 0x08, 0x08, 0x08, 0xff,
    0x08, 0x0c, 0x08, 0xff, 0x08, 0x0c, 0x08, 0xff, 0x10, 0x08, 0x10, 0xff,
    0x08, 0x0c, 0x08, 0xff, 0x08, 0x08, 0x08, 0xff, 0x08, 0x08, 0x08, 0xff,
    0x10, 0x0c, 0x10, 0xff, 0x08, 0x08, 0x08, 0xff, 0x08, 0x0c, 0x08, 0xff,
    0x10, 0x0c, 0x10, 0xff, 0x10, 0x08, 0x10, 0xff, 0x08, 0x0c, 0x08, 0xff,
    0x08, 0x08, 0x08, 0xff, 0x08, 0x0c, 0x08, 0xff, 0x08, 0x08, 0x08, 0xff,
    0x38, 0x34, 0x38, 0xff, 0x30, 0x34, 0x30, 0xff, 0x30, 0x30, 0x30, 0xff,
    0x38, 0x34, 0x38, 0xff, 0x00, 0x00, 0x00, 0x00, 0x00, 0x00, 0x00, 0x00,
    0x00, 0x00, 0x00, 0x00, 0x00, 0x00, 0x00, 0x00, 0x00, 0x00, 0x00, 0x00,
    0x00, 0x00, 0x00, 0x00, 0x00, 0x00, 0x00, 0x00, 0x00, 0x00, 0x00, 0x00,
    0x00, 0x00, 0x00, 0x00, 0x00, 0x00, 0x00, 0x00, 0x00, 0x00, 0x00, 0x00,
    0x00, 0x00, 0x00, 0x00, 0x00, 0x00, 0x00, 0x00, 0x00, 0x00, 0x00, 0x00,
    0x00, 0x00, 0x00, 0x00, 0x00, 0x00, 0x00, 0x00, 0x38, 0x34, 0x38, 0xff,
    0x30, 0x34, 0x30, 0xff, 0x38, 0x30, 0x38, 0xff, 0x30, 0x34, 0x30, 0xff,
    0x08, 0x08, 0x08, 0xff, 0x08, 0x0c, 0x08, 0xff, 0x08, 0x0c, 0x08, 0xff,
    0x10, 0x08, 0x10, 0xff, 0x08, 0x0c, 0x08, 0xff, 0x08, 0x08, 0x08, 0xff,
    0x08, 0x08, 0x08, 0xff, 0x10, 0x0c, 0x10, 0xff, 0x08, 0x08, 0x08, 0xff,
    0x08, 0x0c, 0x08, 0xff, 0x10, 0x0c, 0x10, 0xff, 0x08, 0x08, 0x08, 0xff,
    0x08, 0x0c, 0x08, 0xff, 0x10, 0x08, 0x10, 0xff, 0x08, 0x0c, 0x08, 0xff,
    0x08, 0x0c, 0x08, 0xff, 0x08, 0x08, 0x08, 0xff, 0x08, 0x08, 0x08, 0xff,
    0x10, 0x0c, 0x10, 0xff, 0x08, 0x0c, 0x08, 0xff, 0x08, 0x0c, 0x08, 0xff,
    0x10, 0x08, 0x10, 0xff, 0x08, 0x0c, 0x08, 0xff, 0x08, 0x08, 0x08, 0xff,
    0x08, 0x08, 0x08, 0xff, 0x08, 0x0c, 0x08, 0xff, 0x08, 0x08, 0x08, 0xff,
    0x10, 0x08, 0x10, 0xff, 0x08, 0x0c, 0x08, 0xff, 0x08, 0x0c, 0x08, 0xff,
    0x10, 0x08, 0x10, 0xff, 0x08, 0x08, 0x08, 0xff, 0x08, 0x0c, 0x08, 0xff,
    0x10, 0x08, 0x10, 0xff, 0x08, 0x0c, 0x08, 0xff, 0x08, 0x0c, 0x08, 0xff,
    0x08, 0x08, 0x08, 0xff, 0x08, 0x08, 0x08, 0xff, 0x08, 0x0c, 0x08, 0xff,
    0x10, 0x08, 0x10, 0xff, 0x08, 0x08, 0x08, 0xff, 0x08, 0x0c, 0x08, 0xff,
    0x08, 0x08, 0x08, 0xff, 0x08, 0x0c, 0x08, 0xff, 0x10, 0x0c, 0x10, 0xff,
    0x08, 0x08, 0x08, 0xff, 0x08, 0x0c, 0x08, 0xff, 0x08, 0x08, 0x08, 0xff,
    0x10, 0x08, 0x10, 0xff, 0x08, 0x0c, 0x08, 0xff, 0x08, 0x08, 0x08, 0xff,
    0x08, 0x0c, 0x08, 0xff, 0x08, 0x08, 0x08, 0xff, 0x10, 0x0c, 0x10, 0xff,
    0x08, 0x08, 0x08, 0xff, 0x08, 0x08, 0x08, 0xff, 0x38, 0x34, 0x38, 0xff,
    0x30, 0x34, 0x30, 0xff, 0x30, 0x34, 0x30, 0xff, 0x38, 0x34, 0x38, 0xff,
    0x00, 0x00, 0x00, 0x00, 0x00, 0x00, 0x00, 0x00, 0x00, 0x00, 0x00, 0x00,
    0x00, 0x00, 0x00, 0x00, 0x00, 0x00, 0x00, 0x00, 0x00, 0x00, 0x00, 0x00,
    0x00, 0x00, 0x00, 0x00, 0x00, 0x00, 0x00, 0x00, 0x00, 0x00, 0x00, 0x00,
    0x00, 0x00, 0x00, 0x00, 0x00, 0x00, 0x00, 0x00, 0x00, 0x00, 0x00, 0x00,
    0x00, 0x00, 0x00, 0x00, 0x00, 0x00, 0x00, 0x00, 0x00, 0x00, 0x00, 0x00,
    0x00, 0x00, 0x00, 0x00, 0x30, 0x34, 0x30, 0xff, 0x38, 0x34, 0x38, 0xff,
    0x30, 0x34, 0x30, 0xff, 0x38, 0x34, 0x38, 0xff, 0x08, 0x08, 0x08, 0xff,
    0x08, 0x08, 0x08, 0xff, 0x10, 0x0c, 0x10, 0xff, 0x08, 0x0c, 0x08, 0xff,
    0x08, 0x08, 0x08, 0xff, 0x08, 0x0c, 0x08, 0xff, 0x10, 0x0c, 0x10, 0xff,
    0x08, 0x08, 0x08, 0xff, 0x08, 0x08, 0x08, 0xff, 0x08, 0x0c, 0x08, 0xff,
    0x08, 0x08, 0x08, 0xff, 0x08, 0x0c, 0x08, 0xff, 0x08, 0x08, 0x08, 0xff,
    0x08, 0x0c, 0x08, 0xff, 0x10, 0x08, 0x10, 0xff, 0x08, 0x0c, 0x08, 0xff,
    0x08, 0x0c, 0x08, 0xff, 0x10, 0x08, 0x10, 0xff, 0x08, 0x08, 0x08, 0xff,
    0x08, 0x0c, 0x08, 0xff, 0x08, 0x08, 0x08, 0xff, 0x08, 0x0c, 0x08, 0xff,
    0x08, 0x0c, 0x08, 0xff, 0x10, 0x08, 0x10, 0xff, 0x10, 0x0c, 0x10, 0xff,
    0x08, 0x0c, 0x08, 0xff, 0x08, 0x08, 0x08, 0xff, 0x08, 0x0c, 0x08, 0xff,
    0x10, 0x0c, 0x10, 0xff, 0x08, 0x08, 0x08, 0xff, 0x08, 0x0c, 0x08, 0xff,
    0x08, 0x0c, 0x08, 0xff, 0x08, 0x08, 0x08, 0xff, 0x08, 0x08, 0x08, 0xff,
    0x08, 0x0c, 0x08, 0xff, 0x10, 0x08, 0x10, 0xff, 0x08, 0x0c, 0x08, 0xff,
    0x08, 0x0c, 0x08, 0xff, 0x08, 0x08, 0x08, 0xff, 0x08, 0x0c, 0x08, 0xff,
    0x10, 0x0c, 0x10, 0xff, 0x10, 0x08, 0x10, 0xff, 0x08, 0x08, 0x08, 0xff,
    0x08, 0x0c, 0x08, 0xff, 0x08, 0x08, 0x08, 0xff, 0x10, 0x0c, 0x10, 0xff,
    0x08, 0x0c, 0x08, 0xff, 0x08, 0x08, 0x08, 0xff, 0x08, 0x0c, 0x08, 0xff,
    0x08, 0x08, 0x08, 0xff, 0x08, 0x08, 0x08, 0xff, 0x08, 0x0c, 0x08, 0xff,
    0x10, 0x0c, 0x10, 0xff, 0x08, 0x08, 0x08, 0xff, 0x08, 0x0c, 0x08, 0xff,
    0x08, 0x0c, 0x08, 0xff, 0x38, 0x34, 0x38, 0xff, 0x30, 0x34, 0x30, 0xff,
    0x30, 0x30, 0x30, 0xff, 0x38, 0x34, 0x38, 0xff, 0x00, 0x00, 0x00, 0x00,
    0x00, 0x00, 0x00, 0x00, 0x00, 0x00, 0x00, 0x00, 0x00, 0x00, 0x00, 0x00,
    0x00, 0x00, 0x00, 0x00, 0x00, 0x00, 0x00, 0x00, 0x00, 0x00, 0x00, 0x00,
    0x00, 0x00, 0x00, 0x00, 0x00, 0x00, 0x00, 0x00, 0x00, 0x00, 0x00, 0x00,
    0x00, 0x00, 0x00, 0x00, 0x00, 0x00, 0x00, 0x00, 0x00, 0x00, 0x00, 0x00,
    0x00, 0x00, 0x00, 0x00, 0x00, 0x00, 0x00, 0x00, 0x00, 0x00, 0x00, 0x00,
    0x30, 0x30, 0x30, 0xff, 0x30, 0x34, 0x30, 0xff, 0x30, 0x34, 0x30, 0xff,
    0x38, 0x34, 0x38, 0xff, 0x08, 0x08, 0x08, 0xff, 0x08, 0x08, 0x08, 0xff,
    0x08, 0x0c, 0x08, 0xff, 0x08, 0x08, 0x08, 0xff, 0x10, 0x08, 0x10, 0xff,
    0x08, 0x0c, 0x08, 0xff, 0x08, 0x0c, 0x08, 0xff, 0x08, 0x08, 0x08, 0xff,
    0x10, 0x0c, 0x10, 0xff, 0x08, 0x08, 0x08, 0xff, 0x08, 0x0c, 0x08, 0xff,
    0x10, 0x08, 0x10, 0xff, 0x08, 0x0c, 0x08, 0xff, 0x08, 0x08, 0x08, 0xff,
    0x08, 0x08, 0x08, 0xff, 0x10, 0x0c, 0x10, 0xff, 0x08, 0x08, 0x08, 0xff,
    0x08, 0x0c, 0x08, 0xff, 0x08, 0x08, 0x08, 0xff, 0x10, 0x08, 0x10, 0xff,
    0x08, 0x0c, 0x08, 0xff, 0x08, 0x08, 0x08, 0xff, 0x10, 0x08, 0x10, 0xff,
    0x08, 0x0c, 0x08, 0xff, 0x08, 0x08, 0x08, 0xff, 0x08, 0x08, 0x08, 0xff,
    0x10, 0x0c, 0x10, 0xff, 0x08, 0x08, 0x08, 0xff, 0x08, 0x08, 0x08, 0xff,
    0x08, 0x08, 0x08, 0xff, 0x10, 0x0c, 0x10, 0xff, 0x08, 0x0c, 0x08, 0xff,
    0x10, 0x08, 0x10, 0xff, 0x08, 0x0c, 0x08, 0xff, 0x08, 0x08, 0x08, 0xff,
    0x10, 0x08, 0x10, 0xff, 0x08, 0x0c, 0x08, 0xff, 0x08, 0x08, 0x08, 0xff,
    0x10, 0x08, 0x10, 0xff, 0x08, 0x0c, 0x08, 0xff, 0x08, 0x0c, 0x08, 0xff,
    0x08, 0x08, 0x08, 0xff, 0x10, 0x0c, 0x10, 0xff, 0x08, 0x08, 0x08, 0xff,
    0x08, 0x08, 0x08, 0xff, 0x08, 0x0c, 0x08, 0xff, 0x10, 0x08, 0x10, 0xff,
    0x08, 0x0c, 0x08, 0xff, 0x10, 0x0c, 0x10, 0xff, 0x10, 0x08, 0x10, 0xff,
    0x08, 0x0c, 0x08, 0xff, 0x08, 0x08, 0x08, 0xff, 0x08, 0x08, 0x08, 0xff,
    0x08, 0x0c, 0x08, 0xff, 0x08, 0x08, 0x08, 0xff, 0x10, 0x08, 0x10, 0xff,
    0x30, 0x34, 0x30, 0xff, 0x38, 0x34, 0x38, 0xff, 0x30, 0x30, 0x30, 0xff,
    0x30, 0x34, 0x30, 0xff, 0x00, 0x00, 0x00, 0x00, 0x00, 0x00, 0x00, 0x00,
    0x00, 0x00, 0x00, 0x00, 0x00, 0x00, 0x00, 0x00, 0x00, 0x00, 0x00, 0x00,
    0x00, 0x00, 0x00, 0x00, 0x00, 0x00, 0x00, 0x00, 0x00, 0x00, 0x00, 0x00,
    0x00, 0x00, 0x00, 0x00, 0x00, 0x00, 0x00, 0x00, 0x00, 0x00, 0x00, 0x00,
    0x00, 0x00, 0x00, 0x00, 0x00, 0x00, 0x00, 0x00, 0x00, 0x00, 0x00, 0x00,
    0x00, 0x00, 0x00, 0x00, 0x00, 0x00, 0x00, 0x00, 0x38, 0x34, 0x38, 0xff,
    0x30, 0x30, 0x30, 0xff, 0x38, 0x34, 0x38, 0xff, 0x30, 0x34, 0x30, 0xff,
    0x08, 0x08, 0x08, 0xff, 0x10, 0x0c, 0x10, 0xff, 0x08, 0x0c, 0x08, 0xff,
    0x08, 0x08, 0x08, 0xff, 0x08, 0x08, 0x08, 0xff, 0x10, 0x0c, 0x10, 0xff,
    0x08, 0x08, 0x08, 0xff, 0x08, 0x0c, 0x08, 0xff, 0x10, 0x08, 0x10, 0xff,
    0x08, 0x0c, 0x08, 0xff, 0x08, 0x08, 0x08, 0xff, 0x10, 0x0c, 0x10, 0xff,
    0x08, 0x0c, 0x08, 0xff, 0x08, 0x08, 0x08, 0xff, 0x10, 0x0c, 0x10, 0xff,
    0x08, 0x08, 0x08, 0xff, 0x08, 0x0c, 0x08, 0xff, 0x08, 0x0c, 0x08, 0xff,
    0x10, 0x08, 0x10, 0xff, 0x08, 0x0c, 0x08, 0xff, 0x08, 0x0c, 0x08, 0xff,
    0x10, 0x08, 0x10, 0xff, 0x08, 0x0c, 0x08, 0xff, 0x08, 0x0c, 0x08, 0xff,
    0x08, 0x08, 0x08, 0xff, 0x08, 0x0c, 0x08, 0xff, 0x08, 0x0c, 0x08, 0xff,
    0x10, 0x08, 0x10, 0xff, 0x08, 0x0c, 0x08, 0xff, 0x08, 0x0c, 0x08, 0xff,
    0x08, 0x08, 0x08, 0xff, 0x10, 0x08, 0x10, 0xff, 0x08, 0x0c, 0x08, 0xff,
    0x08, 0x0c, 0x08, 0xff, 0x08, 0x08, 0x08, 0xff, 0x08, 0x0c, 0x08, 0xff,
    0x08, 0x0c, 0x08, 0xff, 0x10, 0x08, 0x10, 0xff, 0x08, 0x08, 0x08, 0xff,
    0x08, 0x0c, 0x08, 0xff, 0x08, 0x08, 0x08, 0xff, 0x08, 0x08, 0x08, 0xff,
    0x08, 0x0c, 0x08, 0xff, 0x10, 0x0c, 0x10, 0xff, 0x08, 0x08, 0x08, 0xff,
    0x08, 0x08, 0x08, 0xff, 0x08, 0x0c, 0x08, 0xff, 0x08, 0x08, 0x08, 0xff,
    0x08, 0x08, 0x08, 0xff, 0x08, 0x0c, 0x08, 0xff, 0x10, 0x0c, 0x10, 0xff,
    0x08, 0x08, 0x08, 0xff, 0x10, 0x0c, 0x10, 0xff, 0x08, 0x0c, 0x08, 0xff,
    0x08, 0x08, 0x08, 0xff, 0x08, 0x08, 0x08, 0xff, 0x38, 0x34, 0x38, 0xff,
    0x30, 0x34, 0x30, 0xff, 0x38, 0x34, 0x38, 0xff, 0x30, 0x34, 0x30, 0xff,
    0x00, 0x00, 0x00, 0x00, 0x00, 0x00, 0x00, 0x00, 0x00, 0x00, 0x00, 0x00,
    0x00, 0x00, 0x00, 0x00, 0x00, 0x00, 0x00, 0x00, 0x00, 0x00, 0x00, 0x00,
    0x00, 0x00, 0x00, 0x00, 0x00, 0x00, 0x00, 0x00, 0x00, 0x00, 0x00, 0x00,
    0x00, 0x00, 0x00, 0x00, 0x00, 0x00, 0x00, 0x00, 0x00, 0x00, 0x00, 0x00,
    0x00, 0x00, 0x00, 0x00, 0x00, 0x00, 0x00, 0x00, 0x00, 0x00, 0x00, 0x00,
    0x00, 0x00, 0x00, 0x00, 0x30, 0x34, 0x30, 0xff, 0x38, 0x34, 0x38, 0xff,
    0x30, 0x34, 0x30, 0xff, 0x30, 0x34, 0x30, 0xff, 0x08, 0x08, 0x08, 0xff,
    0x10, 0x08, 0x10, 0xff, 0x08, 0x0c, 0x08, 0xff, 0x08, 0x0c, 0x08, 0xff,
    0x08, 0x08, 0x08, 0xff, 0x08, 0x0c, 0x08, 0xff, 0x08, 0x08, 0x08, 0xff,
    0x08, 0x08, 0x08, 0xff, 0x08, 0x0c, 0x08, 0xff, 0x08, 0x08, 0x08, 0xff,
    0x08, 0x08, 0x08, 0xff, 0x08, 0x0c, 0x08, 0xff, 0x10, 0x08, 0x10, 0xff,
    0x08, 0x0c, 0x08, 0xff, 0x08, 0x08, 0x08, 0xff, 0x08, 0x08, 0x08, 0xff,
    0x08, 0x0c, 0x08, 0xff, 0x10, 0x08, 0x10, 0xff, 0x08, 0x08, 0x08, 0xff,
    0x08, 0x0c, 0x08, 0xff, 0x08, 0x08, 0x08, 0xff, 0x08, 0x08, 0x08, 0xff,
    0x08, 0x0c, 0x08, 0xff, 0x10, 0x08, 0x10, 0xff, 0x08, 0x08, 0x08, 0xff,
    0x08, 0x0c, 0x08, 0xff, 0x08, 0x08, 0x08, 0xff, 0x08, 0x0c, 0x08, 0xff,
    0x10, 0x08, 0x10, 0xff, 0x08, 0x0c, 0x08, 0xff, 0x08, 0x08, 0x08, 0xff,
    0x08, 0x08, 0x08, 0xff, 0x08, 0x0c, 0x08, 0xff, 0x10, 0x08, 0x10, 0xff,
    0x08, 0x08, 0x08, 0xff, 0x08, 0x0c, 0x08, 0xff, 0x10, 0x0c, 0x10, 0xff,
    0x08, 0x08, 0x08, 0xff, 0x08, 0x0c, 0x08, 0xff, 0x10, 0x0c, 0x10, 0xff,
    0x08, 0x08, 0x08, 0xff, 0x08, 0x0c, 0x08, 0xff, 0x08, 0x08, 0x08, 0xff,
    0x08, 0x0c, 0x08, 0xff, 0x10, 0x0c, 0x10, 0xff, 0x08, 0x08, 0x08, 0xff,
    0x08, 0x0c, 0x08, 0xff, 0x10, 0x08, 0x10, 0xff, 0x08, 0x08, 0x08, 0xff,
    0x08, 0x0c, 0x08, 0xff, 0x08, 0x08, 0x08, 0xff, 0x08, 0x08, 0x08, 0xff,
    0x10, 0x0c, 0x10, 0xff, 0x08, 0x08, 0x08, 0xff, 0x08, 0x0c, 0x08, 0xff,
    0x08, 0x0c, 0x08, 0xff, 0x38, 0x34, 0x38, 0xff, 0x30, 0x30, 0x30, 0xff,
    0x30, 0x34, 0x30, 0xff, 0x38, 0x34, 0x38, 0xff, 0x00, 0x00, 0x00, 0x00,
    0x00, 0x00, 0x00, 0x00, 0x00, 0x00, 0x00, 0x00, 0x00, 0x00, 0x00, 0x00,
    0x00, 0x00, 0x00, 0x00, 0x00, 0x00, 0x00, 0x00, 0x00, 0x00, 0x00, 0x00,
    0x00, 0x00, 0x00, 0x00, 0x00, 0x00, 0x00, 0x00, 0x00, 0x00, 0x00, 0x00,
    0x00, 0x00, 0x00, 0x00, 0x00, 0x00, 0x00, 0x00, 0x00, 0x00, 0x00, 0x00,
    0x00, 0x00, 0x00, 0x00, 0x00, 0x00, 0x00, 0x00, 0x00, 0x00, 0x00, 0x00,
    0x30, 0x34, 0x30, 0xff, 0x30, 0x30, 0x30, 0xff, 0x38, 0x34, 0x38, 0xff,
    0x38, 0x34, 0x38, 0xff, 0x08, 0x08, 0x08, 0xff, 0x08, 0x08, 0x08, 0xff,
    0x10, 0x0c, 0x10, 0xff, 0x08, 0x08, 0x08, 0xff, 0x10, 0x0c, 0x10, 0xff,
    0x08, 0x0c, 0x08, 0xff, 0x10, 0x08, 0x10, 0xff, 0x08, 0x0c, 0x08, 0xff,
    0x10, 0x0c, 0x10, 0xff, 0x08, 0x08, 0x08, 0xff, 0x08, 0x0c, 0x08, 0xff,
    0x10, 0x08, 0x10, 0xff, 0x08, 0x0c, 0x08, 0xff, 0x08, 0x08, 0x08, 0xff,
    0x10, 0x0c, 0x10, 0xff, 0x08, 0x0c, 0x08, 0xff, 0x08, 0x08, 0x08, 0xff,
    0x08, 0x0c, 0x08, 0xff, 0x08, 0x0c, 0x08, 0xff, 0x10, 0x08, 0x10, 0xff,
    0x08, 0x0c, 0x08, 0xff, 0x08, 0x0c, 0x08, 0xff, 0x10, 0x08, 0x10, 0xff,
    0x08, 0x0c, 0x08, 0xff, 0x08, 0x0c, 0x08, 0xff, 0x10, 0x08, 0x10, 0xff,
    0x08, 0x08, 0x08, 0xff, 0x08, 0x0c, 0x08, 0xff, 0x08, 0x08, 0x08, 0xff,
    0x10, 0x0c, 0x10, 0xff, 0x08, 0x0c, 0x08, 0xff, 0x08, 0x08, 0x08, 0xff,
    0x10, 0x0c, 0x10, 0xff, 0x08, 0x0c, 0x08, 0xff, 0x08, 0x08, 0x08, 0xff,
    0x10, 0x08, 0x10, 0xff, 0x08, 0x0c, 0x08, 0xff, 0x08, 0x08, 0x08, 0xff,
    0x08, 0x08, 0x08, 0xff, 0x10, 0x0c, 0x10, 0xff, 0x08, 0x08, 0x08, 0xff,
    0x10, 0x0c, 0x10, 0xff, 0x08, 0x08, 0x08, 0xff, 0x08, 0x08, 0x08, 0xff,
    0x08, 0x0c, 0x08, 0xff, 0x10, 0x0c, 0x10, 0xff, 0x08, 0x08, 0x08, 0xff,
    0x08, 0x0c, 0x08, 0xff, 0x10, 0x0c, 0x10, 0xff, 0x08, 0x08, 0x08, 0xff,
    0x08, 0x0c, 0x08, 0xff, 0x08, 0x0c, 0x08, 0xff, 0x08, 0x08, 0x08, 0xff,
    0x10, 0x08, 0x10, 0xff, 0x08, 0x0c, 0x08, 0xff, 0x08, 0x08, 0x08, 0xff,
    0x38, 0x34, 0x38, 0xff, 0x30, 0x34, 0x30, 0xff, 0x30, 0x30, 0x30, 0xff,
    0x38, 0x34, 0x38, 0xff, 0x00, 0x00, 0x00, 0x00, 0x00, 0x00, 0x00, 0x00,
    0x00, 0x00, 0x00, 0x00, 0x00, 0x00, 0x00, 0x00, 0x00, 0x00, 0x00, 0x00,
    0x00, 0x00, 0x00, 0x00, 0x00, 0x00, 0x00, 0x00, 0x00, 0x00, 0x00, 0x00,
    0x00, 0x00, 0x00, 0x00, 0x00, 0x00, 0x00, 0x00, 0x00, 0x00, 0x00, 0x00,
    0x00, 0x00, 0x00, 0x00, 0x00, 0x00, 0x00, 0x00, 0x00, 0x00, 0x00, 0x00,
    0x00, 0x00, 0x00, 0x00, 0x00, 0x00, 0x00, 0x00, 0x38, 0x34, 0x38, 0xff,
    0x30, 0x30, 0x30, 0xff, 0x30, 0x34, 0x30, 0xff, 0x38, 0x34, 0x38, 0xff,
    0x08, 0x08, 0x08, 0xff, 0x08, 0x0c, 0x08, 0xff, 0x08, 0x0c, 0x08, 0xff,
    0x08, 0x08, 0x08, 0xff, 0x08, 0x08, 0x08, 0xff, 0x10, 0x0c, 0x10, 0xff,
    0x08, 0x08, 0x08, 0xff, 0x08, 0x0c, 0x08, 0xff, 0x10, 0x08, 0x10, 0xff,
    0x08, 0x0c, 0x08, 0xff, 0x08, 0x0c, 0x08, 0xff, 0x10, 0x08, 0x10, 0xff,
    0x08, 0x08, 0x08, 0xff, 0x08, 0x0c, 0x08, 0xff, 0x08, 0x08, 0x08, 0xff,
    0x10, 0x0c, 0x10, 0xff, 0x08, 0x08, 0x08, 0xff, 0x08, 0x08, 0x08, 0xff,
    0x10, 0x0c, 0x10, 0xff, 0x08, 0x08, 0x08, 0xff, 0x08, 0x0c, 0x08, 0xff,
    0x10, 0x08, 0x10, 0xff, 0x08, 0x08, 0x08, 0xff, 0x08, 0x0c, 0x08, 0xff,
    0x08, 0x0c, 0x08, 0xff, 0x10, 0x08, 0x10, 0xff, 0x08, 0x0c, 0x08, 0xff,
    0x08, 0x08, 0x08, 0xff, 0x10, 0x0c, 0x10, 0xff, 0x08, 0x08, 0x08, 0xff,
    0x08, 0x08, 0x08, 0xff, 0x08, 0x0c, 0x08, 0xff, 0x10, 0x08, 0x10, 0xff,
    0x08, 0x0c, 0x08, 0xff, 0x08, 0x0c, 0x08, 0xff, 0x08, 0x08, 0x08, 0xff,
    0x08, 0x0c, 0x08, 0xff, 0x08, 0x0c, 0x08, 0xff, 0x08, 0x08, 0x08, 0xff,
    0x08, 0x08, 0x08, 0xff, 0x08, 0x0c, 0x08, 0xff, 0x08, 0x0c, 0x08, 0xff,
    0x10, 0x08, 0x10, 0xff, 0x08, 0x08, 0x08, 0xff, 0x08, 0x0c, 0x08, 0xff,
    0x08, 0x08, 0x08, 0xff, 0x08, 0x08, 0x08, 0xff, 0x08, 0x0c, 0x08, 0xff,
    0x08, 0x0c, 0x08, 0xff, 0x10, 0x08, 0x10, 0xff, 0x08, 0x08, 0x08, 0xff,
    0x08, 0x0c, 0x08, 0xff, 0x10, 0x0c, 0x10, 0xff, 0x08, 0x08, 0x08, 0xff,
    0x08, 0x08, 0x08, 0xff, 0x08, 0x0c, 0x08, 0xff, 0x38, 0x34, 0x38, 0xff,
    0x30, 0x34, 0x30, 0xff, 0x30, 0x34, 0x30, 0xff, 0x30, 0x30, 0x30, 0xff,
    0x00, 0x00, 0x00, 0x00, 0x00, 0x00, 0x00, 0x00, 0x00, 0x00, 0x00, 0x00,
    0x00, 0x00, 0x00, 0x00, 0x00, 0x00, 0x00, 0x00, 0x00, 0x00, 0x00, 0x00,
    0x00, 0x00, 0x00, 0x00, 0x00, 0x00, 0x00, 0x00, 0x00, 0x00, 0x00, 0x00,
    0x00, 0x00, 0x00, 0x00, 0x00, 0x00, 0x00, 0x00, 0x00, 0x00, 0x00, 0x00,
    0x00, 0x00, 0x00, 0x00, 0x00, 0x00, 0x00, 0x00, 0x00, 0x00, 0x00, 0x00,
    0x00, 0x00, 0x00, 0x00, 0x30, 0x34, 0x30, 0xff, 0x38, 0x34, 0x38, 0xff,
    0x30, 0x34, 0x30, 0xff, 0x30, 0x34, 0x30, 0xff, 0x08, 0x08, 0x08, 0xff,
    0x08, 0x0c, 0x08, 0xff, 0x10, 0x08, 0x10, 0xff, 0x08, 0x0c, 0x08, 0xff,
    0x08, 0x08, 0x08, 0xff, 0x08, 0x08, 0x08, 0xff, 0x08, 0x0c, 0x08, 0xff,
    0x08, 0x08, 0x08, 0xff, 0x08, 0x08, 0x08, 0xff, 0x08, 0x0c, 0x08, 0xff,
    0x08, 0x08, 0x08, 0xff, 0x08, 0x0c, 0x08, 0xff, 0x08, 0x0c, 0x08, 0xff,
    0x08, 0x08, 0x08, 0xff, 0x08, 0x0c, 0x08, 0xff, 0x10, 0x08, 0x10, 0xff,
    0x08, 0x0c, 0x08, 0xff, 0x08, 0x0c, 0x08, 0xff, 0x10, 0x08, 0x10, 0xff,
    0x08, 0x0c, 0x08, 0xff, 0x08, 0x08, 0x08, 0xff, 0x08, 0x0c, 0x08, 0xff,
    0x08, 0x08, 0x08, 0xff, 0x08, 0x08, 0x08, 0xff, 0x10, 0x08, 0x10, 0xff,
    0x08, 0x0c, 0x08, 0xff, 0x08, 0x0c, 0x08, 0xff, 0x10, 0x08, 0x10, 0xff,
    0x08, 0x0c, 0x08, 0xff, 0x08, 0x08, 0x08, 0xff, 0x08, 0x0c, 0x08, 0xff,
    0x10, 0x08, 0x10, 0xff, 0x08, 0x08, 0x08, 0xff, 0x08, 0x0c, 0x08, 0xff,
    0x10, 0x08, 0x10, 0xff, 0x08, 0x08, 0x08, 0xff, 0x10, 0x0c, 0x10, 0xff,
    0x10, 0x08, 0x10, 0xff, 0x08, 0x0c, 0x08, 0xff, 0x08, 0x0c, 0x08, 0xff,
    0x10, 0x08, 0x10, 0xff, 0x08, 0x0c, 0x08, 0xff, 0x08, 0x0c, 0x08, 0xff,
    0x10, 0x08, 0x10, 0xff, 0x08, 0x0c, 0x08, 0xff, 0x10, 0x0c, 0x10, 0xff,
    0x08, 0x08, 0x08, 0xff, 0x08, 0x08, 0x08, 0xff, 0x10, 0x0c, 0x10, 0xff,
    0x08, 0x08, 0x08, 0xff, 0x08, 0x08, 0x08, 0xff, 0x10, 0x0c, 0x10, 0xff,
    0x08, 0x0c, 0x08, 0xff, 0x08, 0x08, 0x08, 0xff, 0x08, 0x0c, 0x08, 0xff,
    0x10, 0x08, 0x10, 0xff, 0x30, 0x34, 0x30, 0xff, 0x38, 0x34, 0x38, 0xff,
    0x38, 0x34, 0x38, 0xff, 0x30, 0x34, 0x30, 0xff, 0x00, 0x00, 0x00, 0x00,
    0x00, 0x00, 0x00, 0x00, 0x00, 0x00, 0x00, 0x00, 0x00, 0x00, 0x00, 0x00,
    0x00, 0x00, 0x00, 0x00, 0x00, 0x00, 0x00, 0x00, 0x00, 0x00, 0x00, 0x00,
    0x00, 0x00, 0x00, 0x00, 0x00, 0x00, 0x00, 0x00, 0x00, 0x00, 0x00, 0x00,
    0x00, 0x00, 0x00, 0x00, 0x00, 0x00, 0x00, 0x00, 0x00, 0x00, 0x00, 0x00,
    0x00, 0x00, 0x00, 0x00, 0x00, 0x00, 0x00, 0x00, 0x00, 0x00, 0x00, 0x00,
    0x30, 0x30, 0x30, 0xff, 0x30, 0x34, 0x30, 0xff, 0x38, 0x34, 0x38, 0xff,
    0x38, 0x30, 0x38, 0xff, 0x08, 0x08, 0x08, 0xff, 0x08, 0x0c, 0x08, 0xff,
    0x10, 0x08, 0x10, 0xff, 0x08, 0x0c, 0x08, 0xff, 0x08, 0x0c, 0x08, 0xff,
    0x10, 0x08, 0x10, 0xff, 0x08, 0x0c, 0x08, 0xff, 0x10, 0x0c, 0x10, 0xff,
    0x08, 0x08, 0x08, 0xff, 0x10, 0x0c, 0x10, 0xff, 0x08, 0x08, 0x08, 0xff,
    0x08, 0x08, 0x08, 0xff, 0x10, 0x0c, 0x10, 0xff, 0x08, 0x08, 0x08, 0xff,
    0x08, 0x0c, 0x08, 0xff, 0x08, 0x08, 0x08, 0xff, 0x08, 0x08, 0x08, 0xff,
    0x08, 0x0c, 0x08, 0xff, 0x08, 0x08, 0x08, 0xff, 0x08, 0x08, 0x08, 0xff,
    0x10, 0x0c, 0x10, 0xff, 0x08, 0x0c, 0x08, 0xff, 0x08, 0x0c, 0x08, 0xff,
    0x10, 0x08, 0x10, 0xff, 0x08, 0x0c, 0x08, 0xff, 0x08, 0x08, 0x08, 0xff,
    0x08, 0x08, 0x08, 0xff, 0x08, 0x0c, 0x08, 0xff, 0x08, 0x08, 0x08, 0xff,
    0x10, 0x0c, 0x10, 0xff, 0x08, 0x0c, 0x08, 0xff, 0x08, 0x08, 0x08, 0xff,
    0x08, 0x0c, 0x08, 0xff, 0x08, 0x0c, 0x08, 0xff, 0x08, 0x08, 0x08, 0xff,
    0x08, 0x0c, 0x08, 0xff, 0x08, 0x08, 0x08, 0xff, 0x08, 0x08, 0x08, 0xff,
    0x08, 0x0c, 0x08, 0xff, 0x10, 0x08, 0x10, 0xff, 0x08, 0x08, 0x08, 0xff,
    0x08, 0x08, 0x08, 0xff, 0x08, 0x0c, 0x08, 0xff, 0x08, 0x08, 0x08, 0xff,
    0x08, 0x08, 0x08, 0xff, 0x10, 0x0c, 0x10, 0xff, 0x08, 0x0c, 0x08, 0xff,
    0x08, 0x08, 0x08, 0xff, 0x10, 0x0c, 0x10, 0xff, 0x08, 0x0c, 0x08, 0xff,
    0x08, 0x08, 0x08, 0xff, 0x08, 0x08, 0x08, 0xff, 0x08, 0x0c, 0x08, 0xff,
    0x10, 0x08, 0x10, 0xff, 0x08, 0x0c, 0x08, 0xff, 0x08, 0x08, 0x08, 0xff,
    0x30, 0x34, 0x30, 0xff, 0x30, 0x30, 0x30, 0xff, 0x38, 0x30, 0x38, 0xff,
    0x30, 0x34, 0x30, 0xff, 0x00, 0x00, 0x00, 0x00, 0x00, 0x00, 0x00, 0x00,
    0x00, 0x00, 0x00, 0x00, 0x00, 0x00, 0x00, 0x00, 0x00, 0x00, 0x00, 0x00,
    0x00, 0x00, 0x00, 0x00, 0x00, 0x00, 0x00, 0x00, 0x00, 0x00, 0x00, 0x00,
    0x00, 0x00, 0x00, 0x00, 0x00, 0x00, 0x00, 0x00, 0x00, 0x00, 0x00, 0x00,
    0x00, 0x00, 0x00, 0x00, 0x00, 0x00, 0x00, 0x00, 0x00, 0x00, 0x00, 0x00,
    0x00, 0x00, 0x00, 0x00, 0x00, 0x00, 0x00, 0x00, 0x38, 0x34, 0x38, 0xff,
    0x30, 0x34, 0x30, 0xff, 0x30, 0x34, 0x30, 0xff, 0x38, 0x34, 0x38, 0xff,
    0x08, 0x08, 0x08, 0xff, 0x08, 0x0c, 0x08, 0xff, 0x08, 0x08, 0x08, 0xff,
    0x08, 0x08, 0x08, 0xff, 0x10, 0x0c, 0x10, 0xff, 0x08, 0x08, 0x08, 0xff,
    0x08, 0x0c, 0x08, 0xff, 0x08, 0x08, 0x08, 0xff, 0x08, 0x0c, 0x08, 0xff,
    0x10, 0x0c, 0x10, 0xff, 0x08, 0x08, 0x08, 0xff, 0x08, 0x0c, 0x08, 0xff,
    0x10, 0x08, 0x10, 0xff, 0x08, 0x0c, 0x08, 0xff, 0x10, 0x08, 0x10, 0xff,
    0x08, 0x0c, 0x08, 0xff, 0x10, 0x0c, 0x10, 0xff, 0x08, 0x08, 0x08, 0xff,
    0x08, 0x0c, 0x08, 0xff, 0x10, 0x08, 0x10, 0xff, 0x08, 0x08, 0x08, 0xff,
    0x08, 0x0c, 0x08, 0xff, 0x10, 0x08, 0x10, 0xff, 0x08, 0x0c, 0x08, 0xff,
    0x08, 0x0c, 0x08, 0xff, 0x10, 0x08, 0x10, 0xff, 0x08, 0x0c, 0x08, 0xff,
    0x08, 0x0c, 0x08, 0xff, 0x10, 0x08, 0x10, 0xff, 0x08, 0x08, 0x08, 0xff,
    0x08, 0x0c, 0x08, 0xff, 0x08, 0x08, 0x08, 0xff, 0x10, 0x0c, 0x10, 0xff,
    0x08, 0x08, 0x08, 0xff, 0x08, 0x0c, 0x08, 0xff, 0x10, 0x0c, 0x10, 0xff,
    0x08, 0x08, 0x08, 0xff, 0x08, 0x0c, 0x08, 0xff, 0x08, 0x0c, 0x08, 0xff,
    0x08, 0x08, 0x08, 0xff, 0x08, 0x0c, 0x08, 0xff, 0x10, 0x0c, 0x10, 0xff,
    0x08, 0x08, 0x08, 0xff, 0x08, 0x0c, 0x08, 0xff, 0x08, 0x08, 0x08, 0xff,
    0x08, 0x08, 0x08, 0xff, 0x08, 0x0c, 0x08, 0xff, 0x08, 0x08, 0x08, 0xff,
    0x08, 0x08, 0x08, 0xff, 0x08, 0x0c, 0x08, 0xff, 0x10, 0x0c, 0x10, 0xff,
    0x08, 0x08, 0x08, 0xff, 0x08, 0x08, 0x08, 0xff, 0x08, 0x0c, 0x08, 0xff,
    0x10, 0x08, 0x10, 0xff, 0x08, 0x0c, 0x08, 0xff, 0x38, 0x34, 0x38, 0xff,
    0x30, 0x34, 0x30, 0xff, 0x30, 0x34, 0x30, 0xff, 0x38, 0x34, 0x38, 0xff,
    0x00, 0x00, 0x00, 0x00, 0x00, 0x00, 0x00, 0x00, 0x00, 0x00, 0x00, 0x00,
    0x00, 0x00, 0x00, 0x00, 0x00, 0x00, 0x00, 0x00, 0x00, 0x00, 0x00, 0x00,
    0x00, 0x00, 0x00, 0x00, 0x00, 0x00, 0x00, 0x00, 0x00, 0x00, 0x00, 0x00,
    0x00, 0x00, 0x00, 0x00, 0x00, 0x00, 0x00, 0x00, 0x00, 0x00, 0x00, 0x00,
    0x00, 0x00, 0x00, 0x00, 0x00, 0x00, 0x00, 0x00, 0x00, 0x00, 0x00, 0x00,
    0x00, 0x00, 0x00, 0x00, 0x30, 0x34, 0x30, 0xff, 0x38, 0x30, 0x38, 0xff,
    0x30, 0x34, 0x30, 0xff, 0x30, 0x34, 0x30, 0xff, 0x08, 0x08, 0x08, 0xff,
    0x10, 0x0c, 0x10, 0xff, 0x08, 0x0c, 0x08, 0xff, 0x08, 0x08, 0x08, 0xff,
    0x08, 0x0c, 0x08, 0xff, 0x08, 0x08, 0x08, 0xff, 0x10, 0x08, 0x10, 0xff,
    0x08, 0x0c, 0x08, 0xff, 0x08, 0x08, 0x08, 0xff, 0x08, 0x08, 0x08, 0xff,
    0x08, 0x0c, 0x08, 0xff, 0x08, 0x0c, 0x08, 0xff, 0x08, 0x08, 0x08, 0xff,
    0x08, 0x0c, 0x08, 0xff, 0x08, 0x08, 0x08, 0xff, 0x10, 0x0c, 0x10, 0xff,
    0x08, 0x08, 0x08, 0xff, 0x08, 0x0c, 0x08, 0xff, 0x10, 0x0c, 0x10, 0xff,
    0x08, 0x0c, 0x08, 0xff, 0x08, 0x08, 0x08, 0xff, 0x08, 0x08, 0x08, 0xff,
    0x08, 0x0c, 0x08, 0xff, 0x08, 0x08, 0x08, 0xff, 0x08, 0x08, 0x08, 0xff,
    0x10, 0x0c, 0x10, 0xff, 0x08, 0x08, 0x08, 0xff, 0x08, 0x0c, 0x08, 0xff,
    0x08, 0x08, 0x08, 0xff, 0x08, 0x0c, 0x08, 0xff, 0x10, 0x08, 0x10, 0xff,
    0x08, 0x0c, 0x08, 0xff, 0x08, 0x08, 0x08, 0xff, 0x10, 0x08, 0x10, 0xff,
    0x08, 0x0c, 0x08, 0xff, 0x08, 0x08, 0x08, 0xff, 0x10, 0x08, 0x10, 0xff,
    0x08, 0x0c, 0x08, 0xff, 0x10, 0x08, 0x10, 0xff, 0x08, 0x0c, 0x08, 0xff,
    0x08, 0x08, 0x08, 0xff, 0x10, 0x0c, 0x10, 0xff, 0x08, 0x08, 0x08, 0xff,
    0x10, 0x0c, 0x10, 0xff, 0x10, 0x0c, 0x10, 0xff, 0x08, 0x08, 0x08, 0xff,
    0x10, 0x0c, 0x10, 0xff, 0x08, 0x0c, 0x08, 0xff, 0x08, 0x08, 0x08, 0xff,
    0x10, 0x08, 0x10, 0xff, 0x08, 0x0c, 0x08, 0xff, 0x08, 0x0c, 0x08, 0xff,
    0x10, 0x08, 0x10, 0xff, 0x08, 0x0c, 0x08, 0xff, 0x08, 0x08, 0x08, 0xff,
    0x08, 0x08, 0x08, 0xff, 0x38, 0x34, 0x38, 0xff, 0x30, 0x34, 0x30, 0xff,
    0x30, 0x34, 0x30, 0xff, 0x38, 0x30, 0x38, 0xff, 0x00, 0x00, 0x00, 0x00,
    0x00, 0x00, 0x00, 0x00, 0x00, 0x00, 0x00, 0x00, 0x00, 0x00, 0x00, 0x00,
    0x00, 0x00, 0x00, 0x00, 0x00, 0x00, 0x00, 0x00, 0x00, 0x00, 0x00, 0x00,
    0x00, 0x00, 0x00, 0x00, 0x00, 0x00, 0x00, 0x00, 0x00, 0x00, 0x00, 0x00,
    0x00, 0x00, 0x00, 0x00, 0x00, 0x00, 0x00, 0x00, 0x00, 0x00, 0x00, 0x00,
    0x00, 0x00, 0x00, 0x00, 0x00, 0x00, 0x00, 0x00, 0x00, 0x00, 0x00, 0x00,
    0x30, 0x34, 0x30, 0xff, 0x30, 0x30, 0x30, 0xff, 0x38, 0x34, 0x38, 0xff,
    0x30, 0x34, 0x30, 0xff, 0x08, 0x08, 0x08, 0xff, 0x10, 0x08, 0x10, 0xff,
    0x08, 0x0c, 0x08, 0xff, 0x08, 0x0c, 0x08, 0xff, 0x10, 0x08, 0x10, 0xff,
    0x08, 0x0c, 0x08, 0xff, 0x08, 0x0c, 0x08, 0xff, 0x10, 0x08, 0x10, 0xff,
    0x08, 0x0c, 0x08, 0xff, 0x08, 0x08, 0x08, 0xff, 0x10, 0x08, 0x10, 0xff,
    0x10, 0x0c, 0x10, 0xff, 0x08, 0x08, 0x08, 0xff, 0x08, 0x08, 0x08, 0xff,
    0x08, 0x0c, 0x08, 0xff, 0x08, 0x08, 0x08, 0xff, 0x08, 0x08, 0x08, 0xff,
    0x08, 0x08, 0x08, 0xff, 0x08, 0x0c, 0x08, 0xff, 0x08, 0x08, 0x08, 0xff,
    0x10, 0x0c, 0x10, 0xff, 0x08, 0x0c, 0x08, 0xff, 0x08, 0x08, 0x08, 0xff,
    0x10, 0x0c, 0x10, 0xff, 0x08, 0x08, 0x08, 0xff, 0x08, 0x0c, 0x08, 0xff,
    0x08, 0x08, 0x08, 0xff, 0x10, 0x08, 0x10, 0xff, 0x08, 0x0c, 0x08, 0xff,
    0x08, 0x0c, 0x08, 0xff, 0x10, 0x08, 0x10, 0xff, 0x08, 0x0c, 0x08, 0xff,
    0x08, 0x0c, 0x08, 0xff, 0x08, 0x08, 0x08, 0xff, 0x08, 0x0c, 0x08, 0xff,
    0x08, 0x08, 0x08, 0xff, 0x08, 0x0c, 0x08, 0xff, 0x08, 0x08, 0x08, 0xff,
    0x10, 0x0c, 0x10, 0xff, 0x08, 0x08, 0x08, 0xff, 0x08, 0x08, 0x08, 0xff,
    0x08, 0x0c, 0x08, 0xff, 0x08, 0x08, 0x08, 0xff, 0x08, 0x08, 0x08, 0xff,
    0x08, 0x0c, 0x08, 0xff, 0x08, 0x08, 0x08, 0xff, 0x08, 0x0c, 0x08, 0xff,
    0x10, 0x0c, 0x10, 0xff, 0x08, 0x08, 0x08, 0xff, 0x08, 0x0c, 0x08, 0xff,
    0x08, 0x08, 0x08, 0xff, 0x08, 0x0c, 0x08, 0xff, 0x08, 0x0c, 0x08, 0xff,
    0x10, 0x08, 0x10, 0xff, 0x08, 0x0c, 0x08, 0xff, 0x08, 0x08, 0x08, 0xff,
    0x38, 0x34, 0x38, 0xff, 0x30, 0x34, 0x30, 0xff, 0x30, 0x30, 0x30, 0xff,
    0x38, 0x34, 0x38, 0xff, 0x00, 0x00, 0x00, 0x00, 0x00, 0x00, 0x00, 0x00,
    0x00, 0x00, 0x00, 0x00, 0x00, 0x00, 0x00, 0x00, 0x00, 0x00, 0x00, 0x00,
    0x00, 0x00, 0x00, 0x00, 0x00, 0x00, 0x00, 0x00, 0x00, 0x00, 0x00, 0x00,
    0x00, 0x00, 0x00, 0x00, 0x00, 0x00, 0x00, 0x00, 0x00, 0x00, 0x00, 0x00,
    0x00, 0x00, 0x00, 0x00, 0x00, 0x00, 0x00, 0x00, 0x00, 0x00, 0x00, 0x00,
    0x00, 0x00, 0x00, 0x00, 0x00, 0x00, 0x00, 0x00, 0x38, 0x34, 0x38, 0xff,
    0x30, 0x34, 0x30, 0xff, 0x38, 0x34, 0x38, 0xff, 0x30, 0x34, 0x30, 0xff,
    0x08, 0x08, 0x08, 0xff, 0x08, 0x08, 0x08, 0xff, 0x08, 0x0c, 0x08, 0xff,
    0x10, 0x08, 0x10, 0xff, 0x08, 0x08, 0x08, 0xff, 0x08, 0x0c, 0x08, 0xff,
    0x08, 0x08, 0x08, 0xff, 0x08, 0x0c, 0x08, 0xff, 0x10, 0x0c, 0x10, 0xff,
    0x08, 0x08, 0x08, 0xff, 0x08, 0x0c, 0x08, 0xff, 0x08, 0x0c, 0x08, 0xff,
    0x10, 0x08, 0x10, 0xff, 0x08, 0x0c, 0x08, 0xff, 0x10, 0x0c, 0x10, 0xff,
    0x08, 0x0c, 0x08, 0xff, 0x10, 0x08, 0x10, 0xff, 0x08, 0x0c, 0x08, 0xff,
    0x08, 0x08, 0x08, 0xff, 0x10, 0x08, 0x10, 0xff, 0x08, 0x0c, 0x08, 0xff,
    0x08, 0x08, 0x08, 0xff, 0x10, 0x0c, 0x10, 0xff, 0x08, 0x08, 0x08, 0xff,
    0x08, 0x0c, 0x08, 0xff, 0x08, 0x0c, 0x08, 0xff, 0x10, 0x08, 0x10, 0xff,
    0x08, 0x0c, 0x08, 0xff, 0x08, 0x08, 0x08, 0xff, 0x08, 0x08, 0x08, 0xff,
    0x08, 0x0c, 0x08, 0xff, 0x10, 0x08, 0x10, 0xff, 0x08, 0x08, 0x08, 0xff,
    0x08, 0x0c, 0x08, 0xff, 0x10, 0x08, 0x10, 0xff, 0x10, 0x0c, 0x10, 0xff,
    0x08, 0x0c, 0x08, 0xff, 0x08, 0x08, 0x08, 0xff, 0x08, 0x0c, 0x08, 0xff,
    0x10, 0x0c, 0x10, 0xff, 0x08, 0x08, 0x08, 0xff, 0x08, 0x0c, 0x08, 0xff,
    0x10, 0x0c, 0x10, 0xff, 0x08, 0x08, 0x08, 0xff, 0x08, 0x0c, 0x08, 0xff,
    0x08, 0x08, 0x08, 0xff, 0x08, 0x08, 0x08, 0xff, 0x08, 0x08, 0x08, 0xff,
    0x10, 0x0c, 0x10, 0xff, 0x08, 0x08, 0x08, 0xff, 0x10, 0x08, 0x10, 0xff,
    0x08, 0x0c, 0x08, 0xff, 0x08, 0x08, 0x08, 0xff, 0x08, 0x08, 0x08, 0xff,
    0x08, 0x0c, 0x08, 0xff, 0x08, 0x0c, 0x08, 0xff, 0x38, 0x34, 0x38, 0xff,
    0x30, 0x34, 0x30, 0xff, 0x30, 0x34, 0x30, 0xff, 0x30, 0x34, 0x30, 0xff,
    0x00, 0x00, 0x00, 0x00, 0x00, 0x00, 0x00, 0x00, 0x00, 0x00, 0x00, 0x00,
    0x00, 0x00, 0x00, 0x00, 0x00, 0x00, 0x00, 0x00, 0x00, 0x00, 0x00, 0x00,
    0x00, 0x00, 0x00, 0x00, 0x00, 0x00, 0x00, 0x00, 0x00, 0x00, 0x00, 0x00,
    0x00, 0x00, 0x00, 0x00, 0x00, 0x00, 0x00, 0x00, 0x00, 0x00, 0x00, 0x00,
    0x00, 0x00, 0x00, 0x00, 0x00, 0x00, 0x00, 0x00, 0x00, 0x00, 0x00, 0x00,
    0x00, 0x00, 0x00, 0x00, 0x30, 0x34, 0x30, 0xff, 0x30, 0x30, 0x30, 0xff,
    0x38, 0x34, 0x38, 0xff, 0x38, 0x34, 0x38, 0xff, 0x08, 0x08, 0x08, 0xff,
    0x08, 0x0c, 0x08, 0xff, 0x10, 0x0c, 0x10, 0xff, 0x08, 0x08, 0x08, 0xff,
    0x08, 0x0c, 0x08, 0xff, 0x10, 0x08, 0x10, 0xff, 0x08, 0x08, 0x08, 0xff,
    0x08, 0x0c, 0x08, 0xff, 0x08, 0x08, 0x08, 0xff, 0x08, 0x08, 0x08, 0xff,
    0x08, 0x0c, 0x08, 0xff, 0x08, 0x08, 0x08, 0xff, 0x08, 0x08, 0x08, 0xff,
    0x08, 0x0c, 0x08, 0xff, 0x08, 0x08, 0x08, 0xff, 0x10, 0x08, 0x10, 0xff,
    0x08, 0x0c, 0x08, 0xff, 0x08, 0x0c, 0x08, 0xff, 0x10, 0x08, 0x10, 0xff,
    0x08, 0x0c, 0x08, 0xff, 0x08, 0x08, 0x08, 0xff, 0x08, 0x0c, 0x08, 0xff,
    0x08, 0x08, 0x08, 0xff, 0x10, 0x08, 0x10, 0xff, 0x08, 0x0c, 0x08, 0xff,
    0x08, 0x08, 0x08, 0xff, 0x08, 0x0c, 0x08, 0xff, 0x10, 0x0c, 0x10, 0xff,
    0x08, 0x08, 0x08, 0xff, 0x08, 0x0c, 0x08, 0xff, 0x08, 0x0c, 0x08, 0xff,
    0x08, 0x08, 0x08, 0xff, 0x10, 0x0c, 0x10, 0xff, 0x08, 0x08, 0x08, 0xff,
    0x08, 0x08, 0x08, 0xff, 0x08, 0x0c, 0x08, 0xff, 0x10, 0x08, 0x10, 0xff,
    0x08, 0x08, 0x08, 0xff, 0x08, 0x0c, 0x08, 0xff, 0x08, 0x08, 0x08, 0xff,
    0x10, 0x08, 0x10, 0xff, 0x08, 0x0c, 0x08, 0xff, 0x08, 0x08, 0x08, 0xff,
    0x10, 0x0c, 0x10, 0xff, 0x08, 0x0c, 0x08, 0xff, 0x10, 0x08, 0x10, 0xff,
    0x08, 0x0c, 0x08, 0xff, 0x08, 0x0c, 0x08, 0xff, 0x08, 0x08, 0x08, 0xff,
    0x08, 0x0c, 0x08, 0xff, 0x08, 0x0c, 0x08, 0xff, 0x10, 0x08, 0x10, 0xff,
    0x08, 0x0c, 0x08, 0xff, 0x10, 0x08, 0x10, 0xff, 0x08, 0x08, 0x08, 0xff,
    0x08, 0x08, 0x08, 0xff, 0x38, 0x34, 0x38, 0xff, 0x38, 0x30, 0x38, 0xff,
    0x30, 0x34, 0x30, 0xff, 0x38, 0x34, 0x38, 0xff, 0x00, 0x00, 0x00, 0x00,
    0x00, 0x00, 0x00, 0x00, 0x00, 0x00, 0x00, 0x00, 0x00, 0x00, 0x00, 0x00,
    0x00, 0x00, 0x00, 0x00, 0x00, 0x00, 0x00, 0x00, 0x00, 0x00, 0x00, 0x00,
    0x00, 0x00, 0x00, 0x00, 0x00, 0x00, 0x00, 0x00, 0x00, 0x00, 0x00, 0x00,
    0x00, 0x00, 0x00, 0x00, 0x00, 0x00, 0x00, 0x00, 0x00, 0x00, 0x00, 0x00,
    0x00, 0x00, 0x00, 0x00, 0x00, 0x00, 0x00, 0x00, 0x00, 0x00, 0x00, 0x00,
    0x30, 0x34, 0x30, 0xff, 0x30, 0x30, 0x30, 0xff, 0x30, 0x34, 0x30, 0xff,
    0x38, 0x34, 0x38, 0xff, 0x08, 0x08, 0x08, 0xff, 0x08, 0x0c, 0x08, 0xff,
    0x08, 0x08, 0x08, 0xff, 0x08, 0x0c, 0x08, 0xff, 0x08, 0x0c, 0x08, 0xff,
    0x10, 0x08, 0x10, 0xff, 0x08, 0x0c, 0x08, 0xff, 0x08, 0x0c, 0x08, 0xff,
    0x10, 0x08, 0x10, 0xff, 0x10, 0x0c, 0x10, 0xff, 0x08, 0x0c, 0x08, 0xff,
    0x10, 0x08, 0x10, 0xff, 0x08, 0x0c, 0x08, 0xff, 0x08, 0x0c, 0x08, 0xff,
    0x08, 0x08, 0x08, 0xff, 0x08, 0x08, 0x08, 0xff, 0x08, 0x0c, 0x08, 0xff,
    0x08, 0x08, 0x08, 0xff, 0x08, 0x0c, 0x08, 0xff, 0x08, 0x0c, 0x08, 0xff,
    0x10, 0x08, 0x10, 0xff, 0x08, 0x0c, 0x08, 0xff, 0x08, 0x0c, 0x08, 0xff,
    0x08, 0x08, 0x08, 0xff, 0x10, 0x0c, 0x10, 0xff, 0x08, 0x08, 0x08, 0xff,
    0x08, 0x08, 0x08, 0xff, 0x08, 0x0c, 0x08, 0xff, 0x10, 0x08, 0x10, 0xff,
    0x10, 0x08, 0x10, 0xff, 0x08, 0x0c, 0x08, 0xff, 0x08, 0x08, 0x08, 0xff,
    0x08, 0x0c, 0x08, 0xff, 0x08, 0x0c, 0x08, 0xff, 0x08, 0x08, 0x08, 0xff,
    0x08, 0x0c, 0x08, 0xff, 0x08, 0x0c, 0x08, 0xff, 0x10, 0x08, 0x10, 0xff,
    0x08, 0x0c, 0x08, 0xff, 0x08, 0x0c, 0x08, 0xff, 0x08, 0x08, 0x08, 0xff,
    0x08, 0x0c, 0x08, 0xff, 0x08, 0x08, 0x08, 0xff, 0x08, 0x08, 0x08, 0xff,
    0x08, 0x0c, 0x08, 0xff, 0x10, 0x08, 0x10, 0xff, 0x08, 0x0c, 0x08, 0xff,
    0x08, 0x0c, 0x08, 0xff, 0x10, 0x08, 0x10, 0xff, 0x08, 0x08, 0x08, 0xff,
    0x08, 0x0c, 0x08, 0xff, 0x08, 0x08, 0x08, 0xff, 0x08, 0x0c, 0x08, 0xff,
    0x10, 0x0c, 0x10, 0xff, 0x08, 0x08, 0x08, 0xff, 0x08, 0x0c, 0x08, 0xff,
    0x30, 0x34, 0x30, 0xff, 0x30, 0x34, 0x30, 0xff, 0x38, 0x30, 0x38, 0xff,
    0x30, 0x34, 0x30, 0xff, 0x00, 0x00, 0x00, 0x00, 0x00, 0x00, 0x00, 0x00,
    0x00, 0x00, 0x00, 0x00, 0x00, 0x00, 0x00, 0x00, 0x00, 0x00, 0x00, 0x00,
    0x00, 0x00, 0x00, 0x00, 0x00, 0x00, 0x00, 0x00, 0x00, 0x00, 0x00, 0x00,
    0x00, 0x00, 0x00, 0x00, 0x00, 0x00, 0x00, 0x00, 0x00, 0x00, 0x00, 0x00,
    0x00, 0x00, 0x00, 0x00, 0x00, 0x00, 0x00, 0x00, 0x00, 0x00, 0x00, 0x00,
    0x00, 0x00, 0x00, 0x00, 0x00, 0x00, 0x00, 0x00, 0x38, 0x34, 0x38, 0xff,
    0x38, 0x34, 0x38, 0xff, 0x30, 0x34, 0x30, 0xff, 0x30, 0x34, 0x30, 0xff,
    0x08, 0x08, 0x08, 0xff, 0x10, 0x08, 0x10, 0xff, 0x08, 0x0c, 0x08, 0xff,
    0x08, 0x08, 0x08, 0xff, 0x08, 0x08, 0x08, 0xff, 0x08, 0x0c, 0x08, 0xff,
    0x08, 0x08, 0x08, 0xff, 0x08, 0x08, 0x08, 0xff, 0x08, 0x0c, 0x08, 0xff,
    0x08, 0x08, 0x08, 0xff, 0x08, 0x08, 0x08, 0xff, 0x10, 0x0c, 0x10, 0xff,
    0x08, 0x08, 0x08, 0xff, 0x10, 0x0c, 0x10, 0xff, 0x10, 0x0c, 0x10, 0xff,
    0x08, 0x08, 0x08, 0xff, 0x10, 0x0c, 0x10, 0xff, 0x08, 0x08, 0x08, 0xff,
    0x08, 0x08, 0x08, 0xff, 0x10, 0x0c, 0x10, 0xff, 0x08, 0x08, 0x08, 0xff,
    0x08, 0x08, 0x08, 0xff, 0x10, 0x0c, 0x10, 0xff, 0x08, 0x0c, 0x08, 0xff,
    0x08, 0x08, 0x08, 0xff, 0x10, 0x0c, 0x10, 0xff, 0x08, 0x08, 0x08, 0xff,
    0x08, 0x0c, 0x08, 0xff, 0x08, 0x0c, 0x08, 0xff, 0x08, 0x08, 0x08, 0xff,
    0x10, 0x08, 0x10, 0xff, 0x08, 0x0c, 0x08, 0xff, 0x08, 0x08, 0x08, 0xff,
    0x10, 0x0c, 0x10, 0xff, 0x10, 0x08, 0x10, 0xff, 0x08, 0x08, 0x08, 0xff,
    0x08, 0x0c, 0x08, 0xff, 0x08, 0x08, 0x08, 0xff, 0x10, 0x08, 0x10, 0xff,
    0x08, 0x0c, 0x08, 0xff, 0x08, 0x0c, 0x08, 0xff, 0x10, 0x08, 0x10, 0xff,
    0x10, 0x0c, 0x10, 0xff, 0x08, 0x08, 0x08, 0xff, 0x08, 0x0c, 0x08, 0xff,
    0x08, 0x08, 0x08, 0xff, 0x10, 0x08, 0x10, 0xff, 0x08, 0x0c, 0x08, 0xff,
    0x08, 0x08, 0x08, 0xff, 0x10, 0x0c, 0x10, 0xff, 0x08, 0x08, 0x08, 0xff,
    0x08, 0x0c, 0x08, 0xff, 0x08, 0x08, 0x08, 0xff, 0x08, 0x0c, 0x08, 0xff,
    0x10, 0x0c, 0x10, 0xff, 0x08, 0x08, 0x08, 0xff, 0x38, 0x34, 0x38, 0xff,
    0x30, 0x34, 0x30, 0xff, 0x30, 0x34, 0x30, 0xff, 0x38, 0x30, 0x38, 0xff,
    0x00, 0x00, 0x00, 0x00, 0x00, 0x00, 0x00, 0x00, 0x00, 0x00, 0x00, 0x00,
    0x00, 0x00, 0x00, 0x00, 0x00, 0x00, 0x00, 0x00, 0x00, 0x00, 0x00, 0x00,
    0x00, 0x00, 0x00, 0x00, 0x00, 0x00, 0x00, 0x00, 0x00, 0x00, 0x00, 0x00,
    0x00, 0x00, 0x00, 0x00, 0x00, 0x00, 0x00, 0x00, 0x00, 0x00, 0x00, 0x00,
    0x00, 0x00, 0x00, 0x00, 0x00, 0x00, 0x00, 0x00, 0x00, 0x00, 0x00, 0x00,
    0x00, 0x00, 0x00, 0x00, 0x30, 0x30, 0x30, 0xff, 0x30, 0x34, 0x30, 0xff,
    0x38, 0x34, 0x38, 0xff, 0x30, 0x34, 0x30, 0xff, 0x08, 0x08, 0x08, 0xff,
    0x10, 0x0c, 0x10, 0xff, 0x08, 0x0c, 0x08, 0xff, 0x10, 0x08, 0x10, 0xff,
    0x10, 0x0c, 0x10, 0xff, 0x08, 0x0c, 0x08, 0xff, 0x10, 0x08, 0x10, 0xff,
    0x08, 0x0c, 0x08, 0xff, 0x08, 0x0c, 0x08, 0xff, 0x08, 0x08, 0x08, 0xff,
    0x08, 0x0c, 0x08, 0xff, 0x08, 0x08, 0x08, 0xff, 0x08, 0x08, 0x08, 0xff,
    0x08, 0x0c, 0x08, 0xff, 0x08, 0x08, 0x08, 0xff, 0x08, 0x0c, 0x08, 0xff,
    0x08, 0x0c, 0x08, 0xff, 0x10, 0x08, 0x10, 0xff, 0x08, 0x0c, 0x08, 0xff,
    0x08, 0x0c, 0x08, 0xff, 0x08, 0x08, 0x08, 0xff, 0x08, 0x08, 0x08, 0xff,
    0x10, 0x0c, 0x10, 0xff, 0x08, 0x08, 0x08, 0xff, 0x08, 0x08, 0x08, 0xff,
    0x08, 0x0c, 0x08, 0xff, 0x10, 0x0c, 0x10, 0xff, 0x08, 0x08, 0x08, 0xff,
    0x08, 0x0c, 0x08, 0xff, 0x08, 0x0c, 0x08, 0xff, 0x08, 0x08, 0x08, 0xff,
    0x10, 0x0c, 0x10, 0xff, 0x08, 0x08, 0x08, 0xff, 0x08, 0x0c, 0x08, 0xff,
    0x08, 0x0c, 0x08, 0xff, 0x10, 0x08, 0x10, 0xff, 0x08, 0x0c, 0x08, 0xff,
    0x08, 0x0c, 0x08, 0xff, 0x08, 0x08, 0x08, 0xff, 0x10, 0x08, 0x10, 0xff,
    0x08, 0x0c, 0x08, 0xff, 0x08, 0x08, 0x08, 0xff, 0x08, 0x0c, 0x08, 0xff,
    0x08, 0x0c, 0x08, 0xff, 0x10, 0x08, 0x10, 0xff, 0x08, 0x0c, 0x08, 0xff,
    0x08, 0x08, 0x08, 0xff, 0x08, 0x0c, 0x08, 0xff, 0x08, 0x0c, 0x08, 0xff,
    0x10, 0x08, 0x10, 0xff, 0x08, 0x0c, 0x08, 0xff, 0x10, 0x08, 0x10, 0xff,
    0x08, 0x08, 0x08, 0xff, 0x08, 0x0c, 0x08, 0xff, 0x08, 0x08, 0x08, 0xff,
    0x08, 0x08, 0x08, 0xff, 0x38, 0x34, 0x38, 0xff, 0x30, 0x34, 0x30, 0xff,
    0x30, 0x34, 0x30, 0xff, 0x38, 0x34, 0x38, 0xff, 0x00, 0x00, 0x00, 0x00,
    0x00, 0x00, 0x00, 0x00, 0x00, 0x00, 0x00, 0x00, 0x00, 0x00, 0x00, 0x00,
    0x00, 0x00, 0x00, 0x00, 0x00, 0x00, 0x00, 0x00, 0x00, 0x00, 0x00, 0x00,
    0x00, 0x00, 0x00, 0x00, 0x00, 0x00, 0x00, 0x00, 0x00, 0x00, 0x00, 0x00,
    0x00, 0x00, 0x00, 0x00, 0x00, 0x00, 0x00, 0x00, 0x00, 0x00, 0x00, 0x00,
    0x00, 0x00, 0x00, 0x00, 0x00, 0x00, 0x00, 0x00, 0x00, 0x00, 0x00, 0x00,
    0x30, 0x34, 0x30, 0xff, 0x30, 0x30, 0x30, 0xff, 0x38, 0x34, 0x38, 0xff,
    0x38, 0x34, 0x38, 0xff, 0x08, 0x08, 0x08, 0xff, 0x08, 0x08, 0x08, 0xff,
    0x08, 0x0c, 0x08, 0xff, 0x08, 0x08, 0x08, 0xff, 0x08, 0x08, 0x08, 0xff,
    0x08, 0x0c, 0x08, 0xff, 0x08, 0x08, 0x08, 0xff, 0x10, 0x08, 0x10, 0xff,
    0x10, 0x0c, 0x10, 0xff, 0x08, 0x0c, 0x08, 0xff, 0x10, 0x08, 0x10, 0xff,
    0x08, 0x0c, 0x08, 0xff, 0x08, 0x0c, 0x08, 0xff, 0x08, 0x08, 0x08, 0xff,
    0x10, 0x08, 0x10, 0xff, 0x08, 0x0c, 0x08, 0xff, 0x08, 0x08, 0x08, 0xff,
    0x08, 0x08, 0x08, 0xff, 0x10, 0x0c, 0x10, 0xff, 0x08, 0x08, 0x08, 0xff,
    0x08, 0x0c, 0x08, 0xff, 0x10, 0x0c, 0x10, 0xff, 0x08, 0x08, 0x08, 0xff,
    0x08, 0x0c, 0x08, 0xff, 0x08, 0x08, 0x08, 0xff, 0x08, 0x08, 0x08, 0xff,
    0x08, 0x0c, 0x08, 0xff, 0x10, 0x08, 0x10, 0xff, 0x08, 0x08, 0x08, 0xff,
    0x08, 0x0c, 0x08, 0xff, 0x08, 0x08, 0x08, 0xff, 0x08, 0x0c, 0x08, 0xff,
    0x10, 0x08, 0x10, 0xff, 0x08, 0x08, 0x08, 0xff, 0x08, 0x0c, 0x08, 0xff,
    0x08, 0x08, 0x08, 0xff, 0x10, 0x08, 0x10, 0xff, 0x08, 0x0c, 0x08, 0xff,
    0x08, 0x0c, 0x08, 0xff, 0x08, 0x08, 0x08, 0xff, 0x08, 0x08, 0x08, 0xff,
    0x08, 0x0c, 0x08, 0xff, 0x08, 0x08, 0x08, 0xff, 0x10, 0x08, 0x10, 0xff,
    0x08, 0x0c, 0x08, 0xff, 0x08, 0x08, 0x08, 0xff, 0x10, 0x0c, 0x10, 0xff,
    0x08, 0x08, 0x08, 0xff, 0x08, 0x08, 0x08, 0xff, 0x08, 0x0c, 0x08, 0xff,
    0x08, 0x0c, 0x08, 0xff, 0x08, 0x08, 0x08, 0xff, 0x10, 0x0c, 0x10, 0xff,
    0x08, 0x08, 0x08, 0xff, 0x08, 0x0c, 0x08, 0xff, 0x08, 0x08, 0x08, 0xff,
    0x38, 0x34, 0x38, 0xff, 0x30, 0x34, 0x30, 0xff, 0x30, 0x30, 0x30, 0xff,
    0x30, 0x34, 0x30, 0xff, 0x00, 0x00, 0x00, 0x00, 0x00, 0x00, 0x00, 0x00,
    0x00, 0x00, 0x00, 0x00, 0x00, 0x00, 0x00, 0x00, 0x00, 0x00, 0x00, 0x00,
    0x00, 0x00, 0x00, 0x00, 0x00, 0x00, 0x00, 0x00, 0x00, 0x00, 0x00, 0x00,
    0x00, 0x00, 0x00, 0x00, 0x00, 0x00, 0x00, 0x00, 0x00, 0x00, 0x00, 0x00,
    0x00, 0x00, 0x00, 0x00, 0x00, 0x00, 0x00, 0x00, 0x00, 0x00, 0x00, 0x00,
    0x00, 0x00, 0x00, 0x00, 0x00, 0x00, 0x00, 0x00, 0x38, 0x34, 0x38, 0xff,
    0x30, 0x34, 0x30, 0xff, 0x30, 0x34, 0x30, 0xff, 0x30, 0x34, 0x30, 0xff,
    0x08, 0x08, 0x08, 0xff, 0x08, 0x08, 0x08, 0xff, 0x10, 0x0c, 0x10, 0xff,
    0x08, 0x0c, 0x08, 0xff, 0x08, 0x08, 0x08, 0xff, 0x08, 0x0c, 0x08, 0xff,
    0x08, 0x0c, 0x08, 0xff, 0x08, 0x08, 0x08, 0xff, 0x08, 0x08, 0x08, 0xff,
    0x08, 0x0c, 0x08, 0xff, 0x10, 0x08, 0x10, 0xff, 0x08, 0x08, 0x08, 0xff,
    0x08, 0x0c, 0x08, 0xff, 0x10, 0x08, 0x10, 0xff, 0x08, 0x0c, 0x08, 0xff,
    0x08, 0x0c, 0x08, 0xff, 0x10, 0x08, 0x10, 0xff, 0x08, 0x0c, 0x08, 0xff,
    0x08, 0x08, 0x08, 0xff, 0x08, 0x08, 0x08, 0xff, 0x10, 0x0c, 0x10, 0xff,
    0x08, 0x08, 0x08, 0xff, 0x08, 0x0c, 0x08, 0xff, 0x10, 0x0c, 0x10, 0xff,
    0x08, 0x08, 0x08, 0xff, 0x08, 0x0c, 0x08, 0xff, 0x10, 0x0c, 0x10, 0xff,
    0x08, 0x08, 0x08, 0xff, 0x08, 0x08, 0x08, 0xff, 0x10, 0x0c, 0x10, 0xff,
    0x08, 0x0c, 0x08, 0xff, 0x08, 0x08, 0x08, 0xff, 0x08, 0x0c, 0x08, 0xff,
    0x10, 0x08, 0x10, 0xff, 0x08, 0x0c, 0x08, 0xff, 0x08, 0x0c, 0x08, 0xff,
    0x08, 0x08, 0x08, 0xff, 0x10, 0x08, 0x10, 0xff, 0x08, 0x0c, 0x08, 0xff,
    0x08, 0x0c, 0x08, 0xff, 0x10, 0x08, 0x10, 0xff, 0x08, 0x0c, 0x08, 0xff,
    0x08, 0x08, 0x08, 0xff, 0x10, 0x0c, 0x10, 0xff, 0x08, 0x0c, 0x08, 0xff,
    0x08, 0x08, 0x08, 0xff, 0x08, 0x0c, 0x08, 0xff, 0x10, 0x08, 0x10, 0xff,
    0x08, 0x08, 0x08, 0xff, 0x08, 0x0c, 0x08, 0xff, 0x10, 0x08, 0x10, 0xff,
    0x08, 0x0c, 0x08, 0xff, 0x08, 0x08, 0x08, 0xff, 0x10, 0x0c, 0x10, 0xff,
    0x08, 0x0c, 0x08, 0xff, 0x08, 0x08, 0x08, 0xff, 0x38, 0x34, 0x38, 0xff,
    0x38, 0x34, 0x38, 0xff, 0x30, 0x30, 0x30, 0xff, 0x38, 0x34, 0x38, 0xff,
    0x00, 0x00, 0x00, 0x00, 0x00, 0x00, 0x00, 0x00, 0x00, 0x00, 0x00, 0x00,
    0x00, 0x00, 0x00, 0x00, 0x00, 0x00, 0x00, 0x00, 0x00, 0x00, 0x00, 0x00,
    0x00, 0x00, 0x00, 0x00, 0x00, 0x00, 0x00, 0x00, 0x00, 0x00, 0x00, 0x00,
    0x00, 0x00, 0x00, 0x00, 0x00, 0x00, 0x00, 0x00, 0x00, 0x00, 0x00, 0x00,
    0x00, 0x00, 0x00, 0x00, 0x00, 0x00, 0x00, 0x00, 0x00, 0x00, 0x00, 0x00,
    0x00, 0x00, 0x00, 0x00, 0x30, 0x34, 0x30, 0xff, 0x38, 0x30, 0x38, 0xff,
    0x30, 0x34, 0x30, 0xff, 0x38, 0x34, 0x38, 0xff, 0x08, 0x08, 0x08, 0xff,
    0x08, 0x0c, 0x08, 0xff, 0x10, 0x08, 0x10, 0xff, 0x08, 0x08, 0x08, 0xff,
    0x10, 0x0c, 0x10, 0xff, 0x10, 0x08, 0x10, 0xff, 0x08, 0x0c, 0x08, 0xff,
    0x08, 0x08, 0x08, 0xff, 0x08, 0x0c, 0x08, 0xff, 0x08, 0x0c, 0x08, 0xff,
    0x08, 0x08, 0x08, 0xff, 0x08, 0x0c, 0x08, 0xff, 0x10, 0x08, 0x10, 0xff,
    0x08, 0x0c, 0x08, 0xff, 0x08, 0x08, 0x08, 0xff, 0x08, 0x08, 0x08, 0xff,
    0x08, 0x0c, 0x08, 0xff, 0x10, 0x0c, 0x10, 0xff, 0x08, 0x08, 0x08, 0xff,
    0x08, 0x0c, 0x08, 0xff, 0x08, 0x08, 0x08, 0xff, 0x08, 0x08, 0x08, 0xff,
    0x08, 0x0c, 0x08, 0xff, 0x10, 0x08, 0x10, 0xff, 0x08, 0x08, 0x08, 0xff,
    0x08, 0x0c, 0x08, 0xff, 0x08, 0x08, 0x08, 0xff, 0x08, 0x0c, 0x08, 0xff,
    0x10, 0x0c, 0x10, 0xff, 0x08, 0x08, 0x08, 0xff, 0x08, 0x08, 0x08, 0xff,
    0x10, 0x0c, 0x10, 0xff, 0x08, 0x0c, 0x08, 0xff, 0x08, 0x08, 0x08, 0xff,
    0x08, 0x08, 0x08, 0xff, 0x08, 0x0c, 0x08, 0xff, 0x08, 0x0c, 0x08, 0xff,
    0x08, 0x08, 0x08, 0xff, 0x10, 0x08, 0x10, 0xff, 0x08, 0x0c, 0x08, 0xff,
    0x08, 0x0c, 0x08, 0xff, 0x10, 0x08, 0x10, 0xff, 0x08, 0x0c, 0x08, 0xff,
    0x08, 0x08, 0x08, 0xff, 0x08, 0x08, 0x08, 0xff, 0x08, 0x0c, 0x08, 0xff,
    0x08, 0x0c, 0x08, 0xff, 0x10, 0x08, 0x10, 0xff, 0x08, 0x0c, 0x08, 0xff,
    0x08, 0x08, 0x08, 0xff, 0x10, 0x0c, 0x10, 0xff, 0x08, 0x08, 0x08, 0xff,
    0x08, 0x08, 0x08, 0xff, 0x08, 0x0c, 0x08, 0xff, 0x10, 0x08, 0x10, 0xff,
    0x08, 0x08, 0x08, 0xff, 0x30, 0x34, 0x30, 0xff, 0x30, 0x34, 0x30, 0xff,
    0x38, 0x34, 0x38, 0xff, 0x30, 0x34, 0x30, 0xff, 0x00, 0x00, 0x00, 0x00,
    0x00, 0x00, 0x00, 0x00, 0x00, 0x00, 0x00, 0x00, 0x00, 0x00, 0x00, 0x00,
    0x00, 0x00, 0x00, 0x00, 0x00, 0x00, 0x00, 0x00, 0x00, 0x00, 0x00, 0x00,
    0x00, 0x00, 0x00, 0x00, 0x00, 0x00, 0x00, 0x00, 0x00, 0x00, 0x00, 0x00,
    0x00, 0x00, 0x00, 0x00, 0x00, 0x00, 0x00, 0x00, 0x00, 0x00, 0x00, 0x00,
    0x00, 0x00, 0x00, 0x00, 0x00, 0x00, 0x00, 0x00, 0x00, 0x00, 0x00, 0x00,
    0x30, 0x34, 0x30, 0xff, 0x38, 0x30, 0x38, 0xff, 0x30, 0x34, 0x30, 0xff,
    0x38, 0x34, 0x38, 0xff, 0x08, 0x08, 0x08, 0xff, 0x08, 0x0c, 0x08, 0xff,
    0x08, 0x0c, 0x08, 0xff, 0x08, 0x08, 0x08, 0xff, 0x08, 0x0c, 0x08, 0xff,
    0x08, 0x08, 0x08, 0xff, 0x10, 0x08, 0x10, 0xff, 0x08, 0x0c, 0x08, 0xff,
    0x10, 0x08, 0x10, 0xff, 0x10, 0x08, 0x10, 0xff, 0x08, 0x0c, 0x08, 0xff,
    0x08, 0x0c, 0x08, 0xff, 0x08, 0x08, 0x08, 0xff, 0x08, 0x0c, 0x08, 0xff,
    0x10, 0x0c, 0x10, 0xff, 0x08, 0x08, 0x08, 0xff, 0x08, 0x08, 0x08, 0xff,
    0x08, 0x0c, 0x08, 0xff, 0x10, 0x0c, 0x10, 0xff, 0x08, 0x08, 0x08, 0xff,
    0x08, 0x0c, 0x08, 0xff, 0x10, 0x0c, 0x10, 0xff, 0x08, 0x08, 0x08, 0xff,
    0x08, 0x0c, 0x08, 0xff, 0x08, 0x0c, 0x08, 0xff, 0x10, 0x08, 0x10, 0xff,
    0x08, 0x08, 0x08, 0xff, 0x08, 0x0c, 0x08, 0xff, 0x08, 0x08, 0x08, 0xff,
    0x08, 0x08, 0x08, 0xff, 0x08, 0x0c, 0x08, 0xff, 0x10, 0x08, 0x10, 0xff,
    0x08, 0x08, 0x08, 0xff, 0x08, 0x0c, 0x08, 0xff, 0x10, 0x08, 0x10, 0xff,
    0x10, 0x08, 0x10, 0xff, 0x08, 0x0c, 0x08, 0xff, 0x08, 0x0c, 0x08, 0xff,
    0x08, 0x08, 0x08, 0xff, 0x08, 0x08, 0x08, 0xff, 0x08, 0x0c, 0x08, 0xff,
    0x10, 0x08, 0x10, 0xff, 0x08, 0x0c, 0x08, 0xff, 0x08, 0x08, 0x08, 0xff,
    0x10, 0x08, 0x10, 0xff, 0x08, 0x0c, 0x08, 0xff, 0x08, 0x08, 0x08, 0xff,
    0x08, 0x0c, 0x08, 0xff, 0x08, 0x0c, 0x08, 0xff, 0x08, 0x08, 0x08, 0xff,
    0x08, 0x0c, 0x08, 0xff, 0x08, 0x0c, 0x08, 0xff, 0x08, 0x08, 0x08, 0xff,
    0x08, 0x0c, 0x08, 0xff, 0x08, 0x0c, 0x08, 0xff, 0x08, 0x08, 0x08, 0xff,
    0x38, 0x34, 0x38, 0xff, 0x30, 0x34, 0x30, 0xff, 0x30, 0x30, 0x30, 0xff,
    0x30, 0x34, 0x30, 0xff, 0x00, 0x00, 0x00, 0x00, 0x00, 0x00, 0x00, 0x00,
    0x00, 0x00, 0x00, 0x00, 0x00, 0x00, 0x00, 0x00, 0x00, 0x00, 0x00, 0x00,
    0x00, 0x00, 0x00, 0x00, 0x00, 0x00, 0x00, 0x00, 0x00, 0x00, 0x00, 0x00,
    0x00, 0x00, 0x00, 0x00, 0x00, 0x00, 0x00, 0x00, 0x00, 0x00, 0x00, 0x00,
    0x00, 0x00, 0x00, 0x00, 0x00, 0x00, 0x00, 0x00, 0x00, 0x00, 0x00, 0x00,
    0x00, 0x00, 0x00, 0x00, 0x00, 0x00, 0x00, 0x00, 0x30, 0x34, 0x30, 0xff,
    0x30, 0x34, 0x30, 0xff, 0x38, 0x34, 0x38, 0xff, 0x30, 0x34, 0x30, 0xff,
    0x08, 0x08, 0x08, 0xff, 0x10, 0x08, 0x10, 0xff, 0x08, 0x0c, 0x08, 0xff,
    0x08, 0x0c, 0x08, 0xff, 0x08, 0x08, 0x08, 0xff, 0x08, 0x0c, 0x08, 0xff,
    0x08, 0x0c, 0x08, 0xff, 0x08, 0x08, 0x08, 0xff, 0x08, 0x0c, 0x08, 0xff,
    0x08, 0x08, 0x08, 0xff, 0x10, 0x0c, 0x10, 0xff, 0x08, 0x08, 0x08, 0xff,
    0x08, 0x08, 0x08, 0xff, 0x10, 0x0c, 0x10, 0xff, 0x08, 0x0c, 0x08, 0xff,
    0x08, 0x08, 0x08, 0xff, 0x10, 0x08, 0x10, 0xff, 0x08, 0x0c, 0x08, 0xff,
    0x08, 0x08, 0x08, 0xff, 0x08, 0x08, 0x08, 0xff, 0x10, 0x0c, 0x10, 0xff,
    0x08, 0x08, 0x08, 0xff, 0x08, 0x08, 0x08, 0xff, 0x08, 0x0c, 0x08, 0xff,
    0x10, 0x0c, 0x10, 0xff, 0x08, 0x08, 0x08, 0xff, 0x08, 0x0c, 0x08, 0xff,
    0x10, 0x0c, 0x10, 0xff, 0x08, 0x08, 0x08, 0xff, 0x08, 0x0c, 0x08, 0xff,
    0x10, 0x0c, 0x10, 0xff, 0x08, 0x08, 0x08, 0xff, 0x08, 0x0c, 0x08, 0xff,
    0x08, 0x0c, 0x08, 0xff, 0x08, 0x0c, 0x08, 0xff, 0x08, 0x08, 0x08, 0xff,
    0x10, 0x08, 0x10, 0xff, 0x08, 0x0c, 0x08, 0xff, 0x10, 0x0c, 0x10, 0xff,
    0x08, 0x08, 0x08, 0xff, 0x08, 0x08, 0x08, 0xff, 0x08, 0x0c, 0x08, 0xff,
    0x08, 0x0c, 0x08, 0xff, 0x10, 0x0c, 0x10, 0xff, 0x08, 0x08, 0x08, 0xff,
    0x08, 0x0c, 0x08, 0xff, 0x10, 0x08, 0x10, 0xff, 0x08, 0x08, 0x08, 0xff,
    0x10, 0x0c, 0x10, 0xff, 0x08, 0x08, 0x08, 0xff, 0x10, 0x08, 0x10, 0xff,
    0x10, 0x0c, 0x10, 0xff, 0x08, 0x08, 0x08, 0xff, 0x10, 0x08, 0x10, 0xff,
    0x08, 0x0c, 0x08, 0xff, 0x08, 0x08, 0x08, 0xff, 0x38, 0x34, 0x38, 0xff,
    0x38, 0x34, 0x38, 0xff, 0x30, 0x34, 0x30, 0xff, 0x38, 0x30, 0x38, 0xff,
    0x00, 0x00, 0x00, 0x00, 0x00, 0x00, 0x00, 0x00, 0x00, 0x00, 0x00, 0x00,
    0x00, 0x00, 0x00, 0x00, 0x00, 0x00, 0x00, 0x00, 0x00, 0x00, 0x00, 0x00,
    0x00, 0x00, 0x00, 0x00, 0x00, 0x00, 0x00, 0x00, 0x00, 0x00, 0x00, 0x00,
    0x00, 0x00, 0x00, 0x00, 0x00, 0x00, 0x00, 0x00, 0x00, 0x00, 0x00, 0x00,
    0x00, 0x00, 0x00, 0x00, 0x00, 0x00, 0x00, 0x00, 0x00, 0x00, 0x00, 0x00,
    0x00, 0x00, 0x00, 0x00, 0x38, 0x34, 0x38, 0xff, 0x30, 0x30, 0x30, 0xff,
    0x30, 0x34, 0x30, 0xff, 0x38, 0x34, 0x38, 0xff, 0x08, 0x08, 0x08, 0xff,
    0x08, 0x08, 0x08, 0xff, 0x10, 0x0c, 0x10, 0xff, 0x08, 0x08, 0x08, 0xff,
    0x10, 0x08, 0x10, 0xff, 0x08, 0x0c, 0x08, 0xff, 0x08, 0x08, 0x08, 0xff,
    0x10, 0x0c, 0x10, 0xff, 0x08, 0x0c, 0x08, 0xff, 0x08, 0x08, 0x08, 0xff,
    0x08, 0x0c, 0x08, 0xff, 0x10, 0x08, 0x10, 0xff, 0x08, 0x08, 0x08, 0xff,
    0x08, 0x0c, 0x08, 0xff, 0x08, 0x08, 0x08, 0xff, 0x08, 0x0c, 0x08, 0xff,
    0x10, 0x0c, 0x10, 0xff, 0x08, 0x08, 0x08, 0xff, 0x08, 0x0c, 0x08, 0xff,
    0x10, 0x0c, 0x10, 0xff, 0x08, 0x08, 0x08, 0xff, 0x08, 0x0c, 0x08, 0xff,
    0x08, 0x08, 0x08, 0xff, 0x10, 0x08, 0x10, 0xff, 0x08, 0x0c, 0x08, 0xff,
    0x08, 0x08, 0x08, 0xff, 0x08, 0x08, 0x08, 0xff, 0x10, 0x0c, 0x10, 0xff,
    0x08, 0x08, 0x08, 0xff, 0x08, 0x0c, 0x08, 0xff, 0x10, 0x08, 0x10, 0xff,
    0x08, 0x0c, 0x08, 0xff, 0x08, 0x08, 0x08, 0xff, 0x10, 0x08, 0x10, 0xff,
    0x08, 0x0c, 0x08, 0xff, 0x08, 0x0c, 0x08, 0xff, 0x08, 0x08, 0x08, 0xff,
    0x08, 0x08, 0x08, 0xff, 0x08, 0x0c, 0x08, 0xff, 0x10, 0x0c, 0x10, 0xff,
    0x08, 0x08, 0x08, 0xff, 0x08, 0x08, 0x08, 0xff, 0x10, 0x0c, 0x10, 0xff,
    0x08, 0x08, 0x08, 0xff, 0x08, 0x0c, 0x08, 0xff, 0x08, 0x0c, 0x08, 0xff,
    0x08, 0x08, 0x08, 0xff, 0x10, 0x0c, 0x10, 0xff, 0x08, 0x0c, 0x08, 0xff,
    0x08, 0x08, 0x08, 0xff, 0x08, 0x0c, 0x08, 0xff, 0x08, 0x0c, 0x08, 0xff,
    0x08, 0x08, 0x08, 0xff, 0x10, 0x0c, 0x10, 0xff, 0x08, 0x08, 0x08, 0xff,
    0x08, 0x08, 0x08, 0xff, 0x30, 0x34, 0x30, 0xff, 0x30, 0x34, 0x30, 0xff,
    0x38, 0x34, 0x38, 0xff, 0x30, 0x34, 0x30, 0xff, 0x00, 0x00, 0x00, 0x00,
    0x00, 0x00, 0x00, 0x00, 0x00, 0x00, 0x00, 0x00, 0x00, 0x00, 0x00, 0x00,
    0x00, 0x00, 0x00, 0x00, 0x00, 0x00, 0x00, 0x00, 0x00, 0x00, 0x00, 0x00,
    0x00, 0x00, 0x00, 0x00, 0x00, 0x00, 0x00, 0x00, 0x00, 0x00, 0x00, 0x00,
    0x00, 0x00, 0x00, 0x00, 0x00, 0x00, 0x00, 0x00, 0x00, 0x00, 0x00, 0x00,
    0x00, 0x00, 0x00, 0x00, 0x00, 0x00, 0x00, 0x00, 0x00, 0x00, 0x00, 0x00,
    0x30, 0x34, 0x30, 0xff, 0x38, 0x30, 0x38, 0xff, 0x30, 0x34, 0x30, 0xff,
    0x30, 0x34, 0x30, 0xff, 0x08, 0x08, 0x08, 0xff, 0x08, 0x0c, 0x08, 0xff,
    0x08, 0x0c, 0x08, 0xff, 0x08, 0x08, 0x08, 0xff, 0x10, 0x0c, 0x10, 0xff,
    0x08, 0x08, 0x08, 0xff, 0x08, 0x08, 0x08, 0xff, 0x10, 0x0c, 0x10, 0xff,
    0x08, 0x08, 0x08, 0xff, 0x08, 0x08, 0x08, 0xff, 0x08, 0x0c, 0x08, 0xff,
    0x08, 0x0c, 0x08, 0xff, 0x10, 0x08, 0x10, 0xff, 0x08, 0x0c, 0x08, 0xff,
    0x08, 0x08, 0x08, 0xff, 0x10, 0x08, 0x10, 0xff, 0x08, 0x0c, 0x08, 0xff,
    0x08, 0x08, 0x08, 0xff, 0x08, 0x08, 0x08, 0xff, 0x08, 0x0c, 0x08, 0xff,
    0x08, 0x08, 0x08, 0xff, 0x10, 0x0c, 0x10, 0xff, 0x08, 0x0c, 0x08, 0xff,
    0x08, 0x08, 0x08, 0xff, 0x08, 0x0c, 0x08, 0xff, 0x08, 0x0c, 0x08, 0xff,
    0x10, 0x08, 0x10, 0xff, 0x08, 0x08, 0x08, 0xff, 0x08, 0x0c, 0x08, 0xff,
    0x08, 0x08, 0x08, 0xff, 0x08, 0x0c, 0x08, 0xff, 0x08, 0x08, 0x08, 0xff,
    0x08, 0x0c, 0x08, 0xff, 0x10, 0x08, 0x10, 0xff, 0x08, 0x08, 0x08, 0xff,
    0x08, 0x0c, 0x08, 0xff, 0x10, 0x0c, 0x10, 0xff, 0x08, 0x08, 0x08, 0xff,
    0x08, 0x08, 0x08, 0xff, 0x10, 0x0c, 0x10, 0xff, 0x08, 0x0c, 0x08, 0xff,
    0x08, 0x08, 0x08, 0xff, 0x08, 0x08, 0x08, 0xff, 0x08, 0x08, 0x08, 0xff,
    0x10, 0x0c, 0x10, 0xff, 0x08, 0x08, 0x08, 0xff, 0x08, 0x08, 0x08, 0xff,
    0x08, 0x0c, 0x08, 0xff, 0x08, 0x08, 0x08, 0xff, 0x08, 0x08, 0x08, 0xff,
    0x08, 0x0c, 0x08, 0xff, 0x08, 0x08, 0x08, 0xff, 0x08, 0x0c, 0x08, 0xff,
    0x08, 0x0c, 0x08, 0xff, 0x10, 0x08, 0x10, 0xff, 0x08, 0x0c, 0x08, 0xff,
    0x38, 0x34, 0x38, 0xff, 0x30, 0x30, 0x30, 0xff, 0x30, 0x34, 0x30, 0xff,
    0x38, 0x34, 0x38, 0xff, 0x00, 0x00, 0x00, 0x00, 0x00, 0x00, 0x00, 0x00,
    0x00, 0x00, 0x00, 0x00, 0x00, 0x00, 0x00, 0x00, 0x00, 0x00, 0x00, 0x00,
    0x00, 0x00, 0x00, 0x00, 0x00, 0x00, 0x00, 0x00, 0x00, 0x00, 0x00, 0x00,
    0x00, 0x00, 0x00, 0x00, 0x00, 0x00, 0x00, 0x00, 0x00, 0x00, 0x00, 0x00,
    0x00, 0x00, 0x00, 0x00, 0x00, 0x00, 0x00, 0x00, 0x00, 0x00, 0x00, 0x00,
    0x00, 0x00, 0x00, 0x00, 0x00, 0x00, 0x00, 0x00, 0x30, 0x34, 0x30, 0xff,
    0x38, 0x34, 0x38, 0xff, 0x38, 0x34, 0x38, 0xff, 0x30, 0x34, 0x30, 0xff,
    0x10, 0x08, 0x10, 0xff, 0x08, 0x08, 0x08, 0xff, 0x08, 0x0c, 0x08, 0xff,
    0x08, 0x08, 0x08, 0xff, 0x08, 0x0c, 0x08, 0xff, 0x08, 0x0c, 0x08, 0xff,
    0x08, 0x08, 0x08, 0xff, 0x08, 0x0c, 0x08, 0xff, 0x10, 0x08, 0x10, 0xff,
    0x08, 0x0c, 0x08, 0xff, 0x08, 0x08, 0x08, 0xff, 0x08, 0x0c, 0x08, 0xff,
    0x08, 0x0c, 0x08, 0xff, 0x10, 0x08, 0x10, 0xff, 0x08, 0x0c, 0x08, 0xff,
    0x08, 0x08, 0x08, 0xff, 0x08, 0x0c, 0x08, 0xff, 0x10, 0x0c, 0x10, 0xff,
    0x08, 0x08, 0x08, 0xff, 0x08, 0x0c, 0x08, 0xff, 0x10, 0x08, 0x10, 0xff,
    0x08, 0x08, 0x08, 0xff, 0x08, 0x0c, 0x08, 0xff, 0x10, 0x08, 0x10, 0xff,
    0x08, 0x08, 0x08, 0xff, 0x08, 0x0c, 0x08, 0xff, 0x08, 0x0c, 0x08, 0xff,
    0x08, 0x08, 0x08, 0xff, 0x10, 0x0c, 0x10, 0xff, 0x08, 0x0c, 0x08, 0xff,
    0x08, 0x08, 0x08, 0xff, 0x10, 0x0c, 0x10, 0xff, 0x08, 0x0c, 0x08, 0xff,
    0x08, 0x08, 0x08, 0xff, 0x08, 0x0c, 0x08, 0xff, 0x08, 0x08, 0x08, 0xff,
    0x10, 0x0c, 0x10, 0xff, 0x08, 0x0c, 0x08, 0xff, 0x08, 0x08, 0x08, 0xff,
    0x08, 0x08, 0x08, 0xff, 0x10, 0x0c, 0x10, 0xff, 0x08, 0x0c, 0x08, 0xff,
    0x08, 0x0c, 0x08, 0xff, 0x10, 0x08, 0x10, 0xff, 0x08, 0x0c, 0x08, 0xff,
    0x08, 0x08, 0x08, 0xff, 0x10, 0x0c, 0x10, 0xff, 0x08, 0x0c, 0x08, 0xff,
    0x10, 0x08, 0x10, 0xff, 0x10, 0x0c, 0x10, 0xff, 0x08, 0x08, 0x08, 0xff,
    0x10, 0x08, 0x10, 0xff, 0x08, 0x0c, 0x08, 0xff, 0x08, 0x08, 0x08, 0xff,
    0x08, 0x08, 0x08, 0xff, 0x08, 0x0c, 0x08, 0xff, 0x38, 0x34, 0x38, 0xff,
    0x30, 0x34, 0x30, 0xff, 0x30, 0x30, 0x30, 0xff, 0x38, 0x34, 0x38, 0xff,
    0x00, 0x00, 0x00, 0x00, 0x00, 0x00, 0x00, 0x00, 0x00, 0x00, 0x00, 0x00,
    0x00, 0x00, 0x00, 0x00, 0x00, 0x00, 0x00, 0x00, 0x00, 0x00, 0x00, 0x00,
    0x00, 0x00, 0x00, 0x00, 0x00, 0x00, 0x00, 0x00, 0x00, 0x00, 0x00, 0x00,
    0x00, 0x00, 0x00, 0x00, 0x00, 0x00, 0x00, 0x00, 0x00, 0x00, 0x00, 0x00,
    0x00, 0x00, 0x00, 0x00, 0x00, 0x00, 0x00, 0x00, 0x00, 0x00, 0x00, 0x00,
    0x00, 0x00, 0x00, 0x00, 0x30, 0x30, 0x30, 0xff, 0x30, 0x34, 0x30, 0xff,
    0x30, 0x34, 0x30, 0xff, 0x38, 0x34, 0x38, 0xff, 0x08, 0x08, 0x08, 0xff,
    0x08, 0x0c, 0x08, 0xff, 0x10, 0x08, 0x10, 0xff, 0x10, 0x08, 0x10, 0xff,
    0x08, 0x0c, 0x08, 0xff, 0x10, 0x08, 0x10, 0xff, 0x08, 0x0c, 0x08, 0xff,
    0x08, 0x08, 0x08, 0xff, 0x10, 0x0c, 0x10, 0xff, 0x08, 0x0c, 0x08, 0xff,
    0x10, 0x08, 0x10, 0xff, 0x08, 0x08, 0x08, 0xff, 0x08, 0x0c, 0x08, 0xff,
    0x08, 0x08, 0x08, 0xff, 0x08, 0x0c, 0x08, 0xff, 0x08, 0x0c, 0x08, 0xff,
    0x10, 0x08, 0x10, 0xff, 0x08, 0x08, 0x08, 0xff, 0x08, 0x0c, 0x08, 0xff,
    0x10, 0x0c, 0x10, 0xff, 0x08, 0x08, 0x08, 0xff, 0x08, 0x0c, 0x08, 0xff,
    0x08, 0x0c, 0x08, 0xff, 0x10, 0x08, 0x10, 0xff, 0x08, 0x08, 0x08, 0xff,
    0x08, 0x0c, 0x08, 0xff, 0x10, 0x08, 0x10, 0xff, 0x08, 0x0c, 0x08, 0xff,
    0x08, 0x08, 0x08, 0xff, 0x10, 0x08, 0x10, 0xff, 0x08, 0x08, 0x08, 0xff,
    0x08, 0x0c, 0x08, 0xff, 0x10, 0x08, 0x10, 0xff, 0x08, 0x0c, 0x08, 0xff,
    0x08, 0x08, 0x08, 0xff, 0x10, 0x08, 0x10, 0xff, 0x08, 0x0c, 0x08, 0xff,
    0x08, 0x08, 0x08, 0xff, 0x08, 0x0c, 0x08, 0xff, 0x08, 0x08, 0x08, 0xff,
    0x08, 0x08, 0x08, 0xff, 0x10, 0x0c, 0x10, 0xff, 0x08, 0x08, 0x08, 0xff,
    0x08, 0x0c, 0x08, 0xff, 0x08, 0x08, 0x08, 0xff, 0x08, 0x0c, 0x08, 0xff,
    0x08, 0x08, 0x08, 0xff, 0x08, 0x08, 0x08, 0xff, 0x08, 0x0c, 0x08, 0xff,
    0x08, 0x0c, 0x08, 0xff, 0x08, 0x08, 0x08, 0xff, 0x10, 0x0c, 0x10, 0xff,
    0x08, 0x0c, 0x08, 0xff, 0x08, 0x08, 0x08, 0xff, 0x10, 0x0c, 0x10, 0xff,
    0x08, 0x08, 0x08, 0xff, 0x30, 0x34, 0x30, 0xff, 0x38, 0x34, 0x38, 0xff,
    0x30, 0x34, 0x30, 0xff, 0x30, 0x30, 0x30, 0xff, 0x00, 0x00, 0x00, 0x00,
    0x00, 0x00, 0x00, 0x00, 0x00, 0x00, 0x00, 0x00, 0x00, 0x00, 0x00, 0x00,
    0x00, 0x00, 0x00, 0x00, 0x00, 0x00, 0x00, 0x00, 0x00, 0x00, 0x00, 0x00,
    0x00, 0x00, 0x00, 0x00, 0x00, 0x00, 0x00, 0x00, 0x00, 0x00, 0x00, 0x00,
    0x00, 0x00, 0x00, 0x00, 0x00, 0x00, 0x00, 0x00, 0x00, 0x00, 0x00, 0x00,
    0x00, 0x00, 0x00, 0x00, 0x00, 0x00, 0x00, 0x00, 0x00, 0x00, 0x00, 0x00,
    0x38, 0x34, 0x38, 0xff, 0x30, 0x30, 0x30, 0xff, 0x30, 0x34, 0x30, 0xff,
    0x38, 0x34, 0x38, 0xff, 0x08, 0x08, 0x08, 0xff, 0x08, 0x0c, 0x08, 0xff,
    0x08, 0x0c, 0x08, 0xff, 0x08, 0x08, 0x08, 0xff, 0x08, 0x0c, 0x08, 0xff,
    0x08, 0x08, 0x08, 0xff, 0x10, 0x08, 0x10, 0xff, 0x08, 0x0c, 0x08, 0xff,
    0x08, 0x08, 0x08, 0xff, 0x08, 0x08, 0x08, 0xff, 0x08, 0x0c, 0x08, 0xff,
    0x10, 0x08, 0x10, 0xff, 0x08, 0x08, 0x08, 0xff, 0x10, 0x0c, 0x10, 0xff,
    0x08, 0x08, 0x08, 0xff, 0x08, 0x08, 0x08, 0xff, 0x08, 0x0c, 0x08, 0xff,
    0x08, 0x08, 0x08, 0xff, 0x08, 0x0c, 0x08, 0xff, 0x08, 0x08, 0x08, 0xff,
    0x08, 0x08, 0x08, 0xff, 0x08, 0x0c, 0x08, 0xff, 0x08, 0x0c, 0x08, 0xff,
    0x08, 0x08, 0x08, 0xff, 0x08, 0x0c, 0x08, 0xff, 0x10, 0x0c, 0x10, 0xff,
    0x08, 0x08, 0x08, 0xff, 0x08, 0x0c, 0x08, 0xff, 0x08, 0x0c, 0x08, 0xff,
    0x08, 0x08, 0x08, 0xff, 0x08, 0x0c, 0x08, 0xff, 0x08, 0x08, 0x08, 0xff,
    0x10, 0x08, 0x10, 0xff, 0x08, 0x0c, 0x08, 0xff, 0x08, 0x0c, 0x08, 0xff,
    0x08, 0x08, 0x08, 0xff, 0x08, 0x08, 0x08, 0xff, 0x10, 0x0c, 0x10, 0xff,
    0x10, 0x0c, 0x10, 0xff, 0x08, 0x08, 0x08, 0xff, 0x08, 0x0c, 0x08, 0xff,
    0x08, 0x08, 0x08, 0xff, 0x10, 0x08, 0x10, 0xff, 0x08, 0x0c, 0x08, 0xff,
    0x10, 0x0c, 0x10, 0xff, 0x08, 0x08, 0x08, 0xff, 0x10, 0x0c, 0x10, 0xff,
    0x08, 0x08, 0x08, 0xff, 0x08, 0x0c, 0x08, 0xff, 0x08, 0x08, 0x08, 0xff,
    0x08, 0x08, 0x08, 0xff, 0x08, 0x0c, 0x08, 0xff, 0x08, 0x08, 0x08, 0xff,
    0x10, 0x0c, 0x10, 0xff, 0x08, 0x08, 0x08, 0xff, 0x08, 0x08, 0x08, 0xff,
    0x38, 0x34, 0x38, 0xff, 0x30, 0x34, 0x30, 0xff, 0x38, 0x34, 0x38, 0xff,
    0x30, 0x34, 0x30, 0xff, 0x00, 0x00, 0x00, 0x00, 0x00, 0x00, 0x00, 0x00,
    0x00, 0x00, 0x00, 0x00, 0x00, 0x00, 0x00, 0x00, 0x00, 0x00, 0x00, 0x00,
    0x00, 0x00, 0x00, 0x00, 0x00, 0x00, 0x00, 0x00, 0x00, 0x00, 0x00, 0x00,
    0x00, 0x00, 0x00, 0x00, 0x00, 0x00, 0x00, 0x00, 0x00, 0x00, 0x00, 0x00,
    0x00, 0x00, 0x00, 0x00, 0x00, 0x00, 0x00, 0x00, 0x00, 0x00, 0x00, 0x00,
    0x00, 0x00, 0x00, 0x00, 0x00, 0x00, 0x00, 0x00, 0x30, 0x34, 0x30, 0xff,
    0x38, 0x34, 0x38, 0xff, 0x30, 0x34, 0x30, 0xff, 0x30, 0x34, 0x30, 0xff,
    0x08, 0x08, 0x08, 0xff, 0x10, 0x08, 0x10, 0xff, 0x08, 0x0c, 0x08, 0xff,
    0x08, 0x0c, 0x08, 0xff, 0x08, 0x08, 0x08, 0xff, 0x08, 0x0c, 0x08, 0xff,
    0x08, 0x0c, 0x08, 0xff, 0x08, 0x08, 0x08, 0xff, 0x08, 0x0c, 0x08, 0xff,
    0x10, 0x0c, 0x10, 0xff, 0x08, 0x08, 0x08, 0xff, 0x08, 0x0c, 0x08, 0xff,
    0x08, 0x0c, 0x08, 0xff, 0x10, 0x08, 0x10, 0xff, 0x08, 0x0c, 0x08, 0xff,
    0x08, 0x0c, 0x08, 0xff, 0x10, 0x08, 0x10, 0xff, 0x08, 0x0c, 0x08, 0xff,
    0x10, 0x08, 0x10, 0xff, 0x08, 0x0c, 0x08, 0xff, 0x10, 0x08, 0x10, 0xff,
    0x10, 0x08, 0x10, 0xff, 0x08, 0x0c, 0x08, 0xff, 0x08, 0x08, 0x08, 0xff,
    0x10, 0x0c, 0x10, 0xff, 0x08, 0x08, 0x08, 0xff, 0x08, 0x08, 0x08, 0xff,
    0x10, 0x0c, 0x10, 0xff, 0x08, 0x08, 0x08, 0xff, 0x10, 0x0c, 0x10, 0xff,
    0x08, 0x0c, 0x08, 0xff, 0x08, 0x08, 0x08, 0xff, 0x08, 0x0c, 0x08, 0xff,
    0x10, 0x0c, 0x10, 0xff, 0x08, 0x08, 0x08, 0xff, 0x08, 0x0c, 0x08, 0xff,
    0x08, 0x0c, 0x08, 0xff, 0x08, 0x08, 0x08, 0xff, 0x08, 0x08, 0x08, 0xff,
    0x10, 0x0c, 0x10, 0xff, 0x08, 0x0c, 0x08, 0xff, 0x08, 0x08, 0x08, 0xff,
    0x08, 0x0c, 0x08, 0xff, 0x08, 0x08, 0x08, 0xff, 0x08, 0x08, 0x08, 0xff,
    0x10, 0x0c, 0x10, 0xff, 0x08, 0x0c, 0x08, 0xff, 0x08, 0x08, 0x08, 0xff,
    0x10, 0x0c, 0x10, 0xff, 0x10, 0x08, 0x10, 0xff, 0x08, 0x0c, 0x08, 0xff,
    0x08, 0x08, 0x08, 0xff, 0x10, 0x0c, 0x10, 0xff, 0x08, 0x08, 0x08, 0xff,
    0x08, 0x0c, 0x08, 0xff, 0x08, 0x0c, 0x08, 0xff, 0x38, 0x34, 0x38, 0xff,
    0x30, 0x30, 0x30, 0xff, 0x30, 0x34, 0x30, 0xff, 0x38, 0x34, 0x38, 0xff,
    0x00, 0x00, 0x00, 0x00, 0x00, 0x00, 0x00, 0x00, 0x00, 0x00, 0x00, 0x00,
    0x00, 0x00, 0x00, 0x00, 0x00, 0x00, 0x00, 0x00, 0x00, 0x00, 0x00, 0x00,
    0x00, 0x00, 0x00, 0x00, 0x00, 0x00, 0x00, 0x00, 0x00, 0x00, 0x00, 0x00,
    0x00, 0x00, 0x00, 0x00, 0x00, 0x00, 0x00, 0x00, 0x00, 0x00, 0x00, 0x00,
    0x00, 0x00, 0x00, 0x00, 0x00, 0x00, 0x00, 0x00, 0x00, 0x00, 0x00, 0x00,
    0x00, 0x00, 0x00, 0x00, 0x30, 0x34, 0x30, 0xff, 0x38, 0x30, 0x38, 0xff,
    0x38, 0x34, 0x38, 0xff, 0x30, 0x34, 0x30, 0xff, 0x08, 0x08, 0x08, 0xff,
    0x10, 0x08, 0x10, 0xff, 0x08, 0x0c, 0x08, 0xff, 0x10, 0x08, 0x10, 0xff,
    0x10, 0x08, 0x10, 0xff, 0x08, 0x0c, 0x08, 0xff, 0x10, 0x08, 0x10, 0xff,
    0x08, 0x08, 0x08, 0xff, 0x08, 0x0c, 0x08, 0xff, 0x10, 0x08, 0x10, 0xff,
    0x08, 0x0c, 0x08, 0xff, 0x08, 0x08, 0x08, 0xff, 0x08, 0x0c, 0x08, 0xff,
    0x08, 0x08, 0x08, 0xff, 0x08, 0x08, 0x08, 0xff, 0x10, 0x0c, 0x10, 0xff,
    0x08, 0x08, 0x08, 0xff, 0x08, 0x0c, 0x08, 0xff, 0x08, 0x0c, 0x08, 0xff,
    0x08, 0x08, 0x08, 0xff, 0x08, 0x0c, 0x08, 0xff, 0x08, 0x0c, 0x08, 0xff,
    0x08, 0x08, 0x08, 0xff, 0x10, 0x0c, 0x10, 0xff, 0x08, 0x08, 0x08, 0xff,
    0x08, 0x0c, 0x08, 0xff, 0x08, 0x08, 0x08, 0xff, 0x08, 0x08, 0x08, 0xff,
    0x10, 0x0c, 0x10, 0xff, 0x08, 0x08, 0x08, 0xff, 0x08, 0x08, 0x08, 0xff,
    0x10, 0x0c, 0x10, 0xff, 0x08, 0x08, 0x08, 0xff, 0x08, 0x08, 0x08, 0xff,
    0x10, 0x0c, 0x10, 0xff, 0x08, 0x08, 0x08, 0xff, 0x10, 0x0c, 0x10, 0xff,
    0x08, 0x08, 0x08, 0xff, 0x08, 0x08, 0x08, 0xff, 0x08, 0x0c, 0x08, 0xff,
    0x10, 0x08, 0x10, 0xff, 0x08, 0x0c, 0x08, 0xff, 0x08, 0x0c, 0x08, 0xff,
    0x10, 0x08, 0x10, 0xff, 0x08, 0x08, 0x08, 0xff, 0x08, 0x0c, 0x08, 0xff,
    0x08, 0x08, 0x08, 0xff, 0x08, 0x08, 0x08, 0xff, 0x08, 0x0c, 0x08, 0xff,
    0x08, 0x0c, 0x08, 0xff, 0x10, 0x08, 0x10, 0xff, 0x08, 0x0c, 0x08, 0xff,
    0x08, 0x08, 0x08, 0xff, 0x08, 0x0c, 0x08, 0xff, 0x08, 0x08, 0x08, 0xff,
    0x08, 0x08, 0x08, 0xff, 0x38, 0x34, 0x38, 0xff, 0x30, 0x34, 0x30, 0xff,
    0x30, 0x30, 0x30, 0xff, 0x38, 0x34, 0x38, 0xff, 0x00, 0x00, 0x00, 0x00,
    0x00, 0x00, 0x00, 0x00, 0x00, 0x00, 0x00, 0x00, 0x00, 0x00, 0x00, 0x00,
    0x00, 0x00, 0x00, 0x00, 0x00, 0x00, 0x00, 0x00, 0x00, 0x00, 0x00, 0x00,
    0x00, 0x00, 0x00, 0x00, 0x00, 0x00, 0x00, 0x00, 0x00, 0x00, 0x00, 0x00,
    0x00, 0x00, 0x00, 0x00, 0x00, 0x00, 0x00, 0x00, 0x00, 0x00, 0x00, 0x00,
    0x00, 0x00, 0x00, 0x00, 0x00, 0x00, 0x00, 0x00, 0x00, 0x00, 0x00, 0x00,
    0x30, 0x34, 0x30, 0xff, 0x30, 0x30, 0x30, 0xff, 0x38, 0x34, 0x38, 0xff,
    0x30, 0x34, 0x30, 0xff, 0x08, 0x08, 0x08, 0xff, 0x08, 0x0c, 0x08, 0xff,
    0x08, 0x0c, 0x08, 0xff, 0x08, 0x08, 0x08, 0xff, 0x08, 0x0c, 0x08, 0xff,
    0x08, 0x0c, 0x08, 0xff, 0x10, 0x08, 0x10, 0xff, 0x08, 0x0c, 0x08, 0xff,
    0x08, 0x08, 0x08, 0xff, 0x08, 0x0c, 0x08, 0xff, 0x10, 0x08, 0x10, 0xff,
    0x08, 0x0c, 0x08, 0xff, 0x10, 0x08, 0x10, 0xff, 0x08, 0x0c, 0x08, 0xff,
    0x08, 0x0c, 0x08, 0xff, 0x08, 0x08, 0x08, 0xff, 0x10, 0x08, 0x10, 0xff,
    0x08, 0x0c, 0x08, 0xff, 0x08, 0x08, 0x08, 0xff, 0x10, 0x08, 0x10, 0xff,
    0x08, 0x0c, 0x08, 0xff, 0x08, 0x08, 0x08, 0xff, 0x08, 0x08, 0x08, 0xff,
    0x08, 0x0c, 0x08, 0xff, 0x08, 0x0c, 0x08, 0xff, 0x10, 0x08, 0x10, 0xff,
    0x08, 0x0c, 0x08, 0xff, 0x08, 0x0c, 0x08, 0xff, 0x08, 0x08, 0x08, 0xff,
    0x08, 0x0c, 0x08, 0xff, 0x08, 0x0c, 0x08, 0xff, 0x10, 0x08, 0x10, 0xff,
    0x08, 0x0c, 0x08, 0xff, 0x08, 0x08, 0x08, 0xff, 0x08, 0x0c, 0x08, 0xff,
    0x08, 0x08, 0x08, 0xff, 0x08, 0x0c, 0x08, 0xff, 0x10, 0x0c, 0x10, 0xff,
    0x08, 0x0c, 0x08, 0xff, 0x08, 0x08, 0x08, 0xff, 0x08, 0x08, 0x08, 0xff,
    0x10, 0x0c, 0x10, 0xff, 0x08, 0x08, 0x08, 0xff, 0x08, 0x0c, 0x08, 0xff,
    0x08, 0x0c, 0x08, 0xff, 0x10, 0x08, 0x10, 0xff, 0x08, 0x0c, 0x08, 0xff,
    0x08, 0x08, 0x08, 0xff, 0x10, 0x0c, 0x10, 0xff, 0x08, 0x08, 0x08, 0xff,
    0x08, 0x08, 0x08, 0xff, 0x08, 0x0c, 0x08, 0xff, 0x10, 0x0c, 0x10, 0xff,
    0x08, 0x08, 0x08, 0xff, 0x08, 0x0c, 0x08, 0xff, 0x10, 0x08, 0x10, 0xff,
    0x30, 0x34, 0x30, 0xff, 0x38, 0x34, 0x38, 0xff, 0x30, 0x34, 0x30, 0xff,
    0x30, 0x30, 0x30, 0xff, 0x00, 0x00, 0x00, 0x00, 0x00, 0x00, 0x00, 0x00,
    0x00, 0x00, 0x00, 0x00, 0x00, 0x00, 0x00, 0x00, 0x00, 0x00, 0x00, 0x00,
    0x00, 0x00, 0x00, 0x00, 0x00, 0x00, 0x00, 0x00, 0x00, 0x00, 0x00, 0x00,
    0x00, 0x00, 0x00, 0x00, 0x00, 0x00, 0x00, 0x00, 0x00, 0x00, 0x00, 0x00,
    0x00, 0x00, 0x00, 0x00, 0x00, 0x00, 0x00, 0x00, 0x00, 0x00, 0x00, 0x00,
    0x00, 0x00, 0x00, 0x00, 0x00, 0x00, 0x00, 0x00, 0x30, 0x34, 0x30, 0xff,
    0x30, 0x34, 0x30, 0xff, 0x38, 0x34, 0x38, 0xff, 0x30, 0x34, 0x30, 0xff,
    0x08, 0x08, 0x08, 0xff, 0x10, 0x08, 0x10, 0xff, 0x08, 0x0c, 0x08, 0xff,
    0x08, 0x08, 0x08, 0xff, 0x08, 0x08, 0x08, 0xff, 0x08, 0x0c, 0x08, 0xff,
    0x08, 0x0c, 0x08, 0xff, 0x10, 0x08, 0x10, 0xff, 0x08, 0x0c, 0x08, 0xff,
    0x08, 0x08, 0x08, 0xff, 0x08, 0x0c, 0x08, 0xff, 0x08, 0x08, 0x08, 0xff,
    0x08, 0x08, 0x08, 0xff, 0x10, 0x0c, 0x10, 0xff, 0x08, 0x0c, 0x08, 0xff,
    0x08, 0x08, 0x08, 0xff, 0x08, 0x0c, 0x08, 0xff, 0x10, 0x08, 0x10, 0xff,
    0x08, 0x0c, 0x08, 0xff, 0x08, 0x0c, 0x08, 0xff, 0x10, 0x08, 0x10, 0xff,
    0x08, 0x0c, 0x08, 0xff, 0x10, 0x08, 0x10, 0xff, 0x08, 0x08, 0x08, 0xff,
    0x08, 0x0c, 0x08, 0xff, 0x10, 0x08, 0x10, 0xff, 0x08, 0x0c, 0x08, 0xff,
    0x08, 0x08, 0x08, 0xff, 0x10, 0x08, 0x10, 0xff, 0x08, 0x0c, 0x08, 0xff,
    0x08, 0x08, 0x08, 0xff, 0x08, 0x0c, 0x08, 0xff, 0x08, 0x0c, 0x08, 0xff,
    0x10, 0x08, 0x10, 0xff, 0x08, 0x08, 0x08, 0xff, 0x08, 0x0c, 0x08, 0xff,
    0x08, 0x08, 0x08, 0xff, 0x08, 0x08, 0x08, 0xff, 0x10, 0x0c, 0x10, 0xff,
    0x08, 0x0c, 0x08, 0xff, 0x08, 0x08, 0x08, 0xff, 0x08, 0x0c, 0x08, 0xff,
    0x10, 0x08, 0x10, 0xff, 0x08, 0x08, 0x08, 0xff, 0x08, 0x0c, 0x08, 0xff,
    0x10, 0x0c, 0x10, 0xff, 0x08, 0x08, 0x08, 0xff, 0x08, 0x0c, 0x08, 0xff,
    0x10, 0x08, 0x10, 0xff, 0x08, 0x0c, 0x08, 0xff, 0x08, 0x08, 0x08, 0xff,
    0x10, 0x0c, 0x10, 0xff, 0x08, 0x08, 0x08, 0xff, 0x08, 0x08, 0x08, 0xff,
    0x10, 0x0c, 0x10, 0xff, 0x08, 0x0c, 0x08, 0xff, 0x30, 0x34, 0x30, 0xff,
    0x38, 0x34, 0x38, 0xff, 0x30, 0x34, 0x30, 0xff, 0x30, 0x34, 0x30, 0xff,
    0x00, 0x00, 0x00, 0x00, 0x00, 0x00, 0x00, 0x00, 0x00, 0x00, 0x00, 0x00,
    0x00, 0x00, 0x00, 0x00, 0x00, 0x00, 0x00, 0x00, 0x00, 0x00, 0x00, 0x00,
    0x00, 0x00, 0x00, 0x00, 0x00, 0x00, 0x00, 0x00, 0x00, 0x00, 0x00, 0x00,
    0x00, 0x00, 0x00, 0x00, 0x00, 0x00, 0x00, 0x00, 0x00, 0x00, 0x00, 0x00,
    0x00, 0x00, 0x00, 0x00, 0x00, 0x00, 0x00, 0x00, 0x00, 0x00, 0x00, 0x00,
    0x00, 0x00, 0x00, 0x00, 0x38, 0x34, 0x38, 0xff, 0x30, 0x30, 0x30, 0xff,
    0x38, 0x34, 0x38, 0xff, 0x30, 0x34, 0x30, 0xff, 0x08, 0x08, 0x08, 0xff,
    0x10, 0x0c, 0x10, 0xff, 0x08, 0x08, 0x08, 0xff, 0x10, 0x0c, 0x10, 0xff,
    0x10, 0x08, 0x10, 0xff, 0x08, 0x08, 0x08, 0xff, 0x08, 0x0c, 0x08, 0xff,
    0x08, 0x08, 0x08, 0xff, 0x10, 0x08, 0x10, 0xff, 0x08, 0x0c, 0x08, 0xff,
    0x08, 0x0c, 0x08, 0xff, 0x10, 0x08, 0x10, 0xff, 0x08, 0x0c, 0x08, 0xff,
    0x08, 0x08, 0x08, 0xff, 0x10, 0x08, 0x10, 0xff, 0x08, 0x0c, 0x08, 0xff,
    0x08, 0x08, 0x08, 0xff, 0x08, 0x0c, 0x08, 0xff, 0x08, 0x08, 0x08, 0xff,
    0x08, 0x08, 0x08, 0xff, 0x08, 0x0c, 0x08, 0xff, 0x10, 0x0c, 0x10, 0xff,
    0x08, 0x0c, 0x08, 0xff, 0x08, 0x08, 0x08, 0xff, 0x08, 0x08, 0x08, 0xff,
    0x08, 0x0c, 0x08, 0xff, 0x08, 0x08, 0x08, 0xff, 0x10, 0x0c, 0x10, 0xff,
    0x08, 0x0c, 0x08, 0xff, 0x08, 0x08, 0x08, 0xff, 0x10, 0x08, 0x10, 0xff,
    0x08, 0x0c, 0x08, 0xff, 0x08, 0x08, 0x08, 0xff, 0x10, 0x0c, 0x10, 0xff,
    0x08, 0x0c, 0x08, 0xff, 0x10, 0x08, 0x10, 0xff, 0x08, 0x0c, 0x08, 0xff,
    0x08, 0x08, 0x08, 0xff, 0x08, 0x08, 0x08, 0xff, 0x10, 0x0c, 0x10, 0xff,
    0x08, 0x08, 0x08, 0xff, 0x08, 0x0c, 0x08, 0xff, 0x08, 0x0c, 0x08, 0xff,
    0x08, 0x08, 0x08, 0xff, 0x08, 0x08, 0x08, 0xff, 0x08, 0x0c, 0x08, 0xff,
    0x08, 0x08, 0x08, 0xff, 0x08, 0x0c, 0x08, 0xff, 0x08, 0x0c, 0x08, 0xff,
    0x08, 0x08, 0x08, 0xff, 0x08, 0x0c, 0x08, 0xff, 0x08, 0x08, 0x08, 0xff,
    0x08, 0x0c, 0x08, 0xff, 0x08, 0x08, 0x08, 0xff, 0x08, 0x08, 0x08, 0xff,
    0x08, 0x08, 0x08, 0xff, 0x38, 0x34, 0x38, 0xff, 0x30, 0x30, 0x30, 0xff,
    0x38, 0x34, 0x38, 0xff, 0x38, 0x34, 0x38, 0xff, 0x00, 0x00, 0x00, 0x00,
    0x00, 0x00, 0x00, 0x00, 0x00, 0x00, 0x00, 0x00, 0x00, 0x00, 0x00, 0x00,
    0x00, 0x00, 0x00, 0x00, 0x00, 0x00, 0x00, 0x00, 0x00, 0x00, 0x00, 0x00,
    0x00, 0x00, 0x00, 0x00, 0x00, 0x00, 0x00, 0x00, 0x00, 0x00, 0x00, 0x00,
    0x00, 0x00, 0x00, 0x00, 0x00, 0x00, 0x00, 0x00, 0x00, 0x00, 0x00, 0x00,
    0x00, 0x00, 0x00, 0x00, 0x00, 0x00, 0x00, 0x00, 0x00, 0x00, 0x00, 0x00,
    0x30, 0x34, 0x30, 0xff, 0x38, 0x30, 0x38, 0xff, 0x30, 0x34, 0x30, 0xff,
    0x30, 0x34, 0x30, 0xff, 0x08, 0x08, 0x08, 0xff, 0x08, 0x0c, 0x08, 0xff,
    0x08, 0x0c, 0x08, 0xff, 0x08, 0x08, 0x08, 0xff, 0x08, 0x0c, 0x08, 0xff,
    0x08, 0x0c, 0x08, 0xff, 0x08, 0x08, 0x08, 0xff, 0x08, 0x0c, 0x08, 0xff,
    0x08, 0x08, 0x08, 0xff, 0x10, 0x0c, 0x10, 0xff, 0x08, 0x08, 0x08, 0xff,
    0x08, 0x0c, 0x08, 0xff, 0x08, 0x0c, 0x08, 0xff, 0x08, 0x08, 0x08, 0xff,
    0x08, 0x0c, 0x08, 0xff, 0x10, 0x08, 0x10, 0xff, 0x08, 0x0c, 0x08, 0xff,
    0x10, 0x0c, 0x10, 0xff, 0x08, 0x08, 0x08, 0xff, 0x08, 0x08, 0x08, 0xff,
    0x10, 0x0c, 0x10, 0xff, 0x08, 0x08, 0x08, 0xff, 0x08, 0x0c, 0x08, 0xff,
    0x10, 0x0c, 0x10, 0xff, 0x08, 0x08, 0x08, 0xff, 0x08, 0x0c, 0x08, 0xff,
    0x10, 0x08, 0x10, 0xff, 0x08, 0x0c, 0x08, 0xff, 0x08, 0x0c, 0x08, 0xff,
    0x08, 0x08, 0x08, 0xff, 0x10, 0x0c, 0x10, 0xff, 0x08, 0x08, 0x08, 0xff,
    0x08, 0x08, 0x08, 0xff, 0x08, 0x0c, 0x08, 0xff, 0x08, 0x08, 0x08, 0xff,
    0x08, 0x0c, 0x08, 0xff, 0x10, 0x0c, 0x10, 0xff, 0x08, 0x08, 0x08, 0xff,
    0x08, 0x0c, 0x08, 0xff, 0x08, 0x08, 0x08, 0xff, 0x10, 0x08, 0x10, 0xff,
    0x08, 0x0c, 0x08, 0xff, 0x08, 0x0c, 0x08, 0xff, 0x10, 0x08, 0x10, 0xff,
    0x08, 0x0c, 0x08, 0xff, 0x10, 0x08, 0x10, 0xff, 0x08, 0x08, 0x08, 0xff,
    0x10, 0x0c, 0x10, 0xff, 0x08, 0x08, 0x08, 0xff, 0x10, 0x08, 0x10, 0xff,
    0x08, 0x0c, 0x08, 0xff, 0x10, 0x0c, 0x10, 0xff, 0x08, 0x08, 0x08, 0xff,
    0x10, 0x0c, 0x10, 0xff, 0x08, 0x0c, 0x08, 0xff, 0x08, 0x08, 0x08, 0xff,
    0x38, 0x34, 0x38, 0xff, 0x30, 0x34, 0x30, 0xff, 0x30, 0x30, 0x30, 0xff,
    0x30, 0x34, 0x30, 0xff, 0x00, 0x00, 0x00, 0x00, 0x00, 0x00, 0x00, 0x00,
    0x00, 0x00, 0x00, 0x00, 0x00, 0x00, 0x00, 0x00, 0x00, 0x00, 0x00, 0x00,
    0x00, 0x00, 0x00, 0x00, 0x00, 0x00, 0x00, 0x00, 0x00, 0x00, 0x00, 0x00,
    0x00, 0x00, 0x00, 0x00, 0x00, 0x00, 0x00, 0x00, 0x00, 0x00, 0x00, 0x00,
    0x00, 0x00, 0x00, 0x00, 0x00, 0x00, 0x00, 0x00, 0x00, 0x00, 0x00, 0x00,
    0x00, 0x00, 0x00, 0x00, 0x00, 0x00, 0x00, 0x00, 0x30, 0x34, 0x30, 0xff,
    0x30, 0x34, 0x30, 0xff, 0x38, 0x34, 0x38, 0xff, 0x38, 0x34, 0x38, 0xff,
    0x08, 0x08, 0x08, 0xff, 0x08, 0x08, 0x08, 0xff, 0x10, 0x0c, 0x10, 0xff,
    0x08, 0x08, 0x08, 0xff, 0x08, 0x0c, 0x08, 0xff, 0x10, 0x08, 0x10, 0xff,
    0x10, 0x0c, 0x10, 0xff, 0x08, 0x0c, 0x08, 0xff, 0x08, 0x08, 0x08, 0xff,
    0x08, 0x08, 0x08, 0xff, 0x10, 0x0c, 0x10, 0xff, 0x08, 0x08, 0x08, 0xff,
    0x08, 0x08, 0x08, 0xff, 0x10, 0x0c, 0x10, 0xff, 0x08, 0x0c, 0x08, 0xff,
    0x08, 0x08, 0x08, 0xff, 0x08, 0x08, 0x08, 0xff, 0x10, 0x0c, 0x10, 0xff,
    0x08, 0x0c, 0x08, 0xff, 0x08, 0x08, 0x08, 0xff, 0x08, 0x0c, 0x08, 0xff,
    0x08, 0x08, 0x08, 0xff, 0x08, 0x08, 0x08, 0xff, 0x10, 0x0c, 0x10, 0xff,
    0x08, 0x0c, 0x08, 0xff, 0x08, 0x08, 0x08, 0xff, 0x08, 0x08, 0x08, 0xff,
    0x08, 0x08, 0x08, 0xff, 0x10, 0x0c, 0x10, 0xff, 0x08, 0x08, 0x08, 0xff,
    0x08, 0x0c, 0x08, 0xff, 0x08, 0x0c, 0x08, 0xff, 0x10, 0x08, 0x10, 0xff,
    0x08, 0x08, 0x08, 0xff, 0x08, 0x0c, 0x08, 0xff, 0x08, 0x08, 0x08, 0xff,
    0x10, 0x08, 0x10, 0xff, 0x08, 0x0c, 0x08, 0xff, 0x08, 0x0c, 0x08, 0xff,
    0x08, 0x08, 0x08, 0xff, 0x10, 0x0c, 0x10, 0xff, 0x08, 0x08, 0x08, 0xff,
    0x08, 0x08, 0x08, 0xff, 0x10, 0x0c, 0x10, 0xff, 0x08, 0x0c, 0x08, 0xff,
    0x08, 0x08, 0x08, 0xff, 0x08, 0x0c, 0x08, 0xff, 0x08, 0x0c, 0x08, 0xff,
    0x10, 0x08, 0x10, 0xff, 0x08, 0x0c, 0x08, 0xff, 0x08, 0x08, 0x08, 0xff,
    0x08, 0x08, 0x08, 0xff, 0x10, 0x0c, 0x10, 0xff, 0x08, 0x0c, 0x08, 0xff,
    0x08, 0x08, 0x08, 0xff, 0x08, 0x0c, 0x08, 0xff, 0x38, 0x34, 0x38, 0xff,
    0x30, 0x34, 0x30, 0xff, 0x30, 0x34, 0x30, 0xff, 0x38, 0x30, 0x38, 0xff,
    0x00, 0x00, 0x00, 0x00, 0x00, 0x00, 0x00, 0x00, 0x00, 0x00, 0x00, 0x00,
    0x00, 0x00, 0x00, 0x00, 0x00, 0x00, 0x00, 0x00, 0x00, 0x00, 0x00, 0x00,
    0x00, 0x00, 0x00, 0x00, 0x00, 0x00, 0x00, 0x00, 0x00, 0x00, 0x00, 0x00,
    0x00, 0x00, 0x00, 0x00, 0x00, 0x00, 0x00, 0x00, 0x00, 0x00, 0x00, 0x00,
    0x00, 0x00, 0x00, 0x00, 0x00, 0x00, 0x00, 0x00, 0x00, 0x00, 0x00, 0x00,
    0x00, 0x00, 0x00, 0x00, 0x38, 0x30, 0x38, 0xff, 0x30, 0x34, 0x30, 0xff,
    0x30, 0x34, 0x30, 0xff, 0x38, 0x34, 0x38, 0xff, 0x08, 0x08, 0x08, 0xff,
    0x08, 0x08, 0x08, 0xff, 0x10, 0x0c, 0x10, 0xff, 0x08, 0x08, 0x08, 0xff,
    0x08, 0x08, 0x08, 0xff, 0x08, 0x0c, 0x08, 0xff, 0x08, 0x08, 0x08, 0xff,
    0x10, 0x08, 0x10, 0xff, 0x08, 0x0c, 0x08, 0xff, 0x08, 0x0c, 0x08, 0xff,
    0x08, 0x08, 0x08, 0xff, 0x10, 0x0c, 0x10, 0xff, 0x08, 0x08, 0x08, 0xff,
    0x08, 0x08, 0x08, 0xff, 0x10, 0x0c, 0x10, 0xff, 0x08, 0x08, 0x08, 0xff,
    0x08, 0x08, 0x08, 0xff, 0x08, 0x0c, 0x08, 0xff, 0x10, 0x08, 0x10, 0xff,
    0x08, 0x0c, 0x08, 0xff, 0x08, 0x08, 0x08, 0xff, 0x10, 0x0c, 0x10, 0xff,
    0x08, 0x08, 0x08, 0xff, 0x08, 0x08, 0x08, 0xff, 0x10, 0x0c, 0x10, 0xff,
    0x08, 0x0c, 0x08, 0xff, 0x08, 0x08, 0x08, 0xff, 0x10, 0x0c, 0x10, 0xff,
    0x08, 0x08, 0x08, 0xff, 0x08, 0x08, 0x08, 0xff, 0x08, 0x0c, 0x08, 0xff,
    0x10, 0x0c, 0x10, 0xff, 0x08, 0x08, 0x08, 0xff, 0x08, 0x0c, 0x08, 0xff,
    0x10, 0x0c, 0x10, 0xff, 0x08, 0x08, 0x08, 0xff, 0x08, 0x08, 0x08, 0xff,
    0x10, 0x0c, 0x10, 0xff, 0x08, 0x08, 0x08, 0xff, 0x08, 0x0c, 0x08, 0xff,
    0x08, 0x0c, 0x08, 0xff, 0x08, 0x08, 0x08, 0xff, 0x08, 0x08, 0x08, 0xff,
    0x08, 0x0c, 0x08, 0xff, 0x08, 0x08, 0x08, 0xff, 0x10, 0x08, 0x10, 0xff,
    0x08, 0x0c, 0x08, 0xff, 0x08, 0x08, 0x08, 0xff, 0x08, 0x0c, 0x08, 0xff,
    0x08, 0x0c, 0x08, 0xff, 0x08, 0x08, 0x08, 0xff, 0x08, 0x08, 0x08, 0xff,
    0x08, 0x0c, 0x08, 0xff, 0x08, 0x08, 0x08, 0xff, 0x08, 0x08, 0x08, 0xff,
    0x10, 0x08, 0x10, 0xff, 0x30, 0x34, 0x30, 0xff, 0x38, 0x34, 0x38, 0xff,
    0x30, 0x34, 0x30, 0xff, 0x30, 0x34, 0x30, 0xff, 0x00, 0x00, 0x00, 0x00,
    0x00, 0x00, 0x00, 0x00, 0x00, 0x00, 0x00, 0x00, 0x00, 0x00, 0x00, 0x00,
    0x00, 0x00, 0x00, 0x00, 0x00, 0x00, 0x00, 0x00, 0x00, 0x00, 0x00, 0x00,
    0x00, 0x00, 0x00, 0x00, 0x00, 0x00, 0x00, 0x00, 0x00, 0x00, 0x00, 0x00,
    0x00, 0x00, 0x00, 0x00, 0x00, 0x00, 0x00, 0x00, 0x00, 0x00, 0x00, 0x00,
    0x00, 0x00, 0x00, 0x00, 0x00, 0x00, 0x00, 0x00, 0x00, 0x00, 0x00, 0x00,
    0x30, 0x34, 0x30, 0xff, 0x38, 0x30, 0x38, 0xff, 0x30, 0x34, 0x30, 0xff,
    0x30, 0x34, 0x30, 0xff, 0x08, 0x08, 0x08, 0xff, 0x08, 0x0c, 0x08, 0xff,
    0x08, 0x0c, 0x08, 0xff, 0x10, 0x08, 0x10, 0xff, 0x08, 0x0c, 0x08, 0xff,
    0x08, 0x0c, 0x08, 0xff, 0x08, 0x08, 0x08, 0xff, 0x08, 0x08, 0x08, 0xff,
    0x10, 0x0c, 0x10, 0xff, 0x08, 0x08, 0x08, 0xff, 0x08, 0x0c, 0x08, 0xff,
    0x08, 0x0c, 0x08, 0xff, 0x08, 0x08, 0x08, 0xff, 0x08, 0x0c, 0x08, 0xff,
    0x08, 0x0c, 0x08, 0xff, 0x10, 0x08, 0x10, 0xff, 0x08, 0x0c, 0x08, 0xff,
    0x08, 0x0c, 0x08, 0xff, 0x08, 0x08, 0x08, 0xff, 0x10, 0x08, 0x10, 0xff,
    0x08, 0x0c, 0x08, 0xff, 0x08, 0x0c, 0x08, 0xff, 0x08, 0x08, 0x08, 0xff,
    0x08, 0x08, 0x08, 0xff, 0x08, 0x0c, 0x08, 0xff, 0x10, 0x08, 0x10, 0xff,
    0x08, 0x0c, 0x08, 0xff, 0x08, 0x0c, 0x08, 0xff, 0x08, 0x08, 0x08, 0xff,
    0x08, 0x0c, 0x08, 0xff, 0x10, 0x08, 0x10, 0xff, 0x08, 0x08, 0x08, 0xff,
    0x08, 0x0c, 0x08, 0xff, 0x08, 0x08, 0x08, 0xff, 0x10, 0x0c, 0x10, 0xff,
    0x08, 0x0c, 0x08, 0xff, 0x08, 0x08, 0x08, 0xff, 0x08, 0x0c, 0x08, 0xff,
    0x10, 0x08, 0x10, 0xff, 0x08, 0x08, 0x08, 0xff, 0x10, 0x0c, 0x10, 0xff,
    0x08, 0x0c, 0x08, 0xff, 0x10, 0x08, 0x10, 0xff, 0x08, 0x0c, 0x08, 0xff,
    0x08, 0x0c, 0x08, 0xff, 0x10, 0x08, 0x10, 0xff, 0x08, 0x0c, 0x08, 0xff,
    0x08, 0x08, 0x08, 0xff, 0x10, 0x08, 0x10, 0xff, 0x08, 0x0c, 0x08, 0xff,
    0x10, 0x0c, 0x10, 0xff, 0x08, 0x08, 0x08, 0xff, 0x10, 0x0c, 0x10, 0xff,
    0x08, 0x0c, 0x08, 0xff, 0x08, 0x08, 0x08, 0xff, 0x08, 0x0c, 0x08, 0xff,
    0x38, 0x34, 0x38, 0xff, 0x30, 0x30, 0x30, 0xff, 0x38, 0x34, 0x38, 0xff,
    0x30, 0x34, 0x30, 0xff, 0x00, 0x00, 0x00, 0x00, 0x00, 0x00, 0x00, 0x00,
    0x00, 0x00, 0x00, 0x00, 0x00, 0x00, 0x00, 0x00, 0x00, 0x00, 0x00, 0x00,
    0x00, 0x00, 0x00, 0x00, 0x00, 0x00, 0x00, 0x00, 0x00, 0x00, 0x00, 0x00,
    0x00, 0x00, 0x00, 0x00, 0x00, 0x00, 0x00, 0x00, 0x00, 0x00, 0x00, 0x00,
    0x00, 0x00, 0x00, 0x00, 0x00, 0x00, 0x00, 0x00, 0x00, 0x00, 0x00, 0x00,
    0x00, 0x00, 0x00, 0x00, 0x00, 0x00, 0x00, 0x00, 0x30, 0x34, 0x30, 0xff,
    0x38, 0x34, 0x38, 0xff, 0x30, 0x34, 0x30, 0xff, 0x38, 0x34, 0x38, 0xff,
    0x08, 0x08, 0x08, 0xff, 0x08, 0x08, 0x08, 0xff, 0x10, 0x0c, 0x10, 0xff,
    0x08, 0x08, 0x08, 0xff, 0x08, 0x0c, 0x08, 0xff, 0x10, 0x08, 0x10, 0xff,
    0x08, 0x0c, 0x08, 0xff, 0x08, 0x0c, 0x08, 0xff, 0x08, 0x08, 0x08, 0xff,
    0x10, 0x08, 0x10, 0xff, 0x08, 0x0c, 0x08, 0xff, 0x08, 0x08, 0x08, 0xff,
    0x10, 0x08, 0x10, 0xff, 0x08, 0x0c, 0x08, 0xff, 0x08, 0x08, 0x08, 0xff,
    0x08, 0x0c, 0x08, 0xff, 0x10, 0x08, 0x10, 0xff, 0x08, 0x0c, 0x08, 0xff,
    0x08, 0x0c, 0x08, 0xff, 0x08, 0x08, 0x08, 0xff, 0x10, 0x0c, 0x10, 0xff,
    0x08, 0x08, 0x08, 0xff, 0x10, 0x0c, 0x10, 0xff, 0x08, 0x0c, 0x08, 0xff,
    0x08, 0x08, 0x08, 0xff, 0x08, 0x08, 0x08, 0xff, 0x10, 0x0c, 0x10, 0xff,
    0x08, 0x08, 0x08, 0xff, 0x08, 0x0c, 0x08, 0xff, 0x10, 0x0c, 0x10, 0xff,
    0x08, 0x08, 0x08, 0xff, 0x08, 0x0c, 0x08, 0xff, 0x08, 0x08, 0x08, 0xff,
    0x08, 0x08, 0x08, 0xff, 0x08, 0x0c, 0x08, 0xff, 0x08, 0x08, 0x08, 0xff,
    0x08, 0x0c, 0x08, 0xff, 0x08, 0x0c, 0x08, 0xff, 0x08, 0x08, 0x08, 0xff,
    0x08, 0x08, 0x08, 0xff, 0x08, 0x0c, 0x08, 0xff, 0x10, 0x08, 0x10, 0xff,
    0x08, 0x08, 0x08, 0xff, 0x08, 0x0c, 0x08, 0xff, 0x08, 0x08, 0x08, 0xff,
    0x08, 0x0c, 0x08, 0xff, 0x08, 0x0c, 0x08, 0xff, 0x10, 0x08, 0x10, 0xff,
    0x08, 0x08, 0x08, 0xff, 0x08, 0x0c, 0x08, 0xff, 0x08, 0x08, 0x08, 0xff,
    0x10, 0x08, 0x10, 0xff, 0x08, 0x0c, 0x08, 0xff, 0x08, 0x08, 0x08, 0xff,
    0x10, 0x0c, 0x10, 0xff, 0x08, 0x08, 0x08, 0xff, 0x30, 0x34, 0x30, 0xff,
    0x38, 0x34, 0x38, 0xff, 0x30, 0x30, 0x30, 0xff, 0x38, 0x34, 0x38, 0xff,
    0x00, 0x00, 0x00, 0x00, 0x00, 0x00, 0x00, 0x00, 0x00, 0x00, 0x00, 0x00,
    0x00, 0x00, 0x00, 0x00, 0x00, 0x00, 0x00, 0x00, 0x00, 0x00, 0x00, 0x00,
    0x00, 0x00, 0x00, 0x00, 0x00, 0x00, 0x00, 0x00, 0x00, 0x00, 0x00, 0x00,
    0x00, 0x00, 0x00, 0x00, 0x00, 0x00, 0x00, 0x00, 0x00, 0x00, 0x00, 0x00,
    0x00, 0x00, 0x00, 0x00, 0x00, 0x00, 0x00, 0x00, 0x00, 0x00, 0x00, 0x00,
    0x00, 0x00, 0x00, 0x00, 0x30, 0x34, 0x30, 0xff, 0x30, 0x30, 0x30, 0xff,
    0x38, 0x34, 0x38, 0xff, 0x30, 0x34, 0x30, 0xff, 0x08, 0x08, 0x08, 0xff,
    0x10, 0x0c, 0x10, 0xff, 0x08, 0x08, 0x08, 0xff, 0x08, 0x0c, 0x08, 0xff,
    0x08, 0x08, 0x08, 0xff, 0x10, 0x08, 0x10, 0xff, 0x08, 0x0c, 0x08, 0xff,
    0x08, 0x0c, 0x08, 0xff, 0x08, 0x08, 0x08, 0xff, 0x10, 0x0c, 0x10, 0xff,
    0x08, 0x0c, 0x08, 0xff, 0x08, 0x08, 0x08, 0xff, 0x10, 0x0c, 0x10, 0xff,
    0x08, 0x08, 0x08, 0xff, 0x08, 0x0c, 0x08, 0xff, 0x08, 0x08, 0x08, 0xff,
    0x08, 0x08, 0x08, 0xff, 0x10, 0x0c, 0x10, 0xff, 0x08, 0x08, 0x08, 0xff,
    0x08, 0x08, 0x08, 0xff, 0x08, 0x0c, 0x08, 0xff, 0x08, 0x08, 0x08, 0xff,
    0x08, 0x08, 0x08, 0xff, 0x10, 0x0c, 0x10, 0xff, 0x08, 0x0c, 0x08, 0xff,
    0x08, 0x08, 0x08, 0xff, 0x08, 0x0c, 0x08, 0xff, 0x10, 0x08, 0x10, 0xff,
    0x08, 0x08, 0x08, 0xff, 0x08, 0x0c, 0x08, 0xff, 0x08, 0x08, 0x08, 0xff,
    0x10, 0x0c, 0x10, 0xff, 0x10, 0x0c, 0x10, 0xff, 0x08, 0x08, 0x08, 0xff,
    0x08, 0x08, 0x08, 0xff, 0x10, 0x0c, 0x10, 0xff, 0x10, 0x08, 0x10, 0xff,
    0x08, 0x0c, 0x08, 0xff, 0x08, 0x0c, 0x08, 0xff, 0x10, 0x08, 0x10, 0xff,
    0x08, 0x0c, 0x08, 0xff, 0x08, 0x0c, 0x08, 0xff, 0x08, 0x08, 0x08, 0xff,
    0x10, 0x0c, 0x10, 0xff, 0x08, 0x08, 0x08, 0xff, 0x08, 0x08, 0x08, 0xff,
    0x10, 0x0c, 0x10, 0xff, 0x08, 0x0c, 0x08, 0xff, 0x08, 0x08, 0x08, 0xff,
    0x08, 0x0c, 0x08, 0xff, 0x08, 0x0c, 0x08, 0xff, 0x08, 0x08, 0x08, 0xff,
    0x08, 0x0c, 0x08, 0xff, 0x08, 0x08, 0x08, 0xff, 0x10, 0x08, 0x10, 0xff,
    0x08, 0x0c, 0x08, 0xff, 0x30, 0x34, 0x30, 0xff, 0x30, 0x34, 0x30, 0xff,
    0x30, 0x34, 0x30, 0xff, 0x30, 0x30, 0x30, 0xff, 0x00, 0x00, 0x00, 0x00,
    0x00, 0x00, 0x00, 0x00, 0x00, 0x00, 0x00, 0x00, 0x00, 0x00, 0x00, 0x00,
    0x00, 0x00, 0x00, 0x00, 0x00, 0x00, 0x00, 0x00, 0x00, 0x00, 0x00, 0x00,
    0x00, 0x00, 0x00, 0x00, 0x00, 0x00, 0x00, 0x00, 0x00, 0x00, 0x00, 0x00,
    0x00, 0x00, 0x00, 0x00, 0x00, 0x00, 0x00, 0x00, 0x00, 0x00, 0x00, 0x00,
    0x00, 0x00, 0x00, 0x00, 0x00, 0x00, 0x00, 0x00, 0x00, 0x00, 0x00, 0x00,
    0x38, 0x34, 0x38, 0xff, 0x30, 0x30, 0x30, 0xff, 0x30, 0x34, 0x30, 0xff,
    0x38, 0x34, 0x38, 0xff, 0x08, 0x08, 0x08, 0xff, 0x08, 0x0c, 0x08, 0xff,
    0x08, 0x0c, 0x08, 0xff, 0x08, 0x08, 0x08, 0xff, 0x10, 0x0c, 0x10, 0xff,
    0x08, 0x08, 0x08, 0xff, 0x08, 0x08, 0x08, 0xff, 0x10, 0x0c, 0x10, 0xff,
    0x08, 0x08, 0x08, 0xff, 0x08, 0x08, 0x08, 0xff, 0x08, 0x0c, 0x08, 0xff,
    0x08, 0x0c, 0x08, 0xff, 0x08, 0x08, 0x08, 0xff, 0x10, 0x0c, 0x10, 0xff,
    0x08, 0x0c, 0x08, 0xff, 0x10, 0x08, 0x10, 0xff, 0x08, 0x0c, 0x08, 0xff,
    0x08, 0x0c, 0x08, 0xff, 0x10, 0x08, 0x10, 0xff, 0x08, 0x0c, 0x08, 0xff,
    0x08, 0x0c, 0x08, 0xff, 0x10, 0x08, 0x10, 0xff, 0x08, 0x0c, 0x08, 0xff,
    0x08, 0x08, 0x08, 0xff, 0x10, 0x08, 0x10, 0xff, 0x08, 0x0c, 0x08, 0xff,
    0x08, 0x0c, 0x08, 0xff, 0x08, 0x08, 0x08, 0xff, 0x10, 0x0c, 0x10, 0xff,
    0x08, 0x08, 0x08, 0xff, 0x08, 0x08, 0x08, 0xff, 0x08, 0x0c, 0x08, 0xff,
    0x08, 0x0c, 0x08, 0xff, 0x08, 0x08, 0x08, 0xff, 0x10, 0x0c, 0x10, 0xff,
    0x08, 0x08, 0x08, 0xff, 0x08, 0x08, 0x08, 0xff, 0x08, 0x0c, 0x08, 0xff,
    0x10, 0x08, 0x10, 0xff, 0x08, 0x08, 0x08, 0xff, 0x08, 0x0c, 0x08, 0xff,
    0x08, 0x08, 0x08, 0xff, 0x10, 0x0c, 0x10, 0xff, 0x08, 0x0c, 0x08, 0xff,
    0x08, 0x08, 0x08, 0xff, 0x10, 0x08, 0x10, 0xff, 0x08, 0x0c, 0x08, 0xff,
    0x08, 0x08, 0x08, 0xff, 0x10, 0x08, 0x10, 0xff, 0x08, 0x0c, 0x08, 0xff,
    0x10, 0x08, 0x10, 0xff, 0x08, 0x0c, 0x08, 0xff, 0x08, 0x0c, 0x08, 0xff,
    0x10, 0x08, 0x10, 0xff, 0x08, 0x0c, 0x08, 0xff, 0x08, 0x08, 0x08, 0xff,
    0x38, 0x34, 0x38, 0xff, 0x38, 0x34, 0x38, 0xff, 0x30, 0x34, 0x30, 0xff,
    0x38, 0x34, 0x38, 0xff, 0x00, 0x00, 0x00, 0x00, 0x00, 0x00, 0x00, 0x00,
    0x00, 0x00, 0x00, 0x00, 0x00, 0x00, 0x00, 0x00, 0x00, 0x00, 0x00, 0x00,
    0x00, 0x00, 0x00, 0x00, 0x00, 0x00, 0x00, 0x00, 0x00, 0x00, 0x00, 0x00,
    0x00, 0x00, 0x00, 0x00, 0x00, 0x00, 0x00, 0x00, 0x00, 0x00, 0x00, 0x00,
    0x00, 0x00, 0x00, 0x00, 0x00, 0x00, 0x00, 0x00, 0x00, 0x00, 0x00, 0x00,
    0x00, 0x00, 0x00, 0x00, 0x00, 0x00, 0x00, 0x00, 0x30, 0x34, 0x30, 0xff,
    0x38, 0x34, 0x38, 0xff, 0x30, 0x34, 0x30, 0xff, 0x38, 0x34, 0x38, 0xff,
    0x08, 0x08, 0x08, 0xff, 0x08, 0x08, 0x08, 0xff, 0x10, 0x0c, 0x10, 0xff,
    0x08, 0x08, 0x08, 0xff, 0x08, 0x0c, 0x08, 0xff, 0x08, 0x0c, 0x08, 0xff,
    0x08, 0x08, 0x08, 0xff, 0x08, 0x0c, 0x08, 0xff, 0x10, 0x0c, 0x10, 0xff,
    0x08, 0x08, 0x08, 0xff, 0x10, 0x08, 0x10, 0xff, 0x08, 0x0c, 0x08, 0xff,
    0x08, 0x08, 0x08, 0xff, 0x08, 0x08, 0x08, 0xff, 0x08, 0x0c, 0x08, 0xff,
    0x08, 0x08, 0x08, 0xff, 0x08, 0x08, 0x08, 0xff, 0x08, 0x0c, 0x08, 0xff,
    0x08, 0x08, 0x08, 0xff, 0x10, 0x08, 0x10, 0xff, 0x08, 0x0c, 0x08, 0xff,
    0x08, 0x0c, 0x08, 0xff, 0x08, 0x08, 0x08, 0xff, 0x08, 0x0c, 0x08, 0xff,
    0x08, 0x08, 0x08, 0xff, 0x10, 0x0c, 0x10, 0xff, 0x08, 0x08, 0x08, 0xff,
    0x08, 0x0c, 0x08, 0xff, 0x08, 0x0c, 0x08, 0xff, 0x10, 0x08, 0x10, 0xff,
    0x08, 0x0c, 0x08, 0xff, 0x08, 0x08, 0x08, 0xff, 0x08, 0x08, 0x08, 0xff,
    0x10, 0x0c, 0x10, 0xff, 0x08, 0x0c, 0x08, 0xff, 0x08, 0x08, 0x08, 0xff,
    0x08, 0x0c, 0x08, 0xff, 0x08, 0x0c, 0x08, 0xff, 0x08, 0x08, 0x08, 0xff,
    0x10, 0x0c, 0x10, 0xff, 0x08, 0x08, 0x08, 0xff, 0x08, 0x08, 0x08, 0xff,
    0x08, 0x0c, 0x08, 0xff, 0x08, 0x08, 0x08, 0xff, 0x08, 0x0c, 0x08, 0xff,
    0x08, 0x0c, 0x08, 0xff, 0x08, 0x08, 0x08, 0xff, 0x08, 0x0c, 0x08, 0xff,
    0x08, 0x0c, 0x08, 0xff, 0x10, 0x08, 0x10, 0xff, 0x08, 0x08, 0x08, 0xff,
    0x08, 0x0c, 0x08, 0xff, 0x10, 0x08, 0x10, 0xff, 0x08, 0x0c, 0x08, 0xff,
    0x08, 0x08, 0x08, 0xff, 0x08, 0x08, 0x08, 0xff, 0x38, 0x34, 0x38, 0xff,
    0x30, 0x30, 0x30, 0xff, 0x30, 0x34, 0x30, 0xff, 0x38, 0x34, 0x38, 0xff,
    0x00, 0x00, 0x00, 0x00, 0x00, 0x00, 0x00, 0x00, 0x00, 0x00, 0x00, 0x00,
    0x00, 0x00, 0x00, 0x00, 0x00, 0x00, 0x00, 0x00, 0x00, 0x00, 0x00, 0x00,
    0x00, 0x00, 0x00, 0x00, 0x00, 0x00, 0x00, 0x00, 0x00, 0x00, 0x00, 0x00,
    0x00, 0x00, 0x00, 0x00, 0x00, 0x00, 0x00, 0x00, 0x00, 0x00, 0x00, 0x00,
    0x00, 0x00, 0x00, 0x00, 0x00, 0x00, 0x00, 0x00, 0x00, 0x00, 0x00, 0x00,
    0x00, 0x00, 0x00, 0x00, 0x30, 0x34, 0x30, 0xff, 0x30, 0x30, 0x30, 0xff,
    0x38, 0x34, 0x38, 0xff, 0x30, 0x34, 0x30, 0xff, 0x08, 0x08, 0x08, 0xff,
    0x08, 0x08, 0x08, 0xff, 0x10, 0x0c, 0x10, 0xff, 0x08, 0x08, 0x08, 0xff,
    0x08, 0x08, 0x08, 0xff, 0x10, 0x0c, 0x10, 0xff, 0x08, 0x08, 0x08, 0xff,
    0x08, 0x08, 0x08, 0xff, 0x08, 0x0c, 0x08, 0xff, 0x08, 0x0c, 0x08, 0xff,
    0x08, 0x08, 0x08, 0xff, 0x10, 0x0c, 0x10, 0xff, 0x08, 0x08, 0x08, 0xff,
    0x10, 0x0c, 0x10, 0xff, 0x08, 0x0c, 0x08, 0xff, 0x08, 0x08, 0x08, 0xff,
    0x10, 0x0c, 0x10, 0xff, 0x08, 0x0c, 0x08, 0xff, 0x08, 0x08, 0x08, 0xff,
    0x08, 0x08, 0x08, 0xff, 0x10, 0x0c, 0x10, 0xff, 0x08, 0x08, 0x08, 0xff,
    0x08, 0x08, 0x08, 0xff, 0x10, 0x0c, 0x10, 0xff, 0x08, 0x0c, 0x08, 0xff,
    0x08, 0x08, 0x08, 0xff, 0x10, 0x08, 0x10, 0xff, 0x08, 0x0c, 0x08, 0xff,
    0x08, 0x08, 0x08, 0xff, 0x08, 0x0c, 0x08, 0xff, 0x10, 0x0c, 0x10, 0xff,
    0x08, 0x08, 0x08, 0xff, 0x08, 0x08, 0x08, 0xff, 0x08, 0x0c, 0x08, 0xff,
    0x08, 0x08, 0x08, 0xff, 0x10, 0x0c, 0x10, 0xff, 0x10, 0x08, 0x10, 0xff,
    0x08, 0x08, 0x08, 0xff, 0x08, 0x0c, 0x08, 0xff, 0x08, 0x0c, 0x08, 0xff,
    0x10, 0x08, 0x10, 0xff, 0x08, 0x0c, 0x08, 0xff, 0x08, 0x08, 0x08, 0xff,
    0x10, 0x08, 0x10, 0xff, 0x10, 0x0c, 0x10, 0xff, 0x08, 0x08, 0x08, 0xff,
    0x08, 0x08, 0x08, 0xff, 0x10, 0x0c, 0x10, 0xff, 0x08, 0x0c, 0x08, 0xff,
    0x08, 0x08, 0x08, 0xff, 0x08, 0x0c, 0x08, 0xff, 0x08, 0x08, 0x08, 0xff,
    0x08, 0x08, 0x08, 0xff, 0x08, 0x0c, 0x08, 0xff, 0x08, 0x0c, 0x08, 0xff,
    0x08, 0x08, 0x08, 0xff, 0x38, 0x34, 0x38, 0xff, 0x30, 0x34, 0x30, 0xff,
    0x30, 0x30, 0x30, 0xff, 0x30, 0x34, 0x30, 0xff, 0x00, 0x00, 0x00, 0x00,
    0x00, 0x00, 0x00, 0x00, 0x00, 0x00, 0x00, 0x00, 0x00, 0x00, 0x00, 0x00,
    0x00, 0x00, 0x00, 0x00, 0x00, 0x00, 0x00, 0x00, 0x00, 0x00, 0x00, 0x00,
    0x00, 0x00, 0x00, 0x00, 0x00, 0x00, 0x00, 0x00, 0x00, 0x00, 0x00, 0x00,
    0x00, 0x00, 0x00, 0x00, 0x00, 0x00, 0x00, 0x00, 0x00, 0x00, 0x00, 0x00,
    0x00, 0x00, 0x00, 0x00, 0x00, 0x00, 0x00, 0x00, 0x00, 0x00, 0x00, 0x00,
    0x38, 0x34, 0x38, 0xff, 0x30, 0x30, 0x30, 0xff, 0x30, 0x34, 0x30, 0xff,
    0x38, 0x34, 0x38, 0xff, 0x08, 0x08, 0x08, 0xff, 0x08, 0x0c, 0x08, 0xff,
    0x08, 0x0c, 0x08, 0xff, 0x08, 0x08, 0x08, 0xff, 0x10, 0x0c, 0x10, 0xff,
    0x08, 0x0c, 0x08, 0xff, 0x08, 0x08, 0x08, 0xff, 0x10, 0x08, 0x10, 0xff,
    0x08, 0x0c, 0x08, 0xff, 0x08, 0x08, 0x08, 0xff, 0x08, 0x0c, 0x08, 0xff,
    0x08, 0x08, 0x08, 0xff, 0x10, 0x0c, 0x10, 0xff, 0x08, 0x08, 0x08, 0xff,
    0x08, 0x08, 0x08, 0xff, 0x10, 0x0c, 0x10, 0xff, 0x08, 0x08, 0x08, 0xff,
    0x10, 0x0c, 0x10, 0xff, 0x08, 0x0c, 0x08, 0xff, 0x08, 0x08, 0x08, 0xff,
    0x08, 0x0c, 0x08, 0xff, 0x10, 0x0c, 0x10, 0xff, 0x08, 0x08, 0x08, 0xff,
    0x08, 0x0c, 0x08, 0xff, 0x08, 0x08, 0x08, 0xff, 0x08, 0x0c, 0x08, 0xff,
    0x08, 0x0c, 0x08, 0xff, 0x10, 0x08, 0x10, 0xff, 0x08, 0x08, 0x08, 0xff,
    0x08, 0x0c, 0x08, 0xff, 0x08, 0x08, 0x08, 0xff, 0x10, 0x0c, 0x10, 0xff,
    0x08, 0x0c, 0x08, 0xff, 0x08, 0x08, 0x08, 0xff, 0x08, 0x0c, 0x08, 0xff,
    0x08, 0x08, 0x08, 0xff, 0x08, 0x0c, 0x08, 0xff, 0x10, 0x08, 0x10, 0xff,
    0x08, 0x0c, 0x08, 0xff, 0x08, 0x08, 0x08, 0xff, 0x08, 0x0c, 0x08, 0xff,
    0x10, 0x0c, 0x10, 0xff, 0x08, 0x08, 0x08, 0xff, 0x08, 0x0c, 0x08, 0xff,
    0x08, 0x0c, 0x08, 0xff, 0x08, 0x08, 0x08, 0xff, 0x10, 0x0c, 0x10, 0xff,
    0x08, 0x08, 0x08, 0xff, 0x08, 0x08, 0x08, 0xff, 0x08, 0x0c, 0x08, 0xff,
    0x10, 0x0c, 0x10, 0xff, 0x08, 0x08, 0x08, 0xff, 0x08, 0x0c, 0x08, 0xff,
    0x10, 0x08, 0x10, 0xff, 0x08, 0x0c, 0x08, 0xff, 0x08, 0x08, 0x08, 0xff,
    0x38, 0x34, 0x38, 0xff, 0x38, 0x34, 0x38, 0xff, 0x30, 0x34, 0x30, 0xff,
    0x38, 0x30, 0x38, 0xff, 0x00, 0x00, 0x00, 0x00, 0x00, 0x00, 0x00, 0x00,
    0x00, 0x00, 0x00, 0x00, 0x00, 0x00, 0x00, 0x00, 0x00, 0x00, 0x00, 0x00,
    0x00, 0x00, 0x00, 0x00, 0x00, 0x00, 0x00, 0x00, 0x00, 0x00, 0x00, 0x00,
    0x00, 0x00, 0x00, 0x00, 0x00, 0x00, 0x00, 0x00, 0x00, 0x00, 0x00, 0x00,
    0x00, 0x00, 0x00, 0x00, 0x00, 0x00, 0x00, 0x00, 0x00, 0x00, 0x00, 0x00,
    0x00, 0x00, 0x00, 0x00, 0x00, 0x00, 0x00, 0x00, 0x30, 0x34, 0x30, 0xff,
    0x38, 0x34, 0x38, 0xff, 0x30, 0x34, 0x30, 0xff, 0x38, 0x34, 0x38, 0xff,
    0x08, 0x08, 0x08, 0xff, 0x08, 0x0c, 0x08, 0xff, 0x10, 0x08, 0x10, 0xff,
    0x08, 0x08, 0x08, 0xff, 0x08, 0x0c, 0x08, 0xff, 0x08, 0x0c, 0x08, 0xff,
    0x08, 0x08, 0x08, 0xff, 0x10, 0x0c, 0x10, 0xff, 0x08, 0x0c, 0x08, 0xff,
    0x10, 0x08, 0x10, 0xff, 0x08, 0x08, 0x08, 0xff, 0x08, 0x0c, 0x08, 0xff,
    0x08, 0x0c, 0x08, 0xff, 0x08, 0x08, 0x08, 0xff, 0x08, 0x0c, 0x08, 0xff,
    0x08, 0x08, 0x08, 0xff, 0x08, 0x08, 0x08, 0xff, 0x08, 0x0c, 0x08, 0xff,
    0x10, 0x08, 0x10, 0xff, 0x08, 0x08, 0x08, 0xff, 0x08, 0x0c, 0x08, 0xff,
    0x08, 0x08, 0x08, 0xff, 0x10, 0x0c, 0x10, 0xff, 0x08, 0x08, 0x08, 0xff,
    0x10, 0x08, 0x10, 0xff, 0x08, 0x0c, 0x08, 0xff, 0x08, 0x08, 0x08, 0xff,
    0x08, 0x08, 0x08, 0xff, 0x10, 0x0c, 0x10, 0xff, 0x08, 0x08, 0x08, 0xff,
    0x08, 0x08, 0x08, 0xff, 0x08, 0x0c, 0x08, 0xff, 0x10, 0x08, 0x10, 0xff,
    0x10, 0x0c, 0x10, 0xff, 0x08, 0x08, 0x08, 0xff, 0x08, 0x0c, 0x08, 0xff,
    0x08, 0x08, 0x08, 0xff, 0x08, 0x0c, 0x08, 0xff, 0x10, 0x08, 0x10, 0xff,
    0x08, 0x08, 0x08, 0xff, 0x08, 0x0c, 0x08, 0xff, 0x08, 0x08, 0x08, 0xff,
    0x08, 0x08, 0x08, 0xff, 0x08, 0x0c, 0x08, 0xff, 0x08, 0x08, 0x08, 0xff,
    0x10, 0x0c, 0x10, 0xff, 0x08, 0x0c, 0x08, 0xff, 0x08, 0x08, 0x08, 0xff,
    0x08, 0x08, 0x08, 0xff, 0x10, 0x0c, 0x10, 0xff, 0x08, 0x08, 0x08, 0xff,
    0x08, 0x0c, 0x08, 0xff, 0x10, 0x08, 0x10, 0xff, 0x08, 0x0c, 0x08, 0xff,
    0x08, 0x08, 0x08, 0xff, 0x08, 0x0c, 0x08, 0xff, 0x38, 0x34, 0x38, 0xff,
    0x30, 0x34, 0x30, 0xff, 0x30, 0x34, 0x30, 0xff, 0x38, 0x34, 0x38, 0xff,
    0x00, 0x00, 0x00, 0x00, 0x00, 0x00, 0x00, 0x00, 0x00, 0x00, 0x00, 0x00,
    0x00, 0x00, 0x00, 0x00, 0x00, 0x00, 0x00, 0x00, 0x00, 0x00, 0x00, 0x00,
    0x00, 0x00, 0x00, 0x00, 0x00, 0x00, 0x00, 0x00, 0x00, 0x00, 0x00, 0x00,
    0x00, 0x00, 0x00, 0x00, 0x00, 0x00, 0x00, 0x00, 0x00, 0x00, 0x00, 0x00,
    0x00, 0x00, 0x00, 0x00, 0x00, 0x00, 0x00, 0x00, 0x00, 0x00, 0x00, 0x00,
    0x00, 0x00, 0x00, 0x00, 0x30, 0x30, 0x30, 0xff, 0x30, 0x34, 0x30, 0xff,
    0x38, 0x34, 0x38, 0xff, 0x30, 0x30, 0x30, 0xff, 0x08, 0x08, 0x08, 0xff,
    0x10, 0x0c, 0x10, 0xff, 0x08, 0x0c, 0x08, 0xff, 0x08, 0x08, 0x08, 0xff,
    0x10, 0x08, 0x10, 0xff, 0x08, 0x0c, 0x08, 0xff, 0x08, 0x08, 0x08, 0xff,
    0x08, 0x0c, 0x08, 0xff, 0x08, 0x08, 0x08, 0xff, 0x08, 0x0c, 0x08, 0xff,
    0x10, 0x08, 0x10, 0xff, 0x08, 0x0c, 0x08, 0xff, 0x10, 0x08, 0x10, 0xff,
    0x08, 0x0c, 0x08, 0xff, 0x10, 0x0c, 0x10, 0xff, 0x08, 0x08, 0x08, 0xff,
    0x08, 0x0c, 0x08, 0xff, 0x08, 0x0c, 0x08, 0xff, 0x08, 0x08, 0x08, 0xff,
    0x10, 0x0c, 0x10, 0xff, 0x08, 0x08, 0x08, 0xff, 0x08, 0x08, 0x08, 0xff,
    0x08, 0x0c, 0x08, 0xff, 0x08, 0x0c, 0x08, 0xff, 0x08, 0x08, 0x08, 0xff,
    0x10, 0x0c, 0x10, 0xff, 0x08, 0x0c, 0x08, 0xff, 0x08, 0x08, 0x08, 0xff,
    0x08, 0x0c, 0x08, 0xff, 0x10, 0x0c, 0x10, 0xff, 0x08, 0x08, 0x08, 0xff,
    0x08, 0x0c, 0x08, 0xff, 0x08, 0x08, 0x08, 0xff, 0x08, 0x08, 0x08, 0xff,
    0x10, 0x0c, 0x10, 0xff, 0x08, 0x08, 0x08, 0xff, 0x08, 0x0c, 0x08, 0xff,
    0x08, 0x0c, 0x08, 0xff, 0x08, 0x08, 0x08, 0xff, 0x10, 0x0c, 0x10, 0xff,
    0x08, 0x0c, 0x08, 0xff, 0x10, 0x08, 0x10, 0xff, 0x10, 0x0c, 0x10, 0xff,
    0x08, 0x08, 0x08, 0xff, 0x08, 0x08, 0x08, 0xff, 0x08, 0x0c, 0x08, 0xff,
    0x10, 0x08, 0x10, 0xff, 0x08, 0x0c, 0x08, 0xff, 0x08, 0x0c, 0x08, 0xff,
    0x10, 0x08, 0x10, 0xff, 0x08, 0x08, 0x08, 0xff, 0x08, 0x0c, 0x08, 0xff,
    0x08, 0x0c, 0x08, 0xff, 0x10, 0x08, 0x10, 0xff, 0x08, 0x08, 0x08, 0xff,
    0x08, 0x0c, 0x08, 0xff, 0x38, 0x34, 0x38, 0xff, 0x30, 0x30, 0x30, 0xff,
    0x30, 0x34, 0x30, 0xff, 0x30, 0x34, 0x30, 0xff, 0x00, 0x00, 0x00, 0x00,
    0x00, 0x00, 0x00, 0x00, 0x00, 0x00, 0x00, 0x00, 0x00, 0x00, 0x00, 0x00,
    0x00, 0x00, 0x00, 0x00, 0x00, 0x00, 0x00, 0x00, 0x00, 0x00, 0x00, 0x00,
    0x00, 0x00, 0x00, 0x00, 0x00, 0x00, 0x00, 0x00, 0x00, 0x00, 0x00, 0x00,
    0x00, 0x00, 0x00, 0x00, 0x00, 0x00, 0x00, 0x00, 0x00, 0x00, 0x00, 0x00,
    0x00, 0x00, 0x00, 0x00, 0x00, 0x00, 0x00, 0x00, 0x00, 0x00, 0x00, 0x00,
    0x38, 0x34, 0x38, 0xff, 0x30, 0x34, 0x30, 0xff, 0x30, 0x34, 0x30, 0xff,
    0x38, 0x34, 0x38, 0xff, 0x08, 0x08, 0x08, 0xff, 0x08, 0x0c, 0x08, 0xff,
    0x08, 0x08, 0x08, 0xff, 0x08, 0x0c, 0x08, 0xff, 0x10, 0x0c, 0x10, 0xff,
    0x08, 0x08, 0x08, 0xff, 0x08, 0x08, 0x08, 0xff, 0x10, 0x0c, 0x10, 0xff,
    0x08, 0x08, 0x08, 0xff, 0x08, 0x0c, 0x08, 0xff, 0x08, 0x0c, 0x08, 0xff,
    0x08, 0x08, 0x08, 0xff, 0x08, 0x08, 0x08, 0xff, 0x10, 0x08, 0x10, 0xff,
    0x08, 0x0c, 0x08, 0xff, 0x08, 0x08, 0x08, 0xff, 0x10, 0x08, 0x10, 0xff,
    0x08, 0x0c, 0x08, 0xff, 0x08, 0x08, 0x08, 0xff, 0x08, 0x0c, 0x08, 0xff,
    0x10, 0x0c, 0x10, 0xff, 0x08, 0x08, 0x08, 0xff, 0x08, 0x0c, 0x08, 0xff,
    0x10, 0x08, 0x10, 0xff, 0x08, 0x08, 0x08, 0xff, 0x08, 0x0c, 0x08, 0xff,
    0x10, 0x08, 0x10, 0xff, 0x08, 0x0c, 0x08, 0xff, 0x08, 0x08, 0x08, 0xff,
    0x08, 0x0c, 0x08, 0xff, 0x10, 0x0c, 0x10, 0xff, 0x08, 0x08, 0x08, 0xff,
    0x08, 0x0c, 0x08, 0xff, 0x08, 0x0c, 0x08, 0xff, 0x08, 0x08, 0x08, 0xff,
    0x10, 0x0c, 0x10, 0xff, 0x10, 0x08, 0x10, 0xff, 0x08, 0x08, 0x08, 0xff,
    0x08, 0x0c, 0x08, 0xff, 0x08, 0x08, 0x08, 0xff, 0x08, 0x08, 0x08, 0xff,
    0x08, 0x0c, 0x08, 0xff, 0x08, 0x0c, 0x08, 0xff, 0x10, 0x08, 0x10, 0xff,
    0x08, 0x0c, 0x08, 0xff, 0x08, 0x08, 0x08, 0xff, 0x08, 0x08, 0x08, 0xff,
    0x08, 0x0c, 0x08, 0xff, 0x08, 0x0c, 0x08, 0xff, 0x08, 0x08, 0x08, 0xff,
    0x10, 0x0c, 0x10, 0xff, 0x08, 0x08, 0x08, 0xff, 0x08, 0x0c, 0x08, 0xff,
    0x08, 0x08, 0x08, 0xff, 0x08, 0x0c, 0x08, 0xff, 0x08, 0x08, 0x08, 0xff,
    0x38, 0x34, 0x38, 0xff, 0x30, 0x34, 0x30, 0xff, 0x38, 0x30, 0x38, 0xff,
    0x30, 0x34, 0x30, 0xff, 0x00, 0x00, 0x00, 0x00, 0x00, 0x00, 0x00, 0x00,
    0x00, 0x00, 0x00, 0x00, 0x00, 0x00, 0x00, 0x00, 0x00, 0x00, 0x00, 0x00,
    0x00, 0x00, 0x00, 0x00, 0x00, 0x00, 0x00, 0x00, 0x00, 0x00, 0x00, 0x00,
    0x00, 0x00, 0x00, 0x00, 0x00, 0x00, 0x00, 0x00, 0x00, 0x00, 0x00, 0x00,
    0x00, 0x00, 0x00, 0x00, 0x00, 0x00, 0x00, 0x00, 0x00, 0x00, 0x00, 0x00,
    0x00, 0x00, 0x00, 0x00, 0x00, 0x00, 0x00, 0x00, 0x30, 0x34, 0x30, 0xff,
    0x38, 0x30, 0x38, 0xff, 0x30, 0x34, 0x30, 0xff, 0x30, 0x34, 0x30, 0xff,
    0x08, 0x08, 0x08, 0xff, 0x10, 0x08, 0x10, 0xff, 0x08, 0x0c, 0x08, 0xff,
    0x08, 0x08, 0x08, 0xff, 0x08, 0x0c, 0x08, 0xff, 0x08, 0x08, 0x08, 0xff,
    0x10, 0x0c, 0x10, 0xff, 0x08, 0x08, 0x08, 0xff, 0x08, 0x0c, 0x08, 0xff,
    0x10, 0x08, 0x10, 0xff, 0x08, 0x08, 0x08, 0xff, 0x08, 0x0c, 0x08, 0xff,
    0x08, 0x0c, 0x08, 0xff, 0x08, 0x08, 0x08, 0xff, 0x08, 0x0c, 0x08, 0xff,
    0x08, 0x0c, 0x08, 0xff, 0x10, 0x08, 0x10, 0xff, 0x08, 0x08, 0x08, 0xff,
    0x08, 0x0c, 0x08, 0xff, 0x10, 0x08, 0x10, 0xff, 0x08, 0x0c, 0x08, 0xff,
    0x08, 0x08, 0x08, 0xff, 0x10, 0x0c, 0x10, 0xff, 0x08, 0x0c, 0x08, 0xff,
    0x08, 0x08, 0x08, 0xff, 0x08, 0x08, 0x08, 0xff, 0x08, 0x0c, 0x08, 0xff,
    0x10, 0x08, 0x10, 0xff, 0x08, 0x08, 0x08, 0xff, 0x08, 0x0c, 0x08, 0xff,
    0x08, 0x08, 0x08, 0xff, 0x10, 0x08, 0x10, 0xff, 0x08, 0x0c, 0x08, 0xff,
    0x08, 0x08, 0x08, 0xff, 0x08, 0x0c, 0x08, 0xff, 0x08, 0x0c, 0x08, 0xff,
    0x08, 0x08, 0x08, 0xff, 0x10, 0x0c, 0x10, 0xff, 0x08, 0x0c, 0x08, 0xff,
    0x08, 0x08, 0x08, 0xff, 0x10, 0x08, 0x10, 0xff, 0x08, 0x0c, 0x08, 0xff,
    0x08, 0x08, 0x08, 0xff, 0x08, 0x0c, 0x08, 0xff, 0x10, 0x0c, 0x10, 0xff,
    0x08, 0x08, 0x08, 0xff, 0x10, 0x0c, 0x10, 0xff, 0x08, 0x08, 0x08, 0xff,
    0x08, 0x08, 0x08, 0xff, 0x10, 0x0c, 0x10, 0xff, 0x08, 0x08, 0x08, 0xff,
    0x08, 0x0c, 0x08, 0xff, 0x10, 0x08, 0x10, 0xff, 0x08, 0x0c, 0x08, 0xff,
    0x08, 0x08, 0x08, 0xff, 0x10, 0x08, 0x10, 0xff, 0x30, 0x34, 0x30, 0xff,
    0x30, 0x34, 0x30, 0xff, 0x38, 0x34, 0x38, 0xff, 0x38, 0x30, 0x38, 0xff,
    0x00, 0x00, 0x00, 0x00, 0x00, 0x00, 0x00, 0x00, 0x00, 0x00, 0x00, 0x00,
    0x00, 0x00, 0x00, 0x00, 0x00, 0x00, 0x00, 0x00, 0x00, 0x00, 0x00, 0x00,
    0x00, 0x00, 0x00, 0x00, 0x00, 0x00, 0x00, 0x00, 0x00, 0x00, 0x00, 0x00,
    0x00, 0x00, 0x00, 0x00, 0x00, 0x00, 0x00, 0x00, 0x00, 0x00, 0x00, 0x00,
    0x00, 0x00, 0x00, 0x00, 0x00, 0x00, 0x00, 0x00, 0x00, 0x00, 0x00, 0x00,
    0x00, 0x00, 0x00, 0x00, 0x30, 0x34, 0x30, 0xff, 0x38, 0x30, 0x38, 0xff,
    0x38, 0x34, 0x38, 0xff, 0x30, 0x34, 0x30, 0xff, 0x08, 0x08, 0x08, 0xff,
    0x10, 0x0c, 0x10, 0xff, 0x08, 0x08, 0x08, 0xff, 0x08, 0x0c, 0x08, 0xff,
    0x10, 0x08, 0x10, 0xff, 0x08, 0x0c, 0x08, 0xff, 0x08, 0x0c, 0x08, 0xff,
    0x08, 0x08, 0x08, 0xff, 0x08, 0x0c, 0x08, 0xff, 0x10, 0x08, 0x10, 0xff,
    0x08, 0x08, 0x08, 0xff, 0x10, 0x0c, 0x10, 0xff, 0x10, 0x0c, 0x10, 0xff,
    0x08, 0x08, 0x08, 0xff, 0x08, 0x08, 0x08, 0xff, 0x10, 0x0c, 0x10, 0xff,
    0x08, 0x0c, 0x08, 0xff, 0x08, 0x08, 0x08, 0xff, 0x08, 0x0c, 0x08, 0xff,
    0x10, 0x08, 0x10, 0xff, 0x08, 0x08, 0x08, 0xff, 0x08, 0x0c, 0x08, 0xff,
    0x08, 0x08, 0x08, 0xff, 0x08, 0x0c, 0x08, 0xff, 0x10, 0x0c, 0x10, 0xff,
    0x08, 0x08, 0x08, 0xff, 0x08, 0x0c, 0x08, 0xff, 0x08, 0x0c, 0x08, 0xff,
    0x10, 0x08, 0x10, 0xff, 0x08, 0x0c, 0x08, 0xff, 0x08, 0x08, 0x08, 0xff,
    0x08, 0x0c, 0x08, 0xff, 0x10, 0x08, 0x10, 0xff, 0x10, 0x08, 0x10, 0xff,
    0x08, 0x0c, 0x08, 0xff, 0x08, 0x08, 0x08, 0xff, 0x08, 0x08, 0x08, 0xff,
    0x08, 0x0c, 0x08, 0xff, 0x10, 0x08, 0x10, 0xff, 0x08, 0x0c, 0x08, 0xff,
    0x08, 0x0c, 0x08, 0xff, 0x10, 0x08, 0x10, 0xff, 0x08, 0x08, 0x08, 0xff,
    0x08, 0x0c, 0x08, 0xff, 0x08, 0x08, 0x08, 0xff, 0x08, 0x0c, 0x08, 0xff,
    0x10, 0x0c, 0x10, 0xff, 0x08, 0x08, 0x08, 0xff, 0x08, 0x0c, 0x08, 0xff,
    0x08, 0x08, 0x08, 0xff, 0x08, 0x0c, 0x08, 0xff, 0x08, 0x08, 0x08, 0xff,
    0x10, 0x0c, 0x10, 0xff, 0x08, 0x0c, 0x08, 0xff, 0x08, 0x08, 0x08, 0xff,
    0x10, 0x0c, 0x10, 0xff, 0x30, 0x34, 0x30, 0xff, 0x30, 0x34, 0x30, 0xff,
    0x30, 0x34, 0x30, 0xff, 0x30, 0x34, 0x30, 0xff, 0x00, 0x00, 0x00, 0x00,
    0x00, 0x00, 0x00, 0x00, 0x00, 0x00, 0x00, 0x00, 0x00, 0x00, 0x00, 0x00,
    0x00, 0x00, 0x00, 0x00, 0x00, 0x00, 0x00, 0x00, 0x00, 0x00, 0x00, 0x00,
    0x00, 0x00, 0x00, 0x00, 0x00, 0x00, 0x00, 0x00, 0x00, 0x00, 0x00, 0x00,
    0x00, 0x00, 0x00, 0x00, 0x00, 0x00, 0x00, 0x00, 0x00, 0x00, 0x00, 0x00,
    0x00, 0x00, 0x00, 0x00, 0x00, 0x00, 0x00, 0x00, 0x00, 0x00, 0x00, 0x00,
    0x30, 0x34, 0x30, 0xff, 0x30, 0x34, 0x30, 0xff, 0x38, 0x34, 0x38, 0xff,
    0x30, 0x34, 0x30, 0xff, 0x08, 0x08, 0x08, 0xff, 0x08, 0x0c, 0x08, 0xff,
    0x08, 0x0c, 0x08, 0xff, 0x10, 0x08, 0x10, 0xff, 0x08, 0x08, 0x08, 0xff,
    0x08, 0x0c, 0x08, 0xff, 0x10, 0x08, 0x10, 0xff, 0x08, 0x08, 0x08, 0xff,
    0x08, 0x0c, 0x08, 0xff, 0x08, 0x0c, 0x08, 0xff, 0x08, 0x08, 0x08, 0xff,
    0x08, 0x0c, 0x08, 0xff, 0x08, 0x08, 0x08, 0xff, 0x08, 0x08, 0x08, 0xff,
    0x10, 0x0c, 0x10, 0xff, 0x08, 0x08, 0x08, 0xff, 0x08, 0x08, 0x08, 0xff,
    0x08, 0x0c, 0x08, 0xff, 0x10, 0x0c, 0x10, 0xff, 0x08, 0x08, 0x08, 0xff,
    0x08, 0x0c, 0x08, 0xff, 0x08, 0x0c, 0x08, 0xff, 0x10, 0x08, 0x10, 0xff,
    0x08, 0x08, 0x08, 0xff, 0x08, 0x0c, 0x08, 0xff, 0x10, 0x08, 0x10, 0xff,
    0x08, 0x0c, 0x08, 0xff, 0x08, 0x08, 0x08, 0xff, 0x08, 0x0c, 0x08, 0xff,
    0x10, 0x08, 0x10, 0xff, 0x08, 0x0c, 0x08, 0xff, 0x08, 0x0c, 0x08, 0xff,
    0x08, 0x08, 0x08, 0xff, 0x08, 0x0c, 0x08, 0xff, 0x10, 0x0c, 0x10, 0xff,
    0x08, 0x08, 0x08, 0xff, 0x08, 0x0c, 0x08, 0xff, 0x10, 0x08, 0x10, 0xff,
    0x08, 0x08, 0x08, 0xff, 0x08, 0x0c, 0x08, 0xff, 0x08, 0x0c, 0x08, 0xff,
    0x08, 0x08, 0x08, 0xff, 0x10, 0x0c, 0x10, 0xff, 0x08, 0x08, 0x08, 0xff,
    0x08, 0x08, 0x08, 0xff, 0x08, 0x0c, 0x08, 0xff, 0x08, 0x08, 0x08, 0xff,
    0x10, 0x0c, 0x10, 0xff, 0x08, 0x08, 0x08, 0xff, 0x08, 0x0c, 0x08, 0xff,
    0x10, 0x08, 0x10, 0xff, 0x08, 0x08, 0x08, 0xff, 0x08, 0x0c, 0x08, 0xff,
    0x08, 0x08, 0x08, 0xff, 0x08, 0x08, 0x08, 0xff, 0x08, 0x0c, 0x08, 0xff,
    0x38, 0x34, 0x38, 0xff, 0x38, 0x30, 0x38, 0xff, 0x30, 0x30, 0x30, 0xff,
    0x30, 0x34, 0x30, 0xff, 0x00, 0x00, 0x00, 0x00, 0x00, 0x00, 0x00, 0x00,
    0x00, 0x00, 0x00, 0x00, 0x00, 0x00, 0x00, 0x00, 0x00, 0x00, 0x00, 0x00,
    0x00, 0x00, 0x00, 0x00, 0x00, 0x00, 0x00, 0x00, 0x00, 0x00, 0x00, 0x00,
    0x00, 0x00, 0x00, 0x00, 0x00, 0x00, 0x00, 0x00, 0x00, 0x00, 0x00, 0x00,
    0x00, 0x00, 0x00, 0x00, 0x00, 0x00, 0x00, 0x00, 0x00, 0x00, 0x00, 0x00,
    0x00, 0x00, 0x00, 0x00, 0x00, 0x00, 0x00, 0x00, 0x30, 0x34, 0x30, 0xff,
    0x30, 0x30, 0x30, 0xff, 0x38, 0x34, 0x38, 0xff, 0x30, 0x34, 0x30, 0xff,
    0x08, 0x08, 0x08, 0xff, 0x10, 0x08, 0x10, 0xff, 0x08, 0x0c, 0x08, 0xff,
    0x08, 0x08, 0x08, 0xff, 0x08, 0x0c, 0x08, 0xff, 0x08, 0x0c, 0x08, 0xff,
    0x10, 0x08, 0x10, 0xff, 0x08, 0x0c, 0x08, 0xff, 0x08, 0x08, 0x08, 0xff,
    0x10, 0x0c, 0x10, 0xff, 0x08, 0x0c, 0x08, 0xff, 0x08, 0x08, 0x08, 0xff,
    0x08, 0x0c, 0x08, 0xff, 0x08, 0x0c, 0x08, 0xff, 0x08, 0x0c, 0x08, 0xff,
    0x08, 0x08, 0x08, 0xff, 0x10, 0x0c, 0x10, 0xff, 0x08, 0x08, 0x08, 0xff,
    0x08, 0x08, 0x08, 0xff, 0x08, 0x0c, 0x08, 0xff, 0x08, 0x08, 0x08, 0xff,
    0x10, 0x0c, 0x10, 0xff, 0x08, 0x08, 0x08, 0xff, 0x08, 0x0c, 0x08, 0xff,
    0x08, 0x08, 0x08, 0xff, 0x08, 0x0c, 0x08, 0xff, 0x10, 0x08, 0x10, 0xff,
    0x08, 0x08, 0x08, 0xff, 0x08, 0x0c, 0x08, 0xff, 0x08, 0x08, 0x08, 0xff,
    0x10, 0x08, 0x10, 0xff, 0x08, 0x0c, 0x08, 0xff, 0x08, 0x08, 0x08, 0xff,
    0x08, 0x0c, 0x08, 0xff, 0x08, 0x08, 0x08, 0xff, 0x10, 0x0c, 0x10, 0xff,
    0x08, 0x0c, 0x08, 0xff, 0x08, 0x08, 0x08, 0xff, 0x08, 0x0c, 0x08, 0xff,
    0x10, 0x08, 0x10, 0xff, 0x08, 0x08, 0x08, 0xff, 0x08, 0x0c, 0x08, 0xff,
    0x08, 0x0c, 0x08, 0xff, 0x10, 0x08, 0x10, 0xff, 0x08, 0x0c, 0x08, 0xff,
    0x08, 0x08, 0x08, 0xff, 0x10, 0x0c, 0x10, 0xff, 0x08, 0x08, 0x08, 0xff,
    0x08, 0x0c, 0x08, 0xff, 0x10, 0x0c, 0x10, 0xff, 0x08, 0x08, 0x08, 0xff,
    0x08, 0x0c, 0x08, 0xff, 0x10, 0x0c, 0x10, 0xff, 0x08, 0x08, 0x08, 0xff,
    0x08, 0x08, 0x08, 0xff, 0x08, 0x0c, 0x08, 0xff, 0x38, 0x34, 0x38, 0xff,
    0x30, 0x34, 0x30, 0xff, 0x38, 0x34, 0x38, 0xff, 0x38, 0x34, 0x38, 0xff,
    0x00, 0x00, 0x00, 0x00, 0x00, 0x00, 0x00, 0x00, 0x00, 0x00, 0x00, 0x00,
    0x00, 0x00, 0x00, 0x00, 0x00, 0x00, 0x00, 0x00, 0x00, 0x00, 0x00, 0x00,
    0x00, 0x00, 0x00, 0x00, 0x00, 0x00, 0x00, 0x00, 0x00, 0x00, 0x00, 0x00,
    0x00, 0x00, 0x00, 0x00, 0x00, 0x00, 0x00, 0x00, 0x00, 0x00, 0x00, 0x00,
    0x00, 0x00, 0x00, 0x00, 0x00, 0x00, 0x00, 0x00, 0x00, 0x00, 0x00, 0x00,
    0x00, 0x00, 0x00, 0x00, 0x38, 0x34, 0x38, 0xff, 0x30, 0x30, 0x30, 0xff,
    0x38, 0x34, 0x38, 0xff, 0x30, 0x34, 0x30, 0xff, 0x08, 0x08, 0x08, 0xff,
    0x10, 0x0c, 0x10, 0xff, 0x08, 0x08, 0x08, 0xff, 0x08, 0x0c, 0x08, 0xff,
    0x10, 0x08, 0x10, 0xff, 0x08, 0x08, 0x08, 0xff, 0x08, 0x0c, 0x08, 0xff,
    0x08, 0x08, 0x08, 0xff, 0x10, 0x08, 0x10, 0xff, 0x08, 0x0c, 0x08, 0xff,
    0x10, 0x08, 0x10, 0xff, 0x10, 0x08, 0x10, 0xff, 0x08, 0x0c, 0x08, 0xff,
    0x10, 0x08, 0x10, 0xff, 0x08, 0x08, 0x08, 0xff, 0x08, 0x0c, 0x08, 0xff,
    0x10, 0x0c, 0x10, 0xff, 0x08, 0x08, 0x08, 0xff, 0x08, 0x0c, 0x08, 0xff,
    0x10, 0x0c, 0x10, 0xff, 0x08, 0x08, 0x08, 0xff, 0x08, 0x08, 0x08, 0xff,
    0x08, 0x0c, 0x08, 0xff, 0x10, 0x08, 0x10, 0xff, 0x08, 0x0c, 0x08, 0xff,
    0x08, 0x0c, 0x08, 0xff, 0x08, 0x08, 0x08, 0xff, 0x10, 0x0c, 0x10, 0xff,
    0x08, 0x0c, 0x08, 0xff, 0x08, 0x08, 0x08, 0xff, 0x08, 0x0c, 0x08, 0xff,
    0x10, 0x08, 0x10, 0xff, 0x08, 0x0c, 0x08, 0xff, 0x08, 0x08, 0x08, 0xff,
    0x08, 0x08, 0x08, 0xff, 0x08, 0x0c, 0x08, 0xff, 0x10, 0x08, 0x10, 0xff,
    0x08, 0x0c, 0x08, 0xff, 0x08, 0x0c, 0x08, 0xff, 0x08, 0x08, 0x08, 0xff,
    0x10, 0x08, 0x10, 0xff, 0x08, 0x0c, 0x08, 0xff, 0x08, 0x08, 0x08, 0xff,
    0x08, 0x0c, 0x08, 0xff, 0x10, 0x0c, 0x10, 0xff, 0x08, 0x08, 0x08, 0xff,
    0x08, 0x08, 0x08, 0xff, 0x08, 0x0c, 0x08, 0xff, 0x08, 0x08, 0x08, 0xff,
    0x08, 0x08, 0x08, 0xff, 0x08, 0x0c, 0x08, 0xff, 0x08, 0x08, 0x08, 0xff,
    0x10, 0x0c, 0x10, 0xff, 0x08, 0x0c, 0x08, 0xff, 0x08, 0x08, 0x08, 0xff,
    0x10, 0x08, 0x10, 0xff, 0x30, 0x34, 0x30, 0xff, 0x30, 0x34, 0x30, 0xff,
    0x30, 0x30, 0x30, 0xff, 0x30, 0x34, 0x30, 0xff, 0x00, 0x00, 0x00, 0x00,
    0x00, 0x00, 0x00, 0x00, 0x00, 0x00, 0x00, 0x00, 0x00, 0x00, 0x00, 0x00,
    0x00, 0x00, 0x00, 0x00, 0x00, 0x00, 0x00, 0x00, 0x00, 0x00, 0x00, 0x00,
    0x00, 0x00, 0x00, 0x00, 0x00, 0x00, 0x00, 0x00, 0x00, 0x00, 0x00, 0x00,
    0x00, 0x00, 0x00, 0x00, 0x00, 0x00, 0x00, 0x00, 0x00, 0x00, 0x00, 0x00,
    0x00, 0x00, 0x00, 0x00, 0x00, 0x00, 0x00, 0x00, 0x00, 0x00, 0x00, 0x00,
    0x30, 0x34, 0x30, 0xff, 0x38, 0x34, 0x38, 0xff, 0x30, 0x34, 0x30, 0xff,
    0x30, 0x34, 0x30, 0xff, 0x08, 0x08, 0x08, 0xff, 0x08, 0x0c, 0x08, 0xff,
    0x08, 0x08, 0x08, 0xff, 0x08, 0x0c, 0x08, 0xff, 0x10, 0x0c, 0x10, 0xff,
    0x08, 0x08, 0x08, 0xff, 0x08, 0x0c, 0x08, 0xff, 0x08, 0x0c, 0x08, 0xff,
    0x08, 0x08, 0x08, 0xff, 0x08, 0x0c, 0x08, 0xff, 0x08, 0x08, 0x08, 0xff,
    0x08, 0x0c, 0x08, 0xff, 0x08, 0x08, 0x08, 0xff, 0x10, 0x08, 0x10, 0xff,
    0x08, 0x0c, 0x08, 0xff, 0x08, 0x08, 0x08, 0xff, 0x08, 0x08, 0x08, 0xff,
    0x08, 0x0c, 0x08, 0xff, 0x10, 0x08, 0x10, 0xff, 0x08, 0x0c, 0x08, 0xff,
    0x08, 0x08, 0x08, 0xff, 0x08, 0x0c, 0x08, 0xff, 0x10, 0x0c, 0x10, 0xff,
    0x08, 0x08, 0x08, 0xff, 0x08, 0x08, 0x08, 0xff, 0x10, 0x0c, 0x10, 0xff,
    0x08, 0x08, 0x08, 0xff, 0x08, 0x0c, 0x08, 0xff, 0x10, 0x08, 0x10, 0xff,
    0x08, 0x0c, 0x08, 0xff, 0x08, 0x0c, 0x08, 0xff, 0x08, 0x08, 0x08, 0xff,
    0x10, 0x0c, 0x10, 0xff, 0x10, 0x0c, 0x10, 0xff, 0x08, 0x08, 0x08, 0xff,
    0x08, 0x08, 0x08, 0xff, 0x08, 0x0c, 0x08, 0xff, 0x10, 0x08, 0x10, 0xff,
    0x08, 0x08, 0x08, 0xff, 0x08, 0x0c, 0x08, 0xff, 0x08, 0x0c, 0x08, 0xff,
    0x10, 0x08, 0x10, 0xff, 0x08, 0x08, 0x08, 0xff, 0x08, 0x0c, 0x08, 0xff,
    0x08, 0x08, 0x08, 0xff, 0x10, 0x0c, 0x10, 0xff, 0x08, 0x0c, 0x08, 0xff,
    0x08, 0x08, 0x08, 0xff, 0x10, 0x0c, 0x10, 0xff, 0x08, 0x0c, 0x08, 0xff,
    0x08, 0x08, 0x08, 0xff, 0x10, 0x08, 0x10, 0xff, 0x08, 0x0c, 0x08, 0xff,
    0x08, 0x08, 0x08, 0xff, 0x10, 0x0c, 0x10, 0xff, 0x08, 0x08, 0x08, 0xff,
    0x30, 0x34, 0x30, 0xff, 0x38, 0x34, 0x38, 0xff, 0x30, 0x30, 0x30, 0xff,
    0x30, 0x34, 0x30, 0xff, 0x00, 0x00, 0x00, 0x00, 0x00, 0x00, 0x00, 0x00,
    0x00, 0x00, 0x00, 0x00, 0x00, 0x00, 0x00, 0x00, 0x00, 0x00, 0x00, 0x00,
    0x00, 0x00, 0x00, 0x00, 0x00, 0x00, 0x00, 0x00, 0x00, 0x00, 0x00, 0x00,
    0x00, 0x00, 0x00, 0x00, 0x00, 0x00, 0x00, 0x00, 0x00, 0x00, 0x00, 0x00,
    0x00, 0x00, 0x00, 0x00, 0x00, 0x00, 0x00, 0x00, 0x00, 0x00, 0x00, 0x00,
    0x00, 0x00, 0x00, 0x00, 0x00, 0x00, 0x00, 0x00, 0x30, 0x30, 0x30, 0xff,
    0x30, 0x34, 0x30, 0xff, 0x38, 0x34, 0x38, 0xff, 0x38, 0x30, 0x38, 0xff,
    0x08, 0x08, 0x08, 0xff, 0x10, 0x0c, 0x10, 0xff, 0x08, 0x08, 0x08, 0xff,
    0x08, 0x08, 0x08, 0xff, 0x08, 0x0c, 0x08, 0xff, 0x10, 0x08, 0x10, 0xff,
    0x08, 0x08, 0x08, 0xff, 0x10, 0x0c, 0x10, 0xff, 0x08, 0x0c, 0x08, 0xff,
    0x08, 0x08, 0x08, 0xff, 0x08, 0x0c, 0x08, 0xff, 0x08, 0x0c, 0x08, 0xff,
    0x08, 0x08, 0x08, 0xff, 0x08, 0x0c, 0x08, 0xff, 0x10, 0x0c, 0x10, 0xff,
    0x08, 0x08, 0x08, 0xff, 0x08, 0x0c, 0x08, 0xff, 0x08, 0x08, 0x08, 0xff,
    0x08, 0x0c, 0x08, 0xff, 0x08, 0x08, 0x08, 0xff, 0x10, 0x0c, 0x10, 0xff,
    0x08, 0x08, 0x08, 0xff, 0x08, 0x0c, 0x08, 0xff, 0x08, 0x08, 0x08, 0xff,
    0x08, 0x0c, 0x08, 0xff, 0x10, 0x08, 0x10, 0xff, 0x08, 0x0c, 0x08, 0xff,
    0x08, 0x08, 0x08, 0xff, 0x08, 0x08, 0x08, 0xff, 0x10, 0x0c, 0x10, 0xff,
    0x08, 0x08, 0x08, 0xff, 0x08, 0x08, 0x08, 0xff, 0x08, 0x0c, 0x08, 0xff,
    0x08, 0x08, 0x08, 0xff, 0x10, 0x0c, 0x10, 0xff, 0x08, 0x0c, 0x08, 0xff,
    0x08, 0x08, 0x08, 0xff, 0x08, 0x0c, 0x08, 0xff, 0x10, 0x08, 0x10, 0xff,
    0x08, 0x0c, 0x08, 0xff, 0x08, 0x0c, 0x08, 0xff, 0x08, 0x08, 0x08, 0xff,
    0x10, 0x0c, 0x10, 0xff, 0x08, 0x08, 0x08, 0xff, 0x08, 0x08, 0x08, 0xff,
    0x08, 0x0c, 0x08, 0xff, 0x10, 0x08, 0x10, 0xff, 0x08, 0x08, 0x08, 0xff,
    0x08, 0x0c, 0x08, 0xff, 0x10, 0x0c, 0x10, 0xff, 0x08, 0x08, 0x08, 0xff,
    0x08, 0x0c, 0x08, 0xff, 0x08, 0x08, 0x08, 0xff, 0x08, 0x0c, 0x08, 0xff,
    0x08, 0x08, 0x08, 0xff, 0x08, 0x0c, 0x08, 0xff, 0x38, 0x34, 0x38, 0xff,
    0x38, 0x34, 0x38, 0xff, 0x30, 0x34, 0x30, 0xff, 0x38, 0x34, 0x38, 0xff,
    0x00, 0x00, 0x00, 0x00, 0x00, 0x00, 0x00, 0x00, 0x00, 0x00, 0x00, 0x00,
    0x00, 0x00, 0x00, 0x00, 0x00, 0x00, 0x00, 0x00, 0x00, 0x00, 0x00, 0x00,
    0x00, 0x00, 0x00, 0x00, 0x00, 0x00, 0x00, 0x00, 0x00, 0x00, 0x00, 0x00,
    0x00, 0x00, 0x00, 0x00, 0x00, 0x00, 0x00, 0x00, 0x00, 0x00, 0x00, 0x00,
    0x00, 0x00, 0x00, 0x00, 0x00, 0x00, 0x00, 0x00, 0x00, 0x00, 0x00, 0x00,
    0x00, 0x00, 0x00, 0x00, 0x38, 0x34, 0x38, 0xff, 0x30, 0x34, 0x30, 0xff,
    0x30, 0x34, 0x30, 0xff, 0x38, 0x34, 0x38, 0xff, 0x08, 0x08, 0x08, 0xff,
    0x08, 0x0c, 0x08, 0xff, 0x10, 0x0c, 0x10, 0xff, 0x08, 0x08, 0x08, 0xff,
    0x08, 0x0c, 0x08, 0xff, 0x08, 0x0c, 0x08, 0xff, 0x08, 0x08, 0x08, 0xff,
    0x08, 0x08, 0x08, 0xff, 0x10, 0x0c, 0x10, 0xff, 0x10, 0x08, 0x10, 0xff,
    0x08, 0x08, 0x08, 0xff, 0x10, 0x0c, 0x10, 0xff, 0x08, 0x08, 0x08, 0xff,
    0x08, 0x0c, 0x08, 0xff, 0x08, 0x08, 0x08, 0xff, 0x10, 0x0c, 0x10, 0xff,
    0x08, 0x0c, 0x08, 0xff, 0x10, 0x08, 0x10, 0xff, 0x08, 0x08, 0x08, 0xff,
    0x08, 0x0c, 0x08, 0xff, 0x10, 0x08, 0x10, 0xff, 0x08, 0x08, 0x08, 0xff,
    0x08, 0x0c, 0x08, 0xff, 0x10, 0x0c, 0x10, 0xff, 0x08, 0x08, 0x08, 0xff,
    0x08, 0x0c, 0x08, 0xff, 0x08, 0x08, 0x08, 0xff, 0x08, 0x0c, 0x08, 0xff,
    0x08, 0x0c, 0x08, 0xff, 0x08, 0x08, 0x08, 0xff, 0x10, 0x0c, 0x10, 0xff,
    0x08, 0x08, 0x08, 0xff, 0x08, 0x08, 0x08, 0xff, 0x08, 0x0c, 0x08, 0xff,
    0x08, 0x08, 0x08, 0xff, 0x10, 0x08, 0x10, 0xff, 0x08, 0x0c, 0x08, 0xff,
    0x08, 0x0c, 0x08, 0xff, 0x08, 0x08, 0x08, 0xff, 0x10, 0x08, 0x10, 0xff,
    0x08, 0x0c, 0x08, 0xff, 0x08, 0x08, 0x08, 0xff, 0x08, 0x0c, 0x08, 0xff,
    0x10, 0x0c, 0x10, 0xff, 0x08, 0x08, 0x08, 0xff, 0x08, 0x0c, 0x08, 0xff,
    0x08, 0x0c, 0x08, 0xff, 0x08, 0x08, 0x08, 0xff, 0x08, 0x08, 0x08, 0xff,
    0x10, 0x08, 0x10, 0xff, 0x08, 0x0c, 0x08, 0xff, 0x08, 0x08, 0x08, 0xff,
    0x10, 0x0c, 0x10, 0xff, 0x08, 0x08, 0x08, 0xff, 0x08, 0x08, 0x08, 0xff,
    0x08, 0x0c, 0x08, 0xff, 0x38, 0x34, 0x38, 0xff, 0x30, 0x30, 0x30, 0xff,
    0x30, 0x34, 0x30, 0xff, 0x38, 0x34, 0x38, 0xff, 0x00, 0x00, 0x00, 0x00,
    0x00, 0x00, 0x00, 0x00, 0x00, 0x00, 0x00, 0x00, 0x00, 0x00, 0x00, 0x00,
    0x00, 0x00, 0x00, 0x00, 0x00, 0x00, 0x00, 0x00, 0x00, 0x00, 0x00, 0x00,
    0x00, 0x00, 0x00, 0x00, 0x00, 0x00, 0x00, 0x00, 0x00, 0x00, 0x00, 0x00,
    0x00, 0x00, 0x00, 0x00, 0x00, 0x00, 0x00, 0x00, 0x00, 0x00, 0x00, 0x00,
    0x00, 0x00, 0x00, 0x00, 0x00, 0x00, 0x00, 0x00, 0x00, 0x00, 0x00, 0x00,
    0x30, 0x34, 0x30, 0xff, 0x38, 0x30, 0x38, 0xff, 0x30, 0x34, 0x30, 0xff,
    0x30, 0x34, 0x30, 0xff, 0x08, 0x08, 0x08, 0xff, 0x08, 0x08, 0x08, 0xff,
    0x08, 0x0c, 0x08, 0xff, 0x10, 0x08, 0x10, 0xff, 0x08, 0x08, 0x08, 0xff,
    0x08, 0x0c, 0x08, 0xff, 0x10, 0x0c, 0x10, 0xff, 0x08, 0x08, 0x08, 0xff,
    0x08, 0x0c, 0x08, 0xff, 0x08, 0x08, 0x08, 0xff, 0x08, 0x0c, 0x08, 0xff,
    0x08, 0x08, 0x08, 0xff, 0x10, 0x0c, 0x10, 0xff, 0x08, 0x08, 0x08, 0xff,
    0x08, 0x08, 0x08, 0xff, 0x08, 0x0c, 0x08, 0xff, 0x08, 0x08, 0x08, 0xff,
    0x10, 0x0c, 0x10, 0xff, 0x08, 0x0c, 0x08, 0xff, 0x08, 0x08, 0x08, 0xff,
    0x08, 0x0c, 0x08, 0xff, 0x08, 0x0c, 0x08, 0xff, 0x10, 0x08, 0x10, 0xff,
    0x08, 0x08, 0x08, 0xff, 0x08, 0x0c, 0x08, 0xff, 0x08, 0x08, 0x08, 0xff,
    0x10, 0x08, 0x10, 0xff, 0x10, 0x0c, 0x10, 0xff, 0x08, 0x08, 0x08, 0xff,
    0x08, 0x0c, 0x08, 0xff, 0x08, 0x0c, 0x08, 0xff, 0x10, 0x08, 0x10, 0xff,
    0x08, 0x0c, 0x08, 0xff, 0x08, 0x0c, 0x08, 0xff, 0x08, 0x08, 0x08, 0xff,
    0x08, 0x08, 0x08, 0xff, 0x10, 0x0c, 0x10, 0xff, 0x08, 0x08, 0x08, 0xff,
    0x08, 0x0c, 0x08, 0xff, 0x08, 0x08, 0x08, 0xff, 0x10, 0x08, 0x10, 0xff,
    0x08, 0x0c, 0x08, 0xff, 0x08, 0x08, 0x08, 0xff, 0x08, 0x0c, 0x08, 0xff,
    0x10, 0x08, 0x10, 0xff, 0x08, 0x08, 0x08, 0xff, 0x10, 0x0c, 0x10, 0xff,
    0x08, 0x0c, 0x08, 0xff, 0x08, 0x08, 0x08, 0xff, 0x08, 0x0c, 0x08, 0xff,
    0x08, 0x0c, 0x08, 0xff, 0x10, 0x08, 0x10, 0xff, 0x08, 0x0c, 0x08, 0xff,
    0x10, 0x0c, 0x10, 0xff, 0x08, 0x08, 0x08, 0xff, 0x08, 0x08, 0x08, 0xff,
    0x38, 0x34, 0x38, 0xff, 0x30, 0x34, 0x30, 0xff, 0x30, 0x30, 0x30, 0xff,
    0x30, 0x34, 0x30, 0xff, 0x00, 0x00, 0x00, 0x00, 0x00, 0x00, 0x00, 0x00,
    0x00, 0x00, 0x00, 0x00, 0x00, 0x00, 0x00, 0x00, 0x00, 0x00, 0x00, 0x00,
    0x00, 0x00, 0x00, 0x00, 0x00, 0x00, 0x00, 0x00, 0x00, 0x00, 0x00, 0x00,
    0x00, 0x00, 0x00, 0x00, 0x00, 0x00, 0x00, 0x00, 0x00, 0x00, 0x00, 0x00,
    0x00, 0x00, 0x00, 0x00, 0x00, 0x00, 0x00, 0x00, 0x00, 0x00, 0x00, 0x00,
    0x00, 0x00, 0x00, 0x00, 0x00, 0x00, 0x00, 0x00, 0x30, 0x34, 0x30, 0xff,
    0x38, 0x30, 0x38, 0xff, 0x30, 0x34, 0x30, 0xff, 0x38, 0x34, 0x38, 0xff,
    0x08, 0x08, 0x08, 0xff, 0x08, 0x0c, 0x08, 0xff, 0x08, 0x0c, 0x08, 0xff,
    0x08, 0x08, 0x08, 0xff, 0x10, 0x08, 0x10, 0xff, 0x08, 0x0c, 0x08, 0xff,
    0x08, 0x08, 0x08, 0xff, 0x08, 0x0c, 0x08, 0xff, 0x08, 0x08, 0x08, 0xff,
    0x08, 0x0c, 0x08, 0xff, 0x10, 0x0c, 0x10, 0xff, 0x08, 0x08, 0x08, 0xff,
    0x08, 0x0c, 0x08, 0xff, 0x10, 0x0c, 0x10, 0xff, 0x08, 0x08, 0x08, 0xff,
    0x08, 0x08, 0x08, 0xff, 0x08, 0x0c, 0x08, 0xff, 0x08, 0x08, 0x08, 0xff,
    0x10, 0x0c, 0x10, 0xff, 0x08, 0x08, 0x08, 0xff, 0x08, 0x0c, 0x08, 0xff,
    0x10, 0x08, 0x10, 0xff, 0x08, 0x08, 0x08, 0xff, 0x08, 0x0c, 0x08, 0xff,
    0x08, 0x0c, 0x08, 0xff, 0x10, 0x08, 0x10, 0xff, 0x08, 0x0c, 0x08, 0xff,
    0x08, 0x08, 0x08, 0xff, 0x08, 0x08, 0x08, 0xff, 0x10, 0x0c, 0x10, 0xff,
    0x08, 0x08, 0x08, 0xff, 0x08, 0x08, 0x08, 0xff, 0x10, 0x0c, 0x10, 0xff,
    0x08, 0x0c, 0x08, 0xff, 0x08, 0x08, 0x08, 0xff, 0x10, 0x0c, 0x10, 0xff,
    0x08, 0x0c, 0x08, 0xff, 0x08, 0x08, 0x08, 0xff, 0x08, 0x0c, 0x08, 0xff,
    0x08, 0x0c, 0x08, 0xff, 0x08, 0x08, 0x08, 0xff, 0x10, 0x0c, 0x10, 0xff,
    0x08, 0x08, 0x08, 0xff, 0x08, 0x0c, 0x08, 0xff, 0x08, 0x0c, 0x08, 0xff,
    0x08, 0x08, 0x08, 0xff, 0x08, 0x08, 0x08, 0xff, 0x10, 0x0c, 0x10, 0xff,
    0x08, 0x0c, 0x08, 0xff, 0x08, 0x08, 0x08, 0xff, 0x10, 0x08, 0x10, 0xff,
    0x08, 0x0c, 0x08, 0xff, 0x08, 0x08, 0x08, 0xff, 0x08, 0x0c, 0x08, 0xff,
    0x08, 0x0c, 0x08, 0xff, 0x08, 0x08, 0x08, 0xff, 0x38, 0x34, 0x38, 0xff,
    0x38, 0x34, 0x38, 0xff, 0x30, 0x34, 0x30, 0xff, 0x38, 0x30, 0x38, 0xff,
    0x00, 0x00, 0x00, 0x00, 0x00, 0x00, 0x00, 0x00, 0x00, 0x00, 0x00, 0x00,
    0x00, 0x00, 0x00, 0x00, 0x00, 0x00, 0x00, 0x00, 0x00, 0x00, 0x00, 0x00,
    0x00, 0x00, 0x00, 0x00, 0x00, 0x00, 0x00, 0x00, 0x00, 0x00, 0x00, 0x00,
    0x00, 0x00, 0x00, 0x00, 0x00, 0x00, 0x00, 0x00, 0x00, 0x00, 0x00, 0x00,
    0x00, 0x00, 0x00, 0x00, 0x00, 0x00, 0x00, 0x00, 0x00, 0x00, 0x00, 0x00,
    0x00, 0x00, 0x00, 0x00, 0x30, 0x34, 0x30, 0xff, 0x30, 0x34, 0x30, 0xff,
    0x38, 0x34, 0x38, 0xff, 0x30, 0x34, 0x30, 0xff, 0x08, 0x08, 0x08, 0xff,
    0x10, 0x0c, 0x10, 0xff, 0x08, 0x08, 0x08, 0xff, 0x08, 0x0c, 0x08, 0xff,
    0x08, 0x0c, 0x08, 0xff, 0x10, 0x08, 0x10, 0xff, 0x08, 0x0c, 0x08, 0xff,
    0x10, 0x08, 0x10, 0xff, 0x08, 0x08, 0x08, 0xff, 0x08, 0x0c, 0x08, 0xff,
    0x10, 0x08, 0x10, 0xff, 0x08, 0x08, 0x08, 0xff, 0x08, 0x0c, 0x08, 0xff,
    0x08, 0x0c, 0x08, 0xff, 0x10, 0x08, 0x10, 0xff, 0x08, 0x0c, 0x08, 0xff,
    0x10, 0x0c, 0x10, 0xff, 0x08, 0x08, 0x08, 0xff, 0x08, 0x08, 0x08, 0xff,
    0x08, 0x0c, 0x08, 0xff, 0x10, 0x08, 0x10, 0xff, 0x08, 0x0c, 0x08, 0xff,
    0x08, 0x0c, 0x08, 0xff, 0x08, 0x08, 0x08, 0xff, 0x10, 0x08, 0x10, 0xff,
    0x08, 0x0c, 0x08, 0xff, 0x08, 0x0c, 0x08, 0xff, 0x08, 0x08, 0x08, 0xff,
    0x08, 0x0c, 0x08, 0xff, 0x08, 0x0c, 0x08, 0xff, 0x08, 0x08, 0x08, 0xff,
    0x08, 0x0c, 0x08, 0xff, 0x10, 0x08, 0x10, 0xff, 0x08, 0x08, 0x08, 0xff,
    0x08, 0x0c, 0x08, 0xff, 0x10, 0x08, 0x10, 0xff, 0x08, 0x08, 0x08, 0xff,
    0x08, 0x0c, 0x08, 0xff, 0x10, 0x08, 0x10, 0xff, 0x08, 0x0c, 0x08, 0xff,
    0x08, 0x0c, 0x08, 0xff, 0x10, 0x08, 0x10, 0xff, 0x08, 0x08, 0x08, 0xff,
    0x08, 0x0c, 0x08, 0xff, 0x10, 0x0c, 0x10, 0xff, 0x08, 0x08, 0x08, 0xff,
    0x08, 0x0c, 0x08, 0xff, 0x10, 0x08, 0x10, 0xff, 0x08, 0x08, 0x08, 0xff,
    0x08, 0x0c, 0x08, 0xff, 0x08, 0x08, 0x08, 0xff, 0x08, 0x0c, 0x08, 0xff,
    0x08, 0x08, 0x08, 0xff, 0x10, 0x08, 0x10, 0xff, 0x08, 0x0c, 0x08, 0xff,
    0x08, 0x08, 0x08, 0xff, 0x30, 0x34, 0x30, 0xff, 0x30, 0x34, 0x30, 0xff,
    0x38, 0x34, 0x38, 0xff, 0x30, 0x34, 0x30, 0xff, 0x00, 0x00, 0x00, 0x00,
    0x00, 0x00, 0x00, 0x00, 0x00, 0x00, 0x00, 0x00, 0x00, 0x00, 0x00, 0x00,
    0x00, 0x00, 0x00, 0x00, 0x00, 0x00, 0x00, 0x00, 0x00, 0x00, 0x00, 0x00,
    0x00, 0x00, 0x00, 0x00, 0x00, 0x00, 0x00, 0x00, 0x00, 0x00, 0x00, 0x00,
    0x00, 0x00, 0x00, 0x00, 0x00, 0x00, 0x00, 0x00, 0x00, 0x00, 0x00, 0x00,
    0x00, 0x00, 0x00, 0x00, 0x00, 0x00, 0x00, 0x00, 0x00, 0x00, 0x00, 0x00,
    0x38, 0x34, 0x38, 0xff, 0x30, 0x30, 0x30, 0xff, 0x30, 0x34, 0x30, 0xff,
    0x38, 0x34, 0x38, 0xff, 0x08, 0x08, 0x08, 0xff, 0x08, 0x08, 0x08, 0xff,
    0x10, 0x0c, 0x10, 0xff, 0x08, 0x08, 0x08, 0xff, 0x08, 0x0c, 0x08, 0xff,
    0x08, 0x08, 0x08, 0xff, 0x08, 0x0c, 0x08, 0xff, 0x10, 0x0c, 0x10, 0xff,
    0x08, 0x08, 0x08, 0xff, 0x08, 0x0c, 0x08, 0xff, 0x08, 0x08, 0x08, 0xff,
    0x08, 0x08, 0x08, 0xff, 0x08, 0x0c, 0x08, 0xff, 0x08, 0x08, 0x08, 0xff,
    0x08, 0x08, 0x08, 0xff, 0x08, 0x0c, 0x08, 0xff, 0x08, 0x08, 0x08, 0xff,
    0x10, 0x0c, 0x10, 0xff, 0x08, 0x0c, 0x08, 0xff, 0x08, 0x08, 0x08, 0xff,
    0x08, 0x08, 0x08, 0xff, 0x08, 0x0c, 0x08, 0xff, 0x08, 0x0c, 0x08, 0xff,
    0x10, 0x08, 0x10, 0xff, 0x08, 0x08, 0x08, 0xff, 0x08, 0x0c, 0x08, 0xff,
    0x10, 0x08, 0x10, 0xff, 0x08, 0x0c, 0x08, 0xff, 0x10, 0x08, 0x10, 0xff,
    0x08, 0x08, 0x08, 0xff, 0x08, 0x0c, 0x08, 0xff, 0x10, 0x0c, 0x10, 0xff,
    0x08, 0x08, 0x08, 0xff, 0x08, 0x0c, 0x08, 0xff, 0x08, 0x0c, 0x08, 0xff,
    0x08, 0x08, 0x08, 0xff, 0x08, 0x0c, 0x08, 0xff, 0x10, 0x08, 0x10, 0xff,
    0x08, 0x08, 0x08, 0xff, 0x08, 0x08, 0x08, 0xff, 0x10, 0x0c, 0x10, 0xff,
    0x08, 0x08, 0x08, 0xff, 0x08, 0x0c, 0x08, 0xff, 0x08, 0x08, 0x08, 0xff,
    0x10, 0x08, 0x10, 0xff, 0x08, 0x0c, 0x08, 0xff, 0x08, 0x0c, 0x08, 0xff,
    0x08, 0x08, 0x08, 0xff, 0x10, 0x0c, 0x10, 0xff, 0x08, 0x0c, 0x08, 0xff,
    0x08, 0x08, 0x08, 0xff, 0x10, 0x0c, 0x10, 0xff, 0x08, 0x0c, 0x08, 0xff,
    0x08, 0x08, 0x08, 0xff, 0x10, 0x08, 0x10, 0xff, 0x08, 0x0c, 0x08, 0xff,
    0x38, 0x34, 0x38, 0xff, 0x30, 0x30, 0x30, 0xff, 0x30, 0x34, 0x30, 0xff,
    0x38, 0x34, 0x38, 0xff, 0x00, 0x00, 0x00, 0x00, 0x00, 0x00, 0x00, 0x00,
    0x00, 0x00, 0x00, 0x00, 0x00, 0x00, 0x00, 0x00, 0x00, 0x00, 0x00, 0x00,
    0x00, 0x00, 0x00, 0x00, 0x00, 0x00, 0x00, 0x00, 0x00, 0x00, 0x00, 0x00,
    0x00, 0x00, 0x00, 0x00, 0x00, 0x00, 0x00, 0x00, 0x00, 0x00, 0x00, 0x00,
    0x00, 0x00, 0x00, 0x00, 0x00, 0x00, 0x00, 0x00, 0x00, 0x00, 0x00, 0x00,
    0x00, 0x00, 0x00, 0x00, 0x00, 0x00, 0x00, 0x00, 0x30, 0x34, 0x30, 0xff,
    0x38, 0x30, 0x38, 0xff, 0x30, 0x34, 0x30, 0xff, 0x38, 0x34, 0x38, 0xff,
    0x08, 0x08, 0x08, 0xff, 0x08, 0x0c, 0x08, 0xff, 0x08, 0x08, 0x08, 0xff,
    0x10, 0x0c, 0x10, 0xff, 0x08, 0x08, 0x08, 0xff, 0x08, 0x08, 0x08, 0xff,
    0x08, 0x0c, 0x08, 0xff, 0x08, 0x08, 0x08, 0xff, 0x10, 0x0c, 0x10, 0xff,
    0x08, 0x0c, 0x08, 0xff, 0x08, 0x0c, 0x08, 0xff, 0x10, 0x08, 0x10, 0xff,
    0x10, 0x0c, 0x10, 0xff, 0x08, 0x08, 0x08, 0xff, 0x10, 0x0c, 0x10, 0xff,
    0x08, 0x08, 0x08, 0xff, 0x08, 0x08, 0x08, 0xff, 0x08, 0x0c, 0x08, 0xff,
    0x10, 0x0c, 0x10, 0xff, 0x08, 0x08, 0x08, 0xff, 0x08, 0x0c, 0x08, 0xff,
    0x10, 0x08, 0x10, 0xff, 0x08, 0x08, 0x08, 0xff, 0x08, 0x0c, 0x08, 0xff,
    0x08, 0x0c, 0x08, 0xff, 0x08, 0x08, 0x08, 0xff, 0x08, 0x0c, 0x08, 0xff,
    0x08, 0x08, 0x08, 0xff, 0x10, 0x0c, 0x10, 0xff, 0x08, 0x08, 0x08, 0xff,
    0x08, 0x0c, 0x08, 0xff, 0x08, 0x08, 0x08, 0xff, 0x08, 0x08, 0x08, 0xff,
    0x10, 0x0c, 0x10, 0xff, 0x08, 0x08, 0x08, 0xff, 0x08, 0x0c, 0x08, 0xff,
    0x10, 0x0c, 0x10, 0xff, 0x08, 0x0c, 0x08, 0xff, 0x08, 0x08, 0x08, 0xff,
    0x08, 0x0c, 0x08, 0xff, 0x08, 0x08, 0x08, 0xff, 0x08, 0x0c, 0x08, 0xff,
    0x08, 0x0c, 0x08, 0xff, 0x10, 0x08, 0x10, 0xff, 0x08, 0x08, 0x08, 0xff,
    0x08, 0x0c, 0x08, 0xff, 0x08, 0x08, 0x08, 0xff, 0x08, 0x08, 0x08, 0xff,
    0x08, 0x0c, 0x08, 0xff, 0x10, 0x08, 0x10, 0xff, 0x08, 0x08, 0x08, 0xff,
    0x08, 0x0c, 0x08, 0xff, 0x10, 0x08, 0x10, 0xff, 0x08, 0x0c, 0x08, 0xff,
    0x08, 0x0c, 0x08, 0xff, 0x08, 0x08, 0x08, 0xff, 0x38, 0x34, 0x38, 0xff,
    0x30, 0x34, 0x30, 0xff, 0x30, 0x30, 0x30, 0xff, 0x38, 0x34, 0x38, 0xff,
    0x00, 0x00, 0x00, 0x00, 0x00, 0x00, 0x00, 0x00, 0x00, 0x00, 0x00, 0x00,
    0x00, 0x00, 0x00, 0x00, 0x00, 0x00, 0x00, 0x00, 0x00, 0x00, 0x00, 0x00,
    0x00, 0x00, 0x00, 0x00, 0x00, 0x00, 0x00, 0x00, 0x00, 0x00, 0x00, 0x00,
    0x00, 0x00, 0x00, 0x00, 0x00, 0x00, 0x00, 0x00, 0x00, 0x00, 0x00, 0x00,
    0x00, 0x00, 0x00, 0x00, 0x00, 0x00, 0x00, 0x00, 0x00, 0x00, 0x00, 0x00,
    0x00, 0x00, 0x00, 0x00, 0x30, 0x34, 0x30, 0xff, 0x30, 0x34, 0x30, 0xff,
    0x38, 0x34, 0x38, 0xff, 0x30, 0x34, 0x30, 0xff, 0x08, 0x08, 0x08, 0xff,
    0x08, 0x0c, 0x08, 0xff, 0x10, 0x08, 0x10, 0xff, 0x08, 0x0c, 0x08, 0xff,
    0x08, 0x0c, 0x08, 0xff, 0x10, 0x08, 0x10, 0xff, 0x08, 0x08, 0x08, 0xff,
    0x08, 0x0c, 0x08, 0xff, 0x08, 0x08, 0x08, 0xff, 0x10, 0x08, 0x10, 0xff,
    0x08, 0x0c, 0x08, 0xff, 0x08, 0x08, 0x08, 0xff, 0x08, 0x0c, 0x08, 0xff,
    0x08, 0x0c, 0x08, 0xff, 0x08, 0x08, 0x08, 0xff, 0x10, 0x0c, 0x10, 0xff,
    0x08, 0x0c, 0x08, 0xff, 0x08, 0x08, 0x08, 0xff, 0x08, 0x08, 0x08, 0xff,
    0x10, 0x0c, 0x10, 0xff, 0x08, 0x0c, 0x08, 0xff, 0x08, 0x08, 0x08, 0xff,
    0x10, 0x0c, 0x10, 0xff, 0x08, 0x0c, 0x08, 0xff, 0x08, 0x08, 0x08, 0xff,
    0x10, 0x0c, 0x10, 0xff, 0x08, 0x08, 0x08, 0xff, 0x08, 0x0c, 0x08, 0xff,
    0x08, 0x0c, 0x08, 0xff, 0x10, 0x08, 0x10, 0xff, 0x08, 0x0c, 0x08, 0xff,
    0x08, 0x08, 0x08, 0xff, 0x10, 0x0c, 0x10, 0xff, 0x08, 0x08, 0x08, 0xff,
    0x08, 0x08, 0x08, 0xff, 0x10, 0x08, 0x10, 0xff, 0x08, 0x0c, 0x08, 0xff,
    0x08, 0x08, 0x08, 0xff, 0x10, 0x0c, 0x10, 0xff, 0x08, 0x0c, 0x08, 0xff,
    0x08, 0x08, 0x08, 0xff, 0x10, 0x08, 0x10, 0xff, 0x08, 0x0c, 0x08, 0xff,
    0x08, 0x0c, 0x08, 0xff, 0x08, 0x08, 0x08, 0xff, 0x10, 0x0c, 0x10, 0xff,
    0x10, 0x0c, 0x10, 0xff, 0x08, 0x08, 0x08, 0xff, 0x08, 0x0c, 0x08, 0xff,
    0x08, 0x08, 0x08, 0xff, 0x08, 0x0c, 0x08, 0xff, 0x08, 0x08, 0x08, 0xff,
    0x08, 0x08, 0x08, 0xff, 0x10, 0x0c, 0x10, 0xff, 0x08, 0x08, 0x08, 0xff,
    0x08, 0x08, 0x08, 0xff, 0x38, 0x34, 0x38, 0xff, 0x30, 0x34, 0x30, 0xff,
    0x30, 0x34, 0x30, 0xff, 0x30, 0x30, 0x30, 0xff, 0x00, 0x00, 0x00, 0x00,
    0x00, 0x00, 0x00, 0x00, 0x00, 0x00, 0x00, 0x00, 0x00, 0x00, 0x00, 0x00,
    0x00, 0x00, 0x00, 0x00, 0x00, 0x00, 0x00, 0x00, 0x00, 0x00, 0x00, 0x00,
    0x00, 0x00, 0x00, 0x00, 0x00, 0x00, 0x00, 0x00, 0x00, 0x00, 0x00, 0x00,
    0x00, 0x00, 0x00, 0x00, 0x00, 0x00, 0x00, 0x00, 0x00, 0x00, 0x00, 0x00,
    0x00, 0x00, 0x00, 0x00, 0x00, 0x00, 0x00, 0x00, 0x00, 0x00, 0x00, 0x00,
    0x38, 0x30, 0x38, 0xff, 0x30, 0x34, 0x30, 0xff, 0x30, 0x34, 0x30, 0xff,
    0x38, 0x30, 0x38, 0xff, 0x08, 0x08, 0x08, 0xff, 0x08, 0x0c, 0x08, 0xff,
    0x08, 0x08, 0x08, 0xff, 0x08, 0x08, 0x08, 0xff, 0x10, 0x0c, 0x10, 0xff,
    0x08, 0x0c, 0x08, 0xff, 0x08, 0x08, 0x08, 0xff, 0x10, 0x0c, 0x10, 0xff,
    0x08, 0x08, 0x08, 0xff, 0x08, 0x08, 0x08, 0xff, 0x08, 0x0c, 0x08, 0xff,
    0x08, 0x08, 0x08, 0xff, 0x10, 0x08, 0x10, 0xff, 0x08, 0x0c, 0x08, 0xff,
    0x08, 0x08, 0x08, 0xff, 0x08, 0x0c, 0x08, 0xff, 0x10, 0x08, 0x10, 0xff,
    0x08, 0x08, 0x08, 0xff, 0x08, 0x0c, 0x08, 0xff, 0x08, 0x08, 0x08, 0xff,
    0x08, 0x08, 0x08, 0xff, 0x08, 0x0c, 0x08, 0xff, 0x10, 0x08, 0x10, 0xff,
    0x08, 0x08, 0x08, 0xff, 0x08, 0x0c, 0x08, 0xff, 0x10, 0x08, 0x10, 0xff,
    0x08, 0x08, 0x08, 0xff, 0x08, 0x0c, 0x08, 0xff, 0x08, 0x08, 0x08, 0xff,
    0x08, 0x08, 0x08, 0xff, 0x10, 0x0c, 0x10, 0xff, 0x08, 0x0c, 0x08, 0xff,
    0x08, 0x08, 0x08, 0xff, 0x08, 0x0c, 0x08, 0xff, 0x08, 0x0c, 0x08, 0xff,
    0x08, 0x08, 0x08, 0xff, 0x08, 0x08, 0x08, 0xff, 0x08, 0x0c, 0x08, 0xff,
    0x10, 0x08, 0x10, 0xff, 0x08, 0x08, 0x08, 0xff, 0x08, 0x0c, 0x08, 0xff,
    0x10, 0x08, 0x10, 0xff, 0x08, 0x08, 0x08, 0xff, 0x08, 0x0c, 0x08, 0xff,
    0x08, 0x08, 0x08, 0xff, 0x08, 0x08, 0x08, 0xff, 0x08, 0x0c, 0x08, 0xff,
    0x10, 0x0c, 0x10, 0xff, 0x08, 0x08, 0x08, 0xff, 0x10, 0x0c, 0x10, 0xff,
    0x08, 0x0c, 0x08, 0xff, 0x08, 0x08, 0x08, 0xff, 0x08, 0x0c, 0x08, 0xff,
    0x08, 0x0c, 0x08, 0xff, 0x08, 0x08, 0x08, 0xff, 0x08, 0x0c, 0x08, 0xff,
    0x38, 0x34, 0x38, 0xff, 0x38, 0x34, 0x38, 0xff, 0x30, 0x34, 0x30, 0xff,
    0x38, 0x34, 0x38, 0xff, 0x00, 0x00, 0x00, 0x00, 0x00, 0x00, 0x00, 0x00,
    0x00, 0x00, 0x00, 0x00, 0x00, 0x00, 0x00, 0x00, 0x00, 0x00, 0x00, 0x00,
    0x00, 0x00, 0x00, 0x00, 0x00, 0x00, 0x00, 0x00, 0x00, 0x00, 0x00, 0x00,
    0x00, 0x00, 0x00, 0x00, 0x00, 0x00, 0x00, 0x00, 0x00, 0x00, 0x00, 0x00,
    0x00, 0x00, 0x00, 0x00, 0x00, 0x00, 0x00, 0x00, 0x00, 0x00, 0x00, 0x00,
    0x00, 0x00, 0x00, 0x00, 0x00, 0x00, 0x00, 0x00, 0x30, 0x34, 0x30, 0xff,
    0x38, 0x34, 0x38, 0xff, 0x30, 0x34, 0x30, 0xff, 0x38, 0x34, 0x38, 0xff,
    0x08, 0x08, 0x08, 0xff, 0x08, 0x0c, 0x08, 0xff, 0x10, 0x0c, 0x10, 0xff,
    0x08, 0x08, 0x08, 0xff, 0x08, 0x08, 0x08, 0xff, 0x08, 0x0c, 0x08, 0xff,
    0x08, 0x0c, 0x08, 0xff, 0x10, 0x08, 0x10, 0xff, 0x08, 0x0c, 0x08, 0xff,
    0x08, 0x0c, 0x08, 0xff, 0x10, 0x08, 0x10, 0xff, 0x08, 0x0c, 0x08, 0xff,
    0x08, 0x0c, 0x08, 0xff, 0x10, 0x08, 0x10, 0xff, 0x08, 0x0c, 0x08, 0xff,
    0x08, 0x08, 0x08, 0xff, 0x08, 0x0c, 0x08, 0xff, 0x10, 0x0c, 0x10, 0xff,
    0x08, 0x08, 0x08, 0xff, 0x10, 0x0c, 0x10, 0xff, 0x08, 0x08, 0x08, 0xff,
    0x08, 0x0c, 0x08, 0xff, 0x08, 0x08, 0x08, 0xff, 0x08, 0x0c, 0x08, 0xff,
    0x08, 0x0c, 0x08, 0xff, 0x08, 0x08, 0x08, 0xff, 0x10, 0x0c, 0x10, 0xff,
    0x08, 0x0c, 0x08, 0xff, 0x08, 0x08, 0x08, 0xff, 0x10, 0x0c, 0x10, 0xff,
    0x08, 0x08, 0x08, 0xff, 0x08, 0x08, 0x08, 0xff, 0x10, 0x0c, 0x10, 0xff,
    0x08, 0x0c, 0x08, 0xff, 0x10, 0x08, 0x10, 0xff, 0x08, 0x0c, 0x08, 0xff,
    0x08, 0x0c, 0x08, 0xff, 0x10, 0x08, 0x10, 0xff, 0x08, 0x0c, 0x08, 0xff,
    0x08, 0x0c, 0x08, 0xff, 0x08, 0x0c, 0x08, 0xff, 0x08, 0x08, 0x08, 0xff,
    0x10, 0x0c, 0x10, 0xff, 0x08, 0x0c, 0x08, 0xff, 0x10, 0x08, 0x10, 0xff,
    0x08, 0x08, 0x08, 0xff, 0x08, 0x0c, 0x08, 0xff, 0x08, 0x08, 0x08, 0xff,
    0x08, 0x08, 0x08, 0xff, 0x10, 0x0c, 0x10, 0xff, 0x08, 0x08, 0x08, 0xff,
    0x10, 0x08, 0x10, 0xff, 0x10, 0x0c, 0x10, 0xff, 0x08, 0x08, 0x08, 0xff,
    0x08, 0x08, 0x08, 0xff, 0x08, 0x0c, 0x08, 0xff, 0x38, 0x34, 0x38, 0xff,
    0x30, 0x30, 0x30, 0xff, 0x30, 0x34, 0x30, 0xff, 0x38, 0x34, 0x38, 0xff,
    0x00, 0x00, 0x00, 0x00, 0x00, 0x00, 0x00, 0x00, 0x00, 0x00, 0x00, 0x00,
    0x00, 0x00, 0x00, 0x00, 0x00, 0x00, 0x00, 0x00, 0x00, 0x00, 0x00, 0x00,
    0x00, 0x00, 0x00, 0x00, 0x00, 0x00, 0x00, 0x00, 0x00, 0x00, 0x00, 0x00,
    0x00, 0x00, 0x00, 0x00, 0x00, 0x00, 0x00, 0x00, 0x00, 0x00, 0x00, 0x00,
    0x00, 0x00, 0x00, 0x00, 0x00, 0x00, 0x00, 0x00, 0x00, 0x00, 0x00, 0x00,
    0x00, 0x00, 0x00, 0x00, 0x30, 0x34, 0x30, 0xff, 0x30, 0x30, 0x30, 0xff,
    0x38, 0x34, 0x38, 0xff, 0x30, 0x34, 0x30, 0xff, 0x08, 0x08, 0x08, 0xff,
    0x10, 0x0c, 0x10, 0xff, 0x08, 0x0c, 0x08, 0xff, 0x08, 0x08, 0x08, 0xff,
    0x10, 0x0c, 0x10, 0xff, 0x08, 0x08, 0x08, 0xff, 0x08, 0x08, 0x08, 0xff,
    0x08, 0x0c, 0x08, 0xff, 0x08, 0x08, 0x08, 0xff, 0x10, 0x0c, 0x10, 0xff,
    0x08, 0x08, 0x08, 0xff, 0x08, 0x0c, 0x08, 0xff, 0x08, 0x08, 0x08, 0xff,
    0x08, 0x08, 0x08, 0xff, 0x10, 0x0c, 0x10, 0xff, 0x08, 0x08, 0x08, 0xff,
    0x08, 0x0c, 0x08, 0xff, 0x08, 0x08, 0x08, 0xff, 0x08, 0x0c, 0x08, 0xff,
    0x10, 0x0c, 0x10, 0xff, 0x08, 0x08, 0x08, 0xff, 0x08, 0x0c, 0x08, 0xff,
    0x10, 0x0c, 0x10, 0xff, 0x08, 0x08, 0x08, 0xff, 0x08, 0x08, 0x08, 0xff,
    0x10, 0x0c, 0x10, 0xff, 0x08, 0x08, 0x08, 0xff, 0x08, 0x08, 0x08, 0xff,
    0x10, 0x0c, 0x10, 0xff, 0x08, 0x0c, 0x08, 0xff, 0x08, 0x08, 0x08, 0xff,
    0x08, 0x08, 0x08, 0xff, 0x08, 0x0c, 0x08, 0xff, 0x08, 0x08, 0x08, 0xff,
    0x10, 0x08, 0x10, 0xff, 0x08, 0x0c, 0x08, 0xff, 0x08, 0x08, 0x08, 0xff,
    0x08, 0x08, 0x08, 0xff, 0x08, 0x0c, 0x08, 0xff, 0x10, 0x08, 0x10, 0xff,
    0x08, 0x08, 0x08, 0xff, 0x08, 0x0c, 0x08, 0xff, 0x08, 0x08, 0x08, 0xff,
    0x08, 0x0c, 0x08, 0xff, 0x08, 0x0c, 0x08, 0xff, 0x10, 0x08, 0x10, 0xff,
    0x08, 0x0c, 0x08, 0xff, 0x08, 0x08, 0x08, 0xff, 0x08, 0x0c, 0x08, 0xff,
    0x08, 0x0c, 0x08, 0xff, 0x08, 0x08, 0x08, 0xff, 0x08, 0x0c, 0x08, 0xff,
    0x08, 0x0c, 0x08, 0xff, 0x10, 0x08, 0x10, 0xff, 0x08, 0x08, 0x08, 0xff,
    0x08, 0x0c, 0x08, 0xff, 0x38, 0x34, 0x38, 0xff, 0x30, 0x30, 0x30, 0xff,
    0x30, 0x34, 0x30, 0xff, 0x30, 0x30, 0x30, 0xff, 0x00, 0x00, 0x00, 0x00,
    0x00, 0x00, 0x00, 0x00, 0x00, 0x00, 0x00, 0x00, 0x00, 0x00, 0x00, 0x00,
    0x00, 0x00, 0x00, 0x00, 0x00, 0x00, 0x00, 0x00, 0x00, 0x00, 0x00, 0x00,
    0x00, 0x00, 0x00, 0x00, 0x00, 0x00, 0x00, 0x00, 0x00, 0x00, 0x00, 0x00,
    0x00, 0x00, 0x00, 0x00, 0x00, 0x00, 0x00, 0x00, 0x00, 0x00, 0x00, 0x00,
    0x00, 0x00, 0x00, 0x00, 0x00, 0x00, 0x00, 0x00, 0x00, 0x00, 0x00, 0x00,
    0x38, 0x34, 0x38, 0xff, 0x30, 0x30, 0x30, 0xff, 0x30, 0x34, 0x30, 0xff,
    0x38, 0x34, 0x38, 0xff, 0x08, 0x08, 0x08, 0xff, 0x08, 0x08, 0x08, 0xff,
    0x08, 0x08, 0x08, 0xff, 0x08, 0x0c, 0x08, 0xff, 0x10, 0x0c, 0x10, 0xff,
    0x08, 0x08, 0x08, 0xff, 0x08, 0x0c, 0x08, 0xff, 0x10, 0x08, 0x10, 0xff,
    0x08, 0x0c, 0x08, 0xff, 0x08, 0x08, 0x08, 0xff, 0x08, 0x0c, 0x08, 0xff,
    0x10, 0x08, 0x10, 0xff, 0x08, 0x0c, 0x08, 0xff, 0x08, 0x0c, 0x08, 0xff,
    0x08, 0x08, 0x08, 0xff, 0x10, 0x0c, 0x10, 0xff, 0x08, 0x08, 0x08, 0xff,
    0x08, 0x08, 0x08, 0xff, 0x08, 0x0c, 0x08, 0xff, 0x08, 0x08, 0x08, 0xff,
    0x08, 0x08, 0x08, 0xff, 0x10, 0x0c, 0x10, 0xff, 0x08, 0x08, 0x08, 0xff,
    0x08, 0x08, 0x08, 0xff, 0x10, 0x0c, 0x10, 0xff, 0x08, 0x0c, 0x08, 0xff,
    0x08, 0x08, 0x08, 0xff, 0x08, 0x08, 0x08, 0xff, 0x08, 0x0c, 0x08, 0xff,
    0x08, 0x08, 0x08, 0xff, 0x10, 0x0c, 0x10, 0xff, 0x08, 0x0c, 0x08, 0xff,
    0x08, 0x08, 0x08, 0xff, 0x08, 0x0c, 0x08, 0xff, 0x08, 0x0c, 0x08, 0xff,
    0x10, 0x08, 0x10, 0xff, 0x08, 0x0c, 0x08, 0xff, 0x08, 0x0c, 0x08, 0xff,
    0x10, 0x08, 0x10, 0xff, 0x08, 0x08, 0x08, 0xff, 0x08, 0x0c, 0x08, 0xff,
    0x10, 0x0c, 0x10, 0xff, 0x08, 0x08, 0x08, 0xff, 0x08, 0x08, 0x08, 0xff,
    0x08, 0x0c, 0x08, 0xff, 0x08, 0x0c, 0x08, 0xff, 0x10, 0x08, 0x10, 0xff,
    0x08, 0x0c, 0x08, 0xff, 0x10, 0x08, 0x10, 0xff, 0x08, 0x08, 0x08, 0xff,
    0x08, 0x0c, 0x08, 0xff, 0x08, 0x08, 0x08, 0xff, 0x08, 0x0c, 0x08, 0xff,
    0x08, 0x0c, 0x08, 0xff, 0x10, 0x08, 0x10, 0xff, 0x08, 0x08, 0x08, 0xff,
    0x30, 0x34, 0x30, 0xff, 0x38, 0x34, 0x38, 0xff, 0x30, 0x34, 0x30, 0xff,
    0x38, 0x34, 0x38, 0xff, 0x00, 0x00, 0x00, 0x00, 0x00, 0x00, 0x00, 0x00,
    0x00, 0x00, 0x00, 0x00, 0x00, 0x00, 0x00, 0x00, 0x00, 0x00, 0x00, 0x00,
    0x00, 0x00, 0x00, 0x00, 0x00, 0x00, 0x00, 0x00, 0x00, 0x00, 0x00, 0x00,
    0x00, 0x00, 0x00, 0x00, 0x00, 0x00, 0x00, 0x00, 0x00, 0x00, 0x00, 0x00,
    0x00, 0x00, 0x00, 0x00, 0x00, 0x00, 0x00, 0x00, 0x00, 0x00, 0x00, 0x00,
    0x00, 0x00, 0x00, 0x00, 0x00, 0x00, 0x00, 0x00, 0x30, 0x34, 0x30, 0xff,
    0x38, 0x34, 0x38, 0xff, 0x30, 0x34, 0x30, 0xff, 0x30, 0x34, 0x30, 0xff,
    0x08, 0x08, 0x08, 0xff, 0x10, 0x0c, 0x10, 0xff, 0x08, 0x08, 0x08, 0xff,
    0x08, 0x08, 0x08, 0xff, 0x08, 0x0c, 0x08, 0xff, 0x08, 0x08, 0x08, 0xff,
    0x10, 0x0c, 0x10, 0xff, 0x08, 0x0c, 0x08, 0xff, 0x08, 0x08, 0x08, 0xff,
    0x08, 0x0c, 0x08, 0xff, 0x10, 0x08, 0x10, 0xff, 0x08, 0x08, 0x08, 0xff,
    0x08, 0x0c, 0x08, 0xff, 0x10, 0x08, 0x10, 0xff, 0x08, 0x08, 0x08, 0xff,
    0x08, 0x0c, 0x08, 0xff, 0x10, 0x0c, 0x10, 0xff, 0x08, 0x08, 0x08, 0xff,
    0x10, 0x0c, 0x10, 0xff, 0x08, 0x08, 0x08, 0xff, 0x08, 0x0c, 0x08, 0xff,
    0x10, 0x0c, 0x10, 0xff, 0x08, 0x08, 0x08, 0xff, 0x08, 0x0c, 0x08, 0xff,
    0x08, 0x0c, 0x08, 0xff, 0x08, 0x08, 0x08, 0xff, 0x10, 0x0c, 0x10, 0xff,
    0x08, 0x0c, 0x08, 0xff, 0x08, 0x08, 0x08, 0xff, 0x10, 0x08, 0x10, 0xff,
    0x08, 0x0c, 0x08, 0xff, 0x08, 0x08, 0x08, 0xff, 0x10, 0x08, 0x10, 0xff,
    0x08, 0x0c, 0x08, 0xff, 0x08, 0x08, 0x08, 0xff, 0x08, 0x08, 0x08, 0xff,
    0x10, 0x0c, 0x10, 0xff, 0x08, 0x0c, 0x08, 0xff, 0x08, 0x08, 0x08, 0xff,
    0x08, 0x0c, 0x08, 0xff, 0x08, 0x0c, 0x08, 0xff, 0x10, 0x08, 0x10, 0xff,
    0x08, 0x08, 0x08, 0xff, 0x10, 0x0c, 0x10, 0xff, 0x08, 0x08, 0x08, 0xff,
    0x08, 0x08, 0x08, 0xff, 0x08, 0x0c, 0x08, 0xff, 0x08, 0x0c, 0x08, 0xff,
    0x10, 0x08, 0x10, 0xff, 0x08, 0x0c, 0x08, 0xff, 0x10, 0x08, 0x10, 0xff,
    0x10, 0x08, 0x10, 0xff, 0x08, 0x0c, 0x08, 0xff, 0x08, 0x08, 0x08, 0xff,
    0x08, 0x0c, 0x08, 0xff, 0x08, 0x0c, 0x08, 0xff, 0x38, 0x34, 0x38, 0xff,
    0x30, 0x34, 0x30, 0xff, 0x30, 0x30, 0x30, 0xff, 0x38, 0x34, 0x38, 0xff,
    0x00, 0x00, 0x00, 0x00, 0x00, 0x00, 0x00, 0x00, 0x00, 0x00, 0x00, 0x00,
    0x00, 0x00, 0x00, 0x00, 0x00, 0x00, 0x00, 0x00, 0x00, 0x00, 0x00, 0x00,
    0x00, 0x00, 0x00, 0x00, 0x00, 0x00, 0x00, 0x00, 0x00, 0x00, 0x00, 0x00,
    0x00, 0x00, 0x00, 0x00, 0x00, 0x00, 0x00, 0x00, 0x00, 0x00, 0x00, 0x00,
    0x00, 0x00, 0x00, 0x00, 0x00, 0x00, 0x00, 0x00, 0x00, 0x00, 0x00, 0x00,
    0x00, 0x00, 0x00, 0x00, 0x30, 0x34, 0x30, 0xff, 0x38, 0x30, 0x38, 0xff,
    0x38, 0x34, 0x38, 0xff, 0x30, 0x34, 0x30, 0xff, 0x08, 0x08, 0x08, 0xff,
    0x10, 0x0c, 0x10, 0xff, 0x08, 0x0c, 0x08, 0xff, 0x08, 0x08, 0x08, 0xff,
    0x10, 0x0c, 0x10, 0xff, 0x08, 0x08, 0x08, 0xff, 0x08, 0x08, 0x08, 0xff,
    0x08, 0x0c, 0x08, 0xff, 0x10, 0x08, 0x10, 0xff, 0x08, 0x0c, 0x08, 0xff,
    0x08, 0x0c, 0x08, 0xff, 0x08, 0x08, 0x08, 0xff, 0x08, 0x0c, 0x08, 0xff,
    0x10, 0x0c, 0x10, 0xff, 0x08, 0x08, 0x08, 0xff, 0x08, 0x0c, 0x08, 0xff,
    0x08, 0x08, 0x08, 0xff, 0x08, 0x0c, 0x08, 0xff, 0x10, 0x08, 0x10, 0xff,
    0x08, 0x0c, 0x08, 0xff, 0x08, 0x08, 0x08, 0xff, 0x08, 0x08, 0x08, 0xff,
    0x08, 0x0c, 0x08, 0xff, 0x10, 0x08, 0x10, 0xff, 0x08, 0x08, 0x08, 0xff,
    0x08, 0x08, 0x08, 0xff, 0x10, 0x0c, 0x10, 0xff, 0x08, 0x0c, 0x08, 0xff,
    0x08, 0x08, 0x08, 0xff, 0x08, 0x0c, 0x08, 0xff, 0x08, 0x0c, 0x08, 0xff,
    0x10, 0x08, 0x10, 0xff, 0x08, 0x0c, 0x08, 0xff, 0x08, 0x0c, 0x08, 0xff,
    0x10, 0x08, 0x10, 0xff, 0x08, 0x08, 0x08, 0xff, 0x08, 0x0c, 0x08, 0xff,
    0x08, 0x08, 0x08, 0xff, 0x10, 0x08, 0x10, 0xff, 0x08, 0x0c, 0x08, 0xff,
    0x08, 0x08, 0x08, 0xff, 0x08, 0x08, 0x08, 0xff, 0x08, 0x0c, 0x08, 0xff,
    0x08, 0x0c, 0x08, 0xff, 0x10, 0x08, 0x10, 0xff, 0x08, 0x08, 0x08, 0xff,
    0x08, 0x0c, 0x08, 0xff, 0x10, 0x08, 0x10, 0xff, 0x08, 0x0c, 0x08, 0xff,
    0x08, 0x0c, 0x08, 0xff, 0x08, 0x08, 0x08, 0xff, 0x08, 0x0c, 0x08, 0xff,
    0x08, 0x08, 0x08, 0xff, 0x10, 0x08, 0x10, 0xff, 0x08, 0x0c, 0x08, 0xff,
    0x08, 0x08, 0x08, 0xff, 0x38, 0x34, 0x38, 0xff, 0x30, 0x34, 0x30, 0xff,
    0x30, 0x30, 0x30, 0xff, 0x30, 0x34, 0x30, 0xff, 0x00, 0x00, 0x00, 0x00,
    0x00, 0x00, 0x00, 0x00, 0x00, 0x00, 0x00, 0x00, 0x00, 0x00, 0x00, 0x00,
    0x00, 0x00, 0x00, 0x00, 0x00, 0x00, 0x00, 0x00, 0x00, 0x00, 0x00, 0x00,
    0x00, 0x00, 0x00, 0x00, 0x00, 0x00, 0x00, 0x00, 0x00, 0x00, 0x00, 0x00,
    0x00, 0x00, 0x00, 0x00, 0x00, 0x00, 0x00, 0x00, 0x00, 0x00, 0x00, 0x00,
    0x00, 0x00, 0x00, 0x00, 0x00, 0x00, 0x00, 0x00, 0x00, 0x00, 0x00, 0x00,
    0x30, 0x34, 0x30, 0xff, 0x30, 0x30, 0x30, 0xff, 0x38, 0x34, 0x38, 0xff,
    0x30, 0x34, 0x30, 0xff, 0x08, 0x08, 0x08, 0xff, 0x08, 0x08, 0x08, 0xff,
    0x08, 0x0c, 0x08, 0xff, 0x10, 0x0c, 0x10, 0xff, 0x08, 0x08, 0x08, 0xff,
    0x08, 0x0c, 0x08, 0xff, 0x08, 0x08, 0x08, 0xff, 0x10, 0x08, 0x10, 0xff,
    0x08, 0x0c, 0x08, 0xff, 0x08, 0x08, 0x08, 0xff, 0x10, 0x08, 0x10, 0xff,
    0x08, 0x0c, 0x08, 0xff, 0x08, 0x08, 0x08, 0xff, 0x08, 0x08, 0x08, 0xff,
    0x08, 0x0c, 0x08, 0xff, 0x10, 0x08, 0x10, 0xff, 0x08, 0x08, 0x08, 0xff,
    0x08, 0x0c, 0x08, 0xff, 0x08, 0x0c, 0x08, 0xff, 0x10, 0x08, 0x10, 0xff,
    0x08, 0x0c, 0x08, 0xff, 0x08, 0x08, 0x08, 0xff, 0x10, 0x0c, 0x10, 0xff,
    0x08, 0x0c, 0x08, 0xff, 0x08, 0x08, 0x08, 0xff, 0x08, 0x0c, 0x08, 0xff,
    0x08, 0x08, 0x08, 0xff, 0x10, 0x08, 0x10, 0xff, 0x08, 0x0c, 0x08, 0xff,
    0x08, 0x08, 0x08, 0xff, 0x10, 0x08, 0x10, 0xff, 0x08, 0x0c, 0x08, 0xff,
    0x08, 0x08, 0x08, 0xff, 0x08, 0x0c, 0x08, 0xff, 0x10, 0x0c, 0x10, 0xff,
    0x08, 0x08, 0x08, 0xff, 0x08, 0x0c, 0x08, 0xff, 0x10, 0x0c, 0x10, 0xff,
    0x08, 0x08, 0x08, 0xff, 0x08, 0x0c, 0x08, 0xff, 0x10, 0x0c, 0x10, 0xff,
    0x08, 0x08, 0x08, 0xff, 0x08, 0x0c, 0x08, 0xff, 0x10, 0x0c, 0x10, 0xff,
    0x08, 0x08, 0x08, 0xff, 0x08, 0x0c, 0x08, 0xff, 0x10, 0x08, 0x10, 0xff,
    0x08, 0x08, 0x08, 0xff, 0x08, 0x0c, 0x08, 0xff, 0x08, 0x08, 0x08, 0xff,
    0x08, 0x0c, 0x08, 0xff, 0x08, 0x0c, 0x08, 0xff, 0x10, 0x08, 0x10, 0xff,
    0x08, 0x0c, 0x08, 0xff, 0x08, 0x08, 0x08, 0xff, 0x08, 0x08, 0x08, 0xff,
    0x38, 0x34, 0x38, 0xff, 0x38, 0x34, 0x38, 0xff, 0x30, 0x34, 0x30, 0xff,
    0x38, 0x34, 0x38, 0xff, 0x00, 0x00, 0x00, 0x00, 0x00, 0x00, 0x00, 0x00,
    0x00, 0x00, 0x00, 0x00, 0x00, 0x00, 0x00, 0x00, 0x00, 0x00, 0x00, 0x00,
    0x00, 0x00, 0x00, 0x00, 0x00, 0x00, 0x00, 0x00, 0x00, 0x00, 0x00, 0x00,
    0x00, 0x00, 0x00, 0x00, 0x00, 0x00, 0x00, 0x00, 0x00, 0x00, 0x00, 0x00,
    0x00, 0x00, 0x00, 0x00, 0x00, 0x00, 0x00, 0x00, 0x00, 0x00, 0x00, 0x00,
    0x00, 0x00, 0x00, 0x00, 0x00, 0x00, 0x00, 0x00, 0x30, 0x34, 0x30, 0xff,
    0x30, 0x34, 0x30, 0xff, 0x38, 0x34, 0x38, 0xff, 0x30, 0x34, 0x30, 0xff,
    0x08, 0x08, 0x08, 0xff, 0x10, 0x08, 0x10, 0xff, 0x08, 0x0c, 0x08, 0xff,
    0x08, 0x08, 0x08, 0xff, 0x08, 0x08, 0x08, 0xff, 0x10, 0x0c, 0x10, 0xff,
    0x08, 0x0c, 0x08, 0xff, 0x08, 0x08, 0x08, 0xff, 0x08, 0x0c, 0x08, 0xff,
    0x08, 0x0c, 0x08, 0xff, 0x10, 0x08, 0x10, 0xff, 0x08, 0x0c, 0x08, 0xff,
    0x08, 0x0c, 0x08, 0xff, 0x10, 0x08, 0x10, 0xff, 0x08, 0x0c, 0x08, 0xff,
    0x08, 0x0c, 0x08, 0xff, 0x10, 0x08, 0x10, 0xff, 0x08, 0x08, 0x08, 0xff,
    0x08, 0x0c, 0x08, 0xff, 0x08, 0x08, 0x08, 0xff, 0x08, 0x0c, 0x08, 0xff,
    0x10, 0x08, 0x10, 0xff, 0x08, 0x08, 0x08, 0xff, 0x08, 0x0c, 0x08, 0xff,
    0x10, 0x0c, 0x10, 0xff, 0x08, 0x08, 0x08, 0xff, 0x08, 0x0c, 0x08, 0xff,
    0x08, 0x08, 0x08, 0xff, 0x10, 0x0c, 0x10, 0xff, 0x08, 0x0c, 0x08, 0xff,
    0x08, 0x08, 0x08, 0xff, 0x08, 0x0c, 0x08, 0xff, 0x08, 0x08, 0x08, 0xff,
    0x10, 0x08, 0x10, 0xff, 0x08, 0x0c, 0x08, 0xff, 0x08, 0x08, 0x08, 0xff,
    0x08, 0x08, 0x08, 0xff, 0x08, 0x0c, 0x08, 0xff, 0x08, 0x08, 0x08, 0xff,
    0x08, 0x08, 0x08, 0xff, 0x10, 0x0c, 0x10, 0xff, 0x08, 0x08, 0x08, 0xff,
    0x08, 0x08, 0x08, 0xff, 0x10, 0x0c, 0x10, 0xff, 0x08, 0x08, 0x08, 0xff,
    0x08, 0x0c, 0x08, 0xff, 0x08, 0x0c, 0x08, 0xff, 0x08, 0x08, 0x08, 0xff,
    0x10, 0x08, 0x10, 0xff, 0x08, 0x0c, 0x08, 0xff, 0x10, 0x08, 0x10, 0xff,
    0x08, 0x08, 0x08, 0xff, 0x08, 0x0c, 0x08, 0xff, 0x08, 0x0c, 0x08, 0xff,
    0x10, 0x08, 0x10, 0xff, 0x08, 0x0c, 0x08, 0xff, 0x30, 0x34, 0x30, 0xff,
    0x30, 0x30, 0x30, 0xff, 0x38, 0x34, 0x38, 0xff, 0x30, 0x34, 0x30, 0xff,
    0x00, 0x00, 0x00, 0x00, 0x00, 0x00, 0x00, 0x00, 0x00, 0x00, 0x00, 0x00,
    0x00, 0x00, 0x00, 0x00, 0x00, 0x00, 0x00, 0x00, 0x00, 0x00, 0x00, 0x00,
    0x00, 0x00, 0x00, 0x00, 0x00, 0x00, 0x00, 0x00, 0x00, 0x00, 0x00, 0x00,
    0x00, 0x00, 0x00, 0x00, 0x00, 0x00, 0x00, 0x00, 0x00, 0x00, 0x00, 0x00,
    0x00, 0x00, 0x00, 0x00, 0x00, 0x00, 0x00, 0x00, 0x00, 0x00, 0x00, 0x00,
    0x00, 0x00, 0x00, 0x00, 0x38, 0x30, 0x38, 0xff, 0x30, 0x34, 0x30, 0xff,
    0x38, 0x34, 0x38, 0xff, 0x30, 0x34, 0x30, 0xff, 0x08, 0x08, 0x08, 0xff,
    0x10, 0x0c, 0x10, 0xff, 0x08, 0x0c, 0x08, 0xff, 0x08, 0x08, 0x08, 0xff,
    0x10, 0x0c, 0x10, 0xff, 0x08, 0x0c, 0x08, 0xff, 0x08, 0x08, 0x08, 0xff,
    0x10, 0x0c, 0x10, 0xff, 0x08, 0x08, 0x08, 0xff, 0x08, 0x08, 0x08, 0xff,
    0x08, 0x0c, 0x08, 0xff, 0x08, 0x08, 0x08, 0xff, 0x10, 0x08, 0x10, 0xff,
    0x08, 0x0c, 0x08, 0xff, 0x08, 0x08, 0x08, 0xff, 0x08, 0x0c, 0x08, 0xff,
    0x08, 0x0c, 0x08, 0xff, 0x10, 0x08, 0x10, 0xff, 0x08, 0x08, 0x08, 0xff,
    0x08, 0x0c, 0x08, 0xff, 0x10, 0x0c, 0x10, 0xff, 0x08, 0x08, 0x08, 0xff,
    0x08, 0x08, 0x08, 0xff, 0x08, 0x0c, 0x08, 0xff, 0x10, 0x08, 0x10, 0xff,
    0x08, 0x0c, 0x08, 0xff, 0x08, 0x08, 0x08, 0xff, 0x08, 0x0c, 0x08, 0xff,
    0x08, 0x08, 0x08, 0xff, 0x10, 0x08, 0x10, 0xff, 0x08, 0x0c, 0x08, 0xff,
    0x08, 0x0c, 0x08, 0xff, 0x10, 0x08, 0x10, 0xff, 0x08, 0x0c, 0x08, 0xff,
    0x08, 0x0c, 0x08, 0xff, 0x10, 0x08, 0x10, 0xff, 0x08, 0x0c, 0x08, 0xff,
    0x08, 0x0c, 0x08, 0xff, 0x10, 0x08, 0x10, 0xff, 0x08, 0x0c, 0x08, 0xff,
    0x08, 0x0c, 0x08, 0xff, 0x08, 0x08, 0x08, 0xff, 0x08, 0x0c, 0x08, 0xff,
    0x08, 0x08, 0x08, 0xff, 0x08, 0x08, 0x08, 0xff, 0x10, 0x0c, 0x10, 0xff,
    0x08, 0x0c, 0x08, 0xff, 0x08, 0x08, 0x08, 0xff, 0x08, 0x0c, 0x08, 0xff,
    0x08, 0x0c, 0x08, 0xff, 0x08, 0x08, 0x08, 0xff, 0x10, 0x08, 0x10, 0xff,
    0x08, 0x0c, 0x08, 0xff, 0x08, 0x08, 0x08, 0xff, 0x08, 0x0c, 0x08, 0xff,
    0x10, 0x08, 0x10, 0xff, 0x30, 0x34, 0x30, 0xff, 0x30, 0x34, 0x30, 0xff,
    0x38, 0x30, 0x38, 0xff, 0x30, 0x34, 0x30, 0xff, 0x00, 0x00, 0x00, 0x00,
    0x00, 0x00, 0x00, 0x00, 0x00, 0x00, 0x00, 0x00, 0x00, 0x00, 0x00, 0x00,
    0x00, 0x00, 0x00, 0x00, 0x00, 0x00, 0x00, 0x00, 0x00, 0x00, 0x00, 0x00,
    0x00, 0x00, 0x00, 0x00, 0x00, 0x00, 0x00, 0x00, 0x00, 0x00, 0x00, 0x00,
    0x00, 0x00, 0x00, 0x00, 0x00, 0x00, 0x00, 0x00, 0x00, 0x00, 0x00, 0x00,
    0x00, 0x00, 0x00, 0x00, 0x00, 0x00, 0x00, 0x00, 0x00, 0x00, 0x00, 0x00,
    0x30, 0x34, 0x30, 0xff, 0x38, 0x30, 0x38, 0xff, 0x30, 0x34, 0x30, 0xff,
    0x30, 0x34, 0x30, 0xff, 0x08, 0x08, 0x08, 0xff, 0x08, 0x08, 0x08, 0xff,
    0x08, 0x0c, 0x08, 0xff, 0x08, 0x08, 0x08, 0xff, 0x08, 0x08, 0x08, 0xff,
    0x08, 0x0c, 0x08, 0xff, 0x08, 0x08, 0x08, 0xff, 0x10, 0x0c, 0x10, 0xff,
    0x08, 0x08, 0x08, 0xff, 0x08, 0x0c, 0x08, 0xff, 0x10, 0x0c, 0x10, 0xff,
    0x08, 0x08, 0x08, 0xff, 0x08, 0x0c, 0x08, 0xff, 0x08, 0x08, 0x08, 0xff,
    0x10, 0x08, 0x10, 0xff, 0x08, 0x0c, 0x08, 0xff, 0x08, 0x08, 0x08, 0xff,
    0x08, 0x0c, 0x08, 0xff, 0x10, 0x0c, 0x10, 0xff, 0x08, 0x08, 0x08, 0xff,
    0x08, 0x0c, 0x08, 0xff, 0x08, 0x0c, 0x08, 0xff, 0x08, 0x08, 0x08, 0xff,
    0x08, 0x0c, 0x08, 0xff, 0x08, 0x08, 0x08, 0xff, 0x10, 0x08, 0x10, 0xff,
    0x08, 0x0c, 0x08, 0xff, 0x08, 0x0c, 0x08, 0xff, 0x10, 0x08, 0x10, 0xff,
    0x08, 0x08, 0x08, 0xff, 0x08, 0x0c, 0x08, 0xff, 0x10, 0x08, 0x10, 0xff,
    0x08, 0x08, 0x08, 0xff, 0x08, 0x0c, 0x08, 0xff, 0x08, 0x08, 0x08, 0xff,
    0x08, 0x08, 0x08, 0xff, 0x10, 0x0c, 0x10, 0xff, 0x08, 0x08, 0x08, 0xff,
    0x08, 0x08, 0x08, 0xff, 0x10, 0x0c, 0x10, 0xff, 0x08, 0x08, 0x08, 0xff,
    0x10, 0x0c, 0x10, 0xff, 0x08, 0x0c, 0x08, 0xff, 0x08, 0x08, 0x08, 0xff,
    0x10, 0x0c, 0x10, 0xff, 0x08, 0x08, 0x08, 0xff, 0x08, 0x08, 0x08, 0xff,
    0x10, 0x0c, 0x10, 0xff, 0x08, 0x08, 0x08, 0xff, 0x08, 0x0c, 0x08, 0xff,
    0x08, 0x0c, 0x08, 0xff, 0x10, 0x08, 0x10, 0xff, 0x08, 0x0c, 0x08, 0xff,
    0x08, 0x08, 0x08, 0xff, 0x08, 0x08, 0x08, 0xff, 0x08, 0x0c, 0x08, 0xff,
    0x38, 0x34, 0x38, 0xff, 0x30, 0x34, 0x30, 0xff, 0x30, 0x34, 0x30, 0xff,
    0x38, 0x30, 0x38, 0xff, 0x00, 0x00, 0x00, 0x00, 0x00, 0x00, 0x00, 0x00,
    0x00, 0x00, 0x00, 0x00, 0x00, 0x00, 0x00, 0x00, 0x00, 0x00, 0x00, 0x00,
    0x00, 0x00, 0x00, 0x00, 0x00, 0x00, 0x00, 0x00, 0x00, 0x00, 0x00, 0x00,
    0x00, 0x00, 0x00, 0x00, 0x00, 0x00, 0x00, 0x00, 0x00, 0x00, 0x00, 0x00,
    0x00, 0x00, 0x00, 0x00, 0x00, 0x00, 0x00, 0x00, 0x00, 0x00, 0x00, 0x00,
    0x00, 0x00, 0x00, 0x00, 0x00, 0x00, 0x00, 0x00, 0x30, 0x34, 0x30, 0xff,
    0x30, 0x34, 0x30, 0xff, 0x38, 0x34, 0x38, 0xff, 0x38, 0x34, 0x38, 0xff,
    0x08, 0x08, 0x08, 0xff, 0x10, 0x0c, 0x10, 0xff, 0x08, 0x0c, 0x08, 0xff,
    0x10, 0x08, 0x10, 0xff, 0x08, 0x0c, 0x08, 0xff, 0x08, 0x08, 0x08, 0xff,
    0x10, 0x0c, 0x10, 0xff, 0x08, 0x08, 0x08, 0xff, 0x08, 0x0c, 0x08, 0xff,
    0x08, 0x08, 0x08, 0xff, 0x10, 0x08, 0x10, 0xff, 0x08, 0x0c, 0x08, 0xff,
    0x08, 0x0c, 0x08, 0xff, 0x10, 0x08, 0x10, 0xff, 0x08, 0x0c, 0x08, 0xff,
    0x08, 0x08, 0x08, 0xff, 0x10, 0x08, 0x10, 0xff, 0x08, 0x0c, 0x08, 0xff,
    0x08, 0x08, 0x08, 0xff, 0x08, 0x08, 0x08, 0xff, 0x10, 0x0c, 0x10, 0xff,
    0x08, 0x08, 0x08, 0xff, 0x10, 0x0c, 0x10, 0xff, 0x08, 0x0c, 0x08, 0xff,
    0x08, 0x08, 0x08, 0xff, 0x10, 0x0c, 0x10, 0xff, 0x08, 0x08, 0x08, 0xff,
    0x08, 0x0c, 0x08, 0xff, 0x08, 0x0c, 0x08, 0xff, 0x08, 0x08, 0x08, 0xff,
    0x08, 0x0c, 0x08, 0xff, 0x08, 0x0c, 0x08, 0xff, 0x08, 0x08, 0x08, 0xff,
    0x10, 0x0c, 0x10, 0xff, 0x08, 0x0c, 0x08, 0xff, 0x08, 0x08, 0x08, 0xff,
    0x08, 0x0c, 0x08, 0xff, 0x08, 0x0c, 0x08, 0xff, 0x08, 0x08, 0x08, 0xff,
    0x08, 0x08, 0x08, 0xff, 0x08, 0x0c, 0x08, 0xff, 0x08, 0x08, 0x08, 0xff,
    0x10, 0x08, 0x10, 0xff, 0x08, 0x0c, 0x08, 0xff, 0x08, 0x0c, 0x08, 0xff,
    0x08, 0x08, 0x08, 0xff, 0x08, 0x0c, 0x08, 0xff, 0x10, 0x08, 0x10, 0xff,
    0x08, 0x08, 0x08, 0xff, 0x08, 0x0c, 0x08, 0xff, 0x10, 0x08, 0x10, 0xff,
    0x08, 0x0c, 0x08, 0xff, 0x08, 0x0c, 0x08, 0xff, 0x10, 0x08, 0x10, 0xff,
    0x08, 0x0c, 0x08, 0xff, 0x08, 0x08, 0x08, 0xff, 0x38, 0x34, 0x38, 0xff,
    0x30, 0x34, 0x30, 0xff, 0x30, 0x34, 0x30, 0xff, 0x38, 0x34, 0x38, 0xff,
    0x00, 0x00, 0x00, 0x00, 0x00, 0x00, 0x00, 0x00, 0x00, 0x00, 0x00, 0x00,
    0x00, 0x00, 0x00, 0x00, 0x00, 0x00, 0x00, 0x00, 0x00, 0x00, 0x00, 0x00,
    0x00, 0x00, 0x00, 0x00, 0x00, 0x00, 0x00, 0x00, 0x00, 0x00, 0x00, 0x00,
    0x00, 0x00, 0x00, 0x00, 0x00, 0x00, 0x00, 0x00, 0x00, 0x00, 0x00, 0x00,
    0x00, 0x00, 0x00, 0x00, 0x00, 0x00, 0x00, 0x00, 0x00, 0x00, 0x00, 0x00,
    0x00, 0x00, 0x00, 0x00, 0x38, 0x34, 0x38, 0xff, 0x30, 0x30, 0x30, 0xff,
    0x30, 0x34, 0x30, 0xff, 0x38, 0x34, 0x38, 0xff, 0x08, 0x08, 0x08, 0xff,
    0x08, 0x08, 0x08, 0xff, 0x08, 0x0c, 0x08, 0xff, 0x10, 0x08, 0x10, 0xff,
    0x08, 0x0c, 0x08, 0xff, 0x08, 0x0c, 0x08, 0xff, 0x08, 0x08, 0x08, 0xff,
    0x08, 0x0c, 0x08, 0xff, 0x08, 0x08, 0x08, 0xff, 0x10, 0x0c, 0x10, 0xff,
    0x08, 0x08, 0x08, 0xff, 0x08, 0x0c, 0x08, 0xff, 0x08, 0x08, 0x08, 0xff,
    0x08, 0x0c, 0x08, 0xff, 0x08, 0x0c, 0x08, 0xff, 0x08, 0x08, 0x08, 0xff,
    0x10, 0x0c, 0x10, 0xff, 0x08, 0x0c, 0x08, 0xff, 0x08, 0x08, 0x08, 0xff,
    0x10, 0x0c, 0x10, 0xff, 0x08, 0x08, 0x08, 0xff, 0x08, 0x08, 0x08, 0xff,
    0x08, 0x0c, 0x08, 0xff, 0x10, 0x08, 0x10, 0xff, 0x08, 0x0c, 0x08, 0xff,
    0x08, 0x08, 0x08, 0xff, 0x08, 0x08, 0x08, 0xff, 0x10, 0x0c, 0x10, 0xff,
    0x08, 0x08, 0x08, 0xff, 0x10, 0x08, 0x10, 0xff, 0x08, 0x0c, 0x08, 0xff,
    0x08, 0x08, 0x08, 0xff, 0x10, 0x08, 0x10, 0xff, 0x08, 0x0c, 0x08, 0xff,
    0x08, 0x08, 0x08, 0xff, 0x10, 0x08, 0x10, 0xff, 0x08, 0x0c, 0x08, 0xff,
    0x10, 0x0c, 0x10, 0xff, 0x08, 0x08, 0x08, 0xff, 0x08, 0x0c, 0x08, 0xff,
    0x10, 0x0c, 0x10, 0xff, 0x08, 0x08, 0x08, 0xff, 0x08, 0x08, 0x08, 0xff,
    0x08, 0x0c, 0x08, 0xff, 0x10, 0x08, 0x10, 0xff, 0x08, 0x0c, 0x08, 0xff,
    0x08, 0x0c, 0x08, 0xff, 0x08, 0x08, 0x08, 0xff, 0x10, 0x0c, 0x10, 0xff,
    0x08, 0x08, 0x08, 0xff, 0x08, 0x08, 0x08, 0xff, 0x08, 0x0c, 0x08, 0xff,
    0x08, 0x08, 0x08, 0xff, 0x10, 0x0c, 0x10, 0xff, 0x08, 0x08, 0x08, 0xff,
    0x08, 0x08, 0x08, 0xff, 0x38, 0x34, 0x38, 0xff, 0x38, 0x30, 0x38, 0xff,
    0x30, 0x34, 0x30, 0xff, 0x30, 0x34, 0x30, 0xff, 0x00, 0x00, 0x00, 0x00,
    0x00, 0x00, 0x00, 0x00, 0x00, 0x00, 0x00, 0x00, 0x00, 0x00, 0x00, 0x00,
    0x00, 0x00, 0x00, 0x00, 0x00, 0x00, 0x00, 0x00, 0x00, 0x00, 0x00, 0x00,
    0x00, 0x00, 0x00, 0x00, 0x00, 0x00, 0x00, 0x00, 0x00, 0x00, 0x00, 0x00,
    0x00, 0x00, 0x00, 0x00, 0x00, 0x00, 0x00, 0x00, 0x00, 0x00, 0x00, 0x00,
    0x00, 0x00, 0x00, 0x00, 0x00, 0x00, 0x00, 0x00, 0x00, 0x00, 0x00, 0x00,
    0x30, 0x34, 0x30, 0xff, 0x38, 0x30, 0x38, 0xff, 0x30, 0x34, 0x30, 0xff,
    0x30, 0x34, 0x30, 0xff, 0x08, 0x08, 0x08, 0xff, 0x08, 0x0c, 0x08, 0xff,
    0x08, 0x08, 0x08, 0xff, 0x08, 0x08, 0x08, 0xff, 0x10, 0x0c, 0x10, 0xff,
    0x08, 0x08, 0x08, 0xff, 0x10, 0x08, 0x10, 0xff, 0x08, 0x0c, 0x08, 0xff,
    0x08, 0x0c, 0x08, 0xff, 0x08, 0x08, 0x08, 0xff, 0x08, 0x0c, 0x08, 0xff,
    0x10, 0x08, 0x10, 0xff, 0x08, 0x08, 0x08, 0xff, 0x10, 0x0c, 0x10, 0xff,
    0x08, 0x08, 0x08, 0xff, 0x08, 0x08, 0x08, 0xff, 0x08, 0x0c, 0x08, 0xff,
    0x08, 0x08, 0x08, 0xff, 0x08, 0x0c, 0x08, 0xff, 0x08, 0x0c, 0x08, 0xff,
    0x08, 0x08, 0x08, 0xff, 0x08, 0x0c, 0x08, 0xff, 0x08, 0x08, 0x08, 0xff,
    0x08, 0x08, 0x08, 0xff, 0x10, 0x0c, 0x10, 0xff, 0x08, 0x0c, 0x08, 0xff,
    0x08, 0x08, 0x08, 0xff, 0x08, 0x0c, 0x08, 0xff, 0x10, 0x0c, 0x10, 0xff,
    0x08, 0x08, 0x08, 0xff, 0x08, 0x0c, 0x08, 0xff, 0x10, 0x0c, 0x10, 0xff,
    0x08, 0x08, 0x08, 0xff, 0x08, 0x0c, 0x08, 0xff, 0x08, 0x0c, 0x08, 0xff,
    0x08, 0x08, 0x08, 0xff, 0x10, 0x08, 0x10, 0xff, 0x08, 0x0c, 0x08, 0xff,
    0x08, 0x08, 0x08, 0xff, 0x10, 0x08, 0x10, 0xff, 0x08, 0x0c, 0x08, 0xff,
    0x08, 0x0c, 0x08, 0xff, 0x08, 0x08, 0x08, 0xff, 0x10, 0x0c, 0x10, 0xff,
    0x08, 0x08, 0x08, 0xff, 0x08, 0x08, 0x08, 0xff, 0x10, 0x0c, 0x10, 0xff,
    0x08, 0x0c, 0x08, 0xff, 0x08, 0x08, 0x08, 0xff, 0x08, 0x0c, 0x08, 0xff,
    0x10, 0x0c, 0x10, 0xff, 0x08, 0x08, 0x08, 0xff, 0x08, 0x08, 0x08, 0xff,
    0x08, 0x0c, 0x08, 0xff, 0x08, 0x0c, 0x08, 0xff, 0x08, 0x08, 0x08, 0xff,
    0x38, 0x34, 0x38, 0xff, 0x30, 0x34, 0x30, 0xff, 0x30, 0x30, 0x30, 0xff,
    0x38, 0x34, 0x38, 0xff, 0x00, 0x00, 0x00, 0x00, 0x00, 0x00, 0x00, 0x00,
    0x00, 0x00, 0x00, 0x00, 0x00, 0x00, 0x00, 0x00, 0x00, 0x00, 0x00, 0x00,
    0x00, 0x00, 0x00, 0x00, 0x00, 0x00, 0x00, 0x00, 0x00, 0x00, 0x00, 0x00,
    0x58, 0x54, 0x58, 0xff, 0x58, 0x54, 0x58, 0xff, 0x50, 0x54, 0x50, 0xff,
    0x58, 0x54, 0x58, 0xff, 0x58, 0x54, 0x58, 0xff, 0x58, 0x54, 0x58, 0xff,
    0x58, 0x54, 0x58, 0xff, 0x58, 0x54, 0x58, 0xff, 0x58, 0x54, 0x58, 0xff,
    0x58, 0x54, 0x58, 0xff, 0x58, 0x54, 0x58, 0xff, 0x58, 0x54, 0x58, 0xff,
    0x58, 0x54, 0x58, 0xff, 0x58, 0x54, 0x58, 0xff, 0x58, 0x54, 0x58, 0xff,
    0x58, 0x54, 0x58, 0xff, 0x58, 0x54, 0x58, 0xff, 0x58, 0x54, 0x58, 0xff,
    0x58, 0x54, 0x58, 0xff, 0x58, 0x54, 0x58, 0xff, 0x58, 0x54, 0x58, 0xff,
    0x58, 0x54, 0x58, 0xff, 0x58, 0x54, 0x58, 0xff, 0x58, 0x54, 0x58, 0xff,
    0x58, 0x54, 0x58, 0xff, 0x58, 0x54, 0x58, 0xff, 0x58, 0x54, 0x58, 0xff,
    0x58, 0x54, 0x58, 0xff, 0x58, 0x54, 0x58, 0xff, 0x58, 0x54, 0x58, 0xff,
    0x08, 0x08, 0x08, 0xff, 0x10, 0x0c, 0x10, 0xff, 0x08, 0x08, 0x08, 0xff,
    0x10, 0x0c, 0x10, 0xff, 0x08, 0x0c, 0x08, 0xff, 0x08, 0x08, 0x08, 0xff,
    0x08, 0x0c, 0x08, 0xff, 0x10, 0x08, 0x10, 0xff, 0x08, 0x08, 0x08, 0xff,
    0x08, 0x0c, 0x08, 0xff, 0x08, 0x08, 0x08, 0xff, 0x08, 0x08, 0x08, 0xff,
    0x08, 0x0c, 0x08, 0xff, 0x08, 0x08, 0x08, 0xff, 0x08, 0x08, 0x08, 0xff,
    0x10, 0x0c, 0x10, 0xff, 0x08, 0x0c, 0x08, 0xff, 0x08, 0x08, 0x08, 0xff,
    0x08, 0x0c, 0x08, 0xff, 0x08, 0x08, 0x08, 0xff, 0x08, 0x0c, 0x08, 0xff,
    0x08, 0x08, 0x08, 0xff, 0x10, 0x0c, 0x10, 0xff, 0x08, 0x08, 0x08, 0xff,
    0x08, 0x0c, 0x08, 0xff, 0x08, 0x0c, 0x08, 0xff, 0x08, 0x08, 0x08, 0xff,
    0x08, 0x08, 0x08, 0xff, 0x10, 0x0c, 0x10, 0xff, 0x08, 0x08, 0x08, 0xff,
    0x08, 0x08, 0x08, 0xff, 0x10, 0x0c, 0x10, 0xff, 0x08, 0x0c, 0x08, 0xff,
    0x08, 0x08, 0x08, 0xff, 0x10, 0x0c, 0x10, 0xff, 0x08, 0x08, 0x08, 0xff,
    0x08, 0x0c, 0x08, 0xff, 0x10, 0x08, 0x10, 0xff, 0x30, 0x34, 0x30, 0xff,
    0x30, 0x34, 0x30, 0xff, 0x38, 0x34, 0x38, 0xff, 0x30, 0x30, 0x30, 0xff,
    0x00, 0x00, 0x00, 0x00, 0x00, 0x00, 0x00, 0x00, 0x00, 0x00, 0x00, 0x00,
    0x00, 0x00, 0x00, 0x00, 0x00, 0x00, 0x00, 0x00, 0x00, 0x00, 0x00, 0x00,
    0x00, 0x00, 0x00, 0x00, 0x00, 0x00, 0x00, 0x00, 0x50, 0x54, 0x50, 0xff,
    0x58, 0x54, 0x58, 0xff, 0x58, 0x54, 0x58, 0xff, 0x50, 0x54, 0x50, 0xff,
    0x50, 0x54, 0x50, 0xff, 0x58, 0x54, 0x58, 0xff, 0x50, 0x54, 0x50, 0xff,
    0x50, 0x54, 0x50, 0xff, 0x58, 0x54, 0x58, 0xff, 0x50, 0x54, 0x50, 0xff,
    0x58, 0x54, 0x58, 0xff, 0x58, 0x54, 0x58, 0xff, 0x58, 0x54, 0x58, 0xff,
    0x58, 0x58, 0x58, 0xff, 0x50, 0x54, 0x50, 0xff, 0x58, 0x58, 0x58, 0xff,
    0x50, 0x54, 0x50, 0xff, 0x50, 0x54, 0x50, 0xff, 0x58, 0x58, 0x58, 0xff,
    0x58, 0x54, 0x58, 0xff, 0x58, 0x54, 0x58, 0xff, 0x58, 0x54, 0x58, 0xff,
    0x50, 0x58, 0x50, 0xff, 0x58, 0x54, 0x58, 0xff, 0x50, 0x54, 0x50, 0xff,
    0x58, 0x58, 0x58, 0xff, 0x58, 0x54, 0x58, 0xff, 0x50, 0x58, 0x50, 0xff,
    0x58, 0x54, 0x58, 0xff, 0x58, 0x54, 0x58, 0xff, 0x08, 0x0c, 0x08, 0xff,
    0x08, 0x08, 0x08, 0xff, 0x08, 0x0c, 0x08, 0xff, 0x10, 0x08, 0x10, 0xff,
    0x08, 0x0c, 0x08, 0xff, 0x08, 0x08, 0x08, 0xff, 0x08, 0x0c, 0x08, 0xff,
    0x08, 0x0c, 0x08, 0xff, 0x10, 0x08, 0x10, 0xff, 0x08, 0x0c, 0x08, 0xff,
    0x08, 0x0c, 0x08, 0xff, 0x10, 0x08, 0x10, 0xff, 0x08, 0x0c, 0x08, 0xff,
    0x08, 0x0c, 0x08, 0xff, 0x10, 0x08, 0x10, 0xff, 0x08, 0x08, 0x08, 0xff,
    0x08, 0x08, 0x08, 0xff, 0x10, 0x0c, 0x10, 0xff, 0x08, 0x08, 0x08, 0xff,
    0x10, 0x0c, 0x10, 0xff, 0x08, 0x0c, 0x08, 0xff, 0x08, 0x08, 0x08, 0xff,
    0x08, 0x08, 0x08, 0xff, 0x10, 0x0c, 0x10, 0xff, 0x08, 0x08, 0x08, 0xff,
    0x10, 0x0c, 0x10, 0xff, 0x08, 0x0c, 0x08, 0xff, 0x08, 0x08, 0x08, 0xff,
    0x08, 0x0c, 0x08, 0xff, 0x08, 0x0c, 0x08, 0xff, 0x08, 0x08, 0x08, 0xff,
    0x08, 0x08, 0x08, 0xff, 0x08, 0x0c, 0x08, 0xff, 0x08, 0x08, 0x08, 0xff,
    0x10, 0x0c, 0x10, 0xff, 0x08, 0x08, 0x08, 0xff, 0x08, 0x08, 0x08, 0xff,
    0x08, 0x0c, 0x08, 0xff, 0x38, 0x34, 0x38, 0xff, 0x30, 0x34, 0x30, 0xff,
    0x30, 0x34, 0x30, 0xff, 0x38, 0x34, 0x38, 0xff, 0x00, 0x00, 0x00, 0x00,
    0x00, 0x00, 0x00, 0x00, 0x00, 0x00, 0x00, 0x00, 0x00, 0x00, 0x00, 0x00,
    0x00, 0x00, 0x00, 0x00, 0x00, 0x00, 0x00, 0x00, 0x00, 0x00, 0x00, 0x00,
    0x00, 0x00, 0x00, 0x00, 0x58, 0x54, 0x58, 0xff, 0x50, 0x54, 0x50, 0xff,
    0x58, 0x58, 0x58, 0xff, 0x58, 0x54, 0x58, 0xff, 0x50, 0x58, 0x50, 0xff,
    0x58, 0x54, 0x58, 0xff, 0x58, 0x54, 0x58, 0xff, 0x50, 0x58, 0x50, 0xff,
    0x58, 0x54, 0x58, 0xff, 0x50, 0x58, 0x50, 0xff, 0x50, 0x58, 0x50, 0xff,
    0x50, 0x54, 0x50, 0xff, 0x58, 0x54, 0x58, 0xff, 0x50, 0x54, 0x50, 0xff,
    0x58, 0x54, 0x58, 0xff, 0x58, 0x54, 0x58, 0xff, 0x58, 0x58, 0x58, 0xff,
    0x50, 0x54, 0x50, 0xff, 0x58, 0x54, 0x58, 0xff, 0x50, 0x58, 0x50, 0xff,
    0x50, 0x54, 0x50, 0xff, 0x58, 0x54, 0x58, 0xff, 0x50, 0x58, 0x50, 0xff,
    0x58, 0x54, 0x58, 0xff, 0x50, 0x54, 0x50, 0xff, 0x50, 0x54, 0x50, 0xff,
    0x58, 0x58, 0x58, 0xff, 0x58, 0x54, 0x58, 0xff, 0x50, 0x54, 0x50, 0xff,
    0x58, 0x54, 0x58, 0xff, 0x08, 0x0c, 0x08, 0xff, 0x08, 0x0c, 0x08, 0xff,
    0x08, 0x08, 0x08, 0xff, 0x08, 0x08, 0x08, 0xff, 0x10, 0x0c, 0x10, 0xff,
    0x08, 0x08, 0x08, 0xff, 0x10, 0x08, 0x10, 0xff, 0x08, 0x0c, 0x08, 0xff,
    0x08, 0x08, 0x08, 0xff, 0x10, 0x08, 0x10, 0xff, 0x08, 0x0c, 0x08, 0xff,
    0x08, 0x08, 0x08, 0xff, 0x10, 0x08, 0x10, 0xff, 0x08, 0x0c, 0x08, 0xff,
    0x08, 0x0c, 0x08, 0xff, 0x08, 0x08, 0x08, 0xff, 0x08, 0x0c, 0x08, 0xff,
    0x08, 0x0c, 0x08, 0xff, 0x10, 0x08, 0x10, 0xff, 0x08, 0x08, 0x08, 0xff,
    0x08, 0x0c, 0x08, 0xff, 0x10, 0x0c, 0x10, 0xff, 0x08, 0x08, 0x08, 0xff,
    0x08, 0x0c, 0x08, 0xff, 0x08, 0x08, 0x08, 0xff, 0x10, 0x08, 0x10, 0xff,
    0x08, 0x0c, 0x08, 0xff, 0x08, 0x08, 0x08, 0xff, 0x10, 0x08, 0x10, 0xff,
    0x08, 0x0c, 0x08, 0xff, 0x10, 0x0c, 0x10, 0xff, 0x08, 0x08, 0x08, 0xff,
    0x08, 0x08, 0x08, 0xff, 0x10, 0x0c, 0x10, 0xff, 0x08, 0x0c, 0x08, 0xff,
    0x08, 0x08, 0x08, 0xff, 0x08, 0x0c, 0x08, 0xff, 0x10, 0x08, 0x10, 0xff,
    0x30, 0x34, 0x30, 0xff, 0x30, 0x34, 0x30, 0xff, 0x38, 0x30, 0x38, 0xff,
    0x30, 0x34, 0x30, 0xff, 0x00, 0x00, 0x00, 0x00, 0x00, 0x00, 0x00, 0x00,
    0x00, 0x00, 0x00, 0x00, 0x00, 0x00, 0x00, 0x00, 0x00, 0x00, 0x00, 0x00,
    0x00, 0x00, 0x00, 0x00, 0x00, 0x00, 0x00, 0x00, 0x00, 0x00, 0x00, 0x00,
    0x58, 0x54, 0x58, 0xff, 0x50, 0x54, 0x50, 0xff, 0x58, 0x54, 0x58, 0xff,
    0x58, 0x54, 0x58, 0xff, 0x50, 0x58, 0x50, 0xff, 0x58, 0x54, 0x58, 0xff,
    0x58, 0x54, 0x58, 0xff, 0x58, 0x58, 0x58, 0xff, 0x58, 0x54, 0x58, 0xff,
    0x58, 0x54, 0x58, 0xff, 0x58, 0x54, 0x58, 0xff, 0x58, 0x54, 0x58, 0xff,
    0x50, 0x58, 0x50, 0xff, 0x58, 0x54, 0x58, 0xff, 0x50, 0x54, 0x50, 0xff,
    0x58, 0x54, 0x58, 0xff, 0x58, 0x54, 0x58, 0xff, 0x58, 0x54, 0x58, 0xff,
    0x50, 0x54, 0x50, 0xff, 0x58, 0x54, 0x58, 0xff, 0x58, 0x54, 0x58, 0xff,
    0x50, 0x54, 0x50, 0xff, 0x58, 0x54, 0x58, 0xff, 0x58, 0x58, 0x58, 0xff,
    0x58, 0x54, 0x58, 0xff, 0x58, 0x54, 0x58, 0xff, 0x50, 0x54, 0x50, 0xff,
    0x58, 0x54, 0x58, 0xff, 0x58, 0x54, 0x58, 0xff, 0x58, 0x54, 0x58, 0xff,
    0x08, 0x0c, 0x08, 0xff, 0x08, 0x0c, 0x08, 0xff, 0x10, 0x08, 0x10, 0xff,
    0x08, 0x0c, 0x08, 0xff, 0x08, 0x0c, 0x08, 0xff, 0x08, 0x08, 0x08, 0xff,
    0x08, 0x0c, 0x08, 0xff, 0x08, 0x0c, 0x08, 0xff, 0x08, 0x08, 0x08, 0xff,
    0x08, 0x0c, 0x08, 0xff, 0x08, 0x0c, 0x08, 0xff, 0x08, 0x08, 0x08, 0xff,
    0x10, 0x0c, 0x10, 0xff, 0x08, 0x08, 0x08, 0xff, 0x08, 0x0c, 0x08, 0xff,
    0x10, 0x08, 0x10, 0xff, 0x08, 0x0c, 0x08, 0xff, 0x08, 0x08, 0x08, 0xff,
    0x08, 0x0c, 0x08, 0xff, 0x08, 0x08, 0x08, 0xff, 0x08, 0x08, 0x08, 0xff,
    0x10, 0x0c, 0x10, 0xff, 0x08, 0x08, 0x08, 0xff, 0x08, 0x0c, 0x08, 0xff,
    0x08, 0x0c, 0x08, 0xff, 0x08, 0x08, 0x08, 0xff, 0x08, 0x0c, 0x08, 0xff,
    0x10, 0x0c, 0x10, 0xff, 0x08, 0x08, 0x08, 0xff, 0x08, 0x08, 0x08, 0xff,
    0x10, 0x0c, 0x10, 0xff, 0x08, 0x0c, 0x08, 0xff, 0x08, 0x08, 0x08, 0xff,
    0x10, 0x0c, 0x10, 0xff, 0x08, 0x08, 0x08, 0xff, 0x08, 0x0c, 0x08, 0xff,
    0x10, 0x08, 0x10, 0xff, 0x08, 0x08, 0x08, 0xff, 0x30, 0x34, 0x30, 0xff,
    0x38, 0x34, 0x38, 0xff, 0x30, 0x30, 0x30, 0xff, 0x30, 0x34, 0x30, 0xff,
    0x00, 0x00, 0x00, 0x00, 0x00, 0x00, 0x00, 0x00, 0x00, 0x00, 0x00, 0x00,
    0x00, 0x00, 0x00, 0x00, 0x00, 0x00, 0x00, 0x00, 0x00, 0x00, 0x00, 0x00,
    0x00, 0x00, 0x00, 0x00, 0x00, 0x00, 0x00, 0x00, 0x00, 0x00, 0x00, 0x00,
    0x00, 0x00, 0x00, 0x00, 0x00, 0x00, 0x00, 0x00, 0x00, 0x00, 0x00, 0x00,
    0x00, 0x00, 0x00, 0x00, 0x00, 0x00, 0x00, 0x00, 0x00, 0x00, 0x00, 0x00,
    0x00, 0x00, 0x00, 0x00, 0x30, 0x34, 0x30, 0xff, 0x30, 0x34, 0x30, 0xff,
    0x30, 0x34, 0x30, 0xff, 0x30, 0x34, 0x30, 0xff, 0x08, 0x0c, 0x08, 0xff,
    0x08, 0x0c, 0x08, 0xff, 0x08, 0x0c, 0x08, 0xff, 0x08, 0x0c, 0x08, 0xff,
    0x08, 0x0c, 0x08, 0xff, 0x08, 0x0c, 0x08, 0xff, 0x08, 0x0c, 0x08, 0xff,
    0x08, 0x0c, 0x08, 0xff, 0x08, 0x0c, 0x08, 0xff, 0x08, 0x0c, 0x08, 0xff,
    0x08, 0x0c, 0x08, 0xff, 0x08, 0x0c, 0x08, 0xff, 0x08, 0x0c, 0x08, 0xff,
    0x08, 0x0c, 0x08, 0xff, 0x08, 0x0c, 0x08, 0xff, 0x08, 0x0c, 0x08, 0xff,
    0x08, 0x0c, 0x08, 0xff, 0x08, 0x0c, 0x08, 0xff, 0x08, 0x08, 0x08, 0xff,
    0x08, 0x08, 0x08, 0xff, 0x10, 0x0c, 0x10, 0xff, 0x08, 0x08, 0x08, 0xff,
    0x08, 0x08, 0x08, 0xff, 0x10, 0x0c, 0x10, 0xff, 0x08, 0x08, 0x08, 0xff,
    0x10, 0x08, 0x10, 0xff, 0x08, 0x0c, 0x08, 0xff, 0x10, 0x08, 0x10, 0xff,
    0x08, 0x08, 0x08, 0xff, 0x08, 0x0c, 0x08, 0xff, 0x08, 0x0c, 0x08, 0xff,
    0x08, 0x08, 0x08, 0xff, 0x10, 0x08, 0x10, 0xff, 0x08, 0x0c, 0x08, 0xff,
    0x08, 0x08, 0x08, 0xff, 0x10, 0x0c, 0x10, 0xff, 0x08, 0x0c, 0x08, 0xff,
    0x08, 0x08, 0x08, 0xff, 0x10, 0x0c, 0x10, 0xff, 0x08, 0x08, 0x08, 0xff,
    0x08, 0x08, 0x08, 0xff, 0x10, 0x0c, 0x10, 0xff, 0x08, 0x08, 0x08, 0xff,
    0x08, 0x08, 0x08, 0xff, 0x10, 0x0c, 0x10, 0xff, 0x08, 0x08, 0x08, 0xff,
    0x08, 0x0c, 0x08, 0xff, 0x08, 0x08, 0x08, 0xff, 0x08, 0x08, 0x08, 0xff,
    0x08, 0x0c, 0x08, 0xff, 0x08, 0x08, 0x08, 0xff, 0x08, 0x08, 0x08, 0xff,
    0x08, 0x0c, 0x08, 0xff, 0x08, 0x0c, 0x08, 0xff, 0x10, 0x08, 0x10, 0xff,
    0x08, 0x0c, 0x08, 0xff, 0x30, 0x34, 0x30, 0xff, 0x38, 0x34, 0x38, 0xff,
    0x30, 0x34, 0x30, 0xff, 0x38, 0x34, 0x38, 0xff, 0x00, 0x00, 0x00, 0x00,
    0x00, 0x00, 0x00, 0x00, 0x00, 0x00, 0x00, 0x00, 0x00, 0x00, 0x00, 0x00,
    0x00, 0x00, 0x00, 0x00, 0x00, 0x00, 0x00, 0x00, 0x00, 0x00, 0x00, 0x00,
    0x00, 0x00, 0x00, 0x00, 0x00, 0x00, 0x00, 0x00, 0x00, 0x00, 0x00, 0x00,
    0x00, 0x00, 0x00, 0x00, 0x00, 0x00, 0x00, 0x00, 0x00, 0x00, 0x00, 0x00,
    0x00, 0x00, 0x00, 0x00, 0x00, 0x00, 0x00, 0x00, 0x00, 0x00, 0x00, 0x00,
    0x30, 0x34, 0x30, 0xff, 0x30, 0x34, 0x30, 0xff, 0x30, 0x34, 0x30, 0xff,
    0x38, 0x34, 0x38, 0xff, 0x08, 0x08, 0x08, 0xff, 0x08, 0x08, 0x08, 0xff,
    0x08, 0x0c, 0x08, 0xff, 0x08, 0x08, 0x08, 0xff, 0x08, 0x0c, 0x08, 0xff,
    0x08, 0x08, 0x08, 0xff, 0x08, 0x08, 0x08, 0xff, 0x08, 0x0c, 0x08, 0xff,
    0x08, 0x08, 0x08, 0xff, 0x08, 0x08, 0x08, 0xff, 0x08, 0x08, 0x08, 0xff,
    0x08, 0x08, 0x08, 0xff, 0x08, 0x08, 0x08, 0xff, 0x08, 0x0c, 0x08, 0xff,
    0x08, 0x08, 0x08, 0xff, 0x08, 0x08, 0x08, 0xff, 0x08, 0x0c, 0x08, 0xff,
    0x08, 0x08, 0x08, 0xff, 0x08, 0x0c, 0x08, 0xff, 0x08, 0x08, 0x08, 0xff,
    0x08, 0x0c, 0x08, 0xff, 0x08, 0x0c, 0x08, 0xff, 0x10, 0x08, 0x10, 0xff,
    0x08, 0x0c, 0x08, 0xff, 0x08, 0x0c, 0x08, 0xff, 0x08, 0x08, 0x08, 0xff,
    0x10, 0x0c, 0x10, 0xff, 0x08, 0x0c, 0x08, 0xff, 0x08, 0x08, 0x08, 0xff,
    0x10, 0x08, 0x10, 0xff, 0x08, 0x0c, 0x08, 0xff, 0x08, 0x0c, 0x08, 0xff,
    0x08, 0x08, 0x08, 0xff, 0x08, 0x0c, 0x08, 0xff, 0x10, 0x08, 0x10, 0xff,
    0x08, 0x08, 0x08, 0xff, 0x08, 0x0c, 0x08, 0xff, 0x10, 0x0c, 0x10, 0xff,
    0x08, 0x08, 0x08, 0xff, 0x08, 0x0c, 0x08, 0xff, 0x08, 0x0c, 0x08, 0xff,
    0x10, 0x08, 0x10, 0xff, 0x08, 0x0c, 0x08, 0xff, 0x08, 0x0c, 0x08, 0xff,
    0x08, 0x08, 0x08, 0xff, 0x08, 0x08, 0x08, 0xff, 0x10, 0x0c, 0x10, 0xff,
    0x08, 0x0c, 0x08, 0xff, 0x08, 0x08, 0x08, 0xff, 0x10, 0x0c, 0x10, 0xff,
    0x08, 0x0c, 0x08, 0xff, 0x10, 0x08, 0x10, 0xff, 0x08, 0x0c, 0x08, 0xff,
    0x08, 0x08, 0x08, 0xff, 0x08, 0x08, 0x08, 0xff, 0x08, 0x0c, 0x08, 0xff,
    0x38, 0x34, 0x38, 0xff, 0x30, 0x30, 0x30, 0xff, 0x30, 0x34, 0x30, 0xff,
    0x38, 0x34, 0x38, 0xff, 0x00, 0x00, 0x00, 0x00, 0x00, 0x00, 0x00, 0x00,
    0x00, 0x00, 0x00, 0x00, 0x00, 0x00, 0x00, 0x00, 0x00, 0x00, 0x00, 0x00,
    0x00, 0x00, 0x00, 0x00, 0x00, 0x00, 0x00, 0x00, 0x00, 0x00, 0x00, 0x00,
    0x00, 0x00, 0x00, 0x00, 0x00, 0x00, 0x00, 0x00, 0x00, 0x00, 0x00, 0x00,
    0x00, 0x00, 0x00, 0x00, 0x00, 0x00, 0x00, 0x00, 0x00, 0x00, 0x00, 0x00,
    0x00, 0x00, 0x00, 0x00, 0x00, 0x00, 0x00, 0x00, 0x30, 0x34, 0x30, 0xff,
    0x38, 0x34, 0x38, 0xff, 0x38, 0x30, 0x38, 0xff, 0x30, 0x34, 0x30, 0xff,
    0x08, 0x08, 0x08, 0xff, 0x10, 0x0c, 0x10, 0xff, 0x08, 0x08, 0x08, 0xff,
    0x08, 0x08, 0x08, 0xff, 0x10, 0x0c, 0x10, 0xff, 0x08, 0x08, 0x08, 0xff,
    0x10, 0x0c, 0x10, 0xff, 0x08, 0x08, 0x08, 0xff, 0x10, 0x0c, 0x10, 0xff,
    0x10, 0x0c, 0x10, 0xff, 0x08, 0x08, 0x08, 0xff, 0x10, 0x0c, 0x10, 0xff,
    0x08, 0x08, 0x08, 0xff, 0x10, 0x08, 0x10, 0xff, 0x08, 0x0c, 0x08, 0xff,
    0x08, 0x08, 0x08, 0xff, 0x10, 0x08, 0x10, 0xff, 0x10, 0x0c, 0x10, 0xff,
    0x08, 0x08, 0x08, 0xff, 0x10, 0x0c, 0x10, 0xff, 0x08, 0x08, 0x08, 0xff,
    0x08, 0x08, 0x08, 0xff, 0x08, 0x0c, 0x08, 0xff, 0x08, 0x08, 0x08, 0xff,
    0x08, 0x08, 0x08, 0xff, 0x08, 0x0c, 0x08, 0xff, 0x08, 0x08, 0x08, 0xff,
    0x08, 0x0c, 0x08, 0xff, 0x08, 0x0c, 0x08, 0xff, 0x10, 0x08, 0x10, 0xff,
    0x08, 0x08, 0x08, 0xff, 0x08, 0x0c, 0x08, 0xff, 0x10, 0x08, 0x10, 0xff,
    0x08, 0x0c, 0x08, 0xff, 0x08, 0x0c, 0x08, 0xff, 0x08, 0x08, 0x08, 0xff,
    0x08, 0x08, 0x08, 0xff, 0x08, 0x0c, 0x08, 0xff, 0x08, 0x08, 0x08, 0xff,
    0x08, 0x0c, 0x08, 0xff, 0x08, 0x08, 0x08, 0xff, 0x08, 0x08, 0x08, 0xff,
    0x10, 0x0c, 0x10, 0xff, 0x08, 0x0c, 0x08, 0xff, 0x08, 0x08, 0x08, 0xff,
    0x10, 0x0c, 0x10, 0xff, 0x08, 0x0c, 0x08, 0xff, 0x08, 0x08, 0x08, 0xff,
    0x10, 0x08, 0x10, 0xff, 0x08, 0x0c, 0x08, 0xff, 0x08, 0x08, 0x08, 0xff,
    0x10, 0x0c, 0x10, 0xff, 0x08, 0x08, 0x08, 0xff, 0x08, 0x0c, 0x08, 0xff,
    0x10, 0x08, 0x10, 0xff, 0x08, 0x08, 0x08, 0xff, 0x38, 0x34, 0x38, 0xff,
    0x30, 0x34, 0x30, 0xff, 0x30, 0x30, 0x30, 0xff, 0x30, 0x34, 0x30, 0xff,
    0x00, 0x00, 0x00, 0x00, 0x00, 0x00, 0x00, 0x00, 0x00, 0x00, 0x00, 0x00,
    0x00, 0x00, 0x00, 0x00, 0x00, 0x00, 0x00, 0x00, 0x00, 0x00, 0x00, 0x00,
    0x00, 0x00, 0x00, 0x00, 0x00, 0x00, 0x00, 0x00, 0x00, 0x00, 0x00, 0x00,
    0x00, 0x00, 0x00, 0x00, 0x00, 0x00, 0x00, 0x00, 0x00, 0x00, 0x00, 0x00,
    0x00, 0x00, 0x00, 0x00, 0x00, 0x00, 0x00, 0x00, 0x00, 0x00, 0x00, 0x00,
    0x00, 0x00, 0x00, 0x00, 0x30, 0x34, 0x30, 0xff, 0x30, 0x34, 0x30, 0xff,
    0x38, 0x34, 0x38, 0xff, 0x30, 0x34, 0x30, 0xff, 0x08, 0x08, 0x08, 0xff,
    0x10, 0x0c, 0x10, 0xff, 0x08, 0x0c, 0x08, 0xff, 0x08, 0x08, 0x08, 0xff,
    0x08, 0x0c, 0x08, 0xff, 0x08, 0x0c, 0x08, 0xff, 0x08, 0x08, 0x08, 0xff,
    0x08, 0x0c, 0x08, 0xff, 0x08, 0x08, 0x08, 0xff, 0x08, 0x0c, 0x08, 0xff,
    0x08, 0x0c, 0x08, 0xff, 0x08, 0x0c, 0x08, 0xff, 0x08, 0x0c, 0x08, 0xff,
    0x08, 0x08, 0x08, 0xff, 0x10, 0x0c, 0x10, 0xff, 0x08, 0x0c, 0x08, 0xff,
    0x08, 0x0c, 0x08, 0xff, 0x08, 0x08, 0x08, 0xff, 0x08, 0x0c, 0x08, 0xff,
    0x08, 0x0c, 0x08, 0xff, 0x10, 0x08, 0x10, 0xff, 0x08, 0x0c, 0x08, 0xff,
    0x10, 0x0c, 0x10, 0xff, 0x08, 0x08, 0x08, 0xff, 0x10, 0x0c, 0x10, 0xff,
    0x10, 0x08, 0x10, 0xff, 0x08, 0x08, 0x08, 0xff, 0x08, 0x0c, 0x08, 0xff,
    0x10, 0x08, 0x10, 0xff, 0x08, 0x0c, 0x08, 0xff, 0x08, 0x0c, 0x08, 0xff,
    0x10, 0x08, 0x10, 0xff, 0x08, 0x08, 0x08, 0xff, 0x08, 0x0c, 0x08, 0xff,
    0x10, 0x0c, 0x10, 0xff, 0x08, 0x08, 0x08, 0xff, 0x10, 0x0c, 0x10, 0xff,
    0x08, 0x08, 0x08, 0xff, 0x10, 0x0c, 0x10, 0xff, 0x10, 0x08, 0x10, 0xff,
    0x08, 0x0c, 0x08, 0xff, 0x08, 0x08, 0x08, 0xff, 0x08, 0x08, 0x08, 0xff,
    0x10, 0x08, 0x10, 0xff, 0x08, 0x0c, 0x08, 0xff, 0x08, 0x08, 0x08, 0xff,
    0x08, 0x08, 0x08, 0xff, 0x08, 0x0c, 0x08, 0xff, 0x08, 0x0c, 0x08, 0xff,
    0x08, 0x08, 0x08, 0xff, 0x08, 0x08, 0x08, 0xff, 0x08, 0x0c, 0x08, 0xff,
    0x08, 0x0c, 0x08, 0xff, 0x10, 0x08, 0x10, 0xff, 0x08, 0x0c, 0x08, 0xff,
    0x08, 0x0c, 0x08, 0xff, 0x38, 0x34, 0x38, 0xff, 0x38, 0x34, 0x38, 0xff,
    0x30, 0x34, 0x30, 0xff, 0x38, 0x30, 0x38, 0xff, 0x00, 0x00, 0x00, 0x00,
    0x00, 0x00, 0x00, 0x00, 0x00, 0x00, 0x00, 0x00, 0x00, 0x00, 0x00, 0x00,
    0x00, 0x00, 0x00, 0x00, 0x00, 0x00, 0x00, 0x00, 0x00, 0x00, 0x00, 0x00,
    0x00, 0x00, 0x00, 0x00, 0x00, 0x00, 0x00, 0x00, 0x00, 0x00, 0x00, 0x00,
    0x00, 0x00, 0x00, 0x00, 0x00, 0x00, 0x00, 0x00, 0x00, 0x00, 0x00, 0x00,
    0x00, 0x00, 0x00, 0x00, 0x00, 0x00, 0x00, 0x00, 0x00, 0x00, 0x00, 0x00,
    0x30, 0x34, 0x30, 0xff, 0x30, 0x30, 0x30, 0xff, 0x38, 0x34, 0x38, 0xff,
    0x30, 0x34, 0x30, 0xff, 0x08, 0x08, 0x08, 0xff, 0x08, 0x08, 0x08, 0xff,
    0x10, 0x0c, 0x10, 0xff, 0x08, 0x08, 0x08, 0xff, 0x08, 0x08, 0x08, 0xff,
    0x10, 0x0c, 0x10, 0xff, 0x08, 0x08, 0x08, 0xff, 0x08, 0x08, 0x08, 0xff,
    0x10, 0x0c, 0x10, 0xff, 0x08, 0x08, 0x08, 0xff, 0x08, 0x08, 0x08, 0xff,
    0x10, 0x08, 0x10, 0xff, 0x08, 0x0c, 0x08, 0xff, 0x08, 0x08, 0x08, 0xff,
    0x08, 0x08, 0x08, 0xff, 0x08, 0x0c, 0x08, 0xff, 0x08, 0x08, 0x08, 0xff,
    0x10, 0x08, 0x10, 0xff, 0x08, 0x0c, 0x08, 0xff, 0x08, 0x08, 0x08, 0xff,
    0x08, 0x08, 0x08, 0xff, 0x08, 0x0c, 0x08, 0xff, 0x08, 0x08, 0x08, 0xff,
    0x08, 0x0c, 0x08, 0xff, 0x08, 0x0c, 0x08, 0xff, 0x08, 0x08, 0x08, 0xff,
    0x08, 0x0c, 0x08, 0xff, 0x10, 0x08, 0x10, 0xff, 0x08, 0x08, 0x08, 0xff,
    0x08, 0x0c, 0x08, 0xff, 0x08, 0x0c, 0x08, 0xff, 0x08, 0x08, 0x08, 0xff,
    0x08, 0x0c, 0x08, 0xff, 0x08, 0x08, 0x08, 0xff, 0x08, 0x08, 0x08, 0xff,
    0x10, 0x0c, 0x10, 0xff, 0x08, 0x08, 0x08, 0xff, 0x08, 0x0c, 0x08, 0xff,
    0x08, 0x08, 0x08, 0xff, 0x08, 0x0c, 0x08, 0xff, 0x10, 0x0c, 0x10, 0xff,
    0x08, 0x0c, 0x08, 0xff, 0x08, 0x08, 0x08, 0xff, 0x08, 0x0c, 0x08, 0xff,
    0x10, 0x0c, 0x10, 0xff, 0x08, 0x08, 0x08, 0xff, 0x10, 0x08, 0x10, 0xff,
    0x08, 0x0c, 0x08, 0xff, 0x10, 0x0c, 0x10, 0xff, 0x08, 0x08, 0x08, 0xff,
    0x10, 0x0c, 0x10, 0xff, 0x08, 0x08, 0x08, 0xff, 0x08, 0x08, 0x08, 0xff,
    0x08, 0x0c, 0x08, 0xff, 0x08, 0x08, 0x08, 0xff, 0x08, 0x08, 0x08, 0xff,
    0x30, 0x34, 0x30, 0xff, 0x30, 0x34, 0x30, 0xff, 0x38, 0x34, 0x38, 0xff,
    0x30, 0x34, 0x30, 0xff, 0x00, 0x00, 0x00, 0x00, 0x00, 0x00, 0x00, 0x00,
    0x00, 0x00, 0x00, 0x00, 0x00, 0x00, 0x00, 0x00, 0x00, 0x00, 0x00, 0x00,
    0x00, 0x00, 0x00, 0x00, 0x00, 0x00, 0x00, 0x00, 0x00, 0x00, 0x00, 0x00,
    0x00, 0x00, 0x00, 0x00, 0x00, 0x00, 0x00, 0x00, 0x00, 0x00, 0x00, 0x00,
    0x00, 0x00, 0x00, 0x00, 0x00, 0x00, 0x00, 0x00, 0x00, 0x00, 0x00, 0x00,
    0x00, 0x00, 0x00, 0x00, 0x00, 0x00, 0x00, 0x00, 0x30, 0x34, 0x30, 0xff,
    0x38, 0x34, 0x38, 0xff, 0x30, 0x34, 0x30, 0xff, 0x38, 0x34, 0x38, 0xff,
    0x08, 0x08, 0x08, 0xff, 0x08, 0x0c, 0x08, 0xff, 0x08, 0x0c, 0x08, 0xff,
    0x10, 0x08, 0x10, 0xff, 0x08, 0x0c, 0x08, 0xff, 0x08, 0x0c, 0x08, 0xff,
    0x10, 0x08, 0x10, 0xff, 0x08, 0x0c, 0x08, 0xff, 0x08, 0x0c, 0x08, 0xff,
    0x10, 0x08, 0x10, 0xff, 0x08, 0x08, 0x08, 0xff, 0x08, 0x0c, 0x08, 0xff,
    0x10, 0x0c, 0x10, 0xff, 0x08, 0x08, 0x08, 0xff, 0x10, 0x0c, 0x10, 0xff,
    0x08, 0x08, 0x08, 0xff, 0x08, 0x0c, 0x08, 0xff, 0x10, 0x0c, 0x10, 0xff,
    0x08, 0x08, 0x08, 0xff, 0x08, 0x0c, 0x08, 0xff, 0x10, 0x0c, 0x10, 0xff,
    0x08, 0x08, 0x08, 0xff, 0x08, 0x08, 0x08, 0xff, 0x10, 0x0c, 0x10, 0xff,
    0x08, 0x08, 0x08, 0xff, 0x08, 0x0c, 0x08, 0xff, 0x08, 0x0c, 0x08, 0xff,
    0x08, 0x08, 0x08, 0xff, 0x08, 0x0c, 0x08, 0xff, 0x10, 0x08, 0x10, 0xff,
    0x08, 0x08, 0x08, 0xff, 0x08, 0x0c, 0x08, 0xff, 0x10, 0x0c, 0x10, 0xff,
    0x08, 0x08, 0x08, 0xff, 0x08, 0x0c, 0x08, 0xff, 0x08, 0x08, 0x08, 0xff,
    0x08, 0x0c, 0x08, 0xff, 0x08, 0x08, 0x08, 0xff, 0x08, 0x08, 0x08, 0xff,
    0x08, 0x08, 0x08, 0xff, 0x08, 0x0c, 0x08, 0xff, 0x10, 0x08, 0x10, 0xff,
    0x08, 0x0c, 0x08, 0xff, 0x08, 0x08, 0x08, 0xff, 0x08, 0x0c, 0x08, 0xff,
    0x08, 0x0c, 0x08, 0xff, 0x08, 0x08, 0x08, 0xff, 0x10, 0x08, 0x10, 0xff,
    0x08, 0x0c, 0x08, 0xff, 0x08, 0x08, 0x08, 0xff, 0x08, 0x0c, 0x08, 0xff,
    0x10, 0x0c, 0x10, 0xff, 0x08, 0x08, 0x08, 0xff, 0x08, 0x0c, 0x08, 0xff,
    0x10, 0x08, 0x10, 0xff, 0x08, 0x08, 0x08, 0xff, 0x30, 0x34, 0x30, 0xff,
    0x38, 0x30, 0x38, 0xff, 0x30, 0x34, 0x30, 0xff, 0x30, 0x34, 0x30, 0xff,
    0x00, 0x00, 0x00, 0x00, 0x00, 0x00, 0x00, 0x00, 0x00, 0x00, 0x00, 0x00,
    0x00, 0x00, 0x00, 0x00, 0x00, 0x00, 0x00, 0x00, 0x00, 0x00, 0x00, 0x00,
    0x00, 0x00, 0x00, 0x00, 0x00, 0x00, 0x00, 0x00, 0x00, 0x00, 0x00, 0x00,
    0x00, 0x00, 0x00, 0x00, 0x00, 0x00, 0x00, 0x00, 0x00, 0x00, 0x00, 0x00,
    0x00, 0x00, 0x00, 0x00, 0x00, 0x00, 0x00, 0x00, 0x00, 0x00, 0x00, 0x00,
    0x00, 0x00, 0x00, 0x00, 0x30, 0x34, 0x30, 0xff, 0x38, 0x30, 0x38, 0xff,
    0x30, 0x34, 0x30, 0xff, 0x30, 0x34, 0x30, 0xff, 0x10, 0x08, 0x10, 0xff,
    0x08, 0x08, 0x08, 0xff, 0x08, 0x0c, 0x08, 0xff, 0x08, 0x08, 0x08, 0xff,
    0x08, 0x08, 0x08, 0xff, 0x08, 0x0c, 0x08, 0xff, 0x10, 0x08, 0x10, 0xff,
    0x08, 0x08, 0x08, 0xff, 0x08, 0x0c, 0x08, 0xff, 0x08, 0x0c, 0x08, 0xff,
    0x08, 0x08, 0x08, 0xff, 0x08, 0x0c, 0x08, 0xff, 0x08, 0x08, 0x08, 0xff,
    0x08, 0x0c, 0x08, 0xff, 0x10, 0x0c, 0x10, 0xff, 0x08, 0x08, 0x08, 0xff,
    0x08, 0x08, 0x08, 0xff, 0x08, 0x0c, 0x08, 0xff, 0x08, 0x08, 0x08, 0xff,
    0x10, 0x08, 0x10, 0xff, 0x08, 0x0c, 0x08, 0xff, 0x08, 0x08, 0x08, 0xff,
    0x10, 0x0c, 0x10, 0xff, 0x08, 0x08, 0x08, 0xff, 0x10, 0x08, 0x10, 0xff,
    0x08, 0x0c, 0x08, 0xff, 0x10, 0x08, 0x10, 0xff, 0x08, 0x0c, 0x08, 0xff,
    0x08, 0x0c, 0x08, 0xff, 0x10, 0x08, 0x10, 0xff, 0x08, 0x08, 0x08, 0xff,
    0x08, 0x0c, 0x08, 0xff, 0x10, 0x08, 0x10, 0xff, 0x08, 0x0c, 0x08, 0xff,
    0x08, 0x08, 0x08, 0xff, 0x10, 0x0c, 0x10, 0xff, 0x08, 0x0c, 0x08, 0xff,
    0x10, 0x0c, 0x10, 0xff, 0x10, 0x08, 0x10, 0xff, 0x08, 0x0c, 0x08, 0xff,
    0x08, 0x08, 0x08, 0xff, 0x08, 0x08, 0x08, 0xff, 0x10, 0x0c, 0x10, 0xff,
    0x08, 0x08, 0x08, 0xff, 0x08, 0x08, 0x08, 0xff, 0x10, 0x0c, 0x10, 0xff,
    0x08, 0x0c, 0x08, 0xff, 0x08, 0x08, 0x08, 0xff, 0x08, 0x0c, 0x08, 0xff,
    0x08, 0x08, 0x08, 0xff, 0x08, 0x08, 0x08, 0xff, 0x10, 0x0c, 0x10, 0xff,
    0x08, 0x0c, 0x08, 0xff, 0x08, 0x08, 0x08, 0xff, 0x10, 0x0c, 0x10, 0xff,
    0x08, 0x0c, 0x08, 0xff, 0x38, 0x34, 0x38, 0xff, 0x30, 0x34, 0x30, 0xff,
    0x30, 0x30, 0x30, 0xff, 0x38, 0x34, 0x38, 0xff, 0x00, 0x00, 0x00, 0x00,
    0x00, 0x00, 0x00, 0x00, 0x00, 0x00, 0x00, 0x00, 0x00, 0x00, 0x00, 0x00,
    0x00, 0x00, 0x00, 0x00, 0x00, 0x00, 0x00, 0x00, 0x00, 0x00, 0x00, 0x00,
    0x00, 0x00, 0x00, 0x00, 0x00, 0x00, 0x00, 0x00, 0x00, 0x00, 0x00, 0x00,
    0x00, 0x00, 0x00, 0x00, 0x00, 0x00, 0x00, 0x00, 0x00, 0x00, 0x00, 0x00,
    0x00, 0x00, 0x00, 0x00, 0x00, 0x00, 0x00, 0x00, 0x00, 0x00, 0x00, 0x00,
    0x30, 0x34, 0x30, 0xff, 0x38, 0x34, 0x38, 0xff, 0x30, 0x30, 0x30, 0xff,
    0x30, 0x34, 0x30, 0xff, 0x08, 0x08, 0x08, 0xff, 0x10, 0x0c, 0x10, 0xff,
    0x08, 0x0c, 0x08, 0xff, 0x08, 0x08, 0x08, 0xff, 0x10, 0x0c, 0x10, 0xff,
    0x08, 0x0c, 0x08, 0xff, 0x08, 0x08, 0x08, 0xff, 0x08, 0x08, 0x08, 0xff,
    0x10, 0x0c, 0x10, 0xff, 0x08, 0x08, 0x08, 0xff, 0x10, 0x0c, 0x10, 0xff,
    0x08, 0x08, 0x08, 0xff, 0x08, 0x08, 0x08, 0xff, 0x08, 0x0c, 0x08, 0xff,
    0x08, 0x08, 0x08, 0xff, 0x10, 0x0c, 0x10, 0xff, 0x08, 0x08, 0x08, 0xff,
    0x08, 0x0c, 0x08, 0xff, 0x10, 0x0c, 0x10, 0xff, 0x08, 0x08, 0x08, 0xff,
    0x08, 0x0c, 0x08, 0xff, 0x08, 0x0c, 0x08, 0xff, 0x08, 0x08, 0x08, 0xff,
    0x08, 0x0c, 0x08, 0xff, 0x08, 0x0c, 0x08, 0xff, 0x08, 0x08, 0x08, 0xff,
    0x10, 0x08, 0x10, 0xff, 0x08, 0x0c, 0x08, 0xff, 0x08, 0x08, 0x08, 0xff,
    0x08, 0x0c, 0x08, 0xff, 0x08, 0x0c, 0x08, 0xff, 0x08, 0x08, 0x08, 0xff,
    0x08, 0x08, 0x08, 0xff, 0x10, 0x0c, 0x10, 0xff, 0x08, 0x08, 0x08, 0xff,
    0x08, 0x08, 0x08, 0xff, 0x08, 0x0c, 0x08, 0xff, 0x08, 0x08, 0x08, 0xff,
    0x08, 0x0c, 0x08, 0xff, 0x08, 0x0c, 0x08, 0xff, 0x10, 0x08, 0x10, 0xff,
    0x08, 0x0c, 0x08, 0xff, 0x08, 0x0c, 0x08, 0xff, 0x08, 0x08, 0x08, 0xff,
    0x10, 0x08, 0x10, 0xff, 0x08, 0x0c, 0x08, 0xff, 0x08, 0x08, 0x08, 0xff,
    0x08, 0x0c, 0x08, 0xff, 0x10, 0x0c, 0x10, 0xff, 0x08, 0x08, 0x08, 0xff,
    0x08, 0x08, 0x08, 0xff, 0x08, 0x0c, 0x08, 0xff, 0x08, 0x08, 0x08, 0xff,
    0x08, 0x08, 0x08, 0xff, 0x08, 0x0c, 0x08, 0xff, 0x08, 0x08, 0x08, 0xff,
    0x38, 0x34, 0x38, 0xff, 0x30, 0x34, 0x30, 0xff, 0x38, 0x34, 0x38, 0xff,
    0x30, 0x30, 0x30, 0xff, 0x00, 0x00, 0x00, 0x00, 0x00, 0x00, 0x00, 0x00,
    0x00, 0x00, 0x00, 0x00, 0x00, 0x00, 0x00, 0x00, 0x00, 0x00, 0x00, 0x00,
    0x00, 0x00, 0x00, 0x00, 0x00, 0x00, 0x00, 0x00, 0x00, 0x00, 0x00, 0x00,
    0x00, 0x00, 0x00, 0x00, 0x00, 0x00, 0x00, 0x00, 0x00, 0x00, 0x00, 0x00,
    0x00, 0x00, 0x00, 0x00, 0x00, 0x00, 0x00, 0x00, 0x00, 0x00, 0x00, 0x00,
    0x00, 0x00, 0x00, 0x00, 0x00, 0x00, 0x00, 0x00, 0x30, 0x34, 0x30, 0xff,
    0x38, 0x34, 0x38, 0xff, 0x38, 0x34, 0x38, 0xff, 0x30, 0x34, 0x30, 0xff,
    0x08, 0x08, 0x08, 0xff, 0x08, 0x0c, 0x08, 0xff, 0x10, 0x08, 0x10, 0xff,
    0x08, 0x08, 0x08, 0xff, 0x08, 0x0c, 0x08, 0xff, 0x10, 0x0c, 0x10, 0xff,
    0x08, 0x08, 0x08, 0xff, 0x08, 0x0c, 0x08, 0xff, 0x08, 0x0c, 0x08, 0xff,
    0x08, 0x08, 0x08, 0xff, 0x10, 0x0c, 0x10, 0xff, 0x08, 0x0c, 0x08, 0xff,
    0x10, 0x08, 0x10, 0xff, 0x08, 0x08, 0x08, 0xff, 0x08, 0x0c, 0x08, 0xff,
    0x08, 0x08, 0x08, 0xff, 0x10, 0x0c, 0x10, 0xff, 0x08, 0x08, 0x08, 0xff,
    0x08, 0x08, 0x08, 0xff, 0x08, 0x0c, 0x08, 0xff, 0x10, 0x08, 0x10, 0xff,
    0x08, 0x08, 0x08, 0xff, 0x08, 0x0c, 0x08, 0xff, 0x10, 0x08, 0x10, 0xff,
    0x08, 0x0c, 0x08, 0xff, 0x08, 0x08, 0x08, 0xff, 0x08, 0x0c, 0x08, 0xff,
    0x08, 0x08, 0x08, 0xff, 0x10, 0x08, 0x10, 0xff, 0x08, 0x0c, 0x08, 0xff,
    0x10, 0x0c, 0x10, 0xff, 0x08, 0x08, 0x08, 0xff, 0x08, 0x0c, 0x08, 0xff,
    0x08, 0x0c, 0x08, 0xff, 0x10, 0x08, 0x10, 0xff, 0x08, 0x08, 0x08, 0xff,
    0x08, 0x0c, 0x08, 0xff, 0x10, 0x08, 0x10, 0xff, 0x08, 0x08, 0x08, 0xff,
    0x08, 0x0c, 0x08, 0xff, 0x08, 0x08, 0x08, 0xff, 0x10, 0x0c, 0x10, 0xff,
    0x08, 0x0c, 0x08, 0xff, 0x08, 0x08, 0x08, 0xff, 0x08, 0x0c, 0x08, 0xff,
    0x08, 0x0c, 0x08, 0xff, 0x08, 0x08, 0x08, 0xff, 0x10, 0x08, 0x10, 0xff,
    0x08, 0x0c, 0x08, 0xff, 0x08, 0x0c, 0x08, 0xff, 0x10, 0x08, 0x10, 0xff,
    0x08, 0x0c, 0x08, 0xff, 0x10, 0x08, 0x10, 0xff, 0x08, 0x0c, 0x08, 0xff,
    0x08, 0x08, 0x08, 0xff, 0x08, 0x08, 0x08, 0xff, 0x38, 0x34, 0x38, 0xff,
    0x30, 0x34, 0x30, 0xff, 0x30, 0x34, 0x30, 0xff, 0x38, 0x34, 0x38, 0xff,
    0x00, 0x00, 0x00, 0x00, 0x00, 0x00, 0x00, 0x00, 0x00, 0x00, 0x00, 0x00,
    0x00, 0x00, 0x00, 0x00, 0x00, 0x00, 0x00, 0x00, 0x00, 0x00, 0x00, 0x00,
    0x00, 0x00, 0x00, 0x00, 0x00, 0x00, 0x00, 0x00, 0x00, 0x00, 0x00, 0x00,
    0x00, 0x00, 0x00, 0x00, 0x00, 0x00, 0x00, 0x00, 0x00, 0x00, 0x00, 0x00,
    0x00, 0x00, 0x00, 0x00, 0x00, 0x00, 0x00, 0x00, 0x00, 0x00, 0x00, 0x00,
    0x00, 0x00, 0x00, 0x00, 0x30, 0x34, 0x30, 0xff, 0x30, 0x30, 0x30, 0xff,
    0x38, 0x34, 0x38, 0xff, 0x30, 0x34, 0x30, 0xff, 0x08, 0x08, 0x08, 0xff,
    0x08, 0x08, 0x08, 0xff, 0x08, 0x0c, 0x08, 0xff, 0x08, 0x08, 0x08, 0xff,
    0x08, 0x08, 0x08, 0xff, 0x08, 0x0c, 0x08, 0xff, 0x10, 0x08, 0x10, 0xff,
    0x08, 0x08, 0x08, 0xff, 0x08, 0x0c, 0x08, 0xff, 0x08, 0x08, 0x08, 0xff,
    0x08, 0x08, 0x08, 0xff, 0x08, 0x0c, 0x08, 0xff, 0x08, 0x0c, 0x08, 0xff,
    0x10, 0x08, 0x10, 0xff, 0x08, 0x0c, 0x08, 0xff, 0x08, 0x0c, 0x08, 0xff,
    0x08, 0x08, 0x08, 0xff, 0x08, 0x0c, 0x08, 0xff, 0x08, 0x08, 0x08, 0xff,
    0x10, 0x0c, 0x10, 0xff, 0x08, 0x0c, 0x08, 0xff, 0x08, 0x08, 0x08, 0xff,
    0x10, 0x0c, 0x10, 0xff, 0x08, 0x08, 0x08, 0xff, 0x08, 0x08, 0x08, 0xff,
    0x10, 0x0c, 0x10, 0xff, 0x08, 0x0c, 0x08, 0xff, 0x08, 0x08, 0x08, 0xff,
    0x08, 0x0c, 0x08, 0xff, 0x10, 0x08, 0x10, 0xff, 0x08, 0x08, 0x08, 0xff,
    0x08, 0x0c, 0x08, 0xff, 0x10, 0x08, 0x10, 0xff, 0x08, 0x0c, 0x08, 0xff,
    0x08, 0x0c, 0x08, 0xff, 0x10, 0x08, 0x10, 0xff, 0x08, 0x0c, 0x08, 0xff,
    0x08, 0x0c, 0x08, 0xff, 0x10, 0x08, 0x10, 0xff, 0x08, 0x08, 0x08, 0xff,
    0x08, 0x0c, 0x08, 0xff, 0x08, 0x08, 0x08, 0xff, 0x10, 0x08, 0x10, 0xff,
    0x08, 0x0c, 0x08, 0xff, 0x08, 0x08, 0x08, 0xff, 0x10, 0x0c, 0x10, 0xff,
    0x08, 0x08, 0x08, 0xff, 0x08, 0x08, 0x08, 0xff, 0x08, 0x0c, 0x08, 0xff,
    0x10, 0x08, 0x10, 0xff, 0x08, 0x0c, 0x08, 0xff, 0x08, 0x08, 0x08, 0xff,
    0x10, 0x0c, 0x10, 0xff, 0x08, 0x0c, 0x08, 0xff, 0x08, 0x08, 0x08, 0xff,
    0x10, 0x0c, 0x10, 0xff, 0x30, 0x34, 0x30, 0xff, 0x30, 0x30, 0x30, 0xff,
    0x38, 0x34, 0x38, 0xff, 0x30, 0x34, 0x30, 0xff, 0x00, 0x00, 0x00, 0x00,
    0x00, 0x00, 0x00, 0x00, 0x00, 0x00, 0x00, 0x00, 0x00, 0x00, 0x00, 0x00,
    0x00, 0x00, 0x00, 0x00, 0x00, 0x00, 0x00, 0x00, 0x00, 0x00, 0x00, 0x00,
    0x00, 0x00, 0x00, 0x00, 0x00, 0x00, 0x00, 0x00, 0x00, 0x00, 0x00, 0x00,
    0x00, 0x00, 0x00, 0x00, 0x00, 0x00, 0x00, 0x00, 0x00, 0x00, 0x00, 0x00,
    0x00, 0x00, 0x00, 0x00, 0x00, 0x00, 0x00, 0x00, 0x00, 0x00, 0x00, 0x00,
    0x30, 0x34, 0x30, 0xff, 0x30, 0x34, 0x30, 0xff, 0x38, 0x34, 0x38, 0xff,
    0x38, 0x34, 0x38, 0xff, 0x08, 0x08, 0x08, 0xff, 0x10, 0x0c, 0x10, 0xff,
    0x08, 0x0c, 0x08, 0xff, 0x10, 0x0c, 0x10, 0xff, 0x08, 0x08, 0x08, 0xff,
    0x08, 0x0c, 0x08, 0xff, 0x08, 0x0c, 0x08, 0xff, 0x10, 0x08, 0x10, 0xff,
    0x08, 0x0c, 0x08, 0xff, 0x10, 0x0c, 0x10, 0xff, 0x08, 0x08, 0x08, 0xff,
    0x08, 0x08, 0x08, 0xff, 0x08, 0x0c, 0x08, 0xff, 0x10, 0x08, 0x10, 0xff,
    0x08, 0x08, 0x08, 0xff, 0x08, 0x0c, 0x08, 0xff, 0x10, 0x08, 0x10, 0xff,
    0x08, 0x0c, 0x08, 0xff, 0x08, 0x0c, 0x08, 0xff, 0x10, 0x08, 0x10, 0xff,
    0x08, 0x08, 0x08, 0xff, 0x08, 0x0c, 0x08, 0xff, 0x08, 0x0c, 0x08, 0xff,
    0x08, 0x08, 0x08, 0xff, 0x08, 0x0c, 0x08, 0xff, 0x10, 0x0c, 0x10, 0xff,
    0x08, 0x08, 0x08, 0xff, 0x08, 0x0c, 0x08, 0xff, 0x08, 0x0c, 0x08, 0xff,
    0x08, 0x08, 0x08, 0xff, 0x08, 0x0c, 0x08, 0xff, 0x08, 0x08, 0x08, 0xff,
    0x10, 0x08, 0x10, 0xff, 0x08, 0x0c, 0x08, 0xff, 0x08, 0x08, 0x08, 0xff,
    0x08, 0x08, 0x08, 0xff, 0x08, 0x0c, 0x08, 0xff, 0x08, 0x0c, 0x08, 0xff,
    0x08, 0x08, 0x08, 0xff, 0x10, 0x0c, 0x10, 0xff, 0x08, 0x0c, 0x08, 0xff,
    0x08, 0x08, 0x08, 0xff, 0x08, 0x0c, 0x08, 0xff, 0x10, 0x08, 0x10, 0xff,
    0x08, 0x08, 0x08, 0xff, 0x08, 0x0c, 0x08, 0xff, 0x10, 0x0c, 0x10, 0xff,
    0x08, 0x08, 0x08, 0xff, 0x08, 0x0c, 0x08, 0xff, 0x08, 0x08, 0x08, 0xff,
    0x08, 0x08, 0x08, 0xff, 0x08, 0x0c, 0x08, 0xff, 0x08, 0x08, 0x08, 0xff,
    0x10, 0x08, 0x10, 0xff, 0x08, 0x0c, 0x08, 0xff, 0x08, 0x08, 0x08, 0xff,
    0x38, 0x34, 0x38, 0xff, 0x30, 0x34, 0x30, 0xff, 0x30, 0x30, 0x30, 0xff,
    0x38, 0x34, 0x38, 0xff, 0x00, 0x00, 0x00, 0x00, 0x00, 0x00, 0x00, 0x00,
    0x00, 0x00, 0x00, 0x00, 0x00, 0x00, 0x00, 0x00, 0x00, 0x00, 0x00, 0x00,
    0x00, 0x00, 0x00, 0x00, 0x00, 0x00, 0x00, 0x00, 0x00, 0x00, 0x00, 0x00,
    0x00, 0x00, 0x00, 0x00, 0x00, 0x00, 0x00, 0x00, 0x00, 0x00, 0x00, 0x00,
    0x00, 0x00, 0x00, 0x00, 0x00, 0x00, 0x00, 0x00, 0x00, 0x00, 0x00, 0x00,
    0x00, 0x00, 0x00, 0x00, 0x00, 0x00, 0x00, 0x00, 0x38, 0x34, 0x38, 0xff,
    0x30, 0x30, 0x30, 0xff, 0x30, 0x34, 0x30, 0xff, 0x30, 0x34, 0x30, 0xff,
    0x08, 0x08, 0x08, 0xff, 0x08, 0x08, 0x08, 0xff, 0x10, 0x0c, 0x10, 0xff,
    0x08, 0x08, 0x08, 0xff, 0x08, 0x08, 0x08, 0xff, 0x10, 0x0c, 0x10, 0xff,
    0x08, 0x08, 0x08, 0xff, 0x08, 0x08, 0x08, 0xff, 0x08, 0x0c, 0x08, 0xff,
    0x10, 0x0c, 0x10, 0xff, 0x08, 0x08, 0x08, 0xff, 0x08, 0x0c, 0x08, 0xff,
    0x10, 0x0c, 0x10, 0xff, 0x08, 0x08, 0x08, 0xff, 0x08, 0x0c, 0x08, 0xff,
    0x10, 0x08, 0x10, 0xff, 0x08, 0x08, 0x08, 0xff, 0x08, 0x0c, 0x08, 0xff,
    0x08, 0x08, 0x08, 0xff, 0x08, 0x08, 0x08, 0xff, 0x08, 0x0c, 0x08, 0xff,
    0x10, 0x08, 0x10, 0xff, 0x08, 0x08, 0x08, 0xff, 0x08, 0x0c, 0x08, 0xff,
    0x10, 0x08, 0x10, 0xff, 0x08, 0x08, 0x08, 0xff, 0x08, 0x08, 0x08, 0xff,
    0x10, 0x0c, 0x10, 0xff, 0x10, 0x08, 0x10, 0xff, 0x08, 0x0c, 0x08, 0xff,
    0x08, 0x0c, 0x08, 0xff, 0x10, 0x08, 0x10, 0xff, 0x08, 0x0c, 0x08, 0xff,
    0x08, 0x0c, 0x08, 0xff, 0x08, 0x08, 0x08, 0xff, 0x10, 0x08, 0x10, 0xff,
    0x08, 0x0c, 0x08, 0xff, 0x08, 0x08, 0x08, 0xff, 0x10, 0x08, 0x10, 0xff,
    0x08, 0x0c, 0x08, 0xff, 0x08, 0x08, 0x08, 0xff, 0x08, 0x0c, 0x08, 0xff,
    0x08, 0x0c, 0x08, 0xff, 0x08, 0x08, 0x08, 0xff, 0x08, 0x0c, 0x08, 0xff,
    0x08, 0x08, 0x08, 0xff, 0x10, 0x0c, 0x10, 0xff, 0x08, 0x0c, 0x08, 0xff,
    0x08, 0x08, 0x08, 0xff, 0x10, 0x0c, 0x10, 0xff, 0x08, 0x0c, 0x08, 0xff,
    0x08, 0x08, 0x08, 0xff, 0x10, 0x0c, 0x10, 0xff, 0x08, 0x0c, 0x08, 0xff,
    0x08, 0x08, 0x08, 0xff, 0x08, 0x08, 0x08, 0xff, 0x38, 0x34, 0x38, 0xff,
    0x30, 0x34, 0x30, 0xff, 0x30, 0x34, 0x30, 0xff, 0x38, 0x30, 0x38, 0xff,
    0x00, 0x00, 0x00, 0x00, 0x00, 0x00, 0x00, 0x00, 0x00, 0x00, 0x00, 0x00,
    0x00, 0x00, 0x00, 0x00, 0x00, 0x00, 0x00, 0x00, 0x00, 0x00, 0x00, 0x00,
    0x00, 0x00, 0x00, 0x00, 0x00, 0x00, 0x00, 0x00, 0x00, 0x00, 0x00, 0x00,
    0x00, 0x00, 0x00, 0x00, 0x00, 0x00, 0x00, 0x00, 0x00, 0x00, 0x00, 0x00,
    0x00, 0x00, 0x00, 0x00, 0x00, 0x00, 0x00, 0x00, 0x00, 0x00, 0x00, 0x00,
    0x00, 0x00, 0x00, 0x00, 0x30, 0x34, 0x30, 0xff, 0x38, 0x34, 0x38, 0xff,
    0x30, 0x30, 0x30, 0xff, 0x38, 0x34, 0x38, 0xff, 0x08, 0x08, 0x08, 0xff,
    0x08, 0x0c, 0x08, 0xff, 0x08, 0x08, 0x08, 0xff, 0x08, 0x0c, 0x08, 0xff,
    0x08, 0x0c, 0x08, 0xff, 0x10, 0x08, 0x10, 0xff, 0x08, 0x0c, 0x08, 0xff,
    0x08, 0x08, 0x08, 0xff, 0x08, 0x08, 0x08, 0xff, 0x08, 0x08, 0x08, 0xff,
    0x10, 0x0c, 0x10, 0xff, 0x08, 0x08, 0x08, 0xff, 0x08, 0x08, 0x08, 0xff,
    0x08, 0x0c, 0x08, 0xff, 0x08, 0x0c, 0x08, 0xff, 0x08, 0x08, 0x08, 0xff,
    0x10, 0x0c, 0x10, 0xff, 0x08, 0x0c, 0x08, 0xff, 0x10, 0x08, 0x10, 0xff,
    0x08, 0x0c, 0x08, 0xff, 0x08, 0x0c, 0x08, 0xff, 0x10, 0x08, 0x10, 0xff,
    0x08, 0x0c, 0x08, 0xff, 0x08, 0x0c, 0x08, 0xff, 0x08, 0x08, 0x08, 0xff,
    0x08, 0x0c, 0x08, 0xff, 0x08, 0x0c, 0x08, 0xff, 0x08, 0x08, 0x08, 0xff,
    0x08, 0x08, 0x08, 0xff, 0x08, 0x08, 0x08, 0xff, 0x10, 0x0c, 0x10, 0xff,
    0x08, 0x08, 0x08, 0xff, 0x08, 0x08, 0x08, 0xff, 0x08, 0x0c, 0x08, 0xff,
    0x10, 0x0c, 0x10, 0xff, 0x08, 0x08, 0x08, 0xff, 0x08, 0x0c, 0x08, 0xff,
    0x10, 0x0c, 0x10, 0xff, 0x08, 0x08, 0x08, 0xff, 0x08, 0x08, 0x08, 0xff,
    0x10, 0x0c, 0x10, 0xff, 0x10, 0x08, 0x10, 0xff, 0x08, 0x08, 0x08, 0xff,
    0x10, 0x0c, 0x10, 0xff, 0x08, 0x08, 0x08, 0xff, 0x08, 0x08, 0x08, 0xff,
    0x08, 0x0c, 0x08, 0xff, 0x08, 0x08, 0x08, 0xff, 0x10, 0x08, 0x10, 0xff,
    0x08, 0x0c, 0x08, 0xff, 0x08, 0x08, 0x08, 0xff, 0x10, 0x08, 0x10, 0xff,
    0x08, 0x0c, 0x08, 0xff, 0x08, 0x0c, 0x08, 0xff, 0x08, 0x08, 0x08, 0xff,
    0x10, 0x0c, 0x10, 0xff, 0x30, 0x34, 0x30, 0xff, 0x38, 0x34, 0x38, 0xff,
    0x30, 0x34, 0x30, 0xff, 0x30, 0x34, 0x30, 0xff, 0x00, 0x00, 0x00, 0x00,
    0x00, 0x00, 0x00, 0x00, 0x00, 0x00, 0x00, 0x00, 0x00, 0x00, 0x00, 0x00,
    0x00, 0x00, 0x00, 0x00, 0x00, 0x00, 0x00, 0x00, 0x00, 0x00, 0x00, 0x00,
    0x00, 0x00, 0x00, 0x00, 0x00, 0x00, 0x00, 0x00, 0x00, 0x00, 0x00, 0x00,
    0x00, 0x00, 0x00, 0x00, 0x00, 0x00, 0x00, 0x00, 0x00, 0x00, 0x00, 0x00,
    0x00, 0x00, 0x00, 0x00, 0x00, 0x00, 0x00, 0x00, 0x00, 0x00, 0x00, 0x00,
    0x30, 0x34, 0x30, 0xff, 0x38, 0x34, 0x38, 0xff, 0x30, 0x34, 0x30, 0xff,
    0x38, 0x34, 0x38, 0xff, 0x08, 0x08, 0x08, 0xff, 0x08, 0x0c, 0x08, 0xff,
    0x10, 0x08, 0x10, 0xff, 0x08, 0x08, 0x08, 0xff, 0x08, 0x0c, 0x08, 0xff,
    0x08, 0x08, 0x08, 0xff, 0x10, 0x0c, 0x10, 0xff, 0x08, 0x0c, 0x08, 0xff,
    0x08, 0x08, 0x08, 0xff, 0x10, 0x0c, 0x10, 0xff, 0x08, 0x0c, 0x08, 0xff,
    0x08, 0x08, 0x08, 0xff, 0x10, 0x08, 0x10, 0xff, 0x08, 0x0c, 0x08, 0xff,
    0x08, 0x08, 0x08, 0xff, 0x08, 0x0c, 0x08, 0xff, 0x08, 0x08, 0x08, 0xff,
    0x08, 0x08, 0x08, 0xff, 0x10, 0x0c, 0x10, 0xff, 0x08, 0x08, 0x08, 0xff,
    0x08, 0x0c, 0x08, 0xff, 0x08, 0x08, 0x08, 0xff, 0x10, 0x0c, 0x10, 0xff,
    0x08, 0x08, 0x08, 0xff, 0x08, 0x08, 0x08, 0xff, 0x10, 0x0c, 0x10, 0xff,
    0x08, 0x0c, 0x08, 0xff, 0x08, 0x08, 0x08, 0xff, 0x08, 0x0c, 0x08, 0xff,
    0x10, 0x0c, 0x10, 0xff, 0x08, 0x08, 0x08, 0xff, 0x08, 0x0c, 0x08, 0xff,
    0x08, 0x08, 0x08, 0xff, 0x10, 0x08, 0x10, 0xff, 0x08, 0x0c, 0x08, 0xff,
    0x08, 0x08, 0x08, 0xff, 0x08, 0x08, 0x08, 0xff, 0x08, 0x0c, 0x08, 0xff,
    0x08, 0x0c, 0x08, 0xff, 0x08, 0x08, 0x08, 0xff, 0x08, 0x0c, 0x08, 0xff,
    0x08, 0x0c, 0x08, 0xff, 0x08, 0x08, 0x08, 0xff, 0x10, 0x0c, 0x10, 0xff,
    0x08, 0x0c, 0x08, 0xff, 0x08, 0x08, 0x08, 0xff, 0x10, 0x0c, 0x10, 0xff,
    0x08, 0x08, 0x08, 0xff, 0x08, 0x0c, 0x08, 0xff, 0x08, 0x0c, 0x08, 0xff,
    0x08, 0x08, 0x08, 0xff, 0x08, 0x0c, 0x08, 0xff, 0x08, 0x08, 0x08, 0xff,
    0x08, 0x08, 0x08, 0xff, 0x10, 0x0c, 0x10, 0xff, 0x08, 0x08, 0x08, 0xff,
    0x30, 0x34, 0x30, 0xff, 0x38, 0x30, 0x38, 0xff, 0x30, 0x34, 0x30, 0xff,
    0x30, 0x34, 0x30, 0xff, 0x00, 0x00, 0x00, 0x00, 0x00, 0x00, 0x00, 0x00,
    0x00, 0x00, 0x00, 0x00, 0x00, 0x00, 0x00, 0x00, 0x00, 0x00, 0x00, 0x00,
    0x00, 0x00, 0x00, 0x00, 0x00, 0x00, 0x00, 0x00, 0x00, 0x00, 0x00, 0x00,
    0x00, 0x00, 0x00, 0x00, 0x00, 0x00, 0x00, 0x00, 0x00, 0x00, 0x00, 0x00,
    0x00, 0x00, 0x00, 0x00, 0x00, 0x00, 0x00, 0x00, 0x00, 0x00, 0x00, 0x00,
    0x00, 0x00, 0x00, 0x00, 0x00, 0x00, 0x00, 0x00, 0x30, 0x30, 0x30, 0xff,
    0x30, 0x34, 0x30, 0xff, 0x38, 0x34, 0x38, 0xff, 0x30, 0x34, 0x30, 0xff,
    0x08, 0x08, 0x08, 0xff, 0x08, 0x0c, 0x08, 0xff, 0x10, 0x0c, 0x10, 0xff,
    0x08, 0x08, 0x08, 0xff, 0x08, 0x0c, 0x08, 0xff, 0x08, 0x08, 0x08, 0xff,
    0x08, 0x08, 0x08, 0xff, 0x10, 0x0c, 0x10, 0xff, 0x08, 0x0c, 0x08, 0xff,
    0x08, 0x08, 0x08, 0xff, 0x08, 0x0c, 0x08, 0xff, 0x08, 0x0c, 0x08, 0xff,
    0x10, 0x08, 0x10, 0xff, 0x08, 0x0c, 0x08, 0xff, 0x10, 0x08, 0x10, 0xff,
    0x10, 0x0c, 0x10, 0xff, 0x08, 0x0c, 0x08, 0xff, 0x08, 0x08, 0x08, 0xff,
    0x08, 0x0c, 0x08, 0xff, 0x08, 0x08, 0x08, 0xff, 0x08, 0x08, 0x08, 0xff,
    0x08, 0x0c, 0x08, 0xff, 0x10, 0x08, 0x10, 0xff, 0x08, 0x0c, 0x08, 0xff,
    0x08, 0x08, 0x08, 0xff, 0x10, 0x08, 0x10, 0xff, 0x08, 0x0c, 0x08, 0xff,
    0x10, 0x08, 0x10, 0xff, 0x08, 0x0c, 0x08, 0xff, 0x08, 0x08, 0x08, 0xff,
    0x08, 0x0c, 0x08, 0xff, 0x08, 0x0c, 0x08, 0xff, 0x10, 0x08, 0x10, 0xff,
    0x08, 0x0c, 0x08, 0xff, 0x08, 0x0c, 0x08, 0xff, 0x10, 0x08, 0x10, 0xff,
    0x08, 0x0c, 0x08, 0xff, 0x08, 0x08, 0x08, 0xff, 0x10, 0x08, 0x10, 0xff,
    0x08, 0x0c, 0x08, 0xff, 0x08, 0x08, 0x08, 0xff, 0x08, 0x08, 0x08, 0xff,
    0x08, 0x0c, 0x08, 0xff, 0x08, 0x08, 0x08, 0xff, 0x08, 0x0c, 0x08, 0xff,
    0x10, 0x0c, 0x10, 0xff, 0x08, 0x08, 0x08, 0xff, 0x08, 0x0c, 0x08, 0xff,
    0x10, 0x08, 0x10, 0xff, 0x08, 0x08, 0x08, 0xff, 0x10, 0x0c, 0x10, 0xff,
    0x08, 0x0c, 0x08, 0xff, 0x08, 0x08, 0x08, 0xff, 0x10, 0x0c, 0x10, 0xff,
    0x08, 0x08, 0x08, 0xff, 0x08, 0x08, 0x08, 0xff, 0x38, 0x34, 0x38, 0xff,
    0x30, 0x34, 0x30, 0xff, 0x38, 0x30, 0x38, 0xff, 0x38, 0x34, 0x38, 0xff,
    0x00, 0x00, 0x00, 0x00, 0x00, 0x00, 0x00, 0x00, 0x00, 0x00, 0x00, 0x00,
    0x00, 0x00, 0x00, 0x00, 0x00, 0x00, 0x00, 0x00, 0x00, 0x00, 0x00, 0x00,
    0x00, 0x00, 0x00, 0x00, 0x00, 0x00, 0x00, 0x00, 0x00, 0x00, 0x00, 0x00,
    0x00, 0x00, 0x00, 0x00, 0x00, 0x00, 0x00, 0x00, 0x00, 0x00, 0x00, 0x00,
    0x00, 0x00, 0x00, 0x00, 0x00, 0x00, 0x00, 0x00, 0x00, 0x00, 0x00, 0x00,
    0x00, 0x00, 0x00, 0x00, 0x38, 0x34, 0x38, 0xff, 0x30, 0x30, 0x30, 0xff,
    0x30, 0x34, 0x30, 0xff, 0x38, 0x34, 0x38, 0xff, 0x08, 0x08, 0x08, 0xff,
    0x08, 0x08, 0x08, 0xff, 0x08, 0x0c, 0x08, 0xff, 0x10, 0x08, 0x10, 0xff,
    0x08, 0x0c, 0x08, 0xff, 0x08, 0x0c, 0x08, 0xff, 0x10, 0x08, 0x10, 0xff,
    0x08, 0x08, 0x08, 0xff, 0x08, 0x0c, 0x08, 0xff, 0x08, 0x08, 0x08, 0xff,
    0x10, 0x08, 0x10, 0xff, 0x08, 0x0c, 0x08, 0xff, 0x08, 0x0c, 0x08, 0xff,
    0x08, 0x08, 0x08, 0xff, 0x08, 0x08, 0x08, 0xff, 0x08, 0x0c, 0x08, 0xff,
    0x08, 0x08, 0x08, 0xff, 0x10, 0x0c, 0x10, 0xff, 0x08, 0x0c, 0x08, 0xff,
    0x10, 0x08, 0x10, 0xff, 0x08, 0x0c, 0x08, 0xff, 0x08, 0x0c, 0x08, 0xff,
    0x08, 0x08, 0x08, 0xff, 0x08, 0x0c, 0x08, 0xff, 0x08, 0x0c, 0x08, 0xff,
    0x08, 0x08, 0x08, 0xff, 0x08, 0x0c, 0x08, 0xff, 0x08, 0x08, 0x08, 0xff,
    0x10, 0x08, 0x10, 0xff, 0x08, 0x0c, 0x08, 0xff, 0x08, 0x08, 0x08, 0xff,
    0x10, 0x08, 0x10, 0xff, 0x08, 0x0c, 0x08, 0xff, 0x08, 0x08, 0x08, 0xff,
    0x08, 0x08, 0x08, 0xff, 0x10, 0x0c, 0x10, 0xff, 0x08, 0x0c, 0x08, 0xff,
    0x08, 0x08, 0x08, 0xff, 0x10, 0x0c, 0x10, 0xff, 0x08, 0x0c, 0x08, 0xff,
    0x10, 0x08, 0x10, 0xff, 0x10, 0x0c, 0x10, 0xff, 0x08, 0x08, 0x08, 0xff,
    0x08, 0x08, 0x08, 0xff, 0x10, 0x08, 0x10, 0xff, 0x08, 0x0c, 0x08, 0xff,
    0x08, 0x08, 0x08, 0xff, 0x08, 0x0c, 0x08, 0xff, 0x08, 0x08, 0x08, 0xff,
    0x10, 0x08, 0x10, 0xff, 0x08, 0x0c, 0x08, 0xff, 0x08, 0x08, 0x08, 0xff,
    0x10, 0x0c, 0x10, 0xff, 0x08, 0x0c, 0x08, 0xff, 0x08, 0x08, 0x08, 0xff,
    0x08, 0x0c, 0x08, 0xff, 0x30, 0x34, 0x30, 0xff, 0x30, 0x34, 0x30, 0xff,
    0x30, 0x34, 0x30, 0xff, 0x30, 0x30, 0x30, 0xff, 0x00, 0x00, 0x00, 0x00,
    0x00, 0x00, 0x00, 0x00, 0x00, 0x00, 0x00, 0x00, 0x00, 0x00, 0x00, 0x00,
    0x00, 0x00, 0x00, 0x00, 0x00, 0x00, 0x00, 0x00, 0x00, 0x00, 0x00, 0x00,
    0x00, 0x00, 0x00, 0x00, 0x00, 0x00, 0x00, 0x00, 0x00, 0x00, 0x00, 0x00,
    0x00, 0x00, 0x00, 0x00, 0x00, 0x00, 0x00, 0x00, 0x00, 0x00, 0x00, 0x00,
    0x00, 0x00, 0x00, 0x00, 0x00, 0x00, 0x00, 0x00, 0x00, 0x00, 0x00, 0x00,
    0x30, 0x34, 0x30, 0xff, 0x38, 0x34, 0x38, 0xff, 0x30, 0x34, 0x30, 0xff,
    0x38, 0x34, 0x38, 0xff, 0x08, 0x08, 0x08, 0xff, 0x08, 0x0c, 0x08, 0xff,
    0x08, 0x08, 0x08, 0xff, 0x10, 0x08, 0x10, 0xff, 0x08, 0x0c, 0x08, 0xff,
    0x08, 0x0c, 0x08, 0xff, 0x08, 0x08, 0x08, 0xff, 0x08, 0x0c, 0x08, 0xff,
    0x10, 0x08, 0x10, 0xff, 0x08, 0x0c, 0x08, 0xff, 0x08, 0x08, 0x08, 0xff,
    0x10, 0x08, 0x10, 0xff, 0x08, 0x0c, 0x08, 0xff, 0x08, 0x08, 0x08, 0xff,
    0x08, 0x0c, 0x08, 0xff, 0x08, 0x08, 0x08, 0xff, 0x10, 0x08, 0x10, 0xff,
    0x08, 0x0c, 0x08, 0xff, 0x08, 0x08, 0x08, 0xff, 0x10, 0x08, 0x10, 0xff,
    0x08, 0x0c, 0x08, 0xff, 0x10, 0x08, 0x10, 0xff, 0x08, 0x08, 0x08, 0xff,
    0x10, 0x0c, 0x10, 0xff, 0x10, 0x08, 0x10, 0xff, 0x08, 0x0c, 0x08, 0xff,
    0x08, 0x0c, 0x08, 0xff, 0x08, 0x08, 0x08, 0xff, 0x10, 0x0c, 0x10, 0xff,
    0x08, 0x0c, 0x08, 0xff, 0x08, 0x08, 0x08, 0xff, 0x08, 0x0c, 0x08, 0xff,
    0x08, 0x0c, 0x08, 0xff, 0x08, 0x08, 0x08, 0xff, 0x08, 0x0c, 0x08, 0xff,
    0x08, 0x08, 0x08, 0xff, 0x08, 0x08, 0x08, 0xff, 0x08, 0x0c, 0x08, 0xff,
    0x08, 0x08, 0x08, 0xff, 0x08, 0x08, 0x08, 0xff, 0x08, 0x0c, 0x08, 0xff,
    0x08, 0x0c, 0x08, 0xff, 0x08, 0x0c, 0x08, 0xff, 0x10, 0x08, 0x10, 0xff,
    0x08, 0x0c, 0x08, 0xff, 0x08, 0x08, 0x08, 0xff, 0x10, 0x0c, 0x10, 0xff,
    0x08, 0x0c, 0x08, 0xff, 0x08, 0x0c, 0x08, 0xff, 0x08, 0x08, 0x08, 0xff,
    0x08, 0x0c, 0x08, 0xff, 0x08, 0x08, 0x08, 0xff, 0x08, 0x08, 0x08, 0xff,
    0x08, 0x0c, 0x08, 0xff, 0x10, 0x08, 0x10, 0xff, 0x08, 0x08, 0x08, 0xff,
    0x38, 0x34, 0x38, 0xff, 0x38, 0x34, 0x38, 0xff, 0x30, 0x34, 0x30, 0xff,
    0x30, 0x34, 0x30, 0xff, 0x00, 0x00, 0x00, 0x00, 0x00, 0x00, 0x00, 0x00,
    0x00, 0x00, 0x00, 0x00, 0x00, 0x00, 0x00, 0x00, 0x00, 0x00, 0x00, 0x00,
    0x00, 0x00, 0x00, 0x00, 0x00, 0x00, 0x00, 0x00, 0x00, 0x00, 0x00, 0x00,
    0x00, 0x00, 0x00, 0x00, 0x00, 0x00, 0x00, 0x00, 0x00, 0x00, 0x00, 0x00,
    0x00, 0x00, 0x00, 0x00, 0x00, 0x00, 0x00, 0x00, 0x00, 0x00, 0x00, 0x00,
    0x00, 0x00, 0x00, 0x00, 0x00, 0x00, 0x00, 0x00, 0x30, 0x34, 0x30, 0xff,
    0x30, 0x30, 0x30, 0xff, 0x38, 0x34, 0x38, 0xff, 0x30, 0x34, 0x30, 0xff,
    0x08, 0x08, 0x08, 0xff, 0x10, 0x0c, 0x10, 0xff, 0x08, 0x0c, 0x08, 0xff,
    0x08, 0x08, 0x08, 0xff, 0x10, 0x08, 0x10, 0xff, 0x08, 0x0c, 0x08, 0xff,
    0x08, 0x08, 0x08, 0xff, 0x10, 0x0c, 0x10, 0xff, 0x08, 0x0c, 0x08, 0xff,
    0x08, 0x08, 0x08, 0xff, 0x08, 0x0c, 0x08, 0xff, 0x08, 0x0c, 0x08, 0xff,
    0x10, 0x08, 0x10, 0xff, 0x08, 0x0c, 0x08, 0xff, 0x10, 0x0c, 0x10, 0xff,
    0x08, 0x08, 0x08, 0xff, 0x08, 0x0c, 0x08, 0xff, 0x08, 0x0c, 0x08, 0xff,
    0x08, 0x08, 0x08, 0xff, 0x08, 0x0c, 0x08, 0xff, 0x08, 0x0c, 0x08, 0xff,
    0x08, 0x08, 0x08, 0xff, 0x08, 0x0c, 0x08, 0xff, 0x08, 0x08, 0x08, 0xff,
    0x08, 0x08, 0x08, 0xff, 0x10, 0x0c, 0x10, 0xff, 0x08, 0x08, 0x08, 0xff,
    0x08, 0x08, 0x08, 0xff, 0x08, 0x0c, 0x08, 0xff, 0x10, 0x08, 0x10, 0xff,
    0x08, 0x08, 0x08, 0xff, 0x08, 0x0c, 0x08, 0xff, 0x10, 0x08, 0x10, 0xff,
    0x10, 0x0c, 0x10, 0xff, 0x08, 0x0c, 0x08, 0xff, 0x10, 0x08, 0x10, 0xff,
    0x08, 0x0c, 0x08, 0xff, 0x10, 0x0c, 0x10, 0xff, 0x08, 0x08, 0x08, 0xff,
    0x08, 0x0c, 0x08, 0xff, 0x10, 0x08, 0x10, 0xff, 0x08, 0x08, 0x08, 0xff,
    0x08, 0x0c, 0x08, 0xff, 0x08, 0x0c, 0x08, 0xff, 0x08, 0x08, 0x08, 0xff,
    0x08, 0x0c, 0x08, 0xff, 0x10, 0x08, 0x10, 0xff, 0x08, 0x08, 0x08, 0xff,
    0x08, 0x0c, 0x08, 0xff, 0x10, 0x08, 0x10, 0xff, 0x08, 0x0c, 0x08, 0xff,
    0x10, 0x0c, 0x10, 0xff, 0x08, 0x08, 0x08, 0xff, 0x08, 0x0c, 0x08, 0xff,
    0x08, 0x0c, 0x08, 0xff, 0x08, 0x08, 0x08, 0xff, 0x38, 0x34, 0x38, 0xff,
    0x30, 0x34, 0x30, 0xff, 0x38, 0x30, 0x38, 0xff, 0x38, 0x34, 0x38, 0xff,
    0x00, 0x00, 0x00, 0x00, 0x00, 0x00, 0x00, 0x00, 0x00, 0x00, 0x00, 0x00,
    0x00, 0x00, 0x00, 0x00, 0x00, 0x00, 0x00, 0x00, 0x00, 0x00, 0x00, 0x00,
    0x00, 0x00, 0x00, 0x00, 0x00, 0x00, 0x00, 0x00, 0x00, 0x00, 0x00, 0x00,
    0x00, 0x00, 0x00, 0x00, 0x00, 0x00, 0x00, 0x00, 0x00, 0x00, 0x00, 0x00,
    0x00, 0x00, 0x00, 0x00, 0x00, 0x00, 0x00, 0x00, 0x00, 0x00, 0x00, 0x00,
    0x00, 0x00, 0x00, 0x00, 0x38, 0x34, 0x38, 0xff, 0x30, 0x34, 0x30, 0xff,
    0x30, 0x30, 0x30, 0xff, 0x38, 0x34, 0x38, 0xff, 0x08, 0x08, 0x08, 0xff,
    0x08, 0x08, 0x08, 0xff, 0x08, 0x0c, 0x08, 0xff, 0x08, 0x0c, 0x08, 0xff,
    0x08, 0x08, 0x08, 0xff, 0x10, 0x08, 0x10, 0xff, 0x08, 0x0c, 0x08, 0xff,
    0x08, 0x08, 0x08, 0xff, 0x08, 0x08, 0x08, 0xff, 0x10, 0x0c, 0x10, 0xff,
    0x08, 0x08, 0x08, 0xff, 0x08, 0x08, 0x08, 0xff, 0x08, 0x0c, 0x08, 0xff,
    0x08, 0x08, 0x08, 0xff, 0x08, 0x08, 0x08, 0xff, 0x10, 0x0c, 0x10, 0xff,
    0x08, 0x08, 0x08, 0xff, 0x08, 0x08, 0x08, 0xff, 0x10, 0x0c, 0x10, 0xff,
    0x08, 0x08, 0x08, 0xff, 0x08, 0x08, 0x08, 0xff, 0x10, 0x0c, 0x10, 0xff,
    0x08, 0x0c, 0x08, 0xff, 0x08, 0x08, 0x08, 0xff, 0x08, 0x0c, 0x08, 0xff,
    0x08, 0x0c, 0x08, 0xff, 0x10, 0x08, 0x10, 0xff, 0x08, 0x0c, 0x08, 0xff,
    0x08, 0x0c, 0x08, 0xff, 0x08, 0x08, 0x08, 0xff, 0x10, 0x0c, 0x10, 0xff,
    0x08, 0x08, 0x08, 0xff, 0x08, 0x08, 0x08, 0xff, 0x08, 0x0c, 0x08, 0xff,
    0x08, 0x08, 0x08, 0xff, 0x08, 0x08, 0x08, 0xff, 0x10, 0x0c, 0x10, 0xff,
    0x08, 0x08, 0x08, 0xff, 0x08, 0x0c, 0x08, 0xff, 0x10, 0x0c, 0x10, 0xff,
    0x08, 0x08, 0x08, 0xff, 0x08, 0x08, 0x08, 0xff, 0x10, 0x0c, 0x10, 0xff,
    0x08, 0x08, 0x08, 0xff, 0x08, 0x08, 0x08, 0xff, 0x10, 0x0c, 0x10, 0xff,
    0x08, 0x08, 0x08, 0xff, 0x08, 0x08, 0x08, 0xff, 0x08, 0x0c, 0x08, 0xff,
    0x10, 0x08, 0x10, 0xff, 0x08, 0x08, 0x08, 0xff, 0x08, 0x0c, 0x08, 0xff,
    0x10, 0x08, 0x10, 0xff, 0x08, 0x08, 0x08, 0xff, 0x08, 0x0c, 0x08, 0xff,
    0x08, 0x08, 0x08, 0xff, 0x30, 0x34, 0x30, 0xff, 0x30, 0x34, 0x30, 0xff,
    0x30, 0x34, 0x30, 0xff, 0x38, 0x30, 0x38, 0xff, 0x00, 0x00, 0x00, 0x00,
    0x00, 0x00, 0x00, 0x00, 0x00, 0x00, 0x00, 0x00, 0x00, 0x00, 0x00, 0x00,
    0x00, 0x00, 0x00, 0x00, 0x00, 0x00, 0x00, 0x00, 0x00, 0x00, 0x00, 0x00,
    0x00, 0x00, 0x00, 0x00, 0x00, 0x00, 0x00, 0x00, 0x00, 0x00, 0x00, 0x00,
    0x00, 0x00, 0x00, 0x00, 0x00, 0x00, 0x00, 0x00, 0x00, 0x00, 0x00, 0x00,
    0x00, 0x00, 0x00, 0x00, 0x00, 0x00, 0x00, 0x00, 0x00, 0x00, 0x00, 0x00,
    0x30, 0x34, 0x30, 0xff, 0x38, 0x34, 0x38, 0xff, 0x30, 0x34, 0x30, 0xff,
    0x30, 0x34, 0x30, 0xff, 0x10, 0x08, 0x10, 0xff, 0x08, 0x08, 0x08, 0xff,
    0x08, 0x0c, 0x08, 0xff, 0x10, 0x08, 0x10, 0xff, 0x08, 0x0c, 0x08, 0xff,
    0x08, 0x0c, 0x08, 0xff, 0x08, 0x08, 0x08, 0xff, 0x08, 0x0c, 0x08, 0xff,
    0x10, 0x08, 0x10, 0xff, 0x08, 0x0c, 0x08, 0xff, 0x08, 0x0c, 0x08, 0xff,
    0x10, 0x08, 0x10, 0xff, 0x08, 0x0c, 0x08, 0xff, 0x08, 0x08, 0x08, 0xff,
    0x08, 0x0c, 0x08, 0xff, 0x10, 0x0c, 0x10, 0xff, 0x08, 0x08, 0x08, 0xff,
    0x08, 0x0c, 0x08, 0xff, 0x10, 0x0c, 0x10, 0xff, 0x08, 0x08, 0x08, 0xff,
    0x08, 0x08, 0x08, 0xff, 0x10, 0x0c, 0x10, 0xff, 0x08, 0x08, 0x08, 0xff,
    0x10, 0x0c, 0x10, 0xff, 0x08, 0x08, 0x08, 0xff, 0x08, 0x08, 0x08, 0xff,
    0x08, 0x0c, 0x08, 0xff, 0x10, 0x08, 0x10, 0xff, 0x08, 0x08, 0x08, 0xff,
    0x08, 0x0c, 0x08, 0xff, 0x08, 0x0c, 0x08, 0xff, 0x08, 0x08, 0x08, 0xff,
    0x08, 0x0c, 0x08, 0xff, 0x10, 0x0c, 0x10, 0xff, 0x08, 0x08, 0x08, 0xff,
    0x08, 0x0c, 0x08, 0xff, 0x08, 0x08, 0x08, 0xff, 0x08, 0x08, 0x08, 0xff,
    0x08, 0x0c, 0x08, 0xff, 0x08, 0x08, 0x08, 0xff, 0x08, 0x0c, 0x08, 0xff,
    0x08, 0x0c, 0x08, 0xff, 0x10, 0x08, 0x10, 0xff, 0x08, 0x0c, 0x08, 0xff,
    0x08, 0x0c, 0x08, 0xff, 0x08, 0x08, 0x08, 0xff, 0x08, 0x0c, 0x08, 0xff,
    0x08, 0x0c, 0x08, 0xff, 0x10, 0x08, 0x10, 0xff, 0x08, 0x0c, 0x08, 0xff,
    0x08, 0x0c, 0x08, 0xff, 0x08, 0x08, 0x08, 0xff, 0x08, 0x0c, 0x08, 0xff,
    0x10, 0x0c, 0x10, 0xff, 0x10, 0x08, 0x10, 0xff, 0x08, 0x08, 0x08, 0xff,
    0x38, 0x34, 0x38, 0xff, 0x38, 0x34, 0x38, 0xff, 0x30, 0x34, 0x30, 0xff,
    0x30, 0x34, 0x30, 0xff, 0x00, 0x00, 0x00, 0x00, 0x00, 0x00, 0x00, 0x00,
    0x00, 0x00, 0x00, 0x00, 0x00, 0x00, 0x00, 0x00, 0x00, 0x00, 0x00, 0x00,
    0x00, 0x00, 0x00, 0x00, 0x00, 0x00, 0x00, 0x00, 0x00, 0x00, 0x00, 0x00,
    0x00, 0x00, 0x00, 0x00, 0x00, 0x00, 0x00, 0x00, 0x00, 0x00, 0x00, 0x00,
    0x00, 0x00, 0x00, 0x00, 0x00, 0x00, 0x00, 0x00, 0x00, 0x00, 0x00, 0x00,
    0x00, 0x00, 0x00, 0x00, 0x00, 0x00, 0x00, 0x00, 0x30, 0x30, 0x30, 0xff,
    0x38, 0x34, 0x38, 0xff, 0x30, 0x34, 0x30, 0xff, 0x30, 0x34, 0x30, 0xff,
    0x08, 0x08, 0x08, 0xff, 0x10, 0x0c, 0x10, 0xff, 0x08, 0x0c, 0x08, 0xff,
    0x08, 0x08, 0x08, 0xff, 0x10, 0x08, 0x10, 0xff, 0x08, 0x0c, 0x08, 0xff,
    0x08, 0x08, 0x08, 0xff, 0x10, 0x0c, 0x10, 0xff, 0x08, 0x0c, 0x08, 0xff,
    0x08, 0x08, 0x08, 0xff, 0x08, 0x08, 0x08, 0xff, 0x10, 0x0c, 0x10, 0xff,
    0x08, 0x08, 0x08, 0xff, 0x08, 0x0c, 0x08, 0xff, 0x10, 0x08, 0x10, 0xff,
    0x08, 0x08, 0x08, 0xff, 0x08, 0x0c, 0x08, 0xff, 0x08, 0x08, 0x08, 0xff,
    0x08, 0x0c, 0x08, 0xff, 0x08, 0x0c, 0x08, 0xff, 0x08, 0x08, 0x08, 0xff,
    0x08, 0x0c, 0x08, 0xff, 0x08, 0x08, 0x08, 0xff, 0x08, 0x0c, 0x08, 0xff,
    0x10, 0x0c, 0x10, 0xff, 0x08, 0x08, 0x08, 0xff, 0x08, 0x0c, 0x08, 0xff,
    0x08, 0x0c, 0x08, 0xff, 0x10, 0x08, 0x10, 0xff, 0x08, 0x08, 0x08, 0xff,
    0x10, 0x0c, 0x10, 0xff, 0x08, 0x08, 0x08, 0xff, 0x08, 0x08, 0x08, 0xff,
    0x10, 0x0c, 0x10, 0xff, 0x08, 0x08, 0x08, 0xff, 0x08, 0x0c, 0x08, 0xff,
    0x10, 0x0c, 0x10, 0xff, 0x08, 0x08, 0x08, 0xff, 0x10, 0x0c, 0x10, 0xff,
    0x08, 0x08, 0x08, 0xff, 0x08, 0x08, 0x08, 0xff, 0x10, 0x0c, 0x10, 0xff,
    0x08, 0x08, 0x08, 0xff, 0x08, 0x08, 0x08, 0xff, 0x10, 0x0c, 0x10, 0xff,
    0x08, 0x08, 0x08, 0xff, 0x08, 0x0c, 0x08, 0xff, 0x10, 0x08, 0x10, 0xff,
    0x08, 0x08, 0x08, 0xff, 0x08, 0x0c, 0x08, 0xff, 0x08, 0x08, 0x08, 0xff,
    0x10, 0x08, 0x10, 0xff, 0x08, 0x0c, 0x08, 0xff, 0x08, 0x0c, 0x08, 0xff,
    0x08, 0x08, 0x08, 0xff, 0x08, 0x0c, 0x08, 0xff, 0x38, 0x34, 0x38, 0xff,
    0x30, 0x30, 0x30, 0xff, 0x30, 0x34, 0x30, 0xff, 0x38, 0x34, 0x38, 0xff,
    0x00, 0x00, 0x00, 0x00, 0x00, 0x00, 0x00, 0x00, 0x00, 0x00, 0x00, 0x00,
    0x00, 0x00, 0x00, 0x00, 0x00, 0x00, 0x00, 0x00, 0x00, 0x00, 0x00, 0x00,
    0x00, 0x00, 0x00, 0x00, 0x00, 0x00, 0x00, 0x00, 0x00, 0x00, 0x00, 0x00,
    0x00, 0x00, 0x00, 0x00, 0x00, 0x00, 0x00, 0x00, 0x00, 0x00, 0x00, 0x00,
    0x00, 0x00, 0x00, 0x00, 0x00, 0x00, 0x00, 0x00, 0x00, 0x00, 0x00, 0x00,
    0x00, 0x00, 0x00, 0x00, 0x30, 0x34, 0x30, 0xff, 0x38, 0x30, 0x38, 0xff,
    0x38, 0x34, 0x38, 0xff, 0x30, 0x34, 0x30, 0xff, 0x08, 0x08, 0x08, 0xff,
    0x08, 0x0c, 0x08, 0xff, 0x08, 0x08, 0x08, 0xff, 0x08, 0x0c, 0x08, 0xff,
    0x08, 0x0c, 0x08, 0xff, 0x10, 0x08, 0x10, 0xff, 0x08, 0x08, 0x08, 0xff,
    0x08, 0x0c, 0x08, 0xff, 0x08, 0x08, 0x08, 0xff, 0x08, 0x08, 0x08, 0xff,
    0x10, 0x0c, 0x10, 0xff, 0x08, 0x0c, 0x08, 0xff, 0x08, 0x08, 0x08, 0xff,
    0x08, 0x0c, 0x08, 0xff, 0x08, 0x0c, 0x08, 0xff, 0x08, 0x08, 0x08, 0xff,
    0x10, 0x0c, 0x10, 0xff, 0x08, 0x08, 0x08, 0xff, 0x10, 0x08, 0x10, 0xff,
    0x08, 0x0c, 0x08, 0xff, 0x10, 0x0c, 0x10, 0xff, 0x08, 0x08, 0x08, 0xff,
    0x08, 0x08, 0x08, 0xff, 0x08, 0x0c, 0x08, 0xff, 0x10, 0x08, 0x10, 0xff,
    0x08, 0x08, 0x08, 0xff, 0x08, 0x0c, 0x08, 0xff, 0x10, 0x0c, 0x10, 0xff,
    0x08, 0x08, 0x08, 0xff, 0x08, 0x0c, 0x08, 0xff, 0x08, 0x0c, 0x08, 0xff,
    0x10, 0x08, 0x10, 0xff, 0x08, 0x0c, 0x08, 0xff, 0x08, 0x08, 0x08, 0xff,
    0x08, 0x08, 0x08, 0xff, 0x10, 0x0c, 0x10, 0xff, 0x08, 0x08, 0x08, 0xff,
    0x08, 0x0c, 0x08, 0xff, 0x08, 0x0c, 0x08, 0xff, 0x10, 0x08, 0x10, 0xff,
    0x08, 0x0c, 0x08, 0xff, 0x08, 0x0c, 0x08, 0xff, 0x08, 0x08, 0x08, 0xff,
    0x08, 0x0c, 0x08, 0xff, 0x10, 0x08, 0x10, 0xff, 0x08, 0x0c, 0x08, 0xff,
    0x08, 0x08, 0x08, 0xff, 0x08, 0x0c, 0x08, 0xff, 0x08, 0x0c, 0x08, 0xff,
    0x08, 0x08, 0x08, 0xff, 0x10, 0x0c, 0x10, 0xff, 0x08, 0x08, 0x08, 0xff,
    0x08, 0x08, 0x08, 0xff, 0x08, 0x0c, 0x08, 0xff, 0x08, 0x08, 0x08, 0xff,
    0x08, 0x08, 0x08, 0xff, 0x30, 0x34, 0x30, 0xff, 0x38, 0x34, 0x38, 0xff,
    0x30, 0x30, 0x30, 0xff, 0x30, 0x34, 0x30, 0xff, 0x00, 0x00, 0x00, 0x00,
    0x00, 0x00, 0x00, 0x00, 0x00, 0x00, 0x00, 0x00, 0x00, 0x00, 0x00, 0x00,
    0x00, 0x00, 0x00, 0x00, 0x00, 0x00, 0x00, 0x00, 0x00, 0x00, 0x00, 0x00,
    0x00, 0x00, 0x00, 0x00, 0x00, 0x00, 0x00, 0x00, 0x00, 0x00, 0x00, 0x00,
    0x00, 0x00, 0x00, 0x00, 0x00, 0x00, 0x00, 0x00, 0x00, 0x00, 0x00, 0x00,
    0x00, 0x00, 0x00, 0x00, 0x00, 0x00, 0x00, 0x00, 0x00, 0x00, 0x00, 0x00,
    0x30, 0x34, 0x30, 0xff, 0x30, 0x34, 0x30, 0xff, 0x38, 0x34, 0x38, 0xff,
    0x30, 0x34, 0x30, 0xff, 0x08, 0x08, 0x08, 0xff, 0x10, 0x08, 0x10, 0xff,
    0x10, 0x0c, 0x10, 0xff, 0x08, 0x08, 0x08, 0xff, 0x08, 0x0c, 0x08, 0xff,
    0x08, 0x08, 0x08, 0xff, 0x10, 0x0c, 0x10, 0xff, 0x08, 0x0c, 0x08, 0xff,
    0x08, 0x08, 0x08, 0xff, 0x10, 0x0c, 0x10, 0xff, 0x08, 0x0c, 0x08, 0xff,
    0x08, 0x08, 0x08, 0xff, 0x10, 0x08, 0x10, 0xff, 0x08, 0x0c, 0x08, 0xff,
    0x08, 0x08, 0x08, 0xff, 0x10, 0x0c, 0x10, 0xff, 0x08, 0x0c, 0x08, 0xff,
    0x08, 0x08, 0x08, 0xff, 0x08, 0x08, 0x08, 0xff, 0x10, 0x0c, 0x10, 0xff,
    0x08, 0x08, 0x08, 0xff, 0x08, 0x0c, 0x08, 0xff, 0x10, 0x0c, 0x10, 0xff,
    0x08, 0x08, 0x08, 0xff, 0x08, 0x0c, 0x08, 0xff, 0x08, 0x08, 0x08, 0xff,
    0x08, 0x08, 0x08, 0xff, 0x08, 0x0c, 0x08, 0xff, 0x08, 0x08, 0x08, 0xff,
    0x08, 0x08, 0x08, 0xff, 0x08, 0x0c, 0x08, 0xff, 0x08, 0x0c, 0x08, 0xff,
    0x10, 0x08, 0x10, 0xff, 0x08, 0x0c, 0x08, 0xff, 0x08, 0x0c, 0x08, 0xff,
    0x08, 0x08, 0x08, 0xff, 0x08, 0x08, 0x08, 0xff, 0x08, 0x0c, 0x08, 0xff,
    0x08, 0x08, 0x08, 0xff, 0x08, 0x08, 0x08, 0xff, 0x10, 0x0c, 0x10, 0xff,
    0x08, 0x08, 0x08, 0xff, 0x08, 0x0c, 0x08, 0xff, 0x10, 0x0c, 0x10, 0xff,
    0x08, 0x08, 0x08, 0xff, 0x08, 0x0c, 0x08, 0xff, 0x10, 0x08, 0x10, 0xff,
    0x08, 0x0c, 0x08, 0xff, 0x08, 0x08, 0x08, 0xff, 0x10, 0x0c, 0x10, 0xff,
    0x08, 0x0c, 0x08, 0xff, 0x08, 0x08, 0x08, 0xff, 0x10, 0x0c, 0x10, 0xff,
    0x08, 0x0c, 0x08, 0xff, 0x10, 0x08, 0x10, 0xff, 0x08, 0x0c, 0x08, 0xff,
    0x38, 0x34, 0x38, 0xff, 0x30, 0x34, 0x30, 0xff, 0x38, 0x34, 0x38, 0xff,
    0x30, 0x30, 0x30, 0xff, 0x00, 0x00, 0x00, 0x00, 0x00, 0x00, 0x00, 0x00,
    0x00, 0x00, 0x00, 0x00, 0x00, 0x00, 0x00, 0x00, 0x00, 0x00, 0x00, 0x00,
    0x00, 0x00, 0x00, 0x00, 0x00, 0x00, 0x00, 0x00, 0x00, 0x00, 0x00, 0x00,
    0x00, 0x00, 0x00, 0x00, 0x00, 0x00, 0x00, 0x00, 0x00, 0x00, 0x00, 0x00,
    0x00, 0x00, 0x00, 0x00, 0x00, 0x00, 0x00, 0x00, 0x00, 0x00, 0x00, 0x00,
    0x00, 0x00, 0x00, 0x00, 0x00, 0x00, 0x00, 0x00, 0x30, 0x34, 0x30, 0xff,
    0x30, 0x30, 0x30, 0xff, 0x38, 0x34, 0x38, 0xff, 0x30, 0x34, 0x30, 0xff,
    0x08, 0x08, 0x08, 0xff, 0x08, 0x0c, 0x08, 0xff, 0x08, 0x08, 0x08, 0xff,
    0x10, 0x08, 0x10, 0xff, 0x08, 0x0c, 0x08, 0xff, 0x08, 0x08, 0x08, 0xff,
    0x08, 0x0c, 0x08, 0xff, 0x10, 0x08, 0x10, 0xff, 0x08, 0x08, 0x08, 0xff,
    0x08, 0x0c, 0x08, 0xff, 0x08, 0x08, 0x08, 0xff, 0x08, 0x08, 0x08, 0xff,
    0x10, 0x0c, 0x10, 0xff, 0x08, 0x08, 0x08, 0xff, 0x08, 0x08, 0x08, 0xff,
    0x10, 0x0c, 0x10, 0xff, 0x08, 0x08, 0x08, 0xff, 0x08, 0x0c, 0x08, 0xff,
    0x08, 0x0c, 0x08, 0xff, 0x08, 0x08, 0x08, 0xff, 0x08, 0x08, 0x08, 0xff,
    0x08, 0x0c, 0x08, 0xff, 0x10, 0x08, 0x10, 0xff, 0x08, 0x0c, 0x08, 0xff,
    0x08, 0x0c, 0x08, 0xff, 0x10, 0x08, 0x10, 0xff, 0x08, 0x0c, 0x08, 0xff,
    0x10, 0x0c, 0x10, 0xff, 0x08, 0x08, 0x08, 0xff, 0x10, 0x08, 0x10, 0xff,
    0x08, 0x0c, 0x08, 0xff, 0x08, 0x08, 0x08, 0xff, 0x08, 0x08, 0x08, 0xff,
    0x10, 0x0c, 0x10, 0xff, 0x08, 0x0c, 0x08, 0xff, 0x08, 0x08, 0x08, 0xff,
    0x10, 0x0c, 0x10, 0xff, 0x10, 0x0c, 0x10, 0xff, 0x08, 0x08, 0x08, 0xff,
    0x08, 0x0c, 0x08, 0xff, 0x08, 0x08, 0x08, 0xff, 0x10, 0x08, 0x10, 0xff,
    0x08, 0x0c, 0x08, 0xff, 0x08, 0x08, 0x08, 0xff, 0x08, 0x08, 0x08, 0xff,
    0x08, 0x0c, 0x08, 0xff, 0x10, 0x0c, 0x10, 0xff, 0x08, 0x08, 0x08, 0xff,
    0x08, 0x08, 0x08, 0xff, 0x10, 0x0c, 0x10, 0xff, 0x08, 0x08, 0x08, 0xff,
    0x08, 0x08, 0x08, 0xff, 0x08, 0x0c, 0x08, 0xff, 0x08, 0x08, 0x08, 0xff,
    0x08, 0x08, 0x08, 0xff, 0x08, 0x0c, 0x08, 0xff, 0x38, 0x34, 0x38, 0xff,
    0x30, 0x30, 0x30, 0xff, 0x30, 0x34, 0x30, 0xff, 0x38, 0x34, 0x38, 0xff,
    0x00, 0x00, 0x00, 0x00, 0x00, 0x00, 0x00, 0x00, 0x00, 0x00, 0x00, 0x00,
    0x00, 0x00, 0x00, 0x00, 0x00, 0x00, 0x00, 0x00, 0x00, 0x00, 0x00, 0x00,
    0x00, 0x00, 0x00, 0x00, 0x00, 0x00, 0x00, 0x00, 0x00, 0x00, 0x00, 0x00,
    0x00, 0x00, 0x00, 0x00, 0x00, 0x00, 0x00, 0x00, 0x00, 0x00, 0x00, 0x00,
    0x00, 0x00, 0x00, 0x00, 0x00, 0x00, 0x00, 0x00, 0x00, 0x00, 0x00, 0x00,
    0x00, 0x00, 0x00, 0x00, 0x38, 0x34, 0x38, 0xff, 0x30, 0x34, 0x30, 0xff,
    0x38, 0x30, 0x38, 0xff, 0x38, 0x34, 0x38, 0xff, 0x08, 0x08, 0x08, 0xff,
    0x08, 0x0c, 0x08, 0xff, 0x08, 0x0c, 0x08, 0xff, 0x08, 0x08, 0x08, 0xff,
    0x10, 0x0c, 0x10, 0xff, 0x08, 0x0c, 0x08, 0xff, 0x08, 0x08, 0x08, 0xff,
    0x08, 0x0c, 0x08, 0xff, 0x08, 0x08, 0x08, 0xff, 0x10, 0x0c, 0x10, 0xff,
    0x08, 0x0c, 0x08, 0xff, 0x08, 0x08, 0x08, 0xff, 0x08, 0x0c, 0x08, 0xff,
    0x08, 0x0c, 0x08, 0xff, 0x08, 0x08, 0x08, 0xff, 0x08, 0x08, 0x08, 0xff,
    0x10, 0x0c, 0x10, 0xff, 0x08, 0x08, 0x08, 0xff, 0x10, 0x0c, 0x10, 0xff,
    0x08, 0x08, 0x08, 0xff, 0x08, 0x0c, 0x08, 0xff, 0x10, 0x08, 0x10, 0xff,
    0x08, 0x08, 0x08, 0xff, 0x08, 0x0c, 0x08, 0xff, 0x08, 0x08, 0x08, 0xff,
    0x10, 0x08, 0x10, 0xff, 0x08, 0x0c, 0x08, 0xff, 0x08, 0x08, 0x08, 0xff,
    0x10, 0x0c, 0x10, 0xff, 0x08, 0x0c, 0x08, 0xff, 0x08, 0x08, 0x08, 0xff,
    0x10, 0x0c, 0x10, 0xff, 0x08, 0x08, 0x08, 0xff, 0x08, 0x08, 0x08, 0xff,
    0x10, 0x0c, 0x10, 0xff, 0x08, 0x08, 0x08, 0xff, 0x08, 0x08, 0x08, 0xff,
    0x08, 0x0c, 0x08, 0xff, 0x10, 0x08, 0x10, 0xff, 0x08, 0x0c, 0x08, 0xff,
    0x08, 0x0c, 0x08, 0xff, 0x08, 0x08, 0x08, 0xff, 0x08, 0x0c, 0x08, 0xff,
    0x10, 0x08, 0x10, 0xff, 0x08, 0x0c, 0x08, 0xff, 0x08, 0x08, 0x08, 0xff,
    0x08, 0x08, 0x08, 0xff, 0x08, 0x0c, 0x08, 0xff, 0x08, 0x0c, 0x08, 0xff,
    0x08, 0x08, 0x08, 0xff, 0x08, 0x0c, 0x08, 0xff, 0x10, 0x0c, 0x10, 0xff,
    0x08, 0x08, 0x08, 0xff, 0x08, 0x0c, 0x08, 0xff, 0x10, 0x08, 0x10, 0xff,
    0x08, 0x08, 0x08, 0xff, 0x30, 0x34, 0x30, 0xff, 0x38, 0x34, 0x38, 0xff,
    0x30, 0x34, 0x30, 0xff, 0x30, 0x34, 0x30, 0xff, 0x00, 0x00, 0x00, 0x00,
    0x00, 0x00, 0x00, 0x00, 0x00, 0x00, 0x00, 0x00, 0x00, 0x00, 0x00, 0x00,
    0x00, 0x00, 0x00, 0x00, 0x00, 0x00, 0x00, 0x00, 0x00, 0x00, 0x00, 0x00,
    0x00, 0x00, 0x00, 0x00, 0x00, 0x00, 0x00, 0x00, 0x00, 0x00, 0x00, 0x00,
    0x00, 0x00, 0x00, 0x00, 0x00, 0x00, 0x00, 0x00, 0x00, 0x00, 0x00, 0x00,
    0x00, 0x00, 0x00, 0x00, 0x00, 0x00, 0x00, 0x00, 0x00, 0x00, 0x00, 0x00,
    0x30, 0x34, 0x30, 0xff, 0x30, 0x34, 0x30, 0xff, 0x30, 0x34, 0x30, 0xff,
    0x38, 0x34, 0x38, 0xff, 0x08, 0x08, 0x08, 0xff, 0x08, 0x08, 0x08, 0xff,
    0x10, 0x0c, 0x10, 0xff, 0x08, 0x08, 0x08, 0xff, 0x08, 0x08, 0x08, 0xff,
    0x10, 0x0c, 0x10, 0xff, 0x08, 0x08, 0x08, 0xff, 0x08, 0x0c, 0x08, 0xff,
    0x10, 0x08, 0x10, 0xff, 0x08, 0x08, 0x08, 0xff, 0x08, 0x0c, 0x08, 0xff,
    0x10, 0x08, 0x10, 0xff, 0x08, 0x0c, 0x08, 0xff, 0x10, 0x0c, 0x10, 0xff,
    0x08, 0x08, 0x08, 0xff, 0x08, 0x0c, 0x08, 0xff, 0x08, 0x0c, 0x08, 0xff,
    0x08, 0x08, 0x08, 0xff, 0x08, 0x08, 0x08, 0xff, 0x10, 0x0c, 0x10, 0xff,
    0x08, 0x0c, 0x08, 0xff, 0x08, 0x08, 0x08, 0xff, 0x08, 0x0c, 0x08, 0xff,
    0x08, 0x0c, 0x08, 0xff, 0x10, 0x08, 0x10, 0xff, 0x08, 0x0c, 0x08, 0xff,
    0x08, 0x08, 0x08, 0xff, 0x08, 0x08, 0x08, 0xff, 0x08, 0x0c, 0x08, 0xff,
    0x08, 0x08, 0x08, 0xff, 0x08, 0x0c, 0x08, 0xff, 0x10, 0x0c, 0x10, 0xff,
    0x08, 0x08, 0x08, 0xff, 0x08, 0x0c, 0x08, 0xff, 0x08, 0x0c, 0x08, 0xff,
    0x08, 0x08, 0x08, 0xff, 0x08, 0x0c, 0x08, 0xff, 0x08, 0x08, 0x08, 0xff,
    0x08, 0x08, 0x08, 0xff, 0x10, 0x0c, 0x10, 0xff, 0x08, 0x08, 0x08, 0xff,
    0x08, 0x0c, 0x08, 0xff, 0x10, 0x08, 0x10, 0xff, 0x08, 0x0c, 0x08, 0xff,
    0x08, 0x0c, 0x08, 0xff, 0x10, 0x08, 0x10, 0xff, 0x08, 0x08, 0x08, 0xff,
    0x10, 0x0c, 0x10, 0xff, 0x08, 0x08, 0x08, 0xff, 0x08, 0x08, 0x08, 0xff,
    0x10, 0x0c, 0x10, 0xff, 0x08, 0x08, 0x08, 0xff, 0x08, 0x0c, 0x08, 0xff,
    0x10, 0x0c, 0x10, 0xff, 0x08, 0x0c, 0x08, 0xff, 0x08, 0x08, 0x08, 0xff,
    0x38, 0x34, 0x38, 0xff, 0x30, 0x34, 0x30, 0xff, 0x38, 0x30, 0x38, 0xff,
    0x30, 0x34, 0x30, 0xff, 0x00, 0x00, 0x00, 0x00, 0x00, 0x00, 0x00, 0x00,
    0x00, 0x00, 0x00, 0x00, 0x00, 0x00, 0x00, 0x00, 0x00, 0x00, 0x00, 0x00,
    0x00, 0x00, 0x00, 0x00, 0x00, 0x00, 0x00, 0x00, 0x00, 0x00, 0x00, 0x00,
    0x00, 0x00, 0x00, 0x00, 0x00, 0x00, 0x00, 0x00, 0x00, 0x00, 0x00, 0x00,
    0x00, 0x00, 0x00, 0x00, 0x00, 0x00, 0x00, 0x00, 0x00, 0x00, 0x00, 0x00,
    0x00, 0x00, 0x00, 0x00, 0x00, 0x00, 0x00, 0x00, 0x38, 0x30, 0x38, 0xff,
    0x30, 0x34, 0x30, 0xff, 0x30, 0x34, 0x30, 0xff, 0x38, 0x34, 0x38, 0xff,
    0x08, 0x08, 0x08, 0xff, 0x08, 0x0c, 0x08, 0xff, 0x08, 0x0c, 0x08, 0xff,
    0x08, 0x08, 0x08, 0xff, 0x08, 0x0c, 0x08, 0xff, 0x08, 0x08, 0x08, 0xff,
    0x10, 0x0c, 0x10, 0xff, 0x08, 0x08, 0x08, 0xff, 0x08, 0x0c, 0x08, 0xff,
    0x08, 0x0c, 0x08, 0xff, 0x08, 0x08, 0x08, 0xff, 0x08, 0x08, 0x08, 0xff,
    0x10, 0x0c, 0x10, 0xff, 0x08, 0x08, 0x08, 0xff, 0x08, 0x08, 0x08, 0xff,
    0x10, 0x0c, 0x10, 0xff, 0x08, 0x08, 0x08, 0xff, 0x08, 0x0c, 0x08, 0xff,
    0x08, 0x08, 0x08, 0xff, 0x08, 0x0c, 0x08, 0xff, 0x10, 0x08, 0x10, 0xff,
    0x08, 0x08, 0x08, 0xff, 0x08, 0x0c, 0x08, 0xff, 0x10, 0x08, 0x10, 0xff,
    0x08, 0x0c, 0x08, 0xff, 0x08, 0x0c, 0x08, 0xff, 0x08, 0x08, 0x08, 0xff,
    0x10, 0x0c, 0x10, 0xff, 0x08, 0x08, 0x08, 0xff, 0x08, 0x08, 0x08, 0xff,
    0x10, 0x0c, 0x10, 0xff, 0x08, 0x08, 0x08, 0xff, 0x08, 0x08, 0x08, 0xff,
    0x08, 0x0c, 0x08, 0xff, 0x10, 0x08, 0x10, 0xff, 0x08, 0x0c, 0x08, 0xff,
    0x10, 0x0c, 0x10, 0xff, 0x08, 0x08, 0x08, 0xff, 0x08, 0x0c, 0x08, 0xff,
    0x08, 0x08, 0x08, 0xff, 0x10, 0x0c, 0x10, 0xff, 0x08, 0x08, 0x08, 0xff,
    0x08, 0x08, 0x08, 0xff, 0x08, 0x0c, 0x08, 0xff, 0x08, 0x08, 0x08, 0xff,
    0x08, 0x0c, 0x08, 0xff, 0x10, 0x0c, 0x10, 0xff, 0x08, 0x08, 0x08, 0xff,
    0x08, 0x0c, 0x08, 0xff, 0x10, 0x0c, 0x10, 0xff, 0x08, 0x08, 0x08, 0xff,
    0x08, 0x08, 0x08, 0xff, 0x08, 0x08, 0x08, 0xff, 0x08, 0x0c, 0x08, 0xff,
    0x08, 0x08, 0x08, 0xff, 0x08, 0x08, 0x08, 0xff, 0x38, 0x34, 0x38, 0xff,
    0x30, 0x34, 0x30, 0xff, 0x30, 0x34, 0x30, 0xff, 0x38, 0x30, 0x38, 0xff,
    0x00, 0x00, 0x00, 0x00, 0x00, 0x00, 0x00, 0x00, 0x00, 0x00, 0x00, 0x00,
    0x00, 0x00, 0x00, 0x00, 0x00, 0x00, 0x00, 0x00, 0x00, 0x00, 0x00, 0x00,
    0x00, 0x00, 0x00, 0x00, 0x00, 0x00, 0x00, 0x00, 0x00, 0x00, 0x00, 0x00,
    0x00, 0x00, 0x00, 0x00, 0x00, 0x00, 0x00, 0x00, 0x00, 0x00, 0x00, 0x00,
    0x00, 0x00, 0x00, 0x00, 0x00, 0x00, 0x00, 0x00, 0x00, 0x00, 0x00, 0x00,
    0x00, 0x00, 0x00, 0x00, 0x30, 0x34, 0x30, 0xff, 0x38, 0x30, 0x38, 0xff,
    0x30, 0x34, 0x30, 0xff, 0x30, 0x34, 0x30, 0xff, 0x08, 0x08, 0x08, 0xff,
    0x10, 0x08, 0x10, 0xff, 0x08, 0x0c, 0x08, 0xff, 0x10, 0x08, 0x10, 0xff,
    0x08, 0x0c, 0x08, 0xff, 0x08, 0x0c, 0x08, 0xff, 0x08, 0x08, 0x08, 0xff,
    0x08, 0x08, 0x08, 0xff, 0x10, 0x0c, 0x10, 0xff, 0x08, 0x0c, 0x08, 0xff,
    0x08, 0x08, 0x08, 0xff, 0x08, 0x0c, 0x08, 0xff, 0x08, 0x0c, 0x08, 0xff,
    0x08, 0x08, 0x08, 0xff, 0x08, 0x0c, 0x08, 0xff, 0x10, 0x08, 0x10, 0xff,
    0x08, 0x0c, 0x08, 0xff, 0x10, 0x08, 0x10, 0xff, 0x08, 0x0c, 0x08, 0xff,
    0x08, 0x0c, 0x08, 0xff, 0x08, 0x08, 0x08, 0xff, 0x10, 0x0c, 0x10, 0xff,
    0x08, 0x08, 0x08, 0xff, 0x08, 0x08, 0x08, 0xff, 0x08, 0x0c, 0x08, 0xff,
    0x08, 0x08, 0x08, 0xff, 0x10, 0x0c, 0x10, 0xff, 0x08, 0x0c, 0x08, 0xff,
    0x08, 0x08, 0x08, 0xff, 0x10, 0x0c, 0x10, 0xff, 0x08, 0x0c, 0x08, 0xff,
    0x08, 0x08, 0x08, 0xff, 0x08, 0x0c, 0x08, 0xff, 0x10, 0x08, 0x10, 0xff,
    0x08, 0x08, 0x08, 0xff, 0x08, 0x0c, 0x08, 0xff, 0x10, 0x08, 0x10, 0xff,
    0x08, 0x0c, 0x08, 0xff, 0x08, 0x0c, 0x08, 0xff, 0x10, 0x08, 0x10, 0xff,
    0x08, 0x0c, 0x08, 0xff, 0x08, 0x0c, 0x08, 0xff, 0x10, 0x08, 0x10, 0xff,
    0x08, 0x0c, 0x08, 0xff, 0x08, 0x08, 0x08, 0xff, 0x10, 0x08, 0x10, 0xff,
    0x08, 0x0c, 0x08, 0xff, 0x08, 0x08, 0x08, 0xff, 0x08, 0x0c, 0x08, 0xff,
    0x08, 0x0c, 0x08, 0xff, 0x08, 0x08, 0x08, 0xff, 0x10, 0x0c, 0x10, 0xff,
    0x08, 0x0c, 0x08, 0xff, 0x10, 0x08, 0x10, 0xff, 0x08, 0x0c, 0x08, 0xff,
    0x08, 0x08, 0x08, 0xff, 0x38, 0x34, 0x38, 0xff, 0x30, 0x34, 0x30, 0xff,
    0x30, 0x34, 0x30, 0xff, 0x38, 0x34, 0x38, 0xff, 0x00, 0x00, 0x00, 0x00,
    0x00, 0x00, 0x00, 0x00, 0x00, 0x00, 0x00, 0x00, 0x00, 0x00, 0x00, 0x00,
    0x00, 0x00, 0x00, 0x00, 0x00, 0x00, 0x00, 0x00, 0x00, 0x00, 0x00, 0x00,
    0x00, 0x00, 0x00, 0x00, 0x00, 0x00, 0x00, 0x00, 0x00, 0x00, 0x00, 0x00,
    0x00, 0x00, 0x00, 0x00, 0x00, 0x00, 0x00, 0x00, 0x00, 0x00, 0x00, 0x00,
    0x00, 0x00, 0x00, 0x00, 0x00, 0x00, 0x00, 0x00, 0x00, 0x00, 0x00, 0x00,
    0x30, 0x34, 0x30, 0xff, 0x38, 0x34, 0x38, 0xff, 0x38, 0x34, 0x38, 0xff,
    0x30, 0x34, 0x30, 0xff, 0x08, 0x08, 0x08, 0xff, 0x08, 0x0c, 0x08, 0xff,
    0x10, 0x08, 0x10, 0xff, 0x08, 0x08, 0x08, 0xff, 0x08, 0x0c, 0x08, 0xff,
    0x10, 0x08, 0x10, 0xff, 0x08, 0x0c, 0x08, 0xff, 0x08, 0x08, 0x08, 0xff,
    0x10, 0x08, 0x10, 0xff, 0x08, 0x0c, 0x08, 0xff, 0x10, 0x08, 0x10, 0xff,
    0x10, 0x08, 0x10, 0xff, 0x08, 0x0c, 0x08, 0xff, 0x08, 0x08, 0x08, 0xff,
    0x10, 0x0c, 0x10, 0xff, 0x08, 0x0c, 0x08, 0xff, 0x08, 0x08, 0x08, 0xff,
    0x08, 0x08, 0x08, 0xff, 0x10, 0x0c, 0x10, 0xff, 0x08, 0x08, 0x08, 0xff,
    0x08, 0x0c, 0x08, 0xff, 0x08, 0x0c, 0x08, 0xff, 0x10, 0x08, 0x10, 0xff,
    0x08, 0x0c, 0x08, 0xff, 0x08, 0x08, 0x08, 0xff, 0x10, 0x08, 0x10, 0xff,
    0x08, 0x0c, 0x08, 0xff, 0x08, 0x08, 0x08, 0xff, 0x08, 0x08, 0x08, 0xff,
    0x08, 0x0c, 0x08, 0xff, 0x08, 0x08, 0x08, 0xff, 0x08, 0x0c, 0x08, 0xff,
    0x10, 0x0c, 0x10, 0xff, 0x08, 0x08, 0x08, 0xff, 0x08, 0x0c, 0x08, 0xff,
    0x08, 0x08, 0x08, 0xff, 0x08, 0x08, 0x08, 0xff, 0x08, 0x0c, 0x08, 0xff,
    0x08, 0x08, 0x08, 0xff, 0x08, 0x08, 0x08, 0xff, 0x08, 0x0c, 0x08, 0xff,
    0x08, 0x08, 0x08, 0xff, 0x10, 0x0c, 0x10, 0xff, 0x08, 0x0c, 0x08, 0xff,
    0x08, 0x08, 0x08, 0xff, 0x08, 0x0c, 0x08, 0xff, 0x08, 0x08, 0x08, 0xff,
    0x10, 0x08, 0x10, 0xff, 0x08, 0x0c, 0x08, 0xff, 0x08, 0x08, 0x08, 0xff,
    0x10, 0x08, 0x10, 0xff, 0x08, 0x0c, 0x08, 0xff, 0x08, 0x08, 0x08, 0xff,
    0x08, 0x0c, 0x08, 0xff, 0x10, 0x08, 0x10, 0xff, 0x08, 0x0c, 0x08, 0xff,
    0x30, 0x34, 0x30, 0xff, 0x38, 0x30, 0x38, 0xff, 0x30, 0x34, 0x30, 0xff,
    0x30, 0x34, 0x30, 0xff, 0x00, 0x00, 0x00, 0x00, 0x00, 0x00, 0x00, 0x00,
    0x00, 0x00, 0x00, 0x00, 0x00, 0x00, 0x00, 0x00, 0x00, 0x00, 0x00, 0x00,
    0x00, 0x00, 0x00, 0x00, 0x00, 0x00, 0x00, 0x00, 0x00, 0x00, 0x00, 0x00,
    0x00, 0x00, 0x00, 0x00, 0x00, 0x00, 0x00, 0x00, 0x00, 0x00, 0x00, 0x00,
    0x00, 0x00, 0x00, 0x00, 0x00, 0x00, 0x00, 0x00, 0x00, 0x00, 0x00, 0x00,
    0x00, 0x00, 0x00, 0x00, 0x00, 0x00, 0x00, 0x00, 0x30, 0x34, 0x30, 0xff,
    0x30, 0x30, 0x30, 0xff, 0x38, 0x34, 0x38, 0xff, 0x30, 0x34, 0x30, 0xff,
    0x08, 0x08, 0x08, 0xff, 0x08, 0x0c, 0x08, 0xff, 0x08, 0x0c, 0x08, 0xff,
    0x08, 0x08, 0x08, 0xff, 0x08, 0x08, 0x08, 0xff, 0x10, 0x0c, 0x10, 0xff,
    0x08, 0x0c, 0x08, 0xff, 0x08, 0x08, 0x08, 0xff, 0x08, 0x0c, 0x08, 0xff,
    0x08, 0x0c, 0x08, 0xff, 0x08, 0x08, 0x08, 0xff, 0x08, 0x0c, 0x08, 0xff,
    0x08, 0x08, 0x08, 0xff, 0x10, 0x08, 0x10, 0xff, 0x08, 0x0c, 0x08, 0xff,
    0x08, 0x08, 0x08, 0xff, 0x08, 0x0c, 0x08, 0xff, 0x08, 0x0c, 0x08, 0xff,
    0x08, 0x08, 0x08, 0xff, 0x10, 0x08, 0x10, 0xff, 0x08, 0x0c, 0x08, 0xff,
    0x08, 0x08, 0x08, 0xff, 0x08, 0x0c, 0x08, 0xff, 0x10, 0x0c, 0x10, 0xff,
    0x08, 0x08, 0x08, 0xff, 0x08, 0x0c, 0x08, 0xff, 0x08, 0x0c, 0x08, 0xff,
    0x10, 0x08, 0x10, 0xff, 0x08, 0x0c, 0x08, 0xff, 0x08, 0x08, 0x08, 0xff,
    0x10, 0x08, 0x10, 0xff, 0x08, 0x0c, 0x08, 0xff, 0x08, 0x08, 0x08, 0xff,
    0x08, 0x0c, 0x08, 0xff, 0x10, 0x0c, 0x10, 0xff, 0x08, 0x08, 0x08, 0xff,
    0x08, 0x0c, 0x08, 0xff, 0x10, 0x0c, 0x10, 0xff, 0x10, 0x08, 0x10, 0xff,
    0x08, 0x0c, 0x08, 0xff, 0x08, 0x08, 0x08, 0xff, 0x10, 0x08, 0x10, 0xff,
    0x08, 0x0c, 0x08, 0xff, 0x08, 0x08, 0x08, 0xff, 0x10, 0x0c, 0x10, 0xff,
    0x08, 0x0c, 0x08, 0xff, 0x08, 0x08, 0x08, 0xff, 0x10, 0x0c, 0x10, 0xff,
    0x08, 0x0c, 0x08, 0xff, 0x08, 0x08, 0x08, 0xff, 0x08, 0x0c, 0x08, 0xff,
    0x08, 0x08, 0x08, 0xff, 0x08, 0x0c, 0x08, 0xff, 0x08, 0x08, 0x08, 0xff,
    0x08, 0x08, 0x08, 0xff, 0x08, 0x0c, 0x08, 0xff, 0x38, 0x34, 0x38, 0xff,
    0x30, 0x34, 0x30, 0xff, 0x38, 0x30, 0x38, 0xff, 0x30, 0x34, 0x30, 0xff,
    0x00, 0x00, 0x00, 0x00, 0x00, 0x00, 0x00, 0x00, 0x00, 0x00, 0x00, 0x00,
    0x00, 0x00, 0x00, 0x00, 0x00, 0x00, 0x00, 0x00, 0x00, 0x00, 0x00, 0x00,
    0x00, 0x00, 0x00, 0x00, 0x00, 0x00, 0x00, 0x00, 0x00, 0x00, 0x00, 0x00,
    0x00, 0x00, 0x00, 0x00, 0x00, 0x00, 0x00, 0x00, 0x00, 0x00, 0x00, 0x00,
    0x00, 0x00, 0x00, 0x00, 0x00, 0x00, 0x00, 0x00, 0x00, 0x00, 0x00, 0x00,
    0x00, 0x00, 0x00, 0x00, 0x30, 0x34, 0x30, 0xff, 0x30, 0x30, 0x30, 0xff,
    0x38, 0x34, 0x38, 0xff, 0x38, 0x34, 0x38, 0xff, 0x08, 0x08, 0x08, 0xff,
    0x10, 0x08, 0x10, 0xff, 0x08, 0x0c, 0x08, 0xff, 0x08, 0x0c, 0x08, 0xff,
    0x10, 0x08, 0x10, 0xff, 0x08, 0x0c, 0x08, 0xff, 0x08, 0x08, 0x08, 0xff,
    0x10, 0x08, 0x10, 0xff, 0x08, 0x0c, 0x08, 0xff, 0x08, 0x08, 0x08, 0xff,
    0x10, 0x0c, 0x10, 0xff, 0x08, 0x0c, 0x08, 0xff, 0x08, 0x08, 0x08, 0xff,
    0x08, 0x0c, 0x08, 0xff, 0x08, 0x08, 0x08, 0xff, 0x10, 0x08, 0x10, 0xff,
    0x08, 0x0c, 0x08, 0xff, 0x08, 0x08, 0x08, 0xff, 0x10, 0x0c, 0x10, 0xff,
    0x08, 0x0c, 0x08, 0xff, 0x08, 0x08, 0x08, 0xff, 0x10, 0x08, 0x10, 0xff,
    0x08, 0x0c, 0x08, 0xff, 0x08, 0x08, 0x08, 0xff, 0x08, 0x08, 0x08, 0xff,
    0x08, 0x0c, 0x08, 0xff, 0x10, 0x08, 0x10, 0xff, 0x08, 0x0c, 0x08, 0xff,
    0x08, 0x0c, 0x08, 0xff, 0x10, 0x08, 0x10, 0xff, 0x08, 0x0c, 0x08, 0xff,
    0x08, 0x08, 0x08, 0xff, 0x08, 0x08, 0x08, 0xff, 0x10, 0x0c, 0x10, 0xff,
    0x08, 0x08, 0x08, 0xff, 0x08, 0x08, 0x08, 0xff, 0x08, 0x0c, 0x08, 0xff,
    0x08, 0x08, 0x08, 0xff, 0x08, 0x0c, 0x08, 0xff, 0x08, 0x0c, 0x08, 0xff,
    0x10, 0x08, 0x10, 0xff, 0x08, 0x0c, 0x08, 0xff, 0x08, 0x08, 0x08, 0xff,
    0x08, 0x08, 0x08, 0xff, 0x10, 0x0c, 0x10, 0xff, 0x08, 0x08, 0x08, 0xff,
    0x08, 0x08, 0x08, 0xff, 0x08, 0x0c, 0x08, 0xff, 0x10, 0x08, 0x10, 0xff,
    0x08, 0x0c, 0x08, 0xff, 0x08, 0x08, 0x08, 0xff, 0x10, 0x0c, 0x10, 0xff,
    0x10, 0x0c, 0x10, 0xff, 0x08, 0x08, 0x08, 0xff, 0x08, 0x0c, 0x08, 0xff,
    0x10, 0x08, 0x10, 0xff, 0x30, 0x34, 0x30, 0xff, 0x30, 0x34, 0x30, 0xff,
    0x38, 0x34, 0x38, 0xff, 0x30, 0x30, 0x30, 0xff, 0x00, 0x00, 0x00, 0x00,
    0x00, 0x00, 0x00, 0x00, 0x00, 0x00, 0x00, 0x00, 0x00, 0x00, 0x00, 0x00,
    0x00, 0x00, 0x00, 0x00, 0x00, 0x00, 0x00, 0x00, 0x00, 0x00, 0x00, 0x00,
    0x00, 0x00, 0x00, 0x00, 0x00, 0x00, 0x00, 0x00, 0x00, 0x00, 0x00, 0x00,
    0x00, 0x00, 0x00, 0x00, 0x00, 0x00, 0x00, 0x00, 0x00, 0x00, 0x00, 0x00,
    0x00, 0x00, 0x00, 0x00, 0x00, 0x00, 0x00, 0x00, 0x00, 0x00, 0x00, 0x00,
    0x38, 0x34, 0x38, 0xff, 0x30, 0x34, 0x30, 0xff, 0x30, 0x34, 0x30, 0xff,
    0x30, 0x34, 0x30, 0xff, 0x08, 0x08, 0x08, 0xff, 0x10, 0x08, 0x10, 0xff,
    0x08, 0x0c, 0x08, 0xff, 0x08, 0x08, 0x08, 0xff, 0x08, 0x0c, 0x08, 0xff,
    0x08, 0x08, 0x08, 0xff, 0x08, 0x0c, 0x08, 0xff, 0x10, 0x0c, 0x10, 0xff,
    0x08, 0x08, 0x08, 0xff, 0x08, 0x08, 0x08, 0xff, 0x10, 0x0c, 0x10, 0xff,
    0x08, 0x08, 0x08, 0xff, 0x08, 0x0c, 0x08, 0xff, 0x10, 0x0c, 0x10, 0xff,
    0x08, 0x08, 0x08, 0xff, 0x08, 0x0c, 0x08, 0xff, 0x10, 0x08, 0x10, 0xff,
    0x08, 0x08, 0x08, 0xff, 0x08, 0x0c, 0x08, 0xff, 0x08, 0x08, 0x08, 0xff,
    0x08, 0x0c, 0x08, 0xff, 0x08, 0x0c, 0x08, 0xff, 0x10, 0x08, 0x10, 0xff,
    0x08, 0x0c, 0x08, 0xff, 0x08, 0x0c, 0x08, 0xff, 0x10, 0x08, 0x10, 0xff,
    0x08, 0x08, 0x08, 0xff, 0x08, 0x0c, 0x08, 0xff, 0x08, 0x08, 0x08, 0xff,
    0x08, 0x0c, 0x08, 0xff, 0x10, 0x0c, 0x10, 0xff, 0x08, 0x08, 0x08, 0xff,
    0x08, 0x0c, 0x08, 0xff, 0x08, 0x0c, 0x08, 0xff, 0x10, 0x08, 0x10, 0xff,
    0x08, 0x0c, 0x08, 0xff, 0x10, 0x08, 0x10, 0xff, 0x08, 0x08, 0x08, 0xff,
    0x08, 0x0c, 0x08, 0xff, 0x10, 0x08, 0x10, 0xff, 0x08, 0x0c, 0x08, 0xff,
    0x08, 0x0c, 0x08, 0xff, 0x08, 0x08, 0x08, 0xff, 0x08, 0x0c, 0x08, 0xff,
    0x08, 0x0c, 0x08, 0xff, 0x08, 0x08, 0x08, 0xff, 0x08, 0x0c, 0x08, 0xff,
    0x08, 0x08, 0x08, 0xff, 0x10, 0x0c, 0x10, 0xff, 0x08, 0x08, 0x08, 0xff,
    0x08, 0x08, 0x08, 0xff, 0x08, 0x0c, 0x08, 0xff, 0x08, 0x08, 0x08, 0xff,
    0x10, 0x0c, 0x10, 0xff, 0x08, 0x08, 0x08, 0xff, 0x08, 0x08, 0x08, 0xff,
    0x38, 0x34, 0x38, 0xff, 0x30, 0x34, 0x30, 0xff, 0x30, 0x34, 0x30, 0xff,
    0x38, 0x34, 0x38, 0xff, 0x00, 0x00, 0x00, 0x00, 0x00, 0x00, 0x00, 0x00,
    0x00, 0x00, 0x00, 0x00, 0x00, 0x00, 0x00, 0x00, 0x00, 0x00, 0x00, 0x00,
    0x00, 0x00, 0x00, 0x00, 0x00, 0x00, 0x00, 0x00, 0x00, 0x00, 0x00, 0x00,
    0x00, 0x00, 0x00, 0x00, 0x00, 0x00, 0x00, 0x00, 0x00, 0x00, 0x00, 0x00,
    0x00, 0x00, 0x00, 0x00, 0x00, 0x00, 0x00, 0x00, 0x00, 0x00, 0x00, 0x00,
    0x00, 0x00, 0x00, 0x00, 0x00, 0x00, 0x00, 0x00, 0x30, 0x34, 0x30, 0xff,
    0x38, 0x30, 0x38, 0xff, 0x30, 0x34, 0x30, 0xff, 0x38, 0x34, 0x38, 0xff,
    0x08, 0x08, 0x08, 0xff, 0x08, 0x0c, 0x08, 0xff, 0x08, 0x08, 0x08, 0xff,
    0x10, 0x0c, 0x10, 0xff, 0x08, 0x08, 0x08, 0xff, 0x08, 0x08, 0x08, 0xff,
    0x10, 0x0c, 0x10, 0xff, 0x08, 0x0c, 0x08, 0xff, 0x08, 0x08, 0x08, 0xff,
    0x08, 0x0c, 0x08, 0xff, 0x08, 0x08, 0x08, 0xff, 0x08, 0x08, 0x08, 0xff,
    0x10, 0x0c, 0x10, 0xff, 0x08, 0x08, 0x08, 0xff, 0x08, 0x0c, 0x08, 0xff,
    0x08, 0x0c, 0x08, 0xff, 0x08, 0x08, 0x08, 0xff, 0x10, 0x0c, 0x10, 0xff,
    0x08, 0x08, 0x08, 0xff, 0x10, 0x08, 0x10, 0xff, 0x08, 0x0c, 0x08, 0xff,
    0x08, 0x08, 0x08, 0xff, 0x08, 0x08, 0x08, 0xff, 0x10, 0x0c, 0x10, 0xff,
    0x08, 0x0c, 0x08, 0xff, 0x08, 0x08, 0x08, 0xff, 0x08, 0x0c, 0x08, 0xff,
    0x10, 0x08, 0x10, 0xff, 0x08, 0x08, 0x08, 0xff, 0x08, 0x0c, 0x08, 0xff,
    0x08, 0x08, 0x08, 0xff, 0x10, 0x08, 0x10, 0xff, 0x08, 0x0c, 0x08, 0xff,
    0x08, 0x08, 0x08, 0xff, 0x08, 0x0c, 0x08, 0xff, 0x08, 0x0c, 0x08, 0xff,
    0x10, 0x08, 0x10, 0xff, 0x08, 0x0c, 0x08, 0xff, 0x08, 0x08, 0x08, 0xff,
    0x08, 0x08, 0x08, 0xff, 0x08, 0x0c, 0x08, 0xff, 0x10, 0x08, 0x10, 0xff,
    0x08, 0x08, 0x08, 0xff, 0x10, 0x0c, 0x10, 0xff, 0x08, 0x08, 0x08, 0xff,
    0x10, 0x0c, 0x10, 0xff, 0x08, 0x08, 0x08, 0xff, 0x08, 0x0c, 0x08, 0xff,
    0x08, 0x0c, 0x08, 0xff, 0x10, 0x08, 0x10, 0xff, 0x08, 0x0c, 0x08, 0xff,
    0x08, 0x08, 0x08, 0xff, 0x08, 0x08, 0x08, 0xff, 0x08, 0x0c, 0x08, 0xff,
    0x08, 0x0c, 0x08, 0xff, 0x08, 0x08, 0x08, 0xff, 0x38, 0x34, 0x38, 0xff,
    0x30, 0x34, 0x30, 0xff, 0x30, 0x30, 0x30, 0xff, 0x38, 0x34, 0x38, 0xff,
    0x00, 0x00, 0x00, 0x00, 0x00, 0x00, 0x00, 0x00, 0x00, 0x00, 0x00, 0x00,
    0x00, 0x00, 0x00, 0x00, 0x00, 0x00, 0x00, 0x00, 0x00, 0x00, 0x00, 0x00,
    0x00, 0x00, 0x00, 0x00, 0x00, 0x00, 0x00, 0x00, 0x00, 0x00, 0x00, 0x00,
    0x00, 0x00, 0x00, 0x00, 0x00, 0x00, 0x00, 0x00, 0x00, 0x00, 0x00, 0x00,
    0x00, 0x00, 0x00, 0x00, 0x00, 0x00, 0x00, 0x00, 0x00, 0x00, 0x00, 0x00,
    0x00, 0x00, 0x00, 0x00, 0x30, 0x34, 0x30, 0xff, 0x38, 0x30, 0x38, 0xff,
    0x30, 0x34, 0x30, 0xff, 0x38, 0x34, 0x38, 0xff, 0x08, 0x08, 0x08, 0xff,
    0x08, 0x0c, 0x08, 0xff, 0x10, 0x0c, 0x10, 0xff, 0x08, 0x08, 0x08, 0xff,
    0x08, 0x0c, 0x08, 0xff, 0x10, 0x08, 0x10, 0xff, 0x08, 0x08, 0x08, 0xff,
    0x08, 0x0c, 0x08, 0xff, 0x08, 0x08, 0x08, 0xff, 0x10, 0x0c, 0x10, 0xff,
    0x08, 0x0c, 0x08, 0xff, 0x08, 0x08, 0x08, 0xff, 0x08, 0x08, 0x08, 0xff,
    0x08, 0x0c, 0x08, 0xff, 0x10, 0x08, 0x10, 0xff, 0x08, 0x08, 0x08, 0xff,
    0x08, 0x0c, 0x08, 0xff, 0x08, 0x0c, 0x08, 0xff, 0x08, 0x08, 0x08, 0xff,
    0x08, 0x0c, 0x08, 0xff, 0x10, 0x0c, 0x10, 0xff, 0x08, 0x08, 0x08, 0xff,
    0x08, 0x08, 0x08, 0xff, 0x08, 0x0c, 0x08, 0xff, 0x10, 0x08, 0x10, 0xff,
    0x08, 0x08, 0x08, 0xff, 0x08, 0x0c, 0x08, 0xff, 0x10, 0x0c, 0x10, 0xff,
    0x08, 0x08, 0x08, 0xff, 0x08, 0x0c, 0x08, 0xff, 0x08, 0x0c, 0x08, 0xff,
    0x10, 0x08, 0x10, 0xff, 0x08, 0x0c, 0x08, 0xff, 0x08, 0x08, 0x08, 0xff,
    0x10, 0x08, 0x10, 0xff, 0x08, 0x0c, 0x08, 0xff, 0x08, 0x0c, 0x08, 0xff,
    0x08, 0x08, 0x08, 0xff, 0x10, 0x0c, 0x10, 0xff, 0x08, 0x0c, 0x08, 0xff,
    0x08, 0x08, 0x08, 0xff, 0x08, 0x0c, 0x08, 0xff, 0x10, 0x0c, 0x10, 0xff,
    0x08, 0x08, 0x08, 0xff, 0x08, 0x08, 0x08, 0xff, 0x10, 0x0c, 0x10, 0xff,
    0x08, 0x08, 0x08, 0xff, 0x08, 0x08, 0x08, 0xff, 0x10, 0x0c, 0x10, 0xff,
    0x08, 0x08, 0x08, 0xff, 0x08, 0x0c, 0x08, 0xff, 0x10, 0x0c, 0x10, 0xff,
    0x10, 0x08, 0x10, 0xff, 0x08, 0x0c, 0x08, 0xff, 0x08, 0x08, 0x08, 0xff,
    0x10, 0x08, 0x10, 0xff, 0x30, 0x34, 0x30, 0xff, 0x38, 0x34, 0x38, 0xff,
    0x30, 0x30, 0x30, 0xff, 0x30, 0x34, 0x30, 0xff, 0x00, 0x00, 0x00, 0x00,
    0x00, 0x00, 0x00, 0x00, 0x00, 0x00, 0x00, 0x00, 0x00, 0x00, 0x00, 0x00,
    0x00, 0x00, 0x00, 0x00, 0x00, 0x00, 0x00, 0x00, 0x00, 0x00, 0x00, 0x00,
    0x00, 0x00, 0x00, 0x00, 0x00, 0x00, 0x00, 0x00, 0x00, 0x00, 0x00, 0x00,
    0x00, 0x00, 0x00, 0x00, 0x00, 0x00, 0x00, 0x00, 0x00, 0x00, 0x00, 0x00,
    0x00, 0x00, 0x00, 0x00, 0x00, 0x00, 0x00, 0x00, 0x00, 0x00, 0x00, 0x00,
    0x30, 0x34, 0x30, 0xff, 0x30, 0x34, 0x30, 0xff, 0x38, 0x34, 0x38, 0xff,
    0x30, 0x34, 0x30, 0xff, 0x08, 0x08, 0x08, 0xff, 0x08, 0x08, 0x08, 0xff,
    0x08, 0x0c, 0x08, 0xff, 0x08, 0x08, 0x08, 0xff, 0x08, 0x0c, 0x08, 0xff,
    0x08, 0x0c, 0x08, 0xff, 0x08, 0x08, 0x08, 0xff, 0x08, 0x0c, 0x08, 0xff,
    0x10, 0x08, 0x10, 0xff, 0x08, 0x08, 0x08, 0xff, 0x08, 0x0c, 0x08, 0xff,
    0x10, 0x0c, 0x10, 0xff, 0x08, 0x08, 0x08, 0xff, 0x08, 0x0c, 0x08, 0xff,
    0x10, 0x0c, 0x10, 0xff, 0x08, 0x08, 0x08, 0xff, 0x08, 0x0c, 0x08, 0xff,
    0x10, 0x08, 0x10, 0xff, 0x08, 0x0c, 0x08, 0xff, 0x08, 0x08, 0x08, 0xff,
    0x08, 0x0c, 0x08, 0xff, 0x10, 0x0c, 0x10, 0xff, 0x08, 0x08, 0x08, 0xff,
    0x08, 0x0c, 0x08, 0xff, 0x08, 0x08, 0x08, 0xff, 0x08, 0x0c, 0x08, 0xff,
    0x08, 0x08, 0x08, 0xff, 0x08, 0x0c, 0x08, 0xff, 0x10, 0x08, 0x10, 0xff,
    0x08, 0x08, 0x08, 0xff, 0x08, 0x0c, 0x08, 0xff, 0x08, 0x08, 0x08, 0xff,
    0x08, 0x0c, 0x08, 0xff, 0x10, 0x0c, 0x10, 0xff, 0x08, 0x08, 0x08, 0xff,
    0x08, 0x08, 0x08, 0xff, 0x08, 0x0c, 0x08, 0xff, 0x10, 0x08, 0x10, 0xff,
    0x08, 0x08, 0x08, 0xff, 0x08, 0x0c, 0x08, 0xff, 0x10, 0x08, 0x10, 0xff,
    0x08, 0x08, 0x08, 0xff, 0x08, 0x0c, 0x08, 0xff, 0x08, 0x0c, 0x08, 0xff,
    0x08, 0x08, 0x08, 0xff, 0x08, 0x0c, 0x08, 0xff, 0x08, 0x0c, 0x08, 0xff,
    0x10, 0x08, 0x10, 0xff, 0x08, 0x0c, 0x08, 0xff, 0x08, 0x08, 0x08, 0xff,
    0x08, 0x08, 0x08, 0xff, 0x08, 0x0c, 0x08, 0xff, 0x08, 0x0c, 0x08, 0xff,
    0x08, 0x08, 0x08, 0xff, 0x10, 0x0c, 0x10, 0xff, 0x08, 0x08, 0x08, 0xff,
    0x30, 0x34, 0x30, 0xff, 0x38, 0x34, 0x38, 0xff, 0x30, 0x34, 0x30, 0xff,
    0x30, 0x34, 0x30, 0xff, 0x00, 0x00, 0x00, 0x00, 0x00, 0x00, 0x00, 0x00,
    0x00, 0x00, 0x00, 0x00, 0x00, 0x00, 0x00, 0x00, 0x00, 0x00, 0x00, 0x00,
    0x00, 0x00, 0x00, 0x00, 0x00, 0x00, 0x00, 0x00, 0x00, 0x00, 0x00, 0x00,
    0x00, 0x00, 0x00, 0x00, 0x00, 0x00, 0x00, 0x00, 0x00, 0x00, 0x00, 0x00,
    0x00, 0x00, 0x00, 0x00, 0x00, 0x00, 0x00, 0x00, 0x00, 0x00, 0x00, 0x00,
    0x00, 0x00, 0x00, 0x00, 0x00, 0x00, 0x00, 0x00, 0x38, 0x34, 0x38, 0xff,
    0x30, 0x30, 0x30, 0xff, 0x30, 0x34, 0x30, 0xff, 0x38, 0x34, 0x38, 0xff,
    0x08, 0x08, 0x08, 0xff, 0x08, 0x0c, 0x08, 0xff, 0x10, 0x08, 0x10, 0xff,
    0x08, 0x08, 0x08, 0xff, 0x10, 0x0c, 0x10, 0xff, 0x08, 0x08, 0x08, 0xff,
    0x08, 0x0c, 0x08, 0xff, 0x10, 0x0c, 0x10, 0xff, 0x08, 0x08, 0x08, 0xff,
    0x08, 0x08, 0x08, 0xff, 0x08, 0x0c, 0x08, 0xff, 0x10, 0x08, 0x10, 0xff,
    0x08, 0x08, 0x08, 0xff, 0x08, 0x0c, 0x08, 0xff, 0x08, 0x08, 0x08, 0xff,
    0x08, 0x0c, 0x08, 0xff, 0x10, 0x08, 0x10, 0xff, 0x08, 0x08, 0x08, 0xff,
    0x08, 0x0c, 0x08, 0xff, 0x10, 0x08, 0x10, 0xff, 0x08, 0x08, 0x08, 0xff,
    0x08, 0x0c, 0x08, 0xff, 0x10, 0x08, 0x10, 0xff, 0x08, 0x0c, 0x08, 0xff,
    0x08, 0x0c, 0x08, 0xff, 0x10, 0x08, 0x10, 0xff, 0x08, 0x0c, 0x08, 0xff,
    0x08, 0x08, 0x08, 0xff, 0x08, 0x0c, 0x08, 0xff, 0x10, 0x0c, 0x10, 0xff,
    0x08, 0x08, 0x08, 0xff, 0x08, 0x08, 0x08, 0xff, 0x10, 0x0c, 0x10, 0xff,
    0x08, 0x08, 0x08, 0xff, 0x08, 0x0c, 0x08, 0xff, 0x08, 0x08, 0x08, 0xff,
    0x10, 0x0c, 0x10, 0xff, 0x08, 0x0c, 0x08, 0xff, 0x08, 0x08, 0x08, 0xff,
    0x08, 0x0c, 0x08, 0xff, 0x08, 0x0c, 0x08, 0xff, 0x10, 0x08, 0x10, 0xff,
    0x08, 0x08, 0x08, 0xff, 0x08, 0x0c, 0x08, 0xff, 0x10, 0x08, 0x10, 0xff,
    0x08, 0x08, 0x08, 0xff, 0x08, 0x0c, 0x08, 0xff, 0x08, 0x0c, 0x08, 0xff,
    0x08, 0x08, 0x08, 0xff, 0x10, 0x0c, 0x10, 0xff, 0x08, 0x08, 0x08, 0xff,
    0x08, 0x08, 0x08, 0xff, 0x08, 0x0c, 0x08, 0xff, 0x10, 0x08, 0x10, 0xff,
    0x08, 0x0c, 0x08, 0xff, 0x08, 0x0c, 0x08, 0xff, 0x38, 0x34, 0x38, 0xff,
    0x30, 0x34, 0x30, 0xff, 0x38, 0x30, 0x38, 0xff, 0x38, 0x34, 0x38, 0xff,
    0x00, 0x00, 0x00, 0x00, 0x00, 0x00, 0x00, 0x00, 0x00, 0x00, 0x00, 0x00,
    0x00, 0x00, 0x00, 0x00, 0x00, 0x00, 0x00, 0x00, 0x00, 0x00, 0x00, 0x00,
    0x00, 0x00, 0x00, 0x00, 0x00, 0x00, 0x00, 0x00, 0x00, 0x00, 0x00, 0x00,
    0x00, 0x00, 0x00, 0x00, 0x00, 0x00, 0x00, 0x00, 0x00, 0x00, 0x00, 0x00,
    0x00, 0x00, 0x00, 0x00, 0x00, 0x00, 0x00, 0x00, 0x00, 0x00, 0x00, 0x00,
    0x00, 0x00, 0x00, 0x00, 0x30, 0x34, 0x30, 0xff, 0x38, 0x30, 0x38, 0xff,
    0x30, 0x34, 0x30, 0xff, 0x38, 0x34, 0x38, 0xff, 0x08, 0x08, 0x08, 0xff,
    0x08, 0x0c, 0x08, 0xff, 0x10, 0x0c, 0x10, 0xff, 0x08, 0x08, 0x08, 0xff,
    0x08, 0x0c, 0x08, 0xff, 0x10, 0x08, 0x10, 0xff, 0x08, 0x08, 0x08, 0xff,
    0x08, 0x0c, 0x08, 0xff, 0x08, 0x0c, 0x08, 0xff, 0x10, 0x08, 0x10, 0xff,
    0x08, 0x0c, 0x08, 0xff, 0x08, 0x0c, 0x08, 0xff, 0x08, 0x08, 0x08, 0xff,
    0x10, 0x0c, 0x10, 0xff, 0x08, 0x08, 0x08, 0xff, 0x08, 0x0c, 0x08, 0xff,
    0x08, 0x0c, 0x08, 0xff, 0x08, 0x08, 0x08, 0xff, 0x08, 0x0c, 0x08, 0xff,
    0x10, 0x0c, 0x10, 0xff, 0x08, 0x08, 0x08, 0xff, 0x08, 0x08, 0x08, 0xff,
    0x08, 0x0c, 0x08, 0xff, 0x10, 0x08, 0x10, 0xff, 0x08, 0x08, 0x08, 0xff,
    0x08, 0x0c, 0x08, 0xff, 0x10, 0x08, 0x10, 0xff, 0x08, 0x08, 0x08, 0xff,
    0x08, 0x0c, 0x08, 0xff, 0x10, 0x0c, 0x10, 0xff, 0x08, 0x08, 0x08, 0xff,
    0x08, 0x0c, 0x08, 0xff, 0x08, 0x08, 0x08, 0xff, 0x08, 0x0c, 0x08, 0xff,
    0x10, 0x08, 0x10, 0xff, 0x08, 0x0c, 0x08, 0xff, 0x08, 0x08, 0x08, 0xff,
    0x08, 0x08, 0x08, 0xff, 0x10, 0x0c, 0x10, 0xff, 0x08, 0x08, 0x08, 0xff,
    0x08, 0x0c, 0x08, 0xff, 0x08, 0x0c, 0x08, 0xff, 0x08, 0x08, 0x08, 0xff,
    0x10, 0x0c, 0x10, 0xff, 0x08, 0x0c, 0x08, 0xff, 0x08, 0x08, 0x08, 0xff,
    0x10, 0x08, 0x10, 0xff, 0x08, 0x0c, 0x08, 0xff, 0x08, 0x08, 0x08, 0xff,
    0x10, 0x0c, 0x10, 0xff, 0x08, 0x0c, 0x08, 0xff, 0x08, 0x08, 0x08, 0xff,
    0x10, 0x0c, 0x10, 0xff, 0x08, 0x08, 0x08, 0xff, 0x08, 0x08, 0x08, 0xff,
    0x08, 0x08, 0x08, 0xff, 0x38, 0x34, 0x38, 0xff, 0x30, 0x34, 0x30, 0xff,
    0x30, 0x30, 0x30, 0xff, 0x30, 0x34, 0x30, 0xff, 0x00, 0x00, 0x00, 0x00,
    0x00, 0x00, 0x00, 0x00, 0x00, 0x00, 0x00, 0x00, 0x00, 0x00, 0x00, 0x00,
    0x00, 0x00, 0x00, 0x00, 0x00, 0x00, 0x00, 0x00, 0x00, 0x00, 0x00, 0x00,
    0x00, 0x00, 0x00, 0x00, 0x00, 0x00, 0x00, 0x00, 0x00, 0x00, 0x00, 0x00,
    0x00, 0x00, 0x00, 0x00, 0x00, 0x00, 0x00, 0x00, 0x00, 0x00, 0x00, 0x00,
    0x00, 0x00, 0x00, 0x00, 0x00, 0x00, 0x00, 0x00, 0x00, 0x00, 0x00, 0x00,
    0x30, 0x34, 0x30, 0xff, 0x30, 0x34, 0x30, 0xff, 0x38, 0x34, 0x38, 0xff,
    0x30, 0x34, 0x30, 0xff, 0x08, 0x08, 0x08, 0xff, 0x08, 0x08, 0x08, 0xff,
    0x08, 0x0c, 0x08, 0xff, 0x08, 0x08, 0x08, 0xff, 0x08, 0x0c, 0x08, 0xff,
    0x08, 0x0c, 0x08, 0xff, 0x10, 0x08, 0x10, 0xff, 0x08, 0x08, 0x08, 0xff,
    0x08, 0x0c, 0x08, 0xff, 0x08, 0x08, 0x08, 0xff, 0x10, 0x0c, 0x10, 0xff,
    0x08, 0x08, 0x08, 0xff, 0x08, 0x0c, 0x08, 0xff, 0x10, 0x08, 0x10, 0xff,
    0x08, 0x08, 0x08, 0xff, 0x08, 0x0c, 0x08, 0xff, 0x10, 0x08, 0x10, 0xff,
    0x08, 0x08, 0x08, 0xff, 0x08, 0x0c, 0x08, 0xff, 0x08, 0x0c, 0x08, 0xff,
    0x08, 0x08, 0x08, 0xff, 0x08, 0x0c, 0x08, 0xff, 0x08, 0x0c, 0x08, 0xff,
    0x08, 0x08, 0x08, 0xff, 0x08, 0x0c, 0x08, 0xff, 0x08, 0x0c, 0x08, 0xff,
    0x10, 0x08, 0x10, 0xff, 0x08, 0x0c, 0x08, 0xff, 0x08, 0x08, 0x08, 0xff,
    0x08, 0x08, 0x08, 0xff, 0x10, 0x0c, 0x10, 0xff, 0x08, 0x08, 0x08, 0xff,
    0x08, 0x0c, 0x08, 0xff, 0x10, 0x08, 0x10, 0xff, 0x08, 0x0c, 0x08, 0xff,
    0x08, 0x0c, 0x08, 0xff, 0x08, 0x08, 0x08, 0xff, 0x10, 0x0c, 0x10, 0xff,
    0x08, 0x08, 0x08, 0xff, 0x08, 0x08, 0x08, 0xff, 0x10, 0x08, 0x10, 0xff,
    0x08, 0x0c, 0x08, 0xff, 0x08, 0x08, 0x08, 0xff, 0x08, 0x08, 0x08, 0xff,
    0x08, 0x0c, 0x08, 0xff, 0x08, 0x0c, 0x08, 0xff, 0x10, 0x08, 0x10, 0xff,
    0x08, 0x08, 0x08, 0xff, 0x08, 0x0c, 0x08, 0xff, 0x08, 0x08, 0x08, 0xff,
    0x08, 0x0c, 0x08, 0xff, 0x10, 0x08, 0x10, 0xff, 0x08, 0x0c, 0x08, 0xff,
    0x08, 0x0c, 0x08, 0xff, 0x08, 0x08, 0x08, 0xff, 0x08, 0x08, 0x08, 0xff,
    0x38, 0x34, 0x38, 0xff, 0x30, 0x34, 0x30, 0xff, 0x30, 0x34, 0x30, 0xff,
    0x38, 0x34, 0x38, 0xff, 0x00, 0x00, 0x00, 0x00, 0x00, 0x00, 0x00, 0x00,
    0x00, 0x00, 0x00, 0x00, 0x00, 0x00, 0x00, 0x00, 0x00, 0x00, 0x00, 0x00,
    0x00, 0x00, 0x00, 0x00, 0x00, 0x00, 0x00, 0x00, 0x00, 0x00, 0x00, 0x00,
    0x00, 0x00, 0x00, 0x00, 0x00, 0x00, 0x00, 0x00, 0x00, 0x00, 0x00, 0x00,
    0x00, 0x00, 0x00, 0x00, 0x00, 0x00, 0x00, 0x00, 0x00, 0x00, 0x00, 0x00,
    0x00, 0x00, 0x00, 0x00, 0x00, 0x00, 0x00, 0x00, 0x38, 0x30, 0x38, 0xff,
    0x30, 0x34, 0x30, 0xff, 0x30, 0x34, 0x30, 0xff, 0x38, 0x34, 0x38, 0xff,
    0x08, 0x08, 0x08, 0xff, 0x08, 0x0c, 0x08, 0xff, 0x10, 0x08, 0x10, 0xff,
    0x08, 0x08, 0x08, 0xff, 0x08, 0x0c, 0x08, 0xff, 0x10, 0x0c, 0x10, 0xff,
    0x08, 0x08, 0x08, 0xff, 0x08, 0x0c, 0x08, 0xff, 0x10, 0x08, 0x10, 0xff,
    0x08, 0x0c, 0x08, 0xff, 0x08, 0x08, 0x08, 0xff, 0x08, 0x08, 0x08, 0xff,
    0x08, 0x0c, 0x08, 0xff, 0x08, 0x0c, 0x08, 0xff, 0x08, 0x08, 0x08, 0xff,
    0x10, 0x0c, 0x10, 0xff, 0x08, 0x0c, 0x08, 0xff, 0x10, 0x08, 0x10, 0xff,
    0x08, 0x08, 0x08, 0xff, 0x08, 0x0c, 0x08, 0xff, 0x10, 0x08, 0x10, 0xff,
    0x10, 0x08, 0x10, 0xff, 0x08, 0x0c, 0x08, 0xff, 0x10, 0x08, 0x10, 0xff,
    0x08, 0x08, 0x08, 0xff, 0x08, 0x0c, 0x08, 0xff, 0x08, 0x0c, 0x08, 0xff,
    0x10, 0x08, 0x10, 0xff, 0x08, 0x0c, 0x08, 0xff, 0x08, 0x08, 0x08, 0xff,
    0x08, 0x0c, 0x08, 0xff, 0x10, 0x0c, 0x10, 0xff, 0x08, 0x08, 0x08, 0xff,
    0x08, 0x08, 0x08, 0xff, 0x08, 0x0c, 0x08, 0xff, 0x10, 0x08, 0x10, 0xff,
    0x08, 0x0c, 0x08, 0xff, 0x08, 0x0c, 0x08, 0xff, 0x08, 0x0c, 0x08, 0xff,
    0x08, 0x08, 0x08, 0xff, 0x10, 0x0c, 0x10, 0xff, 0x08, 0x0c, 0x08, 0xff,
    0x08, 0x08, 0x08, 0xff, 0x10, 0x08, 0x10, 0xff, 0x08, 0x0c, 0x08, 0xff,
    0x08, 0x08, 0x08, 0xff, 0x08, 0x0c, 0x08, 0xff, 0x10, 0x0c, 0x10, 0xff,
    0x08, 0x08, 0x08, 0xff, 0x08, 0x0c, 0x08, 0xff, 0x10, 0x08, 0x10, 0xff,
    0x08, 0x08, 0x08, 0xff, 0x08, 0x0c, 0x08, 0xff, 0x10, 0x0c, 0x10, 0xff,
    0x08, 0x08, 0x08, 0xff, 0x08, 0x0c, 0x08, 0xff, 0x38, 0x34, 0x38, 0xff,
    0x30, 0x34, 0x30, 0xff, 0x38, 0x30, 0x38, 0xff, 0x30, 0x34, 0x30, 0xff,
    0x00, 0x00, 0x00, 0x00, 0x00, 0x00, 0x00, 0x00, 0x00, 0x00, 0x00, 0x00,
    0x00, 0x00, 0x00, 0x00, 0x00, 0x00, 0x00, 0x00, 0x00, 0x00, 0x00, 0x00,
    0x00, 0x00, 0x00, 0x00, 0x00, 0x00, 0x00, 0x00, 0x00, 0x00, 0x00, 0x00,
    0x00, 0x00, 0x00, 0x00, 0x00, 0x00, 0x00, 0x00, 0x00, 0x00, 0x00, 0x00,
    0x00, 0x00, 0x00, 0x00, 0x00, 0x00, 0x00, 0x00, 0x00, 0x00, 0x00, 0x00,
    0x00, 0x00, 0x00, 0x00, 0x30, 0x34, 0x30, 0xff, 0x38, 0x30, 0x38, 0xff,
    0x30, 0x34, 0x30, 0xff, 0x38, 0x34, 0x38, 0xff, 0x08, 0x08, 0x08, 0xff,
    0x08, 0x0c, 0x08, 0xff, 0x10, 0x0c, 0x10, 0xff, 0x08, 0x08, 0x08, 0xff,
    0x08, 0x08, 0x08, 0xff, 0x08, 0x08, 0x08, 0xff, 0x08, 0x0c, 0x08, 0xff,
    0x08, 0x0c, 0x08, 0xff, 0x08, 0x08, 0x08, 0xff, 0x10, 0x0c, 0x10, 0xff,
    0x08, 0x0c, 0x08, 0xff, 0x08, 0x08, 0x08, 0xff, 0x10, 0x0c, 0x10, 0xff,
    0x08, 0x08, 0x08, 0xff, 0x08, 0x08, 0x08, 0xff, 0x08, 0x0c, 0x08, 0xff,
    0x08, 0x0c, 0x08, 0xff, 0x08, 0x08, 0x08, 0xff, 0x10, 0x0c, 0x10, 0xff,
    0x08, 0x08, 0x08, 0xff, 0x08, 0x0c, 0x08, 0xff, 0x08, 0x0c, 0x08, 0xff,
    0x08, 0x08, 0x08, 0xff, 0x10, 0x0c, 0x10, 0xff, 0x08, 0x08, 0x08, 0xff,
    0x08, 0x08, 0x08, 0xff, 0x08, 0x0c, 0x08, 0xff, 0x08, 0x08, 0x08, 0xff,
    0x10, 0x0c, 0x10, 0xff, 0x08, 0x08, 0x08, 0xff, 0x08, 0x08, 0x08, 0xff,
    0x08, 0x0c, 0x08, 0xff, 0x08, 0x08, 0x08, 0xff, 0x08, 0x0c, 0x08, 0xff,
    0x10, 0x08, 0x10, 0xff, 0x08, 0x08, 0x08, 0xff, 0x08, 0x08, 0x08, 0xff,
    0x10, 0x08, 0x10, 0xff, 0x08, 0x0c, 0x08, 0xff, 0x08, 0x08, 0x08, 0xff,
    0x08, 0x0c, 0x08, 0xff, 0x08, 0x0c, 0x08, 0xff, 0x10, 0x08, 0x10, 0xff,
    0x08, 0x0c, 0x08, 0xff, 0x10, 0x0c, 0x10, 0xff, 0x08, 0x08, 0x08, 0xff,
    0x08, 0x08, 0x08, 0xff, 0x08, 0x0c, 0x08, 0xff, 0x10, 0x08, 0x10, 0xff,
    0x08, 0x0c, 0x08, 0xff, 0x08, 0x0c, 0x08, 0xff, 0x08, 0x08, 0x08, 0xff,
    0x08, 0x08, 0x08, 0xff, 0x10, 0x0c, 0x10, 0xff, 0x08, 0x08, 0x08, 0xff,
    0x08, 0x08, 0x08, 0xff, 0x38, 0x34, 0x38, 0xff, 0x30, 0x34, 0x30, 0xff,
    0x30, 0x34, 0x30, 0xff, 0x38, 0x30, 0x38, 0xff, 0x00, 0x00, 0x00, 0x00,
    0x00, 0x00, 0x00, 0x00, 0x00, 0x00, 0x00, 0x00, 0x00, 0x00, 0x00, 0x00,
    0x00, 0x00, 0x00, 0x00, 0x00, 0x00, 0x00, 0x00, 0x00, 0x00, 0x00, 0x00,
    0x00, 0x00, 0x00, 0x00, 0x00, 0x00, 0x00, 0x00, 0x00, 0x00, 0x00, 0x00,
    0x00, 0x00, 0x00, 0x00, 0x00, 0x00, 0x00, 0x00, 0x00, 0x00, 0x00, 0x00,
    0x00, 0x00, 0x00, 0x00, 0x00, 0x00, 0x00, 0x00, 0x00, 0x00, 0x00, 0x00,
    0x30, 0x34, 0x30, 0xff, 0x30, 0x34, 0x30, 0xff, 0x38, 0x34, 0x38, 0xff,
    0x30, 0x30, 0x30, 0xff, 0x08, 0x08, 0x08, 0xff, 0x08, 0x0c, 0x08, 0xff,
    0x08, 0x08, 0x08, 0xff, 0x10, 0x0c, 0x10, 0xff, 0x08, 0x0c, 0x08, 0xff,
    0x08, 0x08, 0x08, 0xff, 0x10, 0x08, 0x10, 0xff, 0x08, 0x0c, 0x08, 0xff,
    0x08, 0x08, 0x08, 0xff, 0x08, 0x08, 0x08, 0xff, 0x10, 0x0c, 0x10, 0xff,
    0x08, 0x08, 0x08, 0xff, 0x08, 0x0c, 0x08, 0xff, 0x10, 0x0c, 0x10, 0xff,
    0x08, 0x08, 0x08, 0xff, 0x08, 0x08, 0x08, 0xff, 0x10, 0x08, 0x10, 0xff,
    0x08, 0x0c, 0x08, 0xff, 0x08, 0x08, 0x08, 0xff, 0x08, 0x0c, 0x08, 0xff,
    0x08, 0x08, 0x08, 0xff, 0x08, 0x08, 0x08, 0xff, 0x08, 0x0c, 0x08, 0xff,
    0x08, 0x0c, 0x08, 0xff, 0x10, 0x08, 0x10, 0xff, 0x08, 0x0c, 0x08, 0xff,
    0x08, 0x08, 0x08, 0xff, 0x10, 0x0c, 0x10, 0xff, 0x08, 0x0c, 0x08, 0xff,
    0x08, 0x08, 0x08, 0xff, 0x10, 0x0c, 0x10, 0xff, 0x08, 0x08, 0x08, 0xff,
    0x08, 0x0c, 0x08, 0xff, 0x10, 0x0c, 0x10, 0xff, 0x08, 0x0c, 0x08, 0xff,
    0x08, 0x0c, 0x08, 0xff, 0x08, 0x08, 0x08, 0xff, 0x10, 0x0c, 0x10, 0xff,
    0x08, 0x08, 0x08, 0xff, 0x08, 0x08, 0x08, 0xff, 0x10, 0x0c, 0x10, 0xff,
    0x08, 0x08, 0x08, 0xff, 0x08, 0x08, 0x08, 0xff, 0x08, 0x0c, 0x08, 0xff,
    0x08, 0x08, 0x08, 0xff, 0x10, 0x0c, 0x10, 0xff, 0x08, 0x0c, 0x08, 0xff,
    0x08, 0x08, 0x08, 0xff, 0x08, 0x08, 0x08, 0xff, 0x08, 0x0c, 0x08, 0xff,
    0x10, 0x0c, 0x10, 0xff, 0x08, 0x08, 0x08, 0xff, 0x08, 0x0c, 0x08, 0xff,
    0x08, 0x0c, 0x08, 0xff, 0x08, 0x08, 0x08, 0xff, 0x08, 0x0c, 0x08, 0xff,
    0x38, 0x34, 0x38, 0xff, 0x30, 0x34, 0x30, 0xff, 0x30, 0x34, 0x30, 0xff,
    0x38, 0x34, 0x38, 0xff, 0x00, 0x00, 0x00, 0x00, 0x00, 0x00, 0x00, 0x00,
    0x00, 0x00, 0x00, 0x00, 0x00, 0x00, 0x00, 0x00, 0x00, 0x00, 0x00, 0x00,
    0x00, 0x00, 0x00, 0x00, 0x00, 0x00, 0x00, 0x00, 0x00, 0x00, 0x00, 0x00,
    0x00, 0x00, 0x00, 0x00, 0x00, 0x00, 0x00, 0x00, 0x00, 0x00, 0x00, 0x00,
    0x00, 0x00, 0x00, 0x00, 0x00, 0x00, 0x00, 0x00, 0x00, 0x00, 0x00, 0x00,
    0x00, 0x00, 0x00, 0x00, 0x00, 0x00, 0x00, 0x00, 0x38, 0x34, 0x38, 0xff,
    0x30, 0x34, 0x30, 0xff, 0x30, 0x34, 0x30, 0xff, 0x38, 0x34, 0x38, 0xff,
    0x08, 0x08, 0x08, 0xff, 0x08, 0x08, 0x08, 0xff, 0x10, 0x0c, 0x10, 0xff,
    0x08, 0x08, 0x08, 0xff, 0x08, 0x0c, 0x08, 0xff, 0x10, 0x0c, 0x10, 0xff,
    0x08, 0x08, 0x08, 0xff, 0x10, 0x0c, 0x10, 0xff, 0x08, 0x0c, 0x08, 0xff,
    0x08, 0x08, 0x08, 0xff, 0x08, 0x08, 0x08, 0xff, 0x08, 0x0c, 0x08, 0xff,
    0x08, 0x08, 0x08, 0xff, 0x10, 0x0c, 0x10, 0xff, 0x08, 0x0c, 0x08, 0xff,
    0x08, 0x08, 0x08, 0xff, 0x10, 0x0c, 0x10, 0xff, 0x08, 0x0c, 0x08, 0xff,
    0x08, 0x08, 0x08, 0xff, 0x10, 0x0c, 0x10, 0xff, 0x10, 0x0c, 0x10, 0xff,
    0x08, 0x08, 0x08, 0xff, 0x08, 0x08, 0x08, 0xff, 0x10, 0x0c, 0x10, 0xff,
    0x08, 0x0c, 0x08, 0xff, 0x08, 0x08, 0x08, 0xff, 0x10, 0x08, 0x10, 0xff,
    0x08, 0x0c, 0x08, 0xff, 0x08, 0x08, 0x08, 0xff, 0x08, 0x0c, 0x08, 0xff,
    0x10, 0x0c, 0x10, 0xff, 0x08, 0x08, 0x08, 0xff, 0x08, 0x08, 0x08, 0xff,
    0x08, 0x08, 0x08, 0xff, 0x08, 0x0c, 0x08, 0xff, 0x08, 0x08, 0x08, 0xff,
    0x10, 0x0c, 0x10, 0xff, 0x08, 0x0c, 0x08, 0xff, 0x08, 0x08, 0x08, 0xff,
    0x08, 0x0c, 0x08, 0xff, 0x10, 0x0c, 0x10, 0xff, 0x08, 0x08, 0x08, 0xff,
    0x08, 0x0c, 0x08, 0xff, 0x10, 0x08, 0x10, 0xff, 0x08, 0x08, 0x08, 0xff,
    0x08, 0x0c, 0x08, 0xff, 0x10, 0x0c, 0x10, 0xff, 0x08, 0x08, 0x08, 0xff,
    0x08, 0x08, 0x08, 0xff, 0x10, 0x0c, 0x10, 0xff, 0x08, 0x08, 0x08, 0xff,
    0x08, 0x08, 0x08, 0xff, 0x10, 0x0c, 0x10, 0xff, 0x08, 0x08, 0x08, 0xff,
    0x08, 0x08, 0x08, 0xff, 0x10, 0x0c, 0x10, 0xff, 0x30, 0x34, 0x30, 0xff,
    0x30, 0x30, 0x30, 0xff, 0x38, 0x30, 0x38, 0xff, 0x30, 0x34, 0x30, 0xff,
    0x00, 0x00, 0x00, 0x00, 0x00, 0x00, 0x00, 0x00, 0x00, 0x00, 0x00, 0x00,
    0x00, 0x00, 0x00, 0x00, 0x00, 0x00, 0x00, 0x00, 0x00, 0x00, 0x00, 0x00,
    0x00, 0x00, 0x00, 0x00, 0x00, 0x00, 0x00, 0x00, 0x00, 0x00, 0x00, 0x00,
    0x00, 0x00, 0x00, 0x00, 0x00, 0x00, 0x00, 0x00, 0x00, 0x00, 0x00, 0x00,
    0x00, 0x00, 0x00, 0x00, 0x00, 0x00, 0x00, 0x00, 0x00, 0x00, 0x00, 0x00,
    0x00, 0x00, 0x00, 0x00, 0x30, 0x30, 0x30, 0xff, 0x38, 0x30, 0x38, 0xff,
    0x30, 0x34, 0x30, 0xff, 0x38, 0x34, 0x38, 0xff, 0x08, 0x08, 0x08, 0xff,
    0x08, 0x0c, 0x08, 0xff, 0x08, 0x0c, 0x08, 0xff, 0x08, 0x08, 0x08, 0xff,
    0x08, 0x08, 0x08, 0xff, 0x08, 0x0c, 0x08, 0xff, 0x08, 0x08, 0x08, 0xff,
    0x08, 0x08, 0x08, 0xff, 0x10, 0x0c, 0x10, 0xff, 0x08, 0x0c, 0x08, 0xff,
    0x10, 0x08, 0x10, 0xff, 0x08, 0x0c, 0x08, 0xff, 0x08, 0x08, 0x08, 0xff,
    0x08, 0x08, 0x08, 0xff, 0x08, 0x0c, 0x08, 0xff, 0x08, 0x08, 0x08, 0xff,
    0x08, 0x0c, 0x08, 0xff, 0x08, 0x08, 0x08, 0xff, 0x08, 0x08, 0x08, 0xff,
    0x08, 0x0c, 0x08, 0xff, 0x08, 0x0c, 0x08, 0xff, 0x10, 0x08, 0x10, 0xff,
    0x08, 0x08, 0x08, 0xff, 0x08, 0x0c, 0x08, 0xff, 0x08, 0x08, 0x08, 0xff,
    0x08, 0x0c, 0x08, 0xff, 0x08, 0x0c, 0x08, 0xff, 0x08, 0x08, 0x08, 0xff,
    0x08, 0x08, 0x08, 0xff, 0x08, 0x0c, 0x08, 0xff, 0x08, 0x08, 0x08, 0xff,
    0x10, 0x0c, 0x10, 0xff, 0x08, 0x0c, 0x08, 0xff, 0x10, 0x08, 0x10, 0xff,
    0x08, 0x08, 0x08, 0xff, 0x08, 0x0c, 0x08, 0xff, 0x08, 0x08, 0x08, 0xff,
    0x08, 0x08, 0x08, 0xff, 0x08, 0x0c, 0x08, 0xff, 0x10, 0x08, 0x10, 0xff,
    0x08, 0x08, 0x08, 0xff, 0x08, 0x0c, 0x08, 0xff, 0x08, 0x0c, 0x08, 0xff,
    0x08, 0x08, 0x08, 0xff, 0x08, 0x0c, 0x08, 0xff, 0x08, 0x08, 0x08, 0xff,
    0x08, 0x08, 0x08, 0xff, 0x10, 0x0c, 0x10, 0xff, 0x08, 0x0c, 0x08, 0xff,
    0x08, 0x08, 0x08, 0xff, 0x08, 0x0c, 0x08, 0xff, 0x08, 0x08, 0x08, 0xff,
    0x10, 0x0c, 0x10, 0xff, 0x08, 0x08, 0x08, 0xff, 0x08, 0x0c, 0x08, 0xff,
    0x08, 0x08, 0x08, 0xff, 0x38, 0x34, 0x38, 0xff, 0x30, 0x34, 0x30, 0xff,
    0x30, 0x34, 0x30, 0xff, 0x38, 0x34, 0x38, 0xff, 0x00, 0x00, 0x00, 0x00,
    0x00, 0x00, 0x00, 0x00, 0x00, 0x00, 0x00, 0x00, 0x00, 0x00, 0x00, 0x00,
    0x00, 0x00, 0x00, 0x00, 0x00, 0x00, 0x00, 0x00, 0x00, 0x00, 0x00, 0x00,
    0x00, 0x00, 0x00, 0x00, 0x00, 0x00, 0x00, 0x00, 0x00, 0x00, 0x00, 0x00,
    0x00, 0x00, 0x00, 0x00, 0x00, 0x00, 0x00, 0x00, 0x00, 0x00, 0x00, 0x00,
    0x00, 0x00, 0x00, 0x00, 0x00, 0x00, 0x00, 0x00, 0x00, 0x00, 0x00, 0x00,
    0x30, 0x34, 0x30, 0xff, 0x30, 0x34, 0x30, 0xff, 0x38, 0x34, 0x38, 0xff,
    0x30, 0x34, 0x30, 0xff, 0x08, 0x08, 0x08, 0xff, 0x10, 0x0c, 0x10, 0xff,
    0x08, 0x08, 0x08, 0xff, 0x10, 0x0c, 0x10, 0xff, 0x08, 0x08, 0x08, 0xff,
    0x08, 0x0c, 0x08, 0xff, 0x10, 0x0c, 0x10, 0xff, 0x08, 0x08, 0x08, 0xff,
    0x08, 0x08, 0x08, 0xff, 0x08, 0x0c, 0x08, 0xff, 0x08, 0x0c, 0x08, 0xff,
    0x10, 0x08, 0x10, 0xff, 0x08, 0x0c, 0x08, 0xff, 0x10, 0x08, 0x10, 0xff,
    0x08, 0x0c, 0x08, 0xff, 0x10, 0x08, 0x10, 0xff, 0x08, 0x0c, 0x08, 0xff,
    0x10, 0x08, 0x10, 0xff, 0x08, 0x08, 0x08, 0xff, 0x08, 0x0c, 0x08, 0xff,
    0x08, 0x08, 0x08, 0xff, 0x08, 0x0c, 0x08, 0xff, 0x10, 0x0c, 0x10, 0xff,
    0x08, 0x08, 0x08, 0xff, 0x08, 0x08, 0x08, 0xff, 0x10, 0x0c, 0x10, 0xff,
    0x08, 0x0c, 0x08, 0xff, 0x10, 0x08, 0x10, 0xff, 0x10, 0x0c, 0x10, 0xff,
    0x08, 0x08, 0x08, 0xff, 0x08, 0x08, 0x08, 0xff, 0x08, 0x0c, 0x08, 0xff,
    0x08, 0x0c, 0x08, 0xff, 0x10, 0x08, 0x10, 0xff, 0x08, 0x0c, 0x08, 0xff,
    0x08, 0x0c, 0x08, 0xff, 0x10, 0x08, 0x10, 0xff, 0x08, 0x0c, 0x08, 0xff,
    0x08, 0x0c, 0x08, 0xff, 0x08, 0x08, 0x08, 0xff, 0x08, 0x08, 0x08, 0xff,
    0x10, 0x0c, 0x10, 0xff, 0x08, 0x08, 0x08, 0xff, 0x10, 0x0c, 0x10, 0xff,
    0x08, 0x0c, 0x08, 0xff, 0x08, 0x08, 0x08, 0xff, 0x08, 0x08, 0x08, 0xff,
    0x08, 0x0c, 0x08, 0xff, 0x10, 0x08, 0x10, 0xff, 0x08, 0x0c, 0x08, 0xff,
    0x08, 0x08, 0x08, 0xff, 0x10, 0x0c, 0x10, 0xff, 0x08, 0x08, 0x08, 0xff,
    0x08, 0x0c, 0x08, 0xff, 0x08, 0x08, 0x08, 0xff, 0x10, 0x08, 0x10, 0xff,
    0x30, 0x34, 0x30, 0xff, 0x38, 0x34, 0x38, 0xff, 0x30, 0x34, 0x30, 0xff,
    0x30, 0x30, 0x30, 0xff, 0x00, 0x00, 0x00, 0x00, 0x00, 0x00, 0x00, 0x00,
    0x00, 0x00, 0x00, 0x00, 0x00, 0x00, 0x00, 0x00, 0x00, 0x00, 0x00, 0x00,
    0x00, 0x00, 0x00, 0x00, 0x00, 0x00, 0x00, 0x00, 0x00, 0x00, 0x00, 0x00,
    0x00, 0x00, 0x00, 0x00, 0x00, 0x00, 0x00, 0x00, 0x00, 0x00, 0x00, 0x00,
    0x00, 0x00, 0x00, 0x00, 0x00, 0x00, 0x00, 0x00, 0x00, 0x00, 0x00, 0x00,
    0x00, 0x00, 0x00, 0x00, 0x00, 0x00, 0x00, 0x00, 0x38, 0x34, 0x38, 0xff,
    0x30, 0x34, 0x30, 0xff, 0x30, 0x34, 0x30, 0xff, 0x38, 0x30, 0x38, 0xff,
    0x08, 0x08, 0x08, 0xff, 0x08, 0x0c, 0x08, 0xff, 0x08, 0x08, 0x08, 0xff,
    0x10, 0x0c, 0x10, 0xff, 0x08, 0x08, 0x08, 0xff, 0x08, 0x08, 0x08, 0xff,
    0x10, 0x0c, 0x10, 0xff, 0x08, 0x0c, 0x08, 0xff, 0x08, 0x08, 0x08, 0xff,
    0x08, 0x08, 0x08, 0xff, 0x08, 0x0c, 0x08, 0xff, 0x08, 0x08, 0x08, 0xff,
    0x10, 0x0c, 0x10, 0xff, 0x08, 0x0c, 0x08, 0xff, 0x08, 0x08, 0x08, 0xff,
    0x08, 0x0c, 0x08, 0xff, 0x10, 0x0c, 0x10, 0xff, 0x08, 0x08, 0x08, 0xff,
    0x10, 0x0c, 0x10, 0xff, 0x08, 0x08, 0x08, 0xff, 0x08, 0x08, 0x08, 0xff,
    0x10, 0x0c, 0x10, 0xff, 0x08, 0x0c, 0x08, 0xff, 0x08, 0x08, 0x08, 0xff,
    0x10, 0x0c, 0x10, 0xff, 0x08, 0x08, 0x08, 0xff, 0x08, 0x08, 0x08, 0xff,
    0x08, 0x0c, 0x08, 0xff, 0x08, 0x0c, 0x08, 0xff, 0x10, 0x08, 0x10, 0xff,
    0x08, 0x0c, 0x08, 0xff, 0x08, 0x08, 0x08, 0xff, 0x08, 0x08, 0x08, 0xff,
    0x08, 0x0c, 0x08, 0xff, 0x10, 0x08, 0x10, 0xff, 0x08, 0x08, 0x08, 0xff,
    0x08, 0x0c, 0x08, 0xff, 0x10, 0x08, 0x10, 0xff, 0x08, 0x0c, 0x08, 0xff,
    0x08, 0x0c, 0x08, 0xff, 0x10, 0x08, 0x10, 0xff, 0x08, 0x0c, 0x08, 0xff,
    0x08, 0x08, 0x08, 0xff, 0x10, 0x08, 0x10, 0xff, 0x08, 0x0c, 0x08, 0xff,
    0x10, 0x0c, 0x10, 0xff, 0x08, 0x08, 0x08, 0xff, 0x08, 0x0c, 0x08, 0xff,
    0x08, 0x08, 0x08, 0xff, 0x10, 0x0c, 0x10, 0xff, 0x08, 0x0c, 0x08, 0xff,
    0x08, 0x08, 0x08, 0xff, 0x08, 0x0c, 0x08, 0xff, 0x08, 0x0c, 0x08, 0xff,
    0x10, 0x08, 0x10, 0xff, 0x08, 0x0c, 0x08, 0xff, 0x30, 0x34, 0x30, 0xff,
    0x38, 0x30, 0x38, 0xff, 0x30, 0x34, 0x30, 0xff, 0x30, 0x34, 0x30, 0xff,
    0x00, 0x00, 0x00, 0x00, 0x00, 0x00, 0x00, 0x00, 0x00, 0x00, 0x00, 0x00,
    0x00, 0x00, 0x00, 0x00, 0x00, 0x00, 0x00, 0x00, 0x00, 0x00, 0x00, 0x00,
    0x00, 0x00, 0x00, 0x00, 0x00, 0x00, 0x00, 0x00, 0x00, 0x00, 0x00, 0x00,
    0x00, 0x00, 0x00, 0x00, 0x00, 0x00, 0x00, 0x00, 0x00, 0x00, 0x00, 0x00,
    0x00, 0x00, 0x00, 0x00, 0x00, 0x00, 0x00, 0x00, 0x00, 0x00, 0x00, 0x00,
    0x00, 0x00, 0x00, 0x00, 0x30, 0x30, 0x30, 0xff, 0x38, 0x34, 0x38, 0xff,
    0x30, 0x34, 0x30, 0xff, 0x30, 0x34, 0x30, 0xff, 0x10, 0x08, 0x10, 0xff,
    0x08, 0x0c, 0x08, 0xff, 0x08, 0x0c, 0x08, 0xff, 0x08, 0x08, 0x08, 0xff,
    0x08, 0x0c, 0x08, 0xff, 0x08, 0x08, 0x08, 0xff, 0x08, 0x08, 0x08, 0xff,
    0x10, 0x0c, 0x10, 0xff, 0x08, 0x0c, 0x08, 0xff, 0x10, 0x08, 0x10, 0xff,
    0x08, 0x08, 0x08, 0xff, 0x08, 0x0c, 0x08, 0xff, 0x08, 0x08, 0x08, 0xff,
    0x08, 0x08, 0x08, 0xff, 0x08, 0x08, 0x08, 0xff, 0x08, 0x0c, 0x08, 0xff,
    0x08, 0x08, 0x08, 0xff, 0x08, 0x0c, 0x08, 0xff, 0x08, 0x0c, 0x08, 0xff,
    0x10, 0x08, 0x10, 0xff, 0x08, 0x0c, 0x08, 0xff, 0x08, 0x08, 0x08, 0xff,
    0x08, 0x08, 0x08, 0xff, 0x08, 0x0c, 0x08, 0xff, 0x08, 0x0c, 0x08, 0xff,
    0x08, 0x08, 0x08, 0xff, 0x10, 0x08, 0x10, 0xff, 0x08, 0x0c, 0x08, 0xff,
    0x08, 0x08, 0x08, 0xff, 0x08, 0x0c, 0x08, 0xff, 0x10, 0x0c, 0x10, 0xff,
    0x08, 0x08, 0x08, 0xff, 0x08, 0x0c, 0x08, 0xff, 0x10, 0x0c, 0x10, 0xff,
    0x08, 0x08, 0x08, 0xff, 0x08, 0x0c, 0x08, 0xff, 0x08, 0x08, 0x08, 0xff,
    0x10, 0x08, 0x10, 0xff, 0x08, 0x0c, 0x08, 0xff, 0x08, 0x08, 0x08, 0xff,
    0x10, 0x0c, 0x10, 0xff, 0x08, 0x0c, 0x08, 0xff, 0x08, 0x08, 0x08, 0xff,
    0x08, 0x08, 0x08, 0xff, 0x08, 0x0c, 0x08, 0xff, 0x08, 0x08, 0x08, 0xff,
    0x10, 0x0c, 0x10, 0xff, 0x08, 0x08, 0x08, 0xff, 0x08, 0x0c, 0x08, 0xff,
    0x08, 0x08, 0x08, 0xff, 0x08, 0x08, 0x08, 0xff, 0x10, 0x0c, 0x10, 0xff,
    0x08, 0x08, 0x08, 0xff, 0x08, 0x08, 0x08, 0xff, 0x10, 0x0c, 0x10, 0xff,
    0x08, 0x08, 0x08, 0xff, 0x30, 0x34, 0x30, 0xff, 0x38, 0x34, 0x38, 0xff,
    0x38, 0x34, 0x38, 0xff, 0x30, 0x34, 0x30, 0xff, 0x00, 0x00, 0x00, 0x00,
    0x00, 0x00, 0x00, 0x00, 0x00, 0x00, 0x00, 0x00, 0x00, 0x00, 0x00, 0x00,
    0x00, 0x00, 0x00, 0x00, 0x00, 0x00, 0x00, 0x00, 0x00, 0x00, 0x00, 0x00,
    0x00, 0x00, 0x00, 0x00, 0x00, 0x00, 0x00, 0x00, 0x00, 0x00, 0x00, 0x00,
    0x00, 0x00, 0x00, 0x00, 0x00, 0x00, 0x00, 0x00, 0x00, 0x00, 0x00, 0x00,
    0x00, 0x00, 0x00, 0x00, 0x00, 0x00, 0x00, 0x00, 0x00, 0x00, 0x00, 0x00,
    0x30, 0x34, 0x30, 0xff, 0x38, 0x30, 0x38, 0xff, 0x30, 0x34, 0x30, 0xff,
    0x30, 0x34, 0x30, 0xff, 0x08, 0x08, 0x08, 0xff, 0x10, 0x08, 0x10, 0xff,
    0x08, 0x0c, 0x08, 0xff, 0x08, 0x08, 0x08, 0xff, 0x10, 0x0c, 0x10, 0xff,
    0x08, 0x0c, 0x08, 0xff, 0x08, 0x08, 0x08, 0xff, 0x08, 0x08, 0x08, 0xff,
    0x08, 0x0c, 0x08, 0xff, 0x10, 0x0c, 0x10, 0xff, 0x08, 0x08, 0x08, 0xff,
    0x08, 0x0c, 0x08, 0xff, 0x10, 0x0c, 0x10, 0xff, 0x10, 0x08, 0x10, 0xff,
    0x08, 0x0c, 0x08, 0xff, 0x10, 0x08, 0x10, 0xff, 0x08, 0x08, 0x08, 0xff,
    0x08, 0x0c, 0x08, 0xff, 0x08, 0x08, 0x08, 0xff, 0x08, 0x0c, 0x08, 0xff,
    0x10, 0x0c, 0x10, 0xff, 0x08, 0x08, 0x08, 0xff, 0x08, 0x08, 0x08, 0xff,
    0x10, 0x0c, 0x10, 0xff, 0x08, 0x08, 0x08, 0xff, 0x08, 0x0c, 0x08, 0xff,
    0x10, 0x0c, 0x10, 0xff, 0x08, 0x08, 0x08, 0xff, 0x08, 0x08, 0x08, 0xff,
    0x08, 0x0c, 0x08, 0xff, 0x08, 0x08, 0x08, 0xff, 0x10, 0x08, 0x10, 0xff,
    0x08, 0x0c, 0x08, 0xff, 0x08, 0x08, 0x08, 0xff, 0x08, 0x0c, 0x08, 0xff,
    0x08, 0x0c, 0x08, 0xff, 0x10, 0x08, 0x10, 0xff, 0x08, 0x0c, 0x08, 0xff,
    0x08, 0x08, 0x08, 0xff, 0x08, 0x08, 0x08, 0xff, 0x08, 0x0c, 0x08, 0xff,
    0x08, 0x08, 0x08, 0xff, 0x10, 0x0c, 0x10, 0xff, 0x08, 0x0c, 0x08, 0xff,
    0x08, 0x08, 0x08, 0xff, 0x08, 0x0c, 0x08, 0xff, 0x10, 0x08, 0x10, 0xff,
    0x08, 0x0c, 0x08, 0xff, 0x08, 0x08, 0x08, 0xff, 0x10, 0x0c, 0x10, 0xff,
    0x08, 0x08, 0x08, 0xff, 0x08, 0x0c, 0x08, 0xff, 0x10, 0x08, 0x10, 0xff,
    0x08, 0x0c, 0x08, 0xff, 0x08, 0x0c, 0x08, 0xff, 0x08, 0x08, 0x08, 0xff,
    0x30, 0x34, 0x30, 0xff, 0x30, 0x34, 0x30, 0xff, 0x38, 0x30, 0x38, 0xff,
    0x30, 0x34, 0x30, 0xff, 0x00, 0x00, 0x00, 0x00, 0x00, 0x00, 0x00, 0x00,
    0x00, 0x00, 0x00, 0x00, 0x00, 0x00, 0x00, 0x00, 0x00, 0x00, 0x00, 0x00,
    0x00, 0x00, 0x00, 0x00, 0x00, 0x00, 0x00, 0x00, 0x00, 0x00, 0x00, 0x00,
    0x00, 0x00, 0x00, 0x00, 0x00, 0x00, 0x00, 0x00, 0x00, 0x00, 0x00, 0x00,
    0x00, 0x00, 0x00, 0x00, 0x00, 0x00, 0x00, 0x00, 0x00, 0x00, 0x00, 0x00,
    0x00, 0x00, 0x00, 0x00, 0x00, 0x00, 0x00, 0x00, 0x30, 0x34, 0x30, 0xff,
    0x38, 0x34, 0x38, 0xff, 0x38, 0x34, 0x38, 0xff, 0x30, 0x34, 0x30, 0xff,
    0x08, 0x08, 0x08, 0xff, 0x08, 0x0c, 0x08, 0xff, 0x10, 0x08, 0x10, 0xff,
    0x08, 0x08, 0x08, 0xff, 0x08, 0x0c, 0x08, 0xff, 0x10, 0x0c, 0x10, 0xff,
    0x08, 0x08, 0x08, 0xff, 0x08, 0x0c, 0x08, 0xff, 0x08, 0x08, 0x08, 0xff,
    0x08, 0x08, 0x08, 0xff, 0x10, 0x0c, 0x10, 0xff, 0x08, 0x08, 0x08, 0xff,
    0x08, 0x0c, 0x08, 0xff, 0x08, 0x0c, 0x08, 0xff, 0x08, 0x08, 0x08, 0xff,
    0x08, 0x0c, 0x08, 0xff, 0x10, 0x0c, 0x10, 0xff, 0x08, 0x08, 0x08, 0xff,
    0x08, 0x08, 0x08, 0xff, 0x10, 0x0c, 0x10, 0xff, 0x08, 0x08, 0x08, 0xff,
    0x08, 0x0c, 0x08, 0xff, 0x10, 0x0c, 0x10, 0xff, 0x08, 0x08, 0x08, 0xff,
    0x08, 0x08, 0x08, 0xff, 0x08, 0x0c, 0x08, 0xff, 0x08, 0x0c, 0x08, 0xff,
    0x10, 0x08, 0x10, 0xff, 0x08, 0x0c, 0x08, 0xff, 0x08, 0x08, 0x08, 0xff,
    0x10, 0x0c, 0x10, 0xff, 0x08, 0x08, 0x08, 0xff, 0x08, 0x08, 0x08, 0xff,
    0x10, 0x0c, 0x10, 0xff, 0x08, 0x08, 0x08, 0xff, 0x08, 0x08, 0x08, 0xff,
    0x08, 0x0c, 0x08, 0xff, 0x08, 0x0c, 0x08, 0xff, 0x10, 0x08, 0x10, 0xff,
    0x08, 0x0c, 0x08, 0xff, 0x08, 0x08, 0x08, 0xff, 0x10, 0x08, 0x10, 0xff,
    0x08, 0x0c, 0x08, 0xff, 0x08, 0x08, 0x08, 0xff, 0x10, 0x0c, 0x10, 0xff,
    0x08, 0x08, 0x08, 0xff, 0x08, 0x0c, 0x08, 0xff, 0x08, 0x08, 0x08, 0xff,
    0x10, 0x0c, 0x10, 0xff, 0x08, 0x08, 0x08, 0xff, 0x08, 0x0c, 0x08, 0xff,
    0x08, 0x08, 0x08, 0xff, 0x08, 0x0c, 0x08, 0xff, 0x08, 0x08, 0x08, 0xff,
    0x10, 0x08, 0x10, 0xff, 0x08, 0x0c, 0x08, 0xff, 0x38, 0x34, 0x38, 0xff,
    0x30, 0x30, 0x30, 0xff, 0x30, 0x34, 0x30, 0xff, 0x38, 0x34, 0x38, 0xff,
    0x00, 0x00, 0x00, 0x00, 0x00, 0x00, 0x00, 0x00, 0x00, 0x00, 0x00, 0x00,
    0x00, 0x00, 0x00, 0x00, 0x00, 0x00, 0x00, 0x00, 0x00, 0x00, 0x00, 0x00,
    0x00, 0x00, 0x00, 0x00, 0x00, 0x00, 0x00, 0x00, 0x00, 0x00, 0x00, 0x00,
    0x00, 0x00, 0x00, 0x00, 0x00, 0x00, 0x00, 0x00, 0x00, 0x00, 0x00, 0x00,
    0x00, 0x00, 0x00, 0x00, 0x00, 0x00, 0x00, 0x00, 0x00, 0x00, 0x00, 0x00,
    0x00, 0x00, 0x00, 0x00, 0x30, 0x34, 0x30, 0xff, 0x30, 0x30, 0x30, 0xff,
    0x38, 0x34, 0x38, 0xff, 0x30, 0x34, 0x30, 0xff, 0x08, 0x08, 0x08, 0xff,
    0x10, 0x0c, 0x10, 0xff, 0x08, 0x0c, 0x08, 0xff, 0x08, 0x08, 0x08, 0xff,
    0x08, 0x08, 0x08, 0xff, 0x10, 0x0c, 0x10, 0xff, 0x08, 0x08, 0x08, 0xff,
    0x10, 0x0c, 0x10, 0xff, 0x08, 0x0c, 0x08, 0xff, 0x08, 0x08, 0x08, 0xff,
    0x08, 0x0c, 0x08, 0xff, 0x08, 0x08, 0x08, 0xff, 0x08, 0x08, 0x08, 0xff,
    0x10, 0x0c, 0x10, 0xff, 0x08, 0x08, 0x08, 0xff, 0x08, 0x0c, 0x08, 0xff,
    0x08, 0x0c, 0x08, 0xff, 0x10, 0x08, 0x10, 0xff, 0x08, 0x0c, 0x08, 0xff,
    0x08, 0x08, 0x08, 0xff, 0x08, 0x08, 0x08, 0xff, 0x08, 0x0c, 0x08, 0xff,
    0x08, 0x0c, 0x08, 0xff, 0x10, 0x08, 0x10, 0xff, 0x08, 0x0c, 0x08, 0xff,
    0x08, 0x08, 0x08, 0xff, 0x08, 0x08, 0x08, 0xff, 0x10, 0x0c, 0x10, 0xff,
    0x08, 0x08, 0x08, 0xff, 0x08, 0x0c, 0x08, 0xff, 0x08, 0x0c, 0x08, 0xff,
    0x08, 0x0c, 0x08, 0xff, 0x08, 0x08, 0x08, 0xff, 0x10, 0x0c, 0x10, 0xff,
    0x08, 0x08, 0x08, 0xff, 0x08, 0x08, 0x08, 0xff, 0x10, 0x0c, 0x10, 0xff,
    0x08, 0x08, 0x08, 0xff, 0x08, 0x0c, 0x08, 0xff, 0x10, 0x0c, 0x10, 0xff,
    0x08, 0x08, 0x08, 0xff, 0x08, 0x0c, 0x08, 0xff, 0x08, 0x08, 0x08, 0xff,
    0x08, 0x0c, 0x08, 0xff, 0x10, 0x08, 0x10, 0xff, 0x08, 0x0c, 0x08, 0xff,
    0x08, 0x08, 0x08, 0xff, 0x08, 0x0c, 0x08, 0xff, 0x08, 0x08, 0x08, 0xff,
    0x08, 0x0c, 0x08, 0xff, 0x10, 0x08, 0x10, 0xff, 0x08, 0x0c, 0x08, 0xff,
    0x08, 0x0c, 0x08, 0xff, 0x10, 0x08, 0x10, 0xff, 0x08, 0x08, 0x08, 0xff,
    0x08, 0x0c, 0x08, 0xff, 0x38, 0x34, 0x38, 0xff, 0x30, 0x34, 0x30, 0xff,
    0x30, 0x34, 0x30, 0xff, 0x38, 0x30, 0x38, 0xff, 0x00, 0x00, 0x00, 0x00,
    0x00, 0x00, 0x00, 0x00, 0x00, 0x00, 0x00, 0x00, 0x00, 0x00, 0x00, 0x00,
    0x00, 0x00, 0x00, 0x00, 0x00, 0x00, 0x00, 0x00, 0x00, 0x00, 0x00, 0x00,
    0x00, 0x00, 0x00, 0x00, 0x00, 0x00, 0x00, 0x00, 0x00, 0x00, 0x00, 0x00,
    0x00, 0x00, 0x00, 0x00, 0x00, 0x00, 0x00, 0x00, 0x00, 0x00, 0x00, 0x00,
    0x00, 0x00, 0x00, 0x00, 0x00, 0x00, 0x00, 0x00, 0x00, 0x00, 0x00, 0x00,
    0x30, 0x34, 0x30, 0xff, 0x30, 0x34, 0x30, 0xff, 0x38, 0x30, 0x38, 0xff,
    0x30, 0x34, 0x30, 0xff, 0x08, 0x08, 0x08, 0xff, 0x08, 0x08, 0x08, 0xff,
    0x08, 0x0c, 0x08, 0xff, 0x08, 0x0c, 0x08, 0xff, 0x10, 0x08, 0x10, 0xff,
    0x08, 0x08, 0x08, 0xff, 0x08, 0x0c, 0x08, 0xff, 0x08, 0x08, 0x08, 0xff,
    0x10, 0x0c, 0x10, 0xff, 0x08, 0x08, 0x08, 0xff, 0x10, 0x0c, 0x10, 0xff,
    0x08, 0x0c, 0x08, 0xff, 0x08, 0x08, 0x08, 0xff, 0x10, 0x08, 0x10, 0xff,
    0x08, 0x0c, 0x08, 0xff, 0x08, 0x08, 0x08, 0xff, 0x10, 0x08, 0x10, 0xff,
    0x08, 0x0c, 0x08, 0xff, 0x08, 0x0c, 0x08, 0xff, 0x10, 0x08, 0x10, 0xff,
    0x08, 0x0c, 0x08, 0xff, 0x08, 0x08, 0x08, 0xff, 0x10, 0x08, 0x10, 0xff,
    0x08, 0x0c, 0x08, 0xff, 0x08, 0x0c, 0x08, 0xff, 0x10, 0x08, 0x10, 0xff,
    0x08, 0x0c, 0x08, 0xff, 0x08, 0x08, 0x08, 0xff, 0x08, 0x08, 0x08, 0xff,
    0x10, 0x0c, 0x10, 0xff, 0x08, 0x08, 0x08, 0xff, 0x08, 0x08, 0x08, 0xff,
    0x10, 0x0c, 0x10, 0xff, 0x08, 0x0c, 0x08, 0xff, 0x08, 0x0c, 0x08, 0xff,
    0x10, 0x08, 0x10, 0xff, 0x08, 0x0c, 0x08, 0xff, 0x08, 0x08, 0x08, 0xff,
    0x08, 0x08, 0x08, 0xff, 0x08, 0x0c, 0x08, 0xff, 0x10, 0x0c, 0x10, 0xff,
    0x08, 0x08, 0x08, 0xff, 0x08, 0x0c, 0x08, 0xff, 0x08, 0x08, 0x08, 0xff,
    0x08, 0x0c, 0x08, 0xff, 0x10, 0x08, 0x10, 0xff, 0x08, 0x0c, 0x08, 0xff,
    0x10, 0x08, 0x10, 0xff, 0x08, 0x0c, 0x08, 0xff, 0x08, 0x08, 0x08, 0xff,
    0x10, 0x0c, 0x10, 0xff, 0x08, 0x08, 0x08, 0xff, 0x08, 0x0c, 0x08, 0xff,
    0x08, 0x0c, 0x08, 0xff, 0x08, 0x08, 0x08, 0xff, 0x08, 0x08, 0x08, 0xff,
    0x38, 0x34, 0x38, 0xff, 0x30, 0x34, 0x30, 0xff, 0x30, 0x30, 0x30, 0xff,
    0x38, 0x34, 0x38, 0xff, 0x00, 0x00, 0x00, 0x00, 0x00, 0x00, 0x00, 0x00,
    0x00, 0x00, 0x00, 0x00, 0x00, 0x00, 0x00, 0x00, 0x00, 0x00, 0x00, 0x00,
    0x00, 0x00, 0x00, 0x00, 0x00, 0x00, 0x00, 0x00, 0x00, 0x00, 0x00, 0x00,
    0x00, 0x00, 0x00, 0x00, 0x00, 0x00, 0x00, 0x00, 0x00, 0x00, 0x00, 0x00,
    0x00, 0x00, 0x00, 0x00, 0x00, 0x00, 0x00, 0x00, 0x00, 0x00, 0x00, 0x00,
    0x00, 0x00, 0x00, 0x00, 0x00, 0x00, 0x00, 0x00, 0x38, 0x34, 0x38, 0xff,
    0x30, 0x34, 0x30, 0xff, 0x38, 0x34, 0x38, 0xff, 0x38, 0x34, 0x38, 0xff,
    0x08, 0x08, 0x08, 0xff, 0x08, 0x0c, 0x08, 0xff, 0x10, 0x08, 0x10, 0xff,
    0x08, 0x0c, 0x08, 0xff, 0x08, 0x0c, 0x08, 0xff, 0x08, 0x08, 0x08, 0xff,
    0x08, 0x0c, 0x08, 0xff, 0x08, 0x08, 0x08, 0xff, 0x08, 0x08, 0x08, 0xff,
    0x08, 0x0c, 0x08, 0xff, 0x10, 0x08, 0x10, 0xff, 0x08, 0x0c, 0x08, 0xff,
    0x08, 0x0c, 0x08, 0xff, 0x08, 0x08, 0x08, 0xff, 0x08, 0x0c, 0x08, 0xff,
    0x08, 0x08, 0x08, 0xff, 0x08, 0x08, 0x08, 0xff, 0x08, 0x0c, 0x08, 0xff,
    0x08, 0x08, 0x08, 0xff, 0x10, 0x0c, 0x10, 0xff, 0x08, 0x0c, 0x08, 0xff,
    0x08, 0x08, 0x08, 0xff, 0x08, 0x08, 0x08, 0xff, 0x08, 0x0c, 0x08, 0xff,
    0x08, 0x08, 0x08, 0xff, 0x10, 0x0c, 0x10, 0xff, 0x08, 0x0c, 0x08, 0xff,
    0x08, 0x08, 0x08, 0xff, 0x10, 0x0c, 0x10, 0xff, 0x08, 0x0c, 0x08, 0xff,
    0x08, 0x08, 0x08, 0xff, 0x10, 0x08, 0x10, 0xff, 0x08, 0x0c, 0x08, 0xff,
    0x08, 0x08, 0x08, 0xff, 0x08, 0x08, 0x08, 0xff, 0x08, 0x0c, 0x08, 0xff,
    0x08, 0x0c, 0x08, 0xff, 0x10, 0x08, 0x10, 0xff, 0x08, 0x08, 0x08, 0xff,
    0x08, 0x0c, 0x08, 0xff, 0x08, 0x08, 0x08, 0xff, 0x10, 0x08, 0x10, 0xff,
    0x08, 0x0c, 0x08, 0xff, 0x08, 0x0c, 0x08, 0xff, 0x10, 0x08, 0x10, 0xff,
    0x08, 0x0c, 0x08, 0xff, 0x08, 0x08, 0x08, 0xff, 0x08, 0x0c, 0x08, 0xff,
    0x10, 0x08, 0x10, 0xff, 0x08, 0x0c, 0x08, 0xff, 0x08, 0x08, 0x08, 0xff,
    0x10, 0x08, 0x10, 0xff, 0x08, 0x08, 0x08, 0xff, 0x08, 0x0c, 0x08, 0xff,
    0x10, 0x0c, 0x10, 0xff, 0x08, 0x08, 0x08, 0xff, 0x30, 0x34, 0x30, 0xff,
    0x38, 0x34, 0x38, 0xff, 0x30, 0x34, 0x30, 0xff, 0x30, 0x34, 0x30, 0xff,
    0x00, 0x00, 0x00, 0x00, 0x00, 0x00, 0x00, 0x00, 0x00, 0x00, 0x00, 0x00,
    0x00, 0x00, 0x00, 0x00, 0x00, 0x00, 0x00, 0x00, 0x00, 0x00, 0x00, 0x00,
    0x00, 0x00, 0x00, 0x00, 0x00, 0x00, 0x00, 0x00, 0x00, 0x00, 0x00, 0x00,
    0x00, 0x00, 0x00, 0x00, 0x00, 0x00, 0x00, 0x00, 0x00, 0x00, 0x00, 0x00,
    0x00, 0x00, 0x00, 0x00, 0x00, 0x00, 0x00, 0x00, 0x00, 0x00, 0x00, 0x00,
    0x00, 0x00, 0x00, 0x00, 0x30, 0x30, 0x30, 0xff, 0x30, 0x34, 0x30, 0xff,
    0x30, 0x34, 0x30, 0xff, 0x38, 0x34, 0x38, 0xff, 0x08, 0x08, 0x08, 0xff,
    0x08, 0x0c, 0x08, 0xff, 0x10, 0x08, 0x10, 0xff, 0x08, 0x08, 0x08, 0xff,
    0x08, 0x0c, 0x08, 0xff, 0x10, 0x0c, 0x10, 0xff, 0x10, 0x08, 0x10, 0xff,
    0x08, 0x0c, 0x08, 0xff, 0x08, 0x0c, 0x08, 0xff, 0x08, 0x08, 0x08, 0xff,
    0x08, 0x08, 0x08, 0xff, 0x10, 0x08, 0x10, 0xff, 0x08, 0x0c, 0x08, 0xff,
    0x08, 0x08, 0x08, 0xff, 0x10, 0x0c, 0x10, 0xff, 0x10, 0x0c, 0x10, 0xff,
    0x08, 0x08, 0x08, 0xff, 0x08, 0x0c, 0x08, 0xff, 0x10, 0x08, 0x10, 0xff,
    0x08, 0x08, 0x08, 0xff, 0x08, 0x0c, 0x08, 0xff, 0x10, 0x0c, 0x10, 0xff,
    0x08, 0x08, 0x08, 0xff, 0x08, 0x0c, 0x08, 0xff, 0x10, 0x08, 0x10, 0xff,
    0x08, 0x08, 0x08, 0xff, 0x08, 0x0c, 0x08, 0xff, 0x08, 0x08, 0x08, 0xff,
    0x08, 0x08, 0x08, 0xff, 0x08, 0x0c, 0x08, 0xff, 0x08, 0x0c, 0x08, 0xff,
    0x08, 0x08, 0x08, 0xff, 0x08, 0x0c, 0x08, 0xff, 0x10, 0x08, 0x10, 0xff,
    0x08, 0x08, 0x08, 0xff, 0x08, 0x0c, 0x08, 0xff, 0x10, 0x0c, 0x10, 0xff,
    0x08, 0x08, 0x08, 0xff, 0x08, 0x0c, 0x08, 0xff, 0x10, 0x0c, 0x10, 0xff,
    0x08, 0x08, 0x08, 0xff, 0x08, 0x0c, 0x08, 0xff, 0x10, 0x08, 0x10, 0xff,
    0x08, 0x08, 0x08, 0xff, 0x08, 0x0c, 0x08, 0xff, 0x08, 0x08, 0x08, 0xff,
    0x08, 0x0c, 0x08, 0xff, 0x08, 0x08, 0x08, 0xff, 0x08, 0x0c, 0x08, 0xff,
    0x08, 0x0c, 0x08, 0xff, 0x08, 0x08, 0x08, 0xff, 0x08, 0x0c, 0x08, 0xff,
    0x10, 0x0c, 0x10, 0xff, 0x08, 0x08, 0x08, 0xff, 0x08, 0x08, 0x08, 0xff,
    0x08, 0x0c, 0x08, 0xff, 0x38, 0x34, 0x38, 0xff, 0x38, 0x30, 0x38, 0xff,
    0x30, 0x34, 0x30, 0xff, 0x30, 0x34, 0x30, 0xff, 0x00, 0x00, 0x00, 0x00,
    0x00, 0x00, 0x00, 0x00, 0x00, 0x00, 0x00, 0x00, 0x00, 0x00, 0x00, 0x00,
    0x00, 0x00, 0x00, 0x00, 0x00, 0x00, 0x00, 0x00, 0x00, 0x00, 0x00, 0x00,
    0x00, 0x00, 0x00, 0x00, 0x00, 0x00, 0x00, 0x00, 0x00, 0x00, 0x00, 0x00,
    0x00, 0x00, 0x00, 0x00, 0x00, 0x00, 0x00, 0x00, 0x00, 0x00, 0x00, 0x00,
    0x00, 0x00, 0x00, 0x00, 0x00, 0x00, 0x00, 0x00, 0x00, 0x00, 0x00, 0x00,
    0x38, 0x34, 0x38, 0xff, 0x30, 0x30, 0x30, 0xff, 0x30, 0x34, 0x30, 0xff,
    0x38, 0x34, 0x38, 0xff, 0x08, 0x08, 0x08, 0xff, 0x08, 0x0c, 0x08, 0xff,
    0x08, 0x0c, 0x08, 0xff, 0x08, 0x08, 0x08, 0xff, 0x08, 0x08, 0x08, 0xff,
    0x08, 0x0c, 0x08, 0xff, 0x08, 0x08, 0x08, 0xff, 0x10, 0x08, 0x10, 0xff,
    0x08, 0x0c, 0x08, 0xff, 0x10, 0x0c, 0x10, 0xff, 0x08, 0x08, 0x08, 0xff,
    0x08, 0x0c, 0x08, 0xff, 0x10, 0x08, 0x10, 0xff, 0x08, 0x0c, 0x08, 0xff,
    0x08, 0x08, 0x08, 0xff, 0x08, 0x0c, 0x08, 0xff, 0x08, 0x0c, 0x08, 0xff,
    0x10, 0x08, 0x10, 0xff, 0x08, 0x0c, 0x08, 0xff, 0x08, 0x08, 0x08, 0xff,
    0x08, 0x08, 0x08, 0xff, 0x10, 0x0c, 0x10, 0xff, 0x08, 0x0c, 0x08, 0xff,
    0x08, 0x08, 0x08, 0xff, 0x08, 0x0c, 0x08, 0xff, 0x08, 0x08, 0x08, 0xff,
    0x10, 0x0c, 0x10, 0xff, 0x08, 0x0c, 0x08, 0xff, 0x10, 0x08, 0x10, 0xff,
    0x08, 0x08, 0x08, 0xff, 0x10, 0x0c, 0x10, 0xff, 0x08, 0x08, 0x08, 0xff,
    0x08, 0x0c, 0x08, 0xff, 0x10, 0x0c, 0x10, 0xff, 0x08, 0x08, 0x08, 0xff,
    0x08, 0x0c, 0x08, 0xff, 0x08, 0x08, 0x08, 0xff, 0x08, 0x08, 0x08, 0xff,
    0x08, 0x0c, 0x08, 0xff, 0x10, 0x08, 0x10, 0xff, 0x08, 0x0c, 0x08, 0xff,
    0x08, 0x0c, 0x08, 0xff, 0x08, 0x08, 0x08, 0xff, 0x08, 0x0c, 0x08, 0xff,
    0x10, 0x08, 0x10, 0xff, 0x08, 0x0c, 0x08, 0xff, 0x10, 0x08, 0x10, 0xff,
    0x10, 0x08, 0x10, 0xff, 0x08, 0x0c, 0x08, 0xff, 0x10, 0x08, 0x10, 0xff,
    0x08, 0x08, 0x08, 0xff, 0x08, 0x0c, 0x08, 0xff, 0x08, 0x0c, 0x08, 0xff,
    0x10, 0x08, 0x10, 0xff, 0x08, 0x08, 0x08, 0xff, 0x08, 0x0c, 0x08, 0xff,
    0x38, 0x34, 0x38, 0xff, 0x30, 0x30, 0x30, 0xff, 0x30, 0x34, 0x30, 0xff,
    0x38, 0x34, 0x38, 0xff, 0x00, 0x00, 0x00, 0x00, 0x00, 0x00, 0x00, 0x00,
    0x00, 0x00, 0x00, 0x00, 0x00, 0x00, 0x00, 0x00, 0x00, 0x00, 0x00, 0x00,
    0x00, 0x00, 0x00, 0x00, 0x00, 0x00, 0x00, 0x00, 0x00, 0x00, 0x00, 0x00,
    0x00, 0x00, 0x00, 0x00, 0x00, 0x00, 0x00, 0x00, 0x00, 0x00, 0x00, 0x00,
    0x00, 0x00, 0x00, 0x00, 0x00, 0x00, 0x00, 0x00, 0x00, 0x00, 0x00, 0x00,
    0x00, 0x00, 0x00, 0x00, 0x00, 0x00, 0x00, 0x00, 0x30, 0x34, 0x30, 0xff,
    0x38, 0x34, 0x38, 0xff, 0x30, 0x34, 0x30, 0xff, 0x30, 0x30, 0x30, 0xff,
    0x08, 0x08, 0x08, 0xff, 0x10, 0x0c, 0x10, 0xff, 0x08, 0x08, 0x08, 0xff,
    0x10, 0x0c, 0x10, 0xff, 0x08, 0x08, 0x08, 0xff, 0x08, 0x0c, 0x08, 0xff,
    0x08, 0x0c, 0x08, 0xff, 0x08, 0x08, 0x08, 0xff, 0x08, 0x08, 0x08, 0xff,
    0x08, 0x0c, 0x08, 0xff, 0x08, 0x0c, 0x08, 0xff, 0x08, 0x08, 0x08, 0xff,
    0x08, 0x0c, 0x08, 0xff, 0x08, 0x08, 0x08, 0xff, 0x08, 0x08, 0x08, 0xff,
    0x08, 0x08, 0x08, 0xff, 0x10, 0x0c, 0x10, 0xff, 0x08, 0x08, 0x08, 0xff,
    0x08, 0x0c, 0x08, 0xff, 0x08, 0x0c, 0x08, 0xff, 0x08, 0x08, 0x08, 0xff,
    0x08, 0x08, 0x08, 0xff, 0x10, 0x0c, 0x10, 0xff, 0x08, 0x08, 0x08, 0xff,
    0x08, 0x0c, 0x08, 0xff, 0x10, 0x08, 0x10, 0xff, 0x08, 0x08, 0x08, 0xff,
    0x08, 0x0c, 0x08, 0xff, 0x08, 0x0c, 0x08, 0xff, 0x10, 0x08, 0x10, 0xff,
    0x08, 0x0c, 0x08, 0xff, 0x08, 0x08, 0x08, 0xff, 0x08, 0x08, 0x08, 0xff,
    0x08, 0x0c, 0x08, 0xff, 0x10, 0x08, 0x10, 0xff, 0x08, 0x0c, 0x08, 0xff,
    0x10, 0x08, 0x10, 0xff, 0x08, 0x0c, 0x08, 0xff, 0x08, 0x08, 0x08, 0xff,
    0x08, 0x08, 0x08, 0xff, 0x08, 0x0c, 0x08, 0xff, 0x10, 0x08, 0x10, 0xff,
    0x08, 0x0c, 0x08, 0xff, 0x08, 0x08, 0x08, 0xff, 0x08, 0x0c, 0x08, 0xff,
    0x08, 0x0c, 0x08, 0xff, 0x08, 0x08, 0x08, 0xff, 0x08, 0x0c, 0x08, 0xff,
    0x08, 0x0c, 0x08, 0xff, 0x08, 0x08, 0x08, 0xff, 0x10, 0x0c, 0x10, 0xff,
    0x08, 0x08, 0x08, 0xff, 0x08, 0x08, 0x08, 0xff, 0x08, 0x0c, 0x08, 0xff,
    0x08, 0x0c, 0x08, 0xff, 0x08, 0x08, 0x08, 0xff, 0x38, 0x34, 0x38, 0xff,
    0x30, 0x34, 0x30, 0xff, 0x30, 0x34, 0x30, 0xff, 0x38, 0x30, 0x38, 0xff,
    0x00, 0x00, 0x00, 0x00, 0x00, 0x00, 0x00, 0x00, 0x00, 0x00, 0x00, 0x00,
    0x00, 0x00, 0x00, 0x00, 0x00, 0x00, 0x00, 0x00, 0x00, 0x00, 0x00, 0x00,
    0x00, 0x00, 0x00, 0x00, 0x00, 0x00, 0x00, 0x00, 0x00, 0x00, 0x00, 0x00,
    0x00, 0x00, 0x00, 0x00, 0x00, 0x00, 0x00, 0x00, 0x00, 0x00, 0x00, 0x00,
    0x00, 0x00, 0x00, 0x00, 0x00, 0x00, 0x00, 0x00, 0x00, 0x00, 0x00, 0x00,
    0x00, 0x00, 0x00, 0x00, 0x30, 0x34, 0x30, 0xff, 0x38, 0x34, 0x38, 0xff,
    0x38, 0x34, 0x38, 0xff, 0x30, 0x34, 0x30, 0xff, 0x08, 0x08, 0x08, 0xff,
    0x08, 0x08, 0x08, 0xff, 0x08, 0x0c, 0x08, 0xff, 0x10, 0x08, 0x10, 0xff,
    0x08, 0x0c, 0x08, 0xff, 0x10, 0x08, 0x10, 0xff, 0x10, 0x0c, 0x10, 0xff,
    0x08, 0x0c, 0x08, 0xff, 0x08, 0x08, 0x08, 0xff, 0x10, 0x08, 0x10, 0xff,
    0x08, 0x0c, 0x08, 0xff, 0x10, 0x08, 0x10, 0xff, 0x08, 0x0c, 0x08, 0xff,
    0x10, 0x0c, 0x10, 0xff, 0x08, 0x08, 0x08, 0xff, 0x08, 0x0c, 0x08, 0xff,
    0x10, 0x08, 0x10, 0xff, 0x08, 0x08, 0x08, 0xff, 0x08, 0x0c, 0x08, 0xff,
    0x10, 0x0c, 0x10, 0xff, 0x08, 0x08, 0x08, 0xff, 0x08, 0x0c, 0x08, 0xff,
    0x08, 0x08, 0x08, 0xff, 0x10, 0x0c, 0x10, 0xff, 0x08, 0x08, 0x08, 0xff,
    0x08, 0x0c, 0x08, 0xff, 0x08, 0x08, 0x08, 0xff, 0x08, 0x08, 0x08, 0xff,
    0x08, 0x0c, 0x08, 0xff, 0x08, 0x0c, 0x08, 0xff, 0x08, 0x08, 0x08, 0xff,
    0x10, 0x0c, 0x10, 0xff, 0x08, 0x0c, 0x08, 0xff, 0x08, 0x08, 0x08, 0xff,
    0x08, 0x0c, 0x08, 0xff, 0x08, 0x08, 0x08, 0xff, 0x08, 0x0c, 0x08, 0xff,
    0x10, 0x0c, 0x10, 0xff, 0x08, 0x08, 0x08, 0xff, 0x08, 0x0c, 0x08, 0xff,
    0x10, 0x08, 0x10, 0xff, 0x08, 0x08, 0x08, 0xff, 0x08, 0x0c, 0x08, 0xff,
    0x10, 0x08, 0x10, 0xff, 0x08, 0x08, 0x08, 0xff, 0x08, 0x0c, 0x08, 0xff,
    0x10, 0x08, 0x10, 0xff, 0x08, 0x08, 0x08, 0xff, 0x08, 0x0c, 0x08, 0xff,
    0x08, 0x08, 0x08, 0xff, 0x08, 0x0c, 0x08, 0xff, 0x10, 0x0c, 0x10, 0xff,
    0x08, 0x08, 0x08, 0xff, 0x08, 0x0c, 0x08, 0xff, 0x10, 0x08, 0x10, 0xff,
    0x08, 0x08, 0x08, 0xff, 0x30, 0x34, 0x30, 0xff, 0x38, 0x34, 0x38, 0xff,
    0x30, 0x34, 0x30, 0xff, 0x30, 0x30, 0x30, 0xff, 0x00, 0x00, 0x00, 0x00,
    0x00, 0x00, 0x00, 0x00, 0x00, 0x00, 0x00, 0x00, 0x00, 0x00, 0x00, 0x00,
    0x00, 0x00, 0x00, 0x00, 0x00, 0x00, 0x00, 0x00, 0x00, 0x00, 0x00, 0x00,
    0x00, 0x00, 0x00, 0x00, 0x00, 0x00, 0x00, 0x00, 0x00, 0x00, 0x00, 0x00,
    0x00, 0x00, 0x00, 0x00, 0x00, 0x00, 0x00, 0x00, 0x00, 0x00, 0x00, 0x00,
    0x00, 0x00, 0x00, 0x00, 0x00, 0x00, 0x00, 0x00, 0x00, 0x00, 0x00, 0x00,
    0x30, 0x30, 0x30, 0xff, 0x30, 0x30, 0x30, 0xff, 0x38, 0x34, 0x38, 0xff,
    0x30, 0x34, 0x30, 0xff, 0x08, 0x08, 0x08, 0xff, 0x10, 0x0c, 0x10, 0xff,
    0x08, 0x0c, 0x08, 0xff, 0x08, 0x08, 0x08, 0xff, 0x08, 0x08, 0x08, 0xff,
    0x08, 0x0c, 0x08, 0xff, 0x08, 0x08, 0x08, 0xff, 0x08, 0x08, 0x08, 0xff,
    0x10, 0x0c, 0x10, 0xff, 0x08, 0x0c, 0x08, 0xff, 0x08, 0x08, 0x08, 0xff,
    0x08, 0x08, 0x08, 0xff, 0x10, 0x0c, 0x10, 0xff, 0x08, 0x0c, 0x08, 0xff,
    0x08, 0x08, 0x08, 0xff, 0x08, 0x0c, 0x08, 0xff, 0x08, 0x0c, 0x08, 0xff,
    0x08, 0x08, 0x08, 0xff, 0x08, 0x08, 0x08, 0xff, 0x10, 0x0c, 0x10, 0xff,
    0x08, 0x08, 0x08, 0xff, 0x08, 0x0c, 0x08, 0xff, 0x10, 0x0c, 0x10, 0xff,
    0x08, 0x08, 0x08, 0xff, 0x08, 0x0c, 0x08, 0xff, 0x10, 0x0c, 0x10, 0xff,
    0x08, 0x0c, 0x08, 0xff, 0x10, 0x08, 0x10, 0xff, 0x10, 0x08, 0x10, 0xff,
    0x08, 0x0c, 0x08, 0xff, 0x08, 0x08, 0x08, 0xff, 0x10, 0x08, 0x10, 0xff,
    0x08, 0x0c, 0x08, 0xff, 0x08, 0x08, 0x08, 0xff, 0x10, 0x0c, 0x10, 0xff,
    0x08, 0x08, 0x08, 0xff, 0x08, 0x08, 0x08, 0xff, 0x10, 0x0c, 0x10, 0xff,
    0x08, 0x0c, 0x08, 0xff, 0x08, 0x08, 0x08, 0xff, 0x08, 0x0c, 0x08, 0xff,
    0x08, 0x0c, 0x08, 0xff, 0x08, 0x08, 0x08, 0xff, 0x10, 0x0c, 0x10, 0xff,
    0x08, 0x0c, 0x08, 0xff, 0x08, 0x08, 0x08, 0xff, 0x10, 0x0c, 0x10, 0xff,
    0x08, 0x0c, 0x08, 0xff, 0x10, 0x08, 0x10, 0xff, 0x08, 0x08, 0x08, 0xff,
    0x08, 0x0c, 0x08, 0xff, 0x10, 0x08, 0x10, 0xff, 0x08, 0x0c, 0x08, 0xff,
    0x08, 0x08, 0x08, 0xff, 0x10, 0x0c, 0x10, 0xff, 0x08, 0x08, 0x08, 0xff,
    0x30, 0x34, 0x30, 0xff, 0x38, 0x34, 0x38, 0xff, 0x38, 0x34, 0x38, 0xff,
    0x30, 0x34, 0x30, 0xff, 0x00, 0x00, 0x00, 0x00, 0x00, 0x00, 0x00, 0x00,
    0x00, 0x00, 0x00, 0x00, 0x00, 0x00, 0x00, 0x00, 0x00, 0x00, 0x00, 0x00,
    0x00, 0x00, 0x00, 0x00, 0x00, 0x00, 0x00, 0x00, 0x00, 0x00, 0x00, 0x00,
    0x00, 0x00, 0x00, 0x00, 0x00, 0x00, 0x00, 0x00, 0x00, 0x00, 0x00, 0x00,
    0x00, 0x00, 0x00, 0x00, 0x00, 0x00, 0x00, 0x00, 0x00, 0x00, 0x00, 0x00,
    0x00, 0x00, 0x00, 0x00, 0x00, 0x00, 0x00, 0x00, 0x30, 0x34, 0x30, 0xff,
    0x38, 0x34, 0x38, 0xff, 0x30, 0x34, 0x30, 0xff, 0x30, 0x34, 0x30, 0xff,
    0x10, 0x08, 0x10, 0xff, 0x08, 0x0c, 0x08, 0xff, 0x08, 0x08, 0x08, 0xff,
    0x08, 0x0c, 0x08, 0xff, 0x10, 0x0c, 0x10, 0xff, 0x08, 0x08, 0x08, 0xff,
    0x08, 0x0c, 0x08, 0xff, 0x08, 0x08, 0x08, 0xff, 0x08, 0x0c, 0x08, 0xff,
    0x08, 0x0c, 0x08, 0xff, 0x08, 0x08, 0x08, 0xff, 0x08, 0x0c, 0x08, 0xff,
    0x08, 0x08, 0x08, 0xff, 0x08, 0x08, 0x08, 0xff, 0x10, 0x0c, 0x10, 0xff,
    0x10, 0x08, 0x10, 0xff, 0x08, 0x0c, 0x08, 0xff, 0x08, 0x0c, 0x08, 0xff,
    0x10, 0x08, 0x10, 0xff, 0x08, 0x08, 0x08, 0xff, 0x08, 0x0c, 0x08, 0xff,
    0x08, 0x08, 0x08, 0xff, 0x08, 0x08, 0x08, 0xff, 0x08, 0x08, 0x08, 0xff,
    0x08, 0x08, 0x08, 0xff, 0x08, 0x0c, 0x08, 0xff, 0x08, 0x08, 0x08, 0xff,
    0x08, 0x0c, 0x08, 0xff, 0x08, 0x0c, 0x08, 0xff, 0x08, 0x08, 0x08, 0xff,
    0x08, 0x0c, 0x08, 0xff, 0x08, 0x08, 0x08, 0xff, 0x08, 0x0c, 0x08, 0xff,
    0x10, 0x08, 0x10, 0xff, 0x08, 0x0c, 0x08, 0xff, 0x08, 0x0c, 0x08, 0xff,
    0x08, 0x08, 0x08, 0xff, 0x08, 0x08, 0x08, 0xff, 0x10, 0x0c, 0x10, 0xff,
    0x08, 0x08, 0x08, 0xff, 0x08, 0x0c, 0x08, 0xff, 0x10, 0x08, 0x10, 0xff,
    0x08, 0x08, 0x08, 0xff, 0x08, 0x0c, 0x08, 0xff, 0x08, 0x08, 0x08, 0xff,
    0x08, 0x08, 0x08, 0xff, 0x08, 0x0c, 0x08, 0xff, 0x08, 0x0c, 0x08, 0xff,
    0x08, 0x08, 0x08, 0xff, 0x10, 0x0c, 0x10, 0xff, 0x08, 0x08, 0x08, 0xff,
    0x08, 0x08, 0x08, 0xff, 0x08, 0x0c, 0x08, 0xff, 0x08, 0x0c, 0x08, 0xff,
    0x08, 0x08, 0x08, 0xff, 0x08, 0x0c, 0x08, 0xff, 0x38, 0x34, 0x38, 0xff,
    0x30, 0x30, 0x30, 0xff, 0x30, 0x34, 0x30, 0xff, 0x38, 0x34, 0x38, 0xff,
    0x00, 0x00, 0x00, 0x00, 0x00, 0x00, 0x00, 0x00, 0x00, 0x00, 0x00, 0x00,
    0x00, 0x00, 0x00, 0x00, 0x00, 0x00, 0x00, 0x00, 0x00, 0x00, 0x00, 0x00,
    0x00, 0x00, 0x00, 0x00, 0x00, 0x00, 0x00, 0x00, 0x00, 0x00, 0x00, 0x00,
    0x00, 0x00, 0x00, 0x00, 0x00, 0x00, 0x00, 0x00, 0x00, 0x00, 0x00, 0x00,
    0x00, 0x00, 0x00, 0x00, 0x00, 0x00, 0x00, 0x00, 0x00, 0x00, 0x00, 0x00,
    0x00, 0x00, 0x00, 0x00, 0x38, 0x34, 0x38, 0xff, 0x30, 0x34, 0x30, 0xff,
    0x30, 0x34, 0x30, 0xff, 0x38, 0x30, 0x38, 0xff, 0x08, 0x08, 0x08, 0xff,
    0x08, 0x0c, 0x08, 0xff, 0x08, 0x08, 0x08, 0xff, 0x10, 0x08, 0x10, 0xff,
    0x08, 0x0c, 0x08, 0xff, 0x08, 0x08, 0x08, 0xff, 0x10, 0x0c, 0x10, 0xff,
    0x10, 0x08, 0x10, 0xff, 0x08, 0x08, 0x08, 0xff, 0x10, 0x0c, 0x10, 0xff,
    0x10, 0x08, 0x10, 0xff, 0x08, 0x0c, 0x08, 0xff, 0x08, 0x0c, 0x08, 0xff,
    0x08, 0x08, 0x08, 0xff, 0x08, 0x0c, 0x08, 0xff, 0x08, 0x08, 0x08, 0xff,
    0x08, 0x08, 0x08, 0xff, 0x10, 0x0c, 0x10, 0xff, 0x08, 0x0c, 0x08, 0xff,
    0x08, 0x08, 0x08, 0xff, 0x10, 0x0c, 0x10, 0xff, 0x08, 0x0c, 0x08, 0xff,
    0x10, 0x08, 0x10, 0xff, 0x08, 0x0c, 0x08, 0xff, 0x10, 0x0c, 0x10, 0xff,
    0x08, 0x08, 0x08, 0xff, 0x08, 0x08, 0x08, 0xff, 0x10, 0x0c, 0x10, 0xff,
    0x08, 0x08, 0x08, 0xff, 0x08, 0x08, 0x08, 0xff, 0x10, 0x0c, 0x10, 0xff,
    0x08, 0x0c, 0x08, 0xff, 0x08, 0x08, 0x08, 0xff, 0x08, 0x08, 0x08, 0xff,
    0x10, 0x0c, 0x10, 0xff, 0x08, 0x0c, 0x08, 0xff, 0x08, 0x08, 0x08, 0xff,
    0x08, 0x0c, 0x08, 0xff, 0x10, 0x08, 0x10, 0xff, 0x08, 0x0c, 0x08, 0xff,
    0x08, 0x08, 0x08, 0xff, 0x10, 0x0c, 0x10, 0xff, 0x08, 0x0c, 0x08, 0xff,
    0x08, 0x08, 0x08, 0xff, 0x10, 0x0c, 0x10, 0xff, 0x08, 0x08, 0x08, 0xff,
    0x10, 0x08, 0x10, 0xff, 0x08, 0x0c, 0x08, 0xff, 0x08, 0x08, 0x08, 0xff,
    0x08, 0x0c, 0x08, 0xff, 0x08, 0x0c, 0x08, 0xff, 0x10, 0x08, 0x10, 0xff,
    0x08, 0x08, 0x08, 0xff, 0x10, 0x0c, 0x10, 0xff, 0x08, 0x08, 0x08, 0xff,
    0x08, 0x08, 0x08, 0xff, 0x38, 0x34, 0x38, 0xff, 0x30, 0x34, 0x30, 0xff,
    0x30, 0x30, 0x30, 0xff, 0x30, 0x34, 0x30, 0xff, 0x00, 0x00, 0x00, 0x00,
    0x00, 0x00, 0x00, 0x00, 0x00, 0x00, 0x00, 0x00, 0x00, 0x00, 0x00, 0x00,
    0x00, 0x00, 0x00, 0x00, 0x00, 0x00, 0x00, 0x00, 0x00, 0x00, 0x00, 0x00,
    0x00, 0x00, 0x00, 0x00, 0x00, 0x00, 0x00, 0x00, 0x00, 0x00, 0x00, 0x00,
    0x00, 0x00, 0x00, 0x00, 0x00, 0x00, 0x00, 0x00, 0x00, 0x00, 0x00, 0x00,
    0x00, 0x00, 0x00, 0x00, 0x00, 0x00, 0x00, 0x00, 0x00, 0x00, 0x00, 0x00,
    0x30, 0x30, 0x30, 0xff, 0x30, 0x34, 0x30, 0xff, 0x38, 0x34, 0x38, 0xff,
    0x30, 0x34, 0x30, 0xff, 0x08, 0x08, 0x08, 0xff, 0x10, 0x0c, 0x10, 0xff,
    0x08, 0x0c, 0x08, 0xff, 0x08, 0x08, 0x08, 0xff, 0x08, 0x08, 0x08, 0xff,
    0x08, 0x0c, 0x08, 0xff, 0x08, 0x0c, 0x08, 0xff, 0x08, 0x08, 0x08, 0xff,
    0x08, 0x0c, 0x08, 0xff, 0x08, 0x08, 0x08, 0xff, 0x08, 0x08, 0x08, 0xff,
    0x10, 0x0c, 0x10, 0xff, 0x10, 0x08, 0x10, 0xff, 0x08, 0x0c, 0x08, 0xff,
    0x08, 0x08, 0x08, 0xff, 0x08, 0x0c, 0x08, 0xff, 0x10, 0x08, 0x10, 0xff,
    0x08, 0x08, 0x08, 0xff, 0x08, 0x0c, 0x08, 0xff, 0x08, 0x08, 0x08, 0xff,
    0x08, 0x08, 0x08, 0xff, 0x10, 0x0c, 0x10, 0xff, 0x08, 0x0c, 0x08, 0xff,
    0x08, 0x08, 0x08, 0xff, 0x08, 0x0c, 0x08, 0xff, 0x10, 0x08, 0x10, 0xff,
    0x08, 0x0c, 0x08, 0xff, 0x08, 0x0c, 0x08, 0xff, 0x10, 0x08, 0x10, 0xff,
    0x08, 0x0c, 0x08, 0xff, 0x08, 0x08, 0x08, 0xff, 0x10, 0x0c, 0x10, 0xff,
    0x08, 0x08, 0x08, 0xff, 0x08, 0x0c, 0x08, 0xff, 0x08, 0x08, 0x08, 0xff,
    0x10, 0x08, 0x10, 0xff, 0x08, 0x0c, 0x08, 0xff, 0x08, 0x08, 0x08, 0xff,
    0x08, 0x0c, 0x08, 0xff, 0x08, 0x08, 0x08, 0xff, 0x08, 0x08, 0x08, 0xff,
    0x08, 0x0c, 0x08, 0xff, 0x08, 0x08, 0x08, 0xff, 0x10, 0x0c, 0x10, 0xff,
    0x08, 0x0c, 0x08, 0xff, 0x08, 0x08, 0x08, 0xff, 0x08, 0x0c, 0x08, 0xff,
    0x10, 0x08, 0x10, 0xff, 0x08, 0x08, 0x08, 0xff, 0x08, 0x0c, 0x08, 0xff,
    0x10, 0x0c, 0x10, 0xff, 0x08, 0x08, 0x08, 0xff, 0x08, 0x0c, 0x08, 0xff,
    0x08, 0x0c, 0x08, 0xff, 0x10, 0x08, 0x10, 0xff, 0x08, 0x08, 0x08, 0xff,
    0x30, 0x34, 0x30, 0xff, 0x38, 0x34, 0x38, 0xff, 0x38, 0x34, 0x38, 0xff,
    0x30, 0x30, 0x30, 0xff, 0x00, 0x00, 0x00, 0x00, 0x00, 0x00, 0x00, 0x00,
    0x00, 0x00, 0x00, 0x00, 0x00, 0x00, 0x00, 0x00, 0x00, 0x00, 0x00, 0x00,
    0x00, 0x00, 0x00, 0x00, 0x00, 0x00, 0x00, 0x00, 0x00, 0x00, 0x00, 0x00,
    0x00, 0x00, 0x00, 0x00, 0x00, 0x00, 0x00, 0x00, 0x00, 0x00, 0x00, 0x00,
    0x00, 0x00, 0x00, 0x00, 0x00, 0x00, 0x00, 0x00, 0x00, 0x00, 0x00, 0x00,
    0x00, 0x00, 0x00, 0x00, 0x00, 0x00, 0x00, 0x00, 0x30, 0x34, 0x30, 0xff,
    0x38, 0x30, 0x38, 0xff, 0x38, 0x34, 0x38, 0xff, 0x30, 0x34, 0x30, 0xff,
    0x08, 0x08, 0x08, 0xff, 0x08, 0x08, 0x08, 0xff, 0x10, 0x0c, 0x10, 0xff,
    0x08, 0x0c, 0x08, 0xff, 0x08, 0x08, 0x08, 0xff, 0x10, 0x0c, 0x10, 0xff,
    0x08, 0x08, 0x08, 0xff, 0x08, 0x0c, 0x08, 0xff, 0x10, 0x0c, 0x10, 0xff,
    0x08, 0x08, 0x08, 0xff, 0x08, 0x0c, 0x08, 0xff, 0x08, 0x08, 0x08, 0xff,
    0x08, 0x08, 0x08, 0xff, 0x10, 0x0c, 0x10, 0xff, 0x08, 0x0c, 0x08, 0xff,
    0x08, 0x08, 0x08, 0xff, 0x10, 0x0c, 0x10, 0xff, 0x08, 0x0c, 0x08, 0xff,
    0x08, 0x08, 0x08, 0xff, 0x10, 0x0c, 0x10, 0xff, 0x08, 0x08, 0x08, 0xff,
    0x08, 0x08, 0x08, 0xff, 0x08, 0x0c, 0x08, 0xff, 0x08, 0x08, 0x08, 0xff,
    0x08, 0x08, 0x08, 0xff, 0x08, 0x0c, 0x08, 0xff, 0x08, 0x08, 0x08, 0xff,
    0x08, 0x08, 0x08, 0xff, 0x08, 0x0c, 0x08, 0xff, 0x08, 0x08, 0x08, 0xff,
    0x08, 0x0c, 0x08, 0xff, 0x10, 0x08, 0x10, 0xff, 0x08, 0x0c, 0x08, 0xff,
    0x08, 0x0c, 0x08, 0xff, 0x10, 0x08, 0x10, 0xff, 0x08, 0x0c, 0x08, 0xff,
    0x08, 0x08, 0x08, 0xff, 0x10, 0x0c, 0x10, 0xff, 0x08, 0x0c, 0x08, 0xff,
    0x10, 0x08, 0x10, 0xff, 0x10, 0x0c, 0x10, 0xff, 0x08, 0x08, 0x08, 0xff,
    0x08, 0x08, 0x08, 0xff, 0x08, 0x0c, 0x08, 0xff, 0x08, 0x08, 0x08, 0xff,
    0x08, 0x0c, 0x08, 0xff, 0x08, 0x0c, 0x08, 0xff, 0x10, 0x08, 0x10, 0xff,
    0x08, 0x0c, 0x08, 0xff, 0x08, 0x08, 0x08, 0xff, 0x08, 0x08, 0x08, 0xff,
    0x08, 0x0c, 0x08, 0xff, 0x08, 0x08, 0x08, 0xff, 0x08, 0x0c, 0x08, 0xff,
    0x08, 0x0c, 0x08, 0xff, 0x08, 0x08, 0x08, 0xff, 0x38, 0x34, 0x38, 0xff,
    0x30, 0x34, 0x30, 0xff, 0x30, 0x34, 0x30, 0xff, 0x38, 0x34, 0x38, 0xff,
    0x00, 0x00, 0x00, 0x00, 0x00, 0x00, 0x00, 0x00, 0x00, 0x00, 0x00, 0x00,
    0x00, 0x00, 0x00, 0x00, 0x00, 0x00, 0x00, 0x00, 0x00, 0x00, 0x00, 0x00,
    0x00, 0x00, 0x00, 0x00, 0x00, 0x00, 0x00, 0x00, 0x00, 0x00, 0x00, 0x00,
    0x00, 0x00, 0x00, 0x00, 0x00, 0x00, 0x00, 0x00, 0x00, 0x00, 0x00, 0x00,
    0x00, 0x00, 0x00, 0x00, 0x00, 0x00, 0x00, 0x00, 0x00, 0x00, 0x00, 0x00,
    0x00, 0x00, 0x00, 0x00, 0x30, 0x34, 0x30, 0xff, 0x30, 0x34, 0x30, 0xff,
    0x38, 0x34, 0x38, 0xff, 0x30, 0x34, 0x30, 0xff, 0x08, 0x08, 0x08, 0xff,
    0x08, 0x0c, 0x08, 0xff, 0x08, 0x08, 0x08, 0xff, 0x10, 0x08, 0x10, 0xff,
    0x08, 0x0c, 0x08, 0xff, 0x08, 0x08, 0x08, 0xff, 0x10, 0x08, 0x10, 0xff,
    0x08, 0x0c, 0x08, 0xff, 0x08, 0x08, 0x08, 0xff, 0x10, 0x0c, 0x10, 0xff,
    0x08, 0x0c, 0x08, 0xff, 0x08, 0x08, 0x08, 0xff, 0x08, 0x0c, 0x08, 0xff,
    0x08, 0x08, 0x08, 0xff, 0x10, 0x08, 0x10, 0xff, 0x08, 0x0c, 0x08, 0xff,
    0x08, 0x08, 0x08, 0xff, 0x08, 0x0c, 0x08, 0xff, 0x08, 0x08, 0x08, 0xff,
    0x08, 0x0c, 0x08, 0xff, 0x10, 0x0c, 0x10, 0xff, 0x08, 0x08, 0x08, 0xff,
    0x08, 0x0c, 0x08, 0xff, 0x10, 0x0c, 0x10, 0xff, 0x10, 0x08, 0x10, 0xff,
    0x08, 0x0c, 0x08, 0xff, 0x10, 0x0c, 0x10, 0xff, 0x08, 0x08, 0x08, 0xff,
    0x10, 0x0c, 0x10, 0xff, 0x08, 0x0c, 0x08, 0xff, 0x08, 0x08, 0x08, 0xff,
    0x08, 0x08, 0x08, 0xff, 0x08, 0x0c, 0x08, 0xff, 0x10, 0x08, 0x10, 0xff,
    0x08, 0x0c, 0x08, 0xff, 0x08, 0x08, 0x08, 0xff, 0x08, 0x08, 0x08, 0xff,
    0x08, 0x0c, 0x08, 0xff, 0x08, 0x08, 0x08, 0xff, 0x08, 0x0c, 0x08, 0xff,
    0x08, 0x0c, 0x08, 0xff, 0x10, 0x08, 0x10, 0xff, 0x08, 0x0c, 0x08, 0xff,
    0x10, 0x08, 0x10, 0xff, 0x10, 0x08, 0x10, 0xff, 0x08, 0x0c, 0x08, 0xff,
    0x08, 0x08, 0x08, 0xff, 0x08, 0x0c, 0x08, 0xff, 0x10, 0x0c, 0x10, 0xff,
    0x08, 0x08, 0x08, 0xff, 0x08, 0x0c, 0x08, 0xff, 0x10, 0x08, 0x10, 0xff,
    0x10, 0x08, 0x10, 0xff, 0x08, 0x0c, 0x08, 0xff, 0x08, 0x08, 0x08, 0xff,
    0x10, 0x0c, 0x10, 0xff, 0x30, 0x34, 0x30, 0xff, 0x30, 0x30, 0x30, 0xff,
    0x30, 0x34, 0x30, 0xff, 0x38, 0x34, 0x38, 0xff, 0x00, 0x00, 0x00, 0x00,
    0x00, 0x00, 0x00, 0x00, 0x00, 0x00, 0x00, 0x00, 0x00, 0x00, 0x00, 0x00,
    0x00, 0x00, 0x00, 0x00, 0x00, 0x00, 0x00, 0x00, 0x00, 0x00, 0x00, 0x00,
    0x00, 0x00, 0x00, 0x00, 0x00, 0x00, 0x00, 0x00, 0x00, 0x00, 0x00, 0x00,
    0x00, 0x00, 0x00, 0x00, 0x00, 0x00, 0x00, 0x00, 0x00, 0x00, 0x00, 0x00,
    0x00, 0x00, 0x00, 0x00, 0x00, 0x00, 0x00, 0x00, 0x00, 0x00, 0x00, 0x00,
    0x38, 0x34, 0x38, 0xff, 0x30, 0x30, 0x30, 0xff, 0x30, 0x34, 0x30, 0xff,
    0x38, 0x34, 0x38, 0xff, 0x08, 0x08, 0x08, 0xff, 0x08, 0x0c, 0x08, 0xff,
    0x10, 0x0c, 0x10, 0xff, 0x08, 0x08, 0x08, 0xff, 0x08, 0x0c, 0x08, 0xff,
    0x08, 0x0c, 0x08, 0xff, 0x08, 0x08, 0x08, 0xff, 0x08, 0x08, 0x08, 0xff,
    0x08, 0x0c, 0x08, 0xff, 0x08, 0x08, 0x08, 0xff, 0x10, 0x08, 0x10, 0xff,
    0x08, 0x0c, 0x08, 0xff, 0x08, 0x0c, 0x08, 0xff, 0x08, 0x08, 0x08, 0xff,
    0x08, 0x0c, 0x08, 0xff, 0x10, 0x08, 0x10, 0xff, 0x08, 0x0c, 0x08, 0xff,
    0x08, 0x08, 0x08, 0xff, 0x10, 0x08, 0x10, 0xff, 0x08, 0x0c, 0x08, 0xff,
    0x08, 0x08, 0x08, 0xff, 0x08, 0x0c, 0x08, 0xff, 0x08, 0x08, 0x08, 0xff,
    0x08, 0x0c, 0x08, 0xff, 0x08, 0x08, 0x08, 0xff, 0x08, 0x08, 0x08, 0xff,
    0x08, 0x0c, 0x08, 0xff, 0x10, 0x08, 0x10, 0xff, 0x08, 0x08, 0x08, 0xff,
    0x08, 0x0c, 0x08, 0xff, 0x10, 0x08, 0x10, 0xff, 0x08, 0x0c, 0x08, 0xff,
    0x08, 0x08, 0x08, 0xff, 0x08, 0x08, 0x08, 0xff, 0x08, 0x0c, 0x08, 0xff,
    0x10, 0x0c, 0x10, 0xff, 0x08, 0x08, 0x08, 0xff, 0x10, 0x0c, 0x10, 0xff,
    0x08, 0x08, 0x08, 0xff, 0x08, 0x08, 0x08, 0xff, 0x08, 0x0c, 0x08, 0xff,
    0x08, 0x0c, 0x08, 0xff, 0x08, 0x08, 0x08, 0xff, 0x08, 0x0c, 0x08, 0xff,
    0x08, 0x0c, 0x08, 0xff, 0x10, 0x08, 0x10, 0xff, 0x08, 0x08, 0x08, 0xff,
    0x08, 0x0c, 0x08, 0xff, 0x08, 0x08, 0x08, 0xff, 0x10, 0x0c, 0x10, 0xff,
    0x08, 0x0c, 0x08, 0xff, 0x08, 0x08, 0x08, 0xff, 0x08, 0x0c, 0x08, 0xff,
    0x08, 0x08, 0x08, 0xff, 0x10, 0x08, 0x10, 0xff, 0x08, 0x0c, 0x08, 0xff,
    0x38, 0x34, 0x38, 0xff, 0x30, 0x34, 0x30, 0xff, 0x38, 0x30, 0x38, 0xff,
    0x30, 0x34, 0x30, 0xff, 0x00, 0x00, 0x00, 0x00, 0x00, 0x00, 0x00, 0x00,
    0x00, 0x00, 0x00, 0x00, 0x00, 0x00, 0x00, 0x00, 0x00, 0x00, 0x00, 0x00,
    0x00, 0x00, 0x00, 0x00, 0x00, 0x00, 0x00, 0x00, 0x00, 0x00, 0x00, 0x00,
    0x00, 0x00, 0x00, 0x00, 0x00, 0x00, 0x00, 0x00, 0x00, 0x00, 0x00, 0x00,
    0x00, 0x00, 0x00, 0x00, 0x00, 0x00, 0x00, 0x00, 0x00, 0x00, 0x00, 0x00,
    0x00, 0x00, 0x00, 0x00, 0x00, 0x00, 0x00, 0x00, 0x30, 0x34, 0x30, 0xff,
    0x38, 0x34, 0x38, 0xff, 0x30, 0x30, 0x30, 0xff, 0x38, 0x34, 0x38, 0xff,
    0x08, 0x08, 0x08, 0xff, 0x08, 0x08, 0x08, 0xff, 0x08, 0x0c, 0x08, 0xff,
    0x08, 0x08, 0x08, 0xff, 0x10, 0x08, 0x10, 0xff, 0x08, 0x0c, 0x08, 0xff,
    0x08, 0x0c, 0x08, 0xff, 0x10, 0x08, 0x10, 0xff, 0x08, 0x0c, 0x08, 0xff,
    0x08, 0x08, 0x08, 0xff, 0x08, 0x08, 0x08, 0xff, 0x10, 0x0c, 0x10, 0xff,
    0x08, 0x08, 0x08, 0xff, 0x08, 0x0c, 0x08, 0xff, 0x10, 0x08, 0x10, 0xff,
    0x08, 0x0c, 0x08, 0xff, 0x08, 0x0c, 0x08, 0xff, 0x10, 0x08, 0x10, 0xff,
    0x08, 0x0c, 0x08, 0xff, 0x08, 0x08, 0x08, 0xff, 0x10, 0x0c, 0x10, 0xff,
    0x08, 0x08, 0x08, 0xff, 0x10, 0x08, 0x10, 0xff, 0x08, 0x0c, 0x08, 0xff,
    0x08, 0x0c, 0x08, 0xff, 0x10, 0x08, 0x10, 0xff, 0x08, 0x0c, 0x08, 0xff,
    0x08, 0x0c, 0x08, 0xff, 0x08, 0x08, 0x08, 0xff, 0x08, 0x0c, 0x08, 0xff,
    0x10, 0x0c, 0x10, 0xff, 0x08, 0x08, 0x08, 0xff, 0x08, 0x0c, 0x08, 0xff,
    0x10, 0x0c, 0x10, 0xff, 0x08, 0x08, 0x08, 0xff, 0x08, 0x0c, 0x08, 0xff,
    0x08, 0x08, 0x08, 0xff, 0x10, 0x0c, 0x10, 0xff, 0x08, 0x0c, 0x08, 0xff,
    0x10, 0x08, 0x10, 0xff, 0x08, 0x08, 0x08, 0xff, 0x08, 0x0c, 0x08, 0xff,
    0x10, 0x08, 0x10, 0xff, 0x08, 0x0c, 0x08, 0xff, 0x08, 0x0c, 0x08, 0xff,
    0x08, 0x08, 0x08, 0xff, 0x10, 0x0c, 0x10, 0xff, 0x08, 0x08, 0x08, 0xff,
    0x08, 0x08, 0x08, 0xff, 0x08, 0x0c, 0x08, 0xff, 0x08, 0x08, 0x08, 0xff,
    0x08, 0x0c, 0x08, 0xff, 0x10, 0x0c, 0x10, 0xff, 0x08, 0x08, 0x08, 0xff,
    0x08, 0x0c, 0x08, 0xff, 0x08, 0x08, 0x08, 0xff, 0x30, 0x34, 0x30, 0xff,
    0x38, 0x34, 0x38, 0xff, 0x30, 0x34, 0x30, 0xff, 0x30, 0x30, 0x30, 0xff,
    0x00, 0x00, 0x00, 0x00, 0x00, 0x00, 0x00, 0x00, 0x00, 0x00, 0x00, 0x00,
    0x00, 0x00, 0x00, 0x00, 0x00, 0x00, 0x00, 0x00, 0x00, 0x00, 0x00, 0x00,
    0x00, 0x00, 0x00, 0x00, 0x00, 0x00, 0x00, 0x00, 0x00, 0x00, 0x00, 0x00,
    0x00, 0x00, 0x00, 0x00, 0x00, 0x00, 0x00, 0x00, 0x00, 0x00, 0x00, 0x00,
    0x00, 0x00, 0x00, 0x00, 0x00, 0x00, 0x00, 0x00, 0x00, 0x00, 0x00, 0x00,
    0x00, 0x00, 0x00, 0x00, 0x30, 0x34, 0x30, 0xff, 0x30, 0x34, 0x30, 0xff,
    0x38, 0x34, 0x38, 0xff, 0x30, 0x34, 0x30, 0xff, 0x08, 0x08, 0x08, 0xff,
    0x10, 0x0c, 0x10, 0xff, 0x08, 0x0c, 0x08, 0xff, 0x08, 0x08, 0x08, 0xff,
    0x10, 0x0c, 0x10, 0xff, 0x08, 0x08, 0x08, 0xff, 0x08, 0x0c, 0x08, 0xff,
    0x10, 0x0c, 0x10, 0xff, 0x08, 0x08, 0x08, 0xff, 0x08, 0x0c, 0x08, 0xff,
    0x10, 0x0c, 0x10, 0xff, 0x08, 0x08, 0x08, 0xff, 0x08, 0x0c, 0x08, 0xff,
    0x10, 0x08, 0x10, 0xff, 0x08, 0x08, 0x08, 0xff, 0x08, 0x0c, 0x08, 0xff,
    0x08, 0x08, 0x08, 0xff, 0x08, 0x0c, 0x08, 0xff, 0x08, 0x0c, 0x08, 0xff,
    0x08, 0x08, 0x08, 0xff, 0x08, 0x0c, 0x08, 0xff, 0x10, 0x0c, 0x10, 0xff,
    0x08, 0x08, 0x08, 0xff, 0x08, 0x0c, 0x08, 0xff, 0x10, 0x08, 0x10, 0xff,
    0x08, 0x08, 0x08, 0xff, 0x08, 0x0c, 0x08, 0xff, 0x08, 0x08, 0x08, 0xff,
    0x10, 0x08, 0x10, 0xff, 0x08, 0x0c, 0x08, 0xff, 0x08, 0x08, 0x08, 0xff,
    0x08, 0x08, 0x08, 0xff, 0x10, 0x0c, 0x10, 0xff, 0x08, 0x08, 0x08, 0xff,
    0x08, 0x08, 0x08, 0xff, 0x08, 0x0c, 0x08, 0xff, 0x08, 0x08, 0x08, 0xff,
    0x08, 0x08, 0x08, 0xff, 0x08, 0x0c, 0x08, 0xff, 0x08, 0x0c, 0x08, 0xff,
    0x10, 0x08, 0x10, 0xff, 0x08, 0x08, 0x08, 0xff, 0x08, 0x0c, 0x08, 0xff,
    0x10, 0x08, 0x10, 0xff, 0x08, 0x08, 0x08, 0xff, 0x08, 0x0c, 0x08, 0xff,
    0x08, 0x0c, 0x08, 0xff, 0x10, 0x08, 0x10, 0xff, 0x08, 0x0c, 0x08, 0xff,
    0x08, 0x08, 0x08, 0xff, 0x10, 0x08, 0x10, 0xff, 0x08, 0x0c, 0x08, 0xff,
    0x08, 0x08, 0x08, 0xff, 0x10, 0x0c, 0x10, 0xff, 0x08, 0x08, 0x08, 0xff,
    0x08, 0x08, 0x08, 0xff, 0x38, 0x34, 0x38, 0xff, 0x30, 0x34, 0x30, 0xff,
    0x30, 0x34, 0x30, 0xff, 0x38, 0x34, 0x38, 0xff, 0x00, 0x00, 0x00, 0x00,
    0x00, 0x00, 0x00, 0x00, 0x00, 0x00, 0x00, 0x00, 0x00, 0x00, 0x00, 0x00,
    0x00, 0x00, 0x00, 0x00, 0x00, 0x00, 0x00, 0x00, 0x00, 0x00, 0x00, 0x00,
    0x00, 0x00, 0x00, 0x00, 0x00, 0x00, 0x00, 0x00, 0x00, 0x00, 0x00, 0x00,
    0x00, 0x00, 0x00, 0x00, 0x00, 0x00, 0x00, 0x00, 0x00, 0x00, 0x00, 0x00,
    0x00, 0x00, 0x00, 0x00, 0x00, 0x00, 0x00, 0x00, 0x00, 0x00, 0x00, 0x00,
    0x38, 0x30, 0x38, 0xff, 0x30, 0x34, 0x30, 0xff, 0x30, 0x34, 0x30, 0xff,
    0x38, 0x34, 0x38, 0xff, 0x08, 0x08, 0x08, 0xff, 0x08, 0x08, 0x08, 0xff,
    0x10, 0x0c, 0x10, 0xff, 0x08, 0x0c, 0x08, 0xff, 0x08, 0x08, 0x08, 0xff,
    0x08, 0x08, 0x08, 0xff, 0x08, 0x08, 0x08, 0xff, 0x08, 0x0c, 0x08, 0xff,
    0x10, 0x08, 0x10, 0xff, 0x08, 0x0c, 0x08, 0xff, 0x08, 0x08, 0x08, 0xff,
    0x08, 0x0c, 0x08, 0xff, 0x08, 0x0c, 0x08, 0xff, 0x08, 0x08, 0x08, 0xff,
    0x08, 0x0c, 0x08, 0xff, 0x10, 0x08, 0x10, 0xff, 0x08, 0x08, 0x08, 0xff,
    0x08, 0x0c, 0x08, 0xff, 0x10, 0x08, 0x10, 0xff, 0x08, 0x08, 0x08, 0xff,
    0x08, 0x0c, 0x08, 0xff, 0x08, 0x08, 0x08, 0xff, 0x08, 0x0c, 0x08, 0xff,
    0x08, 0x08, 0x08, 0xff, 0x08, 0x0c, 0x08, 0xff, 0x08, 0x0c, 0x08, 0xff,
    0x08, 0x08, 0x08, 0xff, 0x10, 0x0c, 0x10, 0xff, 0x08, 0x0c, 0x08, 0xff,
    0x08, 0x08, 0x08, 0xff, 0x08, 0x0c, 0x08, 0xff, 0x10, 0x0c, 0x10, 0xff,
    0x08, 0x08, 0x08, 0xff, 0x08, 0x0c, 0x08, 0xff, 0x10, 0x0c, 0x10, 0xff,
    0x10, 0x08, 0x10, 0xff, 0x08, 0x0c, 0x08, 0xff, 0x08, 0x08, 0x08, 0xff,
    0x10, 0x08, 0x10, 0xff, 0x08, 0x0c, 0x08, 0xff, 0x08, 0x0c, 0x08, 0xff,
    0x08, 0x08, 0x08, 0xff, 0x08, 0x0c, 0x08, 0xff, 0x08, 0x08, 0x08, 0xff,
    0x10, 0x08, 0x10, 0xff, 0x08, 0x0c, 0x08, 0xff, 0x08, 0x08, 0x08, 0xff,
    0x08, 0x0c, 0x08, 0xff, 0x10, 0x0c, 0x10, 0xff, 0x08, 0x08, 0x08, 0xff,
    0x08, 0x0c, 0x08, 0xff, 0x10, 0x08, 0x10, 0xff, 0x08, 0x08, 0x08, 0xff,
    0x08, 0x0c, 0x08, 0xff, 0x08, 0x0c, 0x08, 0xff, 0x08, 0x08, 0x08, 0xff,
    0x38, 0x34, 0x38, 0xff, 0x30, 0x34, 0x30, 0xff, 0x38, 0x30, 0x38, 0xff,
    0x30, 0x34, 0x30, 0xff, 0x00, 0x00, 0x00, 0x00, 0x00, 0x00, 0x00, 0x00,
    0x00, 0x00, 0x00, 0x00, 0x00, 0x00, 0x00, 0x00, 0x00, 0x00, 0x00, 0x00,
    0x00, 0x00, 0x00, 0x00, 0x00, 0x00, 0x00, 0x00, 0x00, 0x00, 0x00, 0x00,
    0x00, 0x00, 0x00, 0x00, 0x00, 0x00, 0x00, 0x00, 0x00, 0x00, 0x00, 0x00,
    0x00, 0x00, 0x00, 0x00, 0x00, 0x00, 0x00, 0x00, 0x00, 0x00, 0x00, 0x00,
    0x00, 0x00, 0x00, 0x00, 0x00, 0x00, 0x00, 0x00, 0x30, 0x34, 0x30, 0xff,
    0x38, 0x30, 0x38, 0xff, 0x30, 0x34, 0x30, 0xff, 0x38, 0x34, 0x38, 0xff,
    0x08, 0x08, 0x08, 0xff, 0x08, 0x08, 0x08, 0xff, 0x08, 0x0c, 0x08, 0xff,
    0x08, 0x08, 0x08, 0xff, 0x10, 0x0c, 0x10, 0xff, 0x08, 0x0c, 0x08, 0xff,
    0x08, 0x08, 0x08, 0xff, 0x10, 0x08, 0x10, 0xff, 0x08, 0x0c, 0x08, 0xff,
    0x08, 0x08, 0x08, 0xff, 0x08, 0x08, 0x08, 0xff, 0x10, 0x0c, 0x10, 0xff,
    0x08, 0x08, 0x08, 0xff, 0x08, 0x0c, 0x08, 0xff, 0x10, 0x0c, 0x10, 0xff,
    0x08, 0x08, 0x08, 0xff, 0x08, 0x0c, 0x08, 0xff, 0x10, 0x0c, 0x10, 0xff,
    0x08, 0x08, 0x08, 0xff, 0x08, 0x0c, 0x08, 0xff, 0x10, 0x08, 0x10, 0xff,
    0x08, 0x08, 0x08, 0xff, 0x10, 0x0c, 0x10, 0xff, 0x08, 0x08, 0x08, 0xff,
    0x10, 0x08, 0x10, 0xff, 0x08, 0x0c, 0x08, 0xff, 0x08, 0x08, 0x08, 0xff,
    0x10, 0x0c, 0x10, 0xff, 0x08, 0x08, 0x08, 0xff, 0x08, 0x08, 0x08, 0xff,
    0x10, 0x0c, 0x10, 0xff, 0x08, 0x08, 0x08, 0xff, 0x08, 0x08, 0x08, 0xff,
    0x08, 0x0c, 0x08, 0xff, 0x08, 0x08, 0x08, 0xff, 0x08, 0x0c, 0x08, 0xff,
    0x08, 0x0c, 0x08, 0xff, 0x10, 0x08, 0x10, 0xff, 0x08, 0x0c, 0x08, 0xff,
    0x08, 0x08, 0x08, 0xff, 0x10, 0x08, 0x10, 0xff, 0x08, 0x0c, 0x08, 0xff,
    0x08, 0x0c, 0x08, 0xff, 0x08, 0x0c, 0x08, 0xff, 0x08, 0x08, 0x08, 0xff,
    0x10, 0x0c, 0x10, 0xff, 0x08, 0x08, 0x08, 0xff, 0x08, 0x08, 0x08, 0xff,
    0x08, 0x0c, 0x08, 0xff, 0x08, 0x08, 0x08, 0xff, 0x08, 0x0c, 0x08, 0xff,
    0x08, 0x0c, 0x08, 0xff, 0x08, 0x08, 0x08, 0xff, 0x10, 0x0c, 0x10, 0xff,
    0x08, 0x08, 0x08, 0xff, 0x08, 0x08, 0x08, 0xff, 0x38, 0x34, 0x38, 0xff,
    0x30, 0x34, 0x30, 0xff, 0x30, 0x34, 0x30, 0xff, 0x38, 0x30, 0x38, 0xff,
    0x00, 0x00, 0x00, 0x00, 0x00, 0x00, 0x00, 0x00, 0x00, 0x00, 0x00, 0x00,
    0x00, 0x00, 0x00, 0x00, 0x00, 0x00, 0x00, 0x00, 0x00, 0x00, 0x00, 0x00,
    0x00, 0x00, 0x00, 0x00, 0x00, 0x00, 0x00, 0x00, 0x00, 0x00, 0x00, 0x00,
    0x00, 0x00, 0x00, 0x00, 0x00, 0x00, 0x00, 0x00, 0x00, 0x00, 0x00, 0x00,
    0x00, 0x00, 0x00, 0x00, 0x00, 0x00, 0x00, 0x00, 0x00, 0x00, 0x00, 0x00,
    0x00, 0x00, 0x00, 0x00, 0x30, 0x34, 0x30, 0xff, 0x30, 0x34, 0x30, 0xff,
    0x38, 0x34, 0x38, 0xff, 0x30, 0x34, 0x30, 0xff, 0x08, 0x08, 0x08, 0xff,
    0x10, 0x0c, 0x10, 0xff, 0x08, 0x08, 0x08, 0xff, 0x08, 0x08, 0x08, 0xff,
    0x10, 0x0c, 0x10, 0xff, 0x08, 0x0c, 0x08, 0xff, 0x08, 0x08, 0x08, 0xff,
    0x08, 0x0c, 0x08, 0xff, 0x08, 0x0c, 0x08, 0xff, 0x10, 0x08, 0x10, 0xff,
    0x08, 0x0c, 0x08, 0xff, 0x08, 0x08, 0x08, 0xff, 0x10, 0x08, 0x10, 0xff,
    0x08, 0x0c, 0x08, 0xff, 0x08, 0x08, 0x08, 0xff, 0x08, 0x08, 0x08, 0xff,
    0x08, 0x0c, 0x08, 0xff, 0x08, 0x08, 0x08, 0xff, 0x08, 0x0c, 0x08, 0xff,
    0x10, 0x0c, 0x10, 0xff, 0x08, 0x08, 0x08, 0xff, 0x08, 0x0c, 0x08, 0xff,
    0x08, 0x0c, 0x08, 0xff, 0x08, 0x08, 0x08, 0xff, 0x10, 0x0c, 0x10, 0xff,
    0x08, 0x08, 0x08, 0xff, 0x08, 0x0c, 0x08, 0xff, 0x08, 0x08, 0x08, 0xff,
    0x08, 0x0c, 0x08, 0xff, 0x08, 0x0c, 0x08, 0xff, 0x08, 0x08, 0x08, 0xff,
    0x08, 0x0c, 0x08, 0xff, 0x10, 0x0c, 0x10, 0xff, 0x08, 0x08, 0x08, 0xff,
    0x08, 0x08, 0x08, 0xff, 0x08, 0x0c, 0x08, 0xff, 0x10, 0x08, 0x10, 0xff,
    0x08, 0x0c, 0x08, 0xff, 0x08, 0x0c, 0x08, 0xff, 0x08, 0x08, 0x08, 0xff,
    0x10, 0x08, 0x10, 0xff, 0x08, 0x0c, 0x08, 0xff, 0x10, 0x08, 0x10, 0xff,
    0x08, 0x08, 0x08, 0xff, 0x08, 0x0c, 0x08, 0xff, 0x08, 0x0c, 0x08, 0xff,
    0x10, 0x08, 0x10, 0xff, 0x08, 0x0c, 0x08, 0xff, 0x08, 0x08, 0x08, 0xff,
    0x10, 0x08, 0x10, 0xff, 0x10, 0x0c, 0x10, 0xff, 0x08, 0x08, 0x08, 0xff,
    0x08, 0x0c, 0x08, 0xff, 0x10, 0x08, 0x10, 0xff, 0x08, 0x0c, 0x08, 0xff,
    0x08, 0x0c, 0x08, 0xff, 0x38, 0x34, 0x38, 0xff, 0x30, 0x34, 0x30, 0xff,
    0x30, 0x34, 0x30, 0xff, 0x38, 0x34, 0x38, 0xff, 0x00, 0x00, 0x00, 0x00,
    0x00, 0x00, 0x00, 0x00, 0x00, 0x00, 0x00, 0x00, 0x00, 0x00, 0x00, 0x00,
    0x00, 0x00, 0x00, 0x00, 0x00, 0x00, 0x00, 0x00, 0x00, 0x00, 0x00, 0x00,
    0x00, 0x00, 0x00, 0x00, 0x00, 0x00, 0x00, 0x00, 0x00, 0x00, 0x00, 0x00,
    0x00, 0x00, 0x00, 0x00, 0x00, 0x00, 0x00, 0x00, 0x00, 0x00, 0x00, 0x00,
    0x00, 0x00, 0x00, 0x00, 0x00, 0x00, 0x00, 0x00, 0x00, 0x00, 0x00, 0x00,
    0x38, 0x34, 0x38, 0xff, 0x30, 0x30, 0x30, 0xff, 0x30, 0x34, 0x30, 0xff,
    0x38, 0x34, 0x38, 0xff, 0x08, 0x08, 0x08, 0xff, 0x08, 0x0c, 0x08, 0xff,
    0x08, 0x0c, 0x08, 0xff, 0x08, 0x08, 0x08, 0xff, 0x08, 0x08, 0x08, 0xff,
    0x10, 0x0c, 0x10, 0xff, 0x08, 0x08, 0x08, 0xff, 0x08, 0x0c, 0x08, 0xff,
    0x10, 0x08, 0x10, 0xff, 0x08, 0x0c, 0x08, 0xff, 0x08, 0x0c, 0x08, 0xff,
    0x08, 0x08, 0x08, 0xff, 0x08, 0x0c, 0x08, 0xff, 0x10, 0x0c, 0x10, 0xff,
    0x08, 0x08, 0x08, 0xff, 0x10, 0x0c, 0x10, 0xff, 0x08, 0x08, 0x08, 0xff,
    0x08, 0x08, 0x08, 0xff, 0x10, 0x0c, 0x10, 0xff, 0x08, 0x08, 0x08, 0xff,
    0x08, 0x08, 0x08, 0xff, 0x08, 0x0c, 0x08, 0xff, 0x08, 0x08, 0x08, 0xff,
    0x08, 0x0c, 0x08, 0xff, 0x08, 0x0c, 0x08, 0xff, 0x10, 0x08, 0x10, 0xff,
    0x08, 0x08, 0x08, 0xff, 0x08, 0x0c, 0x08, 0xff, 0x10, 0x08, 0x10, 0xff,
    0x10, 0x08, 0x10, 0xff, 0x08, 0x0c, 0x08, 0xff, 0x08, 0x08, 0x08, 0xff,
    0x10, 0x0c, 0x10, 0xff, 0x08, 0x08, 0x08, 0xff, 0x08, 0x0c, 0x08, 0xff,
    0x10, 0x08, 0x10, 0xff, 0x08, 0x08, 0x08, 0xff, 0x08, 0x0c, 0x08, 0xff,
    0x08, 0x08, 0x08, 0xff, 0x08, 0x0c, 0x08, 0xff, 0x08, 0x0c, 0x08, 0xff,
    0x08, 0x08, 0x08, 0xff, 0x08, 0x0c, 0x08, 0xff, 0x10, 0x08, 0x10, 0xff,
    0x08, 0x08, 0x08, 0xff, 0x08, 0x0c, 0x08, 0xff, 0x08, 0x08, 0x08, 0xff,
    0x10, 0x0c, 0x10, 0xff, 0x08, 0x0c, 0x08, 0xff, 0x08, 0x08, 0x08, 0xff,
    0x08, 0x0c, 0x08, 0xff, 0x08, 0x08, 0x08, 0xff, 0x08, 0x08, 0x08, 0xff,
    0x08, 0x0c, 0x08, 0xff, 0x08, 0x08, 0x08, 0xff, 0x08, 0x08, 0x08, 0xff,
    0x38, 0x34, 0x38, 0xff, 0x30, 0x30, 0x30, 0xff, 0x30, 0x34, 0x30, 0xff,
    0x30, 0x34, 0x30, 0xff, 0x00, 0x00, 0x00, 0x00, 0x00, 0x00, 0x00, 0x00,
    0x00, 0x00, 0x00, 0x00, 0x00, 0x00, 0x00, 0x00, 0x00, 0x00, 0x00, 0x00,
    0x00, 0x00, 0x00, 0x00, 0x00, 0x00, 0x00, 0x00, 0x00, 0x00, 0x00, 0x00,
    0x00, 0x00, 0x00, 0x00, 0x00, 0x00, 0x00, 0x00, 0x00, 0x00, 0x00, 0x00,
    0x00, 0x00, 0x00, 0x00, 0x00, 0x00, 0x00, 0x00, 0x00, 0x00, 0x00, 0x00,
    0x00, 0x00, 0x00, 0x00, 0x00, 0x00, 0x00, 0x00, 0x30, 0x34, 0x30, 0xff,
    0x38, 0x30, 0x38, 0xff, 0x30, 0x34, 0x30, 0xff, 0x30, 0x34, 0x30, 0xff,
    0x08, 0x08, 0x08, 0xff, 0x10, 0x08, 0x10, 0xff, 0x08, 0x0c, 0x08, 0xff,
    0x08, 0x0c, 0x08, 0xff, 0x10, 0x08, 0x10, 0xff, 0x08, 0x0c, 0x08, 0xff,
    0x08, 0x08, 0x08, 0xff, 0x10, 0x08, 0x10, 0xff, 0x08, 0x0c, 0x08, 0xff,
    0x08, 0x08, 0x08, 0xff, 0x10, 0x08, 0x10, 0xff, 0x08, 0x0c, 0x08, 0xff,
    0x08, 0x08, 0x08, 0xff, 0x08, 0x08, 0x08, 0xff, 0x08, 0x0c, 0x08, 0xff,
    0x10, 0x0c, 0x10, 0xff, 0x08, 0x08, 0x08, 0xff, 0x08, 0x0c, 0x08, 0xff,
    0x08, 0x0c, 0x08, 0xff, 0x08, 0x08, 0x08, 0xff, 0x10, 0x0c, 0x10, 0xff,
    0x10, 0x08, 0x10, 0xff, 0x08, 0x08, 0x08, 0xff, 0x10, 0x0c, 0x10, 0xff,
    0x08, 0x08, 0x08, 0xff, 0x08, 0x0c, 0x08, 0xff, 0x10, 0x0c, 0x10, 0xff,
    0x08, 0x08, 0x08, 0xff, 0x08, 0x0c, 0x08, 0xff, 0x08, 0x0c, 0x08, 0xff,
    0x08, 0x08, 0x08, 0xff, 0x08, 0x08, 0x08, 0xff, 0x08, 0x0c, 0x08, 0xff,
    0x08, 0x0c, 0x08, 0xff, 0x10, 0x08, 0x10, 0xff, 0x08, 0x0c, 0x08, 0xff,
    0x08, 0x0c, 0x08, 0xff, 0x10, 0x08, 0x10, 0xff, 0x08, 0x08, 0x08, 0xff,
    0x10, 0x0c, 0x10, 0xff, 0x08, 0x08, 0x08, 0xff, 0x08, 0x0c, 0x08, 0xff,
    0x08, 0x0c, 0x08, 0xff, 0x10, 0x08, 0x10, 0xff, 0x08, 0x0c, 0x08, 0xff,
    0x08, 0x08, 0x08, 0xff, 0x10, 0x08, 0x10, 0xff, 0x08, 0x0c, 0x08, 0xff,
    0x08, 0x08, 0x08, 0xff, 0x08, 0x0c, 0x08, 0xff, 0x10, 0x0c, 0x10, 0xff,
    0x08, 0x08, 0x08, 0xff, 0x10, 0x0c, 0x10, 0xff, 0x08, 0x0c, 0x08, 0xff,
    0x08, 0x08, 0x08, 0xff, 0x10, 0x08, 0x10, 0xff, 0x30, 0x34, 0x30, 0xff,
    0x38, 0x34, 0x38, 0xff, 0x38, 0x30, 0x38, 0xff, 0x30, 0x34, 0x30, 0xff,
    0x00, 0x00, 0x00, 0x00, 0x00, 0x00, 0x00, 0x00, 0x00, 0x00, 0x00, 0x00,
    0x00, 0x00, 0x00, 0x00, 0x00, 0x00, 0x00, 0x00, 0x00, 0x00, 0x00, 0x00,
    0x00, 0x00, 0x00, 0x00, 0x00, 0x00, 0x00, 0x00, 0x00, 0x00, 0x00, 0x00,
    0x00, 0x00, 0x00, 0x00, 0x00, 0x00, 0x00, 0x00, 0x00, 0x00, 0x00, 0x00,
    0x00, 0x00, 0x00, 0x00, 0x00, 0x00, 0x00, 0x00, 0x00, 0x00, 0x00, 0x00,
    0x00, 0x00, 0x00, 0x00, 0x30, 0x34, 0x30, 0xff, 0x38, 0x34, 0x38, 0xff,
    0x38, 0x34, 0x38, 0xff, 0x30, 0x34, 0x30, 0xff, 0x08, 0x08, 0x08, 0xff,
    0x10, 0x08, 0x10, 0xff, 0x08, 0x0c, 0x08, 0xff, 0x08, 0x08, 0x08, 0xff,
    0x08, 0x0c, 0x08, 0xff, 0x08, 0x0c, 0x08, 0xff, 0x08, 0x08, 0x08, 0xff,
    0x08, 0x0c, 0x08, 0xff, 0x08, 0x0c, 0x08, 0xff, 0x08, 0x08, 0x08, 0xff,
    0x10, 0x0c, 0x10, 0xff, 0x08, 0x0c, 0x08, 0xff, 0x08, 0x08, 0x08, 0xff,
    0x10, 0x08, 0x10, 0xff, 0x08, 0x0c, 0x08, 0xff, 0x08, 0x08, 0x08, 0xff,
    0x08, 0x08, 0x08, 0xff, 0x10, 0x0c, 0x10, 0xff, 0x08, 0x08, 0x08, 0xff,
    0x08, 0x0c, 0x08, 0xff, 0x08, 0x0c, 0x08, 0xff, 0x08, 0x08, 0x08, 0xff,
    0x08, 0x0c, 0x08, 0xff, 0x08, 0x08, 0x08, 0xff, 0x08, 0x08, 0x08, 0xff,
    0x08, 0x0c, 0x08, 0xff, 0x08, 0x08, 0x08, 0xff, 0x08, 0x08, 0x08, 0xff,
    0x08, 0x0c, 0x08, 0xff, 0x10, 0x0c, 0x10, 0xff, 0x08, 0x08, 0x08, 0xff,
    0x10, 0x0c, 0x10, 0xff, 0x08, 0x08, 0x08, 0xff, 0x08, 0x08, 0x08, 0xff,
    0x08, 0x0c, 0x08, 0xff, 0x08, 0x08, 0x08, 0xff, 0x08, 0x0c, 0x08, 0xff,
    0x08, 0x08, 0x08, 0xff, 0x10, 0x0c, 0x10, 0xff, 0x08, 0x08, 0x08, 0xff,
    0x10, 0x08, 0x10, 0xff, 0x08, 0x0c, 0x08, 0xff, 0x08, 0x08, 0x08, 0xff,
    0x08, 0x0c, 0x08, 0xff, 0x08, 0x0c, 0x08, 0xff, 0x10, 0x08, 0x10, 0xff,
    0x08, 0x0c, 0x08, 0xff, 0x08, 0x08, 0x08, 0xff, 0x08, 0x08, 0x08, 0xff,
    0x10, 0x0c, 0x10, 0xff, 0x08, 0x08, 0x08, 0xff, 0x08, 0x08, 0x08, 0xff,
    0x08, 0x0c, 0x08, 0xff, 0x10, 0x0c, 0x10, 0xff, 0x08, 0x08, 0x08, 0xff,
    0x08, 0x0c, 0x08, 0xff, 0x30, 0x34, 0x30, 0xff, 0x30, 0x34, 0x30, 0xff,
    0x38, 0x34, 0x38, 0xff, 0x30, 0x30, 0x30, 0xff, 0x00, 0x00, 0x00, 0x00,
    0x00, 0x00, 0x00, 0x00, 0x00, 0x00, 0x00, 0x00, 0x00, 0x00, 0x00, 0x00,
    0x00, 0x00, 0x00, 0x00, 0x00, 0x00, 0x00, 0x00, 0x00, 0x00, 0x00, 0x00,
    0x00, 0x00, 0x00, 0x00, 0x00, 0x00, 0x00, 0x00, 0x00, 0x00, 0x00, 0x00,
    0x00, 0x00, 0x00, 0x00, 0x00, 0x00, 0x00, 0x00, 0x00, 0x00, 0x00, 0x00,
    0x00, 0x00, 0x00, 0x00, 0x00, 0x00, 0x00, 0x00, 0x00, 0x00, 0x00, 0x00,
    0x30, 0x34, 0x30, 0xff, 0x30, 0x30, 0x30, 0xff, 0x38, 0x34, 0x38, 0xff,
    0x30, 0x34, 0x30, 0xff, 0x08, 0x08, 0x08, 0xff, 0x08, 0x0c, 0x08, 0xff,
    0x10, 0x0c, 0x10, 0xff, 0x08, 0x08, 0x08, 0xff, 0x08, 0x08, 0x08, 0xff,
    0x10, 0x0c, 0x10, 0xff, 0x08, 0x08, 0x08, 0xff, 0x10, 0x0c, 0x10, 0xff,
    0x08, 0x08, 0x08, 0xff, 0x08, 0x08, 0x08, 0xff, 0x08, 0x0c, 0x08, 0xff,
    0x08, 0x0c, 0x08, 0xff, 0x10, 0x08, 0x10, 0xff, 0x08, 0x0c, 0x08, 0xff,
    0x08, 0x0c, 0x08, 0xff, 0x08, 0x08, 0x08, 0xff, 0x10, 0x0c, 0x10, 0xff,
    0x08, 0x08, 0x08, 0xff, 0x08, 0x08, 0x08, 0xff, 0x10, 0x0c, 0x10, 0xff,
    0x08, 0x08, 0x08, 0xff, 0x08, 0x0c, 0x08, 0xff, 0x10, 0x0c, 0x10, 0xff,
    0x08, 0x08, 0x08, 0xff, 0x10, 0x0c, 0x10, 0xff, 0x08, 0x0c, 0x08, 0xff,
    0x10, 0x08, 0x10, 0xff, 0x08, 0x0c, 0x08, 0xff, 0x08, 0x08, 0x08, 0xff,
    0x10, 0x08, 0x10, 0xff, 0x08, 0x0c, 0x08, 0xff, 0x08, 0x0c, 0x08, 0xff,
    0x10, 0x08, 0x10, 0xff, 0x08, 0x0c, 0x08, 0xff, 0x10, 0x08, 0x10, 0xff,
    0x08, 0x0c, 0x08, 0xff, 0x08, 0x08, 0x08, 0xff, 0x08, 0x0c, 0x08, 0xff,
    0x08, 0x0c, 0x08, 0xff, 0x08, 0x08, 0x08, 0xff, 0x08, 0x0c, 0x08, 0xff,
    0x10, 0x08, 0x10, 0xff, 0x08, 0x08, 0x08, 0xff, 0x08, 0x0c, 0x08, 0xff,
    0x10, 0x08, 0x10, 0xff, 0x08, 0x0c, 0x08, 0xff, 0x08, 0x0c, 0x08, 0xff,
    0x08, 0x08, 0x08, 0xff, 0x10, 0x0c, 0x10, 0xff, 0x08, 0x0c, 0x08, 0xff,
    0x08, 0x08, 0x08, 0xff, 0x08, 0x0c, 0x08, 0xff, 0x08, 0x08, 0x08, 0xff,
    0x08, 0x08, 0x08, 0xff, 0x10, 0x0c, 0x10, 0xff, 0x08, 0x08, 0x08, 0xff,
    0x38, 0x34, 0x38, 0xff, 0x30, 0x34, 0x30, 0xff, 0x30, 0x34, 0x30, 0xff,
    0x38, 0x34, 0x38, 0xff, 0x00, 0x00, 0x00, 0x00, 0x00, 0x00, 0x00, 0x00,
    0x00, 0x00, 0x00, 0x00, 0x00, 0x00, 0x00, 0x00, 0x00, 0x00, 0x00, 0x00,
    0x00, 0x00, 0x00, 0x00, 0x00, 0x00, 0x00, 0x00, 0x00, 0x00, 0x00, 0x00,
    0x00, 0x00, 0x00, 0x00, 0x00, 0x00, 0x00, 0x00, 0x00, 0x00, 0x00, 0x00,
    0x00, 0x00, 0x00, 0x00, 0x00, 0x00, 0x00, 0x00, 0x00, 0x00, 0x00, 0x00,
    0x00, 0x00, 0x00, 0x00, 0x00, 0x00, 0x00, 0x00, 0x30, 0x34, 0x30, 0xff,
    0x30, 0x30, 0x30, 0xff, 0x38, 0x34, 0x38, 0xff, 0x30, 0x34, 0x30, 0xff,
    0x08, 0x08, 0x08, 0xff, 0x08, 0x0c, 0x08, 0xff, 0x08, 0x08, 0x08, 0xff,
    0x10, 0x08, 0x10, 0xff, 0x08, 0x0c, 0x08, 0xff, 0x08, 0x08, 0x08, 0xff,
    0x10, 0x0c, 0x10, 0xff, 0x08, 0x08, 0x08, 0xff, 0x08, 0x0c, 0x08, 0xff,
    0x10, 0x08, 0x10, 0xff, 0x08, 0x08, 0x08, 0xff, 0x08, 0x0c, 0x08, 0xff,
    0x08, 0x08, 0x08, 0xff, 0x08, 0x0c, 0x08, 0xff, 0x10, 0x08, 0x10, 0xff,
    0x08, 0x0c, 0x08, 0xff, 0x08, 0x0c, 0x08, 0xff, 0x08, 0x08, 0x08, 0xff,
    0x08, 0x0c, 0x08, 0xff, 0x10, 0x08, 0x10, 0xff, 0x08, 0x08, 0x08, 0xff,
    0x08, 0x0c, 0x08, 0xff, 0x08, 0x08, 0x08, 0xff, 0x10, 0x08, 0x10, 0xff,
    0x08, 0x0c, 0x08, 0xff, 0x08, 0x08, 0x08, 0xff, 0x08, 0x0c, 0x08, 0xff,
    0x10, 0x0c, 0x10, 0xff, 0x08, 0x08, 0x08, 0xff, 0x08, 0x08, 0x08, 0xff,
    0x08, 0x0c, 0x08, 0xff, 0x08, 0x08, 0x08, 0xff, 0x08, 0x0c, 0x08, 0xff,
    0x08, 0x08, 0x08, 0xff, 0x10, 0x0c, 0x10, 0xff, 0x08, 0x08, 0x08, 0xff,
    0x10, 0x08, 0x10, 0xff, 0x10, 0x0c, 0x10, 0xff, 0x08, 0x08, 0x08, 0xff,
    0x08, 0x0c, 0x08, 0xff, 0x08, 0x0c, 0x08, 0xff, 0x08, 0x08, 0x08, 0xff,
    0x10, 0x0c, 0x10, 0xff, 0x08, 0x08, 0x08, 0xff, 0x08, 0x08, 0x08, 0xff,
    0x08, 0x0c, 0x08, 0xff, 0x08, 0x08, 0x08, 0xff, 0x10, 0x0c, 0x10, 0xff,
    0x08, 0x08, 0x08, 0xff, 0x08, 0x08, 0x08, 0xff, 0x10, 0x0c, 0x10, 0xff,
    0x10, 0x0c, 0x10, 0xff, 0x08, 0x08, 0x08, 0xff, 0x08, 0x0c, 0x08, 0xff,
    0x08, 0x08, 0x08, 0xff, 0x08, 0x08, 0x08, 0xff, 0x38, 0x34, 0x38, 0xff,
    0x30, 0x34, 0x30, 0xff, 0x30, 0x30, 0x30, 0xff, 0x38, 0x34, 0x38, 0xff,
    0x00, 0x00, 0x00, 0x00, 0x00, 0x00, 0x00, 0x00, 0x00, 0x00, 0x00, 0x00,
    0x00, 0x00, 0x00, 0x00, 0x00, 0x00, 0x00, 0x00, 0x00, 0x00, 0x00, 0x00,
    0x00, 0x00, 0x00, 0x00, 0x00, 0x00, 0x00, 0x00, 0x00, 0x00, 0x00, 0x00,
    0x00, 0x00, 0x00, 0x00, 0x00, 0x00, 0x00, 0x00, 0x00, 0x00, 0x00, 0x00,
    0x00, 0x00, 0x00, 0x00, 0x00, 0x00, 0x00, 0x00, 0x00, 0x00, 0x00, 0x00,
    0x00, 0x00, 0x00, 0x00, 0x38, 0x34, 0x38, 0xff, 0x30, 0x34, 0x30, 0xff,
    0x30, 0x34, 0x30, 0xff, 0x38, 0x34, 0x38, 0xff, 0x08, 0x08, 0x08, 0xff,
    0x10, 0x08, 0x10, 0xff, 0x08, 0x0c, 0x08, 0xff, 0x08, 0x0c, 0x08, 0xff,
    0x08, 0x08, 0x08, 0xff, 0x08, 0x0c, 0x08, 0xff, 0x08, 0x08, 0x08, 0xff,
    0x08, 0x0c, 0x08, 0xff, 0x08, 0x0c, 0x08, 0xff, 0x10, 0x08, 0x10, 0xff,
    0x08, 0x0c, 0x08, 0xff, 0x08, 0x08, 0x08, 0xff, 0x10, 0x0c, 0x10, 0xff,
    0x08, 0x08, 0x08, 0xff, 0x08, 0x08, 0x08, 0xff, 0x10, 0x0c, 0x10, 0xff,
    0x08, 0x08, 0x08, 0xff, 0x08, 0x0c, 0x08, 0xff, 0x10, 0x0c, 0x10, 0xff,
    0x08, 0x08, 0x08, 0xff, 0x08, 0x0c, 0x08, 0xff, 0x08, 0x0c, 0x08, 0xff,
    0x08, 0x08, 0x08, 0xff, 0x08, 0x0c, 0x08, 0xff, 0x08, 0x08, 0x08, 0xff,
    0x08, 0x08, 0x08, 0xff, 0x08, 0x0c, 0x08, 0xff, 0x08, 0x08, 0x08, 0xff,
    0x10, 0x0c, 0x10, 0xff, 0x08, 0x0c, 0x08, 0xff, 0x08, 0x08, 0x08, 0xff,
    0x10, 0x08, 0x10, 0xff, 0x08, 0x0c, 0x08, 0xff, 0x08, 0x0c, 0x08, 0xff,
    0x08, 0x08, 0x08, 0xff, 0x08, 0x0c, 0x08, 0xff, 0x08, 0x0c, 0x08, 0xff,
    0x08, 0x08, 0x08, 0xff, 0x10, 0x08, 0x10, 0xff, 0x08, 0x0c, 0x08, 0xff,
    0x08, 0x08, 0x08, 0xff, 0x10, 0x0c, 0x10, 0xff, 0x08, 0x0c, 0x08, 0xff,
    0x08, 0x08, 0x08, 0xff, 0x10, 0x0c, 0x10, 0xff, 0x08, 0x08, 0x08, 0xff,
    0x08, 0x0c, 0x08, 0xff, 0x08, 0x08, 0x08, 0xff, 0x08, 0x0c, 0x08, 0xff,
    0x08, 0x08, 0x08, 0xff, 0x08, 0x0c, 0x08, 0xff, 0x08, 0x08, 0x08, 0xff,
    0x08, 0x0c, 0x08, 0xff, 0x10, 0x0c, 0x10, 0xff, 0x08, 0x08, 0x08, 0xff,
    0x08, 0x0c, 0x08, 0xff, 0x38, 0x34, 0x38, 0xff, 0x30, 0x34, 0x30, 0xff,
    0x30, 0x30, 0x30, 0xff, 0x38, 0x34, 0x38, 0xff, 0x00, 0x00, 0x00, 0x00,
    0x00, 0x00, 0x00, 0x00, 0x00, 0x00, 0x00, 0x00, 0x00, 0x00, 0x00, 0x00,
    0x00, 0x00, 0x00, 0x00, 0x00, 0x00, 0x00, 0x00, 0x00, 0x00, 0x00, 0x00,
    0x00, 0x00, 0x00, 0x00, 0x00, 0x00, 0x00, 0x00, 0x00, 0x00, 0x00, 0x00,
    0x00, 0x00, 0x00, 0x00, 0x00, 0x00, 0x00, 0x00, 0x00, 0x00, 0x00, 0x00,
    0x00, 0x00, 0x00, 0x00, 0x00, 0x00, 0x00, 0x00, 0x00, 0x00, 0x00, 0x00,
    0x30, 0x30, 0x30, 0xff, 0x38, 0x34, 0x38, 0xff, 0x30, 0x34, 0x30, 0xff,
    0x38, 0x34, 0x38, 0xff, 0x08, 0x08, 0x08, 0xff, 0x08, 0x0c, 0x08, 0xff,
    0x10, 0x0c, 0x10, 0xff, 0x08, 0x08, 0x08, 0xff, 0x10, 0x0c, 0x10, 0xff,
    0x08, 0x08, 0x08, 0xff, 0x08, 0x08, 0x08, 0xff, 0x10, 0x0c, 0x10, 0xff,
    0x08, 0x08, 0x08, 0xff, 0x08, 0x0c, 0x08, 0xff, 0x08, 0x08, 0x08, 0xff,
    0x10, 0x0c, 0x10, 0xff, 0x08, 0x0c, 0x08, 0xff, 0x08, 0x08, 0x08, 0xff,
    0x08, 0x0c, 0x08, 0xff, 0x08, 0x08, 0x08, 0xff, 0x10, 0x08, 0x10, 0xff,
    0x08, 0x0c, 0x08, 0xff, 0x08, 0x08, 0x08, 0xff, 0x08, 0x08, 0x08, 0xff,
    0x10, 0x0c, 0x10, 0xff, 0x10, 0x08, 0x10, 0xff, 0x08, 0x0c, 0x08, 0xff,
    0x10, 0x0c, 0x10, 0xff, 0x08, 0x08, 0x08, 0xff, 0x10, 0x0c, 0x10, 0xff,
    0x08, 0x08, 0x08, 0xff, 0x08, 0x08, 0x08, 0xff, 0x08, 0x0c, 0x08, 0xff,
    0x08, 0x0c, 0x08, 0xff, 0x10, 0x08, 0x10, 0xff, 0x08, 0x0c, 0x08, 0xff,
    0x08, 0x08, 0x08, 0xff, 0x10, 0x08, 0x10, 0xff, 0x08, 0x0c, 0x08, 0xff,
    0x08, 0x08, 0x08, 0xff, 0x08, 0x0c, 0x08, 0xff, 0x08, 0x08, 0x08, 0xff,
    0x08, 0x0c, 0x08, 0xff, 0x10, 0x08, 0x10, 0xff, 0x08, 0x08, 0x08, 0xff,
    0x08, 0x0c, 0x08, 0xff, 0x08, 0x08, 0x08, 0xff, 0x08, 0x0c, 0x08, 0xff,
    0x10, 0x0c, 0x10, 0xff, 0x08, 0x08, 0x08, 0xff, 0x08, 0x08, 0x08, 0xff,
    0x10, 0x0c, 0x10, 0xff, 0x08, 0x0c, 0x08, 0xff, 0x08, 0x08, 0x08, 0xff,
    0x10, 0x08, 0x10, 0xff, 0x08, 0x0c, 0x08, 0xff, 0x08, 0x08, 0x08, 0xff,
    0x10, 0x08, 0x10, 0xff, 0x08, 0x0c, 0x08, 0xff, 0x08, 0x08, 0x08, 0xff,
    0x38, 0x34, 0x38, 0xff, 0x30, 0x34, 0x30, 0xff, 0x30, 0x34, 0x30, 0xff,
    0x30, 0x34, 0x30, 0xff, 0x00, 0x00, 0x00, 0x00, 0x00, 0x00, 0x00, 0x00,
    0x00, 0x00, 0x00, 0x00, 0x00, 0x00, 0x00, 0x00, 0x00, 0x00, 0x00, 0x00,
    0x00, 0x00, 0x00, 0x00, 0x00, 0x00, 0x00, 0x00, 0x00, 0x00, 0x00, 0x00,
    0x00, 0x00, 0x00, 0x00, 0x00, 0x00, 0x00, 0x00, 0x00, 0x00, 0x00, 0x00,
    0x00, 0x00, 0x00, 0x00, 0x00, 0x00, 0x00, 0x00, 0x00, 0x00, 0x00, 0x00,
    0x00, 0x00, 0x00, 0x00, 0x00, 0x00, 0x00, 0x00, 0x30, 0x34, 0x30, 0xff,
    0x38, 0x30, 0x38, 0xff, 0x30, 0x34, 0x30, 0xff, 0x30, 0x34, 0x30, 0xff,
    0x08, 0x08, 0x08, 0xff, 0x08, 0x08, 0x08, 0xff, 0x08, 0x08, 0x08, 0xff,
    0x08, 0x0c, 0x08, 0xff, 0x08, 0x0c, 0x08, 0xff, 0x10, 0x08, 0x10, 0xff,
    0x08, 0x0c, 0x08, 0xff, 0x08, 0x08, 0x08, 0xff, 0x10, 0x0c, 0x10, 0xff,
    0x08, 0x08, 0x08, 0xff, 0x08, 0x08, 0x08, 0xff, 0x08, 0x0c, 0x08, 0xff,
    0x08, 0x08, 0x08, 0xff, 0x10, 0x0c, 0x10, 0xff, 0x08, 0x0c, 0x08, 0xff,
    0x08, 0x08, 0x08, 0xff, 0x08, 0x0c, 0x08, 0xff, 0x08, 0x0c, 0x08, 0xff,
    0x08, 0x08, 0x08, 0xff, 0x08, 0x0c, 0x08, 0xff, 0x08, 0x08, 0x08, 0xff,
    0x08, 0x08, 0x08, 0xff, 0x08, 0x0c, 0x08, 0xff, 0x08, 0x08, 0x08, 0xff,
    0x10, 0x0c, 0x10, 0xff, 0x08, 0x0c, 0x08, 0xff, 0x08, 0x08, 0x08, 0xff,
    0x10, 0x0c, 0x10, 0xff, 0x08, 0x08, 0x08, 0xff, 0x08, 0x08, 0x08, 0xff,
    0x08, 0x0c, 0x08, 0xff, 0x08, 0x0c, 0x08, 0xff, 0x08, 0x08, 0x08, 0xff,
    0x10, 0x0c, 0x10, 0xff, 0x08, 0x08, 0x08, 0xff, 0x10, 0x0c, 0x10, 0xff,
    0x10, 0x08, 0x10, 0xff, 0x08, 0x0c, 0x08, 0xff, 0x08, 0x0c, 0x08, 0xff,
    0x08, 0x08, 0x08, 0xff, 0x10, 0x0c, 0x10, 0xff, 0x08, 0x08, 0x08, 0xff,
    0x08, 0x08, 0x08, 0xff, 0x08, 0x0c, 0x08, 0xff, 0x08, 0x08, 0x08, 0xff,
    0x08, 0x0c, 0x08, 0xff, 0x10, 0x08, 0x10, 0xff, 0x08, 0x0c, 0x08, 0xff,
    0x08, 0x08, 0x08, 0xff, 0x10, 0x0c, 0x10, 0xff, 0x08, 0x0c, 0x08, 0xff,
    0x08, 0x08, 0x08, 0xff, 0x08, 0x0c, 0x08, 0xff, 0x08, 0x08, 0x08, 0xff,
    0x08, 0x0c, 0x08, 0xff, 0x08, 0x08, 0x08, 0xff, 0x38, 0x34, 0x38, 0xff,
    0x38, 0x34, 0x38, 0xff, 0x30, 0x30, 0x30, 0xff, 0x38, 0x34, 0x38, 0xff,
    0x00, 0x00, 0x00, 0x00, 0x00, 0x00, 0x00, 0x00, 0x00, 0x00, 0x00, 0x00,
    0x00, 0x00, 0x00, 0x00, 0x00, 0x00, 0x00, 0x00, 0x00, 0x00, 0x00, 0x00,
    0x00, 0x00, 0x00, 0x00, 0x00, 0x00, 0x00, 0x00, 0x00, 0x00, 0x00, 0x00,
    0x00, 0x00, 0x00, 0x00, 0x00, 0x00, 0x00, 0x00, 0x00, 0x00, 0x00, 0x00,
    0x00, 0x00, 0x00, 0x00, 0x00, 0x00, 0x00, 0x00, 0x00, 0x00, 0x00, 0x00,
    0x00, 0x00, 0x00, 0x00, 0x30, 0x34, 0x30, 0xff, 0x38, 0x34, 0x38, 0xff,
    0x30, 0x34, 0x30, 0xff, 0x38, 0x34, 0x38, 0xff, 0x08, 0x08, 0x08, 0xff,
    0x08, 0x0c, 0x08, 0xff, 0x10, 0x08, 0x10, 0xff, 0x08, 0x08, 0x08, 0xff,
    0x08, 0x0c, 0x08, 0xff, 0x08, 0x0c, 0x08, 0xff, 0x08, 0x08, 0x08, 0xff,
    0x08, 0x0c, 0x08, 0xff, 0x08, 0x0c, 0x08, 0xff, 0x10, 0x08, 0x10, 0xff,
    0x08, 0x0c, 0x08, 0xff, 0x08, 0x08, 0x08, 0xff, 0x10, 0x08, 0x10, 0xff,
    0x08, 0x0c, 0x08, 0xff, 0x08, 0x08, 0x08, 0xff, 0x10, 0x08, 0x10, 0xff,
    0x08, 0x0c, 0x08, 0xff, 0x10, 0x08, 0x10, 0xff, 0x10, 0x0c, 0x10, 0xff,
    0x08, 0x0c, 0x08, 0xff, 0x08, 0x08, 0x08, 0xff, 0x10, 0x0c, 0x10, 0xff,
    0x08, 0x08, 0x08, 0xff, 0x08, 0x08, 0x08, 0xff, 0x08, 0x0c, 0x08, 0xff,
    0x08, 0x08, 0x08, 0xff, 0x08, 0x0c, 0x08, 0xff, 0x10, 0x0c, 0x10, 0xff,
    0x08, 0x08, 0x08, 0xff, 0x10, 0x08, 0x10, 0xff, 0x08, 0x0c, 0x08, 0xff,
    0x08, 0x08, 0x08, 0xff, 0x10, 0x0c, 0x10, 0xff, 0x08, 0x08, 0x08, 0xff,
    0x08, 0x0c, 0x08, 0xff, 0x08, 0x08, 0x08, 0xff, 0x08, 0x08, 0x08, 0xff,
    0x08, 0x0c, 0x08, 0xff, 0x10, 0x08, 0x10, 0xff, 0x08, 0x0c, 0x08, 0xff,
    0x08, 0x0c, 0x08, 0xff, 0x10, 0x08, 0x10, 0xff, 0x08, 0x0c, 0x08, 0xff,
    0x10, 0x08, 0x10, 0xff, 0x08, 0x0c, 0x08, 0xff, 0x08, 0x08, 0x08, 0xff,
    0x10, 0x0c, 0x10, 0xff, 0x08, 0x08, 0x08, 0xff, 0x08, 0x08, 0x08, 0xff,
    0x08, 0x0c, 0x08, 0xff, 0x08, 0x08, 0x08, 0xff, 0x10, 0x0c, 0x10, 0xff,
    0x08, 0x08, 0x08, 0xff, 0x08, 0x0c, 0x08, 0xff, 0x10, 0x08, 0x10, 0xff,
    0x08, 0x08, 0x08, 0xff, 0x30, 0x34, 0x30, 0xff, 0x30, 0x34, 0x30, 0xff,
    0x38, 0x30, 0x38, 0xff, 0x30, 0x34, 0x30, 0xff, 0x00, 0x00, 0x00, 0x00,
    0x00, 0x00, 0x00, 0x00, 0x00, 0x00, 0x00, 0x00, 0x00, 0x00, 0x00, 0x00,
    0x00, 0x00, 0x00, 0x00, 0x00, 0x00, 0x00, 0x00, 0x00, 0x00, 0x00, 0x00,
    0x00, 0x00, 0x00, 0x00, 0x00, 0x00, 0x00, 0x00, 0x00, 0x00, 0x00, 0x00,
    0x00, 0x00, 0x00, 0x00, 0x00, 0x00, 0x00, 0x00, 0x00, 0x00, 0x00, 0x00,
    0x00, 0x00, 0x00, 0x00, 0x00, 0x00, 0x00, 0x00, 0x00, 0x00, 0x00, 0x00,
    0x30, 0x34, 0x30, 0xff, 0x30, 0x30, 0x30, 0xff, 0x38, 0x34, 0x38, 0xff,
    0x30, 0x34, 0x30, 0xff, 0x08, 0x08, 0x08, 0xff, 0x10, 0x0c, 0x10, 0xff,
    0x08, 0x0c, 0x08, 0xff, 0x08, 0x08, 0x08, 0xff, 0x10, 0x08, 0x10, 0xff,
    0x08, 0x0c, 0x08, 0xff, 0x10, 0x08, 0x10, 0xff, 0x08, 0x08, 0x08, 0xff,
    0x08, 0x0c, 0x08, 0xff, 0x08, 0x08, 0x08, 0xff, 0x10, 0x0c, 0x10, 0xff,
    0x08, 0x0c, 0x08, 0xff, 0x08, 0x08, 0x08, 0xff, 0x08, 0x0c, 0x08, 0xff,
    0x08, 0x08, 0x08, 0xff, 0x08, 0x0c, 0x08, 0xff, 0x08, 0x08, 0x08, 0xff,
    0x08, 0x08, 0x08, 0xff, 0x08, 0x0c, 0x08, 0xff, 0x08, 0x08, 0x08, 0xff,
    0x10, 0x0c, 0x10, 0xff, 0x08, 0x0c, 0x08, 0xff, 0x08, 0x08, 0x08, 0xff,
    0x10, 0x0c, 0x10, 0xff, 0x08, 0x08, 0x08, 0xff, 0x08, 0x08, 0x08, 0xff,
    0x10, 0x0c, 0x10, 0xff, 0x08, 0x08, 0x08, 0xff, 0x08, 0x0c, 0x08, 0xff,
    0x08, 0x0c, 0x08, 0xff, 0x10, 0x08, 0x10, 0xff, 0x08, 0x08, 0x08, 0xff,
    0x08, 0x0c, 0x08, 0xff, 0x08, 0x0c, 0x08, 0xff, 0x08, 0x08, 0x08, 0xff,
    0x08, 0x0c, 0x08, 0xff, 0x08, 0x0c, 0x08, 0xff, 0x10, 0x08, 0x10, 0xff,
    0x08, 0x08, 0x08, 0xff, 0x08, 0x0c, 0x08, 0xff, 0x08, 0x08, 0x08, 0xff,
    0x08, 0x0c, 0x08, 0xff, 0x08, 0x0c, 0x08, 0xff, 0x10, 0x08, 0x10, 0xff,
    0x08, 0x08, 0x08, 0xff, 0x08, 0x0c, 0x08, 0xff, 0x08, 0x0c, 0x08, 0xff,
    0x08, 0x08, 0x08, 0xff, 0x10, 0x0c, 0x10, 0xff, 0x08, 0x08, 0x08, 0xff,
    0x08, 0x0c, 0x08, 0xff, 0x10, 0x08, 0x10, 0xff, 0x08, 0x0c, 0x08, 0xff,
    0x08, 0x0c, 0x08, 0xff, 0x10, 0x08, 0x10, 0xff, 0x08, 0x0c, 0x08, 0xff,
    0x30, 0x34, 0x30, 0xff, 0x38, 0x34, 0x38, 0xff, 0x30, 0x34, 0x30, 0xff,
    0x30, 0x34, 0x30, 0xff, 0x00, 0x00, 0x00, 0x00, 0x00, 0x00, 0x00, 0x00,
    0x00, 0x00, 0x00, 0x00, 0x00, 0x00, 0x00, 0x00, 0x00, 0x00, 0x00, 0x00,
    0x00, 0x00, 0x00, 0x00, 0x00, 0x00, 0x00, 0x00, 0x00, 0x00, 0x00, 0x00,
    0x00, 0x00, 0x00, 0x00, 0x00, 0x00, 0x00, 0x00, 0x00, 0x00, 0x00, 0x00,
    0x00, 0x00, 0x00, 0x00, 0x00, 0x00, 0x00, 0x00, 0x00, 0x00, 0x00, 0x00,
    0x00, 0x00, 0x00, 0x00, 0x00, 0x00, 0x00, 0x00, 0x38, 0x34, 0x38, 0xff,
    0x30, 0x30, 0x30, 0xff, 0x30, 0x34, 0x30, 0xff, 0x38, 0x34, 0x38, 0xff,
    0x08, 0x08, 0x08, 0xff, 0x08, 0x08, 0x08, 0xff, 0x08, 0x0c, 0x08, 0xff,
    0x08, 0x0c, 0x08, 0xff, 0x10, 0x08, 0x10, 0xff, 0x08, 0x0c, 0x08, 0xff,
    0x08, 0x08, 0x08, 0xff, 0x10, 0x0c, 0x10, 0xff, 0x08, 0x08, 0x08, 0xff,
    0x08, 0x08, 0x08, 0xff, 0x08, 0x0c, 0x08, 0xff, 0x10, 0x08, 0x10, 0xff,
    0x08, 0x0c, 0x08, 0xff, 0x10, 0x08, 0x10, 0xff, 0x08, 0x0c, 0x08, 0xff,
    0x10, 0x0c, 0x10, 0xff, 0x08, 0x08, 0x08, 0xff, 0x08, 0x0c, 0x08, 0xff,
    0x08, 0x08, 0x08, 0xff, 0x10, 0x08, 0x10, 0xff, 0x08, 0x0c, 0x08, 0xff,
    0x08, 0x08, 0x08, 0xff, 0x08, 0x0c, 0x08, 0xff, 0x10, 0x0c, 0x10, 0xff,
    0x08, 0x08, 0x08, 0xff, 0x08, 0x0c, 0x08, 0xff, 0x08, 0x08, 0x08, 0xff,
    0x08, 0x08, 0x08, 0xff, 0x08, 0x0c, 0x08, 0xff, 0x08, 0x0c, 0x08, 0xff,
    0x08, 0x08, 0x08, 0xff, 0x10, 0x0c, 0x10, 0xff, 0x08, 0x08, 0x08, 0xff,
    0x10, 0x08, 0x10, 0xff, 0x10, 0x0c, 0x10, 0xff, 0x08, 0x08, 0x08, 0xff,
    0x08, 0x0c, 0x08, 0xff, 0x08, 0x08, 0x08, 0xff, 0x08, 0x0c, 0x08, 0xff,
    0x10, 0x08, 0x10, 0xff, 0x08, 0x08, 0x08, 0xff, 0x08, 0x0c, 0x08, 0xff,
    0x08, 0x08, 0x08, 0xff, 0x08, 0x0c, 0x08, 0xff, 0x10, 0x08, 0x10, 0xff,
    0x08, 0x0c, 0x08, 0xff, 0x08, 0x08, 0x08, 0xff, 0x10, 0x0c, 0x10, 0xff,
    0x08, 0x0c, 0x08, 0xff, 0x08, 0x08, 0x08, 0xff, 0x08, 0x08, 0x08, 0xff,
    0x08, 0x0c, 0x08, 0xff, 0x08, 0x08, 0x08, 0xff, 0x08, 0x08, 0x08, 0xff,
    0x08, 0x0c, 0x08, 0xff, 0x08, 0x08, 0x08, 0xff, 0x38, 0x34, 0x38, 0xff,
    0x38, 0x34, 0x38, 0xff, 0x30, 0x30, 0x30, 0xff, 0x30, 0x34, 0x30, 0xff,
    0x00, 0x00, 0x00, 0x00, 0x00, 0x00, 0x00, 0x00, 0x00, 0x00, 0x00, 0x00,
    0x00, 0x00, 0x00, 0x00, 0x00, 0x00, 0x00, 0x00, 0x00, 0x00, 0x00, 0x00,
    0x00, 0x00, 0x00, 0x00, 0x00, 0x00, 0x00, 0x00, 0x00, 0x00, 0x00, 0x00,
    0x00, 0x00, 0x00, 0x00, 0x00, 0x00, 0x00, 0x00, 0x00, 0x00, 0x00, 0x00,
    0x00, 0x00, 0x00, 0x00, 0x00, 0x00, 0x00, 0x00, 0x00, 0x00, 0x00, 0x00,
    0x00, 0x00, 0x00, 0x00, 0x30, 0x34, 0x30, 0xff, 0x38, 0x34, 0x38, 0xff,
    0x30, 0x34, 0x30, 0xff, 0x38, 0x34, 0x38, 0xff, 0x08, 0x08, 0x08, 0xff,
    0x08, 0x08, 0x08, 0xff, 0x10, 0x0c, 0x10, 0xff, 0x08, 0x08, 0x08, 0xff,
    0x08, 0x0c, 0x08, 0xff, 0x08, 0x08, 0x08, 0xff, 0x08, 0x0c, 0x08, 0xff,
    0x08, 0x0c, 0x08, 0xff, 0x10, 0x08, 0x10, 0xff, 0x08, 0x0c, 0x08, 0xff,
    0x08, 0x08, 0x08, 0xff, 0x08, 0x0c, 0x08, 0xff, 0x08, 0x08, 0x08, 0xff,
    0x08, 0x08, 0x08, 0xff, 0x10, 0x0c, 0x10, 0xff, 0x08, 0x08, 0x08, 0xff,
    0x10, 0x0c, 0x10, 0xff, 0x08, 0x0c, 0x08, 0xff, 0x08, 0x08, 0x08, 0xff,
    0x10, 0x0c, 0x10, 0xff, 0x08, 0x08, 0x08, 0xff, 0x08, 0x08, 0x08, 0xff,
    0x08, 0x0c, 0x08, 0xff, 0x08, 0x08, 0x08, 0xff, 0x10, 0x0c, 0x10, 0xff,
    0x08, 0x0c, 0x08, 0xff, 0x08, 0x08, 0x08, 0xff, 0x10, 0x0c, 0x10, 0xff,
    0x10, 0x08, 0x10, 0xff, 0x08, 0x08, 0x08, 0xff, 0x08, 0x0c, 0x08, 0xff,
    0x08, 0x0c, 0x08, 0xff, 0x08, 0x08, 0x08, 0xff, 0x08, 0x0c, 0x08, 0xff,
    0x08, 0x08, 0x08, 0xff, 0x10, 0x0c, 0x10, 0xff, 0x08, 0x08, 0x08, 0xff,
    0x08, 0x0c, 0x08, 0xff, 0x10, 0x0c, 0x10, 0xff, 0x08, 0x08, 0x08, 0xff,
    0x08, 0x0c, 0x08, 0xff, 0x10, 0x08, 0x10, 0xff, 0x08, 0x0c, 0x08, 0xff,
    0x08, 0x08, 0x08, 0xff, 0x08, 0x0c, 0x08, 0xff, 0x10, 0x08, 0x10, 0xff,
    0x08, 0x08, 0x08, 0xff, 0x08, 0x0c, 0x08, 0xff, 0x08, 0x08, 0x08, 0xff,
    0x10, 0x0c, 0x10, 0xff, 0x10, 0x0c, 0x10, 0xff, 0x08, 0x08, 0x08, 0xff,
    0x10, 0x0c, 0x10, 0xff, 0x08, 0x0c, 0x08, 0xff, 0x08, 0x08, 0x08, 0xff,
    0x08, 0x08, 0x08, 0xff, 0x38, 0x34, 0x38, 0xff, 0x30, 0x34, 0x30, 0xff,
    0x30, 0x30, 0x30, 0xff, 0x38, 0x34, 0x38, 0xff, 0x00, 0x00, 0x00, 0x00,
    0x00, 0x00, 0x00, 0x00, 0x00, 0x00, 0x00, 0x00, 0x00, 0x00, 0x00, 0x00,
    0x00, 0x00, 0x00, 0x00, 0x00, 0x00, 0x00, 0x00, 0x00, 0x00, 0x00, 0x00,
    0x00, 0x00, 0x00, 0x00, 0x00, 0x00, 0x00, 0x00, 0x00, 0x00, 0x00, 0x00,
    0x00, 0x00, 0x00, 0x00, 0x00, 0x00, 0x00, 0x00, 0x00, 0x00, 0x00, 0x00,
    0x00, 0x00, 0x00, 0x00, 0x00, 0x00, 0x00, 0x00, 0x00, 0x00, 0x00, 0x00,
    0x30, 0x34, 0x30, 0xff, 0x30, 0x30, 0x30, 0xff, 0x38, 0x34, 0x38, 0xff,
    0x30, 0x34, 0x30, 0xff, 0x08, 0x08, 0x08, 0xff, 0x08, 0x0c, 0x08, 0xff,
    0x10, 0x08, 0x10, 0xff, 0x08, 0x0c, 0x08, 0xff, 0x08, 0x08, 0x08, 0xff,
    0x10, 0x08, 0x10, 0xff, 0x08, 0x0c, 0x08, 0xff, 0x08, 0x08, 0x08, 0xff,
    0x08, 0x0c, 0x08, 0xff, 0x10, 0x0c, 0x10, 0xff, 0x08, 0x08, 0x08, 0xff,
    0x08, 0x0c, 0x08, 0xff, 0x10, 0x0c, 0x10, 0xff, 0x08, 0x08, 0x08, 0xff,
    0x08, 0x0c, 0x08, 0xff, 0x08, 0x08, 0x08, 0xff, 0x08, 0x08, 0x08, 0xff,
    0x08, 0x0c, 0x08, 0xff, 0x08, 0x0c, 0x08, 0xff, 0x08, 0x08, 0x08, 0xff,
    0x10, 0x0c, 0x10, 0xff, 0x08, 0x0c, 0x08, 0xff, 0x08, 0x08, 0x08, 0xff,
    0x08, 0x08, 0x08, 0xff, 0x10, 0x0c, 0x10, 0xff, 0x08, 0x08, 0x08, 0xff,
    0x08, 0x0c, 0x08, 0xff, 0x08, 0x0c, 0x08, 0xff, 0x08, 0x08, 0x08, 0xff,
    0x10, 0x08, 0x10, 0xff, 0x08, 0x0c, 0x08, 0xff, 0x08, 0x08, 0x08, 0xff,
    0x10, 0x0c, 0x10, 0xff, 0x08, 0x08, 0x08, 0xff, 0x08, 0x0c, 0x08, 0xff,
    0x08, 0x08, 0x08, 0xff, 0x10, 0x08, 0x10, 0xff, 0x08, 0x0c, 0x08, 0xff,
    0x08, 0x08, 0x08, 0xff, 0x08, 0x0c, 0x08, 0xff, 0x08, 0x0c, 0x08, 0xff,
    0x10, 0x08, 0x10, 0xff, 0x08, 0x08, 0x08, 0xff, 0x08, 0x0c, 0x08, 0xff,
    0x08, 0x0c, 0x08, 0xff, 0x08, 0x08, 0x08, 0xff, 0x10, 0x0c, 0x10, 0xff,
    0x08, 0x08, 0x08, 0xff, 0x08, 0x08, 0x08, 0xff, 0x08, 0x0c, 0x08, 0xff,
    0x08, 0x08, 0x08, 0xff, 0x08, 0x08, 0x08, 0xff, 0x10, 0x0c, 0x10, 0xff,
    0x08, 0x0c, 0x08, 0xff, 0x08, 0x08, 0x08, 0xff, 0x10, 0x0c, 0x10, 0xff,
    0x30, 0x34, 0x30, 0xff, 0x30, 0x34, 0x30, 0xff, 0x38, 0x34, 0x38, 0xff,
    0x30, 0x34, 0x30, 0xff, 0x00, 0x00, 0x00, 0x00, 0x00, 0x00, 0x00, 0x00,
    0x00, 0x00, 0x00, 0x00, 0x00, 0x00, 0x00, 0x00, 0x00, 0x00, 0x00, 0x00,
    0x00, 0x00, 0x00, 0x00, 0x00, 0x00, 0x00, 0x00, 0x00, 0x00, 0x00, 0x00,
    0x00, 0x00, 0x00, 0x00, 0x00, 0x00, 0x00, 0x00, 0x00, 0x00, 0x00, 0x00,
    0x00, 0x00, 0x00, 0x00, 0x00, 0x00, 0x00, 0x00, 0x00, 0x00, 0x00, 0x00,
    0x00, 0x00, 0x00, 0x00, 0x00, 0x00, 0x00, 0x00, 0x38, 0x34, 0x38, 0xff,
    0x30, 0x30, 0x30, 0xff, 0x30, 0x34, 0x30, 0xff, 0x38, 0x34, 0x38, 0xff,
    0x08, 0x08, 0x08, 0xff, 0x08, 0x0c, 0x08, 0xff, 0x08, 0x0c, 0x08, 0xff,
    0x08, 0x08, 0x08, 0xff, 0x10, 0x0c, 0x10, 0xff, 0x08, 0x0c, 0x08, 0xff,
    0x08, 0x08, 0x08, 0xff, 0x10, 0x08, 0x10, 0xff, 0x08, 0x0c, 0x08, 0xff,
    0x08, 0x08, 0x08, 0xff, 0x10, 0x08, 0x10, 0xff, 0x08, 0x0c, 0x08, 0xff,
    0x08, 0x08, 0x08, 0xff, 0x08, 0x0c, 0x08, 0xff, 0x08, 0x0c, 0x08, 0xff,
    0x10, 0x08, 0x10, 0xff, 0x08, 0x08, 0x08, 0xff, 0x10, 0x0c, 0x10, 0xff,
    0x08, 0x08, 0x08, 0xff, 0x08, 0x08, 0x08, 0xff, 0x08, 0x0c, 0x08, 0xff,
    0x10, 0x0c, 0x10, 0xff, 0x08, 0x08, 0x08, 0xff, 0x08, 0x0c, 0x08, 0xff,
    0x08, 0x08, 0x08, 0xff, 0x10, 0x08, 0x10, 0xff, 0x08, 0x0c, 0x08, 0xff,
    0x08, 0x08, 0x08, 0xff, 0x08, 0x0c, 0x08, 0xff, 0x08, 0x0c, 0x08, 0xff,
    0x10, 0x08, 0x10, 0xff, 0x08, 0x08, 0x08, 0xff, 0x08, 0x0c, 0x08, 0xff,
    0x10, 0x0c, 0x10, 0xff, 0x08, 0x08, 0x08, 0xff, 0x08, 0x0c, 0x08, 0xff,
    0x08, 0x0c, 0x08, 0xff, 0x08, 0x08, 0x08, 0xff, 0x10, 0x08, 0x10, 0xff,
    0x08, 0x0c, 0x08, 0xff, 0x08, 0x08, 0x08, 0xff, 0x08, 0x0c, 0x08, 0xff,
    0x10, 0x08, 0x10, 0xff, 0x08, 0x0c, 0x08, 0xff, 0x10, 0x08, 0x10, 0xff,
    0x08, 0x0c, 0x08, 0xff, 0x08, 0x0c, 0x08, 0xff, 0x10, 0x08, 0x10, 0xff,
    0x08, 0x0c, 0x08, 0xff, 0x08, 0x0c, 0x08, 0xff, 0x08, 0x08, 0x08, 0xff,
    0x08, 0x0c, 0x08, 0xff, 0x08, 0x08, 0x08, 0xff, 0x10, 0x08, 0x10, 0xff,
    0x08, 0x0c, 0x08, 0xff, 0x08, 0x08, 0x08, 0xff, 0x38, 0x34, 0x38, 0xff,
    0x30, 0x34, 0x30, 0xff, 0x38, 0x30, 0x38, 0xff, 0x30, 0x34, 0x30, 0xff,
    0x00, 0x00, 0x00, 0x00, 0x00, 0x00, 0x00, 0x00, 0x00, 0x00, 0x00, 0x00,
    0x00, 0x00, 0x00, 0x00, 0x00, 0x00, 0x00, 0x00, 0x00, 0x00, 0x00, 0x00,
    0x00, 0x00, 0x00, 0x00, 0x00, 0x00, 0x00, 0x00, 0x00, 0x00, 0x00, 0x00,
    0x00, 0x00, 0x00, 0x00, 0x00, 0x00, 0x00, 0x00, 0x00, 0x00, 0x00, 0x00,
    0x00, 0x00, 0x00, 0x00, 0x00, 0x00, 0x00, 0x00, 0x00, 0x00, 0x00, 0x00,
    0x00, 0x00, 0x00, 0x00, 0x30, 0x34, 0x30, 0xff, 0x38, 0x34, 0x38, 0xff,
    0x30, 0x34, 0x30, 0xff, 0x38, 0x34, 0x38, 0xff, 0x08, 0x08, 0x08, 0xff,
    0x08, 0x08, 0x08, 0xff, 0x10, 0x0c, 0x10, 0xff, 0x08, 0x08, 0x08, 0xff,
    0x08, 0x08, 0x08, 0xff, 0x08, 0x0c, 0x08, 0xff, 0x08, 0x0c, 0x08, 0xff,
    0x10, 0x08, 0x10, 0xff, 0x08, 0x0c, 0x08, 0xff, 0x08, 0x08, 0x08, 0xff,
    0x08, 0x0c, 0x08, 0xff, 0x08, 0x08, 0x08, 0xff, 0x10, 0x08, 0x10, 0xff,
    0x08, 0x0c, 0x08, 0xff, 0x08, 0x08, 0x08, 0xff, 0x08, 0x0c, 0x08, 0xff,
    0x08, 0x0c, 0x08, 0xff, 0x10, 0x08, 0x10, 0xff, 0x08, 0x0c, 0x08, 0xff,
    0x08, 0x08, 0x08, 0xff, 0x10, 0x08, 0x10, 0xff, 0x08, 0x0c, 0x08, 0xff,
    0x08, 0x08, 0x08, 0xff, 0x10, 0x0c, 0x10, 0xff, 0x08, 0x0c, 0x08, 0xff,
    0x08, 0x08, 0x08, 0xff, 0x10, 0x08, 0x10, 0xff, 0x08, 0x0c, 0x08, 0xff,
    0x08, 0x08, 0x08, 0xff, 0x10, 0x0c, 0x10, 0xff, 0x08, 0x0c, 0x08, 0xff,
    0x08, 0x08, 0x08, 0xff, 0x08, 0x08, 0x08, 0xff, 0x08, 0x0c, 0x08, 0xff,
    0x10, 0x08, 0x10, 0xff, 0x08, 0x08, 0x08, 0xff, 0x08, 0x0c, 0x08, 0xff,
    0x10, 0x0c, 0x10, 0xff, 0x08, 0x08, 0x08, 0xff, 0x08, 0x08, 0x08, 0xff,
    0x10, 0x0c, 0x10, 0xff, 0x08, 0x08, 0x08, 0xff, 0x08, 0x0c, 0x08, 0xff,
    0x08, 0x08, 0x08, 0xff, 0x08, 0x08, 0x08, 0xff, 0x08, 0x0c, 0x08, 0xff,
    0x08, 0x08, 0x08, 0xff, 0x08, 0x08, 0x08, 0xff, 0x10, 0x0c, 0x10, 0xff,
    0x08, 0x08, 0x08, 0xff, 0x10, 0x0c, 0x10, 0xff, 0x08, 0x0c, 0x08, 0xff,
    0x08, 0x08, 0x08, 0xff, 0x08, 0x0c, 0x08, 0xff, 0x08, 0x08, 0x08, 0xff,
    0x08, 0x08, 0x08, 0xff, 0x38, 0x34, 0x38, 0xff, 0x30, 0x34, 0x30, 0xff,
    0x30, 0x30, 0x30, 0xff, 0x38, 0x34, 0x38, 0xff, 0x00, 0x00, 0x00, 0x00,
    0x00, 0x00, 0x00, 0x00, 0x00, 0x00, 0x00, 0x00, 0x00, 0x00, 0x00, 0x00,
    0x00, 0x00, 0x00, 0x00, 0x00, 0x00, 0x00, 0x00, 0x00, 0x00, 0x00, 0x00,
    0x00, 0x00, 0x00, 0x00, 0x00, 0x00, 0x00, 0x00, 0x00, 0x00, 0x00, 0x00,
    0x00, 0x00, 0x00, 0x00, 0x00, 0x00, 0x00, 0x00, 0x00, 0x00, 0x00, 0x00,
    0x00, 0x00, 0x00, 0x00, 0x00, 0x00, 0x00, 0x00, 0x00, 0x00, 0x00, 0x00,
    0x30, 0x30, 0x30, 0xff, 0x30, 0x34, 0x30, 0xff, 0x38, 0x34, 0x38, 0xff,
    0x30, 0x34, 0x30, 0xff, 0x08, 0x08, 0x08, 0xff, 0x10, 0x0c, 0x10, 0xff,
    0x08, 0x08, 0x08, 0xff, 0x08, 0x0c, 0x08, 0xff, 0x10, 0x08, 0x10, 0xff,
    0x08, 0x08, 0x08, 0xff, 0x08, 0x0c, 0x08, 0xff, 0x08, 0x0c, 0x08, 0xff,
    0x08, 0x08, 0x08, 0xff, 0x10, 0x0c, 0x10, 0xff, 0x08, 0x0c, 0x08, 0xff,
    0x08, 0x08, 0x08, 0xff, 0x10, 0x0c, 0x10, 0xff, 0x08, 0x08, 0x08, 0xff,
    0x10, 0x08, 0x10, 0xff, 0x08, 0x0c, 0x08, 0xff, 0x08, 0x08, 0x08, 0xff,
    0x08, 0x0c, 0x08, 0xff, 0x08, 0x0c, 0x08, 0xff, 0x08, 0x08, 0x08, 0xff,
    0x10, 0x0c, 0x10, 0xff, 0x08, 0x08, 0x08, 0xff, 0x08, 0x08, 0x08, 0xff,
    0x08, 0x0c, 0x08, 0xff, 0x08, 0x0c, 0x08, 0xff, 0x08, 0x08, 0x08, 0xff,
    0x08, 0x0c, 0x08, 0xff, 0x10, 0x0c, 0x10, 0xff, 0x08, 0x08, 0x08, 0xff,
    0x08, 0x08, 0x08, 0xff, 0x08, 0x0c, 0x08, 0xff, 0x10, 0x0c, 0x10, 0xff,
    0x08, 0x08, 0x08, 0xff, 0x08, 0x0c, 0x08, 0xff, 0x08, 0x0c, 0x08, 0xff,
    0x08, 0x08, 0x08, 0xff, 0x10, 0x08, 0x10, 0xff, 0x08, 0x0c, 0x08, 0xff,
    0x08, 0x0c, 0x08, 0xff, 0x08, 0x08, 0x08, 0xff, 0x10, 0x0c, 0x10, 0xff,
    0x08, 0x0c, 0x08, 0xff, 0x08, 0x08, 0x08, 0xff, 0x10, 0x0c, 0x10, 0xff,
    0x08, 0x0c, 0x08, 0xff, 0x10, 0x08, 0x10, 0xff, 0x08, 0x0c, 0x08, 0xff,
    0x08, 0x0c, 0x08, 0xff, 0x08, 0x08, 0x08, 0xff, 0x08, 0x08, 0x08, 0xff,
    0x10, 0x0c, 0x10, 0xff, 0x08, 0x08, 0x08, 0xff, 0x08, 0x0c, 0x08, 0xff,
    0x10, 0x0c, 0x10, 0xff, 0x08, 0x08, 0x08, 0xff, 0x08, 0x0c, 0x08, 0xff,
    0x38, 0x34, 0x38, 0xff, 0x30, 0x34, 0x30, 0xff, 0x30, 0x34, 0x30, 0xff,
    0x38, 0x34, 0x38, 0xff, 0x00, 0x00, 0x00, 0x00, 0x00, 0x00, 0x00, 0x00,
    0x00, 0x00, 0x00, 0x00, 0x00, 0x00, 0x00, 0x00, 0x00, 0x00, 0x00, 0x00,
    0x00, 0x00, 0x00, 0x00, 0x00, 0x00, 0x00, 0x00, 0x00, 0x00, 0x00, 0x00,
    0x00, 0x00, 0x00, 0x00, 0x00, 0x00, 0x00, 0x00, 0x00, 0x00, 0x00, 0x00,
    0x00, 0x00, 0x00, 0x00, 0x00, 0x00, 0x00, 0x00, 0x00, 0x00, 0x00, 0x00,
    0x00, 0x00, 0x00, 0x00, 0x00, 0x00, 0x00, 0x00, 0x38, 0x34, 0x38, 0xff,
    0x30, 0x30, 0x30, 0xff, 0x30, 0x34, 0x30, 0xff, 0x38, 0x34, 0x38, 0xff,
    0x08, 0x08, 0x08, 0xff, 0x08, 0x0c, 0x08, 0xff, 0x08, 0x0c, 0x08, 0xff,
    0x08, 0x08, 0x08, 0xff, 0x10, 0x0c, 0x10, 0xff, 0x08, 0x08, 0x08, 0xff,
    0x08, 0x08, 0x08, 0xff, 0x10, 0x0c, 0x10, 0xff, 0x08, 0x08, 0x08, 0xff,
    0x08, 0x08, 0x08, 0xff, 0x08, 0x0c, 0x08, 0xff, 0x08, 0x0c, 0x08, 0xff,
    0x08, 0x08, 0x08, 0xff, 0x08, 0x0c, 0x08, 0xff, 0x08, 0x0c, 0x08, 0xff,
    0x10, 0x08, 0x10, 0xff, 0x08, 0x08, 0x08, 0xff, 0x10, 0x0c, 0x10, 0xff,
    0x08, 0x08, 0x08, 0xff, 0x08, 0x0c, 0x08, 0xff, 0x08, 0x0c, 0x08, 0xff,
    0x08, 0x08, 0x08, 0xff, 0x10, 0x0c, 0x10, 0xff, 0x08, 0x08, 0x08, 0xff,
    0x10, 0x08, 0x10, 0xff, 0x08, 0x0c, 0x08, 0xff, 0x08, 0x08, 0x08, 0xff,
    0x08, 0x0c, 0x08, 0xff, 0x10, 0x08, 0x10, 0xff, 0x08, 0x08, 0x08, 0xff,
    0x08, 0x0c, 0x08, 0xff, 0x08, 0x08, 0x08, 0xff, 0x10, 0x08, 0x10, 0xff,
    0x08, 0x0c, 0x08, 0xff, 0x08, 0x0c, 0x08, 0xff, 0x10, 0x08, 0x10, 0xff,
    0x08, 0x08, 0x08, 0xff, 0x08, 0x0c, 0x08, 0xff, 0x08, 0x08, 0x08, 0xff,
    0x08, 0x0c, 0x08, 0xff, 0x08, 0x08, 0x08, 0xff, 0x08, 0x08, 0x08, 0xff,
    0x10, 0x0c, 0x10, 0xff, 0x08, 0x08, 0x08, 0xff, 0x08, 0x0c, 0x08, 0xff,
    0x08, 0x08, 0x08, 0xff, 0x10, 0x08, 0x10, 0xff, 0x08, 0x0c, 0x08, 0xff,
    0x08, 0x0c, 0x08, 0xff, 0x08, 0x08, 0x08, 0xff, 0x08, 0x08, 0x08, 0xff,
    0x10, 0x0c, 0x10, 0xff, 0x08, 0x08, 0x08, 0xff, 0x08, 0x08, 0x08, 0xff,
    0x10, 0x0c, 0x10, 0xff, 0x08, 0x08, 0x08, 0xff, 0x30, 0x34, 0x30, 0xff,
    0x38, 0x34, 0x38, 0xff, 0x30, 0x30, 0x30, 0xff, 0x30, 0x34, 0x30, 0xff,
    0x00, 0x00, 0x00, 0x00, 0x00, 0x00, 0x00, 0x00, 0x00, 0x00, 0x00, 0x00,
    0x00, 0x00, 0x00, 0x00, 0x00, 0x00, 0x00, 0x00, 0x00, 0x00, 0x00, 0x00,
    0x00, 0x00, 0x00, 0x00, 0x00, 0x00, 0x00, 0x00, 0x00, 0x00, 0x00, 0x00,
    0x00, 0x00, 0x00, 0x00, 0x00, 0x00, 0x00, 0x00, 0x00, 0x00, 0x00, 0x00,
    0x00, 0x00, 0x00, 0x00, 0x00, 0x00, 0x00, 0x00, 0x00, 0x00, 0x00, 0x00,
    0x00, 0x00, 0x00, 0x00, 0x30, 0x34, 0x30, 0xff, 0x38, 0x34, 0x38, 0xff,
    0x30, 0x34, 0x30, 0xff, 0x30, 0x30, 0x30, 0xff, 0x08, 0x08, 0x08, 0xff,
    0x10, 0x0c, 0x10, 0xff, 0x08, 0x08, 0x08, 0xff, 0x08, 0x08, 0x08, 0xff,
    0x08, 0x0c, 0x08, 0xff, 0x08, 0x0c, 0x08, 0xff, 0x10, 0x08, 0x10, 0xff,
    0x08, 0x0c, 0x08, 0xff, 0x08, 0x0c, 0x08, 0xff, 0x10, 0x08, 0x10, 0xff,
    0x08, 0x08, 0x08, 0xff, 0x10, 0x0c, 0x10, 0xff, 0x08, 0x08, 0x08, 0xff,
    0x08, 0x0c, 0x08, 0xff, 0x08, 0x0c, 0x08, 0xff, 0x08, 0x08, 0x08, 0xff,
    0x08, 0x0c, 0x08, 0xff, 0x10, 0x08, 0x10, 0xff, 0x08, 0x08, 0x08, 0xff,
    0x08, 0x0c, 0x08, 0xff, 0x10, 0x08, 0x10, 0xff, 0x08, 0x0c, 0x08, 0xff,
    0x08, 0x0c, 0x08, 0xff, 0x08, 0x08, 0x08, 0xff, 0x10, 0x0c, 0x10, 0xff,
    0x08, 0x08, 0x08, 0xff, 0x08, 0x08, 0x08, 0xff, 0x08, 0x0c, 0x08, 0xff,
    0x08, 0x0c, 0x08, 0xff, 0x10, 0x08, 0x10, 0xff, 0x08, 0x0c, 0x08, 0xff,
    0x08, 0x0c, 0x08, 0xff, 0x08, 0x08, 0x08, 0xff, 0x10, 0x08, 0x10, 0xff,
    0x08, 0x0c, 0x08, 0xff, 0x08, 0x0c, 0x08, 0xff, 0x08, 0x08, 0x08, 0xff,
    0x10, 0x0c, 0x10, 0xff, 0x10, 0x08, 0x10, 0xff, 0x08, 0x0c, 0x08, 0xff,
    0x08, 0x08, 0x08, 0xff, 0x10, 0x0c, 0x10, 0xff, 0x08, 0x08, 0x08, 0xff,
    0x08, 0x0c, 0x08, 0xff, 0x08, 0x08, 0x08, 0xff, 0x08, 0x0c, 0x08, 0xff,
    0x10, 0x08, 0x10, 0xff, 0x08, 0x08, 0x08, 0xff, 0x10, 0x0c, 0x10, 0xff,
    0x08, 0x0c, 0x08, 0xff, 0x08, 0x08, 0x08, 0xff, 0x08, 0x0c, 0x08, 0xff,
    0x08, 0x08, 0x08, 0xff, 0x08, 0x0c, 0x08, 0xff, 0x08, 0x08, 0x08, 0xff,
    0x08, 0x08, 0x08, 0xff, 0x38, 0x34, 0x38, 0xff, 0x30, 0x34, 0x30, 0xff,
    0x38, 0x30, 0x38, 0xff, 0x30, 0x34, 0x30, 0xff, 0x00, 0x00, 0x00, 0x00,
    0x00, 0x00, 0x00, 0x00, 0x00, 0x00, 0x00, 0x00, 0x00, 0x00, 0x00, 0x00,
    0x00, 0x00, 0x00, 0x00, 0x00, 0x00, 0x00, 0x00, 0x00, 0x00, 0x00, 0x00,
    0x00, 0x00, 0x00, 0x00, 0x00, 0x00, 0x00, 0x00, 0x00, 0x00, 0x00, 0x00,
    0x00, 0x00, 0x00, 0x00, 0x00, 0x00, 0x00, 0x00, 0x00, 0x00, 0x00, 0x00,
    0x00, 0x00, 0x00, 0x00, 0x00, 0x00, 0x00, 0x00, 0x00, 0x00, 0x00, 0x00,
    0x30, 0x34, 0x30, 0xff, 0x38, 0x34, 0x38, 0xff, 0x38, 0x34, 0x38, 0xff,
    0x30, 0x34, 0x30, 0xff, 0x08, 0x08, 0x08, 0xff, 0x10, 0x0c, 0x10, 0xff,
    0x08, 0x08, 0x08, 0xff, 0x08, 0x0c, 0x08, 0xff, 0x10, 0x0c, 0x10, 0xff,
    0x08, 0x08, 0x08, 0xff, 0x08, 0x08, 0x08, 0xff, 0x08, 0x0c, 0x08, 0xff,
    0x08, 0x08, 0x08, 0xff, 0x08, 0x0c, 0x08, 0xff, 0x10, 0x08, 0x10, 0xff,
    0x08, 0x08, 0x08, 0xff, 0x10, 0x0c, 0x10, 0xff, 0x08, 0x08, 0x08, 0xff,
    0x10, 0x08, 0x10, 0xff, 0x08, 0x0c, 0x08, 0xff, 0x08, 0x0c, 0x08, 0xff,
    0x08, 0x08, 0x08, 0xff, 0x08, 0x0c, 0x08, 0xff, 0x10, 0x08, 0x10, 0xff,
    0x08, 0x08, 0x08, 0xff, 0x08, 0x0c, 0x08, 0xff, 0x08, 0x08, 0x08, 0xff,
    0x08, 0x0c, 0x08, 0xff, 0x08, 0x0c, 0x08, 0xff, 0x10, 0x08, 0x10, 0xff,
    0x08, 0x0c, 0x08, 0xff, 0x08, 0x08, 0x08, 0xff, 0x10, 0x0c, 0x10, 0xff,
    0x08, 0x08, 0x08, 0xff, 0x08, 0x08, 0x08, 0xff, 0x10, 0x0c, 0x10, 0xff,
    0x08, 0x0c, 0x08, 0xff, 0x08, 0x08, 0x08, 0xff, 0x08, 0x08, 0x08, 0xff,
    0x08, 0x0c, 0x08, 0xff, 0x08, 0x0c, 0x08, 0xff, 0x08, 0x08, 0x08, 0xff,
    0x08, 0x0c, 0x08, 0xff, 0x08, 0x08, 0x08, 0xff, 0x10, 0x0c, 0x10, 0xff,
    0x08, 0x0c, 0x08, 0xff, 0x08, 0x08, 0x08, 0xff, 0x10, 0x08, 0x10, 0xff,
    0x08, 0x0c, 0x08, 0xff, 0x08, 0x0c, 0x08, 0xff, 0x08, 0x0c, 0x08, 0xff,
    0x08, 0x08, 0x08, 0xff, 0x08, 0x08, 0x08, 0xff, 0x10, 0x0c, 0x10, 0xff,
    0x08, 0x0c, 0x08, 0xff, 0x10, 0x08, 0x10, 0xff, 0x08, 0x0c, 0x08, 0xff,
    0x10, 0x0c, 0x10, 0xff, 0x08, 0x08, 0x08, 0xff, 0x08, 0x0c, 0x08, 0xff,
    0x38, 0x34, 0x38, 0xff, 0x30, 0x34, 0x30, 0xff, 0x30, 0x34, 0x30, 0xff,
    0x38, 0x34, 0x38, 0xff, 0x00, 0x00, 0x00, 0x00, 0x00, 0x00, 0x00, 0x00,
    0x00, 0x00, 0x00, 0x00, 0x00, 0x00, 0x00, 0x00, 0x00, 0x00, 0x00, 0x00,
    0x00, 0x00, 0x00, 0x00, 0x00, 0x00, 0x00, 0x00, 0x00, 0x00, 0x00, 0x00,
    0x00, 0x00, 0x00, 0x00, 0x00, 0x00, 0x00, 0x00, 0x00, 0x00, 0x00, 0x00,
    0x00, 0x00, 0x00, 0x00, 0x00, 0x00, 0x00, 0x00, 0x00, 0x00, 0x00, 0x00,
    0x00, 0x00, 0x00, 0x00, 0x00, 0x00, 0x00, 0x00, 0x30, 0x30, 0x30, 0xff,
    0x30, 0x30, 0x30, 0xff, 0x38, 0x34, 0x38, 0xff, 0x30, 0x34, 0x30, 0xff,
    0x08, 0x08, 0x08, 0xff, 0x08, 0x0c, 0x08, 0xff, 0x08, 0x08, 0x08, 0xff,
    0x10, 0x08, 0x10, 0xff, 0x08, 0x0c, 0x08, 0xff, 0x08, 0x08, 0x08, 0xff,
    0x10, 0x0c, 0x10, 0xff, 0x08, 0x08, 0x08, 0xff, 0x08, 0x0c, 0x08, 0xff,
    0x08, 0x0c, 0x08, 0xff, 0x08, 0x08, 0x08, 0xff, 0x08, 0x0c, 0x08, 0xff,
    0x08, 0x0c, 0x08, 0xff, 0x08, 0x08, 0x08, 0xff, 0x10, 0x08, 0x10, 0xff,
    0x08, 0x0c, 0x08, 0xff, 0x08, 0x08, 0x08, 0xff, 0x10, 0x0c, 0x10, 0xff,
    0x08, 0x0c, 0x08, 0xff, 0x08, 0x08, 0x08, 0xff, 0x08, 0x0c, 0x08, 0xff,
    0x10, 0x08, 0x10, 0xff, 0x10, 0x08, 0x10, 0xff, 0x08, 0x0c, 0x08, 0xff,
    0x08, 0x08, 0x08, 0xff, 0x08, 0x0c, 0x08, 0xff, 0x10, 0x08, 0x10, 0xff,
    0x08, 0x0c, 0x08, 0xff, 0x08, 0x08, 0x08, 0xff, 0x08, 0x0c, 0x08, 0xff,
    0x08, 0x08, 0x08, 0xff, 0x08, 0x08, 0x08, 0xff, 0x10, 0x0c, 0x10, 0xff,
    0x08, 0x0c, 0x08, 0xff, 0x10, 0x08, 0x10, 0xff, 0x10, 0x08, 0x10, 0xff,
    0x08, 0x0c, 0x08, 0xff, 0x08, 0x08, 0x08, 0xff, 0x08, 0x08, 0x08, 0xff,
    0x10, 0x0c, 0x10, 0xff, 0x08, 0x08, 0x08, 0xff, 0x08, 0x0c, 0x08, 0xff,
    0x08, 0x08, 0x08, 0xff, 0x08, 0x0c, 0x08, 0xff, 0x10, 0x08, 0x10, 0xff,
    0x08, 0x08, 0x08, 0xff, 0x08, 0x0c, 0x08, 0xff, 0x10, 0x0c, 0x10, 0xff,
    0x08, 0x08, 0x08, 0xff, 0x08, 0x08, 0x08, 0xff, 0x08, 0x0c, 0x08, 0xff,
    0x08, 0x08, 0x08, 0xff, 0x10, 0x08, 0x10, 0xff, 0x08, 0x0c, 0x08, 0xff,
    0x08, 0x08, 0x08, 0xff, 0x08, 0x08, 0x08, 0xff, 0x38, 0x34, 0x38, 0xff,
    0x30, 0x34, 0x30, 0xff, 0x30, 0x30, 0x30, 0xff, 0x38, 0x34, 0x38, 0xff,
    0x00, 0x00, 0x00, 0x00, 0x00, 0x00, 0x00, 0x00, 0x00, 0x00, 0x00, 0x00,
    0x00, 0x00, 0x00, 0x00, 0x00, 0x00, 0x00, 0x00, 0x00, 0x00, 0x00, 0x00,
    0x00, 0x00, 0x00, 0x00, 0x00, 0x00, 0x00, 0x00, 0x00, 0x00, 0x00, 0x00,
    0x00, 0x00, 0x00, 0x00, 0x00, 0x00, 0x00, 0x00, 0x00, 0x00, 0x00, 0x00,
    0x00, 0x00, 0x00, 0x00, 0x00, 0x00, 0x00, 0x00, 0x00, 0x00, 0x00, 0x00,
    0x00, 0x00, 0x00, 0x00, 0x30, 0x34, 0x30, 0xff, 0x30, 0x34, 0x30, 0xff,
    0x38, 0x34, 0x38, 0xff, 0x30, 0x34, 0x30, 0xff, 0x08, 0x08, 0x08, 0xff,
    0x10, 0x0c, 0x10, 0xff, 0x08, 0x0c, 0x08, 0xff, 0x08, 0x08, 0x08, 0xff,
    0x08, 0x0c, 0x08, 0xff, 0x08, 0x0c, 0x08, 0xff, 0x10, 0x08, 0x10, 0xff,
    0x08, 0x0c, 0x08, 0xff, 0x10, 0x08, 0x10, 0xff, 0x10, 0x08, 0x10, 0xff,
    0x08, 0x0c, 0x08, 0xff, 0x08, 0x08, 0x08, 0xff, 0x08, 0x0c, 0x08, 0xff,
    0x08, 0x0c, 0x08, 0xff, 0x08, 0x08, 0x08, 0xff, 0x08, 0x0c, 0x08, 0xff,
    0x10, 0x08, 0x10, 0xff, 0x08, 0x08, 0x08, 0xff, 0x08, 0x0c, 0x08, 0xff,
    0x08, 0x0c, 0x08, 0xff, 0x08, 0x08, 0x08, 0xff, 0x08, 0x0c, 0x08, 0xff,
    0x08, 0x0c, 0x08, 0xff, 0x10, 0x08, 0x10, 0xff, 0x08, 0x08, 0x08, 0xff,
    0x08, 0x0c, 0x08, 0xff, 0x08, 0x0c, 0x08, 0xff, 0x10, 0x08, 0x10, 0xff,
    0x08, 0x0c, 0x08, 0xff, 0x08, 0x0c, 0x08, 0xff, 0x10, 0x0c, 0x10, 0xff,
    0x08, 0x08, 0x08, 0xff, 0x08, 0x08, 0x08, 0xff, 0x08, 0x0c, 0x08, 0xff,
    0x08, 0x0c, 0x08, 0xff, 0x08, 0x08, 0x08, 0xff, 0x10, 0x0c, 0x10, 0xff,
    0x08, 0x0c, 0x08, 0xff, 0x08, 0x08, 0x08, 0xff, 0x08, 0x0c, 0x08, 0xff,
    0x08, 0x08, 0x08, 0xff, 0x10, 0x08, 0x10, 0xff, 0x08, 0x0c, 0x08, 0xff,
    0x08, 0x0c, 0x08, 0xff, 0x08, 0x08, 0x08, 0xff, 0x10, 0x08, 0x10, 0xff,
    0x08, 0x0c, 0x08, 0xff, 0x08, 0x08, 0x08, 0xff, 0x10, 0x0c, 0x10, 0xff,
    0x08, 0x0c, 0x08, 0xff, 0x08, 0x08, 0x08, 0xff, 0x08, 0x0c, 0x08, 0xff,
    0x08, 0x08, 0x08, 0xff, 0x08, 0x0c, 0x08, 0xff, 0x10, 0x0c, 0x10, 0xff,
    0x08, 0x08, 0x08, 0xff, 0x38, 0x34, 0x38, 0xff, 0x30, 0x34, 0x30, 0xff,
    0x30, 0x30, 0x30, 0xff, 0x38, 0x34, 0x38, 0xff, 0x00, 0x00, 0x00, 0x00,
    0x00, 0x00, 0x00, 0x00, 0x00, 0x00, 0x00, 0x00, 0x00, 0x00, 0x00, 0x00,
    0x00, 0x00, 0x00, 0x00, 0x00, 0x00, 0x00, 0x00, 0x00, 0x00, 0x00, 0x00,
    0x00, 0x00, 0x00, 0x00, 0x00, 0x00, 0x00, 0x00, 0x00, 0x00, 0x00, 0x00,
    0x00, 0x00, 0x00, 0x00, 0x00, 0x00, 0x00, 0x00, 0x00, 0x00, 0x00, 0x00,
    0x00, 0x00, 0x00, 0x00, 0x00, 0x00, 0x00, 0x00, 0x00, 0x00, 0x00, 0x00,
    0x38, 0x34, 0x38, 0xff, 0x30, 0x34, 0x30, 0xff, 0x38, 0x30, 0x38, 0xff,
    0x30, 0x34, 0x30, 0xff, 0x08, 0x08, 0x08, 0xff, 0x10, 0x08, 0x10, 0xff,
    0x08, 0x0c, 0x08, 0xff, 0x08, 0x08, 0x08, 0xff, 0x10, 0x08, 0x10, 0xff,
    0x08, 0x0c, 0x08, 0xff, 0x08, 0x08, 0x08, 0xff, 0x08, 0x0c, 0x08, 0xff,
    0x08, 0x08, 0x08, 0xff, 0x08, 0x0c, 0x08, 0xff, 0x10, 0x08, 0x10, 0xff,
    0x08, 0x08, 0x08, 0xff, 0x10, 0x0c, 0x10, 0xff, 0x10, 0x08, 0x10, 0xff,
    0x08, 0x0c, 0x08, 0xff, 0x08, 0x0c, 0x08, 0xff, 0x08, 0x08, 0x08, 0xff,
    0x10, 0x08, 0x10, 0xff, 0x08, 0x0c, 0x08, 0xff, 0x10, 0x08, 0x10, 0xff,
    0x10, 0x08, 0x10, 0xff, 0x08, 0x0c, 0x08, 0xff, 0x08, 0x0c, 0x08, 0xff,
    0x08, 0x08, 0x08, 0xff, 0x10, 0x0c, 0x10, 0xff, 0x08, 0x08, 0x08, 0xff,
    0x08, 0x08, 0x08, 0xff, 0x08, 0x0c, 0x08, 0xff, 0x10, 0x08, 0x10, 0xff,
    0x08, 0x08, 0x08, 0xff, 0x08, 0x0c, 0x08, 0xff, 0x10, 0x0c, 0x10, 0xff,
    0x08, 0x08, 0x08, 0xff, 0x08, 0x08, 0x08, 0xff, 0x08, 0x0c, 0x08, 0xff,
    0x08, 0x08, 0x08, 0xff, 0x08, 0x08, 0x08, 0xff, 0x10, 0x0c, 0x10, 0xff,
    0x08, 0x08, 0x08, 0xff, 0x08, 0x0c, 0x08, 0xff, 0x10, 0x0c, 0x10, 0xff,
    0x08, 0x08, 0x08, 0xff, 0x08, 0x0c, 0x08, 0xff, 0x10, 0x08, 0x10, 0xff,
    0x08, 0x0c, 0x08, 0xff, 0x08, 0x0c, 0x08, 0xff, 0x08, 0x08, 0x08, 0xff,
    0x08, 0x08, 0x08, 0xff, 0x08, 0x0c, 0x08, 0xff, 0x10, 0x08, 0x10, 0xff,
    0x08, 0x08, 0x08, 0xff, 0x10, 0x0c, 0x10, 0xff, 0x08, 0x0c, 0x08, 0xff,
    0x08, 0x08, 0x08, 0xff, 0x08, 0x08, 0x08, 0xff, 0x08, 0x0c, 0x08, 0xff,
    0x38, 0x34, 0x38, 0xff, 0x30, 0x34, 0x30, 0xff, 0x30, 0x34, 0x30, 0xff,
    0x30, 0x34, 0x30, 0xff, 0x00, 0x00, 0x00, 0x00, 0x00, 0x00, 0x00, 0x00,
    0x00, 0x00, 0x00, 0x00, 0x00, 0x00, 0x00, 0x00, 0x00, 0x00, 0x00, 0x00,
    0x00, 0x00, 0x00, 0x00, 0x00, 0x00, 0x00, 0x00, 0x00, 0x00, 0x00, 0x00,
    0x00, 0x00, 0x00, 0x00, 0x00, 0x00, 0x00, 0x00, 0x00, 0x00, 0x00, 0x00,
    0x00, 0x00, 0x00, 0x00, 0x00, 0x00, 0x00, 0x00, 0x00, 0x00, 0x00, 0x00,
    0x00, 0x00, 0x00, 0x00, 0x00, 0x00, 0x00, 0x00, 0x30, 0x34, 0x30, 0xff,
    0x38, 0x30, 0x38, 0xff, 0x30, 0x34, 0x30, 0xff, 0x30, 0x34, 0x30, 0xff,
    0x08, 0x08, 0x08, 0xff, 0x08, 0x0c, 0x08, 0xff, 0x08, 0x0c, 0x08, 0xff,
    0x10, 0x08, 0x10, 0xff, 0x08, 0x0c, 0x08, 0xff, 0x08, 0x08, 0x08, 0xff,
    0x08, 0x0c, 0x08, 0xff, 0x10, 0x08, 0x10, 0xff, 0x08, 0x0c, 0x08, 0xff,
    0x08, 0x0c, 0x08, 0xff, 0x08, 0x08, 0x08, 0xff, 0x08, 0x0c, 0x08, 0xff,
    0x08, 0x08, 0x08, 0xff, 0x08, 0x08, 0x08, 0xff, 0x10, 0x0c, 0x10, 0xff,
    0x08, 0x08, 0x08, 0xff, 0x08, 0x0c, 0x08, 0xff, 0x08, 0x0c, 0x08, 0xff,
    0x08, 0x08, 0x08, 0xff, 0x08, 0x0c, 0x08, 0xff, 0x08, 0x08, 0x08, 0xff,
    0x08, 0x08, 0x08, 0xff, 0x08, 0x08, 0x08, 0xff, 0x08, 0x0c, 0x08, 0xff,
    0x08, 0x0c, 0x08, 0xff, 0x10, 0x08, 0x10, 0xff, 0x08, 0x0c, 0x08, 0xff,
    0x08, 0x08, 0x08, 0xff, 0x08, 0x08, 0x08, 0xff, 0x08, 0x0c, 0x08, 0xff,
    0x08, 0x08, 0x08, 0xff, 0x08, 0x0c, 0x08, 0xff, 0x10, 0x08, 0x10, 0xff,
    0x08, 0x0c, 0x08, 0xff, 0x10, 0x0c, 0x10, 0xff, 0x08, 0x08, 0x08, 0xff,
    0x08, 0x0c, 0x08, 0xff, 0x10, 0x08, 0x10, 0xff, 0x08, 0x08, 0x08, 0xff,
    0x08, 0x0c, 0x08, 0xff, 0x08, 0x08, 0x08, 0xff, 0x08, 0x0c, 0x08, 0xff,
    0x08, 0x08, 0x08, 0xff, 0x10, 0x08, 0x10, 0xff, 0x08, 0x0c, 0x08, 0xff,
    0x08, 0x0c, 0x08, 0xff, 0x10, 0x08, 0x10, 0xff, 0x08, 0x0c, 0x08, 0xff,
    0x08, 0x0c, 0x08, 0xff, 0x08, 0x08, 0x08, 0xff, 0x08, 0x0c, 0x08, 0xff,
    0x10, 0x08, 0x10, 0xff, 0x08, 0x08, 0x08, 0xff, 0x08, 0x0c, 0x08, 0xff,
    0x10, 0x08, 0x10, 0xff, 0x08, 0x08, 0x08, 0xff, 0x30, 0x34, 0x30, 0xff,
    0x38, 0x34, 0x38, 0xff, 0x38, 0x30, 0x38, 0xff, 0x30, 0x34, 0x30, 0xff,
    0x00, 0x00, 0x00, 0x00, 0x00, 0x00, 0x00, 0x00, 0x00, 0x00, 0x00, 0x00,
    0x00, 0x00, 0x00, 0x00, 0x00, 0x00, 0x00, 0x00, 0x00, 0x00, 0x00, 0x00,
    0x00, 0x00, 0x00, 0x00, 0x00, 0x00, 0x00, 0x00, 0x00, 0x00, 0x00, 0x00,
    0x00, 0x00, 0x00, 0x00, 0x00, 0x00, 0x00, 0x00, 0x00, 0x00, 0x00, 0x00,
    0x00, 0x00, 0x00, 0x00, 0x00, 0x00, 0x00, 0x00, 0x00, 0x00, 0x00, 0x00,
    0x00, 0x00, 0x00, 0x00, 0x30, 0x34, 0x30, 0xff, 0x30, 0x34, 0x30, 0xff,
    0x38, 0x34, 0x38, 0xff, 0x38, 0x34, 0x38, 0xff, 0x08, 0x08, 0x08, 0xff,
    0x08, 0x0c, 0x08, 0xff, 0x10, 0x08, 0x10, 0xff, 0x08, 0x0c, 0x08, 0xff,
    0x08, 0x08, 0x08, 0xff, 0x08, 0x0c, 0x08, 0xff, 0x10, 0x08, 0x10, 0xff,
    0x08, 0x08, 0x08, 0xff, 0x08, 0x0c, 0x08, 0xff, 0x10, 0x08, 0x10, 0xff,
    0x08, 0x0c, 0x08, 0xff, 0x08, 0x0c, 0x08, 0xff, 0x08, 0x08, 0x08, 0xff,
    0x08, 0x0c, 0x08, 0xff, 0x08, 0x08, 0x08, 0xff, 0x10, 0x08, 0x10, 0xff,
    0x08, 0x0c, 0x08, 0xff, 0x08, 0x08, 0x08, 0xff, 0x10, 0x0c, 0x10, 0xff,
    0x08, 0x0c, 0x08, 0xff, 0x08, 0x0c, 0x08, 0xff, 0x10, 0x08, 0x10, 0xff,
    0x10, 0x0c, 0x10, 0xff, 0x08, 0x08, 0x08, 0xff, 0x08, 0x08, 0x08, 0xff,
    0x08, 0x0c, 0x08, 0xff, 0x10, 0x0c, 0x10, 0xff, 0x08, 0x08, 0x08, 0xff,
    0x08, 0x0c, 0x08, 0xff, 0x10, 0x0c, 0x10, 0xff, 0x08, 0x08, 0x08, 0xff,
    0x08, 0x08, 0x08, 0xff, 0x08, 0x0c, 0x08, 0xff, 0x08, 0x08, 0x08, 0xff,
    0x10, 0x08, 0x10, 0xff, 0x08, 0x0c, 0x08, 0xff, 0x08, 0x0c, 0x08, 0xff,
    0x08, 0x08, 0x08, 0xff, 0x10, 0x0c, 0x10, 0xff, 0x08, 0x08, 0x08, 0xff,
    0x10, 0x0c, 0x10, 0xff, 0x08, 0x08, 0x08, 0xff, 0x08, 0x0c, 0x08, 0xff,
    0x08, 0x08, 0x08, 0xff, 0x08, 0x08, 0x08, 0xff, 0x10, 0x0c, 0x10, 0xff,
    0x08, 0x08, 0x08, 0xff, 0x08, 0x08, 0x08, 0xff, 0x10, 0x0c, 0x10, 0xff,
    0x08, 0x08, 0x08, 0xff, 0x08, 0x0c, 0x08, 0xff, 0x08, 0x0c, 0x08, 0xff,
    0x08, 0x08, 0x08, 0xff, 0x10, 0x0c, 0x10, 0xff, 0x08, 0x0c, 0x08, 0xff,
    0x08, 0x08, 0x08, 0xff, 0x38, 0x34, 0x38, 0xff, 0x30, 0x34, 0x30, 0xff,
    0x30, 0x30, 0x30, 0xff, 0x38, 0x34, 0x38, 0xff, 0x00, 0x00, 0x00, 0x00,
    0x00, 0x00, 0x00, 0x00, 0x00, 0x00, 0x00, 0x00, 0x00, 0x00, 0x00, 0x00,
    0x00, 0x00, 0x00, 0x00, 0x00, 0x00, 0x00, 0x00, 0x00, 0x00, 0x00, 0x00,
    0x00, 0x00, 0x00, 0x00, 0x00, 0x00, 0x00, 0x00, 0x00, 0x00, 0x00, 0x00,
    0x00, 0x00, 0x00, 0x00, 0x00, 0x00, 0x00, 0x00, 0x00, 0x00, 0x00, 0x00,
    0x00, 0x00, 0x00, 0x00, 0x00, 0x00, 0x00, 0x00, 0x00, 0x00, 0x00, 0x00,
    0x38, 0x34, 0x38, 0xff, 0x30, 0x30, 0x30, 0xff, 0x30, 0x34, 0x30, 0xff,
    0x38, 0x34, 0x38, 0xff, 0x08, 0x08, 0x08, 0xff, 0x08, 0x08, 0x08, 0xff,
    0x08, 0x0c, 0x08, 0xff, 0x08, 0x08, 0x08, 0xff, 0x08, 0x0c, 0x08, 0xff,
    0x10, 0x0c, 0x10, 0xff, 0x08, 0x08, 0x08, 0xff, 0x08, 0x0c, 0x08, 0xff,
    0x08, 0x08, 0x08, 0xff, 0x08, 0x08, 0x08, 0xff, 0x10, 0x0c, 0x10, 0xff,
    0x08, 0x08, 0x08, 0xff, 0x10, 0x0c, 0x10, 0xff, 0x08, 0x0c, 0x08, 0xff,
    0x08, 0x08, 0x08, 0xff, 0x08, 0x0c, 0x08, 0xff, 0x10, 0x08, 0x10, 0xff,
    0x08, 0x08, 0x08, 0xff, 0x08, 0x08, 0x08, 0xff, 0x10, 0x0c, 0x10, 0xff,
    0x08, 0x08, 0x08, 0xff, 0x08, 0x0c, 0x08, 0xff, 0x08, 0x0c, 0x08, 0xff,
    0x10, 0x08, 0x10, 0xff, 0x08, 0x08, 0x08, 0xff, 0x08, 0x0c, 0x08, 0xff,
    0x08, 0x08, 0x08, 0xff, 0x10, 0x0c, 0x10, 0xff, 0x08, 0x08, 0x08, 0xff,
    0x08, 0x0c, 0x08, 0xff, 0x10, 0x08, 0x10, 0xff, 0x08, 0x0c, 0x08, 0xff,
    0x08, 0x0c, 0x08, 0xff, 0x08, 0x08, 0x08, 0xff, 0x08, 0x08, 0x08, 0xff,
    0x10, 0x0c, 0x10, 0xff, 0x08, 0x08, 0x08, 0xff, 0x08, 0x0c, 0x08, 0xff,
    0x08, 0x0c, 0x08, 0xff, 0x08, 0x08, 0x08, 0xff, 0x08, 0x0c, 0x08, 0xff,
    0x10, 0x0c, 0x10, 0xff, 0x08, 0x08, 0x08, 0xff, 0x08, 0x0c, 0x08, 0xff,
    0x10, 0x0c, 0x10, 0xff, 0x08, 0x08, 0x08, 0xff, 0x08, 0x0c, 0x08, 0xff,
    0x08, 0x08, 0x08, 0xff, 0x10, 0x0c, 0x10, 0xff, 0x08, 0x08, 0x08, 0xff,
    0x08, 0x08, 0x08, 0xff, 0x10, 0x0c, 0x10, 0xff, 0x08, 0x08, 0x08, 0xff,
    0x08, 0x0c, 0x08, 0xff, 0x08, 0x08, 0x08, 0xff, 0x08, 0x08, 0x08, 0xff,
    0x38, 0x34, 0x38, 0xff, 0x30, 0x34, 0x30, 0xff, 0x30, 0x34, 0x30, 0xff,
    0x38, 0x34, 0x38, 0xff, 0x00, 0x00, 0x00, 0x00, 0x00, 0x00, 0x00, 0x00,
    0x00, 0x00, 0x00, 0x00, 0x00, 0x00, 0x00, 0x00, 0x00, 0x00, 0x00, 0x00,
    0x00, 0x00, 0x00, 0x00, 0x00, 0x00, 0x00, 0x00, 0x00, 0x00, 0x00, 0x00,
    0x00, 0x00, 0x00, 0x00, 0x00, 0x00, 0x00, 0x00, 0x00, 0x00, 0x00, 0x00,
    0x00, 0x00, 0x00, 0x00, 0x00, 0x00, 0x00, 0x00, 0x00, 0x00, 0x00, 0x00,
    0x00, 0x00, 0x00, 0x00, 0x00, 0x00, 0x00, 0x00, 0x30, 0x34, 0x30, 0xff,
    0x38, 0x30, 0x38, 0xff, 0x30, 0x34, 0x30, 0xff, 0x30, 0x34, 0x30, 0xff,
    0x08, 0x08, 0x08, 0xff, 0x10, 0x0c, 0x10, 0xff, 0x08, 0x08, 0x08, 0xff,
    0x08, 0x08, 0x08, 0xff, 0x10, 0x0c, 0x10, 0xff, 0x08, 0x08, 0x08, 0xff,
    0x08, 0x0c, 0x08, 0xff, 0x10, 0x0c, 0x10, 0xff, 0x08, 0x08, 0x08, 0xff,
    0x08, 0x0c, 0x08, 0xff, 0x08, 0x08, 0x08, 0xff, 0x08, 0x08, 0x08, 0xff,
    0x10, 0x0c, 0x10, 0xff, 0x08, 0x08, 0x08, 0xff, 0x08, 0x0c, 0x08, 0xff,
    0x10, 0x0c, 0x10, 0xff, 0x08, 0x0c, 0x08, 0xff, 0x08, 0x08, 0x08, 0xff,
    0x08, 0x0c, 0x08, 0xff, 0x08, 0x08, 0x08, 0xff, 0x08, 0x08, 0x08, 0xff,
    0x08, 0x0c, 0x08, 0xff, 0x08, 0x08, 0x08, 0xff, 0x08, 0x0c, 0x08, 0xff,
    0x10, 0x0c, 0x10, 0xff, 0x08, 0x08, 0x08, 0xff, 0x08, 0x0c, 0x08, 0xff,
    0x08, 0x08, 0x08, 0xff, 0x08, 0x08, 0x08, 0xff, 0x08, 0x0c, 0x08, 0xff,
    0x10, 0x08, 0x10, 0xff, 0x08, 0x0c, 0x08, 0xff, 0x10, 0x0c, 0x10, 0xff,
    0x08, 0x08, 0x08, 0xff, 0x08, 0x0c, 0x08, 0xff, 0x08, 0x0c, 0x08, 0xff,
    0x10, 0x08, 0x10, 0xff, 0x08, 0x08, 0x08, 0xff, 0x08, 0x0c, 0x08, 0xff,
    0x10, 0x08, 0x10, 0xff, 0x08, 0x08, 0x08, 0xff, 0x08, 0x0c, 0x08, 0xff,
    0x10, 0x08, 0x10, 0xff, 0x08, 0x0c, 0x08, 0xff, 0x08, 0x08, 0x08, 0xff,
    0x08, 0x0c, 0x08, 0xff, 0x08, 0x08, 0x08, 0xff, 0x10, 0x0c, 0x10, 0xff,
    0x08, 0x0c, 0x08, 0xff, 0x08, 0x08, 0x08, 0xff, 0x10, 0x0c, 0x10, 0xff,
    0x08, 0x08, 0x08, 0xff, 0x08, 0x0c, 0x08, 0xff, 0x10, 0x08, 0x10, 0xff,
    0x08, 0x0c, 0x08, 0xff, 0x08, 0x0c, 0x08, 0xff, 0x38, 0x34, 0x38, 0xff,
    0x30, 0x30, 0x30, 0xff, 0x30, 0x34, 0x30, 0xff, 0x30, 0x34, 0x30, 0xff,
    0x00, 0x00, 0x00, 0x00, 0x00, 0x00, 0x00, 0x00, 0x00, 0x00, 0x00, 0x00,
    0x00, 0x00, 0x00, 0x00, 0x00, 0x00, 0x00, 0x00, 0x00, 0x00, 0x00, 0x00,
    0x00, 0x00, 0x00, 0x00, 0x00, 0x00, 0x00, 0x00, 0x00, 0x00, 0x00, 0x00,
    0x00, 0x00, 0x00, 0x00, 0x00, 0x00, 0x00, 0x00, 0x00, 0x00, 0x00, 0x00,
    0x00, 0x00, 0x00, 0x00, 0x00, 0x00, 0x00, 0x00, 0x00, 0x00, 0x00, 0x00,
    0x00, 0x00, 0x00, 0x00, 0x30, 0x34, 0x30, 0xff, 0x38, 0x34, 0x38, 0xff,
    0x38, 0x34, 0x38, 0xff, 0x30, 0x34, 0x30, 0xff, 0x08, 0x08, 0x08, 0xff,
    0x10, 0x0c, 0x10, 0xff, 0x08, 0x0c, 0x08, 0xff, 0x08, 0x08, 0x08, 0xff,
    0x10, 0x08, 0x10, 0xff, 0x08, 0x0c, 0x08, 0xff, 0x08, 0x08, 0x08, 0xff,
    0x08, 0x08, 0x08, 0xff, 0x10, 0x0c, 0x10, 0xff, 0x08, 0x0c, 0x08, 0xff,
    0x08, 0x08, 0x08, 0xff, 0x08, 0x0c, 0x08, 0xff, 0x08, 0x08, 0x08, 0xff,
    0x08, 0x08, 0x08, 0xff, 0x10, 0x08, 0x10, 0xff, 0x08, 0x0c, 0x08, 0xff,
    0x08, 0x08, 0x08, 0xff, 0x10, 0x0c, 0x10, 0xff, 0x08, 0x0c, 0x08, 0xff,
    0x08, 0x08, 0x08, 0xff, 0x10, 0x0c, 0x10, 0xff, 0x10, 0x08, 0x10, 0xff,
    0x08, 0x08, 0x08, 0xff, 0x08, 0x0c, 0x08, 0xff, 0x08, 0x08, 0x08, 0xff,
    0x10, 0x0c, 0x10, 0xff, 0x08, 0x0c, 0x08, 0xff, 0x10, 0x08, 0x10, 0xff,
    0x08, 0x0c, 0x08, 0xff, 0x08, 0x0c, 0x08, 0xff, 0x08, 0x08, 0x08, 0xff,
    0x08, 0x08, 0x08, 0xff, 0x08, 0x08, 0x08, 0xff, 0x10, 0x0c, 0x10, 0xff,
    0x08, 0x08, 0x08, 0xff, 0x08, 0x0c, 0x08, 0xff, 0x08, 0x08, 0x08, 0xff,
    0x10, 0x0c, 0x10, 0xff, 0x08, 0x08, 0x08, 0xff, 0x08, 0x0c, 0x08, 0xff,
    0x08, 0x08, 0x08, 0xff, 0x08, 0x08, 0x08, 0xff, 0x08, 0x0c, 0x08, 0xff,
    0x10, 0x08, 0x10, 0xff, 0x08, 0x0c, 0x08, 0xff, 0x08, 0x08, 0x08, 0xff,
    0x10, 0x08, 0x10, 0xff, 0x08, 0x0c, 0x08, 0xff, 0x08, 0x08, 0x08, 0xff,
    0x08, 0x0c, 0x08, 0xff, 0x08, 0x0c, 0x08, 0xff, 0x08, 0x08, 0x08, 0xff,
    0x08, 0x08, 0x08, 0xff, 0x10, 0x0c, 0x10, 0xff, 0x08, 0x08, 0x08, 0xff,
    0x08, 0x08, 0x08, 0xff, 0x38, 0x34, 0x38, 0xff, 0x38, 0x34, 0x38, 0xff,
    0x30, 0x30, 0x30, 0xff, 0x38, 0x34, 0x38, 0xff, 0x00, 0x00, 0x00, 0x00,
    0x00, 0x00, 0x00, 0x00, 0x00, 0x00, 0x00, 0x00, 0x00, 0x00, 0x00, 0x00,
    0x00, 0x00, 0x00, 0x00, 0x00, 0x00, 0x00, 0x00, 0x00, 0x00, 0x00, 0x00,
    0x00, 0x00, 0x00, 0x00, 0x00, 0x00, 0x00, 0x00, 0x00, 0x00, 0x00, 0x00,
    0x00, 0x00, 0x00, 0x00, 0x00, 0x00, 0x00, 0x00, 0x00, 0x00, 0x00, 0x00,
    0x00, 0x00, 0x00, 0x00, 0x00, 0x00, 0x00, 0x00, 0x00, 0x00, 0x00, 0x00,
    0x30, 0x30, 0x30, 0xff, 0x30, 0x34, 0x30, 0xff, 0x38, 0x34, 0x38, 0xff,
    0x30, 0x34, 0x30, 0xff, 0x08, 0x08, 0x08, 0xff, 0x08, 0x08, 0x08, 0xff,
    0x08, 0x0c, 0x08, 0xff, 0x08, 0x0c, 0x08, 0xff, 0x08, 0x08, 0x08, 0xff,
    0x08, 0x0c, 0x08, 0xff, 0x08, 0x0c, 0x08, 0xff, 0x08, 0x08, 0x08, 0xff,
    0x08, 0x0c, 0x08, 0xff, 0x10, 0x08, 0x10, 0xff, 0x10, 0x0c, 0x10, 0xff,
    0x08, 0x0c, 0x08, 0xff, 0x08, 0x0c, 0x08, 0xff, 0x10, 0x08, 0x10, 0xff,
    0x08, 0x0c, 0x08, 0xff, 0x08, 0x08, 0x08, 0xff, 0x08, 0x08, 0x08, 0xff,
    0x08, 0x0c, 0x08, 0xff, 0x10, 0x08, 0x10, 0xff, 0x08, 0x0c, 0x08, 0xff,
    0x08, 0x0c, 0x08, 0xff, 0x08, 0x08, 0x08, 0xff, 0x08, 0x0c, 0x08, 0xff,
    0x10, 0x08, 0x10, 0xff, 0x08, 0x08, 0x08, 0xff, 0x08, 0x0c, 0x08, 0xff,
    0x08, 0x08, 0x08, 0xff, 0x08, 0x08, 0x08, 0xff, 0x10, 0x0c, 0x10, 0xff,
    0x08, 0x08, 0x08, 0xff, 0x10, 0x0c, 0x10, 0xff, 0x08, 0x0c, 0x08, 0xff,
    0x08, 0x08, 0x08, 0xff, 0x08, 0x0c, 0x08, 0xff, 0x10, 0x08, 0x10, 0xff,
    0x08, 0x08, 0x08, 0xff, 0x08, 0x0c, 0x08, 0xff, 0x08, 0x08, 0x08, 0xff,
    0x10, 0x0c, 0x10, 0xff, 0x08, 0x0c, 0x08, 0xff, 0x08, 0x0c, 0x08, 0xff,
    0x10, 0x08, 0x10, 0xff, 0x08, 0x0c, 0x08, 0xff, 0x08, 0x08, 0x08, 0xff,
    0x08, 0x0c, 0x08, 0xff, 0x10, 0x0c, 0x10, 0xff, 0x08, 0x08, 0x08, 0xff,
    0x08, 0x0c, 0x08, 0xff, 0x08, 0x08, 0x08, 0xff, 0x10, 0x08, 0x10, 0xff,
    0x08, 0x0c, 0x08, 0xff, 0x08, 0x0c, 0x08, 0xff, 0x10, 0x08, 0x10, 0xff,
    0x08, 0x0c, 0x08, 0xff, 0x08, 0x0c, 0x08, 0xff, 0x08, 0x08, 0x08, 0xff,
    0x30, 0x34, 0x30, 0xff, 0x30, 0x34, 0x30, 0xff, 0x38, 0x34, 0x38, 0xff,
    0x30, 0x30, 0x30, 0xff, 0x00, 0x00, 0x00, 0x00, 0x00, 0x00, 0x00, 0x00,
    0x00, 0x00, 0x00, 0x00, 0x00, 0x00, 0x00, 0x00, 0x00, 0x00, 0x00, 0x00,
    0x00, 0x00, 0x00, 0x00, 0x00, 0x00, 0x00, 0x00, 0x00, 0x00, 0x00, 0x00,
    0x00, 0x00, 0x00, 0x00, 0x00, 0x00, 0x00, 0x00, 0x00, 0x00, 0x00, 0x00,
    0x00, 0x00, 0x00, 0x00, 0x00, 0x00, 0x00, 0x00, 0x00, 0x00, 0x00, 0x00,
    0x00, 0x00, 0x00, 0x00, 0x00, 0x00, 0x00, 0x00, 0x30, 0x34, 0x30, 0xff,
    0x30, 0x30, 0x30, 0xff, 0x38, 0x34, 0x38, 0xff, 0x30, 0x34, 0x30, 0xff,
    0x08, 0x08, 0x08, 0xff, 0x10, 0x08, 0x10, 0xff, 0x08, 0x0c, 0x08, 0xff,
    0x10, 0x08, 0x10, 0xff, 0x08, 0x0c, 0x08, 0xff, 0x10, 0x08, 0x10, 0xff,
    0x10, 0x08, 0x10, 0xff, 0x08, 0x0c, 0x08, 0xff, 0x08, 0x08, 0x08, 0xff,
    0x08, 0x08, 0x08, 0xff, 0x08, 0x08, 0x08, 0xff, 0x08, 0x0c, 0x08, 0xff,
    0x10, 0x08, 0x10, 0xff, 0x08, 0x0c, 0x08, 0xff, 0x08, 0x0c, 0x08, 0xff,
    0x08, 0x08, 0x08, 0xff, 0x10, 0x0c, 0x10, 0xff, 0x08, 0x08, 0x08, 0xff,
    0x08, 0x08, 0x08, 0xff, 0x08, 0x0c, 0x08, 0xff, 0x08, 0x08, 0x08, 0xff,
    0x08, 0x0c, 0x08, 0xff, 0x10, 0x0c, 0x10, 0xff, 0x08, 0x08, 0x08, 0xff,
    0x08, 0x0c, 0x08, 0xff, 0x08, 0x0c, 0x08, 0xff, 0x10, 0x08, 0x10, 0xff,
    0x08, 0x0c, 0x08, 0xff, 0x08, 0x08, 0x08, 0xff, 0x08, 0x08, 0x08, 0xff,
    0x08, 0x0c, 0x08, 0xff, 0x10, 0x08, 0x10, 0xff, 0x08, 0x0c, 0x08, 0xff,
    0x08, 0x0c, 0x08, 0xff, 0x08, 0x08, 0x08, 0xff, 0x10, 0x0c, 0x10, 0xff,
    0x08, 0x0c, 0x08, 0xff, 0x08, 0x08, 0x08, 0xff, 0x08, 0x08, 0x08, 0xff,
    0x10, 0x0c, 0x10, 0xff, 0x08, 0x08, 0x08, 0xff, 0x08, 0x0c, 0x08, 0xff,
    0x10, 0x08, 0x10, 0xff, 0x08, 0x0c, 0x08, 0xff, 0x08, 0x08, 0x08, 0xff,
    0x08, 0x08, 0x08, 0xff, 0x08, 0x0c, 0x08, 0xff, 0x08, 0x0c, 0x08, 0xff,
    0x10, 0x08, 0x10, 0xff, 0x08, 0x08, 0x08, 0xff, 0x08, 0x0c, 0x08, 0xff,
    0x10, 0x08, 0x10, 0xff, 0x08, 0x08, 0x08, 0xff, 0x08, 0x0c, 0x08, 0xff,
    0x08, 0x08, 0x08, 0xff, 0x10, 0x08, 0x10, 0xff, 0x30, 0x34, 0x30, 0xff,
    0x30, 0x34, 0x30, 0xff, 0x38, 0x34, 0x38, 0xff, 0x30, 0x34, 0x30, 0xff,
    0x00, 0x00, 0x00, 0x00, 0x00, 0x00, 0x00, 0x00, 0x00, 0x00, 0x00, 0x00,
    0x00, 0x00, 0x00, 0x00, 0x00, 0x00, 0x00, 0x00, 0x00, 0x00, 0x00, 0x00,
    0x00, 0x00, 0x00, 0x00, 0x00, 0x00, 0x00, 0x00, 0x00, 0x00, 0x00, 0x00,
    0x00, 0x00, 0x00, 0x00, 0x00, 0x00, 0x00, 0x00, 0x00, 0x00, 0x00, 0x00,
    0x00, 0x00, 0x00, 0x00, 0x00, 0x00, 0x00, 0x00, 0x00, 0x00, 0x00, 0x00,
    0x00, 0x00, 0x00, 0x00, 0x38, 0x34, 0x38, 0xff, 0x30, 0x34, 0x30, 0xff,
    0x30, 0x34, 0x30, 0xff, 0x38, 0x34, 0x38, 0xff, 0x08, 0x08, 0x08, 0xff,
    0x08, 0x0c, 0x08, 0xff, 0x10, 0x08, 0x10, 0xff, 0x08, 0x0c, 0x08, 0xff,
    0x08, 0x08, 0x08, 0xff, 0x08, 0x0c, 0x08, 0xff, 0x08, 0x0c, 0x08, 0xff,
    0x10, 0x08, 0x10, 0xff, 0x08, 0x0c, 0x08, 0xff, 0x08, 0x0c, 0x08, 0xff,
    0x08, 0x08, 0x08, 0xff, 0x10, 0x08, 0x10, 0xff, 0x08, 0x0c, 0x08, 0xff,
    0x08, 0x08, 0x08, 0xff, 0x08, 0x08, 0x08, 0xff, 0x10, 0x0c, 0x10, 0xff,
    0x08, 0x0c, 0x08, 0xff, 0x08, 0x08, 0x08, 0xff, 0x10, 0x0c, 0x10, 0xff,
    0x08, 0x08, 0x08, 0xff, 0x10, 0x08, 0x10, 0xff, 0x08, 0x0c, 0x08, 0xff,
    0x08, 0x08, 0x08, 0xff, 0x08, 0x08, 0x08, 0xff, 0x08, 0x0c, 0x08, 0xff,
    0x10, 0x08, 0x10, 0xff, 0x08, 0x0c, 0x08, 0xff, 0x08, 0x0c, 0x08, 0xff,
    0x10, 0x08, 0x10, 0xff, 0x08, 0x0c, 0x08, 0xff, 0x08, 0x08, 0x08, 0xff,
    0x08, 0x08, 0x08, 0xff, 0x10, 0x0c, 0x10, 0xff, 0x08, 0x08, 0x08, 0xff,
    0x08, 0x08, 0x08, 0xff, 0x08, 0x0c, 0x08, 0xff, 0x10, 0x08, 0x10, 0xff,
    0x08, 0x0c, 0x08, 0xff, 0x08, 0x08, 0x08, 0xff, 0x08, 0x08, 0x08, 0xff,
    0x08, 0x0c, 0x08, 0xff, 0x08, 0x08, 0x08, 0xff, 0x08, 0x0c, 0x08, 0xff,
    0x10, 0x08, 0x10, 0xff, 0x08, 0x0c, 0x08, 0xff, 0x08, 0x08, 0x08, 0xff,
    0x10, 0x0c, 0x10, 0xff, 0x08, 0x08, 0x08, 0xff, 0x08, 0x0c, 0x08, 0xff,
    0x08, 0x0c, 0x08, 0xff, 0x08, 0x08, 0x08, 0xff, 0x08, 0x0c, 0x08, 0xff,
    0x08, 0x0c, 0x08, 0xff, 0x08, 0x08, 0x08, 0xff, 0x10, 0x0c, 0x10, 0xff,
    0x08, 0x0c, 0x08, 0xff, 0x38, 0x34, 0x38, 0xff, 0x30, 0x30, 0x30, 0xff,
    0x30, 0x34, 0x30, 0xff, 0x38, 0x34, 0x38, 0xff, 0x00, 0x00, 0x00, 0x00,
    0x00, 0x00, 0x00, 0x00, 0x00, 0x00, 0x00, 0x00, 0x00, 0x00, 0x00, 0x00,
    0x00, 0x00, 0x00, 0x00, 0x00, 0x00, 0x00, 0x00, 0x00, 0x00, 0x00, 0x00,
    0x00, 0x00, 0x00, 0x00, 0x00, 0x00, 0x00, 0x00, 0x00, 0x00, 0x00, 0x00,
    0x00, 0x00, 0x00, 0x00, 0x00, 0x00, 0x00, 0x00, 0x00, 0x00, 0x00, 0x00,
    0x00, 0x00, 0x00, 0x00, 0x00, 0x00, 0x00, 0x00, 0x00, 0x00, 0x00, 0x00,
    0x30, 0x34, 0x30, 0xff, 0x38, 0x30, 0x38, 0xff, 0x30, 0x34, 0x30, 0xff,
    0x38, 0x34, 0x38, 0xff, 0x08, 0x08, 0x08, 0xff, 0x08, 0x0c, 0x08, 0xff,
    0x08, 0x0c, 0x08, 0xff, 0x08, 0x08, 0x08, 0xff, 0x08, 0x08, 0x08, 0xff,
    0x08, 0x0c, 0x08, 0xff, 0x08, 0x08, 0x08, 0xff, 0x08, 0x08, 0x08, 0xff,
    0x10, 0x0c, 0x10, 0xff, 0x08, 0x0c, 0x08, 0xff, 0x08, 0x08, 0x08, 0xff,
    0x08, 0x0c, 0x08, 0xff, 0x08, 0x0c, 0x08, 0xff, 0x08, 0x08, 0x08, 0xff,
    0x10, 0x0c, 0x10, 0xff, 0x08, 0x08, 0x08, 0xff, 0x08, 0x08, 0x08, 0xff,
    0x08, 0x0c, 0x08, 0xff, 0x08, 0x0c, 0x08, 0xff, 0x10, 0x08, 0x10, 0xff,
    0x08, 0x0c, 0x08, 0xff, 0x08, 0x0c, 0x08, 0xff, 0x10, 0x08, 0x10, 0xff,
    0x08, 0x0c, 0x08, 0xff, 0x08, 0x08, 0x08, 0xff, 0x10, 0x08, 0x10, 0xff,
    0x08, 0x0c, 0x08, 0xff, 0x08, 0x08, 0x08, 0xff, 0x08, 0x0c, 0x08, 0xff,
    0x10, 0x0c, 0x10, 0xff, 0x08, 0x08, 0x08, 0xff, 0x08, 0x0c, 0x08, 0xff,
    0x08, 0x0c, 0x08, 0xff, 0x10, 0x08, 0x10, 0xff, 0x08, 0x0c, 0x08, 0xff,
    0x08, 0x08, 0x08, 0xff, 0x08, 0x0c, 0x08, 0xff, 0x10, 0x0c, 0x10, 0xff,
    0x08, 0x08, 0x08, 0xff, 0x08, 0x0c, 0x08, 0xff, 0x10, 0x0c, 0x10, 0xff,
    0x08, 0x08, 0x08, 0xff, 0x08, 0x08, 0x08, 0xff, 0x08, 0x0c, 0x08, 0xff,
    0x10, 0x0c, 0x10, 0xff, 0x08, 0x08, 0x08, 0xff, 0x08, 0x08, 0x08, 0xff,
    0x10, 0x0c, 0x10, 0xff, 0x08, 0x08, 0x08, 0xff, 0x10, 0x0c, 0x10, 0xff,
    0x08, 0x08, 0x08, 0xff, 0x10, 0x08, 0x10, 0xff, 0x08, 0x0c, 0x08, 0xff,
    0x08, 0x08, 0x08, 0xff, 0x08, 0x08, 0x08, 0xff, 0x08, 0x0c, 0x08, 0xff,
    0x38, 0x34, 0x38, 0xff, 0x30, 0x30, 0x30, 0xff, 0x30, 0x34, 0x30, 0xff,
    0x38, 0x34, 0x38, 0xff, 0x00, 0x00, 0x00, 0x00, 0x00, 0x00, 0x00, 0x00,
    0x00, 0x00, 0x00, 0x00, 0x00, 0x00, 0x00, 0x00, 0x00, 0x00, 0x00, 0x00,
    0x00, 0x00, 0x00, 0x00, 0x00, 0x00, 0x00, 0x00, 0x00, 0x00, 0x00, 0x00,
    0x00, 0x00, 0x00, 0x00, 0x00, 0x00, 0x00, 0x00, 0x00, 0x00, 0x00, 0x00,
    0x00, 0x00, 0x00, 0x00, 0x00, 0x00, 0x00, 0x00, 0x00, 0x00, 0x00, 0x00,
    0x00, 0x00, 0x00, 0x00, 0x00, 0x00, 0x00, 0x00, 0x30, 0x34, 0x30, 0xff,
    0x38, 0x30, 0x38, 0xff, 0x30, 0x34, 0x30, 0xff, 0x30, 0x34, 0x30, 0xff,
    0x08, 0x08, 0x08, 0xff, 0x10, 0x08, 0x10, 0xff, 0x08, 0x0c, 0x08, 0xff,
    0x10, 0x08, 0x10, 0xff, 0x10, 0x0c, 0x10, 0xff, 0x08, 0x0c, 0x08, 0xff,
    0x08, 0x08, 0x08, 0xff, 0x10, 0x0c, 0x10, 0xff, 0x08, 0x08, 0x08, 0xff,
    0x08, 0x08, 0x08, 0xff, 0x10, 0x0c, 0x10, 0xff, 0x08, 0x08, 0x08, 0xff,
    0x08, 0x08, 0x08, 0xff, 0x10, 0x0c, 0x10, 0xff, 0x08, 0x0c, 0x08, 0xff,
    0x08, 0x08, 0x08, 0xff, 0x10, 0x0c, 0x10, 0xff, 0x08, 0x08, 0x08, 0xff,
    0x08, 0x08, 0x08, 0xff, 0x08, 0x0c, 0x08, 0xff, 0x08, 0x08, 0x08, 0xff,
    0x08, 0x08, 0x08, 0xff, 0x10, 0x0c, 0x10, 0xff, 0x08, 0x0c, 0x08, 0xff,
    0x08, 0x08, 0x08, 0xff, 0x08, 0x0c, 0x08, 0xff, 0x08, 0x08, 0x08, 0xff,
    0x08, 0x08, 0x08, 0xff, 0x08, 0x0c, 0x08, 0xff, 0x08, 0x08, 0x08, 0xff,
    0x10, 0x08, 0x10, 0xff, 0x08, 0x0c, 0x08, 0xff, 0x08, 0x08, 0x08, 0xff,
    0x08, 0x0c, 0x08, 0xff, 0x10, 0x0c, 0x10, 0xff, 0x08, 0x08, 0x08, 0xff,
    0x08, 0x08, 0x08, 0xff, 0x08, 0x0c, 0x08, 0xff, 0x10, 0x08, 0x10, 0xff,
    0x08, 0x0c, 0x08, 0xff, 0x08, 0x08, 0x08, 0xff, 0x10, 0x0c, 0x10, 0xff,
    0x08, 0x08, 0x08, 0xff, 0x08, 0x0c, 0x08, 0xff, 0x08, 0x08, 0x08, 0xff,
    0x08, 0x0c, 0x08, 0xff, 0x08, 0x0c, 0x08, 0xff, 0x08, 0x08, 0x08, 0xff,
    0x08, 0x08, 0x08, 0xff, 0x08, 0x0c, 0x08, 0xff, 0x10, 0x0c, 0x10, 0xff,
    0x08, 0x08, 0x08, 0xff, 0x08, 0x0c, 0x08, 0xff, 0x10, 0x0c, 0x10, 0xff,
    0x08, 0x08, 0x08, 0xff, 0x08, 0x08, 0x08, 0xff, 0x38, 0x34, 0x38, 0xff,
    0x30, 0x34, 0x30, 0xff, 0x30, 0x34, 0x30, 0xff, 0x30, 0x30, 0x30, 0xff,
    0x00, 0x00, 0x00, 0x00, 0x00, 0x00, 0x00, 0x00, 0x00, 0x00, 0x00, 0x00,
    0x00, 0x00, 0x00, 0x00, 0x00, 0x00, 0x00, 0x00, 0x00, 0x00, 0x00, 0x00,
    0x00, 0x00, 0x00, 0x00, 0x00, 0x00, 0x00, 0x00, 0x00, 0x00, 0x00, 0x00,
    0x00, 0x00, 0x00, 0x00, 0x00, 0x00, 0x00, 0x00, 0x00, 0x00, 0x00, 0x00,
    0x00, 0x00, 0x00, 0x00, 0x00, 0x00, 0x00, 0x00, 0x00, 0x00, 0x00, 0x00,
    0x00, 0x00, 0x00, 0x00, 0x30, 0x34, 0x30, 0xff, 0x38, 0x34, 0x38, 0xff,
    0x30, 0x34, 0x30, 0xff, 0x30, 0x34, 0x30, 0xff, 0x10, 0x08, 0x10, 0xff,
    0x08, 0x0c, 0x08, 0xff, 0x08, 0x08, 0x08, 0xff, 0x08, 0x0c, 0x08, 0xff,
    0x08, 0x08, 0x08, 0xff, 0x08, 0x08, 0x08, 0xff, 0x10, 0x0c, 0x10, 0xff,
    0x08, 0x0c, 0x08, 0xff, 0x08, 0x08, 0x08, 0xff, 0x08, 0x0c, 0x08, 0xff,
    0x10, 0x0c, 0x10, 0xff, 0x08, 0x08, 0x08, 0xff, 0x08, 0x0c, 0x08, 0xff,
    0x10, 0x08, 0x10, 0xff, 0x08, 0x08, 0x08, 0xff, 0x08, 0x0c, 0x08, 0xff,
    0x08, 0x0c, 0x08, 0xff, 0x10, 0x08, 0x10, 0xff, 0x08, 0x0c, 0x08, 0xff,
    0x08, 0x0c, 0x08, 0xff, 0x10, 0x08, 0x10, 0xff, 0x08, 0x0c, 0x08, 0xff,
    0x08, 0x08, 0x08, 0xff, 0x08, 0x08, 0x08, 0xff, 0x10, 0x0c, 0x10, 0xff,
    0x08, 0x0c, 0x08, 0xff, 0x10, 0x08, 0x10, 0xff, 0x10, 0x0c, 0x10, 0xff,
    0x08, 0x0c, 0x08, 0xff, 0x08, 0x08, 0x08, 0xff, 0x08, 0x0c, 0x08, 0xff,
    0x10, 0x08, 0x10, 0xff, 0x08, 0x08, 0x08, 0xff, 0x08, 0x0c, 0x08, 0xff,
    0x08, 0x08, 0x08, 0xff, 0x10, 0x08, 0x10, 0xff, 0x08, 0x0c, 0x08, 0xff,
    0x08, 0x08, 0x08, 0xff, 0x08, 0x0c, 0x08, 0xff, 0x08, 0x08, 0x08, 0xff,
    0x08, 0x0c, 0x08, 0xff, 0x10, 0x08, 0x10, 0xff, 0x08, 0x0c, 0x08, 0xff,
    0x08, 0x08, 0x08, 0xff, 0x10, 0x08, 0x10, 0xff, 0x10, 0x0c, 0x10, 0xff,
    0x08, 0x0c, 0x08, 0xff, 0x08, 0x08, 0x08, 0xff, 0x10, 0x0c, 0x10, 0xff,
    0x08, 0x08, 0x08, 0xff, 0x08, 0x08, 0x08, 0xff, 0x08, 0x0c, 0x08, 0xff,
    0x08, 0x08, 0x08, 0xff, 0x10, 0x0c, 0x10, 0xff, 0x08, 0x0c, 0x08, 0xff,
    0x08, 0x08, 0x08, 0xff, 0x38, 0x34, 0x38, 0xff, 0x38, 0x34, 0x38, 0xff,
    0x30, 0x34, 0x30, 0xff, 0x38, 0x30, 0x38, 0xff, 0x00, 0x00, 0x00, 0x00,
    0x00, 0x00, 0x00, 0x00, 0x00, 0x00, 0x00, 0x00, 0x00, 0x00, 0x00, 0x00,
    0x00, 0x00, 0x00, 0x00, 0x00, 0x00, 0x00, 0x00, 0x00, 0x00, 0x00, 0x00,
    0x00, 0x00, 0x00, 0x00, 0x00, 0x00, 0x00, 0x00, 0x00, 0x00, 0x00, 0x00,
    0x00, 0x00, 0x00, 0x00, 0x00, 0x00, 0x00, 0x00, 0x00, 0x00, 0x00, 0x00,
    0x00, 0x00, 0x00, 0x00, 0x00, 0x00, 0x00, 0x00, 0x00, 0x00, 0x00, 0x00,
    0x30, 0x34, 0x30, 0xff, 0x38, 0x30, 0x38, 0xff, 0x30, 0x34, 0x30, 0xff,
    0x38, 0x34, 0x38, 0xff, 0x08, 0x08, 0x08, 0xff, 0x08, 0x0c, 0x08, 0xff,
    0x08, 0x08, 0x08, 0xff, 0x08, 0x0c, 0x08, 0xff, 0x08, 0x0c, 0x08, 0xff,
    0x10, 0x08, 0x10, 0xff, 0x08, 0x08, 0x08, 0xff, 0x08, 0x0c, 0x08, 0xff,
    0x08, 0x08, 0x08, 0xff, 0x10, 0x0c, 0x10, 0xff, 0x08, 0x08, 0x08, 0xff,
    0x08, 0x0c, 0x08, 0xff, 0x08, 0x0c, 0x08, 0xff, 0x08, 0x08, 0x08, 0xff,
    0x08, 0x0c, 0x08, 0xff, 0x08, 0x08, 0x08, 0xff, 0x08, 0x08, 0x08, 0xff,
    0x08, 0x0c, 0x08, 0xff, 0x10, 0x08, 0x10, 0xff, 0x08, 0x0c, 0x08, 0xff,
    0x08, 0x0c, 0x08, 0xff, 0x10, 0x08, 0x10, 0xff, 0x08, 0x0c, 0x08, 0xff,
    0x08, 0x08, 0x08, 0xff, 0x08, 0x0c, 0x08, 0xff, 0x08, 0x08, 0x08, 0xff,
    0x08, 0x0c, 0x08, 0xff, 0x08, 0x08, 0x08, 0xff, 0x10, 0x08, 0x10, 0xff,
    0x08, 0x0c, 0x08, 0xff, 0x08, 0x0c, 0x08, 0xff, 0x08, 0x08, 0x08, 0xff,
    0x10, 0x0c, 0x10, 0xff, 0x08, 0x0c, 0x08, 0xff, 0x08, 0x08, 0x08, 0xff,
    0x08, 0x0c, 0x08, 0xff, 0x10, 0x0c, 0x10, 0xff, 0x08, 0x08, 0x08, 0xff,
    0x10, 0x08, 0x10, 0xff, 0x08, 0x0c, 0x08, 0xff, 0x08, 0x08, 0x08, 0xff,
    0x08, 0x0c, 0x08, 0xff, 0x08, 0x0c, 0x08, 0xff, 0x08, 0x08, 0x08, 0xff,
    0x08, 0x0c, 0x08, 0xff, 0x08, 0x08, 0x08, 0xff, 0x10, 0x08, 0x10, 0xff,
    0x08, 0x0c, 0x08, 0xff, 0x08, 0x0c, 0x08, 0xff, 0x10, 0x08, 0x10, 0xff,
    0x08, 0x0c, 0x08, 0xff, 0x08, 0x08, 0x08, 0xff, 0x10, 0x08, 0x10, 0xff,
    0x08, 0x08, 0x08, 0xff, 0x08, 0x0c, 0x08, 0xff, 0x08, 0x08, 0x08, 0xff,
    0x30, 0x34, 0x30, 0xff, 0x30, 0x34, 0x30, 0xff, 0x38, 0x34, 0x38, 0xff,
    0x30, 0x34, 0x30, 0xff, 0x00, 0x00, 0x00, 0x00, 0x00, 0x00, 0x00, 0x00,
    0x00, 0x00, 0x00, 0x00, 0x00, 0x00, 0x00, 0x00, 0x00, 0x00, 0x00, 0x00,
    0x00, 0x00, 0x00, 0x00, 0x00, 0x00, 0x00, 0x00, 0x00, 0x00, 0x00, 0x00,
    0x00, 0x00, 0x00, 0x00, 0x00, 0x00, 0x00, 0x00, 0x00, 0x00, 0x00, 0x00,
    0x00, 0x00, 0x00, 0x00, 0x00, 0x00, 0x00, 0x00, 0x00, 0x00, 0x00, 0x00,
    0x00, 0x00, 0x00, 0x00, 0x00, 0x00, 0x00, 0x00, 0x30, 0x34, 0x30, 0xff,
    0x30, 0x30, 0x30, 0xff, 0x38, 0x34, 0x38, 0xff, 0x30, 0x34, 0x30, 0xff,
    0x08, 0x08, 0x08, 0xff, 0x10, 0x08, 0x10, 0xff, 0x10, 0x0c, 0x10, 0xff,
    0x08, 0x08, 0x08, 0xff, 0x08, 0x0c, 0x08, 0xff, 0x08, 0x0c, 0x08, 0xff,
    0x08, 0x08, 0x08, 0xff, 0x08, 0x0c, 0x08, 0xff, 0x10, 0x08, 0x10, 0xff,
    0x08, 0x08, 0x08, 0xff, 0x08, 0x0c, 0x08, 0xff, 0x10, 0x08, 0x10, 0xff,
    0x08, 0x08, 0x08, 0xff, 0x08, 0x0c, 0x08, 0xff, 0x10, 0x0c, 0x10, 0xff,
    0x10, 0x08, 0x10, 0xff, 0x08, 0x0c, 0x08, 0xff, 0x08, 0x0c, 0x08, 0xff,
    0x08, 0x08, 0x08, 0xff, 0x08, 0x08, 0x08, 0xff, 0x08, 0x0c, 0x08, 0xff,
    0x08, 0x08, 0x08, 0xff, 0x10, 0x0c, 0x10, 0xff, 0x08, 0x0c, 0x08, 0xff,
    0x08, 0x08, 0x08, 0xff, 0x10, 0x0c, 0x10, 0xff, 0x08, 0x08, 0x08, 0xff,
    0x08, 0x0c, 0x08, 0xff, 0x08, 0x08, 0x08, 0xff, 0x10, 0x0c, 0x10, 0xff,
    0x08, 0x08, 0x08, 0xff, 0x08, 0x08, 0x08, 0xff, 0x08, 0x0c, 0x08, 0xff,
    0x10, 0x08, 0x10, 0xff, 0x08, 0x08, 0x08, 0xff, 0x08, 0x0c, 0x08, 0xff,
    0x08, 0x0c, 0x08, 0xff, 0x08, 0x08, 0x08, 0xff, 0x10, 0x0c, 0x10, 0xff,
    0x08, 0x0c, 0x08, 0xff, 0x08, 0x08, 0x08, 0xff, 0x10, 0x08, 0x10, 0xff,
    0x10, 0x0c, 0x10, 0xff, 0x08, 0x08, 0x08, 0xff, 0x08, 0x0c, 0x08, 0xff,
    0x08, 0x0c, 0x08, 0xff, 0x08, 0x08, 0x08, 0xff, 0x08, 0x08, 0x08, 0xff,
    0x08, 0x0c, 0x08, 0xff, 0x08, 0x0c, 0x08, 0xff, 0x08, 0x08, 0x08, 0xff,
    0x10, 0x0c, 0x10, 0xff, 0x08, 0x0c, 0x08, 0xff, 0x08, 0x08, 0x08, 0xff,
    0x10, 0x0c, 0x10, 0xff, 0x08, 0x08, 0x08, 0xff, 0x38, 0x34, 0x38, 0xff,
    0x30, 0x34, 0x30, 0xff, 0x30, 0x30, 0x30, 0xff, 0x38, 0x34, 0x38, 0xff,
    0x00, 0x00, 0x00, 0x00, 0x00, 0x00, 0x00, 0x00, 0x00, 0x00, 0x00, 0x00,
    0x00, 0x00, 0x00, 0x00, 0x00, 0x00, 0x00, 0x00, 0x00, 0x00, 0x00, 0x00,
    0x00, 0x00, 0x00, 0x00, 0x00, 0x00, 0x00, 0x00, 0x00, 0x00, 0x00, 0x00,
    0x00, 0x00, 0x00, 0x00, 0x00, 0x00, 0x00, 0x00, 0x00, 0x00, 0x00, 0x00,
    0x00, 0x00, 0x00, 0x00, 0x00, 0x00, 0x00, 0x00, 0x00, 0x00, 0x00, 0x00,
    0x00, 0x00, 0x00, 0x00, 0x38, 0x34, 0x38, 0xff, 0x30, 0x34, 0x30, 0xff,
    0x30, 0x34, 0x30, 0xff, 0x38, 0x34, 0x38, 0xff, 0x08, 0x08, 0x08, 0xff,
    0x08, 0x0c, 0x08, 0xff, 0x08, 0x08, 0x08, 0xff, 0x10, 0x08, 0x10, 0xff,
    0x08, 0x0c, 0x08, 0xff, 0x10, 0x08, 0x10, 0xff, 0x08, 0x0c, 0x08, 0xff,
    0x08, 0x0c, 0x08, 0xff, 0x08, 0x08, 0x08, 0xff, 0x08, 0x0c, 0x08, 0xff,
    0x08, 0x0c, 0x08, 0xff, 0x10, 0x08, 0x10, 0xff, 0x08, 0x08, 0x08, 0xff,
    0x08, 0x0c, 0x08, 0xff, 0x08, 0x08, 0x08, 0xff, 0x08, 0x08, 0x08, 0xff,
    0x10, 0x0c, 0x10, 0xff, 0x08, 0x08, 0x08, 0xff, 0x10, 0x0c, 0x10, 0xff,
    0x08, 0x08, 0x08, 0xff, 0x08, 0x08, 0x08, 0xff, 0x10, 0x0c, 0x10, 0xff,
    0x08, 0x08, 0x08, 0xff, 0x08, 0x08, 0x08, 0xff, 0x10, 0x0c, 0x10, 0xff,
    0x08, 0x08, 0x08, 0xff, 0x08, 0x0c, 0x08, 0xff, 0x08, 0x08, 0x08, 0xff,
    0x08, 0x0c, 0x08, 0xff, 0x08, 0x0c, 0x08, 0xff, 0x10, 0x08, 0x10, 0xff,
    0x08, 0x0c, 0x08, 0xff, 0x08, 0x0c, 0x08, 0xff, 0x08, 0x08, 0x08, 0xff,
    0x10, 0x0c, 0x10, 0xff, 0x08, 0x08, 0x08, 0xff, 0x08, 0x08, 0x08, 0xff,
    0x08, 0x0c, 0x08, 0xff, 0x08, 0x08, 0x08, 0xff, 0x10, 0x0c, 0x10, 0xff,
    0x08, 0x08, 0x08, 0xff, 0x08, 0x0c, 0x08, 0xff, 0x08, 0x08, 0x08, 0xff,
    0x10, 0x08, 0x10, 0xff, 0x08, 0x0c, 0x08, 0xff, 0x10, 0x0c, 0x10, 0xff,
    0x08, 0x08, 0x08, 0xff, 0x10, 0x08, 0x10, 0xff, 0x08, 0x0c, 0x08, 0xff,
    0x08, 0x08, 0x08, 0xff, 0x10, 0x08, 0x10, 0xff, 0x08, 0x0c, 0x08, 0xff,
    0x08, 0x0c, 0x08, 0xff, 0x08, 0x08, 0x08, 0xff, 0x08, 0x0c, 0x08, 0xff,
    0x08, 0x08, 0x08, 0xff, 0x38, 0x34, 0x38, 0xff, 0x30, 0x34, 0x30, 0xff,
    0x30, 0x30, 0x30, 0xff, 0x38, 0x34, 0x38, 0xff, 0x00, 0x00, 0x00, 0x00,
    0x00, 0x00, 0x00, 0x00, 0x00, 0x00, 0x00, 0x00, 0x00, 0x00, 0x00, 0x00,
    0x00, 0x00, 0x00, 0x00, 0x00, 0x00, 0x00, 0x00, 0x00, 0x00, 0x00, 0x00,
    0x00, 0x00, 0x00, 0x00, 0x00, 0x00, 0x00, 0x00, 0x00, 0x00, 0x00, 0x00,
    0x00, 0x00, 0x00, 0x00, 0x00, 0x00, 0x00, 0x00, 0x00, 0x00, 0x00, 0x00,
    0x00, 0x00, 0x00, 0x00, 0x00, 0x00, 0x00, 0x00, 0x00, 0x00, 0x00, 0x00,
    0x30, 0x30, 0x30, 0xff, 0x38, 0x34, 0x38, 0xff, 0x30, 0x34, 0x30, 0xff,
    0x30, 0x34, 0x30, 0xff, 0x08, 0x08, 0x08, 0xff, 0x08, 0x0c, 0x08, 0xff,
    0x08, 0x0c, 0x08, 0xff, 0x08, 0x08, 0x08, 0xff, 0x08, 0x08, 0x08, 0xff,
    0x10, 0x0c, 0x10, 0xff, 0x08, 0x08, 0x08, 0xff, 0x08, 0x08, 0x08, 0xff,
    0x10, 0x0c, 0x10, 0xff, 0x08, 0x08, 0x08, 0xff, 0x08, 0x0c, 0x08, 0xff,
    0x08, 0x0c, 0x08, 0xff, 0x10, 0x08, 0x10, 0xff, 0x08, 0x0c, 0x08, 0xff,
    0x08, 0x0c, 0x08, 0xff, 0x08, 0x08, 0x08, 0xff, 0x08, 0x0c, 0x08, 0xff,
    0x08, 0x08, 0x08, 0xff, 0x10, 0x0c, 0x10, 0xff, 0x08, 0x0c, 0x08, 0xff,
    0x08, 0x08, 0x08, 0xff, 0x08, 0x0c, 0x08, 0xff, 0x08, 0x0c, 0x08, 0xff,
    0x08, 0x08, 0x08, 0xff, 0x08, 0x0c, 0x08, 0xff, 0x10, 0x08, 0x10, 0xff,
    0x08, 0x0c, 0x08, 0xff, 0x10, 0x08, 0x10, 0xff, 0x08, 0x08, 0x08, 0xff,
    0x08, 0x0c, 0x08, 0xff, 0x08, 0x08, 0x08, 0xff, 0x10, 0x0c, 0x10, 0xff,
    0x08, 0x08, 0x08, 0xff, 0x08, 0x0c, 0x08, 0xff, 0x08, 0x0c, 0x08, 0xff,
    0x10, 0x08, 0x10, 0xff, 0x10, 0x0c, 0x10, 0xff, 0x08, 0x08, 0x08, 0xff,
    0x08, 0x08, 0x08, 0xff, 0x08, 0x0c, 0x08, 0xff, 0x08, 0x0c, 0x08, 0xff,
    0x08, 0x08, 0x08, 0xff, 0x08, 0x0c, 0x08, 0xff, 0x08, 0x08, 0x08, 0xff,
    0x08, 0x08, 0x08, 0xff, 0x08, 0x0c, 0x08, 0xff, 0x10, 0x0c, 0x10, 0xff,
    0x08, 0x08, 0x08, 0xff, 0x08, 0x0c, 0x08, 0xff, 0x10, 0x0c, 0x10, 0xff,
    0x08, 0x08, 0x08, 0xff, 0x08, 0x08, 0x08, 0xff, 0x08, 0x0c, 0x08, 0xff,
    0x10, 0x08, 0x10, 0xff, 0x08, 0x08, 0x08, 0xff, 0x08, 0x0c, 0x08, 0xff,
    0x38, 0x34, 0x38, 0xff, 0x30, 0x34, 0x30, 0xff, 0x30, 0x34, 0x30, 0xff,
    0x30, 0x34, 0x30, 0xff, 0x00, 0x00, 0x00, 0x00, 0x00, 0x00, 0x00, 0x00,
    0x00, 0x00, 0x00, 0x00, 0x00, 0x00, 0x00, 0x00, 0x00, 0x00, 0x00, 0x00,
    0x00, 0x00, 0x00, 0x00, 0x00, 0x00, 0x00, 0x00, 0x00, 0x00, 0x00, 0x00,
    0x00, 0x00, 0x00, 0x00, 0x00, 0x00, 0x00, 0x00, 0x00, 0x00, 0x00, 0x00,
    0x00, 0x00, 0x00, 0x00, 0x00, 0x00, 0x00, 0x00, 0x00, 0x00, 0x00, 0x00,
    0x00, 0x00, 0x00, 0x00, 0x00, 0x00, 0x00, 0x00, 0x30, 0x34, 0x30, 0xff,
    0x38, 0x30, 0x38, 0xff, 0x38, 0x34, 0x38, 0xff, 0x30, 0x34, 0x30, 0xff,
    0x10, 0x08, 0x10, 0xff, 0x08, 0x08, 0x08, 0xff, 0x10, 0x0c, 0x10, 0xff,
    0x08, 0x0c, 0x08, 0xff, 0x08, 0x08, 0x08, 0xff, 0x08, 0x0c, 0x08, 0xff,
    0x08, 0x08, 0x08, 0xff, 0x10, 0x0c, 0x10, 0xff, 0x08, 0x08, 0x08, 0xff,
    0x08, 0x08, 0x08, 0xff, 0x10, 0x0c, 0x10, 0xff, 0x08, 0x08, 0x08, 0xff,
    0x08, 0x08, 0x08, 0xff, 0x10, 0x0c, 0x10, 0xff, 0x08, 0x08, 0x08, 0xff,
    0x10, 0x0c, 0x10, 0xff, 0x08, 0x08, 0x08, 0xff, 0x08, 0x0c, 0x08, 0xff,
    0x08, 0x08, 0x08, 0xff, 0x10, 0x0c, 0x10, 0xff, 0x08, 0x08, 0x08, 0xff,
    0x08, 0x08, 0x08, 0xff, 0x10, 0x0c, 0x10, 0xff, 0x08, 0x08, 0x08, 0xff,
    0x08, 0x08, 0x08, 0xff, 0x08, 0x0c, 0x08, 0xff, 0x08, 0x0c, 0x08, 0xff,
    0x10, 0x08, 0x10, 0xff, 0x08, 0x0c, 0x08, 0xff, 0x08, 0x08, 0x08, 0xff,
    0x10, 0x0c, 0x10, 0xff, 0x08, 0x08, 0x08, 0xff, 0x08, 0x08, 0x08, 0xff,
    0x10, 0x0c, 0x10, 0xff, 0x08, 0x08, 0x08, 0xff, 0x08, 0x0c, 0x08, 0xff,
    0x08, 0x0c, 0x08, 0xff, 0x08, 0x08, 0x08, 0xff, 0x10, 0x0c, 0x10, 0xff,
    0x08, 0x08, 0x08, 0xff, 0x10, 0x08, 0x10, 0xff, 0x10, 0x0c, 0x10, 0xff,
    0x08, 0x0c, 0x08, 0xff, 0x08, 0x0c, 0x08, 0xff, 0x10, 0x08, 0x10, 0xff,
    0x08, 0x08, 0x08, 0xff, 0x08, 0x0c, 0x08, 0xff, 0x08, 0x08, 0x08, 0xff,
    0x08, 0x08, 0x08, 0xff, 0x08, 0x0c, 0x08, 0xff, 0x08, 0x0c, 0x08, 0xff,
    0x08, 0x08, 0x08, 0xff, 0x10, 0x0c, 0x10, 0xff, 0x08, 0x0c, 0x08, 0xff,
    0x08, 0x08, 0x08, 0xff, 0x08, 0x08, 0x08, 0xff, 0x38, 0x34, 0x38, 0xff,
    0x38, 0x34, 0x38, 0xff, 0x30, 0x30, 0x30, 0xff, 0x38, 0x34, 0x38, 0xff,
    0x00, 0x00, 0x00, 0x00, 0x00, 0x00, 0x00, 0x00, 0x00, 0x00, 0x00, 0x00,
    0x00, 0x00, 0x00, 0x00, 0x00, 0x00, 0x00, 0x00, 0x00, 0x00, 0x00, 0x00,
    0x00, 0x00, 0x00, 0x00, 0x00, 0x00, 0x00, 0x00, 0x00, 0x00, 0x00, 0x00,
    0x00, 0x00, 0x00, 0x00, 0x00, 0x00, 0x00, 0x00, 0x00, 0x00, 0x00, 0x00,
    0x00, 0x00, 0x00, 0x00, 0x00, 0x00, 0x00, 0x00, 0x00, 0x00, 0x00, 0x00,
    0x00, 0x00, 0x00, 0x00, 0x30, 0x34, 0x30, 0xff, 0x30, 0x34, 0x30, 0xff,
    0x30, 0x30, 0x30, 0xff, 0x38, 0x34, 0x38, 0xff, 0x08, 0x08, 0x08, 0xff,
    0x08, 0x08, 0x08, 0xff, 0x08, 0x0c, 0x08, 0xff, 0x10, 0x08, 0x10, 0xff,
    0x08, 0x0c, 0x08, 0xff, 0x08, 0x08, 0x08, 0xff, 0x10, 0x0c, 0x10, 0xff,
    0x08, 0x0c, 0x08, 0xff, 0x08, 0x08, 0x08, 0xff, 0x08, 0x0c, 0x08, 0xff,
    0x10, 0x0c, 0x10, 0xff, 0x08, 0x08, 0x08, 0xff, 0x08, 0x0c, 0x08, 0xff,
    0x08, 0x08, 0x08, 0xff, 0x08, 0x0c, 0x08, 0xff, 0x08, 0x08, 0x08, 0xff,
    0x10, 0x0c, 0x10, 0xff, 0x08, 0x08, 0x08, 0xff, 0x08, 0x08, 0x08, 0xff,
    0x08, 0x0c, 0x08, 0xff, 0x10, 0x0c, 0x10, 0xff, 0x08, 0x08, 0x08, 0xff,
    0x08, 0x0c, 0x08, 0xff, 0x10, 0x0c, 0x10, 0xff, 0x08, 0x08, 0x08, 0xff,
    0x08, 0x0c, 0x08, 0xff, 0x08, 0x08, 0x08, 0xff, 0x08, 0x0c, 0x08, 0xff,
    0x08, 0x08, 0x08, 0xff, 0x10, 0x0c, 0x10, 0xff, 0x08, 0x0c, 0x08, 0xff,
    0x08, 0x08, 0x08, 0xff, 0x08, 0x0c, 0x08, 0xff, 0x08, 0x08, 0x08, 0xff,
    0x08, 0x08, 0x08, 0xff, 0x08, 0x0c, 0x08, 0xff, 0x08, 0x08, 0x08, 0xff,
    0x10, 0x0c, 0x10, 0xff, 0x08, 0x0c, 0x08, 0xff, 0x08, 0x08, 0x08, 0xff,
    0x08, 0x08, 0x08, 0xff, 0x08, 0x0c, 0x08, 0xff, 0x08, 0x08, 0x08, 0xff,
    0x10, 0x08, 0x10, 0xff, 0x08, 0x0c, 0x08, 0xff, 0x08, 0x0c, 0x08, 0xff,
    0x10, 0x08, 0x10, 0xff, 0x08, 0x0c, 0x08, 0xff, 0x10, 0x08, 0x10, 0xff,
    0x08, 0x08, 0x08, 0xff, 0x08, 0x0c, 0x08, 0xff, 0x10, 0x08, 0x10, 0xff,
    0x08, 0x08, 0x08, 0xff, 0x08, 0x0c, 0x08, 0xff, 0x08, 0x0c, 0x08, 0xff,
    0x08, 0x08, 0x08, 0xff, 0x38, 0x34, 0x38, 0xff, 0x30, 0x34, 0x30, 0xff,
    0x30, 0x30, 0x30, 0xff, 0x38, 0x34, 0x38, 0xff, 0x00, 0x00, 0x00, 0x00,
    0x00, 0x00, 0x00, 0x00, 0x00, 0x00, 0x00, 0x00, 0x00, 0x00, 0x00, 0x00,
    0x00, 0x00, 0x00, 0x00, 0x00, 0x00, 0x00, 0x00, 0x00, 0x00, 0x00, 0x00,
    0x00, 0x00, 0x00, 0x00, 0x00, 0x00, 0x00, 0x00, 0x00, 0x00, 0x00, 0x00,
    0x00, 0x00, 0x00, 0x00, 0x00, 0x00, 0x00, 0x00, 0x00, 0x00, 0x00, 0x00,
    0x00, 0x00, 0x00, 0x00, 0x00, 0x00, 0x00, 0x00, 0x00, 0x00, 0x00, 0x00,
    0x38, 0x34, 0x38, 0xff, 0x30, 0x34, 0x30, 0xff, 0x30, 0x34, 0x30, 0xff,
    0x38, 0x34, 0x38, 0xff, 0x08, 0x0c, 0x08, 0xff, 0x08, 0x08, 0x08, 0xff,
    0x08, 0x0c, 0x08, 0xff, 0x08, 0x08, 0x08, 0xff, 0x10, 0x08, 0x10, 0xff,
    0x08, 0x0c, 0x08, 0xff, 0x08, 0x08, 0x08, 0xff, 0x08, 0x08, 0x08, 0xff,
    0x08, 0x0c, 0x08, 0xff, 0x10, 0x08, 0x10, 0xff, 0x08, 0x08, 0x08, 0xff,
    0x08, 0x0c, 0x08, 0xff, 0x08, 0x0c, 0x08, 0xff, 0x10, 0x08, 0x10, 0xff,
    0x08, 0x08, 0x08, 0xff, 0x08, 0x0c, 0x08, 0xff, 0x08, 0x0c, 0x08, 0xff,
    0x10, 0x08, 0x10, 0xff, 0x08, 0x0c, 0x08, 0xff, 0x08, 0x08, 0x08, 0xff,
    0x08, 0x08, 0x08, 0xff, 0x08, 0x0c, 0x08, 0xff, 0x08, 0x08, 0x08, 0xff,
    0x10, 0x0c, 0x10, 0xff, 0x08, 0x08, 0x08, 0xff, 0x10, 0x08, 0x10, 0xff,
    0x10, 0x0c, 0x10, 0xff, 0x08, 0x08, 0x08, 0xff, 0x08, 0x08, 0x08, 0xff,
    0x08, 0x0c, 0x08, 0xff, 0x08, 0x08, 0x08, 0xff, 0x10, 0x0c, 0x10, 0xff,
    0x08, 0x0c, 0x08, 0xff, 0x08, 0x08, 0x08, 0xff, 0x10, 0x0c, 0x10, 0xff,
    0x08, 0x08, 0x08, 0xff, 0x08, 0x08, 0x08, 0xff, 0x10, 0x0c, 0x10, 0xff,
    0x08, 0x08, 0x08, 0xff, 0x08, 0x0c, 0x08, 0xff, 0x08, 0x0c, 0x08, 0xff,
    0x08, 0x08, 0x08, 0xff, 0x10, 0x0c, 0x10, 0xff, 0x08, 0x08, 0x08, 0xff,
    0x08, 0x0c, 0x08, 0xff, 0x08, 0x08, 0x08, 0xff, 0x08, 0x0c, 0x08, 0xff,
    0x08, 0x0c, 0x08, 0xff, 0x10, 0x08, 0x10, 0xff, 0x08, 0x0c, 0x08, 0xff,
    0x08, 0x0c, 0x08, 0xff, 0x10, 0x08, 0x10, 0xff, 0x08, 0x08, 0x08, 0xff,
    0x08, 0x0c, 0x08, 0xff, 0x10, 0x08, 0x10, 0xff, 0x08, 0x08, 0x08, 0xff,
    0x30, 0x34, 0x30, 0xff, 0x30, 0x34, 0x30, 0xff, 0x30, 0x34, 0x30, 0xff,
    0x30, 0x34, 0x30, 0xff, 0x00, 0x00, 0x00, 0x00, 0x00, 0x00, 0x00, 0x00,
    0x00, 0x00, 0x00, 0x00, 0x00, 0x00, 0x00, 0x00, 0x00, 0x00, 0x00, 0x00,
    0x00, 0x00, 0x00, 0x00, 0x00, 0x00, 0x00, 0x00, 0x00, 0x00, 0x00, 0x00,
    0x00, 0x00, 0x00, 0x00, 0x00, 0x00, 0x00, 0x00, 0x00, 0x00, 0x00, 0x00,
    0x00, 0x00, 0x00, 0x00, 0x00, 0x00, 0x00, 0x00, 0x00, 0x00, 0x00, 0x00,
    0x00, 0x00, 0x00, 0x00, 0x00, 0x00, 0x00, 0x00, 0x30, 0x30, 0x30, 0xff,
    0x38, 0x34, 0x38, 0xff, 0x30, 0x34, 0x30, 0xff, 0x30, 0x34, 0x30, 0xff,
    0x10, 0x08, 0x10, 0xff, 0x08, 0x0c, 0x08, 0xff, 0x08, 0x0c, 0x08, 0xff,
    0x08, 0x08, 0x08, 0xff, 0x08, 0x0c, 0x08, 0xff, 0x10, 0x0c, 0x10, 0xff,
    0x08, 0x08, 0x08, 0xff, 0x08, 0x0c, 0x08, 0xff, 0x10, 0x0c, 0x10, 0xff,
    0x08, 0x08, 0x08, 0xff, 0x08, 0x08, 0x08, 0xff, 0x08, 0x0c, 0x08, 0xff,
    0x10, 0x08, 0x10, 0xff, 0x08, 0x0c, 0x08, 0xff, 0x08, 0x08, 0x08, 0xff,
    0x10, 0x0c, 0x10, 0xff, 0x08, 0x08, 0x08, 0xff, 0x08, 0x0c, 0x08, 0xff,
    0x10, 0x0c, 0x10, 0xff, 0x08, 0x08, 0x08, 0xff, 0x08, 0x0c, 0x08, 0xff,
    0x10, 0x08, 0x10, 0xff, 0x08, 0x0c, 0x08, 0xff, 0x08, 0x08, 0x08, 0xff,
    0x08, 0x0c, 0x08, 0xff, 0x08, 0x0c, 0x08, 0xff, 0x08, 0x08, 0x08, 0xff,
    0x10, 0x0c, 0x10, 0xff, 0x08, 0x0c, 0x08, 0xff, 0x08, 0x08, 0x08, 0xff,
    0x10, 0x08, 0x10, 0xff, 0x08, 0x0c, 0x08, 0xff, 0x08, 0x08, 0x08, 0xff,
    0x10, 0x0c, 0x10, 0xff, 0x08, 0x0c, 0x08, 0xff, 0x08, 0x08, 0x08, 0xff,
    0x10, 0x0c, 0x10, 0xff, 0x08, 0x08, 0x08, 0xff, 0x08, 0x08, 0x08, 0xff,
    0x10, 0x0c, 0x10, 0xff, 0x08, 0x08, 0x08, 0xff, 0x08, 0x0c, 0x08, 0xff,
    0x10, 0x08, 0x10, 0xff, 0x08, 0x0c, 0x08, 0xff, 0x08, 0x08, 0x08, 0xff,
    0x10, 0x08, 0x10, 0xff, 0x08, 0x0c, 0x08, 0xff, 0x08, 0x08, 0x08, 0xff,
    0x08, 0x08, 0x08, 0xff, 0x08, 0x0c, 0x08, 0xff, 0x08, 0x0c, 0x08, 0xff,
    0x08, 0x08, 0x08, 0xff, 0x08, 0x0c, 0x08, 0xff, 0x10, 0x0c, 0x10, 0xff,
    0x08, 0x08, 0x08, 0xff, 0x08, 0x0c, 0x08, 0xff, 0x38, 0x34, 0x38, 0xff,
    0x38, 0x34, 0x38, 0xff, 0x38, 0x30, 0x38, 0xff, 0x30, 0x34, 0x30, 0xff,
    0x00, 0x00, 0x00, 0x00, 0x00, 0x00, 0x00, 0x00, 0x00, 0x00, 0x00, 0x00,
    0x00, 0x00, 0x00, 0x00, 0x00, 0x00, 0x00, 0x00, 0x00, 0x00, 0x00, 0x00,
    0x00, 0x00, 0x00, 0x00, 0x00, 0x00, 0x00, 0x00, 0x00, 0x00, 0x00, 0x00,
    0x00, 0x00, 0x00, 0x00, 0x00, 0x00, 0x00, 0x00, 0x00, 0x00, 0x00, 0x00,
    0x00, 0x00, 0x00, 0x00, 0x00, 0x00, 0x00, 0x00, 0x00, 0x00, 0x00, 0x00,
    0x00, 0x00, 0x00, 0x00, 0x30, 0x34, 0x30, 0xff, 0x38, 0x30, 0x38, 0xff,
    0x30, 0x34, 0x30, 0xff, 0x30, 0x34, 0x30, 0xff, 0x08, 0x08, 0x08, 0xff,
    0x10, 0x08, 0x10, 0xff, 0x08, 0x0c, 0x08, 0xff, 0x10, 0x08, 0x10, 0xff,
    0x08, 0x0c, 0x08, 0xff, 0x08, 0x08, 0x08, 0xff, 0x08, 0x08, 0x08, 0xff,
    0x10, 0x0c, 0x10, 0xff, 0x08, 0x0c, 0x08, 0xff, 0x08, 0x08, 0x08, 0xff,
    0x08, 0x0c, 0x08, 0xff, 0x10, 0x0c, 0x10, 0xff, 0x08, 0x08, 0x08, 0xff,
    0x08, 0x0c, 0x08, 0xff, 0x08, 0x0c, 0x08, 0xff, 0x08, 0x08, 0x08, 0xff,
    0x08, 0x08, 0x08, 0xff, 0x08, 0x0c, 0x08, 0xff, 0x08, 0x08, 0x08, 0xff,
    0x10, 0x0c, 0x10, 0xff, 0x08, 0x08, 0x08, 0xff, 0x08, 0x0c, 0x08, 0xff,
    0x10, 0x08, 0x10, 0xff, 0x08, 0x0c, 0x08, 0xff, 0x08, 0x08, 0x08, 0xff,
    0x08, 0x0c, 0x08, 0xff, 0x08, 0x08, 0x08, 0xff, 0x08, 0x0c, 0x08, 0xff,
    0x10, 0x0c, 0x10, 0xff, 0x08, 0x08, 0x08, 0xff, 0x08, 0x0c, 0x08, 0xff,
    0x08, 0x08, 0x08, 0xff, 0x08, 0x08, 0x08, 0xff, 0x10, 0x0c, 0x10, 0xff,
    0x08, 0x08, 0x08, 0xff, 0x08, 0x0c, 0x08, 0xff, 0x08, 0x0c, 0x08, 0xff,
    0x08, 0x08, 0x08, 0xff, 0x08, 0x0c, 0x08, 0xff, 0x10, 0x08, 0x10, 0xff,
    0x08, 0x0c, 0x08, 0xff, 0x08, 0x08, 0x08, 0xff, 0x08, 0x0c, 0x08, 0xff,
    0x08, 0x0c, 0x08, 0xff, 0x08, 0x08, 0x08, 0xff, 0x10, 0x0c, 0x10, 0xff,
    0x08, 0x0c, 0x08, 0xff, 0x08, 0x08, 0x08, 0xff, 0x10, 0x0c, 0x10, 0xff,
    0x08, 0x08, 0x08, 0xff, 0x10, 0x08, 0x10, 0xff, 0x08, 0x0c, 0x08, 0xff,
    0x08, 0x08, 0x08, 0xff, 0x08, 0x0c, 0x08, 0xff, 0x08, 0x08, 0x08, 0xff,
    0x08, 0x08, 0x08, 0xff, 0x38, 0x34, 0x38, 0xff, 0x30, 0x34, 0x30, 0xff,
    0x30, 0x30, 0x30, 0xff, 0x38, 0x34, 0x38, 0xff, 0x00, 0x00, 0x00, 0x00,
    0x00, 0x00, 0x00, 0x00, 0x00, 0x00, 0x00, 0x00, 0x00, 0x00, 0x00, 0x00,
    0x00, 0x00, 0x00, 0x00, 0x00, 0x00, 0x00, 0x00, 0x00, 0x00, 0x00, 0x00,
    0x00, 0x00, 0x00, 0x00, 0x00, 0x00, 0x00, 0x00, 0x00, 0x00, 0x00, 0x00,
    0x00, 0x00, 0x00, 0x00, 0x00, 0x00, 0x00, 0x00, 0x00, 0x00, 0x00, 0x00,
    0x00, 0x00, 0x00, 0x00, 0x00, 0x00, 0x00, 0x00, 0x00, 0x00, 0x00, 0x00,
    0x30, 0x34, 0x30, 0xff, 0x38, 0x34, 0x38, 0xff, 0x38, 0x30, 0x38, 0xff,
    0x30, 0x34, 0x30, 0xff, 0x08, 0x08, 0x08, 0xff, 0x08, 0x08, 0x08, 0xff,
    0x10, 0x0c, 0x10, 0xff, 0x08, 0x08, 0x08, 0xff, 0x08, 0x0c, 0x08, 0xff,
    0x08, 0x0c, 0x08, 0xff, 0x10, 0x08, 0x10, 0xff, 0x08, 0x08, 0x08, 0xff,
    0x08, 0x0c, 0x08, 0xff, 0x08, 0x08, 0x08, 0xff, 0x10, 0x0c, 0x10, 0xff,
    0x08, 0x08, 0x08, 0xff, 0x08, 0x08, 0x08, 0xff, 0x10, 0x0c, 0x10, 0xff,
    0x08, 0x08, 0x08, 0xff, 0x10, 0x08, 0x10, 0xff, 0x08, 0x0c, 0x08, 0xff,
    0x08, 0x08, 0x08, 0xff, 0x10, 0x08, 0x10, 0xff, 0x08, 0x0c, 0x08, 0xff,
    0x08, 0x0c, 0x08, 0xff, 0x08, 0x08, 0x08, 0xff, 0x08, 0x0c, 0x08, 0xff,
    0x10, 0x08, 0x10, 0xff, 0x08, 0x08, 0x08, 0xff, 0x10, 0x0c, 0x10, 0xff,
    0x08, 0x08, 0x08, 0xff, 0x08, 0x08, 0x08, 0xff, 0x08, 0x08, 0x08, 0xff,
    0x08, 0x0c, 0x08, 0xff, 0x10, 0x0c, 0x10, 0xff, 0x08, 0x08, 0x08, 0xff,
    0x08, 0x0c, 0x08, 0xff, 0x08, 0x08, 0x08, 0xff, 0x10, 0x08, 0x10, 0xff,
    0x08, 0x0c, 0x08, 0xff, 0x08, 0x08, 0x08, 0xff, 0x10, 0x0c, 0x10, 0xff,
    0x08, 0x0c, 0x08, 0xff, 0x08, 0x08, 0x08, 0xff, 0x08, 0x08, 0x08, 0xff,
    0x10, 0x0c, 0x10, 0xff, 0x08, 0x08, 0x08, 0xff, 0x08, 0x08, 0x08, 0xff,
    0x10, 0x0c, 0x10, 0xff, 0x08, 0x08, 0x08, 0xff, 0x08, 0x08, 0x08, 0xff,
    0x10, 0x0c, 0x10, 0xff, 0x08, 0x0c, 0x08, 0xff, 0x08, 0x08, 0x08, 0xff,
    0x08, 0x0c, 0x08, 0xff, 0x10, 0x08, 0x10, 0xff, 0x08, 0x0c, 0x08, 0xff,
    0x10, 0x08, 0x10, 0xff, 0x08, 0x0c, 0x08, 0xff, 0x08, 0x08, 0x08, 0xff,
    0x38, 0x34, 0x38, 0xff, 0x30, 0x34, 0x30, 0xff, 0x30, 0x34, 0x30, 0xff,
    0x30, 0x34, 0x30, 0xff, 0x00, 0x00, 0x00, 0x00, 0x00, 0x00, 0x00, 0x00,
    0x00, 0x00, 0x00, 0x00, 0x00, 0x00, 0x00, 0x00, 0x00, 0x00, 0x00, 0x00,
    0x00, 0x00, 0x00, 0x00, 0x00, 0x00, 0x00, 0x00, 0x00, 0x00, 0x00, 0x00,
    0x00, 0x00, 0x00, 0x00, 0x00, 0x00, 0x00, 0x00, 0x00, 0x00, 0x00, 0x00,
    0x00, 0x00, 0x00, 0x00, 0x00, 0x00, 0x00, 0x00, 0x00, 0x00, 0x00, 0x00,
    0x00, 0x00, 0x00, 0x00, 0x00, 0x00, 0x00, 0x00, 0x30, 0x34, 0x30, 0xff,
    0x30, 0x34, 0x30, 0xff, 0x38, 0x34, 0x38, 0xff, 0x38, 0x34, 0x38, 0xff,
    0x08, 0x08, 0x08, 0xff, 0x08, 0x0c, 0x08, 0xff, 0x08, 0x0c, 0x08, 0xff,
    0x08, 0x08, 0x08, 0xff, 0x08, 0x08, 0x08, 0xff, 0x10, 0x0c, 0x10, 0xff,
    0x08, 0x0c, 0x08, 0xff, 0x08, 0x08, 0x08, 0xff, 0x08, 0x08, 0x08, 0xff,
    0x10, 0x0c, 0x10, 0xff, 0x08, 0x08, 0x08, 0xff, 0x08, 0x0c, 0x08, 0xff,
    0x08, 0x08, 0x08, 0xff, 0x08, 0x0c, 0x08, 0xff, 0x08, 0x0c, 0x08, 0xff,
    0x10, 0x08, 0x10, 0xff, 0x08, 0x0c, 0x08, 0xff, 0x08, 0x0c, 0x08, 0xff,
    0x08, 0x08, 0x08, 0xff, 0x08, 0x08, 0x08, 0xff, 0x10, 0x0c, 0x10, 0xff,
    0x08, 0x08, 0x08, 0xff, 0x08, 0x0c, 0x08, 0xff, 0x08, 0x0c, 0x08, 0xff,
    0x08, 0x08, 0x08, 0xff, 0x10, 0x0c, 0x10, 0xff, 0x08, 0x0c, 0x08, 0xff,
    0x08, 0x08, 0x08, 0xff, 0x10, 0x0c, 0x10, 0xff, 0x08, 0x08, 0x08, 0xff,
    0x08, 0x08, 0x08, 0xff, 0x10, 0x0c, 0x10, 0xff, 0x08, 0x0c, 0x08, 0xff,
    0x08, 0x08, 0x08, 0xff, 0x08, 0x0c, 0x08, 0xff, 0x08, 0x08, 0x08, 0xff,
    0x10, 0x08, 0x10, 0xff, 0x08, 0x0c, 0x08, 0xff, 0x08, 0x08, 0x08, 0xff,
    0x08, 0x0c, 0x08, 0xff, 0x10, 0x0c, 0x10, 0xff, 0x08, 0x08, 0x08, 0xff,
    0x08, 0x0c, 0x08, 0xff, 0x10, 0x0c, 0x10, 0xff, 0x08, 0x08, 0x08, 0xff,
    0x08, 0x0c, 0x08, 0xff, 0x08, 0x08, 0x08, 0xff, 0x08, 0x08, 0x08, 0xff,
    0x08, 0x0c, 0x08, 0xff, 0x08, 0x08, 0x08, 0xff, 0x10, 0x0c, 0x10, 0xff,
    0x08, 0x0c, 0x08, 0xff, 0x08, 0x08, 0x08, 0xff, 0x08, 0x0c, 0x08, 0xff,
    0x10, 0x0c, 0x10, 0xff, 0x08, 0x08, 0x08, 0xff, 0x30, 0x34, 0x30, 0xff,
    0x38, 0x34, 0x38, 0xff, 0x38, 0x30, 0x38, 0xff, 0x30, 0x34, 0x30, 0xff,
    0x00, 0x00, 0x00, 0x00, 0x00, 0x00, 0x00, 0x00, 0x00, 0x00, 0x00, 0x00,
    0x00, 0x00, 0x00, 0x00, 0x00, 0x00, 0x00, 0x00, 0x00, 0x00, 0x00, 0x00,
    0x00, 0x00, 0x00, 0x00, 0x00, 0x00, 0x00, 0x00, 0x00, 0x00, 0x00, 0x00,
    0x00, 0x00, 0x00, 0x00, 0x00, 0x00, 0x00, 0x00, 0x00, 0x00, 0x00, 0x00,
    0x00, 0x00, 0x00, 0x00, 0x00, 0x00, 0x00, 0x00, 0x00, 0x00, 0x00, 0x00,
    0x00, 0x00, 0x00, 0x00, 0x30, 0x30, 0x30, 0xff, 0x30, 0x34, 0x30, 0xff,
    0x30, 0x34, 0x30, 0xff, 0x30, 0x34, 0x30, 0xff, 0x08, 0x08, 0x08, 0xff,
    0x10, 0x0c, 0x10, 0xff, 0x08, 0x08, 0x08, 0xff, 0x08, 0x0c, 0x08, 0xff,
    0x10, 0x08, 0x10, 0xff, 0x08, 0x08, 0x08, 0xff, 0x08, 0x0c, 0x08, 0xff,
    0x08, 0x0c, 0x08, 0xff, 0x10, 0x08, 0x10, 0xff, 0x08, 0x0c, 0x08, 0xff,
    0x08, 0x0c, 0x08, 0xff, 0x08, 0x08, 0x08, 0xff, 0x10, 0x0c, 0x10, 0xff,
    0x08, 0x08, 0x08, 0xff, 0x08, 0x0c, 0x08, 0xff, 0x08, 0x08, 0x08, 0xff,
    0x10, 0x0c, 0x10, 0xff, 0x08, 0x0c, 0x08, 0xff, 0x08, 0x08, 0x08, 0xff,
    0x10, 0x0c, 0x10, 0xff, 0x08, 0x08, 0x08, 0xff, 0x08, 0x08, 0x08, 0xff,
    0x10, 0x0c, 0x10, 0xff, 0x08, 0x08, 0x08, 0xff, 0x08, 0x08, 0x08, 0xff,
    0x08, 0x0c, 0x08, 0xff, 0x08, 0x08, 0x08, 0xff, 0x10, 0x0c, 0x10, 0xff,
    0x08, 0x0c, 0x08, 0xff, 0x08, 0x08, 0x08, 0xff, 0x08, 0x08, 0x08, 0xff,
    0x08, 0x0c, 0x08, 0xff, 0x10, 0x08, 0x10, 0xff, 0x08, 0x0c, 0x08, 0xff,
    0x08, 0x0c, 0x08, 0xff, 0x10, 0x08, 0x10, 0xff, 0x08, 0x0c, 0x08, 0xff,
    0x08, 0x08, 0x08, 0xff, 0x08, 0x08, 0x08, 0xff, 0x10, 0x0c, 0x10, 0xff,
    0x08, 0x08, 0x08, 0xff, 0x08, 0x08, 0x08, 0xff, 0x08, 0x0c, 0x08, 0xff,
    0x08, 0x08, 0x08, 0xff, 0x08, 0x0c, 0x08, 0xff, 0x10, 0x0c, 0x10, 0xff,
    0x08, 0x08, 0x08, 0xff, 0x08, 0x0c, 0x08, 0xff, 0x10, 0x08, 0x10, 0xff,
    0x08, 0x08, 0x08, 0xff, 0x08, 0x0c, 0x08, 0xff, 0x08, 0x08, 0x08, 0xff,
    0x08, 0x08, 0x08, 0xff, 0x08, 0x0c, 0x08, 0xff, 0x08, 0x08, 0x08, 0xff,
    0x08, 0x08, 0x08, 0xff, 0x38, 0x34, 0x38, 0xff, 0x30, 0x34, 0x30, 0xff,
    0x30, 0x34, 0x30, 0xff, 0x38, 0x30, 0x38, 0xff, 0x00, 0x00, 0x00, 0x00,
    0x00, 0x00, 0x00, 0x00, 0x00, 0x00, 0x00, 0x00, 0x00, 0x00, 0x00, 0x00,
    0x00, 0x00, 0x00, 0x00, 0x00, 0x00, 0x00, 0x00, 0x00, 0x00, 0x00, 0x00,
    0x00, 0x00, 0x00, 0x00, 0x00, 0x00, 0x00, 0x00, 0x00, 0x00, 0x00, 0x00,
    0x00, 0x00, 0x00, 0x00, 0x00, 0x00, 0x00, 0x00, 0x00, 0x00, 0x00, 0x00,
    0x00, 0x00, 0x00, 0x00, 0x00, 0x00, 0x00, 0x00, 0x00, 0x00, 0x00, 0x00,
    0x38, 0x34, 0x38, 0xff, 0x38, 0x30, 0x38, 0xff, 0x30, 0x34, 0x30, 0xff,
    0x38, 0x34, 0x38, 0xff, 0x08, 0x08, 0x08, 0xff, 0x08, 0x08, 0x08, 0xff,
    0x10, 0x0c, 0x10, 0xff, 0x08, 0x0c, 0x08, 0xff, 0x08, 0x08, 0x08, 0xff,
    0x08, 0x0c, 0x08, 0xff, 0x08, 0x08, 0x08, 0xff, 0x10, 0x08, 0x10, 0xff,
    0x08, 0x0c, 0x08, 0xff, 0x08, 0x08, 0x08, 0xff, 0x08, 0x08, 0x08, 0xff,
    0x10, 0x0c, 0x10, 0xff, 0x08, 0x08, 0x08, 0xff, 0x08, 0x08, 0x08, 0xff,
    0x10, 0x0c, 0x10, 0xff, 0x08, 0x08, 0x08, 0xff, 0x08, 0x08, 0x08, 0xff,
    0x10, 0x0c, 0x10, 0xff, 0x08, 0x08, 0x08, 0xff, 0x08, 0x0c, 0x08, 0xff,
    0x08, 0x0c, 0x08, 0xff, 0x08, 0x08, 0x08, 0xff, 0x10, 0x0c, 0x10, 0xff,
    0x08, 0x0c, 0x08, 0xff, 0x08, 0x08, 0x08, 0xff, 0x10, 0x0c, 0x10, 0xff,
    0x08, 0x08, 0x08, 0xff, 0x08, 0x08, 0x08, 0xff, 0x08, 0x0c, 0x08, 0xff,
    0x10, 0x0c, 0x10, 0xff, 0x08, 0x08, 0x08, 0xff, 0x08, 0x0c, 0x08, 0xff,
    0x08, 0x08, 0x08, 0xff, 0x10, 0x08, 0x10, 0xff, 0x08, 0x0c, 0x08, 0xff,
    0x08, 0x08, 0x08, 0xff, 0x08, 0x0c, 0x08, 0xff, 0x10, 0x0c, 0x10, 0xff,
    0x08, 0x08, 0x08, 0xff, 0x08, 0x0c, 0x08, 0xff, 0x08, 0x0c, 0x08, 0xff,
    0x10, 0x08, 0x10, 0xff, 0x08, 0x08, 0x08, 0xff, 0x08, 0x0c, 0x08, 0xff,
    0x10, 0x08, 0x10, 0xff, 0x08, 0x08, 0x08, 0xff, 0x08, 0x0c, 0x08, 0xff,
    0x10, 0x0c, 0x10, 0xff, 0x08, 0x08, 0x08, 0xff, 0x08, 0x0c, 0x08, 0xff,
    0x10, 0x0c, 0x10, 0xff, 0x08, 0x08, 0x08, 0xff, 0x10, 0x0c, 0x10, 0xff,
    0x10, 0x08, 0x10, 0xff, 0x08, 0x0c, 0x08, 0xff, 0x08, 0x08, 0x08, 0xff,
    0x38, 0x34, 0x38, 0xff, 0x30, 0x34, 0x30, 0xff, 0x30, 0x34, 0x30, 0xff,
    0x38, 0x34, 0x38, 0xff, 0x00, 0x00, 0x00, 0x00, 0x00, 0x00, 0x00, 0x00,
    0x00, 0x00, 0x00, 0x00, 0x00, 0x00, 0x00, 0x00, 0x00, 0x00, 0x00, 0x00,
    0x00, 0x00, 0x00, 0x00, 0x00, 0x00, 0x00, 0x00, 0x00, 0x00, 0x00, 0x00,
    0x00, 0x00, 0x00, 0x00, 0x00, 0x00, 0x00, 0x00, 0x00, 0x00, 0x00, 0x00,
    0x00, 0x00, 0x00, 0x00, 0x00, 0x00, 0x00, 0x00, 0x00, 0x00, 0x00, 0x00,
    0x00, 0x00, 0x00, 0x00, 0x00, 0x00, 0x00, 0x00, 0x30, 0x34, 0x30, 0xff,
    0x30, 0x34, 0x30, 0xff, 0x38, 0x34, 0x38, 0xff, 0x30, 0x34, 0x30, 0xff,
    0x08, 0x08, 0x08, 0xff, 0x08, 0x08, 0x08, 0xff, 0x08, 0x0c, 0x08, 0xff,
    0x10, 0x08, 0x10, 0xff, 0x08, 0x0c, 0x08, 0xff, 0x08, 0x0c, 0x08, 0xff,
    0x10, 0x08, 0x10, 0xff, 0x08, 0x0c, 0x08, 0xff, 0x08, 0x0c, 0x08, 0xff,
    0x08, 0x08, 0x08, 0xff, 0x10, 0x0c, 0x10, 0xff, 0x08, 0x0c, 0x08, 0xff,
    0x08, 0x08, 0x08, 0xff, 0x08, 0x0c, 0x08, 0xff, 0x08, 0x0c, 0x08, 0xff,
    0x08, 0x08, 0x08, 0xff, 0x08, 0x0c, 0x08, 0xff, 0x08, 0x08, 0x08, 0xff,
    0x10, 0x08, 0x10, 0xff, 0x08, 0x0c, 0x08, 0xff, 0x08, 0x08, 0x08, 0xff,
    0x10, 0x08, 0x10, 0xff, 0x08, 0x0c, 0x08, 0xff, 0x08, 0x08, 0x08, 0xff,
    0x10, 0x0c, 0x10, 0xff, 0x08, 0x0c, 0x08, 0xff, 0x08, 0x08, 0x08, 0xff,
    0x08, 0x08, 0x08, 0xff, 0x10, 0x0c, 0x10, 0xff, 0x08, 0x08, 0x08, 0xff,
    0x08, 0x0c, 0x08, 0xff, 0x10, 0x0c, 0x10, 0xff, 0x08, 0x08, 0x08, 0xff,
    0x08, 0x0c, 0x08, 0xff, 0x08, 0x08, 0x08, 0xff, 0x08, 0x08, 0x08, 0xff,
    0x10, 0x0c, 0x10, 0xff, 0x08, 0x08, 0x08, 0xff, 0x08, 0x08, 0x08, 0xff,
    0x08, 0x0c, 0x08, 0xff, 0x10, 0x0c, 0x10, 0xff, 0x08, 0x08, 0x08, 0xff,
    0x08, 0x0c, 0x08, 0xff, 0x10, 0x0c, 0x10, 0xff, 0x08, 0x08, 0x08, 0xff,
    0x08, 0x08, 0x08, 0xff, 0x08, 0x0c, 0x08, 0xff, 0x08, 0x08, 0x08, 0xff,
    0x08, 0x0c, 0x08, 0xff, 0x08, 0x08, 0x08, 0xff, 0x08, 0x08, 0x08, 0xff,
    0x08, 0x0c, 0x08, 0xff, 0x08, 0x08, 0x08, 0xff, 0x08, 0x0c, 0x08, 0xff,
    0x08, 0x0c, 0x08, 0xff, 0x08, 0x08, 0x08, 0xff, 0x38, 0x34, 0x38, 0xff,
    0x30, 0x34, 0x30, 0xff, 0x30, 0x30, 0x30, 0xff, 0x30, 0x34, 0x30, 0xff,
    0x00, 0x00, 0x00, 0x00, 0x00, 0x00, 0x00, 0x00, 0x00, 0x00, 0x00, 0x00,
    0x00, 0x00, 0x00, 0x00, 0x00, 0x00, 0x00, 0x00, 0x00, 0x00, 0x00, 0x00,
    0x00, 0x00, 0x00, 0x00, 0x00, 0x00, 0x00, 0x00, 0x00, 0x00, 0x00, 0x00,
    0x00, 0x00, 0x00, 0x00, 0x00, 0x00, 0x00, 0x00, 0x00, 0x00, 0x00, 0x00,
    0x00, 0x00, 0x00, 0x00, 0x00, 0x00, 0x00, 0x00, 0x00, 0x00, 0x00, 0x00,
    0x00, 0x00, 0x00, 0x00, 0x30, 0x34, 0x30, 0xff, 0x38, 0x30, 0x38, 0xff,
    0x30, 0x34, 0x30, 0xff, 0x38, 0x34, 0x38, 0xff, 0x08, 0x08, 0x08, 0xff,
    0x08, 0x0c, 0x08, 0xff, 0x08, 0x08, 0x08, 0xff, 0x10, 0x08, 0x10, 0xff,
    0x08, 0x0c, 0x08, 0xff, 0x08, 0x08, 0x08, 0xff, 0x08, 0x08, 0x08, 0xff,
    0x08, 0x0c, 0x08, 0xff, 0x10, 0x08, 0x10, 0xff, 0x08, 0x08, 0x08, 0xff,
    0x08, 0x0c, 0x08, 0xff, 0x08, 0x08, 0x08, 0xff, 0x10, 0x08, 0x10, 0xff,
    0x08, 0x0c, 0x08, 0xff, 0x10, 0x08, 0x10, 0xff, 0x08, 0x0c, 0x08, 0xff,
    0x08, 0x0c, 0x08, 0xff, 0x08, 0x08, 0x08, 0xff, 0x08, 0x0c, 0x08, 0xff,
    0x10, 0x0c, 0x10, 0xff, 0x08, 0x08, 0x08, 0xff, 0x08, 0x0c, 0x08, 0xff,
    0x08, 0x08, 0x08, 0xff, 0x08, 0x08, 0x08, 0xff, 0x08, 0x0c, 0x08, 0xff,
    0x08, 0x08, 0x08, 0xff, 0x10, 0x0c, 0x10, 0xff, 0x08, 0x0c, 0x08, 0xff,
    0x08, 0x08, 0x08, 0xff, 0x08, 0x08, 0x08, 0xff, 0x08, 0x0c, 0x08, 0xff,
    0x10, 0x08, 0x10, 0xff, 0x08, 0x0c, 0x08, 0xff, 0x08, 0x0c, 0x08, 0xff,
    0x10, 0x08, 0x10, 0xff, 0x08, 0x0c, 0x08, 0xff, 0x08, 0x0c, 0x08, 0xff,
    0x08, 0x08, 0x08, 0xff, 0x10, 0x0c, 0x10, 0xff, 0x08, 0x08, 0x08, 0xff,
    0x08, 0x08, 0x08, 0xff, 0x08, 0x0c, 0x08, 0xff, 0x08, 0x08, 0x08, 0xff,
    0x08, 0x0c, 0x08, 0xff, 0x08, 0x0c, 0x08, 0xff, 0x10, 0x08, 0x10, 0xff,
    0x08, 0x0c, 0x08, 0xff, 0x10, 0x08, 0x10, 0xff, 0x08, 0x0c, 0x08, 0xff,
    0x10, 0x0c, 0x10, 0xff, 0x08, 0x08, 0x08, 0xff, 0x08, 0x0c, 0x08, 0xff,
    0x10, 0x08, 0x10, 0xff, 0x08, 0x08, 0x08, 0xff, 0x08, 0x0c, 0x08, 0xff,
    0x10, 0x08, 0x10, 0xff, 0x30, 0x34, 0x30, 0xff, 0x38, 0x34, 0x38, 0xff,
    0x38, 0x30, 0x38, 0xff, 0x30, 0x34, 0x30, 0xff, 0x00, 0x00, 0x00, 0x00,
    0x00, 0x00, 0x00, 0x00, 0x00, 0x00, 0x00, 0x00, 0x00, 0x00, 0x00, 0x00,
    0x00, 0x00, 0x00, 0x00, 0x00, 0x00, 0x00, 0x00, 0x00, 0x00, 0x00, 0x00,
    0x00, 0x00, 0x00, 0x00, 0x00, 0x00, 0x00, 0x00, 0x00, 0x00, 0x00, 0x00,
    0x00, 0x00, 0x00, 0x00, 0x00, 0x00, 0x00, 0x00, 0x00, 0x00, 0x00, 0x00,
    0x00, 0x00, 0x00, 0x00, 0x00, 0x00, 0x00, 0x00, 0x00, 0x00, 0x00, 0x00,
    0x38, 0x34, 0x38, 0xff, 0x30, 0x34, 0x30, 0xff, 0x30, 0x30, 0x30, 0xff,
    0x38, 0x34, 0x38, 0xff, 0x08, 0x0c, 0x08, 0xff, 0x08, 0x08, 0x08, 0xff,
    0x10, 0x0c, 0x10, 0xff, 0x08, 0x0c, 0x08, 0xff, 0x08, 0x08, 0x08, 0xff,
    0x10, 0x0c, 0x10, 0xff, 0x08, 0x0c, 0x08, 0xff, 0x08, 0x08, 0x08, 0xff,
    0x10, 0x0c, 0x10, 0xff, 0x08, 0x0c, 0x08, 0xff, 0x08, 0x08, 0x08, 0xff,
    0x10, 0x0c, 0x10, 0xff, 0x08, 0x0c, 0x08, 0xff, 0x08, 0x08, 0x08, 0xff,
    0x08, 0x08, 0x08, 0xff, 0x10, 0x0c, 0x10, 0xff, 0x10, 0x08, 0x10, 0xff,
    0x08, 0x08, 0x08, 0xff, 0x08, 0x0c, 0x08, 0xff, 0x08, 0x08, 0x08, 0xff,
    0x08, 0x0c, 0x08, 0xff, 0x10, 0x0c, 0x10, 0xff, 0x08, 0x08, 0x08, 0xff,
    0x10, 0x0c, 0x10, 0xff, 0x08, 0x08, 0x08, 0xff, 0x08, 0x08, 0x08, 0xff,
    0x10, 0x0c, 0x10, 0xff, 0x08, 0x0c, 0x08, 0xff, 0x08, 0x08, 0x08, 0xff,
    0x10, 0x0c, 0x10, 0xff, 0x08, 0x08, 0x08, 0xff, 0x08, 0x08, 0x08, 0xff,
    0x08, 0x0c, 0x08, 0xff, 0x10, 0x08, 0x10, 0xff, 0x08, 0x08, 0x08, 0xff,
    0x08, 0x0c, 0x08, 0xff, 0x08, 0x08, 0x08, 0xff, 0x10, 0x0c, 0x10, 0xff,
    0x08, 0x0c, 0x08, 0xff, 0x08, 0x08, 0x08, 0xff, 0x10, 0x0c, 0x10, 0xff,
    0x08, 0x08, 0x08, 0xff, 0x10, 0x08, 0x10, 0xff, 0x08, 0x0c, 0x08, 0xff,
    0x08, 0x08, 0x08, 0xff, 0x08, 0x0c, 0x08, 0xff, 0x10, 0x08, 0x10, 0xff,
    0x08, 0x0c, 0x08, 0xff, 0x08, 0x08, 0x08, 0xff, 0x10, 0x08, 0x10, 0xff,
    0x08, 0x0c, 0x08, 0xff, 0x08, 0x0c, 0x08, 0xff, 0x10, 0x08, 0x10, 0xff,
    0x08, 0x0c, 0x08, 0xff, 0x08, 0x08, 0x08, 0xff, 0x08, 0x08, 0x08, 0xff,
    0x30, 0x34, 0x30, 0xff, 0x30, 0x34, 0x30, 0xff, 0x38, 0x34, 0x38, 0xff,
    0x30, 0x34, 0x30, 0xff, 0x00, 0x00, 0x00, 0x00, 0x00, 0x00, 0x00, 0x00,
    0x00, 0x00, 0x00, 0x00, 0x00, 0x00, 0x00, 0x00, 0x00, 0x00, 0x00, 0x00,
    0x00, 0x00, 0x00, 0x00, 0x00, 0x00, 0x00, 0x00, 0x00, 0x00, 0x00, 0x00,
    0x00, 0x00, 0x00, 0x00, 0x00, 0x00, 0x00, 0x00, 0x00, 0x00, 0x00, 0x00,
    0x00, 0x00, 0x00, 0x00, 0x00, 0x00, 0x00, 0x00, 0x00, 0x00, 0x00, 0x00,
    0x00, 0x00, 0x00, 0x00, 0x00, 0x00, 0x00, 0x00, 0x30, 0x34, 0x30, 0xff,
    0x30, 0x34, 0x30, 0xff, 0x38, 0x34, 0x38, 0xff, 0x30, 0x34, 0x30, 0xff,
    0x08, 0x08, 0x08, 0xff, 0x08, 0x08, 0x08, 0xff, 0x10, 0x0c, 0x10, 0xff,
    0x08, 0x08, 0x08, 0xff, 0x08, 0x08, 0x08, 0xff, 0x08, 0x0c, 0x08, 0xff,
    0x10, 0x08, 0x10, 0xff, 0x08, 0x08, 0x08, 0xff, 0x08, 0x0c, 0x08, 0xff,
    0x08, 0x08, 0x08, 0xff, 0x08, 0x08, 0x08, 0xff, 0x08, 0x0c, 0x08, 0xff,
    0x08, 0x0c, 0x08, 0xff, 0x08, 0x08, 0x08, 0xff, 0x08, 0x0c, 0x08, 0xff,
    0x08, 0x0c, 0x08, 0xff, 0x08, 0x08, 0x08, 0xff, 0x10, 0x0c, 0x10, 0xff,
    0x08, 0x08, 0x08, 0xff, 0x08, 0x08, 0x08, 0xff, 0x10, 0x0c, 0x10, 0xff,
    0x08, 0x08, 0x08, 0xff, 0x08, 0x0c, 0x08, 0xff, 0x08, 0x0c, 0x08, 0xff,
    0x10, 0x08, 0x10, 0xff, 0x08, 0x0c, 0x08, 0xff, 0x08, 0x08, 0x08, 0xff,
    0x08, 0x08, 0x08, 0xff, 0x08, 0x0c, 0x08, 0xff, 0x10, 0x0c, 0x10, 0xff,
    0x08, 0x08, 0x08, 0xff, 0x08, 0x0c, 0x08, 0xff, 0x08, 0x0c, 0x08, 0xff,
    0x08, 0x08, 0x08, 0xff, 0x10, 0x0c, 0x10, 0xff, 0x08, 0x08, 0x08, 0xff,
    0x08, 0x08, 0x08, 0xff, 0x08, 0x0c, 0x08, 0xff, 0x08, 0x08, 0x08, 0xff,
    0x08, 0x0c, 0x08, 0xff, 0x08, 0x0c, 0x08, 0xff, 0x10, 0x08, 0x10, 0xff,
    0x08, 0x0c, 0x08, 0xff, 0x08, 0x08, 0x08, 0xff, 0x10, 0x0c, 0x10, 0xff,
    0x08, 0x08, 0x08, 0xff, 0x08, 0x0c, 0x08, 0xff, 0x08, 0x0c, 0x08, 0xff,
    0x08, 0x08, 0x08, 0xff, 0x08, 0x08, 0x08, 0xff, 0x08, 0x0c, 0x08, 0xff,
    0x08, 0x08, 0x08, 0xff, 0x08, 0x0c, 0x08, 0xff, 0x10, 0x0c, 0x10, 0xff,
    0x08, 0x08, 0x08, 0xff, 0x08, 0x0c, 0x08, 0xff, 0x38, 0x34, 0x38, 0xff,
    0x30, 0x34, 0x30, 0xff, 0x30, 0x30, 0x30, 0xff, 0x38, 0x34, 0x38, 0xff,
    0x00, 0x00, 0x00, 0x00, 0x00, 0x00, 0x00, 0x00, 0x00, 0x00, 0x00, 0x00,
    0x00, 0x00, 0x00, 0x00, 0x00, 0x00, 0x00, 0x00, 0x00, 0x00, 0x00, 0x00,
    0x00, 0x00, 0x00, 0x00, 0x00, 0x00, 0x00, 0x00, 0x00, 0x00, 0x00, 0x00,
    0x00, 0x00, 0x00, 0x00, 0x00, 0x00, 0x00, 0x00, 0x00, 0x00, 0x00, 0x00,
    0x00, 0x00, 0x00, 0x00, 0x00, 0x00, 0x00, 0x00, 0x00, 0x00, 0x00, 0x00,
    0x00, 0x00, 0x00, 0x00, 0x30, 0x30, 0x30, 0xff, 0x38, 0x34, 0x38, 0xff,
    0x30, 0x34, 0x30, 0xff, 0x38, 0x34, 0x38, 0xff, 0x08, 0x08, 0x08, 0xff,
    0x08, 0x0c, 0x08, 0xff, 0x08, 0x0c, 0x08, 0xff, 0x08, 0x08, 0x08, 0xff,
    0x08, 0x0c, 0x08, 0xff, 0x08, 0x0c, 0x08, 0xff, 0x08, 0x08, 0x08, 0xff,
    0x10, 0x0c, 0x10, 0xff, 0x08, 0x0c, 0x08, 0xff, 0x08, 0x08, 0x08, 0xff,
    0x10, 0x08, 0x10, 0xff, 0x08, 0x0c, 0x08, 0xff, 0x10, 0x08, 0x10, 0xff,
    0x10, 0x08, 0x10, 0xff, 0x08, 0x0c, 0x08, 0xff, 0x08, 0x08, 0x08, 0xff,
    0x08, 0x0c, 0x08, 0xff, 0x08, 0x0c, 0x08, 0xff, 0x10, 0x08, 0x10, 0xff,
    0x08, 0x0c, 0x08, 0xff, 0x08, 0x08, 0x08, 0xff, 0x08, 0x08, 0x08, 0xff,
    0x08, 0x0c, 0x08, 0xff, 0x08, 0x08, 0x08, 0xff, 0x08, 0x0c, 0x08, 0xff,
    0x08, 0x0c, 0x08, 0xff, 0x10, 0x08, 0x10, 0xff, 0x08, 0x08, 0x08, 0xff,
    0x08, 0x0c, 0x08, 0xff, 0x08, 0x08, 0x08, 0xff, 0x10, 0x08, 0x10, 0xff,
    0x08, 0x0c, 0x08, 0xff, 0x08, 0x08, 0x08, 0xff, 0x08, 0x0c, 0x08, 0xff,
    0x10, 0x0c, 0x10, 0xff, 0x08, 0x08, 0x08, 0xff, 0x08, 0x0c, 0x08, 0xff,
    0x10, 0x08, 0x10, 0xff, 0x08, 0x08, 0x08, 0xff, 0x08, 0x0c, 0x08, 0xff,
    0x08, 0x08, 0x08, 0xff, 0x08, 0x0c, 0x08, 0xff, 0x08, 0x08, 0x08, 0xff,
    0x08, 0x0c, 0x08, 0xff, 0x08, 0x08, 0x08, 0xff, 0x10, 0x08, 0x10, 0xff,
    0x08, 0x0c, 0x08, 0xff, 0x08, 0x08, 0x08, 0xff, 0x10, 0x0c, 0x10, 0xff,
    0x08, 0x0c, 0x08, 0xff, 0x10, 0x08, 0x10, 0xff, 0x08, 0x08, 0x08, 0xff,
    0x08, 0x0c, 0x08, 0xff, 0x10, 0x08, 0x10, 0xff, 0x08, 0x0c, 0x08, 0xff,
    0x08, 0x08, 0x08, 0xff, 0x38, 0x34, 0x38, 0xff, 0x38, 0x34, 0x38, 0xff,
    0x30, 0x34, 0x30, 0xff, 0x30, 0x30, 0x30, 0xff, 0x00, 0x00, 0x00, 0x00,
    0x00, 0x00, 0x00, 0x00, 0x00, 0x00, 0x00, 0x00, 0x00, 0x00, 0x00, 0x00,
    0x00, 0x00, 0x00, 0x00, 0x00, 0x00, 0x00, 0x00, 0x00, 0x00, 0x00, 0x00,
    0x00, 0x00, 0x00, 0x00, 0x00, 0x00, 0x00, 0x00, 0x00, 0x00, 0x00, 0x00,
    0x00, 0x00, 0x00, 0x00, 0x00, 0x00, 0x00, 0x00, 0x00, 0x00, 0x00, 0x00,
    0x00, 0x00, 0x00, 0x00, 0x00, 0x00, 0x00, 0x00, 0x00, 0x00, 0x00, 0x00,
    0x38, 0x34, 0x38, 0xff, 0x30, 0x30, 0x30, 0xff, 0x30, 0x34, 0x30, 0xff,
    0x38, 0x34, 0x38, 0xff, 0x08, 0x08, 0x08, 0xff, 0x08, 0x08, 0x08, 0xff,
    0x10, 0x0c, 0x10, 0xff, 0x08, 0x08, 0x08, 0xff, 0x10, 0x0c, 0x10, 0xff,
    0x08, 0x08, 0x08, 0xff, 0x08, 0x08, 0x08, 0xff, 0x08, 0x0c, 0x08, 0xff,
    0x10, 0x0c, 0x10, 0xff, 0x08, 0x08, 0x08, 0xff, 0x08, 0x0c, 0x08, 0xff,
    0x08, 0x0c, 0x08, 0xff, 0x08, 0x08, 0x08, 0xff, 0x08, 0x0c, 0x08, 0xff,
    0x10, 0x08, 0x10, 0xff, 0x08, 0x08, 0x08, 0xff, 0x08, 0x0c, 0x08, 0xff,
    0x10, 0x08, 0x10, 0xff, 0x08, 0x0c, 0x08, 0xff, 0x08, 0x0c, 0x08, 0xff,
    0x10, 0x08, 0x10, 0xff, 0x08, 0x0c, 0x08, 0xff, 0x10, 0x08, 0x10, 0xff,
    0x10, 0x08, 0x10, 0xff, 0x08, 0x0c, 0x08, 0xff, 0x08, 0x08, 0x08, 0xff,
    0x10, 0x0c, 0x10, 0xff, 0x08, 0x0c, 0x08, 0xff, 0x08, 0x08, 0x08, 0xff,
    0x08, 0x0c, 0x08, 0xff, 0x08, 0x0c, 0x08, 0xff, 0x10, 0x08, 0x10, 0xff,
    0x08, 0x08, 0x08, 0xff, 0x08, 0x0c, 0x08, 0xff, 0x08, 0x08, 0x08, 0xff,
    0x08, 0x0c, 0x08, 0xff, 0x10, 0x0c, 0x10, 0xff, 0x08, 0x08, 0x08, 0xff,
    0x10, 0x0c, 0x10, 0xff, 0x10, 0x08, 0x10, 0xff, 0x08, 0x08, 0x08, 0xff,
    0x10, 0x0c, 0x10, 0xff, 0x08, 0x0c, 0x08, 0xff, 0x08, 0x08, 0x08, 0xff,
    0x10, 0x0c, 0x10, 0xff, 0x08, 0x0c, 0x08, 0xff, 0x08, 0x08, 0x08, 0xff,
    0x08, 0x08, 0x08, 0xff, 0x08, 0x0c, 0x08, 0xff, 0x10, 0x0c, 0x10, 0xff,
    0x08, 0x08, 0x08, 0xff, 0x08, 0x0c, 0x08, 0xff, 0x08, 0x08, 0x08, 0xff,
    0x08, 0x08, 0x08, 0xff, 0x08, 0x0c, 0x08, 0xff, 0x08, 0x08, 0x08, 0xff,
    0x38, 0x34, 0x38, 0xff, 0x30, 0x34, 0x30, 0xff, 0x30, 0x34, 0x30, 0xff,
    0x38, 0x34, 0x38, 0xff, 0x00, 0x00, 0x00, 0x00, 0x00, 0x00, 0x00, 0x00,
    0x00, 0x00, 0x00, 0x00, 0x00, 0x00, 0x00, 0x00, 0x00, 0x00, 0x00, 0x00,
    0x00, 0x00, 0x00, 0x00, 0x00, 0x00, 0x00, 0x00, 0x00, 0x00, 0x00, 0x00,
    0x00, 0x00, 0x00, 0x00, 0x00, 0x00, 0x00, 0x00, 0x00, 0x00, 0x00, 0x00,
    0x00, 0x00, 0x00, 0x00, 0x00, 0x00, 0x00, 0x00, 0x00, 0x00, 0x00, 0x00,
    0x00, 0x00, 0x00, 0x00, 0x00, 0x00, 0x00, 0x00, 0x30, 0x34, 0x30, 0xff,
    0x30, 0x34, 0x30, 0xff, 0x38, 0x30, 0x38, 0xff, 0x30, 0x34, 0x30, 0xff,
    0x08, 0x08, 0x08, 0xff, 0x10, 0x0c, 0x10, 0xff, 0x08, 0x08, 0x08, 0xff,
    0x08, 0x0c, 0x08, 0xff, 0x10, 0x08, 0x10, 0xff, 0x08, 0x0c, 0x08, 0xff,
    0x08, 0x08, 0x08, 0xff, 0x08, 0x08, 0x08, 0xff, 0x08, 0x0c, 0x08, 0xff,
    0x10, 0x08, 0x10, 0xff, 0x08, 0x08, 0x08, 0xff, 0x08, 0x0c, 0x08, 0xff,
    0x08, 0x08, 0x08, 0xff, 0x08, 0x0c, 0x08, 0xff, 0x08, 0x0c, 0x08, 0xff,
    0x10, 0x08, 0x10, 0xff, 0x08, 0x08, 0x08, 0xff, 0x08, 0x0c, 0x08, 0xff,
    0x08, 0x08, 0x08, 0xff, 0x08, 0x08, 0x08, 0xff, 0x08, 0x0c, 0x08, 0xff,
    0x08, 0x0c, 0x08, 0xff, 0x08, 0x08, 0x08, 0xff, 0x08, 0x0c, 0x08, 0xff,
    0x08, 0x08, 0x08, 0xff, 0x08, 0x08, 0x08, 0xff, 0x08, 0x0c, 0x08, 0xff,
    0x10, 0x08, 0x10, 0xff, 0x08, 0x08, 0x08, 0xff, 0x08, 0x0c, 0x08, 0xff,
    0x10, 0x0c, 0x10, 0xff, 0x08, 0x08, 0x08, 0xff, 0x08, 0x0c, 0x08, 0xff,
    0x10, 0x08, 0x10, 0xff, 0x08, 0x08, 0x08, 0xff, 0x08, 0x0c, 0x08, 0xff,
    0x08, 0x08, 0x08, 0xff, 0x08, 0x0c, 0x08, 0xff, 0x08, 0x0c, 0x08, 0xff,
    0x08, 0x08, 0x08, 0xff, 0x08, 0x0c, 0x08, 0xff, 0x08, 0x08, 0x08, 0xff,
    0x10, 0x08, 0x10, 0xff, 0x08, 0x0c, 0x08, 0xff, 0x08, 0x08, 0x08, 0xff,
    0x08, 0x0c, 0x08, 0xff, 0x10, 0x08, 0x10, 0xff, 0x08, 0x0c, 0x08, 0xff,
    0x08, 0x08, 0x08, 0xff, 0x08, 0x08, 0x08, 0xff, 0x08, 0x0c, 0x08, 0xff,
    0x10, 0x0c, 0x10, 0xff, 0x08, 0x08, 0x08, 0xff, 0x10, 0x0c, 0x10, 0xff,
    0x08, 0x0c, 0x08, 0xff, 0x08, 0x08, 0x08, 0xff, 0x38, 0x34, 0x38, 0xff,
    0x30, 0x30, 0x30, 0xff, 0x30, 0x34, 0x30, 0xff, 0x38, 0x34, 0x38, 0xff,
    0x00, 0x00, 0x00, 0x00, 0x00, 0x00, 0x00, 0x00, 0x00, 0x00, 0x00, 0x00,
    0x00, 0x00, 0x00, 0x00, 0x00, 0x00, 0x00, 0x00, 0x00, 0x00, 0x00, 0x00,
    0x00, 0x00, 0x00, 0x00, 0x00, 0x00, 0x00, 0x00, 0x00, 0x00, 0x00, 0x00,
    0x00, 0x00, 0x00, 0x00, 0x00, 0x00, 0x00, 0x00, 0x00, 0x00, 0x00, 0x00,
    0x00, 0x00, 0x00, 0x00, 0x00, 0x00, 0x00, 0x00, 0x00, 0x00, 0x00, 0x00,
    0x00, 0x00, 0x00, 0x00, 0x30, 0x34, 0x30, 0xff, 0x38, 0x34, 0x38, 0xff,
    0x30, 0x34, 0x30, 0xff, 0x30, 0x34, 0x30, 0xff, 0x08, 0x08, 0x08, 0xff,
    0x08, 0x0c, 0x08, 0xff, 0x08, 0x0c, 0x08, 0xff, 0x08, 0x08, 0x08, 0xff,
    0x08, 0x0c, 0x08, 0xff, 0x10, 0x0c, 0x10, 0xff, 0x08, 0x08, 0x08, 0xff,
    0x10, 0x0c, 0x10, 0xff, 0x08, 0x0c, 0x08, 0xff, 0x08, 0x08, 0x08, 0xff,
    0x10, 0x0c, 0x10, 0xff, 0x08, 0x08, 0x08, 0xff, 0x10, 0x08, 0x10, 0xff,
    0x08, 0x0c, 0x08, 0xff, 0x08, 0x0c, 0x08, 0xff, 0x08, 0x08, 0x08, 0xff,
    0x10, 0x0c, 0x10, 0xff, 0x08, 0x0c, 0x08, 0xff, 0x08, 0x08, 0x08, 0xff,
    0x10, 0x08, 0x10, 0xff, 0x08, 0x0c, 0x08, 0xff, 0x08, 0x08, 0x08, 0xff,
    0x10, 0x0c, 0x10, 0xff, 0x08, 0x0c, 0x08, 0xff, 0x08, 0x08, 0x08, 0xff,
    0x10, 0x0c, 0x10, 0xff, 0x08, 0x0c, 0x08, 0xff, 0x08, 0x08, 0x08, 0xff,
    0x10, 0x0c, 0x10, 0xff, 0x08, 0x08, 0x08, 0xff, 0x08, 0x08, 0x08, 0xff,
    0x08, 0x0c, 0x08, 0xff, 0x08, 0x0c, 0x08, 0xff, 0x10, 0x08, 0x10, 0xff,
    0x08, 0x0c, 0x08, 0xff, 0x08, 0x08, 0x08, 0xff, 0x10, 0x08, 0x10, 0xff,
    0x08, 0x0c, 0x08, 0xff, 0x08, 0x08, 0x08, 0xff, 0x08, 0x0c, 0x08, 0xff,
    0x08, 0x0c, 0x08, 0xff, 0x08, 0x08, 0x08, 0xff, 0x08, 0x0c, 0x08, 0xff,
    0x10, 0x08, 0x10, 0xff, 0x08, 0x0c, 0x08, 0xff, 0x08, 0x08, 0x08, 0xff,
    0x10, 0x0c, 0x10, 0xff, 0x08, 0x0c, 0x08, 0xff, 0x08, 0x08, 0x08, 0xff,
    0x10, 0x08, 0x10, 0xff, 0x08, 0x0c, 0x08, 0xff, 0x08, 0x08, 0x08, 0xff,
    0x08, 0x08, 0x08, 0xff, 0x10, 0x0c, 0x10, 0xff, 0x08, 0x08, 0x08, 0xff,
    0x08, 0x08, 0x08, 0xff, 0x38, 0x34, 0x38, 0xff, 0x30, 0x34, 0x30, 0xff,
    0x30, 0x30, 0x30, 0xff, 0x30, 0x34, 0x30, 0xff, 0x00, 0x00, 0x00, 0x00,
    0x00, 0x00, 0x00, 0x00, 0x00, 0x00, 0x00, 0x00, 0x00, 0x00, 0x00, 0x00,
    0x00, 0x00, 0x00, 0x00, 0x00, 0x00, 0x00, 0x00, 0x00, 0x00, 0x00, 0x00,
    0x00, 0x00, 0x00, 0x00, 0x00, 0x00, 0x00, 0x00, 0x00, 0x00, 0x00, 0x00,
    0x00, 0x00, 0x00, 0x00, 0x00, 0x00, 0x00, 0x00, 0x00, 0x00, 0x00, 0x00,
    0x00, 0x00, 0x00, 0x00, 0x00, 0x00, 0x00, 0x00, 0x00, 0x00, 0x00, 0x00,
    0x38, 0x30, 0x38, 0xff, 0x30, 0x34, 0x30, 0xff, 0x38, 0x34, 0x38, 0xff,
    0x38, 0x34, 0x38, 0xff, 0x08, 0x08, 0x08, 0xff, 0x08, 0x08, 0x08, 0xff,
    0x10, 0x0c, 0x10, 0xff, 0x08, 0x08, 0x08, 0xff, 0x08, 0x08, 0x08, 0xff,
    0x08, 0x0c, 0x08, 0xff, 0x08, 0x08, 0x08, 0xff, 0x08, 0x08, 0x08, 0xff,
    0x08, 0x0c, 0x08, 0xff, 0x08, 0x08, 0x08, 0xff, 0x08, 0x0c, 0x08, 0xff,
    0x10, 0x0c, 0x10, 0xff, 0x08, 0x08, 0x08, 0xff, 0x08, 0x08, 0x08, 0xff,
    0x10, 0x0c, 0x10, 0xff, 0x08, 0x08, 0x08, 0xff, 0x08, 0x08, 0x08, 0xff,
    0x08, 0x0c, 0x08, 0xff, 0x10, 0x0c, 0x10, 0xff, 0x08, 0x0c, 0x08, 0xff,
    0x08, 0x08, 0x08, 0xff, 0x10, 0x08, 0x10, 0xff, 0x08, 0x0c, 0x08, 0xff,
    0x08, 0x08, 0x08, 0xff, 0x10, 0x0c, 0x10, 0xff, 0x08, 0x08, 0x08, 0xff,
    0x08, 0x08, 0x08, 0xff, 0x08, 0x0c, 0x08, 0xff, 0x08, 0x0c, 0x08, 0xff,
    0x10, 0x08, 0x10, 0xff, 0x08, 0x08, 0x08, 0xff, 0x08, 0x0c, 0x08, 0xff,
    0x10, 0x08, 0x10, 0xff, 0x08, 0x0c, 0x08, 0xff, 0x08, 0x0c, 0x08, 0xff,
    0x10, 0x08, 0x10, 0xff, 0x08, 0x0c, 0x08, 0xff, 0x08, 0x08, 0x08, 0xff,
    0x10, 0x08, 0x10, 0xff, 0x10, 0x0c, 0x10, 0xff, 0x08, 0x08, 0x08, 0xff,
    0x10, 0x0c, 0x10, 0xff, 0x08, 0x08, 0x08, 0xff, 0x08, 0x0c, 0x08, 0xff,
    0x08, 0x08, 0x08, 0xff, 0x08, 0x08, 0x08, 0xff, 0x08, 0x0c, 0x08, 0xff,
    0x08, 0x08, 0x08, 0xff, 0x10, 0x0c, 0x10, 0xff, 0x08, 0x0c, 0x08, 0xff,
    0x08, 0x08, 0x08, 0xff, 0x08, 0x0c, 0x08, 0xff, 0x08, 0x0c, 0x08, 0xff,
    0x08, 0x08, 0x08, 0xff, 0x08, 0x0c, 0x08, 0xff, 0x08, 0x0c, 0x08, 0xff,
    0x38, 0x34, 0x38, 0xff, 0x38, 0x34, 0x38, 0xff, 0x30, 0x34, 0x30, 0xff,
    0x38, 0x30, 0x38, 0xff, 0x00, 0x00, 0x00, 0x00, 0x00, 0x00, 0x00, 0x00,
    0x00, 0x00, 0x00, 0x00, 0x00, 0x00, 0x00, 0x00, 0x00, 0x00, 0x00, 0x00,
    0x00, 0x00, 0x00, 0x00, 0x00, 0x00, 0x00, 0x00, 0x00, 0x00, 0x00, 0x00,
    0x00, 0x00, 0x00, 0x00, 0x00, 0x00, 0x00, 0x00, 0x00, 0x00, 0x00, 0x00,
    0x00, 0x00, 0x00, 0x00, 0x00, 0x00, 0x00, 0x00, 0x00, 0x00, 0x00, 0x00,
    0x00, 0x00, 0x00, 0x00, 0x00, 0x00, 0x00, 0x00, 0x30, 0x34, 0x30, 0xff,
    0x30, 0x30, 0x30, 0xff, 0x30, 0x34, 0x30, 0xff, 0x38, 0x34, 0x38, 0xff,
    0x08, 0x08, 0x08, 0xff, 0x08, 0x08, 0x08, 0xff, 0x10, 0x0c, 0x10, 0xff,
    0x08, 0x08, 0x08, 0xff, 0x08, 0x0c, 0x08, 0xff, 0x10, 0x0c, 0x10, 0xff,
    0x08, 0x08, 0x08, 0xff, 0x10, 0x0c, 0x10, 0xff, 0x08, 0x08, 0x08, 0xff,
    0x08, 0x08, 0x08, 0xff, 0x08, 0x0c, 0x08, 0xff, 0x08, 0x0c, 0x08, 0xff,
    0x08, 0x08, 0x08, 0xff, 0x08, 0x0c, 0x08, 0xff, 0x10, 0x0c, 0x10, 0xff,
    0x08, 0x08, 0x08, 0xff, 0x08, 0x08, 0x08, 0xff, 0x10, 0x0c, 0x10, 0xff,
    0x08, 0x08, 0x08, 0xff, 0x08, 0x08, 0x08, 0xff, 0x08, 0x0c, 0x08, 0xff,
    0x08, 0x0c, 0x08, 0xff, 0x08, 0x08, 0x08, 0xff, 0x08, 0x08, 0x08, 0xff,
    0x08, 0x0c, 0x08, 0xff, 0x08, 0x0c, 0x08, 0xff, 0x10, 0x08, 0x10, 0xff,
    0x08, 0x0c, 0x08, 0xff, 0x08, 0x08, 0x08, 0xff, 0x08, 0x0c, 0x08, 0xff,
    0x10, 0x0c, 0x10, 0xff, 0x08, 0x08, 0x08, 0xff, 0x08, 0x08, 0x08, 0xff,
    0x08, 0x0c, 0x08, 0xff, 0x08, 0x08, 0x08, 0xff, 0x08, 0x0c, 0x08, 0xff,
    0x08, 0x0c, 0x08, 0xff, 0x08, 0x08, 0x08, 0xff, 0x08, 0x0c, 0x08, 0xff,
    0x08, 0x08, 0x08, 0xff, 0x08, 0x08, 0x08, 0xff, 0x08, 0x0c, 0x08, 0xff,
    0x10, 0x0c, 0x10, 0xff, 0x08, 0x08, 0x08, 0xff, 0x10, 0x0c, 0x10, 0xff,
    0x08, 0x0c, 0x08, 0xff, 0x08, 0x08, 0x08, 0xff, 0x10, 0x08, 0x10, 0xff,
    0x08, 0x0c, 0x08, 0xff, 0x08, 0x08, 0x08, 0xff, 0x10, 0x08, 0x10, 0xff,
    0x10, 0x0c, 0x10, 0xff, 0x08, 0x08, 0x08, 0xff, 0x08, 0x08, 0x08, 0xff,
    0x10, 0x0c, 0x10, 0xff, 0x08, 0x08, 0x08, 0xff, 0x30, 0x34, 0x30, 0xff,
    0x30, 0x34, 0x30, 0xff, 0x38, 0x34, 0x38, 0xff, 0x30, 0x34, 0x30, 0xff,
    0x00, 0x00, 0x00, 0x00, 0x00, 0x00, 0x00, 0x00, 0x00, 0x00, 0x00, 0x00,
    0x00, 0x00, 0x00, 0x00, 0x00, 0x00, 0x00, 0x00, 0x00, 0x00, 0x00, 0x00,
    0x00, 0x00, 0x00, 0x00, 0x00, 0x00, 0x00, 0x00, 0x00, 0x00, 0x00, 0x00,
    0x00, 0x00, 0x00, 0x00, 0x00, 0x00, 0x00, 0x00, 0x00, 0x00, 0x00, 0x00,
    0x00, 0x00, 0x00, 0x00, 0x00, 0x00, 0x00, 0x00, 0x00, 0x00, 0x00, 0x00,
    0x00, 0x00, 0x00, 0x00, 0x30, 0x34, 0x30, 0xff, 0x38, 0x34, 0x38, 0xff,
    0x30, 0x34, 0x30, 0xff, 0x30, 0x34, 0x30, 0xff, 0x08, 0x08, 0x08, 0xff,
    0x08, 0x0c, 0x08, 0xff, 0x08, 0x0c, 0x08, 0xff, 0x10, 0x08, 0x10, 0xff,
    0x08, 0x08, 0x08, 0xff, 0x08, 0x0c, 0x08, 0xff, 0x10, 0x08, 0x10, 0xff,
    0x08, 0x0c, 0x08, 0xff, 0x10, 0x0c, 0x10, 0xff, 0x08, 0x08, 0x08, 0xff,
    0x10, 0x08, 0x10, 0xff, 0x08, 0x0c, 0x08, 0xff, 0x08, 0x08, 0x08, 0xff,
    0x10, 0x08, 0x10, 0xff, 0x08, 0x0c, 0x08, 0xff, 0x08, 0x0c, 0x08, 0xff,
    0x08, 0x08, 0x08, 0xff, 0x08, 0x0c, 0x08, 0xff, 0x08, 0x08, 0x08, 0xff,
    0x10, 0x08, 0x10, 0xff, 0x08, 0x0c, 0x08, 0xff, 0x10, 0x0c, 0x10, 0xff,
    0x08, 0x08, 0x08, 0xff, 0x10, 0x0c, 0x10, 0xff, 0x08, 0x08, 0x08, 0xff,
    0x08, 0x0c, 0x08, 0xff, 0x10, 0x08, 0x10, 0xff, 0x08, 0x08, 0x08, 0xff,
    0x08, 0x0c, 0x08, 0xff, 0x08, 0x08, 0x08, 0xff, 0x08, 0x0c, 0x08, 0xff,
    0x10, 0x0c, 0x10, 0xff, 0x08, 0x08, 0x08, 0xff, 0x08, 0x08, 0x08, 0xff,
    0x10, 0x0c, 0x10, 0xff, 0x08, 0x08, 0x08, 0xff, 0x10, 0x08, 0x10, 0xff,
    0x08, 0x0c, 0x08, 0xff, 0x08, 0x0c, 0x08, 0xff, 0x10, 0x08, 0x10, 0xff,
    0x08, 0x0c, 0x08, 0xff, 0x08, 0x08, 0x08, 0xff, 0x08, 0x08, 0x08, 0xff,
    0x08, 0x0c, 0x08, 0xff, 0x10, 0x08, 0x10, 0xff, 0x08, 0x0c, 0x08, 0xff,
    0x08, 0x08, 0x08, 0xff, 0x08, 0x0c, 0x08, 0xff, 0x08, 0x0c, 0x08, 0xff,
    0x08, 0x08, 0x08, 0xff, 0x08, 0x0c, 0x08, 0xff, 0x08, 0x0c, 0x08, 0xff,
    0x08, 0x08, 0x08, 0xff, 0x10, 0x0c, 0x10, 0xff, 0x08, 0x08, 0x08, 0xff,
    0x08, 0x08, 0x08, 0xff, 0x38, 0x34, 0x38, 0xff, 0x30, 0x30, 0x30, 0xff,
    0x30, 0x34, 0x30, 0xff, 0x38, 0x34, 0x38, 0xff, 0x00, 0x00, 0x00, 0x00,
    0x00, 0x00, 0x00, 0x00, 0x00, 0x00, 0x00, 0x00, 0x00, 0x00, 0x00, 0x00,
    0x00, 0x00, 0x00, 0x00, 0x00, 0x00, 0x00, 0x00, 0x00, 0x00, 0x00, 0x00,
    0x00, 0x00, 0x00, 0x00, 0x00, 0x00, 0x00, 0x00, 0x00, 0x00, 0x00, 0x00,
    0x00, 0x00, 0x00, 0x00, 0x00, 0x00, 0x00, 0x00, 0x00, 0x00, 0x00, 0x00,
    0x00, 0x00, 0x00, 0x00, 0x00, 0x00, 0x00, 0x00, 0x00, 0x00, 0x00, 0x00,
    0x38, 0x34, 0x38, 0xff, 0x30, 0x30, 0x30, 0xff, 0x38, 0x34, 0x38, 0xff,
    0x38, 0x34, 0x38, 0xff, 0x08, 0x08, 0x08, 0xff, 0x08, 0x08, 0x08, 0xff,
    0x10, 0x0c, 0x10, 0xff, 0x08, 0x08, 0x08, 0xff, 0x08, 0x0c, 0x08, 0xff,
    0x08, 0x08, 0x08, 0xff, 0x08, 0x08, 0x08, 0xff, 0x08, 0x0c, 0x08, 0xff,
    0x08, 0x0c, 0x08, 0xff, 0x08, 0x08, 0x08, 0xff, 0x10, 0x0c, 0x10, 0xff,
    0x08, 0x0c, 0x08, 0xff, 0x08, 0x08, 0x08, 0xff, 0x08, 0x08, 0x08, 0xff,
    0x08, 0x0c, 0x08, 0xff, 0x10, 0x08, 0x10, 0xff, 0x08, 0x0c, 0x08, 0xff,
    0x08, 0x0c, 0x08, 0xff, 0x10, 0x0c, 0x10, 0xff, 0x08, 0x08, 0x08, 0xff,
    0x08, 0x0c, 0x08, 0xff, 0x08, 0x08, 0x08, 0xff, 0x10, 0x0c, 0x10, 0xff,
    0x08, 0x08, 0x08, 0xff, 0x08, 0x0c, 0x08, 0xff, 0x08, 0x08, 0x08, 0xff,
    0x08, 0x0c, 0x08, 0xff, 0x10, 0x0c, 0x10, 0xff, 0x08, 0x08, 0x08, 0xff,
    0x08, 0x08, 0x08, 0xff, 0x10, 0x0c, 0x10, 0xff, 0x08, 0x08, 0x08, 0xff,
    0x08, 0x0c, 0x08, 0xff, 0x10, 0x0c, 0x10, 0xff, 0x08, 0x08, 0x08, 0xff,
    0x08, 0x0c, 0x08, 0xff, 0x10, 0x08, 0x10, 0xff, 0x08, 0x0c, 0x08, 0xff,
    0x08, 0x08, 0x08, 0xff, 0x10, 0x0c, 0x10, 0xff, 0x08, 0x0c, 0x08, 0xff,
    0x08, 0x08, 0x08, 0xff, 0x10, 0x0c, 0x10, 0xff, 0x08, 0x08, 0x08, 0xff,
    0x08, 0x0c, 0x08, 0xff, 0x08, 0x08, 0x08, 0xff, 0x10, 0x0c, 0x10, 0xff,
    0x08, 0x08, 0x08, 0xff, 0x10, 0x08, 0x10, 0xff, 0x08, 0x0c, 0x08, 0xff,
    0x08, 0x08, 0x08, 0xff, 0x08, 0x08, 0x08, 0xff, 0x10, 0x0c, 0x10, 0xff,
    0x08, 0x0c, 0x08, 0xff, 0x08, 0x08, 0x08, 0xff, 0x08, 0x0c, 0x08, 0xff,
    0x38, 0x34, 0x38, 0xff, 0x30, 0x34, 0x30, 0xff, 0x30, 0x30, 0x30, 0xff,
    0x38, 0x34, 0x38, 0xff, 0x00, 0x00, 0x00, 0x00, 0x00, 0x00, 0x00, 0x00,
    0x00, 0x00, 0x00, 0x00, 0x00, 0x00, 0x00, 0x00, 0x00, 0x00, 0x00, 0x00,
    0x00, 0x00, 0x00, 0x00, 0x00, 0x00, 0x00, 0x00, 0x00, 0x00, 0x00, 0x00,
    0x00, 0x00, 0x00, 0x00, 0x00, 0x00, 0x00, 0x00, 0x00, 0x00, 0x00, 0x00,
    0x00, 0x00, 0x00, 0x00, 0x00, 0x00, 0x00, 0x00, 0x00, 0x00, 0x00, 0x00,
    0x00, 0x00, 0x00, 0x00, 0x00, 0x00, 0x00, 0x00, 0x30, 0x34, 0x30, 0xff,
    0x30, 0x30, 0x30, 0xff, 0x30, 0x34, 0x30, 0xff, 0x38, 0x34, 0x38, 0xff,
    0x08, 0x08, 0x08, 0xff, 0x08, 0x0c, 0x08, 0xff, 0x08, 0x08, 0x08, 0xff,
    0x08, 0x0c, 0x08, 0xff, 0x10, 0x0c, 0x10, 0xff, 0x08, 0x08, 0x08, 0xff,
    0x08, 0x0c, 0x08, 0xff, 0x10, 0x08, 0x10, 0xff, 0x08, 0x08, 0x08, 0xff,
    0x08, 0x0c, 0x08, 0xff, 0x08, 0x08, 0x08, 0xff, 0x10, 0x0c, 0x10, 0xff,
    0x08, 0x0c, 0x08, 0xff, 0x08, 0x08, 0x08, 0xff, 0x10, 0x0c, 0x10, 0xff,
    0x08, 0x08, 0x08, 0xff, 0x08, 0x08, 0x08, 0xff, 0x10, 0x0c, 0x10, 0xff,
    0x08, 0x08, 0x08, 0xff, 0x08, 0x0c, 0x08, 0xff, 0x08, 0x08, 0x08, 0xff,
    0x08, 0x08, 0x08, 0xff, 0x08, 0x0c, 0x08, 0xff, 0x08, 0x08, 0x08, 0xff,
    0x10, 0x0c, 0x10, 0xff, 0x08, 0x08, 0x08, 0xff, 0x08, 0x08, 0x08, 0xff,
    0x10, 0x0c, 0x10, 0xff, 0x08, 0x0c, 0x08, 0xff, 0x08, 0x08, 0x08, 0xff,
    0x08, 0x08, 0x08, 0xff, 0x08, 0x0c, 0x08, 0xff, 0x08, 0x08, 0x08, 0xff,
    0x08, 0x0c, 0x08, 0xff, 0x08, 0x08, 0x08, 0xff, 0x08, 0x0c, 0x08, 0xff,
    0x08, 0x0c, 0x08, 0xff, 0x08, 0x08, 0x08, 0xff, 0x08, 0x08, 0x08, 0xff,
    0x08, 0x0c, 0x08, 0xff, 0x08, 0x08, 0x08, 0xff, 0x10, 0x0c, 0x10, 0xff,
    0x08, 0x08, 0x08, 0xff, 0x08, 0x0c, 0x08, 0xff, 0x08, 0x08, 0x08, 0xff,
    0x10, 0x0c, 0x10, 0xff, 0x08, 0x08, 0x08, 0xff, 0x08, 0x0c, 0x08, 0xff,
    0x08, 0x0c, 0x08, 0xff, 0x10, 0x08, 0x10, 0xff, 0x08, 0x0c, 0x08, 0xff,
    0x08, 0x08, 0x08, 0xff, 0x10, 0x0c, 0x10, 0xff, 0x08, 0x08, 0x08, 0xff,
    0x08, 0x08, 0x08, 0xff, 0x08, 0x0c, 0x08, 0xff, 0x38, 0x34, 0x38, 0xff,
    0x30, 0x34, 0x30, 0xff, 0x30, 0x34, 0x30, 0xff, 0x30, 0x30, 0x30, 0xff,
    0x00, 0x00, 0x00, 0x00, 0x00, 0x00, 0x00, 0x00, 0x00, 0x00, 0x00, 0x00,
    0x00, 0x00, 0x00, 0x00, 0x00, 0x00, 0x00, 0x00, 0x00, 0x00, 0x00, 0x00,
    0x00, 0x00, 0x00, 0x00, 0x00, 0x00, 0x00, 0x00, 0x00, 0x00, 0x00, 0x00,
    0x00, 0x00, 0x00, 0x00, 0x00, 0x00, 0x00, 0x00, 0x00, 0x00, 0x00, 0x00,
    0x00, 0x00, 0x00, 0x00, 0x00, 0x00, 0x00, 0x00, 0x00, 0x00, 0x00, 0x00,
    0x00, 0x00, 0x00, 0x00, 0x30, 0x34, 0x30, 0xff, 0x38, 0x34, 0x38, 0xff,
    0x30, 0x34, 0x30, 0xff, 0x30, 0x34, 0x30, 0xff, 0x08, 0x08, 0x08, 0xff,
    0x10, 0x0c, 0x10, 0xff, 0x08, 0x08, 0x08, 0xff, 0x08, 0x08, 0x08, 0xff,
    0x10, 0x0c, 0x10, 0xff, 0x08, 0x0c, 0x08, 0xff, 0x08, 0x08, 0x08, 0xff,
    0x10, 0x0c, 0x10, 0xff, 0x08, 0x08, 0x08, 0xff, 0x08, 0x0c, 0x08, 0xff,
    0x08, 0x08, 0x08, 0xff, 0x08, 0x08, 0x08, 0xff, 0x10, 0x0c, 0x10, 0xff,
    0x08, 0x0c, 0x08, 0xff, 0x08, 0x08, 0x08, 0xff, 0x08, 0x0c, 0x08, 0xff,
    0x08, 0x08, 0x08, 0xff, 0x08, 0x08, 0x08, 0xff, 0x08, 0x0c, 0x08, 0xff,
    0x10, 0x08, 0x10, 0xff, 0x10, 0x0c, 0x10, 0xff, 0x08, 0x0c, 0x08, 0xff,
    0x08, 0x08, 0x08, 0xff, 0x10, 0x0c, 0x10, 0xff, 0x08, 0x08, 0x08, 0xff,
    0x08, 0x0c, 0x08, 0xff, 0x08, 0x08, 0x08, 0xff, 0x08, 0x0c, 0x08, 0xff,
    0x10, 0x0c, 0x10, 0xff, 0x08, 0x08, 0x08, 0xff, 0x08, 0x0c, 0x08, 0xff,
    0x10, 0x0c, 0x10, 0xff, 0x08, 0x08, 0x08, 0xff, 0x10, 0x08, 0x10, 0xff,
    0x08, 0x0c, 0x08, 0xff, 0x10, 0x08, 0x10, 0xff, 0x08, 0x08, 0x08, 0xff,
    0x10, 0x0c, 0x10, 0xff, 0x10, 0x0c, 0x10, 0xff, 0x08, 0x08, 0x08, 0xff,
    0x08, 0x08, 0x08, 0xff, 0x08, 0x0c, 0x08, 0xff, 0x08, 0x0c, 0x08, 0xff,
    0x10, 0x08, 0x10, 0xff, 0x08, 0x0c, 0x08, 0xff, 0x08, 0x08, 0x08, 0xff,
    0x08, 0x08, 0x08, 0xff, 0x08, 0x0c, 0x08, 0xff, 0x08, 0x08, 0x08, 0xff,
    0x10, 0x0c, 0x10, 0xff, 0x08, 0x0c, 0x08, 0xff, 0x08, 0x08, 0x08, 0xff,
    0x08, 0x0c, 0x08, 0xff, 0x10, 0x0c, 0x10, 0xff, 0x08, 0x08, 0x08, 0xff,
    0x08, 0x08, 0x08, 0xff, 0x38, 0x34, 0x38, 0xff, 0x38, 0x34, 0x38, 0xff,
    0x30, 0x34, 0x30, 0xff, 0x38, 0x34, 0x38, 0xff, 0x00, 0x00, 0x00, 0x00,
    0x00, 0x00, 0x00, 0x00, 0x00, 0x00, 0x00, 0x00, 0x00, 0x00, 0x00, 0x00,
    0x00, 0x00, 0x00, 0x00, 0x00, 0x00, 0x00, 0x00, 0x00, 0x00, 0x00, 0x00,
    0x00, 0x00, 0x00, 0x00, 0x00, 0x00, 0x00, 0x00, 0x00, 0x00, 0x00, 0x00,
    0x00, 0x00, 0x00, 0x00, 0x00, 0x00, 0x00, 0x00, 0x00, 0x00, 0x00, 0x00,
    0x00, 0x00, 0x00, 0x00, 0x00, 0x00, 0x00, 0x00, 0x00, 0x00, 0x00, 0x00,
    0x38, 0x34, 0x38, 0xff, 0x30, 0x30, 0x30, 0xff, 0x38, 0x34, 0x38, 0xff,
    0x30, 0x34, 0x30, 0xff, 0x08, 0x08, 0x08, 0xff, 0x10, 0x0c, 0x10, 0xff,
    0x08, 0x0c, 0x08, 0xff, 0x08, 0x08, 0x08, 0xff, 0x08, 0x08, 0x08, 0xff,
    0x08, 0x0c, 0x08, 0xff, 0x08, 0x08, 0x08, 0xff, 0x08, 0x0c, 0x08, 0xff,
    0x10, 0x0c, 0x10, 0xff, 0x08, 0x08, 0x08, 0xff, 0x08, 0x0c, 0x08, 0xff,
    0x10, 0x08, 0x10, 0xff, 0x08, 0x08, 0x08, 0xff, 0x08, 0x0c, 0x08, 0xff,
    0x10, 0x08, 0x10, 0xff, 0x08, 0x0c, 0x08, 0xff, 0x10, 0x0c, 0x10, 0xff,
    0x08, 0x08, 0x08, 0xff, 0x08, 0x0c, 0x08, 0xff, 0x08, 0x08, 0x08, 0xff,
    0x08, 0x08, 0x08, 0xff, 0x08, 0x0c, 0x08, 0xff, 0x10, 0x08, 0x10, 0xff,
    0x08, 0x0c, 0x08, 0xff, 0x08, 0x0c, 0x08, 0xff, 0x10, 0x08, 0x10, 0xff,
    0x08, 0x0c, 0x08, 0xff, 0x08, 0x08, 0x08, 0xff, 0x08, 0x08, 0x08, 0xff,
    0x10, 0x0c, 0x10, 0xff, 0x08, 0x08, 0x08, 0xff, 0x08, 0x0c, 0x08, 0xff,
    0x10, 0x08, 0x10, 0xff, 0x08, 0x0c, 0x08, 0xff, 0x08, 0x0c, 0x08, 0xff,
    0x08, 0x08, 0x08, 0xff, 0x08, 0x08, 0x08, 0xff, 0x08, 0x0c, 0x08, 0xff,
    0x08, 0x0c, 0x08, 0xff, 0x10, 0x08, 0x10, 0xff, 0x08, 0x0c, 0x08, 0xff,
    0x08, 0x08, 0x08, 0xff, 0x10, 0x08, 0x10, 0xff, 0x08, 0x0c, 0x08, 0xff,
    0x08, 0x0c, 0x08, 0xff, 0x10, 0x08, 0x10, 0xff, 0x08, 0x0c, 0x08, 0xff,
    0x10, 0x08, 0x10, 0xff, 0x08, 0x08, 0x08, 0xff, 0x08, 0x0c, 0x08, 0xff,
    0x10, 0x08, 0x10, 0xff, 0x08, 0x08, 0x08, 0xff, 0x08, 0x0c, 0x08, 0xff,
    0x08, 0x08, 0x08, 0xff, 0x08, 0x0c, 0x08, 0xff, 0x08, 0x08, 0x08, 0xff,
    0x38, 0x34, 0x38, 0xff, 0x30, 0x30, 0x30, 0xff, 0x30, 0x34, 0x30, 0xff,
    0x38, 0x34, 0x38, 0xff, 0x00, 0x00, 0x00, 0x00, 0x00, 0x00, 0x00, 0x00,
    0x00, 0x00, 0x00, 0x00, 0x00, 0x00, 0x00, 0x00, 0x00, 0x00, 0x00, 0x00,
    0x00, 0x00, 0x00, 0x00, 0x00, 0x00, 0x00, 0x00, 0x00, 0x00, 0x00, 0x00,
    0x00, 0x00, 0x00, 0x00, 0x00, 0x00, 0x00, 0x00, 0x00, 0x00, 0x00, 0x00,
    0x00, 0x00, 0x00, 0x00, 0x00, 0x00, 0x00, 0x00, 0x00, 0x00, 0x00, 0x00,
    0x00, 0x00, 0x00, 0x00, 0x00, 0x00, 0x00, 0x00, 0x30, 0x34, 0x30, 0xff,
    0x30, 0x30, 0x30, 0xff, 0x38, 0x34, 0x38, 0xff, 0x38, 0x34, 0x38, 0xff,
    0x08, 0x08, 0x08, 0xff, 0x08, 0x08, 0x08, 0xff, 0x08, 0x0c, 0x08, 0xff,
    0x10, 0x0c, 0x10, 0xff, 0x08, 0x08, 0x08, 0xff, 0x10, 0x08, 0x10, 0xff,
    0x08, 0x0c, 0x08, 0xff, 0x08, 0x08, 0x08, 0xff, 0x08, 0x08, 0x08, 0xff,
    0x10, 0x0c, 0x10, 0xff, 0x08, 0x0c, 0x08, 0xff, 0x08, 0x08, 0x08, 0xff,
    0x08, 0x0c, 0x08, 0xff, 0x08, 0x08, 0x08, 0xff, 0x08, 0x08, 0x08, 0xff,
    0x10, 0x0c, 0x10, 0xff, 0x08, 0x08, 0x08, 0xff, 0x08, 0x0c, 0x08, 0xff,
    0x10, 0x0c, 0x10, 0xff, 0x08, 0x08, 0x08, 0xff, 0x08, 0x0c, 0x08, 0xff,
    0x08, 0x08, 0x08, 0xff, 0x08, 0x08, 0x08, 0xff, 0x08, 0x0c, 0x08, 0xff,
    0x08, 0x08, 0x08, 0xff, 0x10, 0x08, 0x10, 0xff, 0x08, 0x0c, 0x08, 0xff,
    0x08, 0x08, 0x08, 0xff, 0x10, 0x0c, 0x10, 0xff, 0x08, 0x08, 0x08, 0xff,
    0x08, 0x08, 0x08, 0xff, 0x08, 0x0c, 0x08, 0xff, 0x08, 0x08, 0x08, 0xff,
    0x08, 0x08, 0x08, 0xff, 0x10, 0x0c, 0x10, 0xff, 0x08, 0x0c, 0x08, 0xff,
    0x08, 0x08, 0x08, 0xff, 0x08, 0x08, 0x08, 0xff, 0x08, 0x0c, 0x08, 0xff,
    0x08, 0x08, 0x08, 0xff, 0x10, 0x0c, 0x10, 0xff, 0x08, 0x0c, 0x08, 0xff,
    0x08, 0x08, 0x08, 0xff, 0x08, 0x08, 0x08, 0xff, 0x08, 0x0c, 0x08, 0xff,
    0x08, 0x08, 0x08, 0xff, 0x10, 0x0c, 0x10, 0xff, 0x08, 0x0c, 0x08, 0xff,
    0x08, 0x08, 0x08, 0xff, 0x08, 0x0c, 0x08, 0xff, 0x08, 0x08, 0x08, 0xff,
    0x10, 0x0c, 0x10, 0xff, 0x08, 0x08, 0x08, 0xff, 0x08, 0x0c, 0x08, 0xff,
    0x10, 0x08, 0x10, 0xff, 0x08, 0x0c, 0x08, 0xff, 0x30, 0x34, 0x30, 0xff,
    0x30, 0x34, 0x30, 0xff, 0x30, 0x30, 0x30, 0xff, 0x30, 0x34, 0x30, 0xff,
    0x00, 0x00, 0x00, 0x00, 0x00, 0x00, 0x00, 0x00, 0x00, 0x00, 0x00, 0x00,
    0x00, 0x00, 0x00, 0x00, 0x00, 0x00, 0x00, 0x00, 0x00, 0x00, 0x00, 0x00,
    0x00, 0x00, 0x00, 0x00, 0x00, 0x00, 0x00, 0x00, 0x00, 0x00, 0x00, 0x00,
    0x00, 0x00, 0x00, 0x00, 0x00, 0x00, 0x00, 0x00, 0x00, 0x00, 0x00, 0x00,
    0x00, 0x00, 0x00, 0x00, 0x00, 0x00, 0x00, 0x00, 0x00, 0x00, 0x00, 0x00,
    0x00, 0x00, 0x00, 0x00, 0x30, 0x34, 0x30, 0xff, 0x30, 0x34, 0x30, 0xff,
    0x30, 0x34, 0x30, 0xff, 0x38, 0x34, 0x38, 0xff, 0x08, 0x08, 0x08, 0xff,
    0x08, 0x08, 0x08, 0xff, 0x08, 0x0c, 0x08, 0xff, 0x08, 0x08, 0x08, 0xff,
    0x10, 0x0c, 0x10, 0xff, 0x08, 0x0c, 0x08, 0xff, 0x08, 0x08, 0x08, 0xff,
    0x10, 0x0c, 0x10, 0xff, 0x08, 0x08, 0x08, 0xff, 0x08, 0x0c, 0x08, 0xff,
    0x08, 0x08, 0x08, 0xff, 0x10, 0x0c, 0x10, 0xff, 0x08, 0x0c, 0x08, 0xff,
    0x08, 0x08, 0x08, 0xff, 0x08, 0x0c, 0x08, 0xff, 0x08, 0x08, 0x08, 0xff,
    0x08, 0x08, 0x08, 0xff, 0x08, 0x0c, 0x08, 0xff, 0x10, 0x08, 0x10, 0xff,
    0x08, 0x0c, 0x08, 0xff, 0x10, 0x0c, 0x10, 0xff, 0x08, 0x08, 0x08, 0xff,
    0x10, 0x0c, 0x10, 0xff, 0x08, 0x0c, 0x08, 0xff, 0x08, 0x08, 0x08, 0xff,
    0x08, 0x0c, 0x08, 0xff, 0x08, 0x0c, 0x08, 0xff, 0x08, 0x08, 0x08, 0xff,
    0x08, 0x0c, 0x08, 0xff, 0x08, 0x0c, 0x08, 0xff, 0x10, 0x08, 0x10, 0xff,
    0x08, 0x0c, 0x08, 0xff, 0x08, 0x0c, 0x08, 0xff, 0x10, 0x08, 0x10, 0xff,
    0x08, 0x08, 0x08, 0xff, 0x08, 0x0c, 0x08, 0xff, 0x10, 0x0c, 0x10, 0xff,
    0x10, 0x08, 0x10, 0xff, 0x08, 0x08, 0x08, 0xff, 0x08, 0x0c, 0x08, 0xff,
    0x08, 0x08, 0x08, 0xff, 0x10, 0x0c, 0x10, 0xff, 0x08, 0x08, 0x08, 0xff,
    0x08, 0x0c, 0x08, 0xff, 0x10, 0x08, 0x10, 0xff, 0x08, 0x08, 0x08, 0xff,
    0x08, 0x0c, 0x08, 0xff, 0x08, 0x08, 0x08, 0xff, 0x10, 0x0c, 0x10, 0xff,
    0x08, 0x08, 0x08, 0xff, 0x08, 0x0c, 0x08, 0xff, 0x08, 0x0c, 0x08, 0xff,
    0x10, 0x08, 0x10, 0xff, 0x08, 0x08, 0x08, 0xff, 0x08, 0x0c, 0x08, 0xff,
    0x10, 0x08, 0x10, 0xff, 0x38, 0x34, 0x38, 0xff, 0x38, 0x34, 0x38, 0xff,
    0x30, 0x34, 0x30, 0xff, 0x38, 0x30, 0x38, 0xff, 0x00, 0x00, 0x00, 0x00,
    0x00, 0x00, 0x00, 0x00, 0x00, 0x00, 0x00, 0x00, 0x00, 0x00, 0x00, 0x00,
    0x00, 0x00, 0x00, 0x00, 0x00, 0x00, 0x00, 0x00, 0x00, 0x00, 0x00, 0x00,
    0x00, 0x00, 0x00, 0x00, 0x00, 0x00, 0x00, 0x00, 0x00, 0x00, 0x00, 0x00,
    0x00, 0x00, 0x00, 0x00, 0x00, 0x00, 0x00, 0x00, 0x00, 0x00, 0x00, 0x00,
    0x00, 0x00, 0x00, 0x00, 0x00, 0x00, 0x00, 0x00, 0x00, 0x00, 0x00, 0x00,
    0x38, 0x30, 0x38, 0xff, 0x30, 0x34, 0x30, 0xff, 0x30, 0x34, 0x30, 0xff,
    0x38, 0x34, 0x38, 0xff, 0x08, 0x08, 0x08, 0xff, 0x08, 0x0c, 0x08, 0xff,
    0x10, 0x08, 0x10, 0xff, 0x08, 0x08, 0x08, 0xff, 0x08, 0x0c, 0x08, 0xff,
    0x08, 0x08, 0x08, 0xff, 0x08, 0x0c, 0x08, 0xff, 0x08, 0x0c, 0x08, 0xff,
    0x10, 0x08, 0x10, 0xff, 0x08, 0x08, 0x08, 0xff, 0x08, 0x0c, 0x08, 0xff,
    0x10, 0x08, 0x10, 0xff, 0x08, 0x08, 0x08, 0xff, 0x10, 0x0c, 0x10, 0xff,
    0x10, 0x0c, 0x10, 0xff, 0x08, 0x08, 0x08, 0xff, 0x08, 0x0c, 0x08, 0xff,
    0x10, 0x08, 0x10, 0xff, 0x08, 0x08, 0x08, 0xff, 0x08, 0x0c, 0x08, 0xff,
    0x08, 0x08, 0x08, 0xff, 0x08, 0x08, 0x08, 0xff, 0x10, 0x0c, 0x10, 0xff,
    0x08, 0x08, 0x08, 0xff, 0x08, 0x08, 0x08, 0xff, 0x10, 0x0c, 0x10, 0xff,
    0x10, 0x08, 0x10, 0xff, 0x08, 0x08, 0x08, 0xff, 0x08, 0x0c, 0x08, 0xff,
    0x10, 0x08, 0x10, 0xff, 0x08, 0x0c, 0x08, 0xff, 0x08, 0x08, 0x08, 0xff,
    0x10, 0x0c, 0x10, 0xff, 0x08, 0x0c, 0x08, 0xff, 0x08, 0x08, 0x08, 0xff,
    0x08, 0x08, 0x08, 0xff, 0x08, 0x0c, 0x08, 0xff, 0x08, 0x0c, 0x08, 0xff,
    0x10, 0x08, 0x10, 0xff, 0x08, 0x0c, 0x08, 0xff, 0x08, 0x08, 0x08, 0xff,
    0x08, 0x08, 0x08, 0xff, 0x10, 0x0c, 0x10, 0xff, 0x08, 0x0c, 0x08, 0xff,
    0x08, 0x08, 0x08, 0xff, 0x10, 0x0c, 0x10, 0xff, 0x08, 0x0c, 0x08, 0xff,
    0x08, 0x08, 0x08, 0xff, 0x08, 0x08, 0x08, 0xff, 0x10, 0x0c, 0x10, 0xff,
    0x08, 0x08, 0x08, 0xff, 0x08, 0x0c, 0x08, 0xff, 0x08, 0x08, 0x08, 0xff,
    0x08, 0x0c, 0x08, 0xff, 0x08, 0x0c, 0x08, 0xff, 0x08, 0x08, 0x08, 0xff,
    0x30, 0x34, 0x30, 0xff, 0x30, 0x34, 0x30, 0xff, 0x38, 0x34, 0x38, 0xff,
    0x30, 0x34, 0x30, 0xff, 0x00, 0x00, 0x00, 0x00, 0x00, 0x00, 0x00, 0x00,
    0x00, 0x00, 0x00, 0x00, 0x00, 0x00, 0x00, 0x00, 0x00, 0x00, 0x00, 0x00,
    0x00, 0x00, 0x00, 0x00, 0x00, 0x00, 0x00, 0x00, 0x00, 0x00, 0x00, 0x00,
    0x00, 0x00, 0x00, 0x00, 0x00, 0x00, 0x00, 0x00, 0x00, 0x00, 0x00, 0x00,
    0x00, 0x00, 0x00, 0x00, 0x00, 0x00, 0x00, 0x00, 0x00, 0x00, 0x00, 0x00,
    0x00, 0x00, 0x00, 0x00, 0x00, 0x00, 0x00, 0x00, 0x38, 0x34, 0x38, 0xff,
    0x30, 0x30, 0x30, 0xff, 0x38, 0x34, 0x38, 0xff, 0x30, 0x34, 0x30, 0xff,
    0x08, 0x08, 0x08, 0xff, 0x08, 0x0c, 0x08, 0xff, 0x10, 0x0c, 0x10, 0xff,
    0x08, 0x08, 0x08, 0xff, 0x08, 0x0c, 0x08, 0xff, 0x10, 0x08, 0x10, 0xff,
    0x08, 0x08, 0x08, 0xff, 0x08, 0x0c, 0x08, 0xff, 0x08, 0x08, 0x08, 0xff,
    0x08, 0x0c, 0x08, 0xff, 0x08, 0x0c, 0x08, 0xff, 0x08, 0x08, 0x08, 0xff,
    0x08, 0x08, 0x08, 0xff, 0x08, 0x0c, 0x08, 0xff, 0x08, 0x08, 0x08, 0xff,
    0x08, 0x0c, 0x08, 0xff, 0x10, 0x0c, 0x10, 0xff, 0x08, 0x08, 0x08, 0xff,
    0x08, 0x0c, 0x08, 0xff, 0x08, 0x0c, 0x08, 0xff, 0x08, 0x08, 0x08, 0xff,
    0x08, 0x0c, 0x08, 0xff, 0x08, 0x0c, 0x08, 0xff, 0x08, 0x08, 0x08, 0xff,
    0x08, 0x0c, 0x08, 0xff, 0x08, 0x0c, 0x08, 0xff, 0x08, 0x08, 0x08, 0xff,
    0x10, 0x0c, 0x10, 0xff, 0x08, 0x08, 0x08, 0xff, 0x08, 0x0c, 0x08, 0xff,
    0x08, 0x08, 0x08, 0xff, 0x08, 0x08, 0x08, 0xff, 0x08, 0x0c, 0x08, 0xff,
    0x08, 0x08, 0x08, 0xff, 0x10, 0x0c, 0x10, 0xff, 0x08, 0x08, 0x08, 0xff,
    0x08, 0x0c, 0x08, 0xff, 0x08, 0x08, 0x08, 0xff, 0x08, 0x0c, 0x08, 0xff,
    0x10, 0x0c, 0x10, 0xff, 0x08, 0x08, 0x08, 0xff, 0x08, 0x0c, 0x08, 0xff,
    0x08, 0x08, 0x08, 0xff, 0x08, 0x08, 0x08, 0xff, 0x08, 0x0c, 0x08, 0xff,
    0x08, 0x08, 0x08, 0xff, 0x10, 0x0c, 0x10, 0xff, 0x08, 0x0c, 0x08, 0xff,
    0x08, 0x08, 0x08, 0xff, 0x08, 0x0c, 0x08, 0xff, 0x10, 0x08, 0x10, 0xff,
    0x08, 0x08, 0x08, 0xff, 0x08, 0x0c, 0x08, 0xff, 0x10, 0x08, 0x10, 0xff,
    0x08, 0x08, 0x08, 0xff, 0x08, 0x0c, 0x08, 0xff, 0x38, 0x34, 0x38, 0xff,
    0x30, 0x30, 0x30, 0xff, 0x30, 0x34, 0x30, 0xff, 0x38, 0x34, 0x38, 0xff,
    0x00, 0x00, 0x00, 0x00, 0x00, 0x00, 0x00, 0x00, 0x00, 0x00, 0x00, 0x00,
    0x00, 0x00, 0x00, 0x00, 0x00, 0x00, 0x00, 0x00, 0x00, 0x00, 0x00, 0x00,
    0x00, 0x00, 0x00, 0x00, 0x00, 0x00, 0x00, 0x00, 0x00, 0x00, 0x00, 0x00,
    0x00, 0x00, 0x00, 0x00, 0x00, 0x00, 0x00, 0x00, 0x00, 0x00, 0x00, 0x00,
    0x00, 0x00, 0x00, 0x00, 0x00, 0x00, 0x00, 0x00, 0x00, 0x00, 0x00, 0x00,
    0x00, 0x00, 0x00, 0x00, 0x30, 0x34, 0x30, 0xff, 0x30, 0x34, 0x30, 0xff,
    0x38, 0x34, 0x38, 0xff, 0x30, 0x34, 0x30, 0xff, 0x08, 0x08, 0x08, 0xff,
    0x10, 0x08, 0x10, 0xff, 0x08, 0x0c, 0x08, 0xff, 0x08, 0x0c, 0x08, 0xff,
    0x08, 0x08, 0x08, 0xff, 0x10, 0x0c, 0x10, 0xff, 0x08, 0x08, 0x08, 0xff,
    0x08, 0x0c, 0x08, 0xff, 0x10, 0x08, 0x10, 0xff, 0x08, 0x0c, 0x08, 0xff,
    0x10, 0x08, 0x10, 0xff, 0x08, 0x0c, 0x08, 0xff, 0x08, 0x0c, 0x08, 0xff,
    0x10, 0x08, 0x10, 0xff, 0x08, 0x08, 0x08, 0xff, 0x08, 0x0c, 0x08, 0xff,
    0x08, 0x08, 0x08, 0xff, 0x08, 0x0c, 0x08, 0xff, 0x10, 0x08, 0x10, 0xff,
    0x10, 0x08, 0x10, 0xff, 0x08, 0x0c, 0x08, 0xff, 0x10, 0x08, 0x10, 0xff,
    0x08, 0x08, 0x08, 0xff, 0x10, 0x0c, 0x10, 0xff, 0x08, 0x08, 0x08, 0xff,
    0x08, 0x08, 0x08, 0xff, 0x08, 0x0c, 0x08, 0xff, 0x08, 0x0c, 0x08, 0xff,
    0x10, 0x08, 0x10, 0xff, 0x08, 0x0c, 0x08, 0xff, 0x10, 0x0c, 0x10, 0xff,
    0x08, 0x08, 0x08, 0xff, 0x08, 0x08, 0x08, 0xff, 0x10, 0x0c, 0x10, 0xff,
    0x08, 0x08, 0x08, 0xff, 0x08, 0x0c, 0x08, 0xff, 0x10, 0x08, 0x10, 0xff,
    0x08, 0x08, 0x08, 0xff, 0x08, 0x0c, 0x08, 0xff, 0x08, 0x08, 0x08, 0xff,
    0x10, 0x0c, 0x10, 0xff, 0x08, 0x0c, 0x08, 0xff, 0x08, 0x08, 0x08, 0xff,
    0x10, 0x0c, 0x10, 0xff, 0x08, 0x0c, 0x08, 0xff, 0x08, 0x08, 0x08, 0xff,
    0x08, 0x08, 0x08, 0xff, 0x10, 0x0c, 0x10, 0xff, 0x08, 0x08, 0x08, 0xff,
    0x08, 0x0c, 0x08, 0xff, 0x08, 0x0c, 0x08, 0xff, 0x10, 0x08, 0x10, 0xff,
    0x08, 0x0c, 0x08, 0xff, 0x08, 0x0c, 0x08, 0xff, 0x10, 0x08, 0x10, 0xff,
    0x08, 0x08, 0x08, 0xff, 0x38, 0x34, 0x38, 0xff, 0x30, 0x34, 0x30, 0xff,
    0x30, 0x30, 0x30, 0xff, 0x38, 0x34, 0x38, 0xff, 0x00, 0x00, 0x00, 0x00,
    0x00, 0x00, 0x00, 0x00, 0x00, 0x00, 0x00, 0x00, 0x00, 0x00, 0x00, 0x00,
    0x00, 0x00, 0x00, 0x00, 0x00, 0x00, 0x00, 0x00, 0x00, 0x00, 0x00, 0x00,
    0x00, 0x00, 0x00, 0x00, 0x00, 0x00, 0x00, 0x00, 0x00, 0x00, 0x00, 0x00,
    0x00, 0x00, 0x00, 0x00, 0x00, 0x00, 0x00, 0x00, 0x00, 0x00, 0x00, 0x00,
    0x00, 0x00, 0x00, 0x00, 0x00, 0x00, 0x00, 0x00, 0x00, 0x00, 0x00, 0x00,
    0x30, 0x34, 0x30, 0xff, 0x38, 0x30, 0x38, 0xff, 0x30, 0x34, 0x30, 0xff,
    0x38, 0x34, 0x38, 0xff, 0x08, 0x08, 0x08, 0xff, 0x08, 0x08, 0x08, 0xff,
    0x08, 0x0c, 0x08, 0xff, 0x08, 0x08, 0x08, 0xff, 0x10, 0x08, 0x10, 0xff,
    0x08, 0x0c, 0x08, 0xff, 0x08, 0x0c, 0x08, 0xff, 0x10, 0x08, 0x10, 0xff,
    0x08, 0x0c, 0x08, 0xff, 0x08, 0x08, 0x08, 0xff, 0x10, 0x08, 0x10, 0xff,
    0x08, 0x0c, 0x08, 0xff, 0x08, 0x0c, 0x08, 0xff, 0x10, 0x08, 0x10, 0xff,
    0x08, 0x0c, 0x08, 0xff, 0x08, 0x08, 0x08, 0xff, 0x10, 0x0c, 0x10, 0xff,
    0x08, 0x08, 0x08, 0xff, 0x08, 0x0c, 0x08, 0xff, 0x08, 0x0c, 0x08, 0xff,
    0x08, 0x08, 0x08, 0xff, 0x08, 0x0c, 0x08, 0xff, 0x10, 0x0c, 0x10, 0xff,
    0x08, 0x08, 0x08, 0xff, 0x10, 0x0c, 0x10, 0xff, 0x08, 0x08, 0x08, 0xff,
    0x10, 0x0c, 0x10, 0xff, 0x08, 0x08, 0x08, 0xff, 0x08, 0x08, 0x08, 0xff,
    0x08, 0x0c, 0x08, 0xff, 0x08, 0x0c, 0x08, 0xff, 0x10, 0x08, 0x10, 0xff,
    0x08, 0x0c, 0x08, 0xff, 0x08, 0x0c, 0x08, 0xff, 0x08, 0x08, 0x08, 0xff,
    0x08, 0x0c, 0x08, 0xff, 0x10, 0x0c, 0x10, 0xff, 0x08, 0x08, 0x08, 0xff,
    0x08, 0x08, 0x08, 0xff, 0x10, 0x0c, 0x10, 0xff, 0x08, 0x08, 0x08, 0xff,
    0x08, 0x08, 0x08, 0xff, 0x10, 0x0c, 0x10, 0xff, 0x08, 0x08, 0x08, 0xff,
    0x08, 0x0c, 0x08, 0xff, 0x10, 0x08, 0x10, 0xff, 0x08, 0x0c, 0x08, 0xff,
    0x08, 0x08, 0x08, 0xff, 0x10, 0x08, 0x10, 0xff, 0x08, 0x0c, 0x08, 0xff,
    0x08, 0x08, 0x08, 0xff, 0x08, 0x0c, 0x08, 0xff, 0x08, 0x08, 0x08, 0xff,
    0x08, 0x0c, 0x08, 0xff, 0x08, 0x0c, 0x08, 0xff, 0x08, 0x08, 0x08, 0xff,
    0x38, 0x34, 0x38, 0xff, 0x30, 0x34, 0x30, 0xff, 0x30, 0x34, 0x30, 0xff,
    0x30, 0x30, 0x30, 0xff, 0x00, 0x00, 0x00, 0x00, 0x00, 0x00, 0x00, 0x00,
    0x00, 0x00, 0x00, 0x00, 0x00, 0x00, 0x00, 0x00, 0x00, 0x00, 0x00, 0x00,
    0x00, 0x00, 0x00, 0x00, 0x00, 0x00, 0x00, 0x00, 0x00, 0x00, 0x00, 0x00,
    0x00, 0x00, 0x00, 0x00, 0x00, 0x00, 0x00, 0x00, 0x00, 0x00, 0x00, 0x00,
    0x00, 0x00, 0x00, 0x00, 0x00, 0x00, 0x00, 0x00, 0x00, 0x00, 0x00, 0x00,
    0x00, 0x00, 0x00, 0x00, 0x00, 0x00, 0x00, 0x00, 0x30, 0x34, 0x30, 0xff,
    0x30, 0x30, 0x30, 0xff, 0x38, 0x34, 0x38, 0xff, 0x30, 0x34, 0x30, 0xff,
    0x08, 0x08, 0x08, 0xff, 0x08, 0x0c, 0x08, 0xff, 0x10, 0x0c, 0x10, 0xff,
    0x08, 0x08, 0x08, 0xff, 0x08, 0x0c, 0x08, 0xff, 0x08, 0x08, 0x08, 0xff,
    0x08, 0x08, 0x08, 0xff, 0x08, 0x0c, 0x08, 0xff, 0x08, 0x0c, 0x08, 0xff,
    0x08, 0x08, 0x08, 0xff, 0x08, 0x0c, 0x08, 0xff, 0x08, 0x08, 0x08, 0xff,
    0x08, 0x08, 0x08, 0xff, 0x08, 0x0c, 0x08, 0xff, 0x08, 0x0c, 0x08, 0xff,
    0x08, 0x08, 0x08, 0xff, 0x10, 0x08, 0x10, 0xff, 0x08, 0x0c, 0x08, 0xff,
    0x08, 0x08, 0x08, 0xff, 0x08, 0x0c, 0x08, 0xff, 0x08, 0x08, 0x08, 0xff,
    0x08, 0x08, 0x08, 0xff, 0x08, 0x0c, 0x08, 0xff, 0x08, 0x08, 0x08, 0xff,
    0x08, 0x0c, 0x08, 0xff, 0x08, 0x0c, 0x08, 0xff, 0x08, 0x08, 0x08, 0xff,
    0x10, 0x0c, 0x10, 0xff, 0x08, 0x08, 0x08, 0xff, 0x08, 0x08, 0x08, 0xff,
    0x08, 0x0c, 0x08, 0xff, 0x08, 0x08, 0x08, 0xff, 0x10, 0x08, 0x10, 0xff,
    0x08, 0x0c, 0x08, 0xff, 0x08, 0x08, 0x08, 0xff, 0x10, 0x08, 0x10, 0xff,
    0x08, 0x0c, 0x08, 0xff, 0x08, 0x0c, 0x08, 0xff, 0x08, 0x08, 0x08, 0xff,
    0x08, 0x0c, 0x08, 0xff, 0x08, 0x08, 0x08, 0xff, 0x08, 0x0c, 0x08, 0xff,
    0x08, 0x08, 0x08, 0xff, 0x08, 0x0c, 0x08, 0xff, 0x08, 0x08, 0x08, 0xff,
    0x10, 0x0c, 0x10, 0xff, 0x08, 0x0c, 0x08, 0xff, 0x08, 0x08, 0x08, 0xff,
    0x08, 0x0c, 0x08, 0xff, 0x10, 0x08, 0x10, 0xff, 0x08, 0x0c, 0x08, 0xff,
    0x08, 0x08, 0x08, 0xff, 0x10, 0x08, 0x10, 0xff, 0x10, 0x0c, 0x10, 0xff,
    0x08, 0x08, 0x08, 0xff, 0x08, 0x08, 0x08, 0xff, 0x38, 0x34, 0x38, 0xff,
    0x38, 0x34, 0x38, 0xff, 0x30, 0x34, 0x30, 0xff, 0x38, 0x34, 0x38, 0xff,
    0x00, 0x00, 0x00, 0x00, 0x00, 0x00, 0x00, 0x00, 0x00, 0x00, 0x00, 0x00,
    0x00, 0x00, 0x00, 0x00, 0x00, 0x00, 0x00, 0x00, 0x00, 0x00, 0x00, 0x00,
    0x00, 0x00, 0x00, 0x00, 0x00, 0x00, 0x00, 0x00, 0x00, 0x00, 0x00, 0x00,
    0x00, 0x00, 0x00, 0x00, 0x00, 0x00, 0x00, 0x00, 0x00, 0x00, 0x00, 0x00,
    0x00, 0x00, 0x00, 0x00, 0x00, 0x00, 0x00, 0x00, 0x00, 0x00, 0x00, 0x00,
    0x00, 0x00, 0x00, 0x00, 0x38, 0x34, 0x38, 0xff, 0x30, 0x34, 0x30, 0xff,
    0x30, 0x34, 0x30, 0xff, 0x38, 0x34, 0x38, 0xff, 0x08, 0x08, 0x08, 0xff,
    0x08, 0x08, 0x08, 0xff, 0x10, 0x0c, 0x10, 0xff, 0x08, 0x08, 0x08, 0xff,
    0x08, 0x0c, 0x08, 0xff, 0x10, 0x0c, 0x10, 0xff, 0x08, 0x08, 0x08, 0xff,
    0x08, 0x08, 0x08, 0xff, 0x10, 0x0c, 0x10, 0xff, 0x08, 0x08, 0x08, 0xff,
    0x10, 0x0c, 0x10, 0xff, 0x08, 0x0c, 0x08, 0xff, 0x10, 0x08, 0x10, 0xff,
    0x08, 0x08, 0x08, 0xff, 0x08, 0x0c, 0x08, 0xff, 0x10, 0x0c, 0x10, 0xff,
    0x08, 0x08, 0x08, 0xff, 0x08, 0x0c, 0x08, 0xff, 0x10, 0x08, 0x10, 0xff,
    0x10, 0x08, 0x10, 0xff, 0x08, 0x0c, 0x08, 0xff, 0x10, 0x0c, 0x10, 0xff,
    0x08, 0x08, 0x08, 0xff, 0x08, 0x08, 0x08, 0xff, 0x10, 0x0c, 0x10, 0xff,
    0x08, 0x08, 0x08, 0xff, 0x08, 0x08, 0x08, 0xff, 0x08, 0x0c, 0x08, 0xff,
    0x10, 0x0c, 0x10, 0xff, 0x08, 0x08, 0x08, 0xff, 0x08, 0x0c, 0x08, 0xff,
    0x10, 0x0c, 0x10, 0xff, 0x08, 0x08, 0x08, 0xff, 0x08, 0x0c, 0x08, 0xff,
    0x10, 0x0c, 0x10, 0xff, 0x08, 0x08, 0x08, 0xff, 0x08, 0x08, 0x08, 0xff,
    0x10, 0x0c, 0x10, 0xff, 0x08, 0x0c, 0x08, 0xff, 0x10, 0x08, 0x10, 0xff,
    0x08, 0x0c, 0x08, 0xff, 0x10, 0x0c, 0x10, 0xff, 0x08, 0x08, 0x08, 0xff,
    0x08, 0x08, 0x08, 0xff, 0x10, 0x0c, 0x10, 0xff, 0x08, 0x08, 0x08, 0xff,
    0x08, 0x08, 0x08, 0xff, 0x08, 0x0c, 0x08, 0xff, 0x08, 0x0c, 0x08, 0xff,
    0x08, 0x08, 0x08, 0xff, 0x10, 0x0c, 0x10, 0xff, 0x08, 0x0c, 0x08, 0xff,
    0x08, 0x08, 0x08, 0xff, 0x08, 0x0c, 0x08, 0xff, 0x08, 0x08, 0x08, 0xff,
    0x08, 0x0c, 0x08, 0xff, 0x30, 0x34, 0x30, 0xff, 0x30, 0x30, 0x30, 0xff,
    0x38, 0x34, 0x38, 0xff, 0x30, 0x34, 0x30, 0xff, 0x00, 0x00, 0x00, 0x00,
    0x00, 0x00, 0x00, 0x00, 0x00, 0x00, 0x00, 0x00, 0x00, 0x00, 0x00, 0x00,
    0x00, 0x00, 0x00, 0x00, 0x00, 0x00, 0x00, 0x00, 0x00, 0x00, 0x00, 0x00,
    0x00, 0x00, 0x00, 0x00, 0x00, 0x00, 0x00, 0x00, 0x00, 0x00, 0x00, 0x00,
    0x00, 0x00, 0x00, 0x00, 0x00, 0x00, 0x00, 0x00, 0x00, 0x00, 0x00, 0x00,
    0x00, 0x00, 0x00, 0x00, 0x00, 0x00, 0x00, 0x00, 0x00, 0x00, 0x00, 0x00,
    0x30, 0x34, 0x30, 0xff, 0x38, 0x30, 0x38, 0xff, 0x30, 0x34, 0x30, 0xff,
    0x38, 0x34, 0x38, 0xff, 0x08, 0x08, 0x08, 0xff, 0x08, 0x0c, 0x08, 0xff,
    0x08, 0x08, 0x08, 0xff, 0x08, 0x08, 0x08, 0xff, 0x10, 0x0c, 0x10, 0xff,
    0x08, 0x0c, 0x08, 0xff, 0x08, 0x08, 0x08, 0xff, 0x10, 0x0c, 0x10, 0xff,
    0x08, 0x08, 0x08, 0xff, 0x08, 0x08, 0x08, 0xff, 0x08, 0x0c, 0x08, 0xff,
    0x10, 0x0c, 0x10, 0xff, 0x08, 0x08, 0x08, 0xff, 0x08, 0x08, 0x08, 0xff,
    0x10, 0x0c, 0x10, 0xff, 0x08, 0x08, 0x08, 0xff, 0x08, 0x0c, 0x08, 0xff,
    0x08, 0x0c, 0x08, 0xff, 0x08, 0x08, 0x08, 0xff, 0x08, 0x0c, 0x08, 0xff,
    0x08, 0x0c, 0x08, 0xff, 0x08, 0x08, 0x08, 0xff, 0x10, 0x0c, 0x10, 0xff,
    0x08, 0x0c, 0x08, 0xff, 0x08, 0x08, 0x08, 0xff, 0x10, 0x0c, 0x10, 0xff,
    0x08, 0x08, 0x08, 0xff, 0x08, 0x0c, 0x08, 0xff, 0x08, 0x08, 0x08, 0xff,
    0x10, 0x08, 0x10, 0xff, 0x08, 0x0c, 0x08, 0xff, 0x08, 0x08, 0x08, 0xff,
    0x08, 0x08, 0x08, 0xff, 0x08, 0x0c, 0x08, 0xff, 0x08, 0x0c, 0x08, 0xff,
    0x08, 0x08, 0x08, 0xff, 0x08, 0x0c, 0x08, 0xff, 0x08, 0x08, 0x08, 0xff,
    0x10, 0x08, 0x10, 0xff, 0x08, 0x0c, 0x08, 0xff, 0x08, 0x08, 0x08, 0xff,
    0x08, 0x08, 0x08, 0xff, 0x10, 0x0c, 0x10, 0xff, 0x08, 0x0c, 0x08, 0xff,
    0x08, 0x08, 0x08, 0xff, 0x08, 0x0c, 0x08, 0xff, 0x10, 0x08, 0x10, 0xff,
    0x08, 0x0c, 0x08, 0xff, 0x08, 0x08, 0x08, 0xff, 0x10, 0x08, 0x10, 0xff,
    0x08, 0x0c, 0x08, 0xff, 0x08, 0x08, 0x08, 0xff, 0x08, 0x0c, 0x08, 0xff,
    0x10, 0x08, 0x10, 0xff, 0x08, 0x0c, 0x08, 0xff, 0x08, 0x08, 0x08, 0xff,
    0x38, 0x34, 0x38, 0xff, 0x30, 0x34, 0x30, 0xff, 0x30, 0x30, 0x30, 0xff,
    0x30, 0x34, 0x30, 0xff, 0x00, 0x00, 0x00, 0x00, 0x00, 0x00, 0x00, 0x00,
    0x00, 0x00, 0x00, 0x00, 0x00, 0x00, 0x00, 0x00, 0x00, 0x00, 0x00, 0x00,
    0x00, 0x00, 0x00, 0x00, 0x00, 0x00, 0x00, 0x00, 0x00, 0x00, 0x00, 0x00,
    0x00, 0x00, 0x00, 0x00, 0x00, 0x00, 0x00, 0x00, 0x00, 0x00, 0x00, 0x00,
    0x00, 0x00, 0x00, 0x00, 0x00, 0x00, 0x00, 0x00, 0x00, 0x00, 0x00, 0x00,
    0x00, 0x00, 0x00, 0x00, 0x00, 0x00, 0x00, 0x00, 0x30, 0x34, 0x30, 0xff,
    0x30, 0x30, 0x30, 0xff, 0x38, 0x34, 0x38, 0xff, 0x30, 0x34, 0x30, 0xff,
    0x08, 0x08, 0x08, 0xff, 0x10, 0x0c, 0x10, 0xff, 0x08, 0x0c, 0x08, 0xff,
    0x08, 0x08, 0x08, 0xff, 0x08, 0x08, 0x08, 0xff, 0x08, 0x0c, 0x08, 0xff,
    0x08, 0x08, 0x08, 0xff, 0x08, 0x0c, 0x08, 0xff, 0x10, 0x0c, 0x10, 0xff,
    0x08, 0x08, 0x08, 0xff, 0x08, 0x08, 0x08, 0xff, 0x08, 0x0c, 0x08, 0xff,
    0x08, 0x0c, 0x08, 0xff, 0x08, 0x08, 0x08, 0xff, 0x08, 0x0c, 0x08, 0xff,
    0x08, 0x08, 0x08, 0xff, 0x10, 0x08, 0x10, 0xff, 0x08, 0x0c, 0x08, 0xff,
    0x08, 0x08, 0x08, 0xff, 0x08, 0x08, 0x08, 0xff, 0x08, 0x0c, 0x08, 0xff,
    0x08, 0x08, 0x08, 0xff, 0x08, 0x08, 0x08, 0xff, 0x08, 0x0c, 0x08, 0xff,
    0x08, 0x08, 0x08, 0xff, 0x08, 0x0c, 0x08, 0xff, 0x10, 0x0c, 0x10, 0xff,
    0x08, 0x08, 0x08, 0xff, 0x08, 0x0c, 0x08, 0xff, 0x08, 0x0c, 0x08, 0xff,
    0x10, 0x08, 0x10, 0xff, 0x08, 0x0c, 0x08, 0xff, 0x08, 0x08, 0x08, 0xff,
    0x10, 0x08, 0x10, 0xff, 0x08, 0x0c, 0x08, 0xff, 0x10, 0x08, 0x10, 0xff,
    0x08, 0x0c, 0x08, 0xff, 0x08, 0x0c, 0x08, 0xff, 0x08, 0x08, 0x08, 0xff,
    0x08, 0x0c, 0x08, 0xff, 0x08, 0x08, 0x08, 0xff, 0x08, 0x0c, 0x08, 0xff,
    0x10, 0x0c, 0x10, 0xff, 0x08, 0x08, 0x08, 0xff, 0x08, 0x0c, 0x08, 0xff,
    0x10, 0x08, 0x10, 0xff, 0x08, 0x0c, 0x08, 0xff, 0x08, 0x08, 0x08, 0xff,
    0x10, 0x0c, 0x10, 0xff, 0x08, 0x0c, 0x08, 0xff, 0x08, 0x08, 0x08, 0xff,
    0x08, 0x08, 0x08, 0xff, 0x10, 0x0c, 0x10, 0xff, 0x08, 0x0c, 0x08, 0xff,
    0x08, 0x08, 0x08, 0xff, 0x10, 0x08, 0x10, 0xff, 0x38, 0x34, 0x38, 0xff,
    0x30, 0x34, 0x30, 0xff, 0x38, 0x34, 0x38, 0xff, 0x38, 0x30, 0x38, 0xff,
    0x00, 0x00, 0x00, 0x00, 0x00, 0x00, 0x00, 0x00, 0x00, 0x00, 0x00, 0x00,
    0x00, 0x00, 0x00, 0x00, 0x00, 0x00, 0x00, 0x00, 0x00, 0x00, 0x00, 0x00,
    0x00, 0x00, 0x00, 0x00, 0x00, 0x00, 0x00, 0x00, 0x00, 0x00, 0x00, 0x00,
    0x00, 0x00, 0x00, 0x00, 0x00, 0x00, 0x00, 0x00, 0x00, 0x00, 0x00, 0x00,
    0x00, 0x00, 0x00, 0x00, 0x00, 0x00, 0x00, 0x00, 0x00, 0x00, 0x00, 0x00,
    0x00, 0x00, 0x00, 0x00, 0x38, 0x34, 0x38, 0xff, 0x30, 0x34, 0x30, 0xff,
    0x30, 0x34, 0x30, 0xff, 0x38, 0x34, 0x38, 0xff, 0x08, 0x08, 0x08, 0xff,
    0x08, 0x08, 0x08, 0xff, 0x10, 0x0c, 0x10, 0xff, 0x08, 0x0c, 0x08, 0xff,
    0x08, 0x08, 0x08, 0xff, 0x10, 0x08, 0x10, 0xff, 0x08, 0x0c, 0x08, 0xff,
    0x08, 0x08, 0x08, 0xff, 0x08, 0x0c, 0x08, 0xff, 0x10, 0x0c, 0x10, 0xff,
    0x08, 0x08, 0x08, 0xff, 0x08, 0x08, 0x08, 0xff, 0x10, 0x0c, 0x10, 0xff,
    0x08, 0x08, 0x08, 0xff, 0x08, 0x0c, 0x08, 0xff, 0x10, 0x0c, 0x10, 0xff,
    0x08, 0x08, 0x08, 0xff, 0x08, 0x0c, 0x08, 0xff, 0x10, 0x0c, 0x10, 0xff,
    0x10, 0x08, 0x10, 0xff, 0x08, 0x0c, 0x08, 0xff, 0x10, 0x08, 0x10, 0xff,
    0x08, 0x0c, 0x08, 0xff, 0x10, 0x08, 0x10, 0xff, 0x08, 0x08, 0x08, 0xff,
    0x08, 0x0c, 0x08, 0xff, 0x08, 0x08, 0x08, 0xff, 0x10, 0x08, 0x10, 0xff,
    0x08, 0x0c, 0x08, 0xff, 0x08, 0x08, 0x08, 0xff, 0x08, 0x0c, 0x08, 0xff,
    0x10, 0x0c, 0x10, 0xff, 0x08, 0x08, 0x08, 0xff, 0x08, 0x0c, 0x08, 0xff,
    0x10, 0x08, 0x10, 0xff, 0x08, 0x08, 0x08, 0xff, 0x08, 0x0c, 0x08, 0xff,
    0x10, 0x08, 0x10, 0xff, 0x08, 0x0c, 0x08, 0xff, 0x10, 0x08, 0x10, 0xff,
    0x08, 0x0c, 0x08, 0xff, 0x08, 0x08, 0x08, 0xff, 0x08, 0x08, 0x08, 0xff,
    0x08, 0x0c, 0x08, 0xff, 0x08, 0x08, 0x08, 0xff, 0x08, 0x0c, 0x08, 0xff,
    0x08, 0x08, 0x08, 0xff, 0x08, 0x08, 0x08, 0xff, 0x08, 0x0c, 0x08, 0xff,
    0x08, 0x0c, 0x08, 0xff, 0x10, 0x08, 0x10, 0xff, 0x08, 0x0c, 0x08, 0xff,
    0x08, 0x08, 0x08, 0xff, 0x08, 0x08, 0x08, 0xff, 0x08, 0x0c, 0x08, 0xff,
    0x08, 0x0c, 0x08, 0xff, 0x30, 0x34, 0x30, 0xff, 0x30, 0x34, 0x30, 0xff,
    0x30, 0x34, 0x30, 0xff, 0x38, 0x34, 0x38, 0xff, 0x00, 0x00, 0x00, 0x00,
    0x00, 0x00, 0x00, 0x00, 0x00, 0x00, 0x00, 0x00, 0x00, 0x00, 0x00, 0x00,
    0x00, 0x00, 0x00, 0x00, 0x00, 0x00, 0x00, 0x00, 0x00, 0x00, 0x00, 0x00,
    0x00, 0x00, 0x00, 0x00, 0x00, 0x00, 0x00, 0x00, 0x00, 0x00, 0x00, 0x00,
    0x00, 0x00, 0x00, 0x00, 0x00, 0x00, 0x00, 0x00, 0x00, 0x00, 0x00, 0x00,
    0x00, 0x00, 0x00, 0x00, 0x00, 0x00, 0x00, 0x00, 0x00, 0x00, 0x00, 0x00,
    0x30, 0x30, 0x30, 0xff, 0x38, 0x34, 0x38, 0xff, 0x30, 0x34, 0x30, 0xff,
    0x30, 0x34, 0x30, 0xff, 0x08, 0x08, 0x08, 0xff, 0x08, 0x08, 0x08, 0xff,
    0x08, 0x0c, 0x08, 0xff, 0x10, 0x0c, 0x10, 0xff, 0x08, 0x08, 0x08, 0xff,
    0x08, 0x0c, 0x08, 0xff, 0x10, 0x0c, 0x10, 0xff, 0x08, 0x08, 0x08, 0xff,
    0x08, 0x08, 0x08, 0xff, 0x08, 0x0c, 0x08, 0xff, 0x10, 0x08, 0x10, 0xff,
    0x08, 0x0c, 0x08, 0xff, 0x08, 0x08, 0x08, 0xff, 0x10, 0x08, 0x10, 0xff,
    0x08, 0x0c, 0x08, 0xff, 0x08, 0x08, 0x08, 0xff, 0x08, 0x08, 0x08, 0xff,
    0x08, 0x0c, 0x08, 0xff, 0x08, 0x08, 0x08, 0xff, 0x08, 0x0c, 0x08, 0xff,
    0x08, 0x08, 0x08, 0xff, 0x08, 0x0c, 0x08, 0xff, 0x10, 0x0c, 0x10, 0xff,
    0x08, 0x08, 0x08, 0xff, 0x08, 0x0c, 0x08, 0xff, 0x10, 0x0c, 0x10, 0xff,
    0x08, 0x08, 0x08, 0xff, 0x08, 0x0c, 0x08, 0xff, 0x10, 0x08, 0x10, 0xff,
    0x08, 0x08, 0x08, 0xff, 0x08, 0x0c, 0x08, 0xff, 0x08, 0x08, 0x08, 0xff,
    0x08, 0x0c, 0x08, 0xff, 0x08, 0x0c, 0x08, 0xff, 0x08, 0x08, 0x08, 0xff,
    0x08, 0x0c, 0x08, 0xff, 0x08, 0x08, 0x08, 0xff, 0x08, 0x08, 0x08, 0xff,
    0x10, 0x0c, 0x10, 0xff, 0x08, 0x0c, 0x08, 0xff, 0x08, 0x08, 0x08, 0xff,
    0x10, 0x0c, 0x10, 0xff, 0x08, 0x08, 0x08, 0xff, 0x10, 0x0c, 0x10, 0xff,
    0x08, 0x08, 0x08, 0xff, 0x10, 0x0c, 0x10, 0xff, 0x08, 0x0c, 0x08, 0xff,
    0x10, 0x08, 0x10, 0xff, 0x08, 0x08, 0x08, 0xff, 0x08, 0x08, 0x08, 0xff,
    0x10, 0x0c, 0x10, 0xff, 0x08, 0x0c, 0x08, 0xff, 0x08, 0x08, 0x08, 0xff,
    0x10, 0x08, 0x10, 0xff, 0x08, 0x0c, 0x08, 0xff, 0x08, 0x08, 0x08, 0xff,
    0x38, 0x34, 0x38, 0xff, 0x38, 0x30, 0x38, 0xff, 0x30, 0x34, 0x30, 0xff,
    0x30, 0x34, 0x30, 0xff, 0x00, 0x00, 0x00, 0x00, 0x00, 0x00, 0x00, 0x00,
    0x00, 0x00, 0x00, 0x00, 0x00, 0x00, 0x00, 0x00, 0x00, 0x00, 0x00, 0x00,
    0x00, 0x00, 0x00, 0x00, 0x00, 0x00, 0x00, 0x00, 0x00, 0x00, 0x00, 0x00,
    0x00, 0x00, 0x00, 0x00, 0x00, 0x00, 0x00, 0x00, 0x00, 0x00, 0x00, 0x00,
    0x00, 0x00, 0x00, 0x00, 0x00, 0x00, 0x00, 0x00, 0x00, 0x00, 0x00, 0x00,
    0x00, 0x00, 0x00, 0x00, 0x00, 0x00, 0x00, 0x00, 0x30, 0x34, 0x30, 0xff,
    0x38, 0x30, 0x38, 0xff, 0x38, 0x34, 0x38, 0xff, 0x30, 0x34, 0x30, 0xff,
    0x10, 0x08, 0x10, 0xff, 0x08, 0x0c, 0x08, 0xff, 0x08, 0x08, 0x08, 0xff,
    0x08, 0x08, 0x08, 0xff, 0x08, 0x0c, 0x08, 0xff, 0x08, 0x08, 0x08, 0xff,
    0x10, 0x0c, 0x10, 0xff, 0x08, 0x08, 0x08, 0xff, 0x08, 0x0c, 0x08, 0xff,
    0x08, 0x08, 0x08, 0xff, 0x08, 0x0c, 0x08, 0xff, 0x08, 0x0c, 0x08, 0xff,
    0x08, 0x08, 0x08, 0xff, 0x08, 0x0c, 0x08, 0xff, 0x10, 0x0c, 0x10, 0xff,
    0x08, 0x08, 0x08, 0xff, 0x08, 0x0c, 0x08, 0xff, 0x10, 0x08, 0x10, 0xff,
    0x08, 0x08, 0x08, 0xff, 0x08, 0x0c, 0x08, 0xff, 0x10, 0x08, 0x10, 0xff,
    0x08, 0x08, 0x08, 0xff, 0x08, 0x0c, 0x08, 0xff, 0x08, 0x08, 0x08, 0xff,
    0x08, 0x0c, 0x08, 0xff, 0x10, 0x08, 0x10, 0xff, 0x08, 0x0c, 0x08, 0xff,
    0x08, 0x0c, 0x08, 0xff, 0x08, 0x08, 0x08, 0xff, 0x10, 0x0c, 0x10, 0xff,
    0x08, 0x08, 0x08, 0xff, 0x08, 0x08, 0x08, 0xff, 0x10, 0x0c, 0x10, 0xff,
    0x08, 0x08, 0x08, 0xff, 0x10, 0x0c, 0x10, 0xff, 0x08, 0x0c, 0x08, 0xff,
    0x08, 0x08, 0x08, 0xff, 0x08, 0x0c, 0x08, 0xff, 0x08, 0x08, 0x08, 0xff,
    0x08, 0x08, 0x08, 0xff, 0x08, 0x0c, 0x08, 0xff, 0x10, 0x08, 0x10, 0xff,
    0x08, 0x0c, 0x08, 0xff, 0x08, 0x08, 0x08, 0xff, 0x10, 0x08, 0x10, 0xff,
    0x08, 0x0c, 0x08, 0xff, 0x08, 0x0c, 0x08, 0xff, 0x08, 0x08, 0x08, 0xff,
    0x10, 0x0c, 0x10, 0xff, 0x08, 0x0c, 0x08, 0xff, 0x08, 0x08, 0x08, 0xff,
    0x08, 0x08, 0x08, 0xff, 0x08, 0x0c, 0x08, 0xff, 0x10, 0x0c, 0x10, 0xff,
    0x08, 0x08, 0x08, 0xff, 0x08, 0x08, 0x08, 0xff, 0x38, 0x34, 0x38, 0xff,
    0x30, 0x34, 0x30, 0xff, 0x30, 0x30, 0x30, 0xff, 0x38, 0x34, 0x38, 0xff,
    0x00, 0x00, 0x00, 0x00, 0x00, 0x00, 0x00, 0x00, 0x00, 0x00, 0x00, 0x00,
    0x00, 0x00, 0x00, 0x00, 0x00, 0x00, 0x00, 0x00, 0x00, 0x00, 0x00, 0x00,
    0x00, 0x00, 0x00, 0x00, 0x00, 0x00, 0x00, 0x00, 0x00, 0x00, 0x00, 0x00,
    0x00, 0x00, 0x00, 0x00, 0x00, 0x00, 0x00, 0x00, 0x00, 0x00, 0x00, 0x00,
    0x00, 0x00, 0x00, 0x00, 0x00, 0x00, 0x00, 0x00, 0x00, 0x00, 0x00, 0x00,
    0x00, 0x00, 0x00, 0x00, 0x30, 0x34, 0x30, 0xff, 0x30, 0x34, 0x30, 0xff,
    0x30, 0x34, 0x30, 0xff, 0x38, 0x34, 0x38, 0xff, 0x08, 0x08, 0x08, 0xff,
    0x08, 0x0c, 0x08, 0xff, 0x10, 0x08, 0x10, 0xff, 0x08, 0x0c, 0x08, 0xff,
    0x08, 0x08, 0x08, 0xff, 0x10, 0x08, 0x10, 0xff, 0x08, 0x0c, 0x08, 0xff,
    0x08, 0x0c, 0x08, 0xff, 0x10, 0x08, 0x10, 0xff, 0x10, 0x08, 0x10, 0xff,
    0x08, 0x0c, 0x08, 0xff, 0x10, 0x08, 0x10, 0xff, 0x08, 0x08, 0x08, 0xff,
    0x08, 0x0c, 0x08, 0xff, 0x08, 0x08, 0x08, 0xff, 0x10, 0x0c, 0x10, 0xff,
    0x08, 0x0c, 0x08, 0xff, 0x08, 0x08, 0x08, 0xff, 0x10, 0x0c, 0x10, 0xff,
    0x08, 0x0c, 0x08, 0xff, 0x08, 0x08, 0x08, 0xff, 0x10, 0x0c, 0x10, 0xff,
    0x08, 0x08, 0x08, 0xff, 0x08, 0x0c, 0x08, 0xff, 0x10, 0x08, 0x10, 0xff,
    0x08, 0x08, 0x08, 0xff, 0x08, 0x0c, 0x08, 0xff, 0x08, 0x08, 0x08, 0xff,
    0x08, 0x0c, 0x08, 0xff, 0x08, 0x0c, 0x08, 0xff, 0x10, 0x08, 0x10, 0xff,
    0x08, 0x0c, 0x08, 0xff, 0x08, 0x08, 0x08, 0xff, 0x10, 0x08, 0x10, 0xff,
    0x08, 0x0c, 0x08, 0xff, 0x08, 0x08, 0x08, 0xff, 0x10, 0x0c, 0x10, 0xff,
    0x10, 0x0c, 0x10, 0xff, 0x08, 0x08, 0x08, 0xff, 0x08, 0x0c, 0x08, 0xff,
    0x10, 0x08, 0x10, 0xff, 0x08, 0x0c, 0x08, 0xff, 0x08, 0x0c, 0x08, 0xff,
    0x08, 0x08, 0x08, 0xff, 0x08, 0x0c, 0x08, 0xff, 0x08, 0x08, 0x08, 0xff,
    0x08, 0x08, 0x08, 0xff, 0x08, 0x0c, 0x08, 0xff, 0x08, 0x08, 0x08, 0xff,
    0x08, 0x0c, 0x08, 0xff, 0x10, 0x08, 0x10, 0xff, 0x08, 0x0c, 0x08, 0xff,
    0x08, 0x0c, 0x08, 0xff, 0x08, 0x08, 0x08, 0xff, 0x08, 0x0c, 0x08, 0xff,
    0x08, 0x0c, 0x08, 0xff, 0x38, 0x34, 0x38, 0xff, 0x30, 0x34, 0x30, 0xff,
    0x30, 0x34, 0x30, 0xff, 0x38, 0x30, 0x38, 0xff, 0x00, 0x00, 0x00, 0x00,
    0x00, 0x00, 0x00, 0x00, 0x00, 0x00, 0x00, 0x00, 0x00, 0x00, 0x00, 0x00,
    0x00, 0x00, 0x00, 0x00, 0x00, 0x00, 0x00, 0x00, 0x00, 0x00, 0x00, 0x00,
    0x00, 0x00, 0x00, 0x00, 0x00, 0x00, 0x00, 0x00, 0x00, 0x00, 0x00, 0x00,
    0x00, 0x00, 0x00, 0x00, 0x00, 0x00, 0x00, 0x00, 0x00, 0x00, 0x00, 0x00,
    0x00, 0x00, 0x00, 0x00, 0x00, 0x00, 0x00, 0x00, 0x00, 0x00, 0x00, 0x00,
    0x38, 0x34, 0x38, 0xff, 0x30, 0x30, 0x30, 0xff, 0x30, 0x34, 0x30, 0xff,
    0x38, 0x34, 0x38, 0xff, 0x08, 0x08, 0x08, 0xff, 0x08, 0x08, 0x08, 0xff,
    0x10, 0x0c, 0x10, 0xff, 0x08, 0x0c, 0x08, 0xff, 0x08, 0x08, 0x08, 0xff,
    0x10, 0x0c, 0x10, 0xff, 0x08, 0x08, 0x08, 0xff, 0x08, 0x0c, 0x08, 0xff,
    0x08, 0x08, 0x08, 0xff, 0x08, 0x0c, 0x08, 0xff, 0x08, 0x0c, 0x08, 0xff,
    0x08, 0x08, 0x08, 0xff, 0x10, 0x0c, 0x10, 0xff, 0x08, 0x08, 0x08, 0xff,
    0x08, 0x08, 0x08, 0xff, 0x08, 0x0c, 0x08, 0xff, 0x08, 0x08, 0x08, 0xff,
    0x08, 0x08, 0x08, 0xff, 0x08, 0x0c, 0x08, 0xff, 0x08, 0x08, 0x08, 0xff,
    0x08, 0x0c, 0x08, 0xff, 0x08, 0x0c, 0x08, 0xff, 0x08, 0x08, 0x08, 0xff,
    0x10, 0x0c, 0x10, 0xff, 0x08, 0x0c, 0x08, 0xff, 0x08, 0x08, 0x08, 0xff,
    0x10, 0x08, 0x10, 0xff, 0x08, 0x0c, 0x08, 0xff, 0x08, 0x08, 0x08, 0xff,
    0x10, 0x08, 0x10, 0xff, 0x08, 0x0c, 0x08, 0xff, 0x08, 0x0c, 0x08, 0xff,
    0x08, 0x08, 0x08, 0xff, 0x08, 0x0c, 0x08, 0xff, 0x08, 0x08, 0x08, 0xff,
    0x08, 0x08, 0x08, 0xff, 0x08, 0x0c, 0x08, 0xff, 0x08, 0x08, 0x08, 0xff,
    0x08, 0x0c, 0x08, 0xff, 0x10, 0x08, 0x10, 0xff, 0x08, 0x0c, 0x08, 0xff,
    0x08, 0x08, 0x08, 0xff, 0x08, 0x08, 0x08, 0xff, 0x10, 0x0c, 0x10, 0xff,
    0x08, 0x0c, 0x08, 0xff, 0x10, 0x08, 0x10, 0xff, 0x10, 0x0c, 0x10, 0xff,
    0x08, 0x08, 0x08, 0xff, 0x08, 0x0c, 0x08, 0xff, 0x10, 0x08, 0x10, 0xff,
    0x08, 0x0c, 0x08, 0xff, 0x08, 0x08, 0x08, 0xff, 0x10, 0x08, 0x10, 0xff,
    0x08, 0x08, 0x08, 0xff, 0x08, 0x0c, 0x08, 0xff, 0x10, 0x08, 0x10, 0xff,
    0x30, 0x34, 0x30, 0xff, 0x30, 0x34, 0x30, 0xff, 0x38, 0x34, 0x38, 0xff,
    0x30, 0x34, 0x30, 0xff, 0x00, 0x00, 0x00, 0x00, 0x00, 0x00, 0x00, 0x00,
    0x00, 0x00, 0x00, 0x00, 0x00, 0x00, 0x00, 0x00, 0x00, 0x00, 0x00, 0x00,
    0x00, 0x00, 0x00, 0x00, 0x00, 0x00, 0x00, 0x00, 0x00, 0x00, 0x00, 0x00,
    0x00, 0x00, 0x00, 0x00, 0x00, 0x00, 0x00, 0x00, 0x00, 0x00, 0x00, 0x00,
    0x00, 0x00, 0x00, 0x00, 0x00, 0x00, 0x00, 0x00, 0x00, 0x00, 0x00, 0x00,
    0x00, 0x00, 0x00, 0x00, 0x00, 0x00, 0x00, 0x00, 0x30, 0x34, 0x30, 0xff,
    0x38, 0x30, 0x38, 0xff, 0x30, 0x34, 0x30, 0xff, 0x30, 0x34, 0x30, 0xff,
    0x08, 0x08, 0x08, 0xff, 0x08, 0x0c, 0x08, 0xff, 0x08, 0x08, 0x08, 0xff,
    0x08, 0x08, 0x08, 0xff, 0x08, 0x0c, 0x08, 0xff, 0x08, 0x0c, 0x08, 0xff,
    0x08, 0x08, 0x08, 0xff, 0x10, 0x08, 0x10, 0xff, 0x08, 0x0c, 0x08, 0xff,
    0x08, 0x08, 0x08, 0xff, 0x08, 0x08, 0x08, 0xff, 0x08, 0x0c, 0x08, 0xff,
    0x10, 0x0c, 0x10, 0xff, 0x08, 0x08, 0x08, 0xff, 0x08, 0x0c, 0x08, 0xff,
    0x10, 0x0c, 0x10, 0xff, 0x10, 0x08, 0x10, 0xff, 0x08, 0x0c, 0x08, 0xff,
    0x10, 0x08, 0x10, 0xff, 0x08, 0x08, 0x08, 0xff, 0x10, 0x0c, 0x10, 0xff,
    0x08, 0x08, 0x08, 0xff, 0x08, 0x08, 0x08, 0xff, 0x08, 0x0c, 0x08, 0xff,
    0x08, 0x08, 0x08, 0xff, 0x08, 0x0c, 0x08, 0xff, 0x10, 0x0c, 0x10, 0xff,
    0x08, 0x08, 0x08, 0xff, 0x08, 0x0c, 0x08, 0xff, 0x08, 0x08, 0x08, 0xff,
    0x08, 0x0c, 0x08, 0xff, 0x10, 0x08, 0x10, 0xff, 0x08, 0x0c, 0x08, 0xff,
    0x08, 0x0c, 0x08, 0xff, 0x10, 0x08, 0x10, 0xff, 0x08, 0x0c, 0x08, 0xff,
    0x08, 0x08, 0x08, 0xff, 0x10, 0x08, 0x10, 0xff, 0x08, 0x0c, 0x08, 0xff,
    0x08, 0x0c, 0x08, 0xff, 0x08, 0x08, 0x08, 0xff, 0x08, 0x0c, 0x08, 0xff,
    0x10, 0x08, 0x10, 0xff, 0x08, 0x0c, 0x08, 0xff, 0x08, 0x08, 0x08, 0xff,
    0x08, 0x0c, 0x08, 0xff, 0x08, 0x08, 0x08, 0xff, 0x08, 0x0c, 0x08, 0xff,
    0x10, 0x08, 0x10, 0xff, 0x08, 0x0c, 0x08, 0xff, 0x08, 0x08, 0x08, 0xff,
    0x08, 0x0c, 0x08, 0xff, 0x10, 0x0c, 0x10, 0xff, 0x08, 0x08, 0x08, 0xff,
    0x08, 0x08, 0x08, 0xff, 0x10, 0x08, 0x10, 0xff, 0x30, 0x34, 0x30, 0xff,
    0x30, 0x30, 0x30, 0xff, 0x38, 0x34, 0x38, 0xff, 0x30, 0x34, 0x30, 0xff,
    0x00, 0x00, 0x00, 0x00, 0x00, 0x00, 0x00, 0x00, 0x00, 0x00, 0x00, 0x00,
    0x00, 0x00, 0x00, 0x00, 0x00, 0x00, 0x00, 0x00, 0x00, 0x00, 0x00, 0x00,
    0x00, 0x00, 0x00, 0x00, 0x00, 0x00, 0x00, 0x00, 0x00, 0x00, 0x00, 0x00,
    0x00, 0x00, 0x00, 0x00, 0x00, 0x00, 0x00, 0x00, 0x00, 0x00, 0x00, 0x00,
    0x00, 0x00, 0x00, 0x00, 0x00, 0x00, 0x00, 0x00, 0x00, 0x00, 0x00, 0x00,
    0x00, 0x00, 0x00, 0x00, 0x30, 0x34, 0x30, 0xff, 0x38, 0x34, 0x38, 0xff,
    0x38, 0x34, 0x38, 0xff, 0x30, 0x34, 0x30, 0xff, 0x10, 0x08, 0x10, 0xff,
    0x08, 0x0c, 0x08, 0xff, 0x08, 0x0c, 0x08, 0xff, 0x10, 0x08, 0x10, 0xff,
    0x10, 0x0c, 0x10, 0xff, 0x08, 0x08, 0x08, 0xff, 0x08, 0x0c, 0x08, 0xff,
    0x08, 0x0c, 0x08, 0xff, 0x10, 0x08, 0x10, 0xff, 0x08, 0x0c, 0x08, 0xff,
    0x10, 0x08, 0x10, 0xff, 0x08, 0x0c, 0x08, 0xff, 0x08, 0x08, 0x08, 0xff,
    0x08, 0x0c, 0x08, 0xff, 0x08, 0x08, 0x08, 0xff, 0x08, 0x08, 0x08, 0xff,
    0x08, 0x0c, 0x08, 0xff, 0x08, 0x0c, 0x08, 0xff, 0x08, 0x08, 0x08, 0xff,
    0x10, 0x0c, 0x10, 0xff, 0x08, 0x0c, 0x08, 0xff, 0x08, 0x08, 0x08, 0xff,
    0x10, 0x0c, 0x10, 0xff, 0x08, 0x08, 0x08, 0xff, 0x08, 0x08, 0x08, 0xff,
    0x08, 0x0c, 0x08, 0xff, 0x08, 0x08, 0x08, 0xff, 0x10, 0x0c, 0x10, 0xff,
    0x08, 0x08, 0x08, 0xff, 0x08, 0x0c, 0x08, 0xff, 0x10, 0x08, 0x10, 0xff,
    0x08, 0x08, 0x08, 0xff, 0x08, 0x0c, 0x08, 0xff, 0x10, 0x08, 0x10, 0xff,
    0x08, 0x0c, 0x08, 0xff, 0x08, 0x0c, 0x08, 0xff, 0x10, 0x08, 0x10, 0xff,
    0x08, 0x0c, 0x08, 0xff, 0x08, 0x08, 0x08, 0xff, 0x10, 0x08, 0x10, 0xff,
    0x08, 0x0c, 0x08, 0xff, 0x08, 0x08, 0x08, 0xff, 0x08, 0x0c, 0x08, 0xff,
    0x08, 0x08, 0x08, 0xff, 0x08, 0x08, 0x08, 0xff, 0x08, 0x0c, 0x08, 0xff,
    0x08, 0x0c, 0x08, 0xff, 0x10, 0x08, 0x10, 0xff, 0x08, 0x0c, 0x08, 0xff,
    0x08, 0x08, 0x08, 0xff, 0x08, 0x08, 0x08, 0xff, 0x10, 0x0c, 0x10, 0xff,
    0x08, 0x0c, 0x08, 0xff, 0x08, 0x0c, 0x08, 0xff, 0x08, 0x0c, 0x08, 0xff,
    0x08, 0x08, 0x08, 0xff, 0x38, 0x34, 0x38, 0xff, 0x30, 0x34, 0x30, 0xff,
    0x30, 0x30, 0x30, 0xff, 0x38, 0x34, 0x38, 0xff, 0x00, 0x00, 0x00, 0x00,
    0x00, 0x00, 0x00, 0x00, 0x00, 0x00, 0x00, 0x00, 0x00, 0x00, 0x00, 0x00,
    0x00, 0x00, 0x00, 0x00, 0x00, 0x00, 0x00, 0x00, 0x00, 0x00, 0x00, 0x00,
    0x00, 0x00, 0x00, 0x00, 0x00, 0x00, 0x00, 0x00, 0x00, 0x00, 0x00, 0x00,
    0x00, 0x00, 0x00, 0x00, 0x00, 0x00, 0x00, 0x00, 0x00, 0x00, 0x00, 0x00,
    0x00, 0x00, 0x00, 0x00, 0x00, 0x00, 0x00, 0x00, 0x00, 0x00, 0x00, 0x00,
    0x30, 0x34, 0x30, 0xff, 0x30, 0x30, 0x30, 0xff, 0x30, 0x34, 0x30, 0xff,
    0x38, 0x34, 0x38, 0xff, 0x08, 0x08, 0x08, 0xff, 0x08, 0x08, 0x08, 0xff,
    0x08, 0x0c, 0x08, 0xff, 0x08, 0x08, 0x08, 0xff, 0x08, 0x08, 0x08, 0xff,
    0x10, 0x0c, 0x10, 0xff, 0x08, 0x08, 0x08, 0xff, 0x08, 0x08, 0x08, 0xff,
    0x08, 0x0c, 0x08, 0xff, 0x08, 0x0c, 0x08, 0xff, 0x08, 0x08, 0x08, 0xff,
    0x10, 0x08, 0x10, 0xff, 0x08, 0x0c, 0x08, 0xff, 0x10, 0x0c, 0x10, 0xff,
    0x08, 0x08, 0x08, 0xff, 0x08, 0x08, 0x08, 0xff, 0x10, 0x0c, 0x10, 0xff,
    0x08, 0x08, 0x08, 0xff, 0x08, 0x0c, 0x08, 0xff, 0x08, 0x08, 0x08, 0xff,
    0x08, 0x08, 0x08, 0xff, 0x08, 0x0c, 0x08, 0xff, 0x10, 0x0c, 0x10, 0xff,
    0x08, 0x08, 0x08, 0xff, 0x10, 0x0c, 0x10, 0xff, 0x08, 0x08, 0x08, 0xff,
    0x08, 0x0c, 0x08, 0xff, 0x08, 0x08, 0x08, 0xff, 0x10, 0x0c, 0x10, 0xff,
    0x08, 0x0c, 0x08, 0xff, 0x08, 0x08, 0x08, 0xff, 0x08, 0x0c, 0x08, 0xff,
    0x08, 0x08, 0x08, 0xff, 0x10, 0x08, 0x10, 0xff, 0x08, 0x0c, 0x08, 0xff,
    0x08, 0x08, 0x08, 0xff, 0x08, 0x0c, 0x08, 0xff, 0x08, 0x0c, 0x08, 0xff,
    0x08, 0x08, 0x08, 0xff, 0x10, 0x0c, 0x10, 0xff, 0x08, 0x08, 0x08, 0xff,
    0x08, 0x0c, 0x08, 0xff, 0x10, 0x0c, 0x10, 0xff, 0x10, 0x08, 0x10, 0xff,
    0x08, 0x0c, 0x08, 0xff, 0x10, 0x08, 0x10, 0xff, 0x08, 0x08, 0x08, 0xff,
    0x08, 0x0c, 0x08, 0xff, 0x08, 0x0c, 0x08, 0xff, 0x08, 0x08, 0x08, 0xff,
    0x10, 0x0c, 0x10, 0xff, 0x08, 0x08, 0x08, 0xff, 0x08, 0x08, 0x08, 0xff,
    0x10, 0x08, 0x10, 0xff, 0x08, 0x0c, 0x08, 0xff, 0x08, 0x0c, 0x08, 0xff,
    0x38, 0x34, 0x38, 0xff, 0x30, 0x34, 0x30, 0xff, 0x30, 0x34, 0x30, 0xff,
    0x38, 0x30, 0x38, 0xff, 0x00, 0x00, 0x00, 0x00, 0x00, 0x00, 0x00, 0x00,
    0x00, 0x00, 0x00, 0x00, 0x00, 0x00, 0x00, 0x00, 0x00, 0x00, 0x00, 0x00,
    0x00, 0x00, 0x00, 0x00, 0x00, 0x00, 0x00, 0x00, 0x00, 0x00, 0x00, 0x00,
    0x00, 0x00, 0x00, 0x00, 0x00, 0x00, 0x00, 0x00, 0x00, 0x00, 0x00, 0x00,
    0x00, 0x00, 0x00, 0x00, 0x00, 0x00, 0x00, 0x00, 0x00, 0x00, 0x00, 0x00,
    0x00, 0x00, 0x00, 0x00, 0x00, 0x00, 0x00, 0x00, 0x38, 0x34, 0x38, 0xff,
    0x30, 0x30, 0x30, 0xff, 0x30, 0x34, 0x30, 0xff, 0x38, 0x34, 0x38, 0xff,
    0x08, 0x08, 0x08, 0xff, 0x08, 0x0c, 0x08, 0xff, 0x10, 0x08, 0x10, 0xff,
    0x08, 0x0c, 0x08, 0xff, 0x08, 0x0c, 0x08, 0xff, 0x08, 0x08, 0x08, 0xff,
    0x10, 0x0c, 0x10, 0xff, 0x08, 0x08, 0x08, 0xff, 0x08, 0x0c, 0x08, 0xff,
    0x10, 0x08, 0x10, 0xff, 0x08, 0x0c, 0x08, 0xff, 0x08, 0x08, 0x08, 0xff,
    0x08, 0x0c, 0x08, 0xff, 0x10, 0x08, 0x10, 0xff, 0x08, 0x0c, 0x08, 0xff,
    0x08, 0x0c, 0x08, 0xff, 0x10, 0x08, 0x10, 0xff, 0x08, 0x0c, 0x08, 0xff,
    0x08, 0x08, 0x08, 0xff, 0x10, 0x0c, 0x10, 0xff, 0x08, 0x08, 0x08, 0xff,
    0x08, 0x0c, 0x08, 0xff, 0x08, 0x08, 0x08, 0xff, 0x08, 0x0c, 0x08, 0xff,
    0x08, 0x0c, 0x08, 0xff, 0x10, 0x08, 0x10, 0xff, 0x08, 0x08, 0x08, 0xff,
    0x08, 0x0c, 0x08, 0xff, 0x08, 0x08, 0x08, 0xff, 0x10, 0x08, 0x10, 0xff,
    0x08, 0x0c, 0x08, 0xff, 0x08, 0x0c, 0x08, 0xff, 0x10, 0x08, 0x10, 0xff,
    0x08, 0x0c, 0x08, 0xff, 0x08, 0x08, 0x08, 0xff, 0x10, 0x08, 0x10, 0xff,
    0x08, 0x0c, 0x08, 0xff, 0x08, 0x08, 0x08, 0xff, 0x10, 0x0c, 0x10, 0xff,
    0x08, 0x08, 0x08, 0xff, 0x08, 0x0c, 0x08, 0xff, 0x08, 0x08, 0x08, 0xff,
    0x08, 0x08, 0x08, 0xff, 0x08, 0x0c, 0x08, 0xff, 0x08, 0x0c, 0x08, 0xff,
    0x08, 0x08, 0x08, 0xff, 0x10, 0x08, 0x10, 0xff, 0x08, 0x0c, 0x08, 0xff,
    0x08, 0x08, 0x08, 0xff, 0x10, 0x0c, 0x10, 0xff, 0x08, 0x0c, 0x08, 0xff,
    0x08, 0x08, 0x08, 0xff, 0x08, 0x0c, 0x08, 0xff, 0x08, 0x08, 0x08, 0xff,
    0x10, 0x08, 0x10, 0xff, 0x08, 0x08, 0x08, 0xff, 0x38, 0x34, 0x38, 0xff,
    0x30, 0x34, 0x30, 0xff, 0x30, 0x34, 0x30, 0xff, 0x30, 0x34, 0x30, 0xff,
    0x00, 0x00, 0x00, 0x00, 0x00, 0x00, 0x00, 0x00, 0x00, 0x00, 0x00, 0x00,
    0x00, 0x00, 0x00, 0x00, 0x00, 0x00, 0x00, 0x00, 0x00, 0x00, 0x00, 0x00,
    0x00, 0x00, 0x00, 0x00, 0x00, 0x00, 0x00, 0x00, 0x00, 0x00, 0x00, 0x00,
    0x00, 0x00, 0x00, 0x00, 0x00, 0x00, 0x00, 0x00, 0x00, 0x00, 0x00, 0x00,
    0x00, 0x00, 0x00, 0x00, 0x00, 0x00, 0x00, 0x00, 0x00, 0x00, 0x00, 0x00,
    0x00, 0x00, 0x00, 0x00, 0x30, 0x34, 0x30, 0xff, 0x38, 0x34, 0x38, 0xff,
    0x30, 0x34, 0x30, 0xff, 0x30, 0x34, 0x30, 0xff, 0x08, 0x08, 0x08, 0xff,
    0x10, 0x0c, 0x10, 0xff, 0x08, 0x08, 0x08, 0xff, 0x08, 0x0c, 0x08, 0xff,
    0x10, 0x08, 0x10, 0xff, 0x08, 0x0c, 0x08, 0xff, 0x08, 0x08, 0x08, 0xff,
    0x08, 0x0c, 0x08, 0xff, 0x10, 0x08, 0x10, 0xff, 0x08, 0x0c, 0x08, 0xff,
    0x08, 0x08, 0x08, 0xff, 0x08, 0x0c, 0x08, 0xff, 0x08, 0x08, 0x08, 0xff,
    0x08, 0x08, 0x08, 0xff, 0x08, 0x0c, 0x08, 0xff, 0x08, 0x08, 0x08, 0xff,
    0x08, 0x0c, 0x08, 0xff, 0x08, 0x08, 0x08, 0xff, 0x10, 0x0c, 0x10, 0xff,
    0x08, 0x0c, 0x08, 0xff, 0x08, 0x08, 0x08, 0xff, 0x10, 0x08, 0x10, 0xff,
    0x08, 0x0c, 0x08, 0xff, 0x08, 0x08, 0x08, 0xff, 0x10, 0x08, 0x10, 0xff,
    0x08, 0x0c, 0x08, 0xff, 0x08, 0x0c, 0x08, 0xff, 0x10, 0x08, 0x10, 0xff,
    0x08, 0x0c, 0x08, 0xff, 0x08, 0x08, 0x08, 0xff, 0x08, 0x0c, 0x08, 0xff,
    0x10, 0x08, 0x10, 0xff, 0x08, 0x0c, 0x08, 0xff, 0x08, 0x0c, 0x08, 0xff,
    0x08, 0x08, 0x08, 0xff, 0x08, 0x0c, 0x08, 0xff, 0x10, 0x08, 0x10, 0xff,
    0x08, 0x08, 0x08, 0xff, 0x08, 0x0c, 0x08, 0xff, 0x08, 0x0c, 0x08, 0xff,
    0x10, 0x08, 0x10, 0xff, 0x08, 0x0c, 0x08, 0xff, 0x08, 0x08, 0x08, 0xff,
    0x10, 0x0c, 0x10, 0xff, 0x08, 0x08, 0x08, 0xff, 0x08, 0x0c, 0x08, 0xff,
    0x08, 0x0c, 0x08, 0xff, 0x10, 0x08, 0x10, 0xff, 0x08, 0x08, 0x08, 0xff,
    0x08, 0x0c, 0x08, 0xff, 0x08, 0x08, 0x08, 0xff, 0x10, 0x0c, 0x10, 0xff,
    0x08, 0x0c, 0x08, 0xff, 0x08, 0x0c, 0x08, 0xff, 0x08, 0x08, 0x08, 0xff,
    0x08, 0x08, 0x08, 0xff, 0x38, 0x34, 0x38, 0xff, 0x38, 0x34, 0x38, 0xff,
    0x30, 0x30, 0x30, 0xff, 0x38, 0x34, 0x38, 0xff, 0x00, 0x00, 0x00, 0x00,
    0x00, 0x00, 0x00, 0x00, 0x00, 0x00, 0x00, 0x00, 0x00, 0x00, 0x00, 0x00,
    0x00, 0x00, 0x00, 0x00, 0x00, 0x00, 0x00, 0x00, 0x00, 0x00, 0x00, 0x00,
    0x00, 0x00, 0x00, 0x00, 0x00, 0x00, 0x00, 0x00, 0x00, 0x00, 0x00, 0x00,
    0x00, 0x00, 0x00, 0x00, 0x00, 0x00, 0x00, 0x00, 0x00, 0x00, 0x00, 0x00,
    0x00, 0x00, 0x00, 0x00, 0x00, 0x00, 0x00, 0x00, 0x00, 0x00, 0x00, 0x00,
    0x30, 0x30, 0x30, 0xff, 0x38, 0x34, 0x38, 0xff, 0x38, 0x34, 0x38, 0xff,
    0x30, 0x30, 0x30, 0xff, 0x08, 0x08, 0x08, 0xff, 0x08, 0x0c, 0x08, 0xff,
    0x08, 0x0c, 0x08, 0xff, 0x08, 0x08, 0x08, 0xff, 0x10, 0x08, 0x10, 0xff,
    0x08, 0x0c, 0x08, 0xff, 0x08, 0x0c, 0x08, 0xff, 0x10, 0x08, 0x10, 0xff,
    0x08, 0x0c, 0x08, 0xff, 0x08, 0x08, 0x08, 0xff, 0x10, 0x0c, 0x10, 0xff,
    0x10, 0x0c, 0x10, 0xff, 0x08, 0x08, 0x08, 0xff, 0x08, 0x0c, 0x08, 0xff,
    0x10, 0x08, 0x10, 0xff, 0x10, 0x0c, 0x10, 0xff, 0x08, 0x08, 0x08, 0xff,
    0x08, 0x08, 0x08, 0xff, 0x08, 0x0c, 0x08, 0xff, 0x08, 0x08, 0x08, 0xff,
    0x08, 0x0c, 0x08, 0xff, 0x10, 0x0c, 0x10, 0xff, 0x08, 0x08, 0x08, 0xff,
    0x08, 0x0c, 0x08, 0xff, 0x10, 0x08, 0x10, 0xff, 0x08, 0x0c, 0x08, 0xff,
    0x08, 0x08, 0x08, 0xff, 0x08, 0x0c, 0x08, 0xff, 0x10, 0x08, 0x10, 0xff,
    0x08, 0x0c, 0x08, 0xff, 0x08, 0x08, 0x08, 0xff, 0x08, 0x08, 0x08, 0xff,
    0x08, 0x0c, 0x08, 0xff, 0x10, 0x08, 0x10, 0xff, 0x08, 0x0c, 0x08, 0xff,
    0x08, 0x0c, 0x08, 0xff, 0x08, 0x08, 0x08, 0xff, 0x10, 0x0c, 0x10, 0xff,
    0x08, 0x08, 0x08, 0xff, 0x08, 0x08, 0x08, 0xff, 0x10, 0x0c, 0x10, 0xff,
    0x08, 0x08, 0x08, 0xff, 0x08, 0x0c, 0x08, 0xff, 0x10, 0x08, 0x10, 0xff,
    0x08, 0x08, 0x08, 0xff, 0x08, 0x0c, 0x08, 0xff, 0x08, 0x0c, 0x08, 0xff,
    0x08, 0x08, 0x08, 0xff, 0x10, 0x0c, 0x10, 0xff, 0x08, 0x08, 0x08, 0xff,
    0x08, 0x08, 0x08, 0xff, 0x08, 0x08, 0x08, 0xff, 0x10, 0x0c, 0x10, 0xff,
    0x08, 0x08, 0x08, 0xff, 0x08, 0x0c, 0x08, 0xff, 0x08, 0x0c, 0x08, 0xff,
    0x30, 0x34, 0x30, 0xff, 0x30, 0x30, 0x30, 0xff, 0x38, 0x34, 0x38, 0xff,
    0x30, 0x34, 0x30, 0xff, 0x00, 0x00, 0x00, 0x00, 0x00, 0x00, 0x00, 0x00,
    0x00, 0x00, 0x00, 0x00, 0x00, 0x00, 0x00, 0x00, 0x00, 0x00, 0x00, 0x00,
    0x00, 0x00, 0x00, 0x00, 0x00, 0x00, 0x00, 0x00, 0x00, 0x00, 0x00, 0x00,
    0x00, 0x00, 0x00, 0x00, 0x00, 0x00, 0x00, 0x00, 0x00, 0x00, 0x00, 0x00,
    0x00, 0x00, 0x00, 0x00, 0x00, 0x00, 0x00, 0x00, 0x00, 0x00, 0x00, 0x00,
    0x00, 0x00, 0x00, 0x00, 0x00, 0x00, 0x00, 0x00, 0x30, 0x34, 0x30, 0xff,
    0x30, 0x34, 0x30, 0xff, 0x38, 0x34, 0x38, 0xff, 0x30, 0x34, 0x30, 0xff,
    0x08, 0x08, 0x08, 0xff, 0x10, 0x08, 0x10, 0xff, 0x08, 0x0c, 0x08, 0xff,
    0x08, 0x08, 0x08, 0xff, 0x08, 0x0c, 0x08, 0xff, 0x08, 0x08, 0x08, 0xff,
    0x08, 0x08, 0x08, 0xff, 0x08, 0x0c, 0x08, 0xff, 0x08, 0x08, 0x08, 0xff,
    0x08, 0x08, 0x08, 0xff, 0x08, 0x0c, 0x08, 0xff, 0x08, 0x08, 0x08, 0xff,
    0x08, 0x0c, 0x08, 0xff, 0x10, 0x0c, 0x10, 0xff, 0x08, 0x08, 0x08, 0xff,
    0x08, 0x0c, 0x08, 0xff, 0x08, 0x0c, 0x08, 0xff, 0x10, 0x08, 0x10, 0xff,
    0x08, 0x0c, 0x08, 0xff, 0x08, 0x08, 0x08, 0xff, 0x10, 0x08, 0x10, 0xff,
    0x08, 0x0c, 0x08, 0xff, 0x08, 0x08, 0x08, 0xff, 0x08, 0x0c, 0x08, 0xff,
    0x08, 0x0c, 0x08, 0xff, 0x08, 0x08, 0x08, 0xff, 0x08, 0x08, 0x08, 0xff,
    0x08, 0x0c, 0x08, 0xff, 0x08, 0x0c, 0x08, 0xff, 0x10, 0x08, 0x10, 0xff,
    0x08, 0x0c, 0x08, 0xff, 0x08, 0x0c, 0x08, 0xff, 0x10, 0x08, 0x10, 0xff,
    0x08, 0x08, 0x08, 0xff, 0x08, 0x0c, 0x08, 0xff, 0x10, 0x08, 0x10, 0xff,
    0x08, 0x0c, 0x08, 0xff, 0x08, 0x0c, 0x08, 0xff, 0x08, 0x08, 0x08, 0xff,
    0x08, 0x0c, 0x08, 0xff, 0x08, 0x08, 0x08, 0xff, 0x08, 0x0c, 0x08, 0xff,
    0x08, 0x0c, 0x08, 0xff, 0x08, 0x08, 0x08, 0xff, 0x10, 0x0c, 0x10, 0xff,
    0x08, 0x08, 0x08, 0xff, 0x08, 0x08, 0x08, 0xff, 0x10, 0x0c, 0x10, 0xff,
    0x08, 0x0c, 0x08, 0xff, 0x08, 0x0c, 0x08, 0xff, 0x08, 0x08, 0x08, 0xff,
    0x08, 0x0c, 0x08, 0xff, 0x10, 0x08, 0x10, 0xff, 0x08, 0x08, 0x08, 0xff,
    0x08, 0x0c, 0x08, 0xff, 0x10, 0x08, 0x10, 0xff, 0x30, 0x34, 0x30, 0xff,
    0x30, 0x34, 0x30, 0xff, 0x38, 0x34, 0x38, 0xff, 0x30, 0x30, 0x30, 0xff,
    0x00, 0x00, 0x00, 0x00, 0x00, 0x00, 0x00, 0x00, 0x00, 0x00, 0x00, 0x00,
    0x00, 0x00, 0x00, 0x00, 0x00, 0x00, 0x00, 0x00, 0x00, 0x00, 0x00, 0x00,
    0x00, 0x00, 0x00, 0x00, 0x00, 0x00, 0x00, 0x00, 0x00, 0x00, 0x00, 0x00,
    0x00, 0x00, 0x00, 0x00, 0x00, 0x00, 0x00, 0x00, 0x00, 0x00, 0x00, 0x00,
    0x00, 0x00, 0x00, 0x00, 0x00, 0x00, 0x00, 0x00, 0x00, 0x00, 0x00, 0x00,
    0x00, 0x00, 0x00, 0x00, 0x30, 0x34, 0x30, 0xff, 0x30, 0x30, 0x30, 0xff,
    0x38, 0x34, 0x38, 0xff, 0x30, 0x34, 0x30, 0xff, 0x08, 0x08, 0x08, 0xff,
    0x10, 0x0c, 0x10, 0xff, 0x08, 0x08, 0x08, 0xff, 0x10, 0x0c, 0x10, 0xff,
    0x08, 0x0c, 0x08, 0xff, 0x10, 0x08, 0x10, 0xff, 0x08, 0x0c, 0x08, 0xff,
    0x08, 0x0c, 0x08, 0xff, 0x10, 0x08, 0x10, 0xff, 0x08, 0x0c, 0x08, 0xff,
    0x08, 0x08, 0x08, 0xff, 0x08, 0x08, 0x08, 0xff, 0x10, 0x0c, 0x10, 0xff,
    0x08, 0x08, 0x08, 0xff, 0x08, 0x08, 0x08, 0xff, 0x08, 0x0c, 0x08, 0xff,
    0x08, 0x08, 0x08, 0xff, 0x10, 0x0c, 0x10, 0xff, 0x08, 0x0c, 0x08, 0xff,
    0x08, 0x08, 0x08, 0xff, 0x10, 0x0c, 0x10, 0xff, 0x08, 0x08, 0x08, 0xff,
    0x08, 0x08, 0x08, 0xff, 0x10, 0x0c, 0x10, 0xff, 0x08, 0x08, 0x08, 0xff,
    0x10, 0x0c, 0x10, 0xff, 0x10, 0x08, 0x10, 0xff, 0x08, 0x0c, 0x08, 0xff,
    0x08, 0x08, 0x08, 0xff, 0x08, 0x08, 0x08, 0xff, 0x10, 0x0c, 0x10, 0xff,
    0x08, 0x08, 0x08, 0xff, 0x08, 0x0c, 0x08, 0xff, 0x08, 0x0c, 0x08, 0xff,
    0x08, 0x08, 0x08, 0xff, 0x08, 0x08, 0x08, 0xff, 0x10, 0x0c, 0x10, 0xff,
    0x08, 0x08, 0x08, 0xff, 0x08, 0x0c, 0x08, 0xff, 0x10, 0x08, 0x10, 0xff,
    0x08, 0x0c, 0x08, 0xff, 0x10, 0x08, 0x10, 0xff, 0x08, 0x08, 0x08, 0xff,
    0x08, 0x0c, 0x08, 0xff, 0x10, 0x0c, 0x10, 0xff, 0x08, 0x08, 0x08, 0xff,
    0x08, 0x08, 0x08, 0xff, 0x08, 0x0c, 0x08, 0xff, 0x08, 0x08, 0x08, 0xff,
    0x10, 0x08, 0x10, 0xff, 0x08, 0x0c, 0x08, 0xff, 0x08, 0x0c, 0x08, 0xff,
    0x08, 0x08, 0x08, 0xff, 0x08, 0x0c, 0x08, 0xff, 0x10, 0x08, 0x10, 0xff,
    0x08, 0x08, 0x08, 0xff, 0x38, 0x34, 0x38, 0xff, 0x30, 0x34, 0x30, 0xff,
    0x30, 0x34, 0x30, 0xff, 0x38, 0x34, 0x38, 0xff, 0x00, 0x00, 0x00, 0x00,
    0x00, 0x00, 0x00, 0x00, 0x00, 0x00, 0x00, 0x00, 0x00, 0x00, 0x00, 0x00,
    0x00, 0x00, 0x00, 0x00, 0x00, 0x00, 0x00, 0x00, 0x00, 0x00, 0x00, 0x00,
    0x00, 0x00, 0x00, 0x00, 0x00, 0x00, 0x00, 0x00, 0x00, 0x00, 0x00, 0x00,
    0x00, 0x00, 0x00, 0x00, 0x00, 0x00, 0x00, 0x00, 0x00, 0x00, 0x00, 0x00,
    0x00, 0x00, 0x00, 0x00, 0x00, 0x00, 0x00, 0x00, 0x00, 0x00, 0x00, 0x00,
    0x38, 0x34, 0x38, 0xff, 0x30, 0x30, 0x30, 0xff, 0x38, 0x34, 0x38, 0xff,
    0x30, 0x34, 0x30, 0xff, 0x08, 0x08, 0x08, 0xff, 0x08, 0x0c, 0x08, 0xff,
    0x08, 0x08, 0x08, 0xff, 0x08, 0x08, 0x08, 0xff, 0x10, 0x0c, 0x10, 0xff,
    0x08, 0x08, 0x08, 0xff, 0x08, 0x08, 0x08, 0xff, 0x10, 0x0c, 0x10, 0xff,
    0x08, 0x0c, 0x08, 0xff, 0x10, 0x08, 0x10, 0xff, 0x08, 0x0c, 0x08, 0xff,
    0x08, 0x0c, 0x08, 0xff, 0x08, 0x08, 0x08, 0xff, 0x08, 0x0c, 0x08, 0xff,
    0x10, 0x08, 0x10, 0xff, 0x08, 0x08, 0x08, 0xff, 0x08, 0x0c, 0x08, 0xff,
    0x08, 0x08, 0x08, 0xff, 0x08, 0x08, 0x08, 0xff, 0x08, 0x0c, 0x08, 0xff,
    0x08, 0x0c, 0x08, 0xff, 0x08, 0x08, 0x08, 0xff, 0x10, 0x0c, 0x10, 0xff,
    0x08, 0x08, 0x08, 0xff, 0x08, 0x0c, 0x08, 0xff, 0x08, 0x08, 0x08, 0xff,
    0x08, 0x0c, 0x08, 0xff, 0x10, 0x08, 0x10, 0xff, 0x08, 0x0c, 0x08, 0xff,
    0x08, 0x0c, 0x08, 0xff, 0x08, 0x08, 0x08, 0xff, 0x08, 0x08, 0x08, 0xff,
    0x10, 0x0c, 0x10, 0xff, 0x08, 0x08, 0x08, 0xff, 0x08, 0x0c, 0x08, 0xff,
    0x08, 0x0c, 0x08, 0xff, 0x08, 0x08, 0x08, 0xff, 0x10, 0x08, 0x10, 0xff,
    0x08, 0x0c, 0x08, 0xff, 0x08, 0x08, 0x08, 0xff, 0x10, 0x0c, 0x10, 0xff,
    0x08, 0x0c, 0x08, 0xff, 0x08, 0x08, 0x08, 0xff, 0x08, 0x08, 0x08, 0xff,
    0x08, 0x0c, 0x08, 0xff, 0x10, 0x0c, 0x10, 0xff, 0x08, 0x08, 0x08, 0xff,
    0x08, 0x0c, 0x08, 0xff, 0x10, 0x08, 0x10, 0xff, 0x08, 0x08, 0x08, 0xff,
    0x10, 0x0c, 0x10, 0xff, 0x08, 0x08, 0x08, 0xff, 0x08, 0x0c, 0x08, 0xff,
    0x10, 0x0c, 0x10, 0xff, 0x08, 0x08, 0x08, 0xff, 0x08, 0x0c, 0x08, 0xff,
    0x38, 0x34, 0x38, 0xff, 0x30, 0x30, 0x30, 0xff, 0x30, 0x34, 0x30, 0xff,
    0x38, 0x34, 0x38, 0xff, 0x00, 0x00, 0x00, 0x00, 0x00, 0x00, 0x00, 0x00,
    0x00, 0x00, 0x00, 0x00, 0x00, 0x00, 0x00, 0x00, 0x00, 0x00, 0x00, 0x00,
    0x00, 0x00, 0x00, 0x00, 0x00, 0x00, 0x00, 0x00, 0x00, 0x00, 0x00, 0x00,
    0x00, 0x00, 0x00, 0x00, 0x00, 0x00, 0x00, 0x00, 0x00, 0x00, 0x00, 0x00,
    0x00, 0x00, 0x00, 0x00, 0x00, 0x00, 0x00, 0x00, 0x00, 0x00, 0x00, 0x00,
    0x00, 0x00, 0x00, 0x00, 0x00, 0x00, 0x00, 0x00, 0x30, 0x34, 0x30, 0xff,
    0x38, 0x34, 0x38, 0xff, 0x30, 0x34, 0x30, 0xff, 0x38, 0x34, 0x38, 0xff,
    0x08, 0x08, 0x08, 0xff, 0x08, 0x0c, 0x08, 0xff, 0x10, 0x0c, 0x10, 0xff,
    0x08, 0x08, 0x08, 0xff, 0x08, 0x0c, 0x08, 0xff, 0x08, 0x0c, 0x08, 0xff,
    0x08, 0x08, 0x08, 0xff, 0x08, 0x08, 0x08, 0xff, 0x08, 0x0c, 0x08, 0xff,
    0x08, 0x08, 0x08, 0xff, 0x10, 0x08, 0x10, 0xff, 0x08, 0x0c, 0x08, 0xff,
    0x08, 0x08, 0x08, 0xff, 0x10, 0x0c, 0x10, 0xff, 0x08, 0x0c, 0x08, 0xff,
    0x08, 0x08, 0x08, 0xff, 0x10, 0x0c, 0x10, 0xff, 0x08, 0x0c, 0x08, 0xff,
    0x10, 0x08, 0x10, 0xff, 0x10, 0x08, 0x10, 0xff, 0x08, 0x0c, 0x08, 0xff,
    0x08, 0x0c, 0x08, 0xff, 0x08, 0x08, 0x08, 0xff, 0x08, 0x0c, 0x08, 0xff,
    0x08, 0x08, 0x08, 0xff, 0x08, 0x0c, 0x08, 0xff, 0x08, 0x08, 0x08, 0xff,
    0x08, 0x0c, 0x08, 0xff, 0x10, 0x08, 0x10, 0xff, 0x08, 0x0c, 0x08, 0xff,
    0x08, 0x08, 0x08, 0xff, 0x10, 0x0c, 0x10, 0xff, 0x08, 0x08, 0x08, 0xff,
    0x08, 0x08, 0x08, 0xff, 0x10, 0x0c, 0x10, 0xff, 0x08, 0x08, 0x08, 0xff,
    0x08, 0x0c, 0x08, 0xff, 0x08, 0x0c, 0x08, 0xff, 0x08, 0x08, 0x08, 0xff,
    0x08, 0x08, 0x08, 0xff, 0x08, 0x0c, 0x08, 0xff, 0x08, 0x0c, 0x08, 0xff,
    0x10, 0x08, 0x10, 0xff, 0x08, 0x08, 0x08, 0xff, 0x08, 0x0c, 0x08, 0xff,
    0x08, 0x08, 0x08, 0xff, 0x10, 0x0c, 0x10, 0xff, 0x08, 0x0c, 0x08, 0xff,
    0x08, 0x08, 0x08, 0xff, 0x08, 0x0c, 0x08, 0xff, 0x08, 0x0c, 0x08, 0xff,
    0x10, 0x08, 0x10, 0xff, 0x08, 0x08, 0x08, 0xff, 0x08, 0x0c, 0x08, 0xff,
    0x08, 0x08, 0x08, 0xff, 0x08, 0x0c, 0x08, 0xff, 0x38, 0x34, 0x38, 0xff,
    0x30, 0x30, 0x30, 0xff, 0x30, 0x34, 0x30, 0xff, 0x30, 0x34, 0x30, 0xff,
    0x00, 0x00, 0x00, 0x00, 0x00, 0x00, 0x00, 0x00, 0x00, 0x00, 0x00, 0x00,
    0x00, 0x00, 0x00, 0x00, 0x00, 0x00, 0x00, 0x00, 0x00, 0x00, 0x00, 0x00,
    0x00, 0x00, 0x00, 0x00, 0x00, 0x00, 0x00, 0x00, 0x00, 0x00, 0x00, 0x00,
    0x00, 0x00, 0x00, 0x00, 0x00, 0x00, 0x00, 0x00, 0x00, 0x00, 0x00, 0x00,
    0x00, 0x00, 0x00, 0x00, 0x00, 0x00, 0x00, 0x00, 0x00, 0x00, 0x00, 0x00,
    0x00, 0x00, 0x00, 0x00, 0x30, 0x34, 0x30, 0xff, 0x30, 0x30, 0x30, 0xff,
    0x38, 0x34, 0x38, 0xff, 0x30, 0x34, 0x30, 0xff, 0x08, 0x08, 0x08, 0xff,
    0x10, 0x08, 0x10, 0xff, 0x08, 0x0c, 0x08, 0xff, 0x08, 0x08, 0x08, 0xff,
    0x08, 0x08, 0x08, 0xff, 0x10, 0x0c, 0x10, 0xff, 0x08, 0x0c, 0x08, 0xff,
    0x08, 0x08, 0x08, 0xff, 0x10, 0x0c, 0x10, 0xff, 0x08, 0x0c, 0x08, 0xff,
    0x08, 0x08, 0x08, 0xff, 0x10, 0x0c, 0x10, 0xff, 0x08, 0x08, 0x08, 0xff,
    0x08, 0x08, 0x08, 0xff, 0x08, 0x0c, 0x08, 0xff, 0x08, 0x08, 0x08, 0xff,
    0x10, 0x08, 0x10, 0xff, 0x08, 0x0c, 0x08, 0xff, 0x08, 0x0c, 0x08, 0xff,
    0x08, 0x08, 0x08, 0xff, 0x08, 0x08, 0x08, 0xff, 0x10, 0x0c, 0x10, 0xff,
    0x08, 0x08, 0x08, 0xff, 0x10, 0x08, 0x10, 0xff, 0x10, 0x0c, 0x10, 0xff,
    0x08, 0x08, 0x08, 0xff, 0x08, 0x0c, 0x08, 0xff, 0x08, 0x08, 0x08, 0xff,
    0x10, 0x08, 0x10, 0xff, 0x08, 0x0c, 0x08, 0xff, 0x08, 0x0c, 0x08, 0xff,
    0x08, 0x08, 0x08, 0xff, 0x08, 0x0c, 0x08, 0xff, 0x10, 0x0c, 0x10, 0xff,
    0x08, 0x08, 0x08, 0xff, 0x10, 0x08, 0x10, 0xff, 0x08, 0x0c, 0x08, 0xff,
    0x10, 0x0c, 0x10, 0xff, 0x08, 0x08, 0x08, 0xff, 0x10, 0x0c, 0x10, 0xff,
    0x08, 0x08, 0x08, 0xff, 0x08, 0x08, 0x08, 0xff, 0x10, 0x0c, 0x10, 0xff,
    0x08, 0x0c, 0x08, 0xff, 0x08, 0x08, 0x08, 0xff, 0x10, 0x08, 0x10, 0xff,
    0x08, 0x0c, 0x08, 0xff, 0x08, 0x08, 0x08, 0xff, 0x08, 0x08, 0x08, 0xff,
    0x10, 0x0c, 0x10, 0xff, 0x08, 0x08, 0x08, 0xff, 0x08, 0x0c, 0x08, 0xff,
    0x08, 0x08, 0x08, 0xff, 0x10, 0x08, 0x10, 0xff, 0x08, 0x0c, 0x08, 0xff,
    0x08, 0x08, 0x08, 0xff, 0x38, 0x34, 0x38, 0xff, 0x38, 0x34, 0x38, 0xff,
    0x30, 0x30, 0x30, 0xff, 0x38, 0x34, 0x38, 0xff, 0x00, 0x00, 0x00, 0x00,
    0x00, 0x00, 0x00, 0x00, 0x00, 0x00, 0x00, 0x00, 0x00, 0x00, 0x00, 0x00,
    0x00, 0x00, 0x00, 0x00, 0x00, 0x00, 0x00, 0x00, 0x00, 0x00, 0x00, 0x00,
    0x00, 0x00, 0x00, 0x00, 0x00, 0x00, 0x00, 0x00, 0x00, 0x00, 0x00, 0x00,
    0x00, 0x00, 0x00, 0x00, 0x00, 0x00, 0x00, 0x00, 0x00, 0x00, 0x00, 0x00,
    0x00, 0x00, 0x00, 0x00, 0x00, 0x00, 0x00, 0x00, 0x00, 0x00, 0x00, 0x00,
    0x38, 0x34, 0x38, 0xff, 0x30, 0x30, 0x30, 0xff, 0x30, 0x34, 0x30, 0xff,
    0x38, 0x34, 0x38, 0xff, 0x08, 0x08, 0x08, 0xff, 0x08, 0x0c, 0x08, 0xff,
    0x08, 0x08, 0x08, 0xff, 0x08, 0x0c, 0x08, 0xff, 0x10, 0x08, 0x10, 0xff,
    0x08, 0x08, 0x08, 0xff, 0x08, 0x0c, 0x08, 0xff, 0x10, 0x08, 0x10, 0xff,
    0x08, 0x08, 0x08, 0xff, 0x08, 0x0c, 0x08, 0xff, 0x08, 0x08, 0x08, 0xff,
    0x08, 0x0c, 0x08, 0xff, 0x10, 0x0c, 0x10, 0xff, 0x08, 0x08, 0x08, 0xff,
    0x08, 0x0c, 0x08, 0xff, 0x10, 0x0c, 0x10, 0xff, 0x08, 0x08, 0x08, 0xff,
    0x08, 0x08, 0x08, 0xff, 0x08, 0x0c, 0x08, 0xff, 0x08, 0x0c, 0x08, 0xff,
    0x08, 0x08, 0x08, 0xff, 0x08, 0x0c, 0x08, 0xff, 0x08, 0x0c, 0x08, 0xff,
    0x08, 0x08, 0x08, 0xff, 0x08, 0x0c, 0x08, 0xff, 0x10, 0x0c, 0x10, 0xff,
    0x08, 0x08, 0x08, 0xff, 0x08, 0x0c, 0x08, 0xff, 0x08, 0x0c, 0x08, 0xff,
    0x10, 0x08, 0x10, 0xff, 0x08, 0x08, 0x08, 0xff, 0x08, 0x0c, 0x08, 0xff,
    0x10, 0x08, 0x10, 0xff, 0x08, 0x0c, 0x08, 0xff, 0x08, 0x08, 0x08, 0xff,
    0x08, 0x0c, 0x08, 0xff, 0x08, 0x08, 0x08, 0xff, 0x08, 0x08, 0x08, 0xff,
    0x10, 0x0c, 0x10, 0xff, 0x08, 0x0c, 0x08, 0xff, 0x08, 0x08, 0x08, 0xff,
    0x08, 0x08, 0x08, 0xff, 0x08, 0x0c, 0x08, 0xff, 0x08, 0x0c, 0x08, 0xff,
    0x10, 0x08, 0x10, 0xff, 0x08, 0x0c, 0x08, 0xff, 0x08, 0x0c, 0x08, 0xff,
    0x08, 0x08, 0x08, 0xff, 0x10, 0x0c, 0x10, 0xff, 0x08, 0x08, 0x08, 0xff,
    0x08, 0x0c, 0x08, 0xff, 0x08, 0x0c, 0x08, 0xff, 0x10, 0x08, 0x10, 0xff,
    0x08, 0x0c, 0x08, 0xff, 0x08, 0x0c, 0x08, 0xff, 0x08, 0x08, 0x08, 0xff,
    0x30, 0x34, 0x30, 0xff, 0x30, 0x34, 0x30, 0xff, 0x38, 0x34, 0x38, 0xff,
    0x30, 0x30, 0x30, 0xff, 0x00, 0x00, 0x00, 0x00, 0x00, 0x00, 0x00, 0x00,
    0x00, 0x00, 0x00, 0x00, 0x00, 0x00, 0x00, 0x00, 0x00, 0x00, 0x00, 0x00,
    0x00, 0x00, 0x00, 0x00, 0x00, 0x00, 0x00, 0x00, 0x00, 0x00, 0x00, 0x00,
    0x00, 0x00, 0x00, 0x00, 0x00, 0x00, 0x00, 0x00, 0x00, 0x00, 0x00, 0x00,
    0x00, 0x00, 0x00, 0x00, 0x00, 0x00, 0x00, 0x00, 0x00, 0x00, 0x00, 0x00,
    0x00, 0x00, 0x00, 0x00, 0x00, 0x00, 0x00, 0x00, 0x30, 0x34, 0x30, 0xff,
    0x38, 0x34, 0x38, 0xff, 0x30, 0x34, 0x30, 0xff, 0x30, 0x34, 0x30, 0xff,
    0x10, 0x08, 0x10, 0xff, 0x08, 0x0c, 0x08, 0xff, 0x08, 0x0c, 0x08, 0xff,
    0x10, 0x08, 0x10, 0xff, 0x08, 0x0c, 0x08, 0xff, 0x08, 0x0c, 0x08, 0xff,
    0x08, 0x08, 0x08, 0xff, 0x08, 0x0c, 0x08, 0xff, 0x10, 0x08, 0x10, 0xff,
    0x08, 0x0c, 0x08, 0xff, 0x08, 0x08, 0x08, 0xff, 0x08, 0x08, 0x08, 0xff,
    0x08, 0x0c, 0x08, 0xff, 0x10, 0x08, 0x10, 0xff, 0x08, 0x08, 0x08, 0xff,
    0x08, 0x0c, 0x08, 0xff, 0x08, 0x0c, 0x08, 0xff, 0x10, 0x08, 0x10, 0xff,
    0x08, 0x08, 0x08, 0xff, 0x10, 0x0c, 0x10, 0xff, 0x10, 0x08, 0x10, 0xff,
    0x08, 0x08, 0x08, 0xff, 0x08, 0x0c, 0x08, 0xff, 0x08, 0x08, 0x08, 0xff,
    0x08, 0x08, 0x08, 0xff, 0x08, 0x0c, 0x08, 0xff, 0x10, 0x08, 0x10, 0xff,
    0x08, 0x08, 0x08, 0xff, 0x08, 0x0c, 0x08, 0xff, 0x08, 0x08, 0x08, 0xff,
    0x10, 0x0c, 0x10, 0xff, 0x08, 0x08, 0x08, 0xff, 0x08, 0x0c, 0x08, 0xff,
    0x08, 0x08, 0x08, 0xff, 0x08, 0x0c, 0x08, 0xff, 0x10, 0x0c, 0x10, 0xff,
    0x08, 0x08, 0x08, 0xff, 0x08, 0x08, 0x08, 0xff, 0x08, 0x0c, 0x08, 0xff,
    0x08, 0x08, 0x08, 0xff, 0x10, 0x0c, 0x10, 0xff, 0x08, 0x0c, 0x08, 0xff,
    0x08, 0x08, 0x08, 0xff, 0x10, 0x08, 0x10, 0xff, 0x08, 0x0c, 0x08, 0xff,
    0x08, 0x08, 0x08, 0xff, 0x08, 0x08, 0x08, 0xff, 0x10, 0x0c, 0x10, 0xff,
    0x08, 0x0c, 0x08, 0xff, 0x08, 0x08, 0x08, 0xff, 0x08, 0x08, 0x08, 0xff,
    0x10, 0x0c, 0x10, 0xff, 0x08, 0x08, 0x08, 0xff, 0x08, 0x0c, 0x08, 0xff,
    0x10, 0x08, 0x10, 0xff, 0x08, 0x08, 0x08, 0xff, 0x38, 0x34, 0x38, 0xff,
    0x30, 0x34, 0x30, 0xff, 0x30, 0x34, 0x30, 0xff, 0x38, 0x34, 0x38, 0xff,
    0x00, 0x00, 0x00, 0x00, 0x00, 0x00, 0x00, 0x00, 0x00, 0x00, 0x00, 0x00,
    0x00, 0x00, 0x00, 0x00, 0x00, 0x00, 0x00, 0x00, 0x00, 0x00, 0x00, 0x00,
    0x00, 0x00, 0x00, 0x00, 0x00, 0x00, 0x00, 0x00, 0x58, 0x54, 0x58, 0xff,
    0x58, 0x54, 0x58, 0xff, 0x50, 0x54, 0x50, 0xff, 0x58, 0x54, 0x58, 0xff,
    0x58, 0x54, 0x58, 0xff, 0x58, 0x54, 0x58, 0xff, 0x58, 0x54, 0x58, 0xff,
    0x58, 0x54, 0x58, 0xff, 0x58, 0x54, 0x58, 0xff, 0x58, 0x54, 0x58, 0xff,
    0x58, 0x54, 0x58, 0xff, 0x58, 0x54, 0x58, 0xff, 0x58, 0x54, 0x58, 0xff,
    0x58, 0x54, 0x58, 0xff, 0x58, 0x54, 0x58, 0xff, 0x58, 0x54, 0x58, 0xff,
    0x58, 0x54, 0x58, 0xff, 0x58, 0x54, 0x58, 0xff, 0x58, 0x54, 0x58, 0xff,
    0x58, 0x54, 0x58, 0xff, 0x08, 0x0c, 0x08, 0xff, 0x08, 0x0c, 0x08, 0xff,
    0x10, 0x08, 0x10, 0xff, 0x08, 0x0c, 0x08, 0xff, 0x08, 0x0c, 0x08, 0xff,
    0x08, 0x08, 0x08, 0xff, 0x10, 0x0c, 0x10, 0xff, 0x08, 0x08, 0x08, 0xff,
    0x08, 0x0c, 0x08, 0xff, 0x08, 0x0c, 0x08, 0xff, 0x08, 0x08, 0x08, 0xff,
    0x08, 0x0c, 0x08, 0xff, 0x08, 0x0c, 0x08, 0xff, 0x10, 0x08, 0x10, 0xff,
    0x10, 0x0c, 0x10, 0xff, 0x08, 0x0c, 0x08, 0xff, 0x10, 0x08, 0x10, 0xff,
    0x08, 0x0c, 0x08, 0xff, 0x08, 0x0c, 0x08, 0xff, 0x10, 0x08, 0x10, 0xff,
    0x08, 0x0c, 0x08, 0xff, 0x08, 0x0c, 0x08, 0xff, 0x08, 0x08, 0x08, 0xff,
    0x08, 0x0c, 0x08, 0xff, 0x10, 0x08, 0x10, 0xff, 0x08, 0x08, 0x08, 0xff,
    0x08, 0x0c, 0x08, 0xff, 0x10, 0x08, 0x10, 0xff, 0x08, 0x0c, 0x08, 0xff,
    0x08, 0x0c, 0x08, 0xff, 0x10, 0x08, 0x10, 0xff, 0x08, 0x08, 0x08, 0xff,
    0x08, 0x0c, 0x08, 0xff, 0x10, 0x0c, 0x10, 0xff, 0x08, 0x08, 0x08, 0xff,
    0x08, 0x0c, 0x08, 0xff, 0x08, 0x0c, 0x08, 0xff, 0x08, 0x08, 0x08, 0xff,
    0x10, 0x08, 0x10, 0xff, 0x08, 0x0c, 0x08, 0xff, 0x08, 0x08, 0x08, 0xff,
    0x08, 0x0c, 0x08, 0xff, 0x10, 0x08, 0x10, 0xff, 0x08, 0x0c, 0x08, 0xff,
    0x08, 0x08, 0x08, 0xff, 0x08, 0x08, 0x08, 0xff, 0x08, 0x0c, 0x08, 0xff,
    0x08, 0x08, 0x08, 0xff, 0x38, 0x34, 0x38, 0xff, 0x30, 0x34, 0x30, 0xff,
    0x30, 0x30, 0x30, 0xff, 0x38, 0x34, 0x38, 0xff, 0x00, 0x00, 0x00, 0x00,
    0x00, 0x00, 0x00, 0x00, 0x00, 0x00, 0x00, 0x00, 0x00, 0x00, 0x00, 0x00,
    0x00, 0x00, 0x00, 0x00, 0x00, 0x00, 0x00, 0x00, 0x00, 0x00, 0x00, 0x00,
    0x00, 0x00, 0x00, 0x00, 0x50, 0x54, 0x50, 0xff, 0x58, 0x54, 0x58, 0xff,
    0x58, 0x54, 0x58, 0xff, 0x50, 0x54, 0x50, 0xff, 0x50, 0x54, 0x50, 0xff,
    0x58, 0x54, 0x58, 0xff, 0x50, 0x54, 0x50, 0xff, 0x50, 0x54, 0x50, 0xff,
    0x58, 0x54, 0x58, 0xff, 0x50, 0x54, 0x50, 0xff, 0x50, 0x54, 0x50, 0xff,
    0x58, 0x54, 0x58, 0xff, 0x50, 0x54, 0x50, 0xff, 0x58, 0x54, 0x58, 0xff,
    0x58, 0x54, 0x58, 0xff, 0x50, 0x54, 0x50, 0xff, 0x58, 0x54, 0x58, 0xff,
    0x58, 0x54, 0x58, 0xff, 0x58, 0x54, 0x58, 0xff, 0x58, 0x54, 0x58, 0xff,
    0x08, 0x0c, 0x08, 0xff, 0x08, 0x08, 0x08, 0xff, 0x10, 0x08, 0x10, 0xff,
    0x08, 0x0c, 0x08, 0xff, 0x08, 0x08, 0x08, 0xff, 0x08, 0x0c, 0x08, 0xff,
    0x08, 0x08, 0x08, 0xff, 0x10, 0x08, 0x10, 0xff, 0x08, 0x0c, 0x08, 0xff,
    0x08, 0x08, 0x08, 0xff, 0x10, 0x08, 0x10, 0xff, 0x08, 0x0c, 0x08, 0xff,
    0x08, 0x08, 0x08, 0xff, 0x08, 0x08, 0x08, 0xff, 0x08, 0x0c, 0x08, 0xff,
    0x08, 0x08, 0x08, 0xff, 0x08, 0x08, 0x08, 0xff, 0x08, 0x0c, 0x08, 0xff,
    0x08, 0x08, 0x08, 0xff, 0x08, 0x08, 0x08, 0xff, 0x10, 0x0c, 0x10, 0xff,
    0x08, 0x08, 0x08, 0xff, 0x08, 0x08, 0x08, 0xff, 0x10, 0x0c, 0x10, 0xff,
    0x08, 0x0c, 0x08, 0xff, 0x08, 0x08, 0x08, 0xff, 0x08, 0x08, 0x08, 0xff,
    0x08, 0x0c, 0x08, 0xff, 0x08, 0x08, 0x08, 0xff, 0x10, 0x0c, 0x10, 0xff,
    0x08, 0x08, 0x08, 0xff, 0x08, 0x0c, 0x08, 0xff, 0x08, 0x08, 0x08, 0xff,
    0x08, 0x08, 0x08, 0xff, 0x10, 0x0c, 0x10, 0xff, 0x08, 0x08, 0x08, 0xff,
    0x08, 0x0c, 0x08, 0xff, 0x10, 0x0c, 0x10, 0xff, 0x08, 0x08, 0x08, 0xff,
    0x08, 0x0c, 0x08, 0xff, 0x08, 0x08, 0x08, 0xff, 0x10, 0x0c, 0x10, 0xff,
    0x08, 0x0c, 0x08, 0xff, 0x08, 0x08, 0x08, 0xff, 0x08, 0x0c, 0x08, 0xff,
    0x10, 0x0c, 0x10, 0xff, 0x08, 0x0c, 0x08, 0xff, 0x08, 0x08, 0x08, 0xff,
    0x38, 0x34, 0x38, 0xff, 0x30, 0x34, 0x30, 0xff, 0x30, 0x34, 0x30, 0xff,
    0x30, 0x30, 0x30, 0xff, 0x00, 0x00, 0x00, 0x00, 0x00, 0x00, 0x00, 0x00,
    0x00, 0x00, 0x00, 0x00, 0x00, 0x00, 0x00, 0x00, 0x00, 0x00, 0x00, 0x00,
    0x00, 0x00, 0x00, 0x00, 0x00, 0x00, 0x00, 0x00, 0x00, 0x00, 0x00, 0x00,
    0x58, 0x54, 0x58, 0xff, 0x50, 0x54, 0x50, 0xff, 0x58, 0x58, 0x58, 0xff,
    0x58, 0x54, 0x58, 0xff, 0x50, 0x58, 0x50, 0xff, 0x58, 0x54, 0x58, 0xff,
    0x58, 0x54, 0x58, 0xff, 0x50, 0x58, 0x50, 0xff, 0x58, 0x54, 0x58, 0xff,
    0x58, 0x54, 0x58, 0xff, 0x50, 0x58, 0x50, 0xff, 0x58, 0x54, 0x58, 0xff,
    0x58, 0x54, 0x58, 0xff, 0x50, 0x58, 0x50, 0xff, 0x50, 0x54, 0x50, 0xff,
    0x58, 0x58, 0x58, 0xff, 0x50, 0x58, 0x50, 0xff, 0x50, 0x54, 0x50, 0xff,
    0x50, 0x58, 0x50, 0xff, 0x58, 0x54, 0x58, 0xff, 0x08, 0x0c, 0x08, 0xff,
    0x08, 0x0c, 0x08, 0xff, 0x08, 0x08, 0x08, 0xff, 0x10, 0x0c, 0x10, 0xff,
    0x08, 0x08, 0x08, 0xff, 0x08, 0x0c, 0x08, 0xff, 0x10, 0x0c, 0x10, 0xff,
    0x08, 0x08, 0x08, 0xff, 0x08, 0x0c, 0x08, 0xff, 0x10, 0x08, 0x10, 0xff,
    0x08, 0x0c, 0x08, 0xff, 0x08, 0x0c, 0x08, 0xff, 0x10, 0x08, 0x10, 0xff,
    0x08, 0x0c, 0x08, 0xff, 0x08, 0x0c, 0x08, 0xff, 0x10, 0x08, 0x10, 0xff,
    0x08, 0x0c, 0x08, 0xff, 0x10, 0x0c, 0x10, 0xff, 0x08, 0x08, 0x08, 0xff,
    0x08, 0x0c, 0x08, 0xff, 0x08, 0x0c, 0x08, 0xff, 0x10, 0x08, 0x10, 0xff,
    0x08, 0x0c, 0x08, 0xff, 0x08, 0x08, 0x08, 0xff, 0x08, 0x0c, 0x08, 0xff,
    0x10, 0x0c, 0x10, 0xff, 0x08, 0x08, 0x08, 0xff, 0x08, 0x0c, 0x08, 0xff,
    0x10, 0x08, 0x10, 0xff, 0x08, 0x08, 0x08, 0xff, 0x08, 0x0c, 0x08, 0xff,
    0x10, 0x0c, 0x10, 0xff, 0x08, 0x08, 0x08, 0xff, 0x08, 0x0c, 0x08, 0xff,
    0x08, 0x08, 0x08, 0xff, 0x10, 0x08, 0x10, 0xff, 0x08, 0x08, 0x08, 0xff,
    0x08, 0x0c, 0x08, 0xff, 0x08, 0x0c, 0x08, 0xff, 0x10, 0x08, 0x10, 0xff,
    0x08, 0x08, 0x08, 0xff, 0x08, 0x0c, 0x08, 0xff, 0x08, 0x08, 0x08, 0xff,
    0x08, 0x08, 0x08, 0xff, 0x10, 0x0c, 0x10, 0xff, 0x08, 0x08, 0x08, 0xff,
    0x08, 0x08, 0x08, 0xff, 0x08, 0x0c, 0x08, 0xff, 0x38, 0x34, 0x38, 0xff,
    0x38, 0x34, 0x38, 0xff, 0x30, 0x34, 0x30, 0xff, 0x38, 0x34, 0x38, 0xff,
    0x00, 0x00, 0x00, 0x00, 0x00, 0x00, 0x00, 0x00, 0x00, 0x00, 0x00, 0x00,
    0x00, 0x00, 0x00, 0x00, 0x00, 0x00, 0x00, 0x00, 0x00, 0x00, 0x00, 0x00,
    0x00, 0x00, 0x00, 0x00, 0x00, 0x00, 0x00, 0x00, 0x58, 0x54, 0x58, 0xff,
    0x50, 0x54, 0x50, 0xff, 0x58, 0x54, 0x58, 0xff, 0x58, 0x54, 0x58, 0xff,
    0x50, 0x54, 0x50, 0xff, 0x58, 0x58, 0x58, 0xff, 0x58, 0x54, 0x58, 0xff,
    0x50, 0x54, 0x50, 0xff, 0x58, 0x54, 0x58, 0xff, 0x58, 0x54, 0x58, 0xff,
    0x58, 0x58, 0x58, 0xff, 0x50, 0x54, 0x50, 0xff, 0x58, 0x54, 0x58, 0xff,
    0x58, 0x54, 0x58, 0xff, 0x58, 0x54, 0x58, 0xff, 0x58, 0x54, 0x58, 0xff,
    0x58, 0x54, 0x58, 0xff, 0x58, 0x54, 0x58, 0xff, 0x58, 0x54, 0x58, 0xff,
    0x50, 0x54, 0x50, 0xff, 0x08, 0x0c, 0x08, 0xff, 0x08, 0x08, 0x08, 0xff,
    0x08, 0x0c, 0x08, 0xff, 0x08, 0x08, 0x08, 0xff, 0x10, 0x08, 0x10, 0xff,
    0x08, 0x0c, 0x08, 0xff, 0x08, 0x08, 0x08, 0xff, 0x08, 0x0c, 0x08, 0xff,
    0x08, 0x08, 0x08, 0xff, 0x08, 0x0c, 0x08, 0xff, 0x08, 0x08, 0x08, 0xff,
    0x08, 0x08, 0x08, 0xff, 0x08, 0x0c, 0x08, 0xff, 0x10, 0x08, 0x10, 0xff,
    0x08, 0x08, 0x08, 0xff, 0x08, 0x0c, 0x08, 0xff, 0x08, 0x08, 0x08, 0xff,
    0x10, 0x08, 0x10, 0xff, 0x08, 0x0c, 0x08, 0xff, 0x08, 0x08, 0x08, 0xff,
    0x10, 0x08, 0x10, 0xff, 0x08, 0x0c, 0x08, 0xff, 0x08, 0x08, 0x08, 0xff,
    0x08, 0x08, 0x08, 0xff, 0x10, 0x0c, 0x10, 0xff, 0x08, 0x08, 0x08, 0xff,
    0x08, 0x0c, 0x08, 0xff, 0x10, 0x0c, 0x10, 0xff, 0x08, 0x08, 0x08, 0xff,
    0x08, 0x0c, 0x08, 0xff, 0x08, 0x0c, 0x08, 0xff, 0x08, 0x08, 0x08, 0xff,
    0x10, 0x0c, 0x10, 0xff, 0x08, 0x0c, 0x08, 0xff, 0x08, 0x08, 0x08, 0xff,
    0x08, 0x0c, 0x08, 0xff, 0x10, 0x0c, 0x10, 0xff, 0x08, 0x08, 0x08, 0xff,
    0x08, 0x08, 0x08, 0xff, 0x08, 0x0c, 0x08, 0xff, 0x10, 0x0c, 0x10, 0xff,
    0x08, 0x08, 0x08, 0xff, 0x08, 0x0c, 0x08, 0xff, 0x10, 0x0c, 0x10, 0xff,
    0x08, 0x08, 0x08, 0xff, 0x08, 0x08, 0x08, 0xff, 0x08, 0x0c, 0x08, 0xff,
    0x08, 0x08, 0x08, 0xff, 0x38, 0x34, 0x38, 0xff, 0x30, 0x30, 0x30, 0xff,
    0x30, 0x34, 0x30, 0xff, 0x38, 0x34, 0x38, 0xff, 0x00, 0x00, 0x00, 0x00,
    0x00, 0x00, 0x00, 0x00, 0x00, 0x00, 0x00, 0x00, 0x00, 0x00, 0x00, 0x00,
    0x00, 0x00, 0x00, 0x00, 0x00, 0x00, 0x00, 0x00, 0x00, 0x00, 0x00, 0x00,
    0x00, 0x00, 0x00, 0x00, 0x00, 0x00, 0x00, 0x00, 0x00, 0x00, 0x00, 0x00,
    0x00, 0x00, 0x00, 0x00, 0x00, 0x00, 0x00, 0x00, 0x00, 0x00, 0x00, 0x00,
    0x00, 0x00, 0x00, 0x00, 0x00, 0x00, 0x00, 0x00, 0x00, 0x00, 0x00, 0x00,
    0x30, 0x34, 0x30, 0xff, 0x30, 0x34, 0x30, 0xff, 0x30, 0x34, 0x30, 0xff,
    0x30, 0x34, 0x30, 0xff, 0x08, 0x0c, 0x08, 0xff, 0x08, 0x0c, 0x08, 0xff,
    0x08, 0x0c, 0x08, 0xff, 0x08, 0x0c, 0x08, 0xff, 0x08, 0x0c, 0x08, 0xff,
    0x08, 0x0c, 0x08, 0xff, 0x08, 0x0c, 0x08, 0xff, 0x08, 0x08, 0x08, 0xff,
    0x10, 0x08, 0x10, 0xff, 0x08, 0x0c, 0x08, 0xff, 0x08, 0x0c, 0x08, 0xff,
    0x10, 0x08, 0x10, 0xff, 0x08, 0x0c, 0x08, 0xff, 0x08, 0x08, 0x08, 0xff,
    0x10, 0x0c, 0x10, 0xff, 0x08, 0x08, 0x08, 0xff, 0x10, 0x0c, 0x10, 0xff,
    0x08, 0x0c, 0x08, 0xff, 0x10, 0x08, 0x10, 0xff, 0x08, 0x0c, 0x08, 0xff,
    0x08, 0x0c, 0x08, 0xff, 0x08, 0x08, 0x08, 0xff, 0x08, 0x0c, 0x08, 0xff,
    0x08, 0x0c, 0x08, 0xff, 0x08, 0x08, 0x08, 0xff, 0x08, 0x0c, 0x08, 0xff,
    0x08, 0x0c, 0x08, 0xff, 0x08, 0x08, 0x08, 0xff, 0x08, 0x0c, 0x08, 0xff,
    0x08, 0x0c, 0x08, 0xff, 0x10, 0x08, 0x10, 0xff, 0x08, 0x0c, 0x08, 0xff,
    0x08, 0x08, 0x08, 0xff, 0x08, 0x08, 0x08, 0xff, 0x08, 0x0c, 0x08, 0xff,
    0x08, 0x08, 0x08, 0xff, 0x08, 0x08, 0x08, 0xff, 0x10, 0x0c, 0x10, 0xff,
    0x08, 0x08, 0x08, 0xff, 0x08, 0x08, 0x08, 0xff, 0x08, 0x08, 0x08, 0xff,
    0x10, 0x0c, 0x10, 0xff, 0x08, 0x08, 0x08, 0xff, 0x08, 0x0c, 0x08, 0xff,
    0x08, 0x0c, 0x08, 0xff, 0x10, 0x08, 0x10, 0xff, 0x08, 0x08, 0x08, 0xff,
    0x08, 0x0c, 0x08, 0xff, 0x08, 0x08, 0x08, 0xff, 0x10, 0x08, 0x10, 0xff,
    0x08, 0x0c, 0x08, 0xff, 0x08, 0x0c, 0x08, 0xff, 0x08, 0x08, 0x08, 0xff,
    0x10, 0x0c, 0x10, 0xff, 0x08, 0x0c, 0x08, 0xff, 0x08, 0x08, 0x08, 0xff,
    0x38, 0x34, 0x38, 0xff, 0x30, 0x34, 0x30, 0xff, 0x30, 0x30, 0x30, 0xff,
    0x30, 0x34, 0x30, 0xff, 0x00, 0x00, 0x00, 0x00, 0x00, 0x00, 0x00, 0x00,
    0x00, 0x00, 0x00, 0x00, 0x00, 0x00, 0x00, 0x00, 0x00, 0x00, 0x00, 0x00,
    0x00, 0x00, 0x00, 0x00, 0x00, 0x00, 0x00, 0x00, 0x00, 0x00, 0x00, 0x00,
    0x00, 0x00, 0x00, 0x00, 0x00, 0x00, 0x00, 0x00, 0x00, 0x00, 0x00, 0x00,
    0x00, 0x00, 0x00, 0x00, 0x00, 0x00, 0x00, 0x00, 0x00, 0x00, 0x00, 0x00,
    0x00, 0x00, 0x00, 0x00, 0x00, 0x00, 0x00, 0x00, 0x30, 0x34, 0x30, 0xff,
    0x30, 0x34, 0x30, 0xff, 0x38, 0x34, 0x38, 0xff, 0x30, 0x34, 0x30, 0xff,
    0x08, 0x08, 0x08, 0xff, 0x08, 0x08, 0x08, 0xff, 0x08, 0x0c, 0x08, 0xff,
    0x08, 0x08, 0x08, 0xff, 0x08, 0x08, 0x08, 0xff, 0x08, 0x0c, 0x08, 0xff,
    0x08, 0x0c, 0x08, 0xff, 0x08, 0x08, 0x08, 0xff, 0x10, 0x0c, 0x10, 0xff,
    0x08, 0x08, 0x08, 0xff, 0x08, 0x08, 0x08, 0xff, 0x08, 0x0c, 0x08, 0xff,
    0x08, 0x0c, 0x08, 0xff, 0x08, 0x08, 0x08, 0xff, 0x08, 0x08, 0x08, 0xff,
    0x10, 0x0c, 0x10, 0xff, 0x08, 0x08, 0x08, 0xff, 0x08, 0x08, 0x08, 0xff,
    0x08, 0x0c, 0x08, 0xff, 0x10, 0x08, 0x10, 0xff, 0x08, 0x08, 0x08, 0xff,
    0x10, 0x0c, 0x10, 0xff, 0x08, 0x08, 0x08, 0xff, 0x10, 0x08, 0x10, 0xff,
    0x10, 0x0c, 0x10, 0xff, 0x08, 0x08, 0x08, 0xff, 0x10, 0x08, 0x10, 0xff,
    0x08, 0x0c, 0x08, 0xff, 0x08, 0x08, 0x08, 0xff, 0x10, 0x08, 0x10, 0xff,
    0x08, 0x0c, 0x08, 0xff, 0x08, 0x0c, 0x08, 0xff, 0x10, 0x08, 0x10, 0xff,
    0x08, 0x0c, 0x08, 0xff, 0x10, 0x0c, 0x10, 0xff, 0x08, 0x08, 0x08, 0xff,
    0x08, 0x0c, 0x08, 0xff, 0x10, 0x0c, 0x10, 0xff, 0x08, 0x08, 0x08, 0xff,
    0x08, 0x0c, 0x08, 0xff, 0x08, 0x0c, 0x08, 0xff, 0x08, 0x08, 0x08, 0xff,
    0x10, 0x08, 0x10, 0xff, 0x08, 0x08, 0x08, 0xff, 0x08, 0x0c, 0x08, 0xff,
    0x08, 0x08, 0x08, 0xff, 0x10, 0x0c, 0x10, 0xff, 0x08, 0x0c, 0x08, 0xff,
    0x08, 0x08, 0x08, 0xff, 0x08, 0x0c, 0x08, 0xff, 0x10, 0x08, 0x10, 0xff,
    0x08, 0x08, 0x08, 0xff, 0x08, 0x0c, 0x08, 0xff, 0x10, 0x08, 0x10, 0xff,
    0x08, 0x08, 0x08, 0xff, 0x08, 0x0c, 0x08, 0xff, 0x38, 0x34, 0x38, 0xff,
    0x30, 0x34, 0x30, 0xff, 0x38, 0x34, 0x38, 0xff, 0x30, 0x30, 0x30, 0xff,
    0x00, 0x00, 0x00, 0x00, 0x00, 0x00, 0x00, 0x00, 0x00, 0x00, 0x00, 0x00,
    0x00, 0x00, 0x00, 0x00, 0x00, 0x00, 0x00, 0x00, 0x00, 0x00, 0x00, 0x00,
    0x00, 0x00, 0x00, 0x00, 0x00, 0x00, 0x00, 0x00, 0x00, 0x00, 0x00, 0x00,
    0x00, 0x00, 0x00, 0x00, 0x00, 0x00, 0x00, 0x00, 0x00, 0x00, 0x00, 0x00,
    0x00, 0x00, 0x00, 0x00, 0x00, 0x00, 0x00, 0x00, 0x00, 0x00, 0x00, 0x00,
    0x00, 0x00, 0x00, 0x00, 0x30, 0x34, 0x30, 0xff, 0x38, 0x34, 0x38, 0xff,
    0x38, 0x34, 0x38, 0xff, 0x30, 0x34, 0x30, 0xff, 0x08, 0x08, 0x08, 0xff,
    0x10, 0x08, 0x10, 0xff, 0x08, 0x0c, 0x08, 0xff, 0x08, 0x08, 0x08, 0xff,
    0x10, 0x08, 0x10, 0xff, 0x08, 0x08, 0x08, 0xff, 0x08, 0x08, 0x08, 0xff,
    0x08, 0x0c, 0x08, 0xff, 0x08, 0x0c, 0x08, 0xff, 0x10, 0x08, 0x10, 0xff,
    0x08, 0x08, 0x08, 0xff, 0x08, 0x0c, 0x08, 0xff, 0x10, 0x08, 0x10, 0xff,
    0x08, 0x0c, 0x08, 0xff, 0x08, 0x0c, 0x08, 0xff, 0x08, 0x08, 0x08, 0xff,
    0x08, 0x0c, 0x08, 0xff, 0x08, 0x08, 0x08, 0xff, 0x08, 0x0c, 0x08, 0xff,
    0x08, 0x0c, 0x08, 0xff, 0x08, 0x08, 0x08, 0xff, 0x08, 0x0c, 0x08, 0xff,
    0x08, 0x0c, 0x08, 0xff, 0x08, 0x08, 0x08, 0xff, 0x08, 0x0c, 0x08, 0xff,
    0x08, 0x0c, 0x08, 0xff, 0x10, 0x08, 0x10, 0xff, 0x08, 0x0c, 0x08, 0xff,
    0x08, 0x0c, 0x08, 0xff, 0x10, 0x08, 0x10, 0xff, 0x08, 0x0c, 0x08, 0xff,
    0x08, 0x08, 0x08, 0xff, 0x08, 0x0c, 0x08, 0xff, 0x08, 0x08, 0x08, 0xff,
    0x10, 0x08, 0x10, 0xff, 0x08, 0x0c, 0x08, 0xff, 0x08, 0x08, 0x08, 0xff,
    0x08, 0x08, 0x08, 0xff, 0x10, 0x0c, 0x10, 0xff, 0x08, 0x08, 0x08, 0xff,
    0x08, 0x0c, 0x08, 0xff, 0x10, 0x0c, 0x10, 0xff, 0x08, 0x08, 0x08, 0xff,
    0x08, 0x0c, 0x08, 0xff, 0x08, 0x08, 0x08, 0xff, 0x08, 0x0c, 0x08, 0xff,
    0x08, 0x08, 0x08, 0xff, 0x10, 0x08, 0x10, 0xff, 0x08, 0x0c, 0x08, 0xff,
    0x08, 0x0c, 0x08, 0xff, 0x08, 0x08, 0x08, 0xff, 0x08, 0x0c, 0x08, 0xff,
    0x08, 0x0c, 0x08, 0xff, 0x08, 0x08, 0x08, 0xff, 0x08, 0x08, 0x08, 0xff,
    0x08, 0x0c, 0x08, 0xff, 0x38, 0x34, 0x38, 0xff, 0x30, 0x30, 0x30, 0xff,
    0x30, 0x34, 0x30, 0xff, 0x38, 0x34, 0x38, 0xff, 0x00, 0x00, 0x00, 0x00,
    0x00, 0x00, 0x00, 0x00, 0x00, 0x00, 0x00, 0x00, 0x00, 0x00, 0x00, 0x00,
    0x00, 0x00, 0x00, 0x00, 0x00, 0x00, 0x00, 0x00, 0x00, 0x00, 0x00, 0x00,
    0x00, 0x00, 0x00, 0x00, 0x00, 0x00, 0x00, 0x00, 0x00, 0x00, 0x00, 0x00,
    0x00, 0x00, 0x00, 0x00, 0x00, 0x00, 0x00, 0x00, 0x00, 0x00, 0x00, 0x00,
    0x00, 0x00, 0x00, 0x00, 0x00, 0x00, 0x00, 0x00, 0x00, 0x00, 0x00, 0x00,
    0x30, 0x34, 0x30, 0xff, 0x30, 0x34, 0x30, 0xff, 0x38, 0x30, 0x38, 0xff,
    0x30, 0x34, 0x30, 0xff, 0x08, 0x0c, 0x08, 0xff, 0x10, 0x0c, 0x10, 0xff,
    0x08, 0x08, 0x08, 0xff, 0x08, 0x0c, 0x08, 0xff, 0x08, 0x0c, 0x08, 0xff,
    0x10, 0x0c, 0x10, 0xff, 0x08, 0x08, 0x08, 0xff, 0x08, 0x0c, 0x08, 0xff,
    0x10, 0x08, 0x10, 0xff, 0x08, 0x0c, 0x08, 0xff, 0x08, 0x0c, 0x08, 0xff,
    0x10, 0x08, 0x10, 0xff, 0x08, 0x08, 0x08, 0xff, 0x08, 0x0c, 0x08, 0xff,
    0x10, 0x08, 0x10, 0xff, 0x08, 0x0c, 0x08, 0xff, 0x10, 0x0c, 0x10, 0xff,
    0x10, 0x08, 0x10, 0xff, 0x08, 0x08, 0x08, 0xff, 0x08, 0x0c, 0x08, 0xff,
    0x10, 0x08, 0x10, 0xff, 0x08, 0x08, 0x08, 0xff, 0x08, 0x0c, 0x08, 0xff,
    0x10, 0x08, 0x10, 0xff, 0x08, 0x08, 0x08, 0xff, 0x08, 0x0c, 0x08, 0xff,
    0x08, 0x08, 0x08, 0xff, 0x08, 0x08, 0x08, 0xff, 0x08, 0x0c, 0x08, 0xff,
    0x08, 0x08, 0x08, 0xff, 0x08, 0x08, 0x08, 0xff, 0x10, 0x0c, 0x10, 0xff,
    0x08, 0x08, 0x08, 0xff, 0x08, 0x0c, 0x08, 0xff, 0x08, 0x0c, 0x08, 0xff,
    0x08, 0x08, 0x08, 0xff, 0x08, 0x0c, 0x08, 0xff, 0x08, 0x0c, 0x08, 0xff,
    0x10, 0x08, 0x10, 0xff, 0x08, 0x08, 0x08, 0xff, 0x08, 0x0c, 0x08, 0xff,
    0x10, 0x08, 0x10, 0xff, 0x08, 0x0c, 0x08, 0xff, 0x08, 0x0c, 0x08, 0xff,
    0x10, 0x08, 0x10, 0xff, 0x08, 0x0c, 0x08, 0xff, 0x08, 0x0c, 0x08, 0xff,
    0x08, 0x08, 0x08, 0xff, 0x10, 0x08, 0x10, 0xff, 0x08, 0x0c, 0x08, 0xff,
    0x08, 0x08, 0x08, 0xff, 0x10, 0x08, 0x10, 0xff, 0x10, 0x0c, 0x10, 0xff,
    0x08, 0x0c, 0x08, 0xff, 0x08, 0x08, 0x08, 0xff, 0x10, 0x08, 0x10, 0xff,
    0x30, 0x34, 0x30, 0xff, 0x30, 0x34, 0x30, 0xff, 0x38, 0x34, 0x38, 0xff,
    0x30, 0x34, 0x30, 0xff, 0x00, 0x00, 0x00, 0x00, 0x00, 0x00, 0x00, 0x00,
    0x00, 0x00, 0x00, 0x00, 0x00, 0x00, 0x00, 0x00, 0x00, 0x00, 0x00, 0x00,
    0x00, 0x00, 0x00, 0x00, 0x00, 0x00, 0x00, 0x00, 0x00, 0x00, 0x00, 0x00,
    0x00, 0x00, 0x00, 0x00, 0x00, 0x00, 0x00, 0x00, 0x00, 0x00, 0x00, 0x00,
    0x00, 0x00, 0x00, 0x00, 0x00, 0x00, 0x00, 0x00, 0x00, 0x00, 0x00, 0x00,
    0x00, 0x00, 0x00, 0x00, 0x00, 0x00, 0x00, 0x00, 0x30, 0x34, 0x30, 0xff,
    0x38, 0x34, 0x38, 0xff, 0x30, 0x30, 0x30, 0xff, 0x30, 0x34, 0x30, 0xff,
    0x08, 0x08, 0x08, 0xff, 0x08, 0x08, 0x08, 0xff, 0x08, 0x0c, 0x08, 0xff,
    0x08, 0x08, 0x08, 0xff, 0x10, 0x0c, 0x10, 0xff, 0x08, 0x08, 0x08, 0xff,
    0x08, 0x0c, 0x08, 0xff, 0x10, 0x08, 0x10, 0xff, 0x08, 0x08, 0x08, 0xff,
    0x08, 0x0c, 0x08, 0xff, 0x08, 0x0c, 0x08, 0xff, 0x08, 0x08, 0x08, 0xff,
    0x08, 0x0c, 0x08, 0xff, 0x10, 0x08, 0x10, 0xff, 0x08, 0x08, 0x08, 0xff,
    0x08, 0x0c, 0x08, 0xff, 0x08, 0x08, 0x08, 0xff, 0x08, 0x0c, 0x08, 0xff,
    0x08, 0x08, 0x08, 0xff, 0x10, 0x0c, 0x10, 0xff, 0x08, 0x0c, 0x08, 0xff,
    0x08, 0x08, 0x08, 0xff, 0x10, 0x0c, 0x10, 0xff, 0x08, 0x0c, 0x08, 0xff,
    0x08, 0x08, 0x08, 0xff, 0x10, 0x0c, 0x10, 0xff, 0x08, 0x0c, 0x08, 0xff,
    0x10, 0x08, 0x10, 0xff, 0x08, 0x0c, 0x08, 0xff, 0x08, 0x0c, 0x08, 0xff,
    0x10, 0x08, 0x10, 0xff, 0x08, 0x0c, 0x08, 0xff, 0x08, 0x08, 0x08, 0xff,
    0x10, 0x0c, 0x10, 0xff, 0x08, 0x08, 0x08, 0xff, 0x10, 0x08, 0x10, 0xff,
    0x08, 0x0c, 0x08, 0xff, 0x08, 0x0c, 0x08, 0xff, 0x08, 0x08, 0x08, 0xff,
    0x08, 0x0c, 0x08, 0xff, 0x08, 0x08, 0x08, 0xff, 0x08, 0x08, 0x08, 0xff,
    0x08, 0x0c, 0x08, 0xff, 0x10, 0x08, 0x10, 0xff, 0x08, 0x08, 0x08, 0xff,
    0x10, 0x0c, 0x10, 0xff, 0x08, 0x0c, 0x08, 0xff, 0x08, 0x08, 0x08, 0xff,
    0x08, 0x0c, 0x08, 0xff, 0x10, 0x0c, 0x10, 0xff, 0x08, 0x08, 0x08, 0xff,
    0x08, 0x08, 0x08, 0xff, 0x08, 0x0c, 0x08, 0xff, 0x08, 0x0c, 0x08, 0xff,
    0x10, 0x08, 0x10, 0xff, 0x08, 0x0c, 0x08, 0xff, 0x30, 0x34, 0x30, 0xff,
    0x38, 0x30, 0x38, 0xff, 0x30, 0x34, 0x30, 0xff, 0x30, 0x30, 0x30, 0xff,
    0x00, 0x00, 0x00, 0x00, 0x00, 0x00, 0x00, 0x00, 0x00, 0x00, 0x00, 0x00,
    0x00, 0x00, 0x00, 0x00, 0x00, 0x00, 0x00, 0x00, 0x00, 0x00, 0x00, 0x00,
    0x00, 0x00, 0x00, 0x00, 0x00, 0x00, 0x00, 0x00, 0x00, 0x00, 0x00, 0x00,
    0x00, 0x00, 0x00, 0x00, 0x00, 0x00, 0x00, 0x00, 0x00, 0x00, 0x00, 0x00,
    0x00, 0x00, 0x00, 0x00, 0x00, 0x00, 0x00, 0x00, 0x00, 0x00, 0x00, 0x00,
    0x00, 0x00, 0x00, 0x00, 0x30, 0x34, 0x30, 0xff, 0x38, 0x34, 0x38, 0xff,
    0x30, 0x34, 0x30, 0xff, 0x38, 0x34, 0x38, 0xff, 0x08, 0x08, 0x08, 0xff,
    0x10, 0x0c, 0x10, 0xff, 0x08, 0x08, 0x08, 0xff, 0x08, 0x0c, 0x08, 0xff,
    0x10, 0x08, 0x10, 0xff, 0x08, 0x08, 0x08, 0xff, 0x08, 0x0c, 0x08, 0xff,
    0x08, 0x0c, 0x08, 0xff, 0x08, 0x08, 0x08, 0xff, 0x10, 0x08, 0x10, 0xff,
    0x08, 0x0c, 0x08, 0xff, 0x08, 0x08, 0x08, 0xff, 0x10, 0x0c, 0x10, 0xff,
    0x08, 0x0c, 0x08, 0xff, 0x08, 0x08, 0x08, 0xff, 0x08, 0x0c, 0x08, 0xff,
    0x08, 0x08, 0x08, 0xff, 0x08, 0x0c, 0x08, 0xff, 0x10, 0x0c, 0x10, 0xff,
    0x08, 0x08, 0x08, 0xff, 0x08, 0x08, 0x08, 0xff, 0x08, 0x0c, 0x08, 0xff,
    0x08, 0x08, 0x08, 0xff, 0x08, 0x08, 0x08, 0xff, 0x08, 0x0c, 0x08, 0xff,
    0x08, 0x08, 0x08, 0xff, 0x08, 0x08, 0x08, 0xff, 0x10, 0x0c, 0x10, 0xff,
    0x08, 0x08, 0x08, 0xff, 0x08, 0x0c, 0x08, 0xff, 0x08, 0x0c, 0x08, 0xff,
    0x08, 0x08, 0x08, 0xff, 0x08, 0x0c, 0x08, 0xff, 0x08, 0x08, 0x08, 0xff,
    0x10, 0x0c, 0x10, 0xff, 0x08, 0x08, 0x08, 0xff, 0x08, 0x08, 0x08, 0xff,
    0x10, 0x0c, 0x10, 0xff, 0x08, 0x08, 0x08, 0xff, 0x10, 0x0c, 0x10, 0xff,
    0x08, 0x0c, 0x08, 0xff, 0x08, 0x08, 0x08, 0xff, 0x10, 0x0c, 0x10, 0xff,
    0x08, 0x08, 0x08, 0xff, 0x08, 0x08, 0x08, 0xff, 0x08, 0x0c, 0x08, 0xff,
    0x10, 0x08, 0x10, 0xff, 0x08, 0x08, 0x08, 0xff, 0x08, 0x0c, 0x08, 0xff,
    0x08, 0x08, 0x08, 0xff, 0x10, 0x0c, 0x10, 0xff, 0x08, 0x0c, 0x08, 0xff,
    0x08, 0x08, 0x08, 0xff, 0x08, 0x08, 0x08, 0xff, 0x08, 0x0c, 0x08, 0xff,
    0x08, 0x08, 0x08, 0xff, 0x38, 0x34, 0x38, 0xff, 0x38, 0x34, 0x38, 0xff,
    0x30, 0x34, 0x30, 0xff, 0x38, 0x34, 0x38, 0xff, 0x00, 0x00, 0x00, 0x00,
    0x00, 0x00, 0x00, 0x00, 0x00, 0x00, 0x00, 0x00, 0x00, 0x00, 0x00, 0x00,
    0x00, 0x00, 0x00, 0x00, 0x00, 0x00, 0x00, 0x00, 0x00, 0x00, 0x00, 0x00,
    0x00, 0x00, 0x00, 0x00, 0x00, 0x00, 0x00, 0x00, 0x00, 0x00, 0x00, 0x00,
    0x00, 0x00, 0x00, 0x00, 0x00, 0x00, 0x00, 0x00, 0x00, 0x00, 0x00, 0x00,
    0x00, 0x00, 0x00, 0x00, 0x00, 0x00, 0x00, 0x00, 0x00, 0x00, 0x00, 0x00,
    0x30, 0x34, 0x30, 0xff, 0x30, 0x30, 0x30, 0xff, 0x38, 0x34, 0x38, 0xff,
    0x30, 0x34, 0x30, 0xff, 0x08, 0x08, 0x08, 0xff, 0x10, 0x0c, 0x10, 0xff,
    0x08, 0x0c, 0x08, 0xff, 0x08, 0x08, 0x08, 0xff, 0x08, 0x0c, 0x08, 0xff,
    0x08, 0x0c, 0x08, 0xff, 0x10, 0x08, 0x10, 0xff, 0x08, 0x0c, 0x08, 0xff,
    0x08, 0x0c, 0x08, 0xff, 0x10, 0x08, 0x10, 0xff, 0x08, 0x0c, 0x08, 0xff,
    0x08, 0x08, 0x08, 0xff, 0x08, 0x08, 0x08, 0xff, 0x08, 0x0c, 0x08, 0xff,
    0x10, 0x0c, 0x10, 0xff, 0x10, 0x08, 0x10, 0xff, 0x08, 0x08, 0x08, 0xff,
    0x08, 0x0c, 0x08, 0xff, 0x10, 0x08, 0x10, 0xff, 0x08, 0x08, 0x08, 0xff,
    0x08, 0x0c, 0x08, 0xff, 0x10, 0x0c, 0x10, 0xff, 0x08, 0x08, 0x08, 0xff,
    0x10, 0x0c, 0x10, 0xff, 0x10, 0x0c, 0x10, 0xff, 0x08, 0x08, 0x08, 0xff,
    0x08, 0x0c, 0x08, 0xff, 0x08, 0x08, 0x08, 0xff, 0x10, 0x08, 0x10, 0xff,
    0x08, 0x08, 0x08, 0xff, 0x08, 0x0c, 0x08, 0xff, 0x10, 0x08, 0x10, 0xff,
    0x08, 0x08, 0x08, 0xff, 0x08, 0x0c, 0x08, 0xff, 0x08, 0x0c, 0x08, 0xff,
    0x08, 0x08, 0x08, 0xff, 0x10, 0x0c, 0x10, 0xff, 0x08, 0x08, 0x08, 0xff,
    0x08, 0x08, 0x08, 0xff, 0x10, 0x0c, 0x10, 0xff, 0x08, 0x08, 0x08, 0xff,
    0x08, 0x0c, 0x08, 0xff, 0x08, 0x0c, 0x08, 0xff, 0x08, 0x0c, 0x08, 0xff,
    0x08, 0x08, 0x08, 0xff, 0x08, 0x0c, 0x08, 0xff, 0x08, 0x08, 0x08, 0xff,
    0x10, 0x0c, 0x10, 0xff, 0x08, 0x08, 0x08, 0xff, 0x08, 0x08, 0x08, 0xff,
    0x08, 0x0c, 0x08, 0xff, 0x10, 0x08, 0x10, 0xff, 0x08, 0x08, 0x08, 0xff,
    0x10, 0x0c, 0x10, 0xff, 0x08, 0x08, 0x08, 0xff, 0x08, 0x08, 0x08, 0xff,
    0x38, 0x34, 0x38, 0xff, 0x30, 0x34, 0x30, 0xff, 0x30, 0x30, 0x30, 0xff,
    0x38, 0x34, 0x38, 0xff, 0x00, 0x00, 0x00, 0x00, 0x00, 0x00, 0x00, 0x00,
    0x00, 0x00, 0x00, 0x00, 0x00, 0x00, 0x00, 0x00, 0x00, 0x00, 0x00, 0x00,
    0x00, 0x00, 0x00, 0x00, 0x00, 0x00, 0x00, 0x00, 0x00, 0x00, 0x00, 0x00,
    0x00, 0x00, 0x00, 0x00, 0x00, 0x00, 0x00, 0x00, 0x00, 0x00, 0x00, 0x00,
    0x00, 0x00, 0x00, 0x00, 0x00, 0x00, 0x00, 0x00, 0x00, 0x00, 0x00, 0x00,
    0x00, 0x00, 0x00, 0x00, 0x00, 0x00, 0x00, 0x00, 0x38, 0x34, 0x38, 0xff,
    0x30, 0x34, 0x30, 0xff, 0x38, 0x34, 0x38, 0xff, 0x30, 0x34, 0x30, 0xff,
    0x08, 0x08, 0x08, 0xff, 0x08, 0x08, 0x08, 0xff, 0x08, 0x0c, 0x08, 0xff,
    0x10, 0x08, 0x10, 0xff, 0x08, 0x08, 0x08, 0xff, 0x08, 0x0c, 0x08, 0xff,
    0x10, 0x08, 0x10, 0xff, 0x08, 0x08, 0x08, 0xff, 0x08, 0x0c, 0x08, 0xff,
    0x08, 0x08, 0x08, 0xff, 0x10, 0x0c, 0x10, 0xff, 0x08, 0x0c, 0x08, 0xff,
    0x08, 0x08, 0x08, 0xff, 0x08, 0x08, 0x08, 0xff, 0x08, 0x0c, 0x08, 0xff,
    0x08, 0x08, 0x08, 0xff, 0x08, 0x0c, 0x08, 0xff, 0x08, 0x0c, 0x08, 0xff,
    0x08, 0x08, 0x08, 0xff, 0x08, 0x0c, 0x08, 0xff, 0x10, 0x0c, 0x10, 0xff,
    0x08, 0x08, 0x08, 0xff, 0x08, 0x08, 0x08, 0xff, 0x08, 0x0c, 0x08, 0xff,
    0x08, 0x08, 0x08, 0xff, 0x08, 0x0c, 0x08, 0xff, 0x10, 0x0c, 0x10, 0xff,
    0x08, 0x0c, 0x08, 0xff, 0x08, 0x08, 0x08, 0xff, 0x10, 0x0c, 0x10, 0xff,
    0x08, 0x0c, 0x08, 0xff, 0x08, 0x08, 0x08, 0xff, 0x10, 0x0c, 0x10, 0xff,
    0x08, 0x08, 0x08, 0xff, 0x08, 0x08, 0x08, 0xff, 0x10, 0x0c, 0x10, 0xff,
    0x08, 0x0c, 0x08, 0xff, 0x08, 0x08, 0x08, 0xff, 0x08, 0x0c, 0x08, 0xff,
    0x08, 0x08, 0x08, 0xff, 0x10, 0x08, 0x10, 0xff, 0x08, 0x08, 0x08, 0xff,
    0x08, 0x0c, 0x08, 0xff, 0x10, 0x08, 0x10, 0xff, 0x10, 0x0c, 0x10, 0xff,
    0x08, 0x08, 0x08, 0xff, 0x08, 0x0c, 0x08, 0xff, 0x08, 0x0c, 0x08, 0xff,
    0x10, 0x08, 0x10, 0xff, 0x08, 0x0c, 0x08, 0xff, 0x08, 0x0c, 0x08, 0xff,
    0x08, 0x08, 0x08, 0xff, 0x08, 0x0c, 0x08, 0xff, 0x10, 0x0c, 0x10, 0xff,
    0x08, 0x0c, 0x08, 0xff, 0x08, 0x08, 0x08, 0xff, 0x30, 0x34, 0x30, 0xff,
    0x30, 0x34, 0x30, 0xff, 0x30, 0x34, 0x30, 0xff, 0x30, 0x30, 0x30, 0xff,
    0x00, 0x00, 0x00, 0x00, 0x00, 0x00, 0x00, 0x00, 0x00, 0x00, 0x00, 0x00,
    0x00, 0x00, 0x00, 0x00, 0x00, 0x00, 0x00, 0x00, 0x00, 0x00, 0x00, 0x00,
    0x00, 0x00, 0x00, 0x00, 0x00, 0x00, 0x00, 0x00, 0x00, 0x00, 0x00, 0x00,
    0x00, 0x00, 0x00, 0x00, 0x00, 0x00, 0x00, 0x00, 0x00, 0x00, 0x00, 0x00,
    0x00, 0x00, 0x00, 0x00, 0x00, 0x00, 0x00, 0x00, 0x00, 0x00, 0x00, 0x00,
    0x00, 0x00, 0x00, 0x00, 0x30, 0x34, 0x30, 0xff, 0x30, 0x34, 0x30, 0xff,
    0x38, 0x30, 0x38, 0xff, 0x38, 0x34, 0x38, 0xff, 0x08, 0x08, 0x08, 0xff,
    0x08, 0x0c, 0x08, 0xff, 0x10, 0x08, 0x10, 0xff, 0x08, 0x0c, 0x08, 0xff,
    0x08, 0x08, 0x08, 0xff, 0x08, 0x0c, 0x08, 0xff, 0x08, 0x0c, 0x08, 0xff,
    0x08, 0x08, 0x08, 0xff, 0x08, 0x08, 0x08, 0xff, 0x08, 0x0c, 0x08, 0xff,
    0x08, 0x08, 0x08, 0xff, 0x10, 0x0c, 0x10, 0xff, 0x08, 0x0c, 0x08, 0xff,
    0x10, 0x08, 0x10, 0xff, 0x08, 0x0c, 0x08, 0xff, 0x08, 0x08, 0x08, 0xff,
    0x10, 0x08, 0x10, 0xff, 0x10, 0x0c, 0x10, 0xff, 0x08, 0x08, 0x08, 0xff,
    0x08, 0x08, 0x08, 0xff, 0x08, 0x0c, 0x08, 0xff, 0x08, 0x08, 0x08, 0xff,
    0x08, 0x0c, 0x08, 0xff, 0x10, 0x08, 0x10, 0xff, 0x08, 0x08, 0x08, 0xff,
    0x08, 0x08, 0x08, 0xff, 0x08, 0x0c, 0x08, 0xff, 0x08, 0x08, 0x08, 0xff,
    0x08, 0x0c, 0x08, 0xff, 0x08, 0x08, 0x08, 0xff, 0x08, 0x08, 0x08, 0xff,
    0x08, 0x0c, 0x08, 0xff, 0x10, 0x0c, 0x10, 0xff, 0x08, 0x08, 0x08, 0xff,
    0x08, 0x0c, 0x08, 0xff, 0x08, 0x08, 0x08, 0xff, 0x08, 0x08, 0x08, 0xff,
    0x10, 0x0c, 0x10, 0xff, 0x08, 0x0c, 0x08, 0xff, 0x08, 0x0c, 0x08, 0xff,
    0x08, 0x08, 0x08, 0xff, 0x10, 0x0c, 0x10, 0xff, 0x08, 0x08, 0x08, 0xff,
    0x08, 0x08, 0x08, 0xff, 0x08, 0x0c, 0x08, 0xff, 0x10, 0x08, 0x10, 0xff,
    0x08, 0x08, 0x08, 0xff, 0x08, 0x0c, 0x08, 0xff, 0x08, 0x08, 0x08, 0xff,
    0x10, 0x0c, 0x10, 0xff, 0x08, 0x08, 0x08, 0xff, 0x08, 0x0c, 0x08, 0xff,
    0x08, 0x08, 0x08, 0xff, 0x08, 0x08, 0x08, 0xff, 0x10, 0x0c, 0x10, 0xff,
    0x08, 0x08, 0x08, 0xff, 0x38, 0x34, 0x38, 0xff, 0x38, 0x34, 0x38, 0xff,
    0x30, 0x34, 0x30, 0xff, 0x38, 0x34, 0x38, 0xff, 0x00, 0x00, 0x00, 0x00,
    0x00, 0x00, 0x00, 0x00, 0x00, 0x00, 0x00, 0x00, 0x00, 0x00, 0x00, 0x00,
    0x00, 0x00, 0x00, 0x00, 0x00, 0x00, 0x00, 0x00, 0x00, 0x00, 0x00, 0x00,
    0x00, 0x00, 0x00, 0x00, 0x00, 0x00, 0x00, 0x00, 0x00, 0x00, 0x00, 0x00,
    0x00, 0x00, 0x00, 0x00, 0x00, 0x00, 0x00, 0x00, 0x00, 0x00, 0x00, 0x00,
    0x00, 0x00, 0x00, 0x00, 0x00, 0x00, 0x00, 0x00, 0x00, 0x00, 0x00, 0x00,
    0x30, 0x34, 0x30, 0xff, 0x30, 0x30, 0x30, 0xff, 0x30, 0x34, 0x30, 0xff,
    0x38, 0x34, 0x38, 0xff, 0x08, 0x08, 0x08, 0xff, 0x08, 0x0c, 0x08, 0xff,
    0x08, 0x0c, 0x08, 0xff, 0x08, 0x08, 0x08, 0xff, 0x10, 0x0c, 0x10, 0xff,
    0x08, 0x08, 0x08, 0xff, 0x10, 0x0c, 0x10, 0xff, 0x08, 0x0c, 0x08, 0xff,
    0x10, 0x08, 0x10, 0xff, 0x08, 0x0c, 0x08, 0xff, 0x08, 0x08, 0x08, 0xff,
    0x08, 0x08, 0x08, 0xff, 0x10, 0x0c, 0x10, 0xff, 0x08, 0x08, 0x08, 0xff,
    0x08, 0x0c, 0x08, 0xff, 0x08, 0x0c, 0x08, 0xff, 0x08, 0x08, 0x08, 0xff,
    0x08, 0x0c, 0x08, 0xff, 0x10, 0x0c, 0x10, 0xff, 0x08, 0x08, 0x08, 0xff,
    0x08, 0x08, 0x08, 0xff, 0x10, 0x0c, 0x10, 0xff, 0x08, 0x0c, 0x08, 0xff,
    0x08, 0x0c, 0x08, 0xff, 0x10, 0x08, 0x10, 0xff, 0x08, 0x0c, 0x08, 0xff,
    0x08, 0x08, 0x08, 0xff, 0x10, 0x08, 0x10, 0xff, 0x08, 0x0c, 0x08, 0xff,
    0x10, 0x0c, 0x10, 0xff, 0x08, 0x08, 0x08, 0xff, 0x08, 0x08, 0x08, 0xff,
    0x08, 0x0c, 0x08, 0xff, 0x10, 0x0c, 0x10, 0xff, 0x08, 0x08, 0x08, 0xff,
    0x08, 0x0c, 0x08, 0xff, 0x10, 0x08, 0x10, 0xff, 0x08, 0x08, 0x08, 0xff,
    0x08, 0x0c, 0x08, 0xff, 0x08, 0x08, 0x08, 0xff, 0x08, 0x0c, 0x08, 0xff,
    0x08, 0x0c, 0x08, 0xff, 0x10, 0x08, 0x10, 0xff, 0x08, 0x0c, 0x08, 0xff,
    0x08, 0x0c, 0x08, 0xff, 0x08, 0x08, 0x08, 0xff, 0x10, 0x0c, 0x10, 0xff,
    0x08, 0x08, 0x08, 0xff, 0x08, 0x0c, 0x08, 0xff, 0x08, 0x08, 0x08, 0xff,
    0x10, 0x08, 0x10, 0xff, 0x08, 0x0c, 0x08, 0xff, 0x08, 0x0c, 0x08, 0xff,
    0x10, 0x08, 0x10, 0xff, 0x08, 0x08, 0x08, 0xff, 0x08, 0x0c, 0x08, 0xff,
    0x38, 0x34, 0x38, 0xff, 0x30, 0x30, 0x30, 0xff, 0x30, 0x34, 0x30, 0xff,
    0x38, 0x34, 0x38, 0xff, 0x00, 0x00, 0x00, 0x00, 0x00, 0x00, 0x00, 0x00,
    0x00, 0x00, 0x00, 0x00, 0x00, 0x00, 0x00, 0x00, 0x00, 0x00, 0x00, 0x00,
    0x00, 0x00, 0x00, 0x00, 0x00, 0x00, 0x00, 0x00, 0x00, 0x00, 0x00, 0x00,
    0x00, 0x00, 0x00, 0x00, 0x00, 0x00, 0x00, 0x00, 0x00, 0x00, 0x00, 0x00,
    0x00, 0x00, 0x00, 0x00, 0x00, 0x00, 0x00, 0x00, 0x00, 0x00, 0x00, 0x00,
    0x00, 0x00, 0x00, 0x00, 0x00, 0x00, 0x00, 0x00, 0x38, 0x34, 0x38, 0xff,
    0x38, 0x34, 0x38, 0xff, 0x30, 0x34, 0x30, 0xff, 0x30, 0x34, 0x30, 0xff,
    0x08, 0x08, 0x08, 0xff, 0x10, 0x08, 0x10, 0xff, 0x08, 0x0c, 0x08, 0xff,
    0x08, 0x08, 0x08, 0xff, 0x08, 0x08, 0x08, 0xff, 0x10, 0x0c, 0x10, 0xff,
    0x08, 0x08, 0x08, 0xff, 0x08, 0x08, 0x08, 0xff, 0x10, 0x0c, 0x10, 0xff,
    0x08, 0x0c, 0x08, 0xff, 0x08, 0x08, 0x08, 0xff, 0x08, 0x0c, 0x08, 0xff,
    0x08, 0x08, 0x08, 0xff, 0x08, 0x08, 0x08, 0xff, 0x10, 0x0c, 0x10, 0xff,
    0x08, 0x08, 0x08, 0xff, 0x08, 0x08, 0x08, 0xff, 0x08, 0x0c, 0x08, 0xff,
    0x08, 0x0c, 0x08, 0xff, 0x10, 0x08, 0x10, 0xff, 0x08, 0x0c, 0x08, 0xff,
    0x08, 0x08, 0x08, 0xff, 0x10, 0x08, 0x10, 0xff, 0x08, 0x0c, 0x08, 0xff,
    0x08, 0x0c, 0x08, 0xff, 0x10, 0x08, 0x10, 0xff, 0x08, 0x0c, 0x08, 0xff,
    0x08, 0x0c, 0x08, 0xff, 0x10, 0x08, 0x10, 0xff, 0x08, 0x0c, 0x08, 0xff,
    0x08, 0x0c, 0x08, 0xff, 0x10, 0x08, 0x10, 0xff, 0x08, 0x08, 0x08, 0xff,
    0x08, 0x0c, 0x08, 0xff, 0x10, 0x08, 0x10, 0xff, 0x08, 0x0c, 0x08, 0xff,
    0x08, 0x0c, 0x08, 0xff, 0x08, 0x08, 0x08, 0xff, 0x10, 0x08, 0x10, 0xff,
    0x10, 0x0c, 0x10, 0xff, 0x08, 0x08, 0x08, 0xff, 0x08, 0x08, 0x08, 0xff,
    0x08, 0x0c, 0x08, 0xff, 0x10, 0x08, 0x10, 0xff, 0x08, 0x0c, 0x08, 0xff,
    0x08, 0x0c, 0x08, 0xff, 0x08, 0x08, 0x08, 0xff, 0x10, 0x0c, 0x10, 0xff,
    0x08, 0x0c, 0x08, 0xff, 0x08, 0x08, 0x08, 0xff, 0x10, 0x0c, 0x10, 0xff,
    0x08, 0x08, 0x08, 0xff, 0x08, 0x0c, 0x08, 0xff, 0x08, 0x0c, 0x08, 0xff,
    0x08, 0x08, 0x08, 0xff, 0x08, 0x0c, 0x08, 0xff, 0x30, 0x34, 0x30, 0xff,
    0x30, 0x30, 0x30, 0xff, 0x38, 0x34, 0x38, 0xff, 0x30, 0x34, 0x30, 0xff,
    0x00, 0x00, 0x00, 0x00, 0x00, 0x00, 0x00, 0x00, 0x00, 0x00, 0x00, 0x00,
    0x00, 0x00, 0x00, 0x00, 0x00, 0x00, 0x00, 0x00, 0x00, 0x00, 0x00, 0x00,
    0x00, 0x00, 0x00, 0x00, 0x00, 0x00, 0x00, 0x00, 0x00, 0x00, 0x00, 0x00,
    0x00, 0x00, 0x00, 0x00, 0x00, 0x00, 0x00, 0x00, 0x00, 0x00, 0x00, 0x00,
    0x00, 0x00, 0x00, 0x00, 0x00, 0x00, 0x00, 0x00, 0x00, 0x00, 0x00, 0x00,
    0x00, 0x00, 0x00, 0x00, 0x30, 0x34, 0x30, 0xff, 0x30, 0x34, 0x30, 0xff,
    0x38, 0x30, 0x38, 0xff, 0x30, 0x34, 0x30, 0xff, 0x08, 0x08, 0x08, 0xff,
    0x10, 0x0c, 0x10, 0xff, 0x08, 0x0c, 0x08, 0xff, 0x08, 0x08, 0x08, 0xff,
    0x08, 0x0c, 0x08, 0xff, 0x08, 0x0c, 0x08, 0xff, 0x08, 0x08, 0x08, 0xff,
    0x08, 0x08, 0x08, 0xff, 0x08, 0x0c, 0x08, 0xff, 0x10, 0x08, 0x10, 0xff,
    0x08, 0x0c, 0x08, 0xff, 0x10, 0x0c, 0x10, 0xff, 0x08, 0x08, 0x08, 0xff,
    0x08, 0x0c, 0x08, 0xff, 0x10, 0x0c, 0x10, 0xff, 0x08, 0x08, 0x08, 0xff,
    0x10, 0x0c, 0x10, 0xff, 0x08, 0x08, 0x08, 0xff, 0x08, 0x08, 0x08, 0xff,
    0x08, 0x0c, 0x08, 0xff, 0x08, 0x0c, 0x08, 0xff, 0x08, 0x08, 0x08, 0xff,
    0x08, 0x08, 0x08, 0xff, 0x08, 0x0c, 0x08, 0xff, 0x08, 0x08, 0x08, 0xff,
    0x08, 0x08, 0x08, 0xff, 0x08, 0x0c, 0x08, 0xff, 0x08, 0x08, 0x08, 0xff,
    0x08, 0x08, 0x08, 0xff, 0x08, 0x08, 0x08, 0xff, 0x08, 0x0c, 0x08, 0xff,
    0x10, 0x0c, 0x10, 0xff, 0x08, 0x08, 0x08, 0xff, 0x08, 0x08, 0x08, 0xff,
    0x08, 0x0c, 0x08, 0xff, 0x08, 0x08, 0x08, 0xff, 0x08, 0x0c, 0x08, 0xff,
    0x08, 0x0c, 0x08, 0xff, 0x08, 0x08, 0x08, 0xff, 0x08, 0x0c, 0x08, 0xff,
    0x10, 0x0c, 0x10, 0xff, 0x08, 0x08, 0x08, 0xff, 0x08, 0x0c, 0x08, 0xff,
    0x08, 0x08, 0x08, 0xff, 0x08, 0x08, 0x08, 0xff, 0x08, 0x0c, 0x08, 0xff,
    0x08, 0x08, 0x08, 0xff, 0x08, 0x08, 0x08, 0xff, 0x08, 0x0c, 0x08, 0xff,
    0x08, 0x08, 0x08, 0xff, 0x08, 0x0c, 0x08, 0xff, 0x10, 0x08, 0x10, 0xff,
    0x08, 0x08, 0x08, 0xff, 0x08, 0x0c, 0x08, 0xff, 0x10, 0x08, 0x10, 0xff,
    0x08, 0x08, 0x08, 0xff, 0x38, 0x34, 0x38, 0xff, 0x38, 0x34, 0x38, 0xff,
    0x30, 0x34, 0x30, 0xff, 0x30, 0x30, 0x30, 0xff, 0x00, 0x00, 0x00, 0x00,
    0x00, 0x00, 0x00, 0x00, 0x00, 0x00, 0x00, 0x00, 0x00, 0x00, 0x00, 0x00,
    0x00, 0x00, 0x00, 0x00, 0x00, 0x00, 0x00, 0x00, 0x00, 0x00, 0x00, 0x00,
    0x00, 0x00, 0x00, 0x00, 0x00, 0x00, 0x00, 0x00, 0x00, 0x00, 0x00, 0x00,
    0x00, 0x00, 0x00, 0x00, 0x00, 0x00, 0x00, 0x00, 0x00, 0x00, 0x00, 0x00,
    0x00, 0x00, 0x00, 0x00, 0x00, 0x00, 0x00, 0x00, 0x00, 0x00, 0x00, 0x00,
    0x30, 0x34, 0x30, 0xff, 0x30, 0x30, 0x30, 0xff, 0x38, 0x34, 0x38, 0xff,
    0x38, 0x34, 0x38, 0xff, 0x08, 0x08, 0x08, 0xff, 0x08, 0x0c, 0x08, 0xff,
    0x08, 0x08, 0x08, 0xff, 0x10, 0x08, 0x10, 0xff, 0x10, 0x0c, 0x10, 0xff,
    0x08, 0x08, 0x08, 0xff, 0x08, 0x0c, 0x08, 0xff, 0x10, 0x0c, 0x10, 0xff,
    0x08, 0x08, 0x08, 0xff, 0x08, 0x08, 0x08, 0xff, 0x08, 0x0c, 0x08, 0xff,
    0x10, 0x08, 0x10, 0xff, 0x08, 0x08, 0x08, 0xff, 0x08, 0x0c, 0x08, 0xff,
    0x08, 0x08, 0x08, 0xff, 0x08, 0x0c, 0x08, 0xff, 0x08, 0x0c, 0x08, 0xff,
    0x10, 0x08, 0x10, 0xff, 0x08, 0x08, 0x08, 0xff, 0x10, 0x0c, 0x10, 0xff,
    0x08, 0x08, 0x08, 0xff, 0x10, 0x0c, 0x10, 0xff, 0x08, 0x0c, 0x08, 0xff,
    0x10, 0x08, 0x10, 0xff, 0x08, 0x0c, 0x08, 0xff, 0x08, 0x0c, 0x08, 0xff,
    0x10, 0x08, 0x10, 0xff, 0x08, 0x0c, 0x08, 0xff, 0x10, 0x0c, 0x10, 0xff,
    0x08, 0x08, 0x08, 0xff, 0x08, 0x08, 0x08, 0xff, 0x08, 0x0c, 0x08, 0xff,
    0x08, 0x0c, 0x08, 0xff, 0x10, 0x08, 0x10, 0xff, 0x08, 0x0c, 0x08, 0xff,
    0x10, 0x08, 0x10, 0xff, 0x10, 0x08, 0x10, 0xff, 0x08, 0x0c, 0x08, 0xff,
    0x08, 0x08, 0x08, 0xff, 0x08, 0x0c, 0x08, 0xff, 0x08, 0x08, 0x08, 0xff,
    0x10, 0x0c, 0x10, 0xff, 0x08, 0x0c, 0x08, 0xff, 0x08, 0x08, 0x08, 0xff,
    0x10, 0x0c, 0x10, 0xff, 0x10, 0x08, 0x10, 0xff, 0x08, 0x0c, 0x08, 0xff,
    0x10, 0x08, 0x10, 0xff, 0x08, 0x08, 0x08, 0xff, 0x08, 0x0c, 0x08, 0xff,
    0x10, 0x0c, 0x10, 0xff, 0x08, 0x08, 0x08, 0xff, 0x08, 0x0c, 0x08, 0xff,
    0x10, 0x0c, 0x10, 0xff, 0x08, 0x08, 0x08, 0xff, 0x08, 0x08, 0x08, 0xff,
    0x30, 0x34, 0x30, 0xff, 0x38, 0x34, 0x38, 0xff, 0x30, 0x34, 0x30, 0xff,
    0x30, 0x34, 0x30, 0xff, 0x00, 0x00, 0x00, 0x00, 0x00, 0x00, 0x00, 0x00,
    0x00, 0x00, 0x00, 0x00, 0x00, 0x00, 0x00, 0x00, 0x00, 0x00, 0x00, 0x00,
    0x00, 0x00, 0x00, 0x00, 0x00, 0x00, 0x00, 0x00, 0x00, 0x00, 0x00, 0x00,
    0x00, 0x00, 0x00, 0x00, 0x00, 0x00, 0x00, 0x00, 0x00, 0x00, 0x00, 0x00,
    0x00, 0x00, 0x00, 0x00, 0x00, 0x00, 0x00, 0x00, 0x00, 0x00, 0x00, 0x00,
    0x00, 0x00, 0x00, 0x00, 0x00, 0x00, 0x00, 0x00, 0x38, 0x34, 0x38, 0xff,
    0x30, 0x34, 0x30, 0xff, 0x30, 0x34, 0x30, 0xff, 0x30, 0x34, 0x30, 0xff,
    0x08, 0x08, 0x08, 0xff, 0x08, 0x0c, 0x08, 0xff, 0x08, 0x08, 0x08, 0xff,
    0x08, 0x0c, 0x08, 0xff, 0x08, 0x08, 0x08, 0xff, 0x08, 0x08, 0x08, 0xff,
    0x10, 0x0c, 0x10, 0xff, 0x08, 0x0c, 0x08, 0xff, 0x08, 0x08, 0x08, 0xff,
    0x08, 0x0c, 0x08, 0xff, 0x08, 0x08, 0x08, 0xff, 0x08, 0x0c, 0x08, 0xff,
    0x10, 0x0c, 0x10, 0xff, 0x08, 0x08, 0x08, 0xff, 0x08, 0x08, 0x08, 0xff,
    0x10, 0x0c, 0x10, 0xff, 0x08, 0x08, 0x08, 0xff, 0x08, 0x0c, 0x08, 0xff,
    0x08, 0x0c, 0x08, 0xff, 0x08, 0x08, 0x08, 0xff, 0x10, 0x08, 0x10, 0xff,
    0x08, 0x0c, 0x08, 0xff, 0x08, 0x08, 0x08, 0xff, 0x08, 0x08, 0x08, 0xff,
    0x10, 0x0c, 0x10, 0xff, 0x08, 0x08, 0x08, 0xff, 0x08, 0x08, 0x08, 0xff,
    0x10, 0x0c, 0x10, 0xff, 0x08, 0x0c, 0x08, 0xff, 0x08, 0x08, 0x08, 0xff,
    0x10, 0x0c, 0x10, 0xff, 0x08, 0x08, 0x08, 0xff, 0x08, 0x08, 0x08, 0xff,
    0x08, 0x0c, 0x08, 0xff, 0x08, 0x0c, 0x08, 0xff, 0x08, 0x08, 0x08, 0xff,
    0x08, 0x0c, 0x08, 0xff, 0x10, 0x08, 0x10, 0xff, 0x08, 0x0c, 0x08, 0xff,
    0x08, 0x08, 0x08, 0xff, 0x10, 0x08, 0x10, 0xff, 0x08, 0x0c, 0x08, 0xff,
    0x08, 0x08, 0x08, 0xff, 0x08, 0x0c, 0x08, 0xff, 0x08, 0x08, 0x08, 0xff,
    0x08, 0x0c, 0x08, 0xff, 0x08, 0x0c, 0x08, 0xff, 0x10, 0x0c, 0x10, 0xff,
    0x08, 0x08, 0x08, 0xff, 0x08, 0x0c, 0x08, 0xff, 0x10, 0x08, 0x10, 0xff,
    0x08, 0x08, 0x08, 0xff, 0x08, 0x0c, 0x08, 0xff, 0x08, 0x08, 0x08, 0xff,
    0x08, 0x0c, 0x08, 0xff, 0x08, 0x0c, 0x08, 0xff, 0x38, 0x34, 0x38, 0xff,
    0x30, 0x30, 0x30, 0xff, 0x38, 0x34, 0x38, 0xff, 0x38, 0x34, 0x38, 0xff,
    0x00, 0x00, 0x00, 0x00, 0x00, 0x00, 0x00, 0x00, 0x00, 0x00, 0x00, 0x00,
    0x00, 0x00, 0x00, 0x00, 0x00, 0x00, 0x00, 0x00, 0x00, 0x00, 0x00, 0x00,
    0x00, 0x00, 0x00, 0x00, 0x00, 0x00, 0x00, 0x00, 0x00, 0x00, 0x00, 0x00,
    0x00, 0x00, 0x00, 0x00, 0x00, 0x00, 0x00, 0x00, 0x00, 0x00, 0x00, 0x00,
    0x00, 0x00, 0x00, 0x00, 0x00, 0x00, 0x00, 0x00, 0x00, 0x00, 0x00, 0x00,
    0x00, 0x00, 0x00, 0x00, 0x30, 0x34, 0x30, 0xff, 0x38, 0x30, 0x38, 0xff,
    0x30, 0x34, 0x30, 0xff, 0x38, 0x34, 0x38, 0xff, 0x08, 0x08, 0x08, 0xff,
    0x10, 0x08, 0x10, 0xff, 0x08, 0x0c, 0x08, 0xff, 0x08, 0x0c, 0x08, 0xff,
    0x08, 0x0c, 0x08, 0xff, 0x10, 0x08, 0x10, 0xff, 0x08, 0x08, 0x08, 0xff,
    0x08, 0x0c, 0x08, 0xff, 0x10, 0x08, 0x10, 0xff, 0x08, 0x0c, 0x08, 0xff,
    0x08, 0x08, 0x08, 0xff, 0x10, 0x08, 0x10, 0xff, 0x08, 0x0c, 0x08, 0xff,
    0x08, 0x0c, 0x08, 0xff, 0x10, 0x08, 0x10, 0xff, 0x08, 0x08, 0x08, 0xff,
    0x08, 0x0c, 0x08, 0xff, 0x10, 0x08, 0x10, 0xff, 0x08, 0x0c, 0x08, 0xff,
    0x08, 0x0c, 0x08, 0xff, 0x08, 0x08, 0x08, 0xff, 0x08, 0x0c, 0x08, 0xff,
    0x08, 0x0c, 0x08, 0xff, 0x08, 0x08, 0x08, 0xff, 0x10, 0x0c, 0x10, 0xff,
    0x08, 0x0c, 0x08, 0xff, 0x08, 0x08, 0x08, 0xff, 0x08, 0x08, 0x08, 0xff,
    0x08, 0x0c, 0x08, 0xff, 0x08, 0x08, 0x08, 0xff, 0x10, 0x0c, 0x10, 0xff,
    0x08, 0x0c, 0x08, 0xff, 0x08, 0x08, 0x08, 0xff, 0x10, 0x0c, 0x10, 0xff,
    0x08, 0x08, 0x08, 0xff, 0x08, 0x0c, 0x08, 0xff, 0x08, 0x0c, 0x08, 0xff,
    0x08, 0x08, 0x08, 0xff, 0x10, 0x0c, 0x10, 0xff, 0x08, 0x0c, 0x08, 0xff,
    0x08, 0x08, 0x08, 0xff, 0x08, 0x08, 0x08, 0xff, 0x10, 0x0c, 0x10, 0xff,
    0x08, 0x08, 0x08, 0xff, 0x08, 0x08, 0x08, 0xff, 0x08, 0x0c, 0x08, 0xff,
    0x08, 0x08, 0x08, 0xff, 0x08, 0x08, 0x08, 0xff, 0x08, 0x0c, 0x08, 0xff,
    0x08, 0x08, 0x08, 0xff, 0x08, 0x0c, 0x08, 0xff, 0x08, 0x0c, 0x08, 0xff,
    0x10, 0x08, 0x10, 0xff, 0x08, 0x08, 0x08, 0xff, 0x08, 0x0c, 0x08, 0xff,
    0x10, 0x08, 0x10, 0xff, 0x30, 0x34, 0x30, 0xff, 0x30, 0x34, 0x30, 0xff,
    0x30, 0x30, 0x30, 0xff, 0x30, 0x34, 0x30, 0xff, 0x00, 0x00, 0x00, 0x00,
    0x00, 0x00, 0x00, 0x00, 0x00, 0x00, 0x00, 0x00, 0x00, 0x00, 0x00, 0x00,
    0x00, 0x00, 0x00, 0x00, 0x00, 0x00, 0x00, 0x00, 0x00, 0x00, 0x00, 0x00,
    0x00, 0x00, 0x00, 0x00, 0x00, 0x00, 0x00, 0x00, 0x00, 0x00, 0x00, 0x00,
    0x00, 0x00, 0x00, 0x00, 0x00, 0x00, 0x00, 0x00, 0x00, 0x00, 0x00, 0x00,
    0x00, 0x00, 0x00, 0x00, 0x00, 0x00, 0x00, 0x00, 0x00, 0x00, 0x00, 0x00,
    0x30, 0x34, 0x30, 0xff, 0x30, 0x34, 0x30, 0xff, 0x38, 0x30, 0x38, 0xff,
    0x30, 0x34, 0x30, 0xff, 0x08, 0x0c, 0x08, 0xff, 0x10, 0x08, 0x10, 0xff,
    0x08, 0x08, 0x08, 0xff, 0x10, 0x0c, 0x10, 0xff, 0x08, 0x08, 0x08, 0xff,
    0x08, 0x0c, 0x08, 0xff, 0x08, 0x0c, 0x08, 0xff, 0x08, 0x08, 0x08, 0xff,
    0x10, 0x0c, 0x10, 0xff, 0x08, 0x08, 0x08, 0xff, 0x08, 0x0c, 0x08, 0xff,
    0x08, 0x08, 0x08, 0xff, 0x08, 0x08, 0x08, 0xff, 0x08, 0x0c, 0x08, 0xff,
    0x08, 0x0c, 0x08, 0xff, 0x08, 0x08, 0x08, 0xff, 0x08, 0x0c, 0x08, 0xff,
    0x10, 0x08, 0x10, 0xff, 0x08, 0x08, 0x08, 0xff, 0x08, 0x0c, 0x08, 0xff,
    0x10, 0x08, 0x10, 0xff, 0x08, 0x08, 0x08, 0xff, 0x10, 0x0c, 0x10, 0xff,
    0x08, 0x08, 0x08, 0xff, 0x08, 0x08, 0x08, 0xff, 0x08, 0x0c, 0x08, 0xff,
    0x10, 0x0c, 0x10, 0xff, 0x08, 0x08, 0x08, 0xff, 0x08, 0x08, 0x08, 0xff,
    0x10, 0x0c, 0x10, 0xff, 0x08, 0x08, 0x08, 0xff, 0x08, 0x08, 0x08, 0xff,
    0x10, 0x0c, 0x10, 0xff, 0x08, 0x08, 0x08, 0xff, 0x08, 0x08, 0x08, 0xff,
    0x10, 0x0c, 0x10, 0xff, 0x08, 0x08, 0x08, 0xff, 0x08, 0x08, 0x08, 0xff,
    0x08, 0x0c, 0x08, 0xff, 0x10, 0x0c, 0x10, 0xff, 0x08, 0x08, 0x08, 0xff,
    0x08, 0x0c, 0x08, 0xff, 0x10, 0x0c, 0x10, 0xff, 0x08, 0x08, 0x08, 0xff,
    0x10, 0x0c, 0x10, 0xff, 0x10, 0x08, 0x10, 0xff, 0x08, 0x08, 0x08, 0xff,
    0x10, 0x0c, 0x10, 0xff, 0x08, 0x0c, 0x08, 0xff, 0x10, 0x08, 0x10, 0xff,
    0x08, 0x08, 0x08, 0xff, 0x08, 0x0c, 0x08, 0xff, 0x10, 0x0c, 0x10, 0xff,
    0x08, 0x08, 0x08, 0xff, 0x08, 0x08, 0x08, 0xff, 0x08, 0x0c, 0x08, 0xff,
    0x38, 0x34, 0x38, 0xff, 0x30, 0x34, 0x30, 0xff, 0x38, 0x34, 0x38, 0xff,
    0x30, 0x30, 0x30, 0xff, 0x00, 0x00, 0x00, 0x00, 0x00, 0x00, 0x00, 0x00,
    0x00, 0x00, 0x00, 0x00, 0x00, 0x00, 0x00, 0x00, 0x00, 0x00, 0x00, 0x00,
    0x00, 0x00, 0x00, 0x00, 0x00, 0x00, 0x00, 0x00, 0x00, 0x00, 0x00, 0x00,
    0x00, 0x00, 0x00, 0x00, 0x00, 0x00, 0x00, 0x00, 0x00, 0x00, 0x00, 0x00,
    0x00, 0x00, 0x00, 0x00, 0x00, 0x00, 0x00, 0x00, 0x00, 0x00, 0x00, 0x00,
    0x00, 0x00, 0x00, 0x00, 0x00, 0x00, 0x00, 0x00, 0x38, 0x34, 0x38, 0xff,
    0x30, 0x34, 0x30, 0xff, 0x38, 0x34, 0x38, 0xff, 0x30, 0x34, 0x30, 0xff,
    0x08, 0x08, 0x08, 0xff, 0x08, 0x0c, 0x08, 0xff, 0x08, 0x0c, 0x08, 0xff,
    0x08, 0x08, 0x08, 0xff, 0x10, 0x08, 0x10, 0xff, 0x08, 0x0c, 0x08, 0xff,
    0x08, 0x08, 0x08, 0xff, 0x08, 0x08, 0x08, 0xff, 0x08, 0x0c, 0x08, 0xff,
    0x10, 0x0c, 0x10, 0xff, 0x08, 0x08, 0x08, 0xff, 0x10, 0x0c, 0x10, 0xff,
    0x08, 0x0c, 0x08, 0xff, 0x10, 0x08, 0x10, 0xff, 0x08, 0x08, 0x08, 0xff,
    0x08, 0x0c, 0x08, 0xff, 0x10, 0x0c, 0x10, 0xff, 0x08, 0x08, 0x08, 0xff,
    0x08, 0x0c, 0x08, 0xff, 0x08, 0x0c, 0x08, 0xff, 0x10, 0x08, 0x10, 0xff,
    0x08, 0x0c, 0x08, 0xff, 0x08, 0x0c, 0x08, 0xff, 0x10, 0x08, 0x10, 0xff,
    0x08, 0x08, 0x08, 0xff, 0x08, 0x0c, 0x08, 0xff, 0x08, 0x0c, 0x08, 0xff,
    0x10, 0x08, 0x10, 0xff, 0x08, 0x0c, 0x08, 0xff, 0x08, 0x0c, 0x08, 0xff,
    0x08, 0x08, 0x08, 0xff, 0x08, 0x0c, 0x08, 0xff, 0x08, 0x0c, 0x08, 0xff,
    0x08, 0x08, 0x08, 0xff, 0x10, 0x0c, 0x10, 0xff, 0x08, 0x08, 0x08, 0xff,
    0x08, 0x0c, 0x08, 0xff, 0x10, 0x08, 0x10, 0xff, 0x08, 0x08, 0x08, 0xff,
    0x08, 0x08, 0x08, 0xff, 0x08, 0x0c, 0x08, 0xff, 0x08, 0x08, 0x08, 0xff,
    0x08, 0x08, 0x08, 0xff, 0x08, 0x0c, 0x08, 0xff, 0x08, 0x0c, 0x08, 0xff,
    0x08, 0x0c, 0x08, 0xff, 0x08, 0x08, 0x08, 0xff, 0x08, 0x0c, 0x08, 0xff,
    0x10, 0x08, 0x10, 0xff, 0x08, 0x0c, 0x08, 0xff, 0x08, 0x08, 0x08, 0xff,
    0x08, 0x08, 0x08, 0xff, 0x08, 0x0c, 0x08, 0xff, 0x10, 0x0c, 0x10, 0xff,
    0x08, 0x08, 0x08, 0xff, 0x08, 0x08, 0x08, 0xff, 0x38, 0x34, 0x38, 0xff,
    0x30, 0x34, 0x30, 0xff, 0x38, 0x34, 0x38, 0xff, 0x38, 0x34, 0x38, 0xff,
    0x00, 0x00, 0x00, 0x00, 0x00, 0x00, 0x00, 0x00, 0x00, 0x00, 0x00, 0x00,
    0x00, 0x00, 0x00, 0x00, 0x00, 0x00, 0x00, 0x00, 0x00, 0x00, 0x00, 0x00,
    0x00, 0x00, 0x00, 0x00, 0x00, 0x00, 0x00, 0x00, 0x00, 0x00, 0x00, 0x00,
    0x00, 0x00, 0x00, 0x00, 0x00, 0x00, 0x00, 0x00, 0x00, 0x00, 0x00, 0x00,
    0x00, 0x00, 0x00, 0x00, 0x00, 0x00, 0x00, 0x00, 0x00, 0x00, 0x00, 0x00,
    0x00, 0x00, 0x00, 0x00, 0x30, 0x30, 0x30, 0xff, 0x30, 0x34, 0x30, 0xff,
    0x38, 0x34, 0x38, 0xff, 0x38, 0x30, 0x38, 0xff, 0x08, 0x08, 0x08, 0xff,
    0x08, 0x0c, 0x08, 0xff, 0x08, 0x08, 0x08, 0xff, 0x08, 0x0c, 0x08, 0xff,
    0x10, 0x0c, 0x10, 0xff, 0x08, 0x08, 0x08, 0xff, 0x10, 0x0c, 0x10, 0xff,
    0x08, 0x08, 0x08, 0xff, 0x08, 0x08, 0x08, 0xff, 0x08, 0x0c, 0x08, 0xff,
    0x08, 0x08, 0x08, 0xff, 0x08, 0x0c, 0x08, 0xff, 0x10, 0x0c, 0x10, 0xff,
    0x08, 0x08, 0x08, 0xff, 0x08, 0x08, 0x08, 0xff, 0x10, 0x0c, 0x10, 0xff,
    0x08, 0x08, 0x08, 0xff, 0x08, 0x08, 0x08, 0xff, 0x08, 0x0c, 0x08, 0xff,
    0x10, 0x08, 0x10, 0xff, 0x08, 0x08, 0x08, 0xff, 0x08, 0x0c, 0x08, 0xff,
    0x08, 0x0c, 0x08, 0xff, 0x08, 0x08, 0x08, 0xff, 0x10, 0x0c, 0x10, 0xff,
    0x08, 0x08, 0x08, 0xff, 0x08, 0x08, 0x08, 0xff, 0x08, 0x0c, 0x08, 0xff,
    0x10, 0x08, 0x10, 0xff, 0x08, 0x08, 0x08, 0xff, 0x08, 0x0c, 0x08, 0xff,
    0x10, 0x08, 0x10, 0xff, 0x08, 0x08, 0x08, 0xff, 0x08, 0x0c, 0x08, 0xff,
    0x08, 0x0c, 0x08, 0xff, 0x08, 0x08, 0x08, 0xff, 0x08, 0x0c, 0x08, 0xff,
    0x10, 0x0c, 0x10, 0xff, 0x08, 0x08, 0x08, 0xff, 0x08, 0x0c, 0x08, 0xff,
    0x10, 0x0c, 0x10, 0xff, 0x08, 0x08, 0x08, 0xff, 0x08, 0x0c, 0x08, 0xff,
    0x10, 0x08, 0x10, 0xff, 0x08, 0x08, 0x08, 0xff, 0x08, 0x0c, 0x08, 0xff,
    0x08, 0x08, 0x08, 0xff, 0x08, 0x08, 0x08, 0xff, 0x08, 0x0c, 0x08, 0xff,
    0x08, 0x0c, 0x08, 0xff, 0x10, 0x08, 0x10, 0xff, 0x08, 0x0c, 0x08, 0xff,
    0x08, 0x08, 0x08, 0xff, 0x08, 0x0c, 0x08, 0xff, 0x08, 0x0c, 0x08, 0xff,
    0x08, 0x08, 0x08, 0xff, 0x38, 0x34, 0x38, 0xff, 0x30, 0x30, 0x30, 0xff,
    0x30, 0x34, 0x30, 0xff, 0x30, 0x34, 0x30, 0xff, 0x00, 0x00, 0x00, 0x00,
    0x00, 0x00, 0x00, 0x00, 0x00, 0x00, 0x00, 0x00, 0x00, 0x00, 0x00, 0x00,
    0x00, 0x00, 0x00, 0x00, 0x00, 0x00, 0x00, 0x00, 0x00, 0x00, 0x00, 0x00,
    0x00, 0x00, 0x00, 0x00, 0x00, 0x00, 0x00, 0x00, 0x00, 0x00, 0x00, 0x00,
    0x00, 0x00, 0x00, 0x00, 0x00, 0x00, 0x00, 0x00, 0x00, 0x00, 0x00, 0x00,
    0x00, 0x00, 0x00, 0x00, 0x00, 0x00, 0x00, 0x00, 0x00, 0x00, 0x00, 0x00,
    0x30, 0x34, 0x30, 0xfb, 0x30, 0x34, 0x30, 0xff, 0x30, 0x34, 0x30, 0xff,
    0x38, 0x34, 0x38, 0xff, 0x08, 0x0c, 0x08, 0xff, 0x10, 0x08, 0x10, 0xff,
    0x08, 0x08, 0x08, 0xff, 0x08, 0x0c, 0x08, 0xff, 0x08, 0x08, 0x08, 0xff,
    0x08, 0x08, 0x08, 0xff, 0x08, 0x0c, 0x08, 0xff, 0x10, 0x0c, 0x10, 0xff,
    0x08, 0x08, 0x08, 0xff, 0x08, 0x0c, 0x08, 0xff, 0x10, 0x08, 0x10, 0xff,
    0x08, 0x08, 0x08, 0xff, 0x08, 0x0c, 0x08, 0xff, 0x08, 0x08, 0x08, 0xff,
    0x08, 0x0c, 0x08, 0xff, 0x08, 0x0c, 0x08, 0xff, 0x08, 0x08, 0x08, 0xff,
    0x08, 0x0c, 0x08, 0xff, 0x10, 0x0c, 0x10, 0xff, 0x08, 0x08, 0x08, 0xff,
    0x08, 0x08, 0x08, 0xff, 0x08, 0x0c, 0x08, 0xff, 0x10, 0x08, 0x10, 0xff,
    0x08, 0x0c, 0x08, 0xff, 0x08, 0x0c, 0x08, 0xff, 0x10, 0x08, 0x10, 0xff,
    0x08, 0x0c, 0x08, 0xff, 0x08, 0x0c, 0x08, 0xff, 0x08, 0x08, 0x08, 0xff,
    0x10, 0x0c, 0x10, 0xff, 0x08, 0x0c, 0x08, 0xff, 0x08, 0x08, 0x08, 0xff,
    0x10, 0x08, 0x10, 0xff, 0x08, 0x0c, 0x08, 0xff, 0x10, 0x08, 0x10, 0xff,
    0x08, 0x08, 0x08, 0xff, 0x08, 0x0c, 0x08, 0xff, 0x08, 0x0c, 0x08, 0xff,
    0x08, 0x08, 0x08, 0xff, 0x10, 0x0c, 0x10, 0xff, 0x08, 0x08, 0x08, 0xff,
    0x08, 0x0c, 0x08, 0xff, 0x10, 0x0c, 0x10, 0xff, 0x08, 0x08, 0x08, 0xff,
    0x08, 0x08, 0x08, 0xff, 0x10, 0x0c, 0x10, 0xff, 0x10, 0x0c, 0x10, 0xff,
    0x08, 0x08, 0x08, 0xff, 0x08, 0x0c, 0x08, 0xff, 0x10, 0x08, 0x10, 0xff,
    0x08, 0x0c, 0x08, 0xff, 0x08, 0x08, 0x08, 0xff, 0x10, 0x08, 0x10, 0xff,
    0x08, 0x0c, 0x08, 0xff, 0x08, 0x08, 0x08, 0xff, 0x10, 0x0c, 0x10, 0xff,
    0x30, 0x34, 0x30, 0xff, 0x30, 0x34, 0x30, 0xff, 0x38, 0x30, 0x38, 0xff,
    0x30, 0x34, 0x30, 0xfb, 0x00, 0x00, 0x00, 0x00, 0x00, 0x00, 0x00, 0x00,
    0x00, 0x00, 0x00, 0x00, 0x00, 0x00, 0x00, 0x00, 0x00, 0x00, 0x00, 0x00,
    0x00, 0x00, 0x00, 0x00, 0x00, 0x00, 0x00, 0x00, 0x00, 0x00, 0x00, 0x00,
    0x00, 0x00, 0x00, 0x00, 0x00, 0x00, 0x00, 0x00, 0x00, 0x00, 0x00, 0x00,
    0x00, 0x00, 0x00, 0x00, 0x00, 0x00, 0x00, 0x00, 0x00, 0x00, 0x00, 0x00,
    0x00, 0x00, 0x00, 0x00, 0x00, 0x00, 0x00, 0x00, 0x38, 0x34, 0x38, 0xe7,
    0x38, 0x30, 0x38, 0xff, 0x30, 0x34, 0x30, 0xff, 0x30, 0x34, 0x30, 0xff,
    0x10, 0x10, 0x10, 0xff, 0x08, 0x0c, 0x08, 0xff, 0x10, 0x0c, 0x10, 0xff,
    0x08, 0x08, 0x08, 0xff, 0x08, 0x0c, 0x08, 0xff, 0x10, 0x08, 0x10, 0xff,
    0x08, 0x0c, 0x08, 0xff, 0x08, 0x08, 0x08, 0xff, 0x10, 0x0c, 0x10, 0xff,
    0x08, 0x0c, 0x08, 0xff, 0x08, 0x08, 0x08, 0xff, 0x10, 0x0c, 0x10, 0xff,
    0x08, 0x08, 0x08, 0xff, 0x08, 0x0c, 0x08, 0xff, 0x10, 0x08, 0x10, 0xff,
    0x08, 0x08, 0x08, 0xff, 0x08, 0x0c, 0x08, 0xff, 0x10, 0x08, 0x10, 0xff,
    0x08, 0x0c, 0x08, 0xff, 0x08, 0x0c, 0x08, 0xff, 0x08, 0x08, 0x08, 0xff,
    0x10, 0x0c, 0x10, 0xff, 0x08, 0x08, 0x08, 0xff, 0x08, 0x08, 0x08, 0xff,
    0x08, 0x0c, 0x08, 0xff, 0x08, 0x08, 0x08, 0xff, 0x10, 0x08, 0x10, 0xff,
    0x08, 0x0c, 0x08, 0xff, 0x08, 0x08, 0x08, 0xff, 0x08, 0x0c, 0x08, 0xff,
    0x08, 0x0c, 0x08, 0xff, 0x08, 0x08, 0x08, 0xff, 0x08, 0x0c, 0x08, 0xff,
    0x08, 0x0c, 0x08, 0xff, 0x10, 0x08, 0x10, 0xff, 0x08, 0x0c, 0x08, 0xff,
    0x08, 0x08, 0x08, 0xff, 0x10, 0x08, 0x10, 0xff, 0x08, 0x0c, 0x08, 0xff,
    0x08, 0x08, 0x08, 0xff, 0x08, 0x08, 0x08, 0xff, 0x08, 0x0c, 0x08, 0xff,
    0x10, 0x08, 0x10, 0xff, 0x08, 0x0c, 0x08, 0xff, 0x08, 0x0c, 0x08, 0xff,
    0x08, 0x08, 0x08, 0xff, 0x08, 0x0c, 0x08, 0xff, 0x10, 0x08, 0x10, 0xff,
    0x08, 0x08, 0x08, 0xff, 0x08, 0x0c, 0x08, 0xff, 0x08, 0x0c, 0x08, 0xff,
    0x08, 0x08, 0x08, 0xff, 0x10, 0x0c, 0x10, 0xff, 0x08, 0x08, 0x08, 0xff,
    0x08, 0x08, 0x08, 0xff, 0x10, 0x10, 0x10, 0xff, 0x38, 0x34, 0x38, 0xff,
    0x30, 0x34, 0x30, 0xff, 0x38, 0x34, 0x38, 0xff, 0x30, 0x30, 0x30, 0xe7,
    0x00, 0x00, 0x00, 0x00, 0x00, 0x00, 0x00, 0x00, 0x00, 0x00, 0x00, 0x00,
    0x00, 0x00, 0x00, 0x00, 0x00, 0x00, 0x00, 0x00, 0x00, 0x00, 0x00, 0x00,
    0x00, 0x00, 0x00, 0x00, 0x00, 0x00, 0x00, 0x00, 0x00, 0x00, 0x00, 0x00,
    0x00, 0x00, 0x00, 0x00, 0x00, 0x00, 0x00, 0x00, 0x00, 0x00, 0x00, 0x00,
    0x00, 0x00, 0x00, 0x00, 0x00, 0x00, 0x00, 0x00, 0x00, 0x00, 0x00, 0x00,
    0x00, 0x00, 0x00, 0x00, 0x30, 0x30, 0x30, 0xba, 0x30, 0x34, 0x30, 0xff,
    0x38, 0x34, 0x38, 0xff, 0x30, 0x30, 0x30, 0xff, 0x20, 0x1c, 0x20, 0xff,
    0x08, 0x08, 0x08, 0xff, 0x08, 0x08, 0x08, 0xff, 0x10, 0x0c, 0x10, 0xff,
    0x08, 0x0c, 0x08, 0xff, 0x08, 0x08, 0x08, 0xff, 0x08, 0x08, 0x08, 0xff,
    0x08, 0x0c, 0x08, 0xff, 0x08, 0x08, 0x08, 0xff, 0x08, 0x08, 0x08, 0xff,
    0x08, 0x0c, 0x08, 0xff, 0x08, 0x08, 0x08, 0xff, 0x08, 0x0c, 0x08, 0xff,
    0x10, 0x0c, 0x10, 0xff, 0x08, 0x08, 0x08, 0xff, 0x08, 0x0c, 0x08, 0xff,
    0x10, 0x08, 0x10, 0xff, 0x08, 0x08, 0x08, 0xff, 0x08, 0x0c, 0x08, 0xff,
    0x08, 0x08, 0x08, 0xff, 0x10, 0x0c, 0x10, 0xff, 0x08, 0x08, 0x08, 0xff,
    0x08, 0x0c, 0x08, 0xff, 0x08, 0x08, 0x08, 0xff, 0x10, 0x0c, 0x10, 0xff,
    0x08, 0x0c, 0x08, 0xff, 0x08, 0x08, 0x08, 0xff, 0x10, 0x08, 0x10, 0xff,
    0x08, 0x0c, 0x08, 0xff, 0x08, 0x08, 0x08, 0xff, 0x10, 0x08, 0x10, 0xff,
    0x10, 0x0c, 0x10, 0xff, 0x08, 0x08, 0x08, 0xff, 0x08, 0x0c, 0x08, 0xff,
    0x08, 0x08, 0x08, 0xff, 0x08, 0x0c, 0x08, 0xff, 0x10, 0x0c, 0x10, 0xff,
    0x08, 0x08, 0x08, 0xff, 0x08, 0x0c, 0x08, 0xff, 0x10, 0x0c, 0x10, 0xff,
    0x08, 0x08, 0x08, 0xff, 0x08, 0x08, 0x08, 0xff, 0x08, 0x0c, 0x08, 0xff,
    0x08, 0x08, 0x08, 0xff, 0x10, 0x08, 0x10, 0xff, 0x08, 0x0c, 0x08, 0xff,
    0x08, 0x08, 0x08, 0xff, 0x08, 0x0c, 0x08, 0xff, 0x10, 0x08, 0x10, 0xff,
    0x08, 0x0c, 0x08, 0xff, 0x08, 0x08, 0x08, 0xff, 0x10, 0x0c, 0x10, 0xff,
    0x08, 0x0c, 0x08, 0xff, 0x08, 0x0c, 0x08, 0xff, 0x10, 0x08, 0x10, 0xff,
    0x20, 0x1c, 0x20, 0xff, 0x30, 0x34, 0x30, 0xff, 0x30, 0x34, 0x30, 0xff,
    0x38, 0x34, 0x38, 0xff, 0x30, 0x30, 0x30, 0xba, 0x00, 0x00, 0x00, 0x00,
    0x00, 0x00, 0x00, 0x00, 0x00, 0x00, 0x00, 0x00, 0x00, 0x00, 0x00, 0x00,
    0x00, 0x00, 0x00, 0x00, 0x00, 0x00, 0x00, 0x00, 0x00, 0x00, 0x00, 0x00,
    0x00, 0x00, 0x00, 0x00, 0x00, 0x00, 0x00, 0x00, 0x00, 0x00, 0x00, 0x00,
    0x00, 0x00, 0x00, 0x00, 0x00, 0x00, 0x00, 0x00, 0x00, 0x00, 0x00, 0x00,
    0x00, 0x00, 0x00, 0x00, 0x00, 0x00, 0x00, 0x00, 0x00, 0x00, 0x00, 0x00,
    0x30, 0x30, 0x30, 0x79, 0x30, 0x34, 0x30, 0xff, 0x38, 0x34, 0x38, 0xff,
    0x30, 0x34, 0x30, 0xff, 0x28, 0x28, 0x28, 0xff, 0x08, 0x0c, 0x08, 0xff,
    0x08, 0x08, 0x08, 0xff, 0x08, 0x08, 0x08, 0xff, 0x10, 0x0c, 0x10, 0xff,
    0x08, 0x0c, 0x08, 0xff, 0x10, 0x08, 0x10, 0xff, 0x08, 0x0c, 0x08, 0xff,
    0x10, 0x0c, 0x10, 0xff, 0x08, 0x08, 0x08, 0xff, 0x10, 0x0c, 0x10, 0xff,
    0x08, 0x08, 0x08, 0xff, 0x08, 0x08, 0x08, 0xff, 0x08, 0x0c, 0x08, 0xff,
    0x08, 0x0c, 0x08, 0xff, 0x08, 0x08, 0x08, 0xff, 0x08, 0x0c, 0x08, 0xff,
    0x10, 0x0c, 0x10, 0xff, 0x08, 0x08, 0x08, 0xff, 0x08, 0x08, 0x08, 0xff,
    0x08, 0x0c, 0x08, 0xff, 0x08, 0x0c, 0x08, 0xff, 0x08, 0x08, 0x08, 0xff,
    0x10, 0x0c, 0x10, 0xff, 0x08, 0x08, 0x08, 0xff, 0x08, 0x0c, 0x08, 0xff,
    0x08, 0x0c, 0x08, 0xff, 0x08, 0x08, 0x08, 0xff, 0x08, 0x0c, 0x08, 0xff,
    0x08, 0x08, 0x08, 0xff, 0x08, 0x0c, 0x08, 0xff, 0x08, 0x08, 0x08, 0xff,
    0x10, 0x0c, 0x10, 0xff, 0x08, 0x08, 0x08, 0xff, 0x08, 0x08, 0x08, 0xff,
    0x10, 0x0c, 0x10, 0xff, 0x08, 0x08, 0x08, 0xff, 0x08, 0x08, 0x08, 0xff,
    0x08, 0x0c, 0x08, 0xff, 0x10, 0x08, 0x10, 0xff, 0x08, 0x0c, 0x08, 0xff,
    0x08, 0x0c, 0x08, 0xff, 0x10, 0x08, 0x10, 0xff, 0x08, 0x0c, 0x08, 0xff,
    0x08, 0x0c, 0x08, 0xff, 0x10, 0x08, 0x10, 0xff, 0x08, 0x0c, 0x08, 0xff,
    0x08, 0x0c, 0x08, 0xff, 0x08, 0x08, 0x08, 0xff, 0x10, 0x08, 0x10, 0xff,
    0x08, 0x0c, 0x08, 0xff, 0x08, 0x08, 0x08, 0xff, 0x08, 0x08, 0x08, 0xff,
    0x08, 0x0c, 0x08, 0xff, 0x08, 0x0c, 0x08, 0xff, 0x28, 0x28, 0x28, 0xff,
    0x30, 0x34, 0x30, 0xff, 0x38, 0x34, 0x38, 0xff, 0x30, 0x30, 0x30, 0xff,
    0x30, 0x30, 0x30, 0x79, 0x00, 0x00, 0x00, 0x00, 0x00, 0x00, 0x00, 0x00,
    0x00, 0x00, 0x00, 0x00, 0x00, 0x00, 0x00, 0x00, 0x00, 0x00, 0x00, 0x00,
    0x00, 0x00, 0x00, 0x00, 0x00, 0x00, 0x00, 0x00, 0x00, 0x00, 0x00, 0x00,
    0x00, 0x00, 0x00, 0x00, 0x00, 0x00, 0x00, 0x00, 0x00, 0x00, 0x00, 0x00,
    0x00, 0x00, 0x00, 0x00, 0x00, 0x00, 0x00, 0x00, 0x00, 0x00, 0x00, 0x00,
    0x00, 0x00, 0x00, 0x00, 0x00, 0x00, 0x00, 0x00, 0x38, 0x34, 0x38, 0x24,
    0x30, 0x34, 0x30, 0xff, 0x38, 0x34, 0x38, 0xff, 0x30, 0x34, 0x30, 0xff,
    0x38, 0x34, 0x38, 0xff, 0x20, 0x1c, 0x20, 0xff, 0x08, 0x0c, 0x08, 0xff,
    0x08, 0x08, 0x08, 0xff, 0x08, 0x08, 0x08, 0xff, 0x08, 0x0c, 0x08, 0xff,
    0x08, 0x08, 0x08, 0xff, 0x10, 0x08, 0x10, 0xff, 0x08, 0x0c, 0x08, 0xff,
    0x08, 0x0c, 0x08, 0xff, 0x08, 0x08, 0x08, 0xff, 0x10, 0x0c, 0x10, 0xff,
    0x08, 0x08, 0x08, 0xff, 0x10, 0x08, 0x10, 0xff, 0x10, 0x0c, 0x10, 0xff,
    0x08, 0x08, 0x08, 0xff, 0x08, 0x08, 0x08, 0xff, 0x08, 0x0c, 0x08, 0xff,
    0x10, 0x0c, 0x10, 0xff, 0x08, 0x08, 0x08, 0xff, 0x08, 0x08, 0x08, 0xff,
    0x10, 0x0c, 0x10, 0xff, 0x08, 0x08, 0x08, 0xff, 0x08, 0x08, 0x08, 0xff,
    0x08, 0x0c, 0x08, 0xff, 0x10, 0x08, 0x10, 0xff, 0x08, 0x08, 0x08, 0xff,
    0x08, 0x0c, 0x08, 0xff, 0x10, 0x08, 0x10, 0xff, 0x10, 0x0c, 0x10, 0xff,
    0x08, 0x0c, 0x08, 0xff, 0x08, 0x08, 0x08, 0xff, 0x08, 0x0c, 0x08, 0xff,
    0x08, 0x0c, 0x08, 0xff, 0x10, 0x08, 0x10, 0xff, 0x08, 0x0c, 0x08, 0xff,
    0x08, 0x08, 0x08, 0xff, 0x08, 0x0c, 0x08, 0xff, 0x08, 0x08, 0x08, 0xff,
    0x08, 0x08, 0x08, 0xff, 0x08, 0x0c, 0x08, 0xff, 0x10, 0x08, 0x10, 0xff,
    0x08, 0x08, 0x08, 0xff, 0x08, 0x0c, 0x08, 0xff, 0x08, 0x08, 0x08, 0xff,
    0x08, 0x08, 0x08, 0xff, 0x10, 0x0c, 0x10, 0xff, 0x08, 0x08, 0x08, 0xff,
    0x08, 0x0c, 0x08, 0xff, 0x08, 0x0c, 0x08, 0xff, 0x08, 0x08, 0x08, 0xff,
    0x10, 0x08, 0x10, 0xff, 0x08, 0x0c, 0x08, 0xff, 0x08, 0x08, 0x08, 0xff,
    0x20, 0x1c, 0x20, 0xff, 0x30, 0x34, 0x30, 0xff, 0x38, 0x34, 0x38, 0xff,
    0x30, 0x34, 0x30, 0xff, 0x30, 0x34, 0x30, 0xff, 0x38, 0x34, 0x38, 0x24,
    0x00, 0x00, 0x00, 0x00, 0x00, 0x00, 0x00, 0x00, 0x00, 0x00, 0x00, 0x00,
    0x00, 0x00, 0x00, 0x00, 0x00, 0x00, 0x00, 0x00, 0x00, 0x00, 0x00, 0x00,
    0x00, 0x00, 0x00, 0x00, 0x00, 0x00, 0x00, 0x00, 0x00, 0x00, 0x00, 0x00,
    0x00, 0x00, 0x00, 0x00, 0x00, 0x00, 0x00, 0x00, 0x00, 0x00, 0x00, 0x00,
    0x00, 0x00, 0x00, 0x00, 0x00, 0x00, 0x00, 0x00, 0x00, 0x00, 0x00, 0x00,
    0x00, 0x00, 0x00, 0x00, 0x00, 0x00, 0x00, 0x00, 0x30, 0x34, 0x30, 0xa6,
    0x30, 0x34, 0x30, 0xff, 0x38, 0x30, 0x38, 0xff, 0x30, 0x34, 0x30, 0xff,
    0x30, 0x34, 0x30, 0xff, 0x18, 0x14, 0x18, 0xff, 0x08, 0x0c, 0x08, 0xff,
    0x10, 0x08, 0x10, 0xff, 0x08, 0x0c, 0x08, 0xff, 0x08, 0x0c, 0x08, 0xff,
    0x08, 0x08, 0x08, 0xff, 0x08, 0x08, 0x08, 0xff, 0x08, 0x0c, 0x08, 0xff,
    0x08, 0x08, 0x08, 0xff, 0x08, 0x0c, 0x08, 0xff, 0x08, 0x0c, 0x08, 0xff,
    0x08, 0x08, 0x08, 0xff, 0x08, 0x0c, 0x08, 0xff, 0x10, 0x0c, 0x10, 0xff,
    0x08, 0x08, 0x08, 0xff, 0x08, 0x08, 0x08, 0xff, 0x08, 0x0c, 0x08, 0xff,
    0x10, 0x0c, 0x10, 0xff, 0x08, 0x08, 0x08, 0xff, 0x08, 0x0c, 0x08, 0xff,
    0x10, 0x0c, 0x10, 0xff, 0x08, 0x08, 0x08, 0xff, 0x08, 0x0c, 0x08, 0xff,
    0x10, 0x08, 0x10, 0xff, 0x08, 0x0c, 0x08, 0xff, 0x08, 0x0c, 0x08, 0xff,
    0x08, 0x08, 0x08, 0xff, 0x08, 0x08, 0x08, 0xff, 0x10, 0x0c, 0x10, 0xff,
    0x08, 0x08, 0x08, 0xff, 0x08, 0x08, 0x08, 0xff, 0x10, 0x0c, 0x10, 0xff,
    0x08, 0x08, 0x08, 0xff, 0x08, 0x0c, 0x08, 0xff, 0x10, 0x0c, 0x10, 0xff,
    0x08, 0x08, 0x08, 0xff, 0x10, 0x0c, 0x10, 0xff, 0x08, 0x0c, 0x08, 0xff,
    0x08, 0x08, 0x08, 0xff, 0x08, 0x0c, 0x08, 0xff, 0x08, 0x0c, 0x08, 0xff,
    0x10, 0x08, 0x10, 0xff, 0x08, 0x0c, 0x08, 0xff, 0x08, 0x0c, 0x08, 0xff,
    0x08, 0x08, 0x08, 0xff, 0x10, 0x08, 0x10, 0xff, 0x08, 0x0c, 0x08, 0xff,
    0x08, 0x0c, 0x08, 0xff, 0x10, 0x08, 0x10, 0xff, 0x08, 0x0c, 0x08, 0xff,
    0x08, 0x0c, 0x08, 0xff, 0x18, 0x14, 0x18, 0xff, 0x38, 0x34, 0x38, 0xff,
    0x30, 0x34, 0x30, 0xff, 0x30, 0x30, 0x30, 0xff, 0x38, 0x34, 0x38, 0xff,
    0x38, 0x34, 0x38, 0xa6, 0x00, 0x00, 0x00, 0x00, 0x00, 0x00, 0x00, 0x00,
    0x00, 0x00, 0x00, 0x00, 0x00, 0x00, 0x00, 0x00, 0x00, 0x00, 0x00, 0x00,
    0x00, 0x00, 0x00, 0x00, 0x00, 0x00, 0x00, 0x00, 0x00, 0x00, 0x00, 0x00,
    0x00, 0x00, 0x00, 0x00, 0x00, 0x00, 0x00, 0x00, 0x00, 0x00, 0x00, 0x00,
    0x00, 0x00, 0x00, 0x00, 0x00, 0x00, 0x00, 0x00, 0x00, 0x00, 0x00, 0x00,
    0x00, 0x00, 0x00, 0x00, 0x00, 0x00, 0x00, 0x00, 0x00, 0x00, 0x00, 0x00,
    0x00, 0x00, 0x00, 0x00, 0x38, 0x34, 0x38, 0x28, 0x30, 0x34, 0x30, 0xfb,
    0x30, 0x34, 0x30, 0xff, 0x38, 0x30, 0x38, 0xff, 0x30, 0x34, 0x30, 0xff,
    0x30, 0x34, 0x30, 0xff, 0x20, 0x1c, 0x20, 0xff, 0x08, 0x08, 0x08, 0xff,
    0x08, 0x08, 0x08, 0xff, 0x10, 0x0c, 0x10, 0xff, 0x08, 0x0c, 0x08, 0xff,
    0x10, 0x08, 0x10, 0xff, 0x10, 0x08, 0x10, 0xff, 0x08, 0x0c, 0x08, 0xff,
    0x08, 0x08, 0x08, 0xff, 0x10, 0x0c, 0x10, 0xff, 0x08, 0x08, 0x08, 0xff,
    0x08, 0x08, 0x08, 0xff, 0x08, 0x0c, 0x08, 0xff, 0x10, 0x0c, 0x10, 0xff,
    0x08, 0x08, 0x08, 0xff, 0x08, 0x08, 0x08, 0xff, 0x08, 0x0c, 0x08, 0xff,
    0x08, 0x08, 0x08, 0xff, 0x08, 0x08, 0x08, 0xff, 0x10, 0x0c, 0x10, 0xff,
    0x08, 0x0c, 0x08, 0xff, 0x08, 0x08, 0x08, 0xff, 0x08, 0x0c, 0x08, 0xff,
    0x10, 0x08, 0x10, 0xff, 0x08, 0x0c, 0x08, 0xff, 0x08, 0x08, 0x08, 0xff,
    0x08, 0x0c, 0x08, 0xff, 0x08, 0x0c, 0x08, 0xff, 0x08, 0x08, 0x08, 0xff,
    0x10, 0x0c, 0x10, 0xff, 0x08, 0x08, 0x08, 0xff, 0x08, 0x08, 0x08, 0xff,
    0x08, 0x0c, 0x08, 0xff, 0x08, 0x08, 0x08, 0xff, 0x10, 0x08, 0x10, 0xff,
    0x08, 0x0c, 0x08, 0xff, 0x08, 0x08, 0x08, 0xff, 0x10, 0x08, 0x10, 0xff,
    0x08, 0x0c, 0x08, 0xff, 0x08, 0x08, 0x08, 0xff, 0x10, 0x08, 0x10, 0xff,
    0x08, 0x0c, 0x08, 0xff, 0x08, 0x0c, 0x08, 0xff, 0x08, 0x08, 0x08, 0xff,
    0x08, 0x08, 0x08, 0xff, 0x10, 0x0c, 0x10, 0xff, 0x08, 0x08, 0x08, 0xff,
    0x08, 0x08, 0x08, 0xff, 0x08, 0x0c, 0x08, 0xff, 0x20, 0x1c, 0x20, 0xff,
    0x30, 0x34, 0x30, 0xff, 0x30, 0x30, 0x30, 0xff, 0x38, 0x34, 0x38, 0xff,
    0x30, 0x34, 0x30, 0xff, 0x30, 0x30, 0x30, 0xfb, 0x38, 0x34, 0x38, 0x24,
    0x00, 0x00, 0x00, 0x00, 0x00, 0x00, 0x00, 0x00, 0x00, 0x00, 0x00, 0x00,
    0x00, 0x00, 0x00, 0x00, 0x00, 0x00, 0x00, 0x00, 0x00, 0x00, 0x00, 0x00,
    0x00, 0x00, 0x00, 0x00, 0x00, 0x00, 0x00, 0x00, 0x00, 0x00, 0x00, 0x00,
    0x00, 0x00, 0x00, 0x00, 0x00, 0x00, 0x00, 0x00, 0x00, 0x00, 0x00, 0x00,
    0x00, 0x00, 0x00, 0x00, 0x00, 0x00, 0x00, 0x00, 0x00, 0x00, 0x00, 0x00,
    0x00, 0x00, 0x00, 0x00, 0x00, 0x00, 0x00, 0x00, 0x00, 0x00, 0x00, 0x00,
    0x00, 0x00, 0x00, 0x00, 0x30, 0x30, 0x30, 0x65, 0x38, 0x34, 0x38, 0xff,
    0x30, 0x34, 0x30, 0xff, 0x38, 0x30, 0x38, 0xff, 0x30, 0x34, 0x30, 0xff,
    0x38, 0x34, 0x38, 0xff, 0x28, 0x28, 0x28, 0xff, 0x18, 0x1c, 0x18, 0xff,
    0x10, 0x10, 0x10, 0xff, 0x10, 0x0c, 0x10, 0xff, 0x08, 0x0c, 0x08, 0xff,
    0x08, 0x08, 0x08, 0xff, 0x08, 0x0c, 0x08, 0xff, 0x10, 0x08, 0x10, 0xff,
    0x08, 0x08, 0x08, 0xff, 0x08, 0x0c, 0x08, 0xff, 0x08, 0x08, 0x08, 0xff,
    0x08, 0x08, 0x08, 0xff, 0x08, 0x0c, 0x08, 0xff, 0x10, 0x0c, 0x10, 0xff,
    0x08, 0x08, 0x08, 0xff, 0x10, 0x0c, 0x10, 0xff, 0x08, 0x0c, 0x08, 0xff,
    0x08, 0x08, 0x08, 0xff, 0x08, 0x08, 0x08, 0xff, 0x08, 0x0c, 0x08, 0xff,
    0x08, 0x08, 0x08, 0xff, 0x08, 0x08, 0x08, 0xff, 0x08, 0x0c, 0x08, 0xff,
    0x10, 0x08, 0x10, 0xff, 0x08, 0x0c, 0x08, 0xff, 0x10, 0x08, 0x10, 0xff,
    0x08, 0x08, 0x08, 0xff, 0x08, 0x0c, 0x08, 0xff, 0x08, 0x0c, 0x08, 0xff,
    0x08, 0x08, 0x08, 0xff, 0x10, 0x0c, 0x10, 0xff, 0x08, 0x0c, 0x08, 0xff,
    0x08, 0x08, 0x08, 0xff, 0x08, 0x0c, 0x08, 0xff, 0x08, 0x0c, 0x08, 0xff,
    0x08, 0x08, 0x08, 0xff, 0x10, 0x0c, 0x10, 0xff, 0x08, 0x0c, 0x08, 0xff,
    0x08, 0x08, 0x08, 0xff, 0x08, 0x0c, 0x08, 0xff, 0x10, 0x08, 0x10, 0xff,
    0x08, 0x08, 0x08, 0xff, 0x08, 0x0c, 0x08, 0xff, 0x10, 0x0c, 0x10, 0xff,
    0x08, 0x0c, 0x08, 0xff, 0x10, 0x10, 0x10, 0xff, 0x20, 0x1c, 0x20, 0xff,
    0x28, 0x28, 0x28, 0xff, 0x38, 0x34, 0x38, 0xff, 0x30, 0x34, 0x30, 0xff,
    0x30, 0x30, 0x30, 0xff, 0x38, 0x34, 0x38, 0xff, 0x30, 0x34, 0x30, 0xff,
    0x30, 0x30, 0x30, 0x65, 0x00, 0x00, 0x00, 0x00, 0x00, 0x00, 0x00, 0x00,
    0x00, 0x00, 0x00, 0x00, 0x00, 0x00, 0x00, 0x00, 0x00, 0x00, 0x00, 0x00,
    0x00, 0x00, 0x00, 0x00, 0x00, 0x00, 0x00, 0x00, 0x00, 0x00, 0x00, 0x00,
    0x00, 0x00, 0x00, 0x00, 0x00, 0x00, 0x00, 0x00, 0x00, 0x00, 0x00, 0x00,
    0x00, 0x00, 0x00, 0x00, 0x00, 0x00, 0x00, 0x00, 0x00, 0x00, 0x00, 0x00,
    0x00, 0x00, 0x00, 0x00, 0x00, 0x00, 0x00, 0x00, 0x00, 0x00, 0x00, 0x00,
    0x00, 0x00, 0x00, 0x00, 0x00, 0x00, 0x00, 0x00, 0x00, 0x00, 0x00, 0x00,
    0x00, 0x00, 0x00, 0x00, 0x30, 0x30, 0x30, 0x79, 0x38, 0x34, 0x38, 0xff,
    0x30, 0x34, 0x30, 0xff, 0x30, 0x34, 0x30, 0xff, 0x38, 0x34, 0x38, 0xff,
    0x30, 0x34, 0x30, 0xff, 0x38, 0x34, 0x38, 0xff, 0x30, 0x34, 0x30, 0xff,
    0x30, 0x34, 0x30, 0xff, 0x38, 0x34, 0x38, 0xff, 0x30, 0x34, 0x30, 0xff,
    0x38, 0x34, 0x38, 0xff, 0x30, 0x34, 0x30, 0xff, 0x38, 0x34, 0x38, 0xff,
    0x38, 0x34, 0x38, 0xff, 0x38, 0x34, 0x38, 0xff, 0x30, 0x34, 0x30, 0xff,
    0x38, 0x34, 0x38, 0xff, 0x30, 0x34, 0x30, 0xff, 0x38, 0x34, 0x38, 0xff,
    0x30, 0x34, 0x30, 0xff, 0x38, 0x34, 0x38, 0xff, 0x38, 0x34, 0x38, 0xff,
    0x38, 0x34, 0x38, 0xff, 0x38, 0x34, 0x38, 0xff, 0x38, 0x34, 0x38, 0xff,
    0x30, 0x34, 0x30, 0xff, 0x38, 0x34, 0x38, 0xff, 0x30, 0x34, 0x30, 0xff,
    0x38, 0x34, 0x38, 0xff, 0x30, 0x34, 0x30, 0xff, 0x38, 0x34, 0x38, 0xff,
    0x38, 0x34, 0x38, 0xff, 0x30, 0x34, 0x30, 0xff, 0x38, 0x34, 0x38, 0xff,
    0x30, 0x34, 0x30, 0xff, 0x38, 0x34, 0x38, 0xff, 0x38, 0x34, 0x38, 0xff,
    0x30, 0x34, 0x30, 0xff, 0x38, 0x34, 0x38, 0xff, 0x38, 0x34, 0x38, 0xff,
    0x30, 0x34, 0x30, 0xff, 0x38, 0x34, 0x38, 0xff, 0x30, 0x34, 0x30, 0xff,
    0x38, 0x34, 0x38, 0xff, 0x38, 0x34, 0x38, 0xff, 0x30, 0x34, 0x30, 0xff,
    0x38, 0x34, 0x38, 0xff, 0x38, 0x34, 0x38, 0xff, 0x30, 0x34, 0x30, 0xff,
    0x30, 0x34, 0x30, 0xff, 0x38, 0x34, 0x38, 0xff, 0x30, 0x34, 0x30, 0xff,
    0x30, 0x34, 0x30, 0xff, 0x38, 0x34, 0x38, 0xff, 0x30, 0x34, 0x30, 0xff,
    0x38, 0x34, 0x38, 0xff, 0x30, 0x30, 0x30, 0x79, 0x00, 0x00, 0x00, 0x00,
    0x00, 0x00, 0x00, 0x00, 0x00, 0x00, 0x00, 0x00, 0x00, 0x00, 0x00, 0x00,
    0x00, 0x00, 0x00, 0x00, 0x00, 0x00, 0x00, 0x00, 0x00, 0x00, 0x00, 0x00,
    0x00, 0x00, 0x00, 0x00, 0x00, 0x00, 0x00, 0x00, 0x00, 0x00, 0x00, 0x00,
    0x00, 0x00, 0x00, 0x00, 0x00, 0x00, 0x00, 0x00, 0x00, 0x00, 0x00, 0x00,
    0x00, 0x00, 0x00, 0x00, 0x00, 0x00, 0x00, 0x00, 0x00, 0x00, 0x00, 0x00,
    0x00, 0x00, 0x00, 0x00, 0x00, 0x00, 0x00, 0x00, 0x00, 0x00, 0x00, 0x00,
    0x00, 0x00, 0x00, 0x00, 0x00, 0x00, 0x00, 0x00, 0x00, 0x00, 0x00, 0x00,
    0x00, 0x00, 0x00, 0x00, 0x30, 0x30, 0x30, 0x65, 0x30, 0x34, 0x30, 0xfb,
    0x38, 0x34, 0x38, 0xff, 0x30, 0x30, 0x30, 0xff, 0x30, 0x34, 0x30, 0xff,
    0x38, 0x34, 0x38, 0xff, 0x30, 0x30, 0x30, 0xff, 0x30, 0x34, 0x30, 0xff,
    0x38, 0x34, 0x38, 0xff, 0x30, 0x30, 0x30, 0xff, 0x30, 0x34, 0x30, 0xff,
    0x30, 0x34, 0x30, 0xff, 0x30, 0x34, 0x30, 0xff, 0x30, 0x34, 0x30, 0xff,
    0x38, 0x34, 0x38, 0xff, 0x30, 0x34, 0x30, 0xff, 0x30, 0x30, 0x30, 0xff,
    0x38, 0x34, 0x38, 0xff, 0x30, 0x34, 0x30, 0xff, 0x30, 0x30, 0x30, 0xff,
    0x30, 0x34, 0x30, 0xff, 0x30, 0x34, 0x30, 0xff, 0x30, 0x34, 0x30, 0xff,
    0x30, 0x34, 0x30, 0xff, 0x30, 0x34, 0x30, 0xff, 0x38, 0x34, 0x38, 0xff,
    0x30, 0x34, 0x30, 0xff, 0x30, 0x30, 0x30, 0xff, 0x30, 0x34, 0x30, 0xff,
    0x30, 0x34, 0x30, 0xff, 0x38, 0x34, 0x38, 0xff, 0x30, 0x30, 0x30, 0xff,
    0x30, 0x34, 0x30, 0xff, 0x38, 0x34, 0x38, 0xff, 0x30, 0x30, 0x30, 0xff,
    0x30, 0x34, 0x30, 0xff, 0x30, 0x34, 0x30, 0xff, 0x38, 0x30, 0x38, 0xff,
    0x30, 0x34, 0x30, 0xff, 0x30, 0x34, 0x30, 0xff, 0x30, 0x30, 0x30, 0xff,
    0x38, 0x34, 0x38, 0xff, 0x30, 0x34, 0x30, 0xff, 0x30, 0x30, 0x30, 0xff,
    0x30, 0x34, 0x30, 0xff, 0x30, 0x34, 0x30, 0xff, 0x30, 0x30, 0x30, 0xff,
    0x30, 0x34, 0x30, 0xff, 0x38, 0x30, 0x38, 0xff, 0x30, 0x34, 0x30, 0xff,
    0x30, 0x34, 0x30, 0xff, 0x38, 0x30, 0x38, 0xff, 0x30, 0x34, 0x30, 0xff,
    0x30, 0x30, 0x30, 0xff, 0x38, 0x34, 0x38, 0xfb, 0x30, 0x30, 0x30, 0x65,
    0x00, 0x00, 0x00, 0x00, 0x00, 0x00, 0x00, 0x00, 0x00, 0x00, 0x00, 0x00,
    0x00, 0x00, 0x00, 0x00, 0x00, 0x00, 0x00, 0x00, 0x00, 0x00, 0x00, 0x00,
    0x00, 0x00, 0x00, 0x00, 0x00, 0x00, 0x00, 0x00, 0x00, 0x00, 0x00, 0x00,
    0x00, 0x00, 0x00, 0x00, 0x00, 0x00, 0x00, 0x00, 0x00, 0x00, 0x00, 0x00,
    0x00, 0x00, 0x00, 0x00, 0x00, 0x00, 0x00, 0x00, 0x00, 0x00, 0x00, 0x00,
    0x00, 0x00, 0x00, 0x00, 0x00, 0x00, 0x00, 0x00, 0x00, 0x00, 0x00, 0x00,
    0x00, 0x00, 0x00, 0x00, 0x00, 0x00, 0x00, 0x00, 0x00, 0x00, 0x00, 0x00,
    0x00, 0x00, 0x00, 0x00, 0x00, 0x00, 0x00, 0x00, 0x00, 0x00, 0x00, 0x00,
    0x00, 0x00, 0x00, 0x00, 0x38, 0x34, 0x38, 0x28, 0x30, 0x34, 0x30, 0xa6,
    0x38, 0x34, 0x38, 0xff, 0x30, 0x34, 0x30, 0xff, 0x30, 0x30, 0x30, 0xff,
    0x38, 0x34, 0x38, 0xff, 0x30, 0x34, 0x30, 0xff, 0x30, 0x30, 0x30, 0xff,
    0x38, 0x34, 0x38, 0xff, 0x30, 0x34, 0x30, 0xff, 0x38, 0x30, 0x38, 0xff,
    0x30, 0x34, 0x30, 0xff, 0x30, 0x30, 0x30, 0xff, 0x38, 0x34, 0x38, 0xff,
    0x30, 0x34, 0x30, 0xff, 0x30, 0x30, 0x30, 0xff, 0x38, 0x34, 0x38, 0xff,
    0x30, 0x34, 0x30, 0xff, 0x38, 0x30, 0x38, 0xff, 0x30, 0x34, 0x30, 0xff,
    0x30, 0x30, 0x30, 0xff, 0x38, 0x30, 0x38, 0xff, 0x30, 0x34, 0x30, 0xff,
    0x30, 0x30, 0x30, 0xff, 0x38, 0x34, 0x38, 0xff, 0x30, 0x34, 0x30, 0xff,
    0x38, 0x30, 0x38, 0xff, 0x38, 0x34, 0x38, 0xff, 0x30, 0x34, 0x30, 0xff,
    0x30, 0x30, 0x30, 0xff, 0x30, 0x34, 0x30, 0xff, 0x38, 0x34, 0x38, 0xff,
    0x30, 0x30, 0x30, 0xff, 0x30, 0x34, 0x30, 0xff, 0x38, 0x34, 0x38, 0xff,
    0x30, 0x30, 0x30, 0xff, 0x30, 0x34, 0x30, 0xff, 0x38, 0x34, 0x38, 0xff,
    0x30, 0x30, 0x30, 0xff, 0x30, 0x34, 0x30, 0xff, 0x38, 0x34, 0x38, 0xff,
    0x30, 0x30, 0x30, 0xff, 0x30, 0x34, 0x30, 0xff, 0x38, 0x34, 0x38, 0xff,
    0x38, 0x34, 0x38, 0xff, 0x30, 0x34, 0x30, 0xff, 0x30, 0x34, 0x30, 0xff,
    0x38, 0x30, 0x38, 0xff, 0x30, 0x34, 0x30, 0xff, 0x30, 0x34, 0x30, 0xff,
    0x38, 0x30, 0x38, 0xff, 0x30, 0x34, 0x30, 0xff, 0x30, 0x34, 0x30, 0xa6,
    0x38, 0x34, 0x38, 0x24, 0x00, 0x00, 0x00, 0x00, 0x00, 0x00, 0x00, 0x00,
    0x00, 0x00, 0x00, 0x00, 0x00, 0x00, 0x00, 0x00, 0x00, 0x00, 0x00, 0x00,
    0x00, 0x00, 0x00, 0x00, 0x00, 0x00, 0x00, 0x00, 0x00, 0x00, 0x00, 0x00,
    0x00, 0x00, 0x00, 0x00, 0x00, 0x00, 0x00, 0x00, 0x00, 0x00, 0x00, 0x00,
    0x00, 0x00, 0x00, 0x00, 0x00, 0x00, 0x00, 0x00, 0x00, 0x00, 0x00, 0x00,
    0x00, 0x00, 0x00, 0x00, 0x00, 0x00, 0x00, 0x00, 0x00, 0x00, 0x00, 0x00,
    0x00, 0x00, 0x00, 0x00, 0x00, 0x00, 0x00, 0x00, 0x00, 0x00, 0x00, 0x00,
    0x00, 0x00, 0x00, 0x00, 0x00, 0x00, 0x00, 0x00, 0x00, 0x00, 0x00, 0x00,
    0x00, 0x00, 0x00, 0x00, 0x00, 0x00, 0x00, 0x00, 0x00, 0x00, 0x00, 0x00,
    0x00, 0x00, 0x00, 0x00, 0x00, 0x00, 0x00, 0x00, 0x38, 0x34, 0x38, 0x24,
    0x30, 0x30, 0x30, 0x79, 0x30, 0x30, 0x30, 0xba, 0x38, 0x34, 0x38, 0xe7,
    0x30, 0x34, 0x30, 0xfb, 0x38, 0x34, 0x38, 0xff, 0x30, 0x34, 0x30, 0xff,
    0x38, 0x34, 0x38, 0xff, 0x38, 0x34, 0x38, 0xff, 0x30, 0x34, 0x30, 0xff,
    0x38, 0x34, 0x38, 0xff, 0x30, 0x30, 0x30, 0xff, 0x30, 0x34, 0x30, 0xff,
    0x38, 0x34, 0x38, 0xff, 0x30, 0x34, 0x30, 0xff, 0x30, 0x34, 0x30, 0xff,
    0x38, 0x34, 0x38, 0xff, 0x38, 0x34, 0x38, 0xff, 0x30, 0x34, 0x30, 0xff,
    0x38, 0x34, 0x38, 0xff, 0x38, 0x34, 0x38, 0xff, 0x30, 0x30, 0x30, 0xff,
    0x30, 0x34, 0x30, 0xff, 0x38, 0x34, 0x38, 0xff, 0x30, 0x34, 0x30, 0xff,
    0x30, 0x34, 0x30, 0xff, 0x38, 0x34, 0x38, 0xff, 0x30, 0x30, 0x30, 0xff,
    0x38, 0x34, 0x38, 0xff, 0x30, 0x34, 0x30, 0xff, 0x30, 0x34, 0x30, 0xff,
    0x38, 0x34, 0x38, 0xff, 0x38, 0x34, 0x38, 0xff, 0x30, 0x30, 0x30, 0xff,
    0x30, 0x34, 0x30, 0xff, 0x38, 0x34, 0x38, 0xff, 0x30, 0x34, 0x30, 0xff,
    0x38, 0x34, 0x38, 0xff, 0x30, 0x34, 0x30, 0xff, 0x38, 0x34, 0x38, 0xff,
    0x30, 0x34, 0x30, 0xff, 0x38, 0x30, 0x38, 0xff, 0x30, 0x34, 0x30, 0xff,
    0x38, 0x34, 0x38, 0xff, 0x30, 0x34, 0x30, 0xff, 0x38, 0x34, 0x38, 0xfb,
    0x30, 0x34, 0x30, 0xe7, 0x30, 0x30, 0x30, 0xba, 0x30, 0x30, 0x30, 0x79,
    0x38, 0x38, 0x38, 0x24, 0x00, 0x00, 0x00, 0x00, 0x00, 0x00, 0x00, 0x00,
    0x00, 0x00, 0x00, 0x00, 0x00, 0x00, 0x00, 0x00, 0x00, 0x00, 0x00, 0x00,
    0x00, 0x00, 0x00, 0x00, 0x00, 0x00, 0x00, 0x00, 0x00, 0x00, 0x00, 0x00,
    0x00, 0x00, 0x00, 0x00, 0x00, 0x00, 0x00, 0x00, 0x00, 0x00, 0x00, 0x00,
    0x00, 0x00, 0x00, 0x00, 0x00, 0x00, 0x00, 0x00, 0x00, 0x00, 0x00, 0x00,
    0x00, 0x00, 0x00, 0x00, 0x00, 0x00, 0x00, 0x00, 0x00, 0x00, 0x00, 0x00,
    0x00, 0x00, 0x00, 0x00, 0x00, 0x00, 0x00, 0x00, 0x00, 0x00, 0x00, 0x00,
    0x00, 0x00, 0x00, 0x00, 0x00, 0x00, 0x00, 0x00, 0x00, 0x00, 0x00, 0x00,
    0x00, 0x00, 0x00, 0x00, 0x00, 0x00, 0x00, 0x00, 0x00, 0x00, 0x00, 0x00,
    0x00, 0x00, 0x00, 0x00, 0x00, 0x00, 0x00, 0x00, 0x00, 0x00, 0x00, 0x00,
    0x00, 0x00, 0x00, 0x00, 0x00, 0x00, 0x00, 0x00, 0x00, 0x00, 0x00, 0x00,
    0x00, 0x00, 0x00, 0x00, 0x00, 0x00, 0x00, 0x00, 0x00, 0x00, 0x00, 0x00,
    0x00, 0x00, 0x00, 0x00, 0x00, 0x00, 0x00, 0x00, 0x00, 0x00, 0x00, 0x00,
    0x00, 0x00, 0x00, 0x00, 0x00, 0x00, 0x00, 0x00, 0x00, 0x00, 0x00, 0x00,
    0x00, 0x00, 0x00, 0x00, 0x00, 0x00, 0x00, 0x00, 0x00, 0x00, 0x00, 0x00,
    0x00, 0x00, 0x00, 0x00, 0x00, 0x00, 0x00, 0x00, 0x00, 0x00, 0x00, 0x00,
    0x00, 0x00, 0x00, 0x00, 0x00, 0x00, 0x00, 0x00, 0x00, 0x00, 0x00, 0x00,
    0x00, 0x00, 0x00, 0x00, 0x00, 0x00, 0x00, 0x00, 0x00, 0x00, 0x00, 0x00,
    0x00, 0x00, 0x00, 0x00, 0x00, 0x00, 0x00, 0x00, 0x00, 0x00, 0x00, 0x00,
    0x00, 0x00, 0x00, 0x00, 0x00, 0x00, 0x00, 0x00, 0x00, 0x00, 0x00, 0x00,
    0x00, 0x00, 0x00, 0x00, 0x00, 0x00, 0x00, 0x00, 0x00, 0x00, 0x00, 0x00,
    0x00, 0x00, 0x00, 0x00, 0x00, 0x00, 0x00, 0x00, 0x00, 0x00, 0x00, 0x00,
    0x00, 0x00, 0x00, 0x00, 0x00, 0x00, 0x00, 0x00, 0x00, 0x00, 0x00, 0x00,
    0x00, 0x00, 0x00, 0x00, 0x00, 0x00, 0x00, 0x00, 0x00, 0x00, 0x00, 0x00,
    0x00, 0x00, 0x00, 0x00, 0x00, 0x00, 0x00, 0x00, 0x00, 0x00, 0x00, 0x00,
    0x00, 0x00, 0x00, 0x00, 0x00, 0x00, 0x00, 0x00, 0x00, 0x00, 0x00, 0x00,
    0x00, 0x00, 0x00, 0x00, 0x00, 0x00, 0x00, 0x00, 0x00, 0x00, 0x00, 0x00,
    0x00, 0x00, 0x00, 0x00, 0x00, 0x00, 0x00, 0x00, 0x00, 0x00, 0x00, 0x00,
    0x00, 0x00, 0x00, 0x00, 0x00, 0x00, 0x00, 0x00, 0x00, 0x00, 0x00, 0x00,
    0x00, 0x00, 0x00, 0x00, 0x00, 0x00, 0x00, 0x00, 0x00, 0x00, 0x00, 0x00,
    0x00, 0x00, 0x00, 0x00, 0x00, 0x00, 0x00, 0x00, 0x00, 0x00, 0x00, 0x00,
    0x00, 0x00, 0x00, 0x00, 0x00, 0x00, 0x00, 0x00, 0x00, 0x00, 0x00, 0x00,
    0x00, 0x00, 0x00, 0x00, 0x00, 0x00, 0x00, 0x00, 0x00, 0x00, 0x00, 0x00,
    0x00, 0x00, 0x00, 0x00, 0x00, 0x00, 0x00, 0x00, 0x00, 0x00, 0x00, 0x00,
    0x00, 0x00, 0x00, 0x00, 0x00, 0x00, 0x00, 0x00, 0x00, 0x00, 0x00, 0x00,
    0x00, 0x00, 0x00, 0x00, 0x00, 0x00, 0x00, 0x00, 0x00, 0x00, 0x00, 0x00,
    0x00, 0x00, 0x00, 0x00, 0x00, 0x00, 0x00, 0x00, 0x00, 0x00, 0x00, 0x00,
    0x00, 0x00, 0x00, 0x00, 0x00, 0x00, 0x00, 0x00, 0x00, 0x00, 0x00, 0x00,
    0x00, 0x00, 0x00, 0x00, 0x00, 0x00, 0x00, 0x00, 0x00, 0x00, 0x00, 0x00,
    0x00, 0x00, 0x00, 0x00, 0x00, 0x00, 0x00, 0x00, 0x00, 0x00, 0x00, 0x00,
    0x00, 0x00, 0x00, 0x00, 0x00, 0x00, 0x00, 0x00, 0x00, 0x00, 0x00, 0x00,
    0x00, 0x00, 0x00, 0x00, 0x00, 0x00, 0x00, 0x00, 0x00, 0x00, 0x00, 0x00,
    0x00, 0x00, 0x00, 0x00, 0x00, 0x00, 0x00, 0x00, 0x00, 0x00, 0x00, 0x00,
    0x00, 0x00, 0x00, 0x00, 0x00, 0x00, 0x00, 0x00, 0x00, 0x00, 0x00, 0x00,
    0x00, 0x00, 0x00, 0x00, 0x00, 0x00, 0x00, 0x00, 0x00, 0x00, 0x00, 0x00,
    0x00, 0x00, 0x00, 0x00, 0x00, 0x00, 0x00, 0x00, 0x00, 0x00, 0x00, 0x00,
    0x00, 0x00, 0x00, 0x00, 0x00, 0x00, 0x00, 0x00, 0x00, 0x00, 0x00, 0x00,
    0x00, 0x00, 0x00, 0x00, 0x00, 0x00, 0x00, 0x00, 0x00, 0x00, 0x00, 0x00,
    0x00, 0x00, 0x00, 0x00, 0x00, 0x00, 0x00, 0x00, 0x00, 0x00, 0x00, 0x00,
    0x00, 0x00, 0x00, 0x00, 0x00, 0x00, 0x00, 0x00, 0x00, 0x00, 0x00, 0x00,
    0x00, 0x00, 0x00, 0x00, 0x00, 0x00, 0x00, 0x00, 0x00, 0x00, 0x00, 0x00,
    0x00, 0x00, 0x00, 0x00, 0x00, 0x00, 0x00, 0x00, 0x00, 0x00, 0x00, 0x00,
    0x00, 0x00, 0x00, 0x00, 0x00, 0x00, 0x00, 0x00, 0x00, 0x00, 0x00, 0x00,
    0x00, 0x00, 0x00, 0x00, 0x00, 0x00, 0x00, 0x00, 0x00, 0x00, 0x00, 0x00,
    0x00, 0x00, 0x00, 0x00, 0x00, 0x00, 0x00, 0x00, 0x00, 0x00, 0x00, 0x00,
    0x00, 0x00, 0x00, 0x00, 0x00, 0x00, 0x00, 0x00, 0x00, 0x00, 0x00, 0x00,
    0x00, 0x00, 0x00, 0x00, 0x00, 0x00, 0x00, 0x00, 0x00, 0x00, 0x00, 0x00,
    0x00, 0x00, 0x00, 0x00, 0x00, 0x00, 0x00, 0x00, 0x00, 0x00, 0x00, 0x00,
    0x00, 0x00, 0x00, 0x00, 0x00, 0x00, 0x00, 0x00, 0x00, 0x00, 0x00, 0x00,
    0x00, 0x00, 0x00, 0x00, 0x00, 0x00, 0x00, 0x00, 0x00, 0x00, 0x00, 0x00,
    0x00, 0x00, 0x00, 0x00, 0x00, 0x00, 0x00, 0x00, 0x00, 0x00, 0x00, 0x00,
    0x00, 0x00, 0x00, 0x00, 0x00, 0x00, 0x00, 0x00, 0x00, 0x00, 0x00, 0x00,
    0x00, 0x00, 0x00, 0x00, 0x00, 0x00, 0x00, 0x00, 0x00, 0x00, 0x00, 0x00,
    0x00, 0x00, 0x00, 0x00, 0x00, 0x00, 0x00, 0x00, 0x00, 0x00, 0x00, 0x00,
    0x00, 0x00, 0x00, 0x00, 0x00, 0x00, 0x00, 0x00, 0x00, 0x00, 0x00, 0x00,
    0x00, 0x00, 0x00, 0x00, 0x00, 0x00, 0x00, 0x00, 0x00, 0x00, 0x00, 0x00,
    0x00, 0x00, 0x00, 0x00, 0x00, 0x00, 0x00, 0x00, 0x00, 0x00, 0x00, 0x00,
    0x00, 0x00, 0x00, 0x00, 0x00, 0x00, 0x00, 0x00, 0x00, 0x00, 0x00, 0x00,
    0x00, 0x00, 0x00, 0x00, 0x00, 0x00, 0x00, 0x00, 0x00, 0x00, 0x00, 0x00,
    0x00, 0x00, 0x00, 0x00, 0x00, 0x00, 0x00, 0x00, 0x00, 0x00, 0x00, 0x00,
    0x00, 0x00, 0x00, 0x00, 0x00, 0x00, 0x00, 0x00, 0x00, 0x00, 0x00, 0x00,
    0x00, 0x00, 0x00, 0x00, 0x00, 0x00, 0x00, 0x00, 0x00, 0x00, 0x00, 0x00,
    0x00, 0x00, 0x00, 0x00, 0x00, 0x00, 0x00, 0x00, 0x00, 0x00, 0x00, 0x00,
    0x00, 0x00, 0x00, 0x00, 0x00, 0x00, 0x00, 0x00, 0x00, 0x00, 0x00, 0x00,
    0x00, 0x00, 0x00, 0x00, 0x00, 0x00, 0x00, 0x00, 0x00, 0x00, 0x00, 0x00,
    0x00, 0x00, 0x00, 0x00, 0x00, 0x00, 0x00, 0x00, 0x00, 0x00, 0x00, 0x00,
    0x00, 0x00, 0x00, 0x00, 0x00, 0x00, 0x00, 0x00, 0x00, 0x00, 0x00, 0x00,
    0x00, 0x00, 0x00, 0x00, 0x00, 0x00, 0x00, 0x00, 0x00, 0x00, 0x00, 0x00,
    0x00, 0x00, 0x00, 0x00, 0x00, 0x00, 0x00, 0x00, 0x00, 0x00, 0x00, 0x00,
    0x00, 0x00, 0x00, 0x00, 0x00, 0x00, 0x00, 0x00, 0x00, 0x00, 0x00, 0x00,
    0x00, 0x00, 0x00, 0x00, 0x00, 0x00, 0x00, 0x00, 0x00, 0x00, 0x00, 0x00,
    0x00, 0x00, 0x00, 0x00, 0x00, 0x00, 0x00, 0x00, 0x00, 0x00, 0x00, 0x00,
    0x00, 0x00, 0x00, 0x00, 0x00, 0x00, 0x00, 0x00, 0x00, 0x00, 0x00, 0x00,
    0x00, 0x00, 0x00, 0x00, 0x00, 0x00, 0x00, 0x00, 0x00, 0x00, 0x00, 0x00,
    0x00, 0x00, 0x00, 0x00, 0x00, 0x00, 0x00, 0x00, 0x00, 0x00, 0x00, 0x00,
    0x00, 0x00, 0x00, 0x00, 0x00, 0x00, 0x00, 0x00, 0x00, 0x00, 0x00, 0x00,
    0x00, 0x00, 0x00, 0x00, 0x00, 0x00, 0x00, 0x00, 0x00, 0x00, 0x00, 0x00,
    0x00, 0x00, 0x00, 0x00, 0x00, 0x00, 0x00, 0x00, 0x00, 0x00, 0x00, 0x00,
    0x00, 0x00, 0x00, 0x00, 0x00, 0x00, 0x00, 0x00, 0x00, 0x00, 0x00, 0x00,
    0x00, 0x00, 0x00, 0x00, 0x00, 0x00, 0x00, 0x00, 0x00, 0x00, 0x00, 0x00,
    0x00, 0x00, 0x00, 0x00, 0x00, 0x00, 0x00, 0x00, 0x00, 0x00, 0x00, 0x00,
    0x00, 0x00, 0x00, 0x00, 0x00, 0x00, 0x00, 0x00, 0x00, 0x00, 0x00, 0x00,
    0x00, 0x00, 0x00, 0x00, 0x00, 0x00, 0x00, 0x00, 0x00, 0x00, 0x00, 0x00,
    0x00, 0x00, 0x00, 0x00, 0x00, 0x00, 0x00, 0x00, 0x00, 0x00, 0x00, 0x00,
    0x00, 0x00, 0x00, 0x00, 0x00, 0x00, 0x00, 0x00, 0x00, 0x00, 0x00, 0x00,
    0x00, 0x00, 0x00, 0x00, 0x00, 0x00, 0x00, 0x00, 0x00, 0x00, 0x00, 0x00,
    0x00, 0x00, 0x00, 0x00, 0x00, 0x00, 0x00, 0x00, 0x00, 0x00, 0x00, 0x00,
    0x00, 0x00, 0x00, 0x00, 0x00, 0x00, 0x00, 0x00, 0x00, 0x00, 0x00, 0x00,
    0x00, 0x00, 0x00, 0x00, 0x00, 0x00, 0x00, 0x00, 0x00, 0x00, 0x00, 0x00,
    0x00, 0x00, 0x00, 0x00, 0x00, 0x00, 0x00, 0x00, 0x00, 0x00, 0x00, 0x00,
    0x00, 0x00, 0x00, 0x00, 0x00, 0x00, 0x00, 0x00, 0x00, 0x00, 0x00, 0x00,
    0x00, 0x00, 0x00, 0x00, 0x00, 0x00, 0x00, 0x00, 0x00, 0x00, 0x00, 0x00,
    0x00, 0x00, 0x00, 0x00, 0x00, 0x00, 0x00, 0x00, 0x00, 0x00, 0x00, 0x00,
    0x00, 0x00, 0x00, 0x00, 0x00, 0x00, 0x00, 0x00, 0x00, 0x00, 0x00, 0x00,
    0x00, 0x00, 0x00, 0x00, 0x00, 0x00, 0x00, 0x00, 0x00, 0x00, 0x00, 0x00,
    0x00, 0x00, 0x00, 0x00, 0x00, 0x00, 0x00, 0x00, 0x00, 0x00, 0x00, 0x00,
    0x00, 0x00, 0x00, 0x00, 0x00, 0x00, 0x00, 0x00, 0x00, 0x00, 0x00, 0x00,
    0x00, 0x00, 0x00, 0x00, 0x00, 0x00, 0x00, 0x00, 0x00, 0x00, 0x00, 0x00,
    0x00, 0x00, 0x00, 0x00, 0x00, 0x00, 0x00, 0x00, 0x00, 0x00, 0x00, 0x00,
    0x00, 0x00, 0x00, 0x00, 0x00, 0x00, 0x00, 0x00, 0x00, 0x00, 0x00, 0x00,
    0x00, 0x00, 0x00, 0x00, 0x00, 0x00, 0x00, 0x00, 0x00, 0x00, 0x00, 0x00,
    0x00, 0x00, 0x00, 0x00, 0x00, 0x00, 0x00, 0x00, 0x00, 0x00, 0x00, 0x00,
    0x00, 0x00, 0x00, 0x00, 0x00, 0x00, 0x00, 0x00, 0x00, 0x00, 0x00, 0x00,
    0x00, 0x00, 0x00, 0x00, 0x00, 0x00, 0x00, 0x00, 0x00, 0x00, 0x00, 0x00,
    0x00, 0x00, 0x00, 0x00, 0x00, 0x00, 0x00, 0x00, 0x00, 0x00, 0x00, 0x00,
    0x00, 0x00, 0x00, 0x00, 0x00, 0x00, 0x00, 0x00, 0x00, 0x00, 0x00, 0x00,
    0x00, 0x00, 0x00, 0x00, 0x00, 0x00, 0x00, 0x00, 0x00, 0x00, 0x00, 0x00,
    0x00, 0x00, 0x00, 0x00, 0x00, 0x00, 0x00, 0x00, 0x00, 0x00, 0x00, 0x00,
    0x00, 0x00, 0x00, 0x00, 0x00, 0x00, 0x00, 0x00, 0x00, 0x00, 0x00, 0x00,
    0x00, 0x00, 0x00, 0x00, 0x00, 0x00, 0x00, 0x00, 0x00, 0x00, 0x00, 0x00,
    0x00, 0x00, 0x00, 0x00, 0x00, 0x00, 0x00, 0x00, 0x00, 0x00, 0x00, 0x00,
    0x00, 0x00, 0x00, 0x00, 0x00, 0x00, 0x00, 0x00, 0x00, 0x00, 0x00, 0x00,
    0x00, 0x00, 0x00, 0x00, 0x00, 0x00, 0x00, 0x00, 0x00, 0x00, 0x00, 0x00,
    0x00, 0x00, 0x00, 0x00, 0x00, 0x00, 0x00, 0x00, 0x00, 0x00, 0x00, 0x00,
    0x00, 0x00, 0x00, 0x00, 0x00, 0x00, 0x00, 0x00, 0x00, 0x00, 0x00, 0x00,
    0x00, 0x00, 0x00, 0x00, 0x00, 0x00, 0x00, 0x00, 0x00, 0x00, 0x00, 0x00,
    0x00, 0x00, 0x00, 0x00, 0x00, 0x00, 0x00, 0x00, 0x00, 0x00, 0x00, 0x00,
    0x00, 0x00, 0x00, 0x00, 0x00, 0x00, 0x00, 0x00, 0x00, 0x00, 0x00, 0x00,
    0x00, 0x00, 0x00, 0x00, 0x00, 0x00, 0x00, 0x00, 0x00, 0x00, 0x00, 0x00,
    0x00, 0x00, 0x00, 0x00, 0x00, 0x00, 0x00, 0x00, 0x00, 0x00, 0x00, 0x00,
    0x00, 0x00, 0x00, 0x00, 0x00, 0x00, 0x00, 0x00, 0x00, 0x00, 0x00, 0x00,
    0x00, 0x00, 0x00, 0x00, 0x00, 0x00, 0x00, 0x00, 0x00, 0x00, 0x00, 0x00,
    0x00, 0x00, 0x00, 0x00, 0x00, 0x00, 0x00, 0x00, 0x00, 0x00, 0x00, 0x00,
    0x00, 0x00, 0x00, 0x00, 0x00, 0x00, 0x00, 0x00, 0x00, 0x00, 0x00, 0x00,
    0x00, 0x00, 0x00, 0x00, 0x00, 0x00, 0x00, 0x00, 0x00, 0x00, 0x00, 0x00,
    0x00, 0x00, 0x00, 0x00, 0x00, 0x00, 0x00, 0x00, 0x00, 0x00, 0x00, 0x00,
    0x00, 0x00, 0x00, 0x00, 0x00, 0x00, 0x00, 0x00, 0x00, 0x00, 0x00, 0x00,
    0x00, 0x00, 0x00, 0x00, 0x00, 0x00, 0x00, 0x00, 0x00, 0x00, 0x00, 0x00,
    0x00, 0x00, 0x00, 0x00, 0x00, 0x00, 0x00, 0x00, 0x00, 0x00, 0x00, 0x00,
    0x00, 0x00, 0x00, 0x00, 0x00, 0x00, 0x00, 0x00, 0x00, 0x00, 0x00, 0x00,
    0x00, 0x00, 0x00, 0x00, 0x00, 0x00, 0x00, 0x00, 0x00, 0x00, 0x00, 0x00,
    0x00, 0x00, 0x00, 0x00, 0x00, 0x00, 0x00, 0x00, 0x00, 0x00, 0x00, 0x00,
    0x00, 0x00, 0x00, 0x00, 0x00, 0x00, 0x00, 0x00, 0x00, 0x00, 0x00, 0x00,
    0x00, 0x00, 0x00, 0x00, 0x00, 0x00, 0x00, 0x00, 0x00, 0x00, 0x00, 0x00,
    0x00, 0x00, 0x00, 0x00, 0x00, 0x00, 0x00, 0x00, 0x00, 0x00, 0x00, 0x00,
    0x00, 0x00, 0x00, 0x00, 0x00, 0x00, 0x00, 0x00, 0x00, 0x00, 0x00, 0x00,
    0x00, 0x00, 0x00, 0x00, 0x00, 0x00, 0x00, 0x00, 0x00, 0x00, 0x00, 0x00,
    0x00, 0x00, 0x00, 0x00, 0x00, 0x00, 0x00, 0x00, 0x00, 0x00, 0x00, 0x00,
    0x00, 0x00, 0x00, 0x00, 0x00, 0x00, 0x00, 0x00, 0x00, 0x00, 0x00, 0x00,
    0x00, 0x00, 0x00, 0x00, 0x00, 0x00, 0x00, 0x00, 0x00, 0x00, 0x00, 0x00,
    0x00, 0x00, 0x00, 0x00, 0x00, 0x00, 0x00, 0x00, 0x00, 0x00, 0x00, 0x00,
    0x00, 0x00, 0x00, 0x00, 0x00, 0x00, 0x00, 0x00, 0x00, 0x00, 0x00, 0x00,
    0x00, 0x00, 0x00, 0x00, 0x00, 0x00, 0x00, 0x00, 0x00, 0x00, 0x00, 0x00,
    0x00, 0x00, 0x00, 0x00, 0x00, 0x00, 0x00, 0x00, 0x00, 0x00, 0x00, 0x00,
    0x00, 0x00, 0x00, 0x00, 0x00, 0x00, 0x00, 0x00, 0x00, 0x00, 0x00, 0x00,
    0x00, 0x00, 0x00, 0x00, 0x00, 0x00, 0x00, 0x00, 0x00, 0x00, 0x00, 0x00,
    0x00, 0x00, 0x00, 0x00, 0x00, 0x00, 0x00, 0x00, 0x00, 0x00, 0x00, 0x00,
    0x00, 0x00, 0x00, 0x00, 0x00, 0x00, 0x00, 0x00, 0x00, 0x00, 0x00, 0x00,
    0x00, 0x00, 0x00, 0x00, 0x00, 0x00, 0x00, 0x00, 0x00, 0x00, 0x00, 0x00,
    0x00, 0x00, 0x00, 0x00, 0x00, 0x00, 0x00, 0x00, 0x00, 0x00, 0x00, 0x00,
    0x00, 0x00, 0x00, 0x00, 0x00, 0x00, 0x00, 0x00, 0x00, 0x00, 0x00, 0x00,
    0x00, 0x00, 0x00, 0x00, 0x00, 0x00, 0x00, 0x00, 0x00, 0x00, 0x00, 0x00,
    0x00, 0x00, 0x00, 0x00, 0x00, 0x00, 0x00, 0x00, 0x00, 0x00, 0x00, 0x00,
    0x00, 0x00, 0x00, 0x00, 0x00, 0x00, 0x00, 0x00, 0x00, 0x00, 0x00, 0x00,
    0x00, 0x00, 0x00, 0x00, 0x00, 0x00, 0x00, 0x00, 0x00, 0x00, 0x00, 0x00,
    0x00, 0x00, 0x00, 0x00, 0x00, 0x00, 0x00, 0x00, 0x00, 0x00, 0x00, 0x00,
    0x00, 0x00, 0x00, 0x00, 0x00, 0x00, 0x00, 0x00, 0x00, 0x00, 0x00, 0x00,
    0x00, 0x00, 0x00, 0x00, 0x00, 0x00, 0x00, 0x00, 0x00, 0x00, 0x00, 0x00,
    0x00, 0x00, 0x00, 0x00, 0x00, 0x00, 0x00, 0x00, 0x00, 0x00, 0x00, 0x00,
    0x00, 0x00, 0x00, 0x00, 0x00, 0x00, 0x00, 0x00, 0x00, 0x00, 0x00, 0x00,
    0x00, 0x00, 0x00, 0x00, 0x00, 0x00, 0x00, 0x00, 0x00, 0x00, 0x00, 0x00,
    0x00, 0x00, 0x00, 0x00, 0x00, 0x00, 0x00, 0x00, 0x00, 0x00, 0x00, 0x00,
    0x00, 0x00, 0x00, 0x00, 0x00, 0x00, 0x00, 0x00, 0x00, 0x00, 0x00, 0x00,
    0x00, 0x00, 0x00, 0x00, 0x00, 0x00, 0x00, 0x00, 0x00, 0x00, 0x00, 0x00,
    0x00, 0x00, 0x00, 0x00, 0x00, 0x00, 0x00, 0x00, 0x00, 0x00, 0x00, 0x00,
    0x00, 0x00, 0x00, 0x00, 0x00, 0x00, 0x00, 0x00, 0x00, 0x00, 0x00, 0x00,
    0x00, 0x00, 0x00, 0x00, 0x00, 0x00, 0x00, 0x00, 0x00, 0x00, 0x00, 0x00,
    0x00, 0x00, 0x00, 0x00, 0x00, 0x00, 0x00, 0x00, 0x00, 0x00, 0x00, 0x00,
    0x00, 0x00, 0x00, 0x00, 0x00, 0x00, 0x00, 0x00, 0x00, 0x00, 0x00, 0x00,
    0x00, 0x00, 0x00, 0x00, 0x00, 0x00, 0x00, 0x00, 0x00, 0x00, 0x00, 0x00,
    0x00, 0x00, 0x00, 0x00, 0x00, 0x00, 0x00, 0x00, 0x00, 0x00, 0x00, 0x00,
    0x00, 0x00, 0x00, 0x00, 0x00, 0x00, 0x00, 0x00, 0x00, 0x00, 0x00, 0x00,
    0x00, 0x00, 0x00, 0x00, 0x00, 0x00, 0x00, 0x00, 0x00, 0x00, 0x00, 0x00,
    0x00, 0x00, 0x00, 0x00, 0x00, 0x00, 0x00, 0x00, 0x00, 0x00, 0x00, 0x00,
    0x00, 0x00, 0x00, 0x00, 0x00, 0x00, 0x00, 0x00, 0x00, 0x00, 0x00, 0x00,
    0x00, 0x00, 0x00, 0x00, 0x00, 0x00, 0x00, 0x00, 0x00, 0x00, 0x00, 0x00,
    0x00, 0x00, 0x00, 0x00, 0x00, 0x00, 0x00, 0x00, 0x00, 0x00, 0x00, 0x00,
    0x00, 0x00, 0x00, 0x00, 0x00, 0x00, 0x00, 0x00, 0x00, 0x00, 0x00, 0x00,
    0x00, 0x00, 0x00, 0x00, 0x00, 0x00, 0x00, 0x00, 0x00, 0x00, 0x00, 0x00,
    0x00, 0x00, 0x00, 0x00, 0x00, 0x00, 0x00, 0x00, 0x00, 0x00, 0x00, 0x00,
    0x00, 0x00, 0x00, 0x00, 0x00, 0x00, 0x00, 0x00, 0x00, 0x00, 0x00, 0x00,
    0x00, 0x00, 0x00, 0x00, 0x00, 0x00, 0x00, 0x00, 0x00, 0x00, 0x00, 0x00,
    0x00, 0x00, 0x00, 0x00, 0x00, 0x00, 0x00, 0x00, 0x00, 0x00, 0x00, 0x00,
    0x00, 0x00, 0x00, 0x00, 0x00, 0x00, 0x00, 0x00, 0x00, 0x00, 0x00, 0x00,
    0x00, 0x00, 0x00, 0x00, 0x00, 0x00, 0x00, 0x00, 0x00, 0x00, 0x00, 0x00,
    0x00, 0x00, 0x00, 0x00, 0x00, 0x00, 0x00, 0x00, 0x00, 0x00, 0x00, 0x00,
    0x00, 0x00, 0x00, 0x00, 0x00, 0x00, 0x00, 0x00, 0x00, 0x00, 0x00, 0x00,
    0x00, 0x00, 0x00, 0x00, 0x00, 0x00, 0x00, 0x00, 0x00, 0x00, 0x00, 0x00,
    0x00, 0x00, 0x00, 0x00, 0x00, 0x00, 0x00, 0x00, 0x00, 0x00, 0x00, 0x00,
    0x00, 0x00, 0x00, 0x00, 0x00, 0x00, 0x00, 0x00, 0x00, 0x00, 0x00, 0x00,
    0x00, 0x00, 0x00, 0x00, 0x00, 0x00, 0x00, 0x00, 0x00, 0x00, 0x00, 0x00,
    0x00, 0x00, 0x00, 0x00, 0x00, 0x00, 0x00, 0x00, 0x00, 0x00, 0x00, 0x00,
    0x00, 0x00, 0x00, 0x00, 0x00, 0x00, 0x00, 0x00, 0x00, 0x00, 0x00, 0x00,
    0x00, 0x00, 0x00, 0x00, 0x00, 0x00, 0x00, 0x00, 0x00, 0x00, 0x00, 0x00,
    0x00, 0x00, 0x00, 0x00, 0x00, 0x00, 0x00, 0x00, 0x00, 0x00, 0x00, 0x00,
    0x00, 0x00, 0x00, 0x00, 0x00, 0x00, 0x00, 0x00, 0x00, 0x00, 0x00, 0x00,
    0x00, 0x00, 0x00, 0x00, 0x00, 0x00, 0x00, 0x00, 0x00, 0x00, 0x00, 0x00,
    0x00, 0x00, 0x00, 0x00, 0x00, 0x00, 0x00, 0x00, 0x00, 0x00, 0x00, 0x00,
    0x00, 0x00, 0x00, 0x00, 0x00, 0x00, 0x00, 0x00, 0x00, 0x00, 0x00, 0x00,
    0x00, 0x00, 0x00, 0x00, 0x00, 0x00, 0x00, 0x00, 0x00, 0x00, 0x00, 0x00,
    0x00, 0x00, 0x00, 0x00, 0x00, 0x00, 0x00, 0x00, 0x00, 0x00, 0x00, 0x00,
    0x00, 0x00, 0x00, 0x00, 0x00, 0x00, 0x00, 0x00, 0x00, 0x00, 0x00, 0x00,
    0x00, 0x00, 0x00, 0x00, 0x00, 0x00, 0x00, 0x00, 0x00, 0x00, 0x00, 0x00,
    0x00, 0x00, 0x00, 0x00, 0x00, 0x00, 0x00, 0x00, 0x00, 0x00, 0x00, 0x00,
    0x00, 0x00, 0x00, 0x00, 0x00, 0x00, 0x00, 0x00, 0x00, 0x00, 0x00, 0x00,
    0x00, 0x00, 0x00, 0x00, 0x00, 0x00, 0x00, 0x00, 0x00, 0x00, 0x00, 0x00,
    0x00, 0x00, 0x00, 0x00, 0x00, 0x00, 0x00, 0x00, 0x00, 0x00, 0x00, 0x00,
    0x00, 0x00, 0x00, 0x00, 0x00, 0x00, 0x00, 0x00, 0x00, 0x00, 0x00, 0x00,
    0x00, 0x00, 0x00, 0x00, 0x00, 0x00, 0x00, 0x00
};
