// 4.26.0 0x3e256b66 D2 AY R0 FARGB8888 U565 N0 SExtFlashSection
// Generated by imageconverter. Please, do not edit!

#include <touchgfx/hal/Config.hpp>

LOCATION_PRAGMA("ExtFlashSection")
KEEP extern const unsigned char image_steering[] LOCATION_ATTRIBUTE("ExtFlashSection") = { // 140x140 ARGB8888 pixels.
    0x00, 0x00, 0x00, 0x00, 0x00, 0x00, 0x00, 0x00, 0x00, 0x00, 0x00, 0x00,
    0x00, 0x00, 0x00, 0x00, 0x00, 0x00, 0x00, 0x00, 0x00, 0x00, 0x00, 0x00,
    0x00, 0x00, 0x00, 0x00, 0x00, 0x00, 0x00, 0x00, 0x00, 0x00, 0x00, 0x00,
    0x00, 0x00, 0x00, 0x00, 0x00, 0x00, 0x00, 0x00, 0x00, 0x00, 0x00, 0x00,
    0x00, 0x00, 0x00, 0x00, 0x00, 0x00, 0x00, 0x00, 0x00, 0x00, 0x00, 0x00,
    0x00, 0x00, 0x00, 0x00, 0x00, 0x00, 0x00, 0x00, 0x00, 0x00, 0x00, 0x00,
    0x00, 0x00, 0x00, 0x00, 0x00, 0x00, 0x00, 0x00, 0x00, 0x00, 0x00, 0x00,
    0x00, 0x00, 0x00, 0x00, 0x00, 0x00, 0x00, 0x00, 0x00, 0x00, 0x00, 0x00,
    0x00, 0x00, 0x00, 0x00, 0x00, 0x00, 0x00, 0x00, 0x00, 0x00, 0x00, 0x00,
    0x00, 0x00, 0x00, 0x00, 0x00, 0x00, 0x00, 0x00, 0x00, 0x00, 0x00, 0x00,
    0x00, 0x00, 0x00, 0x00, 0x00, 0x00, 0x00, 0x00, 0x00, 0x00, 0x00, 0x00,
    0x00, 0x00, 0x00, 0x00, 0x00, 0x00, 0x00, 0x00, 0x00, 0x00, 0x00, 0x00,
    0x00, 0x00, 0x00, 0x00, 0x00, 0x00, 0x00, 0x00, 0x00, 0x00, 0x00, 0x00,
    0x00, 0x00, 0x00, 0x00, 0x00, 0x00, 0x00, 0x00, 0x00, 0x00, 0x00, 0x00,
    0x00, 0x00, 0x00, 0x00, 0x00, 0x00, 0x00, 0x00, 0x00, 0x00, 0x00, 0x00,
    0x00, 0x00, 0x00, 0x00, 0x00, 0x00, 0x00, 0x00, 0x00, 0x00, 0x00, 0x00,
    0x00, 0x00, 0x00, 0x00, 0x00, 0x00, 0x00, 0x00, 0x00, 0x00, 0x00, 0x00,
    0x00, 0x00, 0x00, 0x00, 0x00, 0x00, 0x00, 0x00, 0x00, 0x00, 0x00, 0x00,
    0x00, 0x00, 0x00, 0x00, 0x00, 0x00, 0x00, 0x00, 0x00, 0x00, 0x00, 0x00,
    0x00, 0x00, 0x00, 0x00, 0x00, 0x00, 0x00, 0x00, 0x00, 0x00, 0x00, 0x00,
    0x00, 0x00, 0x00, 0x00, 0x00, 0x00, 0x00, 0x00, 0x00, 0x00, 0x00, 0x00,
    0x00, 0x00, 0x00, 0x00, 0x00, 0x00, 0x00, 0x00, 0x00, 0x00, 0x00, 0x00,
    0x00, 0x00, 0x00, 0x00, 0x00, 0x00, 0x00, 0x00, 0x00, 0x00, 0x00, 0x00,
    0x00, 0x00, 0x00, 0x00, 0x00, 0x00, 0x00, 0x00, 0x00, 0x00, 0x00, 0x00,
    0x00, 0x00, 0x00, 0x00, 0x00, 0x00, 0x00, 0x00, 0x00, 0x00, 0x00, 0x00,
    0x00, 0x00, 0x00, 0x00, 0x00, 0x00, 0x00, 0x00, 0x00, 0x00, 0x00, 0x00,
    0x00, 0x00, 0x00, 0x00, 0x00, 0x00, 0x00, 0x00, 0x00, 0x00, 0x00, 0x00,
    0x00, 0x00, 0x00, 0x00, 0x00, 0x00, 0x00, 0x00, 0x00, 0x00, 0x00, 0x00,
    0x00, 0x00, 0x00, 0x00, 0x00, 0x00, 0x00, 0x00, 0x00, 0x00, 0x00, 0x00,
    0x00, 0x00, 0x00, 0x00, 0x00, 0x00, 0x00, 0x00, 0x00, 0x00, 0x00, 0x00,
    0x00, 0x00, 0x00, 0x00, 0x00, 0x00, 0x00, 0x00, 0x00, 0x00, 0x00, 0x00,
    0x00, 0x00, 0x00, 0x00, 0x00, 0x00, 0x00, 0x00, 0x00, 0x00, 0x00, 0x00,
    0x00, 0x00, 0x00, 0x00, 0x00, 0x00, 0x00, 0x00, 0x00, 0x00, 0x00, 0x00,
    0x00, 0x00, 0x00, 0x00, 0x00, 0x00, 0x00, 0x00, 0x00, 0x00, 0x00, 0x00,
    0x00, 0x00, 0x00, 0x00, 0x00, 0x00, 0x00, 0x00, 0x00, 0x00, 0x00, 0x00,
    0x00, 0x00, 0x00, 0x00, 0x00, 0x00, 0x00, 0x00, 0x00, 0x00, 0x00, 0x00,
    0x00, 0x00, 0x00, 0x00, 0x00, 0x00, 0x00, 0x00, 0x00, 0x00, 0x00, 0x00,
    0x00, 0x00, 0x00, 0x00, 0x00, 0x00, 0x00, 0x00, 0x00, 0x00, 0x00, 0x00,
    0x00, 0x00, 0x00, 0x00, 0x00, 0x00, 0x00, 0x00, 0x00, 0x00, 0x00, 0x00,
    0x00, 0x00, 0x00, 0x00, 0x00, 0x00, 0x00, 0x00, 0x00, 0x00, 0x00, 0x00,
    0x00, 0x00, 0x00, 0x00, 0x00, 0x00, 0x00, 0x00, 0x00, 0x00, 0x00, 0x00,
    0x00, 0x00, 0x00, 0x00, 0x00, 0x00, 0x00, 0x00, 0x00, 0x00, 0x00, 0x00,
    0x00, 0x00, 0x00, 0x00, 0x00, 0x00, 0x00, 0x00, 0x00, 0x00, 0x00, 0x00,
    0x00, 0x00, 0x00, 0x00, 0x00, 0x00, 0x00, 0x00, 0x00, 0x00, 0x00, 0x00,
    0x00, 0x00, 0x00, 0x00, 0x00, 0x00, 0x00, 0x00, 0x00, 0x00, 0x00, 0x00,
    0x00, 0x00, 0x00, 0x00, 0x00, 0x00, 0x00, 0x00, 0x00, 0x00, 0x00, 0x00,
    0x00, 0x00, 0x00, 0x00, 0x00, 0x00, 0x00, 0x00, 0x00, 0x00, 0x00, 0x00,
    0x00, 0x00, 0x00, 0x00, 0x00, 0x00, 0x00, 0x00, 0x00, 0x00, 0x00, 0x00,
    0x00, 0x00, 0x00, 0x00, 0x00, 0x00, 0x00, 0x00, 0x00, 0x00, 0x00, 0x00,
    0x00, 0x00, 0x00, 0x00, 0x00, 0x00, 0x00, 0x00, 0x00, 0x00, 0x00, 0x00,
    0x00, 0x00, 0x00, 0x00, 0x00, 0x00, 0x00, 0x00, 0x00, 0x00, 0x00, 0x00,
    0x00, 0x00, 0x00, 0x00, 0x00, 0x00, 0x00, 0x00, 0x00, 0x00, 0x00, 0x00,
    0x00, 0x00, 0x00, 0x00, 0x00, 0x00, 0x00, 0x00, 0x00, 0x00, 0x00, 0x00,
    0x00, 0x00, 0x00, 0x00, 0x00, 0x00, 0x00, 0x00, 0x00, 0x00, 0x00, 0x00,
    0x00, 0x00, 0x00, 0x00, 0x00, 0x00, 0x00, 0x00, 0x00, 0x00, 0x00, 0x00,
    0x00, 0x00, 0x00, 0x00, 0x00, 0x00, 0x00, 0x00, 0x00, 0x00, 0x00, 0x00,
    0x00, 0x00, 0x00, 0x00, 0x00, 0x00, 0x00, 0x00, 0x00, 0x00, 0x00, 0x00,
    0x00, 0x00, 0x00, 0x00, 0x00, 0x00, 0x00, 0x00, 0x00, 0x00, 0x00, 0x00,
    0x00, 0x00, 0x00, 0x00, 0x00, 0x00, 0x00, 0x00, 0x00, 0x00, 0x00, 0x00,
    0x00, 0x00, 0x00, 0x00, 0x00, 0x00, 0x00, 0x00, 0x00, 0x00, 0x00, 0x00,
    0x00, 0x00, 0x00, 0x00, 0x00, 0x00, 0x00, 0x00, 0x00, 0x00, 0x00, 0x00,
    0x00, 0x00, 0x00, 0x00, 0x00, 0x00, 0x00, 0x00, 0x00, 0x00, 0x00, 0x00,
    0x00, 0x00, 0x00, 0x00, 0x00, 0x00, 0x00, 0x00, 0x00, 0x00, 0x00, 0x00,
    0x00, 0x00, 0x00, 0x00, 0x00, 0x00, 0x00, 0x00, 0x00, 0x00, 0x00, 0x00,
    0x00, 0x00, 0x00, 0x00, 0x00, 0x00, 0x00, 0x00, 0x00, 0x00, 0x00, 0x00,
    0x00, 0x00, 0x00, 0x00, 0x00, 0x00, 0x00, 0x00, 0x00, 0x00, 0x00, 0x00,
    0x00, 0x00, 0x00, 0x00, 0x00, 0x00, 0x00, 0x00, 0x00, 0x00, 0x00, 0x00,
    0x00, 0x00, 0x00, 0x00, 0x00, 0x00, 0x00, 0x00, 0x00, 0x00, 0x00, 0x00,
    0x00, 0x00, 0x00, 0x00, 0x00, 0x00, 0x00, 0x00, 0x00, 0x00, 0x00, 0x00,
    0x00, 0x00, 0x00, 0x00, 0x00, 0x00, 0x00, 0x00, 0x00, 0x00, 0x00, 0x00,
    0x00, 0x00, 0x00, 0x00, 0x00, 0x00, 0x00, 0x00, 0x00, 0x00, 0x00, 0x00,
    0x00, 0x00, 0x00, 0x00, 0x00, 0x00, 0x00, 0x00, 0x00, 0x00, 0x00, 0x00,
    0x00, 0x00, 0x00, 0x00, 0x00, 0x00, 0x00, 0x00, 0x00, 0x00, 0x00, 0x00,
    0x00, 0x00, 0x00, 0x00, 0x00, 0x00, 0x00, 0x00, 0x00, 0x00, 0x00, 0x00,
    0x00, 0x00, 0x00, 0x00, 0x00, 0x00, 0x00, 0x00, 0x00, 0x00, 0x00, 0x00,
    0x00, 0x00, 0x00, 0x00, 0x00, 0x00, 0x00, 0x00, 0x00, 0x00, 0x00, 0x00,
    0x00, 0x00, 0x00, 0x00, 0x00, 0x00, 0x00, 0x00, 0x00, 0x00, 0x00, 0x00,
    0x00, 0x00, 0x00, 0x00, 0x00, 0x00, 0x00, 0x00, 0x00, 0x00, 0x00, 0x00,
    0x00, 0x00, 0x00, 0x00, 0x00, 0x00, 0x00, 0x00, 0x00, 0x00, 0x00, 0x00,
    0x00, 0x00, 0x00, 0x00, 0x00, 0x00, 0x00, 0x00, 0x00, 0x00, 0x00, 0x00,
    0x00, 0x00, 0x00, 0x00, 0x00, 0x00, 0x00, 0x00, 0x00, 0x00, 0x00, 0x00,
    0x00, 0x00, 0x00, 0x00, 0x00, 0x00, 0x00, 0x00, 0x00, 0x00, 0x00, 0x00,
    0x00, 0x00, 0x00, 0x00, 0x00, 0x00, 0x00, 0x00, 0x00, 0x00, 0x00, 0x00,
    0x00, 0x00, 0x00, 0x00, 0x00, 0x00, 0x00, 0x00, 0x00, 0x00, 0x00, 0x00,
    0x00, 0x00, 0x00, 0x00, 0x00, 0x00, 0x00, 0x00, 0x00, 0x00, 0x00, 0x00,
    0x00, 0x00, 0x00, 0x00, 0x00, 0x00, 0x00, 0x00, 0x00, 0x00, 0x00, 0x00,
    0x00, 0x00, 0x00, 0x00, 0x00, 0x00, 0x00, 0x00, 0x00, 0x00, 0x00, 0x00,
    0x00, 0x00, 0x00, 0x00, 0x00, 0x00, 0x00, 0x00, 0x00, 0x00, 0x00, 0x00,
    0x00, 0x00, 0x00, 0x00, 0x00, 0x00, 0x00, 0x00, 0x00, 0x00, 0x00, 0x00,
    0x00, 0x00, 0x00, 0x00, 0x00, 0x00, 0x00, 0x00, 0x00, 0x00, 0x00, 0x00,
    0x00, 0x00, 0x00, 0x00, 0x00, 0x00, 0x00, 0x00, 0x00, 0x00, 0x00, 0x00,
    0x00, 0x00, 0x00, 0x00, 0x00, 0x00, 0x00, 0x00, 0x00, 0x00, 0x00, 0x00,
    0x00, 0x00, 0x00, 0x00, 0x00, 0x00, 0x00, 0x00, 0x00, 0x00, 0x00, 0x00,
    0x00, 0x00, 0x00, 0x00, 0x00, 0x00, 0x00, 0x00, 0x00, 0x00, 0x00, 0x00,
    0x00, 0x00, 0x00, 0x00, 0x00, 0x00, 0x00, 0x00, 0x00, 0x00, 0x00, 0x00,
    0x00, 0x00, 0x00, 0x00, 0x00, 0x00, 0x00, 0x00, 0x00, 0x00, 0x00, 0x00,
    0x00, 0x00, 0x00, 0x00, 0x00, 0x00, 0x00, 0x00, 0x00, 0x00, 0x00, 0x00,
    0x00, 0x00, 0x00, 0x00, 0x00, 0x00, 0x00, 0x00, 0x00, 0x00, 0x00, 0x00,
    0x00, 0x00, 0x00, 0x00, 0x00, 0x00, 0x00, 0x00, 0x00, 0x00, 0x00, 0x00,
    0x00, 0x00, 0x00, 0x00, 0x00, 0x00, 0x00, 0x00, 0x00, 0x00, 0x00, 0x00,
    0x00, 0x00, 0x00, 0x00, 0x00, 0x00, 0x00, 0x00, 0x00, 0x00, 0x00, 0x00,
    0x00, 0x00, 0x00, 0x00, 0x00, 0x00, 0x00, 0x00, 0x00, 0x00, 0x00, 0x00,
    0x00, 0x00, 0x00, 0x00, 0x00, 0x00, 0x00, 0x00, 0x00, 0x00, 0x00, 0x00,
    0x00, 0x00, 0x00, 0x00, 0x00, 0x00, 0x00, 0x00, 0x00, 0x00, 0x00, 0x00,
    0x00, 0x00, 0x00, 0x00, 0x00, 0x00, 0x00, 0x00, 0x00, 0x00, 0x00, 0x00,
    0x00, 0x00, 0x00, 0x00, 0x00, 0x00, 0x00, 0x00, 0x00, 0x00, 0x00, 0x00,
    0x00, 0x00, 0x00, 0x00, 0x00, 0x00, 0x00, 0x00, 0x00, 0x00, 0x00, 0x00,
    0x00, 0x00, 0x00, 0x00, 0x00, 0x00, 0x00, 0x00, 0x00, 0x00, 0x00, 0x00,
    0x00, 0x00, 0x00, 0x00, 0x00, 0x00, 0x00, 0x00, 0x00, 0x00, 0x00, 0x00,
    0x00, 0x00, 0x00, 0x00, 0x00, 0x00, 0x00, 0x00, 0x00, 0x00, 0x00, 0x00,
    0x00, 0x00, 0x00, 0x00, 0x00, 0x00, 0x00, 0x00, 0x00, 0x00, 0x00, 0x00,
    0x00, 0x00, 0x00, 0x00, 0x00, 0x00, 0x00, 0x00, 0x00, 0x00, 0x00, 0x00,
    0x00, 0x00, 0x00, 0x00, 0x00, 0x00, 0x00, 0x00, 0x00, 0x00, 0x00, 0x00,
    0x00, 0x00, 0x00, 0x00, 0x00, 0x00, 0x00, 0x00, 0x00, 0x00, 0x00, 0x00,
    0x00, 0x00, 0x00, 0x00, 0x00, 0x00, 0x00, 0x00, 0x00, 0x00, 0x00, 0x00,
    0x00, 0x00, 0x00, 0x00, 0x00, 0x00, 0x00, 0x00, 0x00, 0x00, 0x00, 0x00,
    0x00, 0x00, 0x00, 0x00, 0x00, 0x00, 0x00, 0x00, 0x00, 0x00, 0x00, 0x00,
    0x00, 0x00, 0x00, 0x00, 0x00, 0x00, 0x00, 0x00, 0x00, 0x00, 0x00, 0x00,
    0x00, 0x00, 0x00, 0x00, 0x00, 0x00, 0x00, 0x00, 0x00, 0x00, 0x00, 0x00,
    0x00, 0x00, 0x00, 0x00, 0x00, 0x00, 0x00, 0x00, 0x00, 0x00, 0x00, 0x00,
    0x00, 0x00, 0x00, 0x00, 0x00, 0x00, 0x00, 0x00, 0x00, 0x00, 0x00, 0x00,
    0x00, 0x00, 0x00, 0x00, 0x00, 0x00, 0x00, 0x00, 0x00, 0x00, 0x00, 0x00,
    0x00, 0x00, 0x00, 0x00, 0x00, 0x00, 0x00, 0x00, 0x00, 0x00, 0x00, 0x00,
    0x00, 0x00, 0x00, 0x00, 0x00, 0x00, 0x00, 0x00, 0x00, 0x00, 0x00, 0x00,
    0x00, 0x00, 0x00, 0x00, 0x00, 0x00, 0x00, 0x00, 0x00, 0x00, 0x00, 0x00,
    0x00, 0x00, 0x00, 0x00, 0x00, 0x00, 0x00, 0x00, 0x00, 0x00, 0x00, 0x00,
    0x00, 0x00, 0x00, 0x00, 0x00, 0x00, 0x00, 0x00, 0x00, 0x00, 0x00, 0x00,
    0x00, 0x00, 0x00, 0x00, 0x00, 0x00, 0x00, 0x00, 0x00, 0x00, 0x00, 0x00,
    0x00, 0x00, 0x00, 0x00, 0x00, 0x00, 0x00, 0x00, 0x00, 0x00, 0x00, 0x00,
    0x00, 0x00, 0x00, 0x00, 0x00, 0x00, 0x00, 0x00, 0x00, 0x00, 0x00, 0x00,
    0x00, 0x00, 0x00, 0x00, 0x00, 0x00, 0x00, 0x00, 0x00, 0x00, 0x00, 0x00,
    0x00, 0x00, 0x00, 0x00, 0x00, 0x00, 0x00, 0x00, 0x00, 0x00, 0x00, 0x00,
    0x00, 0x00, 0x00, 0x00, 0x00, 0x00, 0x00, 0x00, 0x00, 0x00, 0x00, 0x00,
    0x00, 0x00, 0x00, 0x00, 0x00, 0x00, 0x00, 0x00, 0x00, 0x00, 0x00, 0x00,
    0x00, 0x00, 0x00, 0x00, 0x00, 0x00, 0x00, 0x00, 0x00, 0x00, 0x00, 0x00,
    0x00, 0x00, 0x00, 0x00, 0x00, 0x00, 0x00, 0x00, 0x00, 0x00, 0x00, 0x00,
    0x00, 0x00, 0x00, 0x00, 0x00, 0x00, 0x00, 0x00, 0x00, 0x00, 0x00, 0x00,
    0x00, 0x00, 0x00, 0x00, 0x00, 0x00, 0x00, 0x00, 0x00, 0x00, 0x00, 0x00,
    0x00, 0x00, 0x00, 0x00, 0x00, 0x00, 0x00, 0x00, 0x00, 0x00, 0x00, 0x00,
    0x00, 0x00, 0x00, 0x00, 0x00, 0x00, 0x00, 0x00, 0x00, 0x00, 0x00, 0x00,
    0x00, 0x00, 0x00, 0x00, 0x00, 0x00, 0x00, 0x00, 0x00, 0x00, 0x00, 0x00,
    0x00, 0x00, 0x00, 0x00, 0x00, 0x00, 0x00, 0x00, 0x00, 0x00, 0x00, 0x00,
    0x00, 0x00, 0x00, 0x00, 0x00, 0x00, 0x00, 0x00, 0x00, 0x00, 0x00, 0x00,
    0x00, 0x00, 0x00, 0x00, 0x00, 0x00, 0x00, 0x00, 0x00, 0x00, 0x00, 0x00,
    0x00, 0x00, 0x00, 0x00, 0x00, 0x00, 0x00, 0x00, 0x00, 0x00, 0x00, 0x00,
    0x00, 0x00, 0x00, 0x00, 0x00, 0x00, 0x00, 0x00, 0x00, 0x00, 0x00, 0x00,
    0x00, 0x00, 0x00, 0x00, 0x00, 0x00, 0x00, 0x00, 0x00, 0x00, 0x00, 0x00,
    0x00, 0x00, 0x00, 0x00, 0x00, 0x00, 0x00, 0x00, 0x00, 0x00, 0x00, 0x00,
    0x00, 0x00, 0x00, 0x00, 0x00, 0x00, 0x00, 0x00, 0x00, 0x00, 0x00, 0x00,
    0x00, 0x00, 0x00, 0x00, 0x00, 0x00, 0x00, 0x00, 0x00, 0x00, 0x00, 0x00,
    0x00, 0x00, 0x00, 0x00, 0x00, 0x00, 0x00, 0x00, 0x00, 0x00, 0x00, 0x00,
    0x00, 0x00, 0x00, 0x00, 0x00, 0x00, 0x00, 0x00, 0x00, 0x00, 0x00, 0x00,
    0x00, 0x00, 0x00, 0x00, 0x00, 0x00, 0x00, 0x00, 0x00, 0x00, 0x00, 0x00,
    0x00, 0x00, 0x00, 0x00, 0x00, 0x00, 0x00, 0x00, 0x00, 0x00, 0x00, 0x00,
    0x00, 0x00, 0x00, 0x00, 0x00, 0x00, 0x00, 0x00, 0x00, 0x00, 0x00, 0x00,
    0x00, 0x00, 0x00, 0x00, 0x00, 0x00, 0x00, 0x00, 0x00, 0x00, 0x00, 0x00,
    0x00, 0x00, 0x00, 0x00, 0x00, 0x00, 0x00, 0x00, 0x00, 0x00, 0x00, 0x00,
    0x00, 0x00, 0x00, 0x00, 0x00, 0x00, 0x00, 0x00, 0x00, 0x00, 0x00, 0x00,
    0x00, 0x00, 0x00, 0x00, 0x00, 0x00, 0x00, 0x00, 0x00, 0x00, 0x00, 0x00,
    0x00, 0x00, 0x00, 0x00, 0x00, 0x00, 0x00, 0x00, 0x00, 0x00, 0x00, 0x00,
    0x00, 0x00, 0x00, 0x00, 0x00, 0x00, 0x00, 0x00, 0x00, 0x00, 0x00, 0x00,
    0x00, 0x00, 0x00, 0x00, 0x00, 0x00, 0x00, 0x00, 0x00, 0x00, 0x00, 0x00,
    0x00, 0x00, 0x00, 0x00, 0x00, 0x00, 0x00, 0x00, 0x00, 0x00, 0x00, 0x00,
    0x00, 0x00, 0x00, 0x00, 0x00, 0x00, 0x00, 0x00, 0x00, 0x00, 0x00, 0x00,
    0x00, 0x00, 0x00, 0x00, 0x00, 0x00, 0x00, 0x00, 0x00, 0x00, 0x00, 0x00,
    0x00, 0x00, 0x00, 0x00, 0x00, 0x00, 0x00, 0x00, 0x00, 0x00, 0x00, 0x00,
    0x00, 0x00, 0x00, 0x00, 0x00, 0x00, 0x00, 0x00, 0x00, 0x00, 0x00, 0x00,
    0x00, 0x00, 0x00, 0x00, 0x00, 0x00, 0x00, 0x00, 0x00, 0x00, 0x00, 0x00,
    0x00, 0x00, 0x00, 0x00, 0x00, 0x00, 0x00, 0x00, 0x00, 0x00, 0x00, 0x00,
    0x00, 0x00, 0x00, 0x00, 0x00, 0x00, 0x00, 0x00, 0x00, 0x00, 0x00, 0x00,
    0x00, 0x00, 0x00, 0x00, 0x00, 0x00, 0x00, 0x00, 0x00, 0x00, 0x00, 0x00,
    0x00, 0x00, 0x00, 0x00, 0x00, 0x00, 0x00, 0x00, 0x00, 0x00, 0x00, 0x00,
    0x00, 0x00, 0x00, 0x00, 0x00, 0x00, 0x00, 0x00, 0x00, 0x00, 0x00, 0x00,
    0x00, 0x00, 0x00, 0x00, 0x00, 0x00, 0x00, 0x00, 0x00, 0x00, 0x00, 0x00,
    0x00, 0x00, 0x00, 0x00, 0x00, 0x00, 0x00, 0x00, 0x00, 0x00, 0x00, 0x00,
    0x00, 0x00, 0x00, 0x00, 0x00, 0x00, 0x00, 0x00, 0x00, 0x00, 0x00, 0x00,
    0x00, 0x00, 0x00, 0x00, 0x00, 0x00, 0x00, 0x00, 0x00, 0x00, 0x00, 0x00,
    0x00, 0x00, 0x00, 0x00, 0x00, 0x00, 0x00, 0x00, 0x00, 0x00, 0x00, 0x00,
    0x00, 0x00, 0x00, 0x00, 0x00, 0x00, 0x00, 0x00, 0x00, 0x00, 0x00, 0x00,
    0x00, 0x00, 0x00, 0x00, 0x00, 0x00, 0x00, 0x00, 0x00, 0x00, 0x00, 0x00,
    0x00, 0x00, 0x00, 0x00, 0x00, 0x00, 0x00, 0x00, 0x00, 0x00, 0x00, 0x00,
    0x00, 0x00, 0x00, 0x00, 0x00, 0x00, 0x00, 0x00, 0x00, 0x00, 0x00, 0x00,
    0x00, 0x00, 0x00, 0x00, 0x00, 0x00, 0x00, 0x00, 0x00, 0x00, 0x00, 0x00,
    0x00, 0x00, 0x00, 0x00, 0x00, 0x00, 0x00, 0x00, 0x00, 0x00, 0x00, 0x00,
    0x00, 0x00, 0x00, 0x00, 0x00, 0x00, 0x00, 0x00, 0x00, 0x00, 0x00, 0x00,
    0x00, 0x00, 0x00, 0x00, 0x00, 0x00, 0x00, 0x00, 0x00, 0x00, 0x00, 0x00,
    0x00, 0x00, 0x00, 0x00, 0x00, 0x00, 0x00, 0x00, 0x00, 0x00, 0x00, 0x00,
    0x00, 0x00, 0x00, 0x00, 0x00, 0x00, 0x00, 0x00, 0x00, 0x00, 0x00, 0x00,
    0x00, 0x00, 0x00, 0x00, 0x00, 0x00, 0x00, 0x00, 0x00, 0x00, 0x00, 0x00,
    0x00, 0x00, 0x00, 0x00, 0x00, 0x00, 0x00, 0x00, 0x00, 0x00, 0x00, 0x00,
    0x00, 0x00, 0x00, 0x00, 0x00, 0x00, 0x00, 0x00, 0x00, 0x00, 0x00, 0x00,
    0x00, 0x00, 0x00, 0x00, 0x00, 0x00, 0x00, 0x00, 0x00, 0x00, 0x00, 0x00,
    0x00, 0x00, 0x00, 0x00, 0x00, 0x00, 0x00, 0x00, 0x00, 0x00, 0x00, 0x00,
    0x00, 0x00, 0x00, 0x00, 0x00, 0x00, 0x00, 0x00, 0x00, 0x00, 0x00, 0x00,
    0x00, 0x00, 0x00, 0x00, 0x00, 0x00, 0x00, 0x00, 0x00, 0x00, 0x00, 0x00,
    0x00, 0x00, 0x00, 0x00, 0x00, 0x00, 0x00, 0x00, 0x00, 0x00, 0x00, 0x00,
    0x00, 0x00, 0x00, 0x00, 0x00, 0x00, 0x00, 0x00, 0x00, 0x00, 0x00, 0x00,
    0x00, 0x00, 0x00, 0x00, 0x00, 0x00, 0x00, 0x00, 0x00, 0x00, 0x00, 0x00,
    0x00, 0x00, 0x00, 0x00, 0x00, 0x00, 0x00, 0x00, 0x00, 0x00, 0x00, 0x00,
    0x00, 0x00, 0x00, 0x00, 0x00, 0x00, 0x00, 0x00, 0x00, 0x00, 0x00, 0x00,
    0x00, 0x00, 0x00, 0x00, 0x00, 0x00, 0x00, 0x00, 0x00, 0x00, 0x00, 0x00,
    0x00, 0x00, 0x00, 0x00, 0x00, 0x00, 0x00, 0x00, 0x00, 0x00, 0x00, 0x00,
    0x00, 0x00, 0x00, 0x00, 0x00, 0x00, 0x00, 0x00, 0x00, 0x00, 0x00, 0x00,
    0x00, 0x00, 0x00, 0x00, 0x00, 0x00, 0x00, 0x00, 0x00, 0x00, 0x00, 0x00,
    0x00, 0x00, 0x00, 0x00, 0x00, 0x00, 0x00, 0x00, 0x00, 0x00, 0x00, 0x00,
    0x00, 0x00, 0x00, 0x00, 0x00, 0x00, 0x00, 0x00, 0x00, 0x00, 0x00, 0x00,
    0x00, 0x00, 0x00, 0x00, 0x00, 0x00, 0x00, 0x00, 0x00, 0x00, 0x00, 0x00,
    0x00, 0x00, 0x00, 0x00, 0x00, 0x00, 0x00, 0x00, 0x00, 0x00, 0x00, 0x00,
    0x00, 0x00, 0x00, 0x00, 0x00, 0x00, 0x00, 0x00, 0x00, 0x00, 0x00, 0x00,
    0x00, 0x00, 0x00, 0x00, 0x00, 0x00, 0x00, 0x00, 0x00, 0x00, 0x00, 0x00,
    0x00, 0x00, 0x00, 0x00, 0x00, 0x00, 0x00, 0x00, 0x00, 0x00, 0x00, 0x00,
    0x00, 0x00, 0x00, 0x00, 0x00, 0x00, 0x00, 0x00, 0x00, 0x00, 0x00, 0x00,
    0x00, 0x00, 0x00, 0x00, 0x00, 0x00, 0x00, 0x00, 0x00, 0x00, 0x00, 0x00,
    0x00, 0x00, 0x00, 0x00, 0x00, 0x00, 0x00, 0x00, 0x00, 0x00, 0x00, 0x00,
    0x00, 0x00, 0x00, 0x00, 0x00, 0x00, 0x00, 0x00, 0x00, 0x00, 0x00, 0x00,
    0x00, 0x00, 0x00, 0x00, 0x00, 0x00, 0x00, 0x00, 0x00, 0x00, 0x00, 0x00,
    0x00, 0x00, 0x00, 0x00, 0x00, 0x00, 0x00, 0x00, 0x00, 0x00, 0x00, 0x00,
    0x00, 0x00, 0x00, 0x00, 0x00, 0x00, 0x00, 0x00, 0x00, 0x00, 0x00, 0x00,
    0x00, 0x00, 0x00, 0x00, 0x00, 0x00, 0x00, 0x00, 0x00, 0x00, 0x00, 0x00,
    0x00, 0x00, 0x00, 0x00, 0x00, 0x00, 0x00, 0x00, 0x00, 0x00, 0x00, 0x00,
    0x00, 0x00, 0x00, 0x00, 0x00, 0x00, 0x00, 0x00, 0x00, 0x00, 0x00, 0x00,
    0x00, 0x00, 0x00, 0x00, 0x00, 0x00, 0x00, 0x00, 0x00, 0x00, 0x00, 0x00,
    0x00, 0x00, 0x00, 0x00, 0x00, 0x00, 0x00, 0x00, 0x00, 0x00, 0x00, 0x00,
    0x00, 0x00, 0x00, 0x00, 0x00, 0x00, 0x00, 0x00, 0x00, 0x00, 0x00, 0x00,
    0x00, 0x00, 0x00, 0x00, 0x00, 0x00, 0x00, 0x00, 0x00, 0x00, 0x00, 0x00,
    0x00, 0x00, 0x00, 0x00, 0x00, 0x00, 0x00, 0x00, 0x00, 0x00, 0x00, 0x00,
    0x00, 0x00, 0x00, 0x00, 0x00, 0x00, 0x00, 0x00, 0x00, 0x00, 0x00, 0x00,
    0x00, 0x00, 0x00, 0x00, 0x00, 0x00, 0x00, 0x00, 0x00, 0x00, 0x00, 0x00,
    0x00, 0x00, 0x00, 0x00, 0x00, 0x00, 0x00, 0x00, 0x00, 0x00, 0x00, 0x00,
    0x00, 0x00, 0x00, 0x00, 0x00, 0x00, 0x00, 0x00, 0x00, 0x00, 0x00, 0x00,
    0x00, 0x00, 0x00, 0x00, 0x00, 0x00, 0x00, 0x00, 0x00, 0x00, 0x00, 0x00,
    0x00, 0x00, 0x00, 0x00, 0x00, 0x00, 0x00, 0x00, 0x00, 0x00, 0x00, 0x00,
    0x00, 0x00, 0x00, 0x00, 0x00, 0x00, 0x00, 0x00, 0x00, 0x00, 0x00, 0x00,
    0x00, 0x00, 0x00, 0x00, 0x00, 0x00, 0x00, 0x00, 0x00, 0x00, 0x00, 0x00,
    0x00, 0x00, 0x00, 0x00, 0x00, 0x00, 0x00, 0x00, 0x00, 0x00, 0x00, 0x00,
    0x00, 0x00, 0x00, 0x00, 0x00, 0x00, 0x00, 0x00, 0x00, 0x00, 0x00, 0x00,
    0x00, 0x00, 0x00, 0x00, 0x00, 0x00, 0x00, 0x00, 0x00, 0x00, 0x00, 0x00,
    0x00, 0x00, 0x00, 0x00, 0x00, 0x00, 0x00, 0x00, 0x00, 0x00, 0x00, 0x00,
    0x00, 0x00, 0x00, 0x00, 0x00, 0x00, 0x00, 0x00, 0x00, 0x00, 0x00, 0x00,
    0x00, 0x00, 0x00, 0x00, 0x00, 0x00, 0x00, 0x00, 0x00, 0x00, 0x00, 0x00,
    0x00, 0x00, 0x00, 0x00, 0x00, 0x00, 0x00, 0x00, 0x00, 0x00, 0x00, 0x00,
    0x00, 0x00, 0x00, 0x00, 0x00, 0x00, 0x00, 0x00, 0x00, 0x00, 0x00, 0x00,
    0x00, 0x00, 0x00, 0x00, 0x00, 0x00, 0x00, 0x00, 0x00, 0x00, 0x00, 0x00,
    0x00, 0x00, 0x00, 0x00, 0x00, 0x00, 0x00, 0x00, 0x00, 0x00, 0x00, 0x00,
    0x00, 0x00, 0x00, 0x00, 0x00, 0x00, 0x00, 0x00, 0x00, 0x00, 0x00, 0x00,
    0x00, 0x00, 0x00, 0x00, 0x00, 0x00, 0x00, 0x00, 0x00, 0x00, 0x00, 0x00,
    0x00, 0x00, 0x00, 0x00, 0x00, 0x00, 0x00, 0x00, 0x00, 0x00, 0x00, 0x00,
    0x00, 0x00, 0x00, 0x00, 0x00, 0x00, 0x00, 0x00, 0x00, 0x00, 0x00, 0x00,
    0x00, 0x00, 0x00, 0x00, 0x00, 0x00, 0x00, 0x00, 0x00, 0x00, 0x00, 0x00,
    0x00, 0x00, 0x00, 0x00, 0x00, 0x00, 0x00, 0x00, 0x00, 0x00, 0x00, 0x00,
    0x00, 0x00, 0x00, 0x00, 0x00, 0x00, 0x00, 0x00, 0x00, 0x00, 0x00, 0x00,
    0x00, 0x00, 0x00, 0x00, 0x00, 0x00, 0x00, 0x00, 0x00, 0x00, 0x00, 0x00,
    0x00, 0x00, 0x00, 0x00, 0x00, 0x00, 0x00, 0x00, 0x00, 0x00, 0x00, 0x00,
    0x00, 0x00, 0x00, 0x00, 0x00, 0x00, 0x00, 0x00, 0x00, 0x00, 0x00, 0x00,
    0x00, 0x00, 0x00, 0x00, 0x00, 0x00, 0x00, 0x00, 0x00, 0x00, 0x00, 0x00,
    0x00, 0x00, 0x00, 0x00, 0x00, 0x00, 0x00, 0x00, 0x00, 0x00, 0x00, 0x00,
    0x00, 0x00, 0x00, 0x00, 0x00, 0x00, 0x00, 0x00, 0x00, 0x00, 0x00, 0x00,
    0x00, 0x00, 0x00, 0x00, 0x00, 0x00, 0x00, 0x00, 0x00, 0x00, 0x00, 0x00,
    0x00, 0x00, 0x00, 0x00, 0x00, 0x00, 0x00, 0x00, 0x00, 0x00, 0x00, 0x00,
    0x00, 0x00, 0x00, 0x00, 0x00, 0x00, 0x00, 0x00, 0x00, 0x00, 0x00, 0x00,
    0x00, 0x00, 0x00, 0x00, 0x00, 0x00, 0x00, 0x00, 0x00, 0x00, 0x00, 0x00,
    0x00, 0x00, 0x00, 0x00, 0x00, 0x00, 0x00, 0x00, 0x00, 0x00, 0x00, 0x00,
    0x00, 0x00, 0x00, 0x00, 0x00, 0x00, 0x00, 0x00, 0x00, 0x00, 0x00, 0x00,
    0x00, 0x00, 0x00, 0x00, 0x00, 0x00, 0x00, 0x00, 0x00, 0x00, 0x00, 0x00,
    0x00, 0x00, 0x00, 0x00, 0x00, 0x00, 0x00, 0x00, 0x00, 0x00, 0x00, 0x00,
    0x00, 0x00, 0x00, 0x00, 0x00, 0x00, 0x00, 0x00, 0x00, 0x00, 0x00, 0x00,
    0x00, 0x00, 0x00, 0x00, 0x00, 0x00, 0x00, 0x00, 0x00, 0x00, 0x00, 0x00,
    0x00, 0x00, 0x00, 0x00, 0x00, 0x00, 0x00, 0x00, 0x00, 0x00, 0x00, 0x00,
    0x00, 0x00, 0x00, 0x00, 0x00, 0x00, 0x00, 0x00, 0x00, 0x00, 0x00, 0x00,
    0x00, 0x00, 0x00, 0x00, 0x00, 0x00, 0x00, 0x00, 0x00, 0x00, 0x00, 0x00,
    0x00, 0x00, 0x00, 0x00, 0x00, 0x00, 0x00, 0x00, 0x00, 0x00, 0x00, 0x00,
    0x00, 0x00, 0x00, 0x00, 0x00, 0x00, 0x00, 0x00, 0x00, 0x00, 0x00, 0x00,
    0x00, 0x00, 0x00, 0x00, 0x00, 0x00, 0x00, 0x00, 0x00, 0x00, 0x00, 0x00,
    0x00, 0x00, 0x00, 0x00, 0x00, 0x00, 0x00, 0x00, 0x00, 0x00, 0x00, 0x00,
    0x00, 0x00, 0x00, 0x00, 0x00, 0x00, 0x00, 0x00, 0x00, 0x00, 0x00, 0x00,
    0x00, 0x00, 0x00, 0x00, 0x00, 0x00, 0x00, 0x00, 0x00, 0x00, 0x00, 0x00,
    0x00, 0x00, 0x00, 0x00, 0x00, 0x00, 0x00, 0x00, 0x00, 0x00, 0x00, 0x00,
    0x00, 0x00, 0x00, 0x00, 0x00, 0x00, 0x00, 0x00, 0x00, 0x00, 0x00, 0x00,
    0x00, 0x00, 0x00, 0x00, 0x00, 0x00, 0x00, 0x00, 0x00, 0x00, 0x00, 0x00,
    0x00, 0x00, 0x00, 0x00, 0x00, 0x00, 0x00, 0x00, 0x00, 0x00, 0x00, 0x00,
    0x00, 0x00, 0x00, 0x00, 0x00, 0x00, 0x00, 0x00, 0x00, 0x00, 0x00, 0x00,
    0x00, 0x00, 0x00, 0x00, 0x00, 0x00, 0x00, 0x00, 0x00, 0x00, 0x00, 0x00,
    0x00, 0x00, 0x00, 0x00, 0x00, 0x00, 0x00, 0x00, 0x00, 0x00, 0x00, 0x00,
    0x00, 0x00, 0x00, 0x00, 0x00, 0x00, 0x00, 0x00, 0x00, 0x00, 0x00, 0x00,
    0x00, 0x00, 0x00, 0x00, 0x00, 0x00, 0x00, 0x00, 0x00, 0x00, 0x00, 0x00,
    0x00, 0x00, 0x00, 0x00, 0x00, 0x00, 0x00, 0x00, 0x00, 0x00, 0x00, 0x00,
    0x00, 0x00, 0x00, 0x00, 0x00, 0x00, 0x00, 0x00, 0x00, 0x00, 0x00, 0x00,
    0x00, 0x00, 0x00, 0x00, 0x00, 0x00, 0x00, 0x00, 0x00, 0x00, 0x00, 0x00,
    0x00, 0x00, 0x00, 0x00, 0x00, 0x00, 0x00, 0x00, 0x00, 0x00, 0x00, 0x00,
    0x00, 0x00, 0x00, 0x00, 0x00, 0x00, 0x00, 0x00, 0x00, 0x00, 0x00, 0x00,
    0x00, 0x00, 0x00, 0x00, 0x00, 0x00, 0x00, 0x00, 0x00, 0x00, 0x00, 0x00,
    0x00, 0x00, 0x00, 0x00, 0x00, 0x00, 0x00, 0x00, 0x00, 0x00, 0x00, 0x00,
    0x00, 0x00, 0x00, 0x00, 0x00, 0x00, 0x00, 0x00, 0x00, 0x00, 0x00, 0x00,
    0x00, 0x00, 0x00, 0x00, 0x00, 0x00, 0x00, 0x00, 0x00, 0x00, 0x00, 0x00,
    0x00, 0x00, 0x00, 0x00, 0x00, 0x00, 0x00, 0x00, 0x00, 0x00, 0x00, 0x00,
    0x00, 0x00, 0x00, 0x00, 0x00, 0x00, 0x00, 0x00, 0x00, 0x00, 0x00, 0x00,
    0x00, 0x00, 0x00, 0x00, 0x00, 0x00, 0x00, 0x00, 0x00, 0x00, 0x00, 0x00,
    0x00, 0x00, 0x00, 0x00, 0x00, 0x00, 0x00, 0x00, 0x00, 0x00, 0x00, 0x00,
    0x00, 0x00, 0x00, 0x00, 0x00, 0x00, 0x00, 0x00, 0x00, 0x00, 0x00, 0x00,
    0x00, 0x00, 0x00, 0x00, 0x00, 0x00, 0x00, 0x00, 0x00, 0x00, 0x00, 0x00,
    0x00, 0x00, 0x00, 0x00, 0x00, 0x00, 0x00, 0x00, 0x00, 0x00, 0x00, 0x00,
    0x00, 0x00, 0x00, 0x00, 0x00, 0x00, 0x00, 0x00, 0x00, 0x00, 0x00, 0x00,
    0x00, 0x00, 0x00, 0x00, 0x00, 0x00, 0x00, 0x00, 0x00, 0x00, 0x00, 0x00,
    0x00, 0x00, 0x00, 0x00, 0x00, 0x00, 0x00, 0x00, 0x00, 0x00, 0x00, 0x00,
    0x00, 0x00, 0x00, 0x00, 0x00, 0x00, 0x00, 0x00, 0x00, 0x00, 0x00, 0x00,
    0x00, 0x00, 0x00, 0x00, 0x00, 0x00, 0x00, 0x00, 0x00, 0x00, 0x00, 0x00,
    0x00, 0x00, 0x00, 0x00, 0x00, 0x00, 0x00, 0x00, 0x00, 0x00, 0x00, 0x00,
    0x00, 0x00, 0x00, 0x00, 0x00, 0x00, 0x00, 0x00, 0x00, 0x00, 0x00, 0x00,
    0x00, 0x00, 0x00, 0x00, 0x00, 0x00, 0x00, 0x00, 0x00, 0x00, 0x00, 0x00,
    0x00, 0x00, 0x00, 0x00, 0x00, 0x00, 0x00, 0x00, 0x00, 0x00, 0x00, 0x00,
    0x00, 0x00, 0x00, 0x00, 0x00, 0x00, 0x00, 0x00, 0x00, 0x00, 0x00, 0x00,
    0x00, 0x00, 0x00, 0x00, 0x00, 0x00, 0x00, 0x00, 0x00, 0x00, 0x00, 0x00,
    0x00, 0x00, 0x00, 0x00, 0x00, 0x00, 0x00, 0x00, 0x00, 0x00, 0x00, 0x00,
    0x00, 0x00, 0x00, 0x00, 0x00, 0x00, 0x00, 0x00, 0x00, 0x00, 0x00, 0x00,
    0x00, 0x00, 0x00, 0x00, 0x00, 0x00, 0x00, 0x00, 0x00, 0x00, 0x00, 0x00,
    0x00, 0x00, 0x00, 0x00, 0x00, 0x00, 0x00, 0x00, 0x00, 0x00, 0x00, 0x00,
    0x00, 0x00, 0x00, 0x00, 0x00, 0x00, 0x00, 0x00, 0x00, 0x00, 0x00, 0x00,
    0x00, 0x00, 0x00, 0x00, 0x00, 0x00, 0x00, 0x00, 0x00, 0x00, 0x00, 0x00,
    0x00, 0x00, 0x00, 0x00, 0x00, 0x00, 0x00, 0x00, 0x00, 0x00, 0x00, 0x00,
    0x00, 0x00, 0x00, 0x00, 0x00, 0x00, 0x00, 0x00, 0x00, 0x00, 0x00, 0x00,
    0x00, 0x00, 0x00, 0x00, 0x00, 0x00, 0x00, 0x00, 0x00, 0x00, 0x00, 0x00,
    0x00, 0x00, 0x00, 0x00, 0x00, 0x00, 0x00, 0x00, 0x00, 0x00, 0x00, 0x00,
    0x00, 0x00, 0x00, 0x00, 0x00, 0x00, 0x00, 0x00, 0x00, 0x00, 0x00, 0x00,
    0x00, 0x00, 0x00, 0x00, 0x00, 0x00, 0x00, 0x00, 0x00, 0x00, 0x00, 0x00,
    0x00, 0x00, 0x00, 0x00, 0x00, 0x00, 0x00, 0x00, 0x00, 0x00, 0x00, 0x00,
    0x00, 0x00, 0x00, 0x00, 0x00, 0x00, 0x00, 0x00, 0x00, 0x00, 0x00, 0x00,
    0x00, 0x00, 0x00, 0x00, 0x00, 0x00, 0x00, 0x00, 0x00, 0x00, 0x00, 0x00,
    0x00, 0x00, 0x00, 0x00, 0x00, 0x00, 0x00, 0x00, 0x00, 0x00, 0x00, 0x00,
    0x00, 0x00, 0x00, 0x00, 0x00, 0x00, 0x00, 0x00, 0x00, 0x00, 0x00, 0x00,
    0x00, 0x00, 0x00, 0x00, 0x00, 0x00, 0x00, 0x00, 0x00, 0x00, 0x00, 0x00,
    0x00, 0x00, 0x00, 0x00, 0x00, 0x00, 0x00, 0x00, 0x00, 0x00, 0x00, 0x00,
    0x00, 0x00, 0x00, 0x00, 0x00, 0x00, 0x00, 0x00, 0x00, 0x00, 0x00, 0x00,
    0x00, 0x00, 0x00, 0x00, 0x00, 0x00, 0x00, 0x00, 0x00, 0x00, 0x00, 0x00,
    0x00, 0x00, 0x00, 0x00, 0x00, 0x00, 0x00, 0x00, 0x00, 0x00, 0x00, 0x00,
    0x00, 0x00, 0x00, 0x00, 0x00, 0x00, 0x00, 0x00, 0x00, 0x00, 0x00, 0x00,
    0x00, 0x00, 0x00, 0x00, 0x00, 0x00, 0x00, 0x00, 0x00, 0x00, 0x00, 0x00,
    0x00, 0x00, 0x00, 0x00, 0x00, 0x00, 0x00, 0x00, 0x00, 0x00, 0x00, 0x00,
    0x00, 0x00, 0x00, 0x00, 0x00, 0x00, 0x00, 0x00, 0x00, 0x00, 0x00, 0x00,
    0x00, 0x00, 0x00, 0x00, 0x00, 0x00, 0x00, 0x00, 0x00, 0x00, 0x00, 0x00,
    0x00, 0x00, 0x00, 0x00, 0x00, 0x00, 0x00, 0x00, 0x00, 0x00, 0x00, 0x00,
    0x00, 0x00, 0x00, 0x00, 0x00, 0x00, 0x00, 0x00, 0x00, 0x00, 0x00, 0x00,
    0x00, 0x00, 0x00, 0x00, 0x00, 0x00, 0x00, 0x00, 0x00, 0x00, 0x00, 0x00,
    0x00, 0x00, 0x00, 0x00, 0x00, 0x00, 0x00, 0x00, 0x00, 0x00, 0x00, 0x00,
    0x00, 0x00, 0x00, 0x00, 0x00, 0x00, 0x00, 0x00, 0x00, 0x00, 0x00, 0x00,
    0x00, 0x00, 0x00, 0x00, 0x00, 0x00, 0x00, 0x00, 0x00, 0x00, 0x00, 0x00,
    0x00, 0x00, 0x00, 0x00, 0x00, 0x00, 0x00, 0x00, 0x00, 0x00, 0x00, 0x00,
    0x00, 0x00, 0x00, 0x00, 0x00, 0x00, 0x00, 0x00, 0x00, 0x00, 0x00, 0x00,
    0x00, 0x00, 0x00, 0x00, 0x00, 0x00, 0x00, 0x00, 0x00, 0x00, 0x00, 0x00,
    0x00, 0x00, 0x00, 0x00, 0xf8, 0xd4, 0x00, 0x82, 0xf8, 0xd4, 0x00, 0xfb,
    0xf8, 0xd4, 0x00, 0xff, 0xf8, 0xd4, 0x00, 0xff, 0xf8, 0xd4, 0x00, 0xff,
    0xf8, 0xd4, 0x00, 0xff, 0xf8, 0xd4, 0x00, 0xff, 0xf8, 0xd4, 0x00, 0xff,
    0xf8, 0xd4, 0x00, 0xf7, 0xf8, 0xd0, 0x00, 0x69, 0x00, 0x00, 0x00, 0x00,
    0x00, 0x00, 0x00, 0x00, 0x00, 0x00, 0x00, 0x00, 0x00, 0x00, 0x00, 0x00,
    0x00, 0x00, 0x00, 0x00, 0x00, 0x00, 0x00, 0x00, 0x00, 0x00, 0x00, 0x00,
    0x00, 0x00, 0x00, 0x00, 0x00, 0x00, 0x00, 0x00, 0x00, 0x00, 0x00, 0x00,
    0x00, 0x00, 0x00, 0x00, 0x00, 0x00, 0x00, 0x00, 0x00, 0x00, 0x00, 0x00,
    0x00, 0x00, 0x00, 0x00, 0x00, 0x00, 0x00, 0x00, 0x00, 0x00, 0x00, 0x00,
    0x00, 0x00, 0x00, 0x00, 0x00, 0x00, 0x00, 0x00, 0x00, 0x00, 0x00, 0x00,
    0x00, 0x00, 0x00, 0x00, 0x00, 0x00, 0x00, 0x00, 0x00, 0x00, 0x00, 0x00,
    0x00, 0x00, 0x00, 0x00, 0x00, 0x00, 0x00, 0x00, 0x00, 0x00, 0x00, 0x00,
    0x00, 0x00, 0x00, 0x00, 0x00, 0x00, 0x00, 0x00, 0x00, 0x00, 0x00, 0x00,
    0x00, 0x00, 0x00, 0x00, 0x00, 0x00, 0x00, 0x00, 0x00, 0x00, 0x00, 0x00,
    0x00, 0x00, 0x00, 0x00, 0x00, 0x00, 0x00, 0x00, 0x00, 0x00, 0x00, 0x00,
    0x00, 0x00, 0x00, 0x00, 0x00, 0x00, 0x00, 0x00, 0x00, 0x00, 0x00, 0x00,
    0x00, 0x00, 0x00, 0x00, 0x00, 0x00, 0x00, 0x00, 0x00, 0x00, 0x00, 0x00,
    0x00, 0x00, 0x00, 0x00, 0x00, 0x00, 0x00, 0x00, 0x00, 0x00, 0x00, 0x00,
    0x00, 0x00, 0x00, 0x00, 0x00, 0x00, 0x00, 0x00, 0x00, 0x00, 0x00, 0x00,
    0x00, 0x00, 0x00, 0x00, 0x00, 0x00, 0x00, 0x00, 0x00, 0x00, 0x00, 0x00,
    0x00, 0x00, 0x00, 0x00, 0x00, 0x00, 0x00, 0x00, 0x00, 0x00, 0x00, 0x00,
    0x00, 0x00, 0x00, 0x00, 0x00, 0x00, 0x00, 0x00, 0x00, 0x00, 0x00, 0x00,
    0x00, 0x00, 0x00, 0x00, 0x00, 0x00, 0x00, 0x00, 0x00, 0x00, 0x00, 0x00,
    0x00, 0x00, 0x00, 0x00, 0x00, 0x00, 0x00, 0x00, 0x00, 0x00, 0x00, 0x00,
    0x00, 0x00, 0x00, 0x00, 0x00, 0x00, 0x00, 0x00, 0x00, 0x00, 0x00, 0x00,
    0x00, 0x00, 0x00, 0x00, 0x00, 0x00, 0x00, 0x00, 0x00, 0x00, 0x00, 0x00,
    0x00, 0x00, 0x00, 0x00, 0x00, 0x00, 0x00, 0x00, 0x00, 0x00, 0x00, 0x00,
    0x00, 0x00, 0x00, 0x00, 0x00, 0x00, 0x00, 0x00, 0x00, 0x00, 0x00, 0x00,
    0x00, 0x00, 0x00, 0x00, 0x00, 0x00, 0x00, 0x00, 0x00, 0x00, 0x00, 0x00,
    0x00, 0x00, 0x00, 0x00, 0x00, 0x00, 0x00, 0x00, 0x00, 0x00, 0x00, 0x00,
    0x00, 0x00, 0x00, 0x00, 0x00, 0x00, 0x00, 0x00, 0x00, 0x00, 0x00, 0x00,
    0x00, 0x00, 0x00, 0x00, 0x00, 0x00, 0x00, 0x00, 0x00, 0x00, 0x00, 0x00,
    0x00, 0x00, 0x00, 0x00, 0x00, 0x00, 0x00, 0x00, 0x00, 0x00, 0x00, 0x00,
    0x00, 0x00, 0x00, 0x00, 0x00, 0x00, 0x00, 0x00, 0x00, 0x00, 0x00, 0x00,
    0x00, 0x00, 0x00, 0x00, 0x00, 0x00, 0x00, 0x00, 0x00, 0x00, 0x00, 0x00,
    0x00, 0x00, 0x00, 0x00, 0x00, 0x00, 0x00, 0x00, 0x00, 0x00, 0x00, 0x00,
    0x00, 0x00, 0x00, 0x00, 0x00, 0x00, 0x00, 0x00, 0x00, 0x00, 0x00, 0x00,
    0x00, 0x00, 0x00, 0x00, 0x00, 0x00, 0x00, 0x00, 0x00, 0x00, 0x00, 0x00,
    0x00, 0x00, 0x00, 0x00, 0x00, 0x00, 0x00, 0x00, 0x00, 0x00, 0x00, 0x00,
    0x00, 0x00, 0x00, 0x00, 0x00, 0x00, 0x00, 0x00, 0x00, 0x00, 0x00, 0x00,
    0x00, 0x00, 0x00, 0x00, 0x00, 0x00, 0x00, 0x00, 0x00, 0x00, 0x00, 0x00,
    0x00, 0x00, 0x00, 0x00, 0x00, 0x00, 0x00, 0x00, 0x00, 0x00, 0x00, 0x00,
    0x00, 0x00, 0x00, 0x00, 0x00, 0x00, 0x00, 0x00, 0x00, 0x00, 0x00, 0x00,
    0x00, 0x00, 0x00, 0x00, 0x00, 0x00, 0x00, 0x00, 0x00, 0x00, 0x00, 0x00,
    0x00, 0x00, 0x00, 0x00, 0x00, 0x00, 0x00, 0x00, 0x48, 0x44, 0x48, 0x0c,
    0x38, 0x3c, 0x38, 0x1c, 0x38, 0x38, 0x38, 0x30, 0x38, 0x38, 0x38, 0x45,
    0x38, 0x38, 0x38, 0x69, 0x38, 0x38, 0x38, 0x8a, 0x38, 0x38, 0x38, 0xaa,
    0xe0, 0xbc, 0x08, 0xef, 0xf8, 0xd4, 0x00, 0xff, 0xf8, 0xd4, 0x00, 0xff,
    0xf8, 0xd4, 0x00, 0xff, 0xf8, 0xd4, 0x00, 0xff, 0xf8, 0xd4, 0x00, 0xff,
    0xf8, 0xd4, 0x00, 0xff, 0xf8, 0xd4, 0x00, 0xff, 0xf8, 0xd4, 0x00, 0xff,
    0xc8, 0xa8, 0x10, 0xe7, 0x38, 0x38, 0x38, 0xa6, 0x38, 0x38, 0x38, 0x8a,
    0x38, 0x38, 0x38, 0x65, 0x38, 0x38, 0x38, 0x41, 0x38, 0x38, 0x38, 0x2c,
    0x30, 0x34, 0x30, 0x1c, 0x38, 0x38, 0x38, 0x08, 0x00, 0x00, 0x00, 0x00,
    0x00, 0x00, 0x00, 0x00, 0x00, 0x00, 0x00, 0x00, 0x00, 0x00, 0x00, 0x00,
    0x00, 0x00, 0x00, 0x00, 0x00, 0x00, 0x00, 0x00, 0x00, 0x00, 0x00, 0x00,
    0x00, 0x00, 0x00, 0x00, 0x00, 0x00, 0x00, 0x00, 0x00, 0x00, 0x00, 0x00,
    0x00, 0x00, 0x00, 0x00, 0x00, 0x00, 0x00, 0x00, 0x00, 0x00, 0x00, 0x00,
    0x00, 0x00, 0x00, 0x00, 0x00, 0x00, 0x00, 0x00, 0x00, 0x00, 0x00, 0x00,
    0x00, 0x00, 0x00, 0x00, 0x00, 0x00, 0x00, 0x00, 0x00, 0x00, 0x00, 0x00,
    0x00, 0x00, 0x00, 0x00, 0x00, 0x00, 0x00, 0x00, 0x00, 0x00, 0x00, 0x00,
    0x00, 0x00, 0x00, 0x00, 0x00, 0x00, 0x00, 0x00, 0x00, 0x00, 0x00, 0x00,
    0x00, 0x00, 0x00, 0x00, 0x00, 0x00, 0x00, 0x00, 0x00, 0x00, 0x00, 0x00,
    0x00, 0x00, 0x00, 0x00, 0x00, 0x00, 0x00, 0x00, 0x00, 0x00, 0x00, 0x00,
    0x00, 0x00, 0x00, 0x00, 0x00, 0x00, 0x00, 0x00, 0x00, 0x00, 0x00, 0x00,
    0x00, 0x00, 0x00, 0x00, 0x00, 0x00, 0x00, 0x00, 0x00, 0x00, 0x00, 0x00,
    0x00, 0x00, 0x00, 0x00, 0x00, 0x00, 0x00, 0x00, 0x00, 0x00, 0x00, 0x00,
    0x00, 0x00, 0x00, 0x00, 0x00, 0x00, 0x00, 0x00, 0x00, 0x00, 0x00, 0x00,
    0x00, 0x00, 0x00, 0x00, 0x00, 0x00, 0x00, 0x00, 0x00, 0x00, 0x00, 0x00,
    0x00, 0x00, 0x00, 0x00, 0x00, 0x00, 0x00, 0x00, 0x00, 0x00, 0x00, 0x00,
    0x00, 0x00, 0x00, 0x00, 0x00, 0x00, 0x00, 0x00, 0x00, 0x00, 0x00, 0x00,
    0x00, 0x00, 0x00, 0x00, 0x00, 0x00, 0x00, 0x00, 0x00, 0x00, 0x00, 0x00,
    0x00, 0x00, 0x00, 0x00, 0x00, 0x00, 0x00, 0x00, 0x00, 0x00, 0x00, 0x00,
    0x00, 0x00, 0x00, 0x00, 0x00, 0x00, 0x00, 0x00, 0x00, 0x00, 0x00, 0x00,
    0x00, 0x00, 0x00, 0x00, 0x00, 0x00, 0x00, 0x00, 0x00, 0x00, 0x00, 0x00,
    0x00, 0x00, 0x00, 0x00, 0x00, 0x00, 0x00, 0x00, 0x00, 0x00, 0x00, 0x00,
    0x00, 0x00, 0x00, 0x00, 0x00, 0x00, 0x00, 0x00, 0x00, 0x00, 0x00, 0x00,
    0x00, 0x00, 0x00, 0x00, 0x00, 0x00, 0x00, 0x00, 0x00, 0x00, 0x00, 0x00,
    0x00, 0x00, 0x00, 0x00, 0x00, 0x00, 0x00, 0x00, 0x00, 0x00, 0x00, 0x00,
    0x00, 0x00, 0x00, 0x00, 0x00, 0x00, 0x00, 0x00, 0x00, 0x00, 0x00, 0x00,
    0x00, 0x00, 0x00, 0x00, 0x00, 0x00, 0x00, 0x00, 0x00, 0x00, 0x00, 0x00,
    0x00, 0x00, 0x00, 0x00, 0x00, 0x00, 0x00, 0x00, 0x00, 0x00, 0x00, 0x00,
    0x00, 0x00, 0x00, 0x00, 0x00, 0x00, 0x00, 0x00, 0x00, 0x00, 0x00, 0x00,
    0x00, 0x00, 0x00, 0x00, 0x00, 0x00, 0x00, 0x00, 0x00, 0x00, 0x00, 0x00,
    0x00, 0x00, 0x00, 0x00, 0x00, 0x00, 0x00, 0x00, 0x00, 0x00, 0x00, 0x00,
    0x00, 0x00, 0x00, 0x00, 0x00, 0x00, 0x00, 0x00, 0x00, 0x00, 0x00, 0x00,
    0x00, 0x00, 0x00, 0x00, 0x00, 0x00, 0x00, 0x00, 0x00, 0x00, 0x00, 0x00,
    0x00, 0x00, 0x00, 0x00, 0x00, 0x00, 0x00, 0x00, 0x00, 0x00, 0x00, 0x00,
    0x00, 0x00, 0x00, 0x00, 0x00, 0x00, 0x00, 0x00, 0x00, 0x00, 0x00, 0x00,
    0x00, 0x00, 0x00, 0x00, 0x00, 0x00, 0x00, 0x00, 0x00, 0x00, 0x00, 0x00,
    0x00, 0x00, 0x00, 0x00, 0x00, 0x00, 0x00, 0x00, 0x40, 0x40, 0x40, 0x04,
    0x38, 0x34, 0x38, 0x0c, 0x38, 0x38, 0x38, 0x28, 0x38, 0x3c, 0x38, 0x69,
    0x38, 0x38, 0x38, 0xae, 0x38, 0x3c, 0x38, 0xd7, 0x38, 0x38, 0x38, 0xe3,
    0x38, 0x38, 0x38, 0xf3, 0x38, 0x3c, 0x38, 0xff, 0x38, 0x3c, 0x38, 0xff,
    0x38, 0x38, 0x38, 0xff, 0x38, 0x38, 0x38, 0xff, 0xd8, 0xb8, 0x08, 0xff,
    0xf8, 0xd4, 0x00, 0xff, 0xf8, 0xd4, 0x00, 0xff, 0xf8, 0xd4, 0x00, 0xff,
    0xf8, 0xd4, 0x00, 0xff, 0xf8, 0xd4, 0x00, 0xff, 0xf8, 0xd4, 0x00, 0xff,
    0xf8, 0xd4, 0x00, 0xff, 0xf8, 0xd4, 0x00, 0xff, 0xb8, 0xa0, 0x10, 0xff,
    0x38, 0x38, 0x38, 0xff, 0x38, 0x38, 0x38, 0xff, 0x38, 0x34, 0x38, 0xff,
    0x38, 0x34, 0x38, 0xfb, 0x30, 0x34, 0x30, 0xf3, 0x38, 0x34, 0x38, 0xe3,
    0x38, 0x34, 0x38, 0xd3, 0x30, 0x34, 0x30, 0xa6, 0x38, 0x34, 0x38, 0x65,
    0x30, 0x30, 0x30, 0x24, 0x40, 0x40, 0x40, 0x0c, 0x58, 0x54, 0x58, 0x04,
    0x00, 0x00, 0x00, 0x00, 0x00, 0x00, 0x00, 0x00, 0x00, 0x00, 0x00, 0x00,
    0x00, 0x00, 0x00, 0x00, 0x00, 0x00, 0x00, 0x00, 0x00, 0x00, 0x00, 0x00,
    0x00, 0x00, 0x00, 0x00, 0x00, 0x00, 0x00, 0x00, 0x00, 0x00, 0x00, 0x00,
    0x00, 0x00, 0x00, 0x00, 0x00, 0x00, 0x00, 0x00, 0x00, 0x00, 0x00, 0x00,
    0x00, 0x00, 0x00, 0x00, 0x00, 0x00, 0x00, 0x00, 0x00, 0x00, 0x00, 0x00,
    0x00, 0x00, 0x00, 0x00, 0x00, 0x00, 0x00, 0x00, 0x00, 0x00, 0x00, 0x00,
    0x00, 0x00, 0x00, 0x00, 0x00, 0x00, 0x00, 0x00, 0x00, 0x00, 0x00, 0x00,
    0x00, 0x00, 0x00, 0x00, 0x00, 0x00, 0x00, 0x00, 0x00, 0x00, 0x00, 0x00,
    0x00, 0x00, 0x00, 0x00, 0x00, 0x00, 0x00, 0x00, 0x00, 0x00, 0x00, 0x00,
    0x00, 0x00, 0x00, 0x00, 0x00, 0x00, 0x00, 0x00, 0x00, 0x00, 0x00, 0x00,
    0x00, 0x00, 0x00, 0x00, 0x00, 0x00, 0x00, 0x00, 0x00, 0x00, 0x00, 0x00,
    0x00, 0x00, 0x00, 0x00, 0x00, 0x00, 0x00, 0x00, 0x00, 0x00, 0x00, 0x00,
    0x00, 0x00, 0x00, 0x00, 0x00, 0x00, 0x00, 0x00, 0x00, 0x00, 0x00, 0x00,
    0x00, 0x00, 0x00, 0x00, 0x00, 0x00, 0x00, 0x00, 0x00, 0x00, 0x00, 0x00,
    0x00, 0x00, 0x00, 0x00, 0x00, 0x00, 0x00, 0x00, 0x00, 0x00, 0x00, 0x00,
    0x00, 0x00, 0x00, 0x00, 0x00, 0x00, 0x00, 0x00, 0x00, 0x00, 0x00, 0x00,
    0x00, 0x00, 0x00, 0x00, 0x00, 0x00, 0x00, 0x00, 0x00, 0x00, 0x00, 0x00,
    0x00, 0x00, 0x00, 0x00, 0x00, 0x00, 0x00, 0x00, 0x00, 0x00, 0x00, 0x00,
    0x00, 0x00, 0x00, 0x00, 0x00, 0x00, 0x00, 0x00, 0x00, 0x00, 0x00, 0x00,
    0x00, 0x00, 0x00, 0x00, 0x00, 0x00, 0x00, 0x00, 0x00, 0x00, 0x00, 0x00,
    0x00, 0x00, 0x00, 0x00, 0x00, 0x00, 0x00, 0x00, 0x00, 0x00, 0x00, 0x00,
    0x00, 0x00, 0x00, 0x00, 0x00, 0x00, 0x00, 0x00, 0x00, 0x00, 0x00, 0x00,
    0x00, 0x00, 0x00, 0x00, 0x00, 0x00, 0x00, 0x00, 0x00, 0x00, 0x00, 0x00,
    0x00, 0x00, 0x00, 0x00, 0x00, 0x00, 0x00, 0x00, 0x00, 0x00, 0x00, 0x00,
    0x00, 0x00, 0x00, 0x00, 0x00, 0x00, 0x00, 0x00, 0x00, 0x00, 0x00, 0x00,
    0x00, 0x00, 0x00, 0x00, 0x00, 0x00, 0x00, 0x00, 0x00, 0x00, 0x00, 0x00,
    0x00, 0x00, 0x00, 0x00, 0x00, 0x00, 0x00, 0x00, 0x00, 0x00, 0x00, 0x00,
    0x00, 0x00, 0x00, 0x00, 0x00, 0x00, 0x00, 0x00, 0x00, 0x00, 0x00, 0x00,
    0x00, 0x00, 0x00, 0x00, 0x00, 0x00, 0x00, 0x00, 0x00, 0x00, 0x00, 0x00,
    0x00, 0x00, 0x00, 0x00, 0x00, 0x00, 0x00, 0x00, 0x00, 0x00, 0x00, 0x00,
    0x00, 0x00, 0x00, 0x00, 0x00, 0x00, 0x00, 0x00, 0x00, 0x00, 0x00, 0x00,
    0x00, 0x00, 0x00, 0x00, 0x00, 0x00, 0x00, 0x00, 0x00, 0x00, 0x00, 0x00,
    0x00, 0x00, 0x00, 0x00, 0x00, 0x00, 0x00, 0x00, 0x00, 0x00, 0x00, 0x00,
    0x00, 0x00, 0x00, 0x00, 0x00, 0x00, 0x00, 0x00, 0x00, 0x00, 0x00, 0x00,
    0x00, 0x00, 0x00, 0x00, 0x00, 0x00, 0x00, 0x00, 0x38, 0x3c, 0x38, 0x1c,
    0x38, 0x3c, 0x38, 0x61, 0x38, 0x3c, 0x38, 0xa6, 0x38, 0x3c, 0x38, 0xd7,
    0x38, 0x38, 0x38, 0xfb, 0x40, 0x3c, 0x40, 0xff, 0x38, 0x3c, 0x38, 0xff,
    0x38, 0x3c, 0x38, 0xff, 0x38, 0x38, 0x38, 0xff, 0x40, 0x3c, 0x40, 0xff,
    0x38, 0x38, 0x38, 0xff, 0x38, 0x3c, 0x38, 0xff, 0x38, 0x38, 0x38, 0xff,
    0x38, 0x38, 0x38, 0xff, 0xd8, 0xb8, 0x10, 0xff, 0xf8, 0xd4, 0x00, 0xff,
    0xf8, 0xd4, 0x00, 0xff, 0xf8, 0xd4, 0x00, 0xff, 0xf8, 0xd4, 0x00, 0xff,
    0xf8, 0xd4, 0x00, 0xff, 0xf8, 0xd4, 0x00, 0xff, 0xf8, 0xd4, 0x00, 0xff,
    0xf8, 0xd4, 0x00, 0xff, 0xc0, 0xa0, 0x10, 0xff, 0x38, 0x38, 0x38, 0xff,
    0x38, 0x34, 0x38, 0xff, 0x30, 0x34, 0x30, 0xff, 0x38, 0x38, 0x38, 0xff,
    0x38, 0x34, 0x38, 0xff, 0x38, 0x34, 0x38, 0xff, 0x30, 0x34, 0x30, 0xff,
    0x38, 0x34, 0x38, 0xff, 0x38, 0x34, 0x38, 0xff, 0x30, 0x34, 0x30, 0xf7,
    0x30, 0x34, 0x30, 0xcf, 0x30, 0x34, 0x30, 0x9e, 0x38, 0x34, 0x38, 0x5d,
    0x38, 0x38, 0x38, 0x14, 0x00, 0x00, 0x00, 0x00, 0x00, 0x00, 0x00, 0x00,
    0x00, 0x00, 0x00, 0x00, 0x00, 0x00, 0x00, 0x00, 0x00, 0x00, 0x00, 0x00,
    0x00, 0x00, 0x00, 0x00, 0x00, 0x00, 0x00, 0x00, 0x00, 0x00, 0x00, 0x00,
    0x00, 0x00, 0x00, 0x00, 0x00, 0x00, 0x00, 0x00, 0x00, 0x00, 0x00, 0x00,
    0x00, 0x00, 0x00, 0x00, 0x00, 0x00, 0x00, 0x00, 0x00, 0x00, 0x00, 0x00,
    0x00, 0x00, 0x00, 0x00, 0x00, 0x00, 0x00, 0x00, 0x00, 0x00, 0x00, 0x00,
    0x00, 0x00, 0x00, 0x00, 0x00, 0x00, 0x00, 0x00, 0x00, 0x00, 0x00, 0x00,
    0x00, 0x00, 0x00, 0x00, 0x00, 0x00, 0x00, 0x00, 0x00, 0x00, 0x00, 0x00,
    0x00, 0x00, 0x00, 0x00, 0x00, 0x00, 0x00, 0x00, 0x00, 0x00, 0x00, 0x00,
    0x00, 0x00, 0x00, 0x00, 0x00, 0x00, 0x00, 0x00, 0x00, 0x00, 0x00, 0x00,
    0x00, 0x00, 0x00, 0x00, 0x00, 0x00, 0x00, 0x00, 0x00, 0x00, 0x00, 0x00,
    0x00, 0x00, 0x00, 0x00, 0x00, 0x00, 0x00, 0x00, 0x00, 0x00, 0x00, 0x00,
    0x00, 0x00, 0x00, 0x00, 0x00, 0x00, 0x00, 0x00, 0x00, 0x00, 0x00, 0x00,
    0x00, 0x00, 0x00, 0x00, 0x00, 0x00, 0x00, 0x00, 0x00, 0x00, 0x00, 0x00,
    0x00, 0x00, 0x00, 0x00, 0x00, 0x00, 0x00, 0x00, 0x00, 0x00, 0x00, 0x00,
    0x00, 0x00, 0x00, 0x00, 0x00, 0x00, 0x00, 0x00, 0x00, 0x00, 0x00, 0x00,
    0x00, 0x00, 0x00, 0x00, 0x00, 0x00, 0x00, 0x00, 0x00, 0x00, 0x00, 0x00,
    0x00, 0x00, 0x00, 0x00, 0x00, 0x00, 0x00, 0x00, 0x00, 0x00, 0x00, 0x00,
    0x00, 0x00, 0x00, 0x00, 0x00, 0x00, 0x00, 0x00, 0x00, 0x00, 0x00, 0x00,
    0x00, 0x00, 0x00, 0x00, 0x00, 0x00, 0x00, 0x00, 0x00, 0x00, 0x00, 0x00,
    0x00, 0x00, 0x00, 0x00, 0x00, 0x00, 0x00, 0x00, 0x00, 0x00, 0x00, 0x00,
    0x00, 0x00, 0x00, 0x00, 0x00, 0x00, 0x00, 0x00, 0x00, 0x00, 0x00, 0x00,
    0x00, 0x00, 0x00, 0x00, 0x00, 0x00, 0x00, 0x00, 0x00, 0x00, 0x00, 0x00,
    0x00, 0x00, 0x00, 0x00, 0x00, 0x00, 0x00, 0x00, 0x00, 0x00, 0x00, 0x00,
    0x00, 0x00, 0x00, 0x00, 0x00, 0x00, 0x00, 0x00, 0x00, 0x00, 0x00, 0x00,
    0x00, 0x00, 0x00, 0x00, 0x00, 0x00, 0x00, 0x00, 0x00, 0x00, 0x00, 0x00,
    0x00, 0x00, 0x00, 0x00, 0x00, 0x00, 0x00, 0x00, 0x00, 0x00, 0x00, 0x00,
    0x00, 0x00, 0x00, 0x00, 0x00, 0x00, 0x00, 0x00, 0x00, 0x00, 0x00, 0x00,
    0x00, 0x00, 0x00, 0x00, 0x00, 0x00, 0x00, 0x00, 0x00, 0x00, 0x00, 0x00,
    0x00, 0x00, 0x00, 0x00, 0x00, 0x00, 0x00, 0x00, 0x00, 0x00, 0x00, 0x00,
    0x00, 0x00, 0x00, 0x00, 0x00, 0x00, 0x00, 0x00, 0x00, 0x00, 0x00, 0x00,
    0x00, 0x00, 0x00, 0x00, 0x00, 0x00, 0x00, 0x00, 0x00, 0x00, 0x00, 0x00,
    0x00, 0x00, 0x00, 0x00, 0x00, 0x00, 0x00, 0x00, 0x00, 0x00, 0x00, 0x00,
    0x80, 0x80, 0x80, 0x00, 0x38, 0x38, 0x38, 0x24, 0x38, 0x3c, 0x38, 0x5d,
    0x40, 0x3c, 0x40, 0xbe, 0x38, 0x3c, 0x38, 0xfb, 0x40, 0x3c, 0x40, 0xff,
    0x40, 0x3c, 0x40, 0xff, 0x40, 0x3c, 0x40, 0xff, 0x38, 0x3c, 0x38, 0xff,
    0x40, 0x3c, 0x40, 0xff, 0x40, 0x3c, 0x40, 0xff, 0x38, 0x3c, 0x38, 0xff,
    0x38, 0x38, 0x38, 0xff, 0x40, 0x38, 0x40, 0xff, 0x38, 0x3c, 0x38, 0xff,
    0x40, 0x38, 0x40, 0xff, 0x40, 0x3c, 0x38, 0xff, 0x38, 0x38, 0x38, 0xff,
    0xd8, 0xb8, 0x10, 0xff, 0xf8, 0xd4, 0x00, 0xff, 0xf8, 0xd4, 0x00, 0xff,
    0xf8, 0xd4, 0x00, 0xff, 0xf8, 0xd4, 0x00, 0xff, 0xf8, 0xd4, 0x00, 0xff,
    0xf8, 0xd4, 0x00, 0xff, 0xf8, 0xd4, 0x00, 0xff, 0xf8, 0xd4, 0x00, 0xff,
    0xb8, 0xa0, 0x10, 0xff, 0x38, 0x38, 0x38, 0xff, 0x38, 0x38, 0x38, 0xff,
    0x38, 0x34, 0x38, 0xff, 0x38, 0x38, 0x38, 0xff, 0x38, 0x38, 0x38, 0xff,
    0x38, 0x38, 0x38, 0xff, 0x30, 0x34, 0x30, 0xff, 0x38, 0x34, 0x38, 0xff,
    0x38, 0x34, 0x38, 0xff, 0x38, 0x34, 0x38, 0xff, 0x38, 0x34, 0x38, 0xff,
    0x30, 0x34, 0x30, 0xff, 0x30, 0x34, 0x30, 0xff, 0x38, 0x34, 0x38, 0xf7,
    0x30, 0x30, 0x30, 0xae, 0x30, 0x34, 0x30, 0x59, 0x30, 0x30, 0x30, 0x20,
    0x00, 0x00, 0x00, 0x00, 0x00, 0x00, 0x00, 0x00, 0x00, 0x00, 0x00, 0x00,
    0x00, 0x00, 0x00, 0x00, 0x00, 0x00, 0x00, 0x00, 0x00, 0x00, 0x00, 0x00,
    0x00, 0x00, 0x00, 0x00, 0x00, 0x00, 0x00, 0x00, 0x00, 0x00, 0x00, 0x00,
    0x00, 0x00, 0x00, 0x00, 0x00, 0x00, 0x00, 0x00, 0x00, 0x00, 0x00, 0x00,
    0x00, 0x00, 0x00, 0x00, 0x00, 0x00, 0x00, 0x00, 0x00, 0x00, 0x00, 0x00,
    0x00, 0x00, 0x00, 0x00, 0x00, 0x00, 0x00, 0x00, 0x00, 0x00, 0x00, 0x00,
    0x00, 0x00, 0x00, 0x00, 0x00, 0x00, 0x00, 0x00, 0x00, 0x00, 0x00, 0x00,
    0x00, 0x00, 0x00, 0x00, 0x00, 0x00, 0x00, 0x00, 0x00, 0x00, 0x00, 0x00,
    0x00, 0x00, 0x00, 0x00, 0x00, 0x00, 0x00, 0x00, 0x00, 0x00, 0x00, 0x00,
    0x00, 0x00, 0x00, 0x00, 0x00, 0x00, 0x00, 0x00, 0x00, 0x00, 0x00, 0x00,
    0x00, 0x00, 0x00, 0x00, 0x00, 0x00, 0x00, 0x00, 0x00, 0x00, 0x00, 0x00,
    0x00, 0x00, 0x00, 0x00, 0x00, 0x00, 0x00, 0x00, 0x00, 0x00, 0x00, 0x00,
    0x00, 0x00, 0x00, 0x00, 0x00, 0x00, 0x00, 0x00, 0x00, 0x00, 0x00, 0x00,
    0x00, 0x00, 0x00, 0x00, 0x00, 0x00, 0x00, 0x00, 0x00, 0x00, 0x00, 0x00,
    0x00, 0x00, 0x00, 0x00, 0x00, 0x00, 0x00, 0x00, 0x00, 0x00, 0x00, 0x00,
    0x00, 0x00, 0x00, 0x00, 0x00, 0x00, 0x00, 0x00, 0x00, 0x00, 0x00, 0x00,
    0x00, 0x00, 0x00, 0x00, 0x00, 0x00, 0x00, 0x00, 0x00, 0x00, 0x00, 0x00,
    0x00, 0x00, 0x00, 0x00, 0x00, 0x00, 0x00, 0x00, 0x00, 0x00, 0x00, 0x00,
    0x00, 0x00, 0x00, 0x00, 0x00, 0x00, 0x00, 0x00, 0x00, 0x00, 0x00, 0x00,
    0x00, 0x00, 0x00, 0x00, 0x00, 0x00, 0x00, 0x00, 0x00, 0x00, 0x00, 0x00,
    0x00, 0x00, 0x00, 0x00, 0x00, 0x00, 0x00, 0x00, 0x00, 0x00, 0x00, 0x00,
    0x00, 0x00, 0x00, 0x00, 0x00, 0x00, 0x00, 0x00, 0x00, 0x00, 0x00, 0x00,
    0x00, 0x00, 0x00, 0x00, 0x00, 0x00, 0x00, 0x00, 0x00, 0x00, 0x00, 0x00,
    0x00, 0x00, 0x00, 0x00, 0x00, 0x00, 0x00, 0x00, 0x00, 0x00, 0x00, 0x00,
    0x00, 0x00, 0x00, 0x00, 0x00, 0x00, 0x00, 0x00, 0x00, 0x00, 0x00, 0x00,
    0x00, 0x00, 0x00, 0x00, 0x00, 0x00, 0x00, 0x00, 0x00, 0x00, 0x00, 0x00,
    0x00, 0x00, 0x00, 0x00, 0x00, 0x00, 0x00, 0x00, 0x00, 0x00, 0x00, 0x00,
    0x00, 0x00, 0x00, 0x00, 0x00, 0x00, 0x00, 0x00, 0x00, 0x00, 0x00, 0x00,
    0x00, 0x00, 0x00, 0x00, 0x00, 0x00, 0x00, 0x00, 0x00, 0x00, 0x00, 0x00,
    0x00, 0x00, 0x00, 0x00, 0x00, 0x00, 0x00, 0x00, 0x00, 0x00, 0x00, 0x00,
    0x00, 0x00, 0x00, 0x00, 0x00, 0x00, 0x00, 0x00, 0x00, 0x00, 0x00, 0x00,
    0x40, 0x40, 0x40, 0x10, 0x38, 0x3c, 0x38, 0x41, 0x40, 0x3c, 0x40, 0xb6,
    0x38, 0x3c, 0x38, 0xef, 0x38, 0x3c, 0x38, 0xfb, 0x40, 0x3c, 0x40, 0xff,
    0x40, 0x3c, 0x40, 0xff, 0x38, 0x3c, 0x38, 0xff, 0x38, 0x38, 0x38, 0xff,
    0x38, 0x3c, 0x38, 0xff, 0x38, 0x3c, 0x38, 0xff, 0x38, 0x3c, 0x38, 0xff,
    0x40, 0x3c, 0x40, 0xff, 0x38, 0x38, 0x38, 0xff, 0x38, 0x3c, 0x38, 0xff,
    0x38, 0x3c, 0x38, 0xff, 0x38, 0x38, 0x38, 0xff, 0x38, 0x3c, 0x38, 0xff,
    0x38, 0x38, 0x38, 0xff, 0x38, 0x38, 0x38, 0xff, 0xd8, 0xb8, 0x08, 0xff,
    0xf8, 0xd4, 0x00, 0xff, 0xf8, 0xd4, 0x00, 0xff, 0xf8, 0xd4, 0x00, 0xff,
    0xf8, 0xd4, 0x00, 0xff, 0xf8, 0xd4, 0x00, 0xff, 0xf8, 0xd4, 0x00, 0xff,
    0xf8, 0xd4, 0x00, 0xff, 0xf8, 0xd4, 0x00, 0xff, 0xb8, 0xa0, 0x10, 0xff,
    0x38, 0x38, 0x38, 0xff, 0x38, 0x34, 0x38, 0xff, 0x30, 0x34, 0x30, 0xff,
    0x38, 0x38, 0x38, 0xff, 0x30, 0x34, 0x30, 0xff, 0x30, 0x34, 0x30, 0xff,
    0x38, 0x34, 0x38, 0xff, 0x30, 0x38, 0x30, 0xff, 0x30, 0x38, 0x30, 0xff,
    0x30, 0x34, 0x30, 0xff, 0x38, 0x34, 0x38, 0xff, 0x38, 0x34, 0x38, 0xff,
    0x30, 0x34, 0x30, 0xff, 0x30, 0x34, 0x30, 0xff, 0x30, 0x34, 0x30, 0xff,
    0x30, 0x30, 0x30, 0xfb, 0x30, 0x30, 0x30, 0xef, 0x30, 0x34, 0x30, 0xa6,
    0x30, 0x30, 0x30, 0x34, 0x38, 0x38, 0x38, 0x0c, 0x00, 0x00, 0x00, 0x00,
    0x00, 0x00, 0x00, 0x00, 0x00, 0x00, 0x00, 0x00, 0x00, 0x00, 0x00, 0x00,
    0x00, 0x00, 0x00, 0x00, 0x00, 0x00, 0x00, 0x00, 0x00, 0x00, 0x00, 0x00,
    0x00, 0x00, 0x00, 0x00, 0x00, 0x00, 0x00, 0x00, 0x00, 0x00, 0x00, 0x00,
    0x00, 0x00, 0x00, 0x00, 0x00, 0x00, 0x00, 0x00, 0x00, 0x00, 0x00, 0x00,
    0x00, 0x00, 0x00, 0x00, 0x00, 0x00, 0x00, 0x00, 0x00, 0x00, 0x00, 0x00,
    0x00, 0x00, 0x00, 0x00, 0x00, 0x00, 0x00, 0x00, 0x00, 0x00, 0x00, 0x00,
    0x00, 0x00, 0x00, 0x00, 0x00, 0x00, 0x00, 0x00, 0x00, 0x00, 0x00, 0x00,
    0x00, 0x00, 0x00, 0x00, 0x00, 0x00, 0x00, 0x00, 0x00, 0x00, 0x00, 0x00,
    0x00, 0x00, 0x00, 0x00, 0x00, 0x00, 0x00, 0x00, 0x00, 0x00, 0x00, 0x00,
    0x00, 0x00, 0x00, 0x00, 0x00, 0x00, 0x00, 0x00, 0x00, 0x00, 0x00, 0x00,
    0x00, 0x00, 0x00, 0x00, 0x00, 0x00, 0x00, 0x00, 0x00, 0x00, 0x00, 0x00,
    0x00, 0x00, 0x00, 0x00, 0x00, 0x00, 0x00, 0x00, 0x00, 0x00, 0x00, 0x00,
    0x00, 0x00, 0x00, 0x00, 0x00, 0x00, 0x00, 0x00, 0x00, 0x00, 0x00, 0x00,
    0x00, 0x00, 0x00, 0x00, 0x00, 0x00, 0x00, 0x00, 0x00, 0x00, 0x00, 0x00,
    0x00, 0x00, 0x00, 0x00, 0x00, 0x00, 0x00, 0x00, 0x00, 0x00, 0x00, 0x00,
    0x00, 0x00, 0x00, 0x00, 0x00, 0x00, 0x00, 0x00, 0x00, 0x00, 0x00, 0x00,
    0x00, 0x00, 0x00, 0x00, 0x00, 0x00, 0x00, 0x00, 0x00, 0x00, 0x00, 0x00,
    0x00, 0x00, 0x00, 0x00, 0x00, 0x00, 0x00, 0x00, 0x00, 0x00, 0x00, 0x00,
    0x00, 0x00, 0x00, 0x00, 0x00, 0x00, 0x00, 0x00, 0x00, 0x00, 0x00, 0x00,
    0x00, 0x00, 0x00, 0x00, 0x00, 0x00, 0x00, 0x00, 0x00, 0x00, 0x00, 0x00,
    0x00, 0x00, 0x00, 0x00, 0x00, 0x00, 0x00, 0x00, 0x00, 0x00, 0x00, 0x00,
    0x00, 0x00, 0x00, 0x00, 0x00, 0x00, 0x00, 0x00, 0x00, 0x00, 0x00, 0x00,
    0x00, 0x00, 0x00, 0x00, 0x00, 0x00, 0x00, 0x00, 0x00, 0x00, 0x00, 0x00,
    0x00, 0x00, 0x00, 0x00, 0x00, 0x00, 0x00, 0x00, 0x00, 0x00, 0x00, 0x00,
    0x00, 0x00, 0x00, 0x00, 0x00, 0x00, 0x00, 0x00, 0x00, 0x00, 0x00, 0x00,
    0x00, 0x00, 0x00, 0x00, 0x00, 0x00, 0x00, 0x00, 0x00, 0x00, 0x00, 0x00,
    0x00, 0x00, 0x00, 0x00, 0x00, 0x00, 0x00, 0x00, 0x00, 0x00, 0x00, 0x00,
    0x00, 0x00, 0x00, 0x00, 0x00, 0x00, 0x00, 0x00, 0x00, 0x00, 0x00, 0x00,
    0x00, 0x00, 0x00, 0x00, 0x00, 0x00, 0x00, 0x00, 0x00, 0x00, 0x00, 0x00,
    0x30, 0x34, 0x30, 0x08, 0x40, 0x3c, 0x40, 0x6d, 0x38, 0x3c, 0x38, 0xcf,
    0x40, 0x3c, 0x40, 0xfb, 0x40, 0x3c, 0x40, 0xff, 0x40, 0x3c, 0x40, 0xff,
    0x38, 0x3c, 0x38, 0xff, 0x40, 0x3c, 0x40, 0xff, 0x38, 0x3c, 0x38, 0xff,
    0x38, 0x3c, 0x38, 0xff, 0x40, 0x3c, 0x40, 0xff, 0x38, 0x38, 0x38, 0xff,
    0x40, 0x3c, 0x40, 0xff, 0x38, 0x3c, 0x38, 0xff, 0x38, 0x38, 0x38, 0xff,
    0x38, 0x38, 0x38, 0xff, 0x40, 0x3c, 0x40, 0xff, 0x38, 0x38, 0x38, 0xff,
    0x38, 0x38, 0x38, 0xff, 0x38, 0x38, 0x38, 0xff, 0x38, 0x38, 0x38, 0xff,
    0x38, 0x38, 0x38, 0xff, 0xd8, 0xb8, 0x10, 0xff, 0xf8, 0xd4, 0x00, 0xff,
    0xf8, 0xd4, 0x00, 0xff, 0xf8, 0xd4, 0x00, 0xff, 0xf8, 0xd4, 0x00, 0xff,
    0xf8, 0xd4, 0x00, 0xff, 0xf8, 0xd4, 0x00, 0xff, 0xf8, 0xd4, 0x00, 0xff,
    0xf8, 0xd4, 0x00, 0xff, 0xc0, 0xa0, 0x10, 0xff, 0x38, 0x34, 0x38, 0xff,
    0x38, 0x34, 0x38, 0xff, 0x38, 0x38, 0x38, 0xff, 0x38, 0x34, 0x38, 0xff,
    0x30, 0x34, 0x30, 0xff, 0x38, 0x34, 0x38, 0xff, 0x38, 0x34, 0x38, 0xff,
    0x38, 0x34, 0x38, 0xff, 0x38, 0x34, 0x38, 0xff, 0x30, 0x34, 0x30, 0xff,
    0x30, 0x34, 0x30, 0xff, 0x38, 0x34, 0x38, 0xff, 0x38, 0x34, 0x38, 0xff,
    0x30, 0x34, 0x30, 0xff, 0x38, 0x34, 0x38, 0xff, 0x38, 0x34, 0x38, 0xff,
    0x30, 0x34, 0x30, 0xff, 0x30, 0x30, 0x30, 0xff, 0x30, 0x34, 0x30, 0xf7,
    0x30, 0x30, 0x30, 0xcb, 0x30, 0x30, 0x30, 0x5d, 0x30, 0x34, 0x30, 0x04,
    0x00, 0x00, 0x00, 0x00, 0x00, 0x00, 0x00, 0x00, 0x00, 0x00, 0x00, 0x00,
    0x00, 0x00, 0x00, 0x00, 0x00, 0x00, 0x00, 0x00, 0x00, 0x00, 0x00, 0x00,
    0x00, 0x00, 0x00, 0x00, 0x00, 0x00, 0x00, 0x00, 0x00, 0x00, 0x00, 0x00,
    0x00, 0x00, 0x00, 0x00, 0x00, 0x00, 0x00, 0x00, 0x00, 0x00, 0x00, 0x00,
    0x00, 0x00, 0x00, 0x00, 0x00, 0x00, 0x00, 0x00, 0x00, 0x00, 0x00, 0x00,
    0x00, 0x00, 0x00, 0x00, 0x00, 0x00, 0x00, 0x00, 0x00, 0x00, 0x00, 0x00,
    0x00, 0x00, 0x00, 0x00, 0x00, 0x00, 0x00, 0x00, 0x00, 0x00, 0x00, 0x00,
    0x00, 0x00, 0x00, 0x00, 0x00, 0x00, 0x00, 0x00, 0x00, 0x00, 0x00, 0x00,
    0x00, 0x00, 0x00, 0x00, 0x00, 0x00, 0x00, 0x00, 0x00, 0x00, 0x00, 0x00,
    0x00, 0x00, 0x00, 0x00, 0x00, 0x00, 0x00, 0x00, 0x00, 0x00, 0x00, 0x00,
    0x00, 0x00, 0x00, 0x00, 0x00, 0x00, 0x00, 0x00, 0x00, 0x00, 0x00, 0x00,
    0x00, 0x00, 0x00, 0x00, 0x00, 0x00, 0x00, 0x00, 0x00, 0x00, 0x00, 0x00,
    0x00, 0x00, 0x00, 0x00, 0x00, 0x00, 0x00, 0x00, 0x00, 0x00, 0x00, 0x00,
    0x00, 0x00, 0x00, 0x00, 0x00, 0x00, 0x00, 0x00, 0x00, 0x00, 0x00, 0x00,
    0x00, 0x00, 0x00, 0x00, 0x00, 0x00, 0x00, 0x00, 0x00, 0x00, 0x00, 0x00,
    0x00, 0x00, 0x00, 0x00, 0x00, 0x00, 0x00, 0x00, 0x00, 0x00, 0x00, 0x00,
    0x00, 0x00, 0x00, 0x00, 0x00, 0x00, 0x00, 0x00, 0x00, 0x00, 0x00, 0x00,
    0x00, 0x00, 0x00, 0x00, 0x00, 0x00, 0x00, 0x00, 0x00, 0x00, 0x00, 0x00,
    0x00, 0x00, 0x00, 0x00, 0x00, 0x00, 0x00, 0x00, 0x00, 0x00, 0x00, 0x00,
    0x00, 0x00, 0x00, 0x00, 0x00, 0x00, 0x00, 0x00, 0x00, 0x00, 0x00, 0x00,
    0x00, 0x00, 0x00, 0x00, 0x00, 0x00, 0x00, 0x00, 0x00, 0x00, 0x00, 0x00,
    0x00, 0x00, 0x00, 0x00, 0x00, 0x00, 0x00, 0x00, 0x00, 0x00, 0x00, 0x00,
    0x00, 0x00, 0x00, 0x00, 0x00, 0x00, 0x00, 0x00, 0x00, 0x00, 0x00, 0x00,
    0x00, 0x00, 0x00, 0x00, 0x00, 0x00, 0x00, 0x00, 0x00, 0x00, 0x00, 0x00,
    0x00, 0x00, 0x00, 0x00, 0x00, 0x00, 0x00, 0x00, 0x00, 0x00, 0x00, 0x00,
    0x00, 0x00, 0x00, 0x00, 0x00, 0x00, 0x00, 0x00, 0x00, 0x00, 0x00, 0x00,
    0x00, 0x00, 0x00, 0x00, 0x00, 0x00, 0x00, 0x00, 0x00, 0x00, 0x00, 0x00,
    0x00, 0x00, 0x00, 0x00, 0x00, 0x00, 0x00, 0x00, 0x00, 0x00, 0x00, 0x00,
    0x38, 0x3c, 0x38, 0x14, 0x40, 0x3c, 0x40, 0x69, 0x40, 0x3c, 0x40, 0xdb,
    0x38, 0x3c, 0x38, 0xff, 0x40, 0x3c, 0x40, 0xff, 0x38, 0x3c, 0x38, 0xff,
    0x38, 0x3c, 0x38, 0xff, 0x40, 0x3c, 0x40, 0xff, 0x38, 0x3c, 0x38, 0xff,
    0x38, 0x3c, 0x38, 0xff, 0x40, 0x38, 0x40, 0xff, 0x38, 0x3c, 0x38, 0xff,
    0x38, 0x3c, 0x38, 0xff, 0x40, 0x38, 0x40, 0xff, 0x38, 0x38, 0x38, 0xff,
    0x38, 0x38, 0x38, 0xff, 0x38, 0x38, 0x38, 0xff, 0x38, 0x3c, 0x38, 0xff,
    0x38, 0x38, 0x38, 0xff, 0x38, 0x38, 0x38, 0xff, 0x38, 0x38, 0x38, 0xff,
    0x40, 0x3c, 0x40, 0xff, 0x38, 0x38, 0x38, 0xff, 0x38, 0x38, 0x38, 0xff,
    0xd8, 0xb4, 0x10, 0xff, 0xf8, 0xd4, 0x00, 0xff, 0xf8, 0xd4, 0x00, 0xff,
    0xf8, 0xd4, 0x00, 0xff, 0xf8, 0xd4, 0x00, 0xff, 0xf8, 0xd4, 0x00, 0xff,
    0xf8, 0xd4, 0x00, 0xff, 0xf8, 0xd4, 0x00, 0xff, 0xf8, 0xd4, 0x00, 0xff,
    0xb8, 0xa0, 0x10, 0xff, 0x38, 0x34, 0x38, 0xff, 0x30, 0x34, 0x30, 0xff,
    0x30, 0x34, 0x30, 0xff, 0x38, 0x34, 0x38, 0xff, 0x38, 0x38, 0x38, 0xff,
    0x30, 0x34, 0x30, 0xff, 0x30, 0x34, 0x30, 0xff, 0x38, 0x34, 0x38, 0xff,
    0x38, 0x34, 0x38, 0xff, 0x30, 0x34, 0x30, 0xff, 0x30, 0x34, 0x30, 0xff,
    0x30, 0x34, 0x30, 0xff, 0x30, 0x34, 0x30, 0xff, 0x38, 0x34, 0x38, 0xff,
    0x30, 0x30, 0x30, 0xff, 0x30, 0x30, 0x30, 0xff, 0x38, 0x34, 0x38, 0xff,
    0x30, 0x30, 0x30, 0xff, 0x38, 0x34, 0x38, 0xff, 0x30, 0x30, 0x30, 0xff,
    0x30, 0x30, 0x30, 0xff, 0x30, 0x30, 0x30, 0xcf, 0x30, 0x30, 0x30, 0x61,
    0x28, 0x28, 0x28, 0x10, 0x00, 0x00, 0x00, 0x00, 0x00, 0x00, 0x00, 0x00,
    0x00, 0x00, 0x00, 0x00, 0x00, 0x00, 0x00, 0x00, 0x00, 0x00, 0x00, 0x00,
    0x00, 0x00, 0x00, 0x00, 0x00, 0x00, 0x00, 0x00, 0x00, 0x00, 0x00, 0x00,
    0x00, 0x00, 0x00, 0x00, 0x00, 0x00, 0x00, 0x00, 0x00, 0x00, 0x00, 0x00,
    0x00, 0x00, 0x00, 0x00, 0x00, 0x00, 0x00, 0x00, 0x00, 0x00, 0x00, 0x00,
    0x00, 0x00, 0x00, 0x00, 0x00, 0x00, 0x00, 0x00, 0x00, 0x00, 0x00, 0x00,
    0x00, 0x00, 0x00, 0x00, 0x00, 0x00, 0x00, 0x00, 0x00, 0x00, 0x00, 0x00,
    0x00, 0x00, 0x00, 0x00, 0x00, 0x00, 0x00, 0x00, 0x00, 0x00, 0x00, 0x00,
    0x00, 0x00, 0x00, 0x00, 0x00, 0x00, 0x00, 0x00, 0x00, 0x00, 0x00, 0x00,
    0x00, 0x00, 0x00, 0x00, 0x00, 0x00, 0x00, 0x00, 0x00, 0x00, 0x00, 0x00,
    0x00, 0x00, 0x00, 0x00, 0x00, 0x00, 0x00, 0x00, 0x00, 0x00, 0x00, 0x00,
    0x00, 0x00, 0x00, 0x00, 0x00, 0x00, 0x00, 0x00, 0x00, 0x00, 0x00, 0x00,
    0x00, 0x00, 0x00, 0x00, 0x00, 0x00, 0x00, 0x00, 0x00, 0x00, 0x00, 0x00,
    0x00, 0x00, 0x00, 0x00, 0x00, 0x00, 0x00, 0x00, 0x00, 0x00, 0x00, 0x00,
    0x00, 0x00, 0x00, 0x00, 0x00, 0x00, 0x00, 0x00, 0x00, 0x00, 0x00, 0x00,
    0x00, 0x00, 0x00, 0x00, 0x00, 0x00, 0x00, 0x00, 0x00, 0x00, 0x00, 0x00,
    0x00, 0x00, 0x00, 0x00, 0x00, 0x00, 0x00, 0x00, 0x00, 0x00, 0x00, 0x00,
    0x00, 0x00, 0x00, 0x00, 0x00, 0x00, 0x00, 0x00, 0x00, 0x00, 0x00, 0x00,
    0x00, 0x00, 0x00, 0x00, 0x00, 0x00, 0x00, 0x00, 0x00, 0x00, 0x00, 0x00,
    0x00, 0x00, 0x00, 0x00, 0x00, 0x00, 0x00, 0x00, 0x00, 0x00, 0x00, 0x00,
    0x00, 0x00, 0x00, 0x00, 0x00, 0x00, 0x00, 0x00, 0x00, 0x00, 0x00, 0x00,
    0x00, 0x00, 0x00, 0x00, 0x00, 0x00, 0x00, 0x00, 0x00, 0x00, 0x00, 0x00,
    0x00, 0x00, 0x00, 0x00, 0x00, 0x00, 0x00, 0x00, 0x00, 0x00, 0x00, 0x00,
    0x00, 0x00, 0x00, 0x00, 0x00, 0x00, 0x00, 0x00, 0x00, 0x00, 0x00, 0x00,
    0x00, 0x00, 0x00, 0x00, 0x00, 0x00, 0x00, 0x00, 0x00, 0x00, 0x00, 0x00,
    0x00, 0x00, 0x00, 0x00, 0x00, 0x00, 0x00, 0x00, 0x00, 0x00, 0x00, 0x00,
    0x00, 0x00, 0x00, 0x00, 0x00, 0x00, 0x00, 0x00, 0x00, 0x00, 0x00, 0x00,
    0x40, 0x44, 0x40, 0x14, 0x40, 0x3c, 0x40, 0x71, 0x38, 0x3c, 0x38, 0xe7,
    0x40, 0x3c, 0x40, 0xff, 0x40, 0x3c, 0x40, 0xff, 0x38, 0x3c, 0x38, 0xff,
    0x40, 0x3c, 0x40, 0xff, 0x38, 0x3c, 0x38, 0xff, 0x40, 0x3c, 0x40, 0xff,
    0x40, 0x3c, 0x40, 0xff, 0x38, 0x3c, 0x38, 0xff, 0x38, 0x3c, 0x38, 0xff,
    0x40, 0x3c, 0x40, 0xff, 0x38, 0x38, 0x38, 0xff, 0x38, 0x3c, 0x38, 0xff,
    0x38, 0x3c, 0x38, 0xff, 0x38, 0x38, 0x38, 0xff, 0x40, 0x3c, 0x40, 0xff,
    0x38, 0x3c, 0x38, 0xff, 0x38, 0x38, 0x38, 0xff, 0x38, 0x38, 0x38, 0xff,
    0x38, 0x38, 0x38, 0xff, 0x38, 0x3c, 0x38, 0xff, 0x38, 0x38, 0x38, 0xff,
    0x38, 0x38, 0x38, 0xff, 0x38, 0x38, 0x38, 0xff, 0xd8, 0xb8, 0x08, 0xff,
    0xf8, 0xd4, 0x00, 0xff, 0xf8, 0xd4, 0x00, 0xff, 0xf8, 0xd4, 0x00, 0xff,
    0xf8, 0xd4, 0x00, 0xff, 0xf8, 0xd4, 0x00, 0xff, 0xf8, 0xd4, 0x00, 0xff,
    0xf8, 0xd4, 0x00, 0xff, 0xf8, 0xd4, 0x00, 0xff, 0xb8, 0xa0, 0x10, 0xff,
    0x38, 0x38, 0x38, 0xff, 0x38, 0x34, 0x38, 0xff, 0x30, 0x34, 0x30, 0xff,
    0x38, 0x38, 0x38, 0xff, 0x30, 0x34, 0x30, 0xff, 0x38, 0x34, 0x30, 0xff,
    0x30, 0x34, 0x38, 0xff, 0x30, 0x34, 0x30, 0xff, 0x38, 0x34, 0x30, 0xff,
    0x30, 0x34, 0x38, 0xff, 0x38, 0x34, 0x38, 0xff, 0x30, 0x34, 0x30, 0xff,
    0x30, 0x34, 0x30, 0xff, 0x38, 0x34, 0x38, 0xff, 0x30, 0x30, 0x30, 0xff,
    0x30, 0x34, 0x30, 0xff, 0x30, 0x30, 0x30, 0xff, 0x30, 0x34, 0x30, 0xff,
    0x30, 0x30, 0x30, 0xff, 0x30, 0x30, 0x30, 0xff, 0x30, 0x30, 0x30, 0xff,
    0x30, 0x30, 0x30, 0xff, 0x30, 0x30, 0x30, 0xff, 0x30, 0x30, 0x30, 0xdf,
    0x30, 0x30, 0x30, 0x5d, 0x38, 0x34, 0x38, 0x0c, 0x00, 0x00, 0x00, 0x00,
    0x00, 0x00, 0x00, 0x00, 0x00, 0x00, 0x00, 0x00, 0x00, 0x00, 0x00, 0x00,
    0x00, 0x00, 0x00, 0x00, 0x00, 0x00, 0x00, 0x00, 0x00, 0x00, 0x00, 0x00,
    0x00, 0x00, 0x00, 0x00, 0x00, 0x00, 0x00, 0x00, 0x00, 0x00, 0x00, 0x00,
    0x00, 0x00, 0x00, 0x00, 0x00, 0x00, 0x00, 0x00, 0x00, 0x00, 0x00, 0x00,
    0x00, 0x00, 0x00, 0x00, 0x00, 0x00, 0x00, 0x00, 0x00, 0x00, 0x00, 0x00,
    0x00, 0x00, 0x00, 0x00, 0x00, 0x00, 0x00, 0x00, 0x00, 0x00, 0x00, 0x00,
    0x00, 0x00, 0x00, 0x00, 0x00, 0x00, 0x00, 0x00, 0x00, 0x00, 0x00, 0x00,
    0x00, 0x00, 0x00, 0x00, 0x00, 0x00, 0x00, 0x00, 0x00, 0x00, 0x00, 0x00,
    0x00, 0x00, 0x00, 0x00, 0x00, 0x00, 0x00, 0x00, 0x00, 0x00, 0x00, 0x00,
    0x00, 0x00, 0x00, 0x00, 0x00, 0x00, 0x00, 0x00, 0x00, 0x00, 0x00, 0x00,
    0x00, 0x00, 0x00, 0x00, 0x00, 0x00, 0x00, 0x00, 0x00, 0x00, 0x00, 0x00,
    0x00, 0x00, 0x00, 0x00, 0x00, 0x00, 0x00, 0x00, 0x00, 0x00, 0x00, 0x00,
    0x00, 0x00, 0x00, 0x00, 0x00, 0x00, 0x00, 0x00, 0x00, 0x00, 0x00, 0x00,
    0x00, 0x00, 0x00, 0x00, 0x00, 0x00, 0x00, 0x00, 0x00, 0x00, 0x00, 0x00,
    0x00, 0x00, 0x00, 0x00, 0x00, 0x00, 0x00, 0x00, 0x00, 0x00, 0x00, 0x00,
    0x00, 0x00, 0x00, 0x00, 0x00, 0x00, 0x00, 0x00, 0x00, 0x00, 0x00, 0x00,
    0x00, 0x00, 0x00, 0x00, 0x00, 0x00, 0x00, 0x00, 0x00, 0x00, 0x00, 0x00,
    0x00, 0x00, 0x00, 0x00, 0x00, 0x00, 0x00, 0x00, 0x00, 0x00, 0x00, 0x00,
    0x00, 0x00, 0x00, 0x00, 0x00, 0x00, 0x00, 0x00, 0x00, 0x00, 0x00, 0x00,
    0x00, 0x00, 0x00, 0x00, 0x00, 0x00, 0x00, 0x00, 0x00, 0x00, 0x00, 0x00,
    0x00, 0x00, 0x00, 0x00, 0x00, 0x00, 0x00, 0x00, 0x00, 0x00, 0x00, 0x00,
    0x00, 0x00, 0x00, 0x00, 0x00, 0x00, 0x00, 0x00, 0x00, 0x00, 0x00, 0x00,
    0x00, 0x00, 0x00, 0x00, 0x00, 0x00, 0x00, 0x00, 0x00, 0x00, 0x00, 0x00,
    0x00, 0x00, 0x00, 0x00, 0x00, 0x00, 0x00, 0x00, 0x00, 0x00, 0x00, 0x00,
    0x00, 0x00, 0x00, 0x00, 0x00, 0x00, 0x00, 0x00, 0x00, 0x00, 0x00, 0x00,
    0x48, 0x48, 0x48, 0x08, 0x40, 0x3c, 0x40, 0x49, 0x40, 0x3c, 0x40, 0xdb,
    0x40, 0x3c, 0x40, 0xfb, 0x38, 0x3c, 0x38, 0xff, 0x40, 0x3c, 0x40, 0xff,
    0x38, 0x3c, 0x38, 0xff, 0x38, 0x3c, 0x38, 0xff, 0x40, 0x3c, 0x40, 0xff,
    0x38, 0x3c, 0x38, 0xff, 0x38, 0x3c, 0x38, 0xff, 0x38, 0x3c, 0x38, 0xff,
    0x40, 0x3c, 0x40, 0xff, 0x38, 0x38, 0x38, 0xff, 0x38, 0x38, 0x38, 0xff,
    0x40, 0x3c, 0x40, 0xff, 0x38, 0x38, 0x38, 0xff, 0x38, 0x38, 0x38, 0xff,
    0x40, 0x3c, 0x40, 0xff, 0x38, 0x38, 0x38, 0xff, 0x38, 0x38, 0x38, 0xff,
    0x38, 0x38, 0x38, 0xff, 0x40, 0x38, 0x40, 0xff, 0x38, 0x38, 0x38, 0xff,
    0x38, 0x38, 0x38, 0xff, 0x38, 0x38, 0x38, 0xff, 0x38, 0x38, 0x38, 0xff,
    0x38, 0x38, 0x38, 0xff, 0xd8, 0xb8, 0x08, 0xff, 0xf8, 0xd4, 0x00, 0xff,
    0xf8, 0xd4, 0x00, 0xff, 0xf8, 0xd4, 0x00, 0xff, 0xf8, 0xd4, 0x00, 0xff,
    0xf8, 0xd4, 0x00, 0xff, 0xf8, 0xd4, 0x00, 0xff, 0xf8, 0xd4, 0x00, 0xff,
    0xf8, 0xd4, 0x00, 0xff, 0xc0, 0xa0, 0x10, 0xff, 0x38, 0x34, 0x38, 0xff,
    0x38, 0x34, 0x38, 0xff, 0x38, 0x34, 0x38, 0xff, 0x30, 0x34, 0x30, 0xff,
    0x38, 0x34, 0x38, 0xff, 0x38, 0x34, 0x38, 0xff, 0x30, 0x34, 0x38, 0xff,
    0x38, 0x34, 0x30, 0xff, 0x30, 0x34, 0x30, 0xff, 0x30, 0x34, 0x30, 0xff,
    0x38, 0x34, 0x38, 0xff, 0x38, 0x30, 0x30, 0xff, 0x30, 0x34, 0x38, 0xff,
    0x30, 0x30, 0x30, 0xff, 0x30, 0x34, 0x30, 0xff, 0x30, 0x30, 0x30, 0xff,
    0x30, 0x30, 0x30, 0xff, 0x30, 0x30, 0x30, 0xff, 0x30, 0x30, 0x30, 0xff,
    0x30, 0x34, 0x30, 0xff, 0x30, 0x30, 0x30, 0xff, 0x30, 0x30, 0x30, 0xff,
    0x30, 0x30, 0x30, 0xff, 0x30, 0x30, 0x30, 0xff, 0x30, 0x30, 0x30, 0xfb,
    0x30, 0x30, 0x30, 0xd3, 0x30, 0x2c, 0x30, 0x3c, 0x30, 0x34, 0x30, 0x04,
    0x00, 0x00, 0x00, 0x00, 0x00, 0x00, 0x00, 0x00, 0x00, 0x00, 0x00, 0x00,
    0x00, 0x00, 0x00, 0x00, 0x00, 0x00, 0x00, 0x00, 0x00, 0x00, 0x00, 0x00,
    0x00, 0x00, 0x00, 0x00, 0x00, 0x00, 0x00, 0x00, 0x00, 0x00, 0x00, 0x00,
    0x00, 0x00, 0x00, 0x00, 0x00, 0x00, 0x00, 0x00, 0x00, 0x00, 0x00, 0x00,
    0x00, 0x00, 0x00, 0x00, 0x00, 0x00, 0x00, 0x00, 0x00, 0x00, 0x00, 0x00,
    0x00, 0x00, 0x00, 0x00, 0x00, 0x00, 0x00, 0x00, 0x00, 0x00, 0x00, 0x00,
    0x00, 0x00, 0x00, 0x00, 0x00, 0x00, 0x00, 0x00, 0x00, 0x00, 0x00, 0x00,
    0x00, 0x00, 0x00, 0x00, 0x00, 0x00, 0x00, 0x00, 0x00, 0x00, 0x00, 0x00,
    0x00, 0x00, 0x00, 0x00, 0x00, 0x00, 0x00, 0x00, 0x00, 0x00, 0x00, 0x00,
    0x00, 0x00, 0x00, 0x00, 0x00, 0x00, 0x00, 0x00, 0x00, 0x00, 0x00, 0x00,
    0x00, 0x00, 0x00, 0x00, 0x00, 0x00, 0x00, 0x00, 0x00, 0x00, 0x00, 0x00,
    0x00, 0x00, 0x00, 0x00, 0x00, 0x00, 0x00, 0x00, 0x00, 0x00, 0x00, 0x00,
    0x00, 0x00, 0x00, 0x00, 0x00, 0x00, 0x00, 0x00, 0x00, 0x00, 0x00, 0x00,
    0x00, 0x00, 0x00, 0x00, 0x00, 0x00, 0x00, 0x00, 0x00, 0x00, 0x00, 0x00,
    0x00, 0x00, 0x00, 0x00, 0x00, 0x00, 0x00, 0x00, 0x00, 0x00, 0x00, 0x00,
    0x00, 0x00, 0x00, 0x00, 0x00, 0x00, 0x00, 0x00, 0x00, 0x00, 0x00, 0x00,
    0x00, 0x00, 0x00, 0x00, 0x00, 0x00, 0x00, 0x00, 0x00, 0x00, 0x00, 0x00,
    0x00, 0x00, 0x00, 0x00, 0x00, 0x00, 0x00, 0x00, 0x00, 0x00, 0x00, 0x00,
    0x00, 0x00, 0x00, 0x00, 0x00, 0x00, 0x00, 0x00, 0x00, 0x00, 0x00, 0x00,
    0x00, 0x00, 0x00, 0x00, 0x00, 0x00, 0x00, 0x00, 0x00, 0x00, 0x00, 0x00,
    0x00, 0x00, 0x00, 0x00, 0x00, 0x00, 0x00, 0x00, 0x00, 0x00, 0x00, 0x00,
    0x00, 0x00, 0x00, 0x00, 0x00, 0x00, 0x00, 0x00, 0x00, 0x00, 0x00, 0x00,
    0x00, 0x00, 0x00, 0x00, 0x00, 0x00, 0x00, 0x00, 0x00, 0x00, 0x00, 0x00,
    0x00, 0x00, 0x00, 0x00, 0x00, 0x00, 0x00, 0x00, 0x00, 0x00, 0x00, 0x00,
    0x00, 0x00, 0x00, 0x00, 0x40, 0x40, 0x40, 0x24, 0x40, 0x3c, 0x40, 0xaa,
    0x38, 0x3c, 0x38, 0xf7, 0x40, 0x3c, 0x40, 0xff, 0x38, 0x3c, 0x38, 0xff,
    0x40, 0x3c, 0x40, 0xff, 0x38, 0x3c, 0x38, 0xff, 0x40, 0x3c, 0x40, 0xff,
    0x40, 0x3c, 0x40, 0xff, 0x38, 0x3c, 0x38, 0xff, 0x40, 0x3c, 0x40, 0xff,
    0x38, 0x3c, 0x38, 0xff, 0x38, 0x3c, 0x38, 0xff, 0x40, 0x3c, 0x40, 0xff,
    0x38, 0x3c, 0x38, 0xff, 0x38, 0x3c, 0x38, 0xff, 0x40, 0x38, 0x40, 0xff,
    0x38, 0x3c, 0x38, 0xff, 0x38, 0x3c, 0x38, 0xff, 0x38, 0x38, 0x38, 0xff,
    0x38, 0x38, 0x38, 0xff, 0x38, 0x38, 0x38, 0xff, 0x38, 0x3c, 0x38, 0xff,
    0x38, 0x38, 0x38, 0xff, 0x38, 0x38, 0x38, 0xff, 0x38, 0x38, 0x38, 0xff,
    0x38, 0x38, 0x38, 0xff, 0x38, 0x38, 0x38, 0xff, 0x38, 0x38, 0x38, 0xff,
    0xd8, 0xb0, 0x10, 0xff, 0xf8, 0xd4, 0x00, 0xff, 0xf8, 0xd4, 0x00, 0xff,
    0xf8, 0xd4, 0x00, 0xff, 0xf8, 0xd4, 0x00, 0xff, 0xf8, 0xd4, 0x00, 0xff,
    0xf8, 0xd4, 0x00, 0xff, 0xf8, 0xd4, 0x00, 0xff, 0xf8, 0xd4, 0x00, 0xff,
    0xb8, 0x98, 0x10, 0xff, 0x30, 0x34, 0x38, 0xff, 0x30, 0x34, 0x30, 0xff,
    0x38, 0x34, 0x38, 0xff, 0x30, 0x34, 0x30, 0xff, 0x30, 0x34, 0x30, 0xff,
    0x38, 0x34, 0x38, 0xff, 0x30, 0x34, 0x30, 0xff, 0x30, 0x34, 0x30, 0xff,
    0x38, 0x34, 0x38, 0xff, 0x30, 0x34, 0x30, 0xff, 0x30, 0x34, 0x30, 0xff,
    0x38, 0x34, 0x38, 0xff, 0x30, 0x30, 0x30, 0xff, 0x30, 0x30, 0x30, 0xff,
    0x38, 0x34, 0x30, 0xff, 0x30, 0x34, 0x38, 0xff, 0x30, 0x30, 0x30, 0xff,
    0x38, 0x30, 0x30, 0xff, 0x30, 0x30, 0x38, 0xff, 0x30, 0x34, 0x30, 0xff,
    0x38, 0x30, 0x30, 0xff, 0x30, 0x30, 0x30, 0xff, 0x30, 0x30, 0x30, 0xff,
    0x30, 0x30, 0x30, 0xff, 0x30, 0x30, 0x30, 0xff, 0x30, 0x30, 0x30, 0xff,
    0x30, 0x30, 0x30, 0xf7, 0x30, 0x30, 0x30, 0x9a, 0x28, 0x2c, 0x28, 0x18,
    0x00, 0x00, 0x00, 0x00, 0x00, 0x00, 0x00, 0x00, 0x00, 0x00, 0x00, 0x00,
    0x00, 0x00, 0x00, 0x00, 0x00, 0x00, 0x00, 0x00, 0x00, 0x00, 0x00, 0x00,
    0x00, 0x00, 0x00, 0x00, 0x00, 0x00, 0x00, 0x00, 0x00, 0x00, 0x00, 0x00,
    0x00, 0x00, 0x00, 0x00, 0x00, 0x00, 0x00, 0x00, 0x00, 0x00, 0x00, 0x00,
    0x00, 0x00, 0x00, 0x00, 0x00, 0x00, 0x00, 0x00, 0x00, 0x00, 0x00, 0x00,
    0x00, 0x00, 0x00, 0x00, 0x00, 0x00, 0x00, 0x00, 0x00, 0x00, 0x00, 0x00,
    0x00, 0x00, 0x00, 0x00, 0x00, 0x00, 0x00, 0x00, 0x00, 0x00, 0x00, 0x00,
    0x00, 0x00, 0x00, 0x00, 0x00, 0x00, 0x00, 0x00, 0x00, 0x00, 0x00, 0x00,
    0x00, 0x00, 0x00, 0x00, 0x00, 0x00, 0x00, 0x00, 0x00, 0x00, 0x00, 0x00,
    0x00, 0x00, 0x00, 0x00, 0x00, 0x00, 0x00, 0x00, 0x00, 0x00, 0x00, 0x00,
    0x00, 0x00, 0x00, 0x00, 0x00, 0x00, 0x00, 0x00, 0x00, 0x00, 0x00, 0x00,
    0x00, 0x00, 0x00, 0x00, 0x00, 0x00, 0x00, 0x00, 0x00, 0x00, 0x00, 0x00,
    0x00, 0x00, 0x00, 0x00, 0x00, 0x00, 0x00, 0x00, 0x00, 0x00, 0x00, 0x00,
    0x00, 0x00, 0x00, 0x00, 0x00, 0x00, 0x00, 0x00, 0x00, 0x00, 0x00, 0x00,
    0x00, 0x00, 0x00, 0x00, 0x00, 0x00, 0x00, 0x00, 0x00, 0x00, 0x00, 0x00,
    0x00, 0x00, 0x00, 0x00, 0x00, 0x00, 0x00, 0x00, 0x00, 0x00, 0x00, 0x00,
    0x00, 0x00, 0x00, 0x00, 0x00, 0x00, 0x00, 0x00, 0x00, 0x00, 0x00, 0x00,
    0x00, 0x00, 0x00, 0x00, 0x00, 0x00, 0x00, 0x00, 0x00, 0x00, 0x00, 0x00,
    0x00, 0x00, 0x00, 0x00, 0x00, 0x00, 0x00, 0x00, 0x00, 0x00, 0x00, 0x00,
    0x00, 0x00, 0x00, 0x00, 0x00, 0x00, 0x00, 0x00, 0x00, 0x00, 0x00, 0x00,
    0x00, 0x00, 0x00, 0x00, 0x00, 0x00, 0x00, 0x00, 0x00, 0x00, 0x00, 0x00,
    0x00, 0x00, 0x00, 0x00, 0x00, 0x00, 0x00, 0x00, 0x00, 0x00, 0x00, 0x00,
    0x00, 0x00, 0x00, 0x00, 0x00, 0x00, 0x00, 0x00, 0x00, 0x00, 0x00, 0x00,
    0x00, 0x00, 0x00, 0x00, 0x48, 0x48, 0x48, 0x08, 0x40, 0x3c, 0x40, 0x61,
    0x38, 0x3c, 0x38, 0xf3, 0x40, 0x40, 0x40, 0xff, 0x40, 0x40, 0x40, 0xff,
    0x38, 0x3c, 0x38, 0xff, 0x40, 0x3c, 0x40, 0xff, 0x40, 0x40, 0x40, 0xff,
    0x40, 0x3c, 0x40, 0xff, 0x38, 0x3c, 0x38, 0xff, 0x40, 0x3c, 0x40, 0xff,
    0x38, 0x3c, 0x38, 0xff, 0x40, 0x3c, 0x40, 0xff, 0x40, 0x3c, 0x40, 0xff,
    0x38, 0x3c, 0x38, 0xff, 0x40, 0x38, 0x40, 0xff, 0x38, 0x3c, 0x38, 0xff,
    0x38, 0x3c, 0x38, 0xff, 0x38, 0x38, 0x38, 0xff, 0x40, 0x38, 0x40, 0xff,
    0x38, 0x3c, 0x38, 0xff, 0x38, 0x3c, 0x38, 0xff, 0x40, 0x3c, 0x40, 0xff,
    0x38, 0x38, 0x38, 0xff, 0x38, 0x38, 0x38, 0xff, 0x38, 0x3c, 0x38, 0xff,
    0x38, 0x38, 0x38, 0xff, 0x38, 0x38, 0x38, 0xff, 0x38, 0x38, 0x38, 0xff,
    0x38, 0x38, 0x38, 0xff, 0x38, 0x38, 0x38, 0xff, 0x68, 0x5c, 0x28, 0xff,
    0xb8, 0x9c, 0x18, 0xff, 0xc0, 0xa0, 0x10, 0xff, 0xc0, 0xa0, 0x10, 0xff,
    0xc0, 0xa0, 0x10, 0xff, 0xb8, 0xa0, 0x10, 0xff, 0xc0, 0xa0, 0x10, 0xff,
    0xb8, 0xa0, 0x10, 0xff, 0xb8, 0x98, 0x10, 0xff, 0x58, 0x50, 0x30, 0xff,
    0x38, 0x34, 0x38, 0xff, 0x38, 0x38, 0x30, 0xff, 0x38, 0x34, 0x38, 0xff,
    0x38, 0x34, 0x38, 0xff, 0x30, 0x34, 0x30, 0xff, 0x38, 0x34, 0x38, 0xff,
    0x38, 0x34, 0x30, 0xff, 0x30, 0x34, 0x38, 0xff, 0x38, 0x34, 0x38, 0xff,
    0x30, 0x34, 0x30, 0xff, 0x30, 0x30, 0x30, 0xff, 0x30, 0x34, 0x38, 0xff,
    0x30, 0x30, 0x30, 0xff, 0x30, 0x34, 0x30, 0xff, 0x38, 0x30, 0x38, 0xff,
    0x30, 0x34, 0x30, 0xff, 0x30, 0x34, 0x30, 0xff, 0x30, 0x30, 0x30, 0xff,
    0x30, 0x30, 0x30, 0xff, 0x30, 0x30, 0x30, 0xff, 0x30, 0x30, 0x30, 0xff,
    0x30, 0x34, 0x38, 0xff, 0x30, 0x30, 0x30, 0xff, 0x30, 0x30, 0x30, 0xff,
    0x30, 0x30, 0x30, 0xff, 0x30, 0x30, 0x30, 0xff, 0x30, 0x30, 0x30, 0xff,
    0x30, 0x30, 0x30, 0xff, 0x30, 0x2c, 0x30, 0xe7, 0x30, 0x2c, 0x30, 0x55,
    0x28, 0x2c, 0x28, 0x04, 0x00, 0x00, 0x00, 0x00, 0x00, 0x00, 0x00, 0x00,
    0x00, 0x00, 0x00, 0x00, 0x00, 0x00, 0x00, 0x00, 0x00, 0x00, 0x00, 0x00,
    0x00, 0x00, 0x00, 0x00, 0x00, 0x00, 0x00, 0x00, 0x00, 0x00, 0x00, 0x00,
    0x00, 0x00, 0x00, 0x00, 0x00, 0x00, 0x00, 0x00, 0x00, 0x00, 0x00, 0x00,
    0x00, 0x00, 0x00, 0x00, 0x00, 0x00, 0x00, 0x00, 0x00, 0x00, 0x00, 0x00,
    0x00, 0x00, 0x00, 0x00, 0x00, 0x00, 0x00, 0x00, 0x00, 0x00, 0x00, 0x00,
    0x00, 0x00, 0x00, 0x00, 0x00, 0x00, 0x00, 0x00, 0x00, 0x00, 0x00, 0x00,
    0x00, 0x00, 0x00, 0x00, 0x00, 0x00, 0x00, 0x00, 0x00, 0x00, 0x00, 0x00,
    0x00, 0x00, 0x00, 0x00, 0x00, 0x00, 0x00, 0x00, 0x00, 0x00, 0x00, 0x00,
    0x00, 0x00, 0x00, 0x00, 0x00, 0x00, 0x00, 0x00, 0x00, 0x00, 0x00, 0x00,
    0x00, 0x00, 0x00, 0x00, 0x00, 0x00, 0x00, 0x00, 0x00, 0x00, 0x00, 0x00,
    0x00, 0x00, 0x00, 0x00, 0x00, 0x00, 0x00, 0x00, 0x00, 0x00, 0x00, 0x00,
    0x00, 0x00, 0x00, 0x00, 0x00, 0x00, 0x00, 0x00, 0x00, 0x00, 0x00, 0x00,
    0x00, 0x00, 0x00, 0x00, 0x00, 0x00, 0x00, 0x00, 0x00, 0x00, 0x00, 0x00,
    0x00, 0x00, 0x00, 0x00, 0x00, 0x00, 0x00, 0x00, 0x00, 0x00, 0x00, 0x00,
    0x00, 0x00, 0x00, 0x00, 0x00, 0x00, 0x00, 0x00, 0x00, 0x00, 0x00, 0x00,
    0x00, 0x00, 0x00, 0x00, 0x00, 0x00, 0x00, 0x00, 0x00, 0x00, 0x00, 0x00,
    0x00, 0x00, 0x00, 0x00, 0x00, 0x00, 0x00, 0x00, 0x00, 0x00, 0x00, 0x00,
    0x00, 0x00, 0x00, 0x00, 0x00, 0x00, 0x00, 0x00, 0x00, 0x00, 0x00, 0x00,
    0x00, 0x00, 0x00, 0x00, 0x00, 0x00, 0x00, 0x00, 0x00, 0x00, 0x00, 0x00,
    0x00, 0x00, 0x00, 0x00, 0x00, 0x00, 0x00, 0x00, 0x00, 0x00, 0x00, 0x00,
    0x00, 0x00, 0x00, 0x00, 0x00, 0x00, 0x00, 0x00, 0x00, 0x00, 0x00, 0x00,
    0x00, 0x00, 0x00, 0x00, 0x00, 0x00, 0x00, 0x00, 0x40, 0x3c, 0x40, 0x24,
    0x40, 0x40, 0x40, 0xba, 0x40, 0x3c, 0x40, 0xfb, 0x40, 0x3c, 0x40, 0xff,
    0x38, 0x3c, 0x38, 0xff, 0x40, 0x3c, 0x40, 0xff, 0x40, 0x3c, 0x40, 0xff,
    0x38, 0x40, 0x38, 0xff, 0x40, 0x3c, 0x40, 0xff, 0x38, 0x3c, 0x38, 0xff,
    0x38, 0x3c, 0x38, 0xff, 0x40, 0x3c, 0x40, 0xff, 0x38, 0x3c, 0x38, 0xff,
    0x38, 0x3c, 0x38, 0xff, 0x38, 0x3c, 0x38, 0xff, 0x40, 0x3c, 0x40, 0xff,
    0x38, 0x38, 0x38, 0xff, 0x40, 0x3c, 0x40, 0xff, 0x38, 0x38, 0x38, 0xff,
    0x38, 0x3c, 0x38, 0xff, 0x38, 0x38, 0x38, 0xff, 0x40, 0x38, 0x40, 0xff,
    0x38, 0x3c, 0x38, 0xff, 0x38, 0x38, 0x38, 0xff, 0x38, 0x38, 0x38, 0xff,
    0x38, 0x38, 0x38, 0xff, 0x38, 0x38, 0x38, 0xff, 0x38, 0x38, 0x38, 0xff,
    0x38, 0x38, 0x38, 0xff, 0x38, 0x38, 0x38, 0xfb, 0x38, 0x38, 0x38, 0xf3,
    0x38, 0x38, 0x38, 0xeb, 0x38, 0x34, 0x38, 0xe3, 0x38, 0x38, 0x38, 0xdf,
    0x38, 0x34, 0x38, 0xdb, 0x38, 0x34, 0x38, 0xd7, 0x30, 0x34, 0x38, 0xd7,
    0x38, 0x34, 0x38, 0xd7, 0x38, 0x34, 0x38, 0xd7, 0x38, 0x34, 0x38, 0xdb,
    0x30, 0x34, 0x30, 0xdf, 0x30, 0x34, 0x38, 0xe3, 0x30, 0x34, 0x30, 0xeb,
    0x30, 0x34, 0x30, 0xf3, 0x30, 0x34, 0x38, 0xfb, 0x38, 0x34, 0x30, 0xff,
    0x30, 0x34, 0x38, 0xff, 0x30, 0x34, 0x30, 0xff, 0x30, 0x34, 0x30, 0xff,
    0x38, 0x34, 0x38, 0xff, 0x30, 0x34, 0x30, 0xff, 0x38, 0x34, 0x30, 0xff,
    0x38, 0x34, 0x38, 0xff, 0x30, 0x30, 0x30, 0xff, 0x30, 0x34, 0x30, 0xff,
    0x38, 0x30, 0x30, 0xff, 0x30, 0x30, 0x30, 0xff, 0x30, 0x34, 0x30, 0xff,
    0x30, 0x30, 0x30, 0xff, 0x30, 0x30, 0x30, 0xff, 0x30, 0x34, 0x30, 0xff,
    0x30, 0x30, 0x30, 0xff, 0x30, 0x30, 0x30, 0xff, 0x30, 0x30, 0x30, 0xff,
    0x30, 0x30, 0x30, 0xff, 0x30, 0x30, 0x30, 0xff, 0x30, 0x30, 0x30, 0xff,
    0x30, 0x30, 0x30, 0xff, 0x30, 0x30, 0x30, 0xff, 0x30, 0x30, 0x30, 0xff,
    0x30, 0x30, 0x30, 0xff, 0x30, 0x2c, 0x30, 0xfb, 0x30, 0x2c, 0x30, 0xae,
    0x28, 0x2c, 0x28, 0x18, 0x00, 0x00, 0x00, 0x00, 0x00, 0x00, 0x00, 0x00,
    0x00, 0x00, 0x00, 0x00, 0x00, 0x00, 0x00, 0x00, 0x00, 0x00, 0x00, 0x00,
    0x00, 0x00, 0x00, 0x00, 0x00, 0x00, 0x00, 0x00, 0x00, 0x00, 0x00, 0x00,
    0x00, 0x00, 0x00, 0x00, 0x00, 0x00, 0x00, 0x00, 0x00, 0x00, 0x00, 0x00,
    0x00, 0x00, 0x00, 0x00, 0x00, 0x00, 0x00, 0x00, 0x00, 0x00, 0x00, 0x00,
    0x00, 0x00, 0x00, 0x00, 0x00, 0x00, 0x00, 0x00, 0x00, 0x00, 0x00, 0x00,
    0x00, 0x00, 0x00, 0x00, 0x00, 0x00, 0x00, 0x00, 0x00, 0x00, 0x00, 0x00,
    0x00, 0x00, 0x00, 0x00, 0x00, 0x00, 0x00, 0x00, 0x00, 0x00, 0x00, 0x00,
    0x00, 0x00, 0x00, 0x00, 0x00, 0x00, 0x00, 0x00, 0x00, 0x00, 0x00, 0x00,
    0x00, 0x00, 0x00, 0x00, 0x00, 0x00, 0x00, 0x00, 0x00, 0x00, 0x00, 0x00,
    0x00, 0x00, 0x00, 0x00, 0x00, 0x00, 0x00, 0x00, 0x00, 0x00, 0x00, 0x00,
    0x00, 0x00, 0x00, 0x00, 0x00, 0x00, 0x00, 0x00, 0x00, 0x00, 0x00, 0x00,
    0x00, 0x00, 0x00, 0x00, 0x00, 0x00, 0x00, 0x00, 0x00, 0x00, 0x00, 0x00,
    0x00, 0x00, 0x00, 0x00, 0x00, 0x00, 0x00, 0x00, 0x00, 0x00, 0x00, 0x00,
    0x00, 0x00, 0x00, 0x00, 0x00, 0x00, 0x00, 0x00, 0x00, 0x00, 0x00, 0x00,
    0x00, 0x00, 0x00, 0x00, 0x00, 0x00, 0x00, 0x00, 0x00, 0x00, 0x00, 0x00,
    0x00, 0x00, 0x00, 0x00, 0x00, 0x00, 0x00, 0x00, 0x00, 0x00, 0x00, 0x00,
    0x00, 0x00, 0x00, 0x00, 0x00, 0x00, 0x00, 0x00, 0x00, 0x00, 0x00, 0x00,
    0x00, 0x00, 0x00, 0x00, 0x00, 0x00, 0x00, 0x00, 0x00, 0x00, 0x00, 0x00,
    0x00, 0x00, 0x00, 0x00, 0x00, 0x00, 0x00, 0x00, 0x00, 0x00, 0x00, 0x00,
    0x00, 0x00, 0x00, 0x00, 0x00, 0x00, 0x00, 0x00, 0x00, 0x00, 0x00, 0x00,
    0x00, 0x00, 0x00, 0x00, 0x00, 0x00, 0x00, 0x00, 0x00, 0x00, 0x00, 0x00,
    0x40, 0x3c, 0x40, 0x45, 0x40, 0x40, 0x40, 0xdb, 0x38, 0x3c, 0x38, 0xff,
    0x40, 0x40, 0x40, 0xff, 0x40, 0x40, 0x40, 0xff, 0x38, 0x3c, 0x38, 0xff,
    0x40, 0x3c, 0x40, 0xff, 0x40, 0x3c, 0x40, 0xff, 0x38, 0x3c, 0x38, 0xff,
    0x40, 0x3c, 0x40, 0xff, 0x38, 0x3c, 0x38, 0xff, 0x40, 0x3c, 0x40, 0xff,
    0x40, 0x3c, 0x40, 0xff, 0x38, 0x3c, 0x38, 0xff, 0x38, 0x3c, 0x38, 0xff,
    0x40, 0x3c, 0x40, 0xff, 0x38, 0x3c, 0x38, 0xff, 0x38, 0x3c, 0x38, 0xff,
    0x38, 0x38, 0x38, 0xff, 0x40, 0x3c, 0x40, 0xff, 0x38, 0x3c, 0x38, 0xff,
    0x38, 0x38, 0x38, 0xff, 0x38, 0x3c, 0x38, 0xff, 0x38, 0x38, 0x38, 0xff,
    0x38, 0x38, 0x38, 0xff, 0x38, 0x38, 0x38, 0xff, 0x38, 0x38, 0x38, 0xff,
    0x38, 0x38, 0x38, 0xeb, 0x38, 0x38, 0x38, 0xae, 0x38, 0x38, 0x38, 0x79,
    0x38, 0x34, 0x38, 0x51, 0x38, 0x34, 0x30, 0x3c, 0x30, 0x34, 0x30, 0x2c,
    0x38, 0x2c, 0x30, 0x20, 0x38, 0x2c, 0x20, 0x18, 0x30, 0x34, 0x20, 0x10,
    0x30, 0x30, 0x18, 0x0c, 0x40, 0x20, 0x00, 0x08, 0x20, 0x20, 0x00, 0x08,
    0x30, 0x2c, 0x18, 0x0c, 0x30, 0x30, 0x20, 0x10, 0x38, 0x2c, 0x20, 0x18,
    0x38, 0x2c, 0x30, 0x20, 0x38, 0x30, 0x28, 0x30, 0x38, 0x30, 0x30, 0x41,
    0x30, 0x34, 0x30, 0x51, 0x30, 0x34, 0x30, 0x82, 0x30, 0x34, 0x30, 0xb6,
    0x38, 0x34, 0x30, 0xef, 0x30, 0x34, 0x38, 0xff, 0x30, 0x34, 0x30, 0xff,
    0x30, 0x30, 0x30, 0xff, 0x30, 0x34, 0x38, 0xff, 0x30, 0x30, 0x30, 0xff,
    0x30, 0x30, 0x30, 0xff, 0x38, 0x34, 0x30, 0xff, 0x30, 0x34, 0x38, 0xff,
    0x30, 0x30, 0x30, 0xff, 0x30, 0x30, 0x30, 0xff, 0x38, 0x30, 0x38, 0xff,
    0x30, 0x30, 0x30, 0xff, 0x30, 0x30, 0x30, 0xff, 0x30, 0x30, 0x30, 0xff,
    0x30, 0x30, 0x30, 0xff, 0x30, 0x30, 0x30, 0xff, 0x30, 0x30, 0x30, 0xff,
    0x30, 0x30, 0x30, 0xff, 0x30, 0x30, 0x30, 0xff, 0x30, 0x2c, 0x30, 0xff,
    0x30, 0x30, 0x30, 0xff, 0x30, 0x2c, 0x28, 0xff, 0x28, 0x2c, 0x30, 0xff,
    0x30, 0x30, 0x30, 0xff, 0x30, 0x30, 0x30, 0xff, 0x30, 0x2c, 0x30, 0xcb,
    0x30, 0x30, 0x30, 0x34, 0x00, 0x00, 0x00, 0x00, 0x00, 0x00, 0x00, 0x00,
    0x00, 0x00, 0x00, 0x00, 0x00, 0x00, 0x00, 0x00, 0x00, 0x00, 0x00, 0x00,
    0x00, 0x00, 0x00, 0x00, 0x00, 0x00, 0x00, 0x00, 0x00, 0x00, 0x00, 0x00,
    0x00, 0x00, 0x00, 0x00, 0x00, 0x00, 0x00, 0x00, 0x00, 0x00, 0x00, 0x00,
    0x00, 0x00, 0x00, 0x00, 0x00, 0x00, 0x00, 0x00, 0x00, 0x00, 0x00, 0x00,
    0x00, 0x00, 0x00, 0x00, 0x00, 0x00, 0x00, 0x00, 0x00, 0x00, 0x00, 0x00,
    0x00, 0x00, 0x00, 0x00, 0x00, 0x00, 0x00, 0x00, 0x00, 0x00, 0x00, 0x00,
    0x00, 0x00, 0x00, 0x00, 0x00, 0x00, 0x00, 0x00, 0x00, 0x00, 0x00, 0x00,
    0x00, 0x00, 0x00, 0x00, 0x00, 0x00, 0x00, 0x00, 0x00, 0x00, 0x00, 0x00,
    0x00, 0x00, 0x00, 0x00, 0x00, 0x00, 0x00, 0x00, 0x00, 0x00, 0x00, 0x00,
    0x00, 0x00, 0x00, 0x00, 0x00, 0x00, 0x00, 0x00, 0x00, 0x00, 0x00, 0x00,
    0x00, 0x00, 0x00, 0x00, 0x00, 0x00, 0x00, 0x00, 0x00, 0x00, 0x00, 0x00,
    0x00, 0x00, 0x00, 0x00, 0x00, 0x00, 0x00, 0x00, 0x00, 0x00, 0x00, 0x00,
    0x00, 0x00, 0x00, 0x00, 0x00, 0x00, 0x00, 0x00, 0x00, 0x00, 0x00, 0x00,
    0x00, 0x00, 0x00, 0x00, 0x00, 0x00, 0x00, 0x00, 0x00, 0x00, 0x00, 0x00,
    0x00, 0x00, 0x00, 0x00, 0x00, 0x00, 0x00, 0x00, 0x00, 0x00, 0x00, 0x00,
    0x00, 0x00, 0x00, 0x00, 0x00, 0x00, 0x00, 0x00, 0x00, 0x00, 0x00, 0x00,
    0x00, 0x00, 0x00, 0x00, 0x00, 0x00, 0x00, 0x00, 0x00, 0x00, 0x00, 0x00,
    0x00, 0x00, 0x00, 0x00, 0x00, 0x00, 0x00, 0x00, 0x00, 0x00, 0x00, 0x00,
    0x00, 0x00, 0x00, 0x00, 0x00, 0x00, 0x00, 0x00, 0x00, 0x00, 0x00, 0x00,
    0x00, 0x00, 0x00, 0x00, 0x00, 0x00, 0x00, 0x00, 0x00, 0x00, 0x00, 0x00,
    0x30, 0x34, 0x30, 0x04, 0x40, 0x3c, 0x40, 0x75, 0x38, 0x3c, 0x38, 0xff,
    0x40, 0x40, 0x40, 0xff, 0x38, 0x3c, 0x38, 0xff, 0x40, 0x3c, 0x40, 0xff,
    0x38, 0x3c, 0x38, 0xff, 0x40, 0x40, 0x40, 0xff, 0x40, 0x3c, 0x40, 0xff,
    0x38, 0x3c, 0x38, 0xff, 0x38, 0x3c, 0x38, 0xff, 0x40, 0x3c, 0x40, 0xff,
    0x40, 0x3c, 0x40, 0xff, 0x38, 0x3c, 0x38, 0xff, 0x38, 0x3c, 0x38, 0xff,
    0x40, 0x3c, 0x40, 0xff, 0x38, 0x3c, 0x38, 0xff, 0x38, 0x38, 0x38, 0xff,
    0x38, 0x38, 0x38, 0xff, 0x38, 0x38, 0x38, 0xff, 0x38, 0x38, 0x38, 0xff,
    0x38, 0x3c, 0x38, 0xff, 0x38, 0x38, 0x38, 0xff, 0x38, 0x38, 0x38, 0xff,
    0x38, 0x38, 0x38, 0xfb, 0x38, 0x38, 0x38, 0xdb, 0x38, 0x38, 0x38, 0xaa,
    0x38, 0x38, 0x38, 0x69, 0x38, 0x38, 0x30, 0x30, 0x20, 0x1c, 0x00, 0x08,
    0x20, 0x20, 0x00, 0x08, 0x20, 0x20, 0x00, 0x08, 0x20, 0x20, 0x00, 0x08,
    0x20, 0x20, 0x00, 0x08, 0x20, 0x20, 0x00, 0x08, 0x20, 0x20, 0x00, 0x08,
    0x20, 0x20, 0x00, 0x08, 0x20, 0x20, 0x00, 0x08, 0x20, 0x20, 0x00, 0x08,
    0x20, 0x20, 0x00, 0x08, 0x20, 0x20, 0x00, 0x08, 0x20, 0x20, 0x00, 0x08,
    0x20, 0x20, 0x00, 0x08, 0x20, 0x20, 0x00, 0x08, 0x20, 0x20, 0x00, 0x08,
    0x20, 0x20, 0x00, 0x08, 0x20, 0x20, 0x00, 0x08, 0x20, 0x20, 0x00, 0x08,
    0x20, 0x20, 0x00, 0x08, 0x20, 0x20, 0x00, 0x08, 0x30, 0x18, 0x00, 0x08,
    0x38, 0x30, 0x30, 0x38, 0x30, 0x30, 0x30, 0x71, 0x30, 0x30, 0x30, 0xaa,
    0x30, 0x30, 0x30, 0xdf, 0x30, 0x34, 0x30, 0xff, 0x30, 0x30, 0x30, 0xff,
    0x30, 0x30, 0x30, 0xff, 0x30, 0x30, 0x30, 0xff, 0x30, 0x30, 0x30, 0xff,
    0x30, 0x30, 0x30, 0xff, 0x30, 0x30, 0x30, 0xff, 0x30, 0x30, 0x30, 0xff,
    0x30, 0x30, 0x30, 0xff, 0x30, 0x30, 0x30, 0xff, 0x30, 0x30, 0x30, 0xff,
    0x30, 0x30, 0x30, 0xff, 0x30, 0x30, 0x30, 0xff, 0x30, 0x30, 0x30, 0xff,
    0x30, 0x30, 0x30, 0xff, 0x30, 0x30, 0x30, 0xff, 0x30, 0x2c, 0x30, 0xff,
    0x28, 0x2c, 0x30, 0xff, 0x30, 0x30, 0x28, 0xff, 0x30, 0x2c, 0x30, 0xff,
    0x28, 0x2c, 0x28, 0xff, 0x30, 0x2c, 0x30, 0xff, 0x28, 0x2c, 0x28, 0xf7,
    0x30, 0x2c, 0x30, 0x65, 0x00, 0x00, 0x00, 0x00, 0x00, 0x00, 0x00, 0x00,
    0x00, 0x00, 0x00, 0x00, 0x00, 0x00, 0x00, 0x00, 0x00, 0x00, 0x00, 0x00,
    0x00, 0x00, 0x00, 0x00, 0x00, 0x00, 0x00, 0x00, 0x00, 0x00, 0x00, 0x00,
    0x00, 0x00, 0x00, 0x00, 0x00, 0x00, 0x00, 0x00, 0x00, 0x00, 0x00, 0x00,
    0x00, 0x00, 0x00, 0x00, 0x00, 0x00, 0x00, 0x00, 0x00, 0x00, 0x00, 0x00,
    0x00, 0x00, 0x00, 0x00, 0x00, 0x00, 0x00, 0x00, 0x00, 0x00, 0x00, 0x00,
    0x00, 0x00, 0x00, 0x00, 0x00, 0x00, 0x00, 0x00, 0x00, 0x00, 0x00, 0x00,
    0x00, 0x00, 0x00, 0x00, 0x00, 0x00, 0x00, 0x00, 0x00, 0x00, 0x00, 0x00,
    0x00, 0x00, 0x00, 0x00, 0x00, 0x00, 0x00, 0x00, 0x00, 0x00, 0x00, 0x00,
    0x00, 0x00, 0x00, 0x00, 0x00, 0x00, 0x00, 0x00, 0x00, 0x00, 0x00, 0x00,
    0x00, 0x00, 0x00, 0x00, 0x00, 0x00, 0x00, 0x00, 0x00, 0x00, 0x00, 0x00,
    0x00, 0x00, 0x00, 0x00, 0x00, 0x00, 0x00, 0x00, 0x00, 0x00, 0x00, 0x00,
    0x00, 0x00, 0x00, 0x00, 0x00, 0x00, 0x00, 0x00, 0x00, 0x00, 0x00, 0x00,
    0x00, 0x00, 0x00, 0x00, 0x00, 0x00, 0x00, 0x00, 0x00, 0x00, 0x00, 0x00,
    0x00, 0x00, 0x00, 0x00, 0x00, 0x00, 0x00, 0x00, 0x00, 0x00, 0x00, 0x00,
    0x00, 0x00, 0x00, 0x00, 0x00, 0x00, 0x00, 0x00, 0x00, 0x00, 0x00, 0x00,
    0x00, 0x00, 0x00, 0x00, 0x00, 0x00, 0x00, 0x00, 0x00, 0x00, 0x00, 0x00,
    0x00, 0x00, 0x00, 0x00, 0x00, 0x00, 0x00, 0x00, 0x00, 0x00, 0x00, 0x00,
    0x00, 0x00, 0x00, 0x00, 0x00, 0x00, 0x00, 0x00, 0x00, 0x00, 0x00, 0x00,
    0x00, 0x00, 0x00, 0x00, 0x00, 0x00, 0x00, 0x00, 0x00, 0x00, 0x00, 0x00,
    0x00, 0x00, 0x00, 0x00, 0x38, 0x3c, 0x38, 0x14, 0x40, 0x3c, 0x40, 0xa6,
    0x40, 0x3c, 0x40, 0xfb, 0x40, 0x40, 0x40, 0xff, 0x40, 0x3c, 0x40, 0xff,
    0x40, 0x3c, 0x40, 0xff, 0x38, 0x3c, 0x38, 0xff, 0x40, 0x3c, 0x40, 0xff,
    0x38, 0x3c, 0x38, 0xff, 0x38, 0x3c, 0x38, 0xff, 0x40, 0x3c, 0x40, 0xff,
    0x38, 0x3c, 0x38, 0xff, 0x38, 0x3c, 0x38, 0xff, 0x38, 0x3c, 0x38, 0xff,
    0x38, 0x3c, 0x38, 0xff, 0x38, 0x3c, 0x38, 0xff, 0x40, 0x3c, 0x40, 0xff,
    0x40, 0x38, 0x40, 0xff, 0x38, 0x38, 0x38, 0xff, 0x40, 0x3c, 0x40, 0xff,
    0x40, 0x3c, 0x40, 0xff, 0x38, 0x38, 0x38, 0xff, 0x38, 0x38, 0x38, 0xfb,
    0x38, 0x38, 0x38, 0xd7, 0x40, 0x38, 0x38, 0x92, 0x38, 0x34, 0x30, 0x38,
    0x38, 0x34, 0x28, 0x10, 0x38, 0x34, 0x00, 0x08, 0x20, 0x20, 0x00, 0x08,
    0x20, 0x20, 0x00, 0x08, 0x20, 0x20, 0x00, 0x08, 0x20, 0x1c, 0x00, 0x08,
    0x18, 0x1c, 0x00, 0x08, 0x38, 0x1c, 0x00, 0x08, 0x38, 0x1c, 0x00, 0x08,
    0x38, 0x1c, 0x00, 0x08, 0x18, 0x1c, 0x00, 0x08, 0x30, 0x34, 0x00, 0x0c,
    0xc8, 0xa4, 0x00, 0x20, 0xc8, 0xa8, 0x00, 0x20, 0x90, 0x6c, 0x00, 0x10,
    0x38, 0x1c, 0x00, 0x08, 0x38, 0x1c, 0x00, 0x08, 0x18, 0x1c, 0x00, 0x08,
    0x38, 0x1c, 0x00, 0x08, 0xb0, 0x94, 0x00, 0x18, 0xa0, 0x8c, 0x00, 0x14,
    0x68, 0x54, 0x00, 0x0c, 0x20, 0x1c, 0x00, 0x08, 0x18, 0x1c, 0x00, 0x08,
    0x20, 0x1c, 0x00, 0x08, 0x20, 0x20, 0x00, 0x08, 0x20, 0x1c, 0x00, 0x08,
    0x20, 0x20, 0x00, 0x08, 0x38, 0x34, 0x00, 0x0c, 0x30, 0x30, 0x20, 0x10,
    0x38, 0x34, 0x30, 0x41, 0x30, 0x30, 0x30, 0x9e, 0x30, 0x30, 0x30, 0xdb,
    0x30, 0x30, 0x30, 0xfb, 0x30, 0x34, 0x30, 0xff, 0x30, 0x30, 0x30, 0xff,
    0x30, 0x30, 0x30, 0xff, 0x30, 0x30, 0x30, 0xff, 0x30, 0x30, 0x30, 0xff,
    0x30, 0x30, 0x30, 0xff, 0x30, 0x30, 0x30, 0xff, 0x30, 0x30, 0x30, 0xff,
    0x30, 0x30, 0x30, 0xff, 0x30, 0x2c, 0x30, 0xff, 0x30, 0x2c, 0x30, 0xff,
    0x30, 0x30, 0x28, 0xff, 0x28, 0x2c, 0x30, 0xff, 0x30, 0x30, 0x30, 0xff,
    0x30, 0x30, 0x30, 0xff, 0x28, 0x2c, 0x28, 0xff, 0x30, 0x2c, 0x30, 0xff,
    0x28, 0x2c, 0x28, 0xff, 0x28, 0x2c, 0x28, 0xff, 0x30, 0x2c, 0x30, 0xfb,
    0x28, 0x2c, 0x28, 0x8e, 0x28, 0x28, 0x28, 0x0c, 0x00, 0x00, 0x00, 0x00,
    0x00, 0x00, 0x00, 0x00, 0x00, 0x00, 0x00, 0x00, 0x00, 0x00, 0x00, 0x00,
    0x00, 0x00, 0x00, 0x00, 0x00, 0x00, 0x00, 0x00, 0x00, 0x00, 0x00, 0x00,
    0x00, 0x00, 0x00, 0x00, 0x00, 0x00, 0x00, 0x00, 0x00, 0x00, 0x00, 0x00,
    0x00, 0x00, 0x00, 0x00, 0x00, 0x00, 0x00, 0x00, 0x00, 0x00, 0x00, 0x00,
    0x00, 0x00, 0x00, 0x00, 0x00, 0x00, 0x00, 0x00, 0x00, 0x00, 0x00, 0x00,
    0x00, 0x00, 0x00, 0x00, 0x00, 0x00, 0x00, 0x00, 0x00, 0x00, 0x00, 0x00,
    0x00, 0x00, 0x00, 0x00, 0x00, 0x00, 0x00, 0x00, 0x00, 0x00, 0x00, 0x00,
    0x00, 0x00, 0x00, 0x00, 0x00, 0x00, 0x00, 0x00, 0x00, 0x00, 0x00, 0x00,
    0x00, 0x00, 0x00, 0x00, 0x00, 0x00, 0x00, 0x00, 0x00, 0x00, 0x00, 0x00,
    0x00, 0x00, 0x00, 0x00, 0x00, 0x00, 0x00, 0x00, 0x00, 0x00, 0x00, 0x00,
    0x00, 0x00, 0x00, 0x00, 0x00, 0x00, 0x00, 0x00, 0x00, 0x00, 0x00, 0x00,
    0x00, 0x00, 0x00, 0x00, 0x00, 0x00, 0x00, 0x00, 0x00, 0x00, 0x00, 0x00,
    0x00, 0x00, 0x00, 0x00, 0x00, 0x00, 0x00, 0x00, 0x00, 0x00, 0x00, 0x00,
    0x00, 0x00, 0x00, 0x00, 0x00, 0x00, 0x00, 0x00, 0x00, 0x00, 0x00, 0x00,
    0x00, 0x00, 0x00, 0x00, 0x00, 0x00, 0x00, 0x00, 0x00, 0x00, 0x00, 0x00,
    0x00, 0x00, 0x00, 0x00, 0x00, 0x00, 0x00, 0x00, 0x00, 0x00, 0x00, 0x00,
    0x00, 0x00, 0x00, 0x00, 0x00, 0x00, 0x00, 0x00, 0x00, 0x00, 0x00, 0x00,
    0x00, 0x00, 0x00, 0x00, 0x00, 0x00, 0x00, 0x00, 0x00, 0x00, 0x00, 0x00,
    0x00, 0x00, 0x00, 0x00, 0x00, 0x00, 0x00, 0x00, 0x40, 0x40, 0x40, 0x20,
    0x40, 0x3c, 0x40, 0xcb, 0x38, 0x38, 0x38, 0xfb, 0x28, 0x28, 0x28, 0xff,
    0x30, 0x30, 0x20, 0xff, 0x48, 0x44, 0x20, 0xff, 0x30, 0x34, 0x30, 0xff,
    0x40, 0x3c, 0x40, 0xff, 0x38, 0x3c, 0x38, 0xff, 0x40, 0x3c, 0x40, 0xff,
    0x38, 0x3c, 0x38, 0xff, 0x40, 0x3c, 0x40, 0xff, 0x40, 0x3c, 0x40, 0xff,
    0x38, 0x3c, 0x38, 0xff, 0x40, 0x3c, 0x40, 0xff, 0x40, 0x3c, 0x40, 0xff,
    0x38, 0x38, 0x38, 0xff, 0x38, 0x38, 0x38, 0xff, 0x38, 0x3c, 0x38, 0xff,
    0x38, 0x38, 0x38, 0xff, 0x38, 0x3c, 0x38, 0xff, 0x38, 0x38, 0x38, 0xf3,
    0x38, 0x38, 0x38, 0xb2, 0x38, 0x38, 0x38, 0x41, 0x30, 0x30, 0x28, 0x1c,
    0x20, 0x20, 0x00, 0x08, 0x20, 0x20, 0x00, 0x08, 0x20, 0x1c, 0x00, 0x08,
    0x18, 0x1c, 0x00, 0x08, 0x20, 0x1c, 0x00, 0x08, 0x18, 0x1c, 0x00, 0x08,
    0x38, 0x38, 0x00, 0x08, 0xd8, 0xb4, 0x00, 0x2c, 0xe8, 0xc0, 0x00, 0x45,
    0xc0, 0x9c, 0x00, 0x20, 0x30, 0x18, 0x00, 0x0c, 0x30, 0x18, 0x00, 0x0c,
    0x30, 0x18, 0x00, 0x08, 0x30, 0x18, 0x00, 0x08, 0xf0, 0xc8, 0x00, 0x61,
    0xf0, 0xcc, 0x00, 0x61, 0xd0, 0xa8, 0x00, 0x24, 0x30, 0x34, 0x00, 0x08,
    0x30, 0x18, 0x00, 0x0c, 0x30, 0x18, 0x00, 0x08, 0x48, 0x44, 0x00, 0x0c,
    0xf0, 0xc8, 0x00, 0x5d, 0xf0, 0xc8, 0x00, 0x5d, 0xd0, 0xa0, 0x00, 0x24,
    0x30, 0x18, 0x00, 0x0c, 0x18, 0x18, 0x00, 0x08, 0x18, 0x18, 0x00, 0x0c,
    0x38, 0x1c, 0x00, 0x08, 0x78, 0x60, 0x00, 0x0c, 0x30, 0x34, 0x00, 0x0c,
    0x20, 0x1c, 0x00, 0x08, 0x20, 0x1c, 0x00, 0x08, 0x20, 0x20, 0x00, 0x08,
    0x20, 0x1c, 0x00, 0x08, 0x30, 0x2c, 0x28, 0x1c, 0x30, 0x30, 0x30, 0x4d,
    0x30, 0x30, 0x30, 0xc3, 0x30, 0x30, 0x30, 0xf7, 0x30, 0x30, 0x30, 0xff,
    0x30, 0x30, 0x30, 0xff, 0x30, 0x30, 0x30, 0xff, 0x30, 0x30, 0x30, 0xff,
    0x30, 0x30, 0x30, 0xff, 0x30, 0x30, 0x30, 0xff, 0x30, 0x30, 0x30, 0xff,
    0x30, 0x2c, 0x30, 0xff, 0x30, 0x2c, 0x30, 0xff, 0x28, 0x30, 0x30, 0xff,
    0x30, 0x2c, 0x28, 0xff, 0x30, 0x2c, 0x30, 0xff, 0x28, 0x2c, 0x28, 0xff,
    0x30, 0x2c, 0x30, 0xff, 0x28, 0x28, 0x28, 0xff, 0x48, 0x40, 0x18, 0xff,
    0x28, 0x28, 0x20, 0xff, 0x20, 0x24, 0x20, 0xff, 0x28, 0x28, 0x28, 0xfb,
    0x28, 0x28, 0x28, 0xb2, 0x28, 0x28, 0x28, 0x18, 0x00, 0x00, 0x00, 0x00,
    0x00, 0x00, 0x00, 0x00, 0x00, 0x00, 0x00, 0x00, 0x00, 0x00, 0x00, 0x00,
    0x00, 0x00, 0x00, 0x00, 0x00, 0x00, 0x00, 0x00, 0x00, 0x00, 0x00, 0x00,
    0x00, 0x00, 0x00, 0x00, 0x00, 0x00, 0x00, 0x00, 0x00, 0x00, 0x00, 0x00,
    0x00, 0x00, 0x00, 0x00, 0x00, 0x00, 0x00, 0x00, 0x00, 0x00, 0x00, 0x00,
    0x00, 0x00, 0x00, 0x00, 0x00, 0x00, 0x00, 0x00, 0x00, 0x00, 0x00, 0x00,
    0x00, 0x00, 0x00, 0x00, 0x00, 0x00, 0x00, 0x00, 0x00, 0x00, 0x00, 0x00,
    0x00, 0x00, 0x00, 0x00, 0x00, 0x00, 0x00, 0x00, 0x00, 0x00, 0x00, 0x00,
    0x00, 0x00, 0x00, 0x00, 0x00, 0x00, 0x00, 0x00, 0x00, 0x00, 0x00, 0x00,
    0x00, 0x00, 0x00, 0x00, 0x00, 0x00, 0x00, 0x00, 0x00, 0x00, 0x00, 0x00,
    0x00, 0x00, 0x00, 0x00, 0x00, 0x00, 0x00, 0x00, 0x00, 0x00, 0x00, 0x00,
    0x00, 0x00, 0x00, 0x00, 0x00, 0x00, 0x00, 0x00, 0x00, 0x00, 0x00, 0x00,
    0x00, 0x00, 0x00, 0x00, 0x00, 0x00, 0x00, 0x00, 0x00, 0x00, 0x00, 0x00,
    0x00, 0x00, 0x00, 0x00, 0x00, 0x00, 0x00, 0x00, 0x00, 0x00, 0x00, 0x00,
    0x00, 0x00, 0x00, 0x00, 0x00, 0x00, 0x00, 0x00, 0x00, 0x00, 0x00, 0x00,
    0x00, 0x00, 0x00, 0x00, 0x00, 0x00, 0x00, 0x00, 0x00, 0x00, 0x00, 0x00,
    0x00, 0x00, 0x00, 0x00, 0x00, 0x00, 0x00, 0x00, 0x00, 0x00, 0x00, 0x00,
    0x00, 0x00, 0x00, 0x00, 0x00, 0x00, 0x00, 0x00, 0x00, 0x00, 0x00, 0x00,
    0x00, 0x00, 0x00, 0x00, 0x00, 0x00, 0x00, 0x00, 0x00, 0x00, 0x00, 0x00,
    0x38, 0x38, 0x38, 0x28, 0x40, 0x3c, 0x40, 0xd3, 0x28, 0x2c, 0x28, 0xff,
    0x18, 0x1c, 0x18, 0xff, 0x18, 0x18, 0x18, 0xff, 0x18, 0x1c, 0x18, 0xff,
    0x18, 0x1c, 0x18, 0xff, 0x18, 0x18, 0x18, 0xff, 0x28, 0x28, 0x28, 0xff,
    0x40, 0x3c, 0x40, 0xff, 0x38, 0x3c, 0x38, 0xff, 0x40, 0x3c, 0x40, 0xff,
    0x38, 0x3c, 0x38, 0xff, 0x38, 0x3c, 0x38, 0xff, 0x40, 0x3c, 0x40, 0xff,
    0x38, 0x3c, 0x38, 0xff, 0x38, 0x3c, 0x38, 0xff, 0x40, 0x3c, 0x40, 0xff,
    0x38, 0x38, 0x38, 0xff, 0x38, 0x3c, 0x38, 0xff, 0x38, 0x3c, 0x38, 0xf3,
    0x38, 0x38, 0x38, 0x9a, 0x38, 0x38, 0x38, 0x3c, 0x20, 0x1c, 0x00, 0x08,
    0x20, 0x20, 0x00, 0x08, 0x20, 0x1c, 0x00, 0x08, 0x20, 0x1c, 0x00, 0x08,
    0x38, 0x1c, 0x00, 0x08, 0x38, 0x1c, 0x00, 0x08, 0x30, 0x18, 0x00, 0x0c,
    0x30, 0x34, 0x00, 0x0c, 0x30, 0x34, 0x00, 0x0c, 0x30, 0x30, 0x00, 0x0c,
    0xe8, 0xc0, 0x00, 0x4d, 0xe8, 0xc0, 0x00, 0x49, 0xb8, 0xa0, 0x00, 0x1c,
    0x30, 0x30, 0x00, 0x0c, 0x30, 0x2c, 0x00, 0x0c, 0x30, 0x2c, 0x00, 0x0c,
    0x30, 0x30, 0x00, 0x0c, 0x78, 0x64, 0x00, 0x10, 0x50, 0x38, 0x00, 0x0c,
    0x40, 0x2c, 0x00, 0x0c, 0x30, 0x2c, 0x00, 0x0c, 0x30, 0x30, 0x00, 0x0c,
    0x30, 0x2c, 0x00, 0x0c, 0x40, 0x28, 0x00, 0x0c, 0xb0, 0x98, 0x00, 0x1c,
    0xc8, 0xac, 0x00, 0x24, 0x88, 0x78, 0x00, 0x14, 0x30, 0x30, 0x00, 0x0c,
    0x30, 0x2c, 0x00, 0x0c, 0x30, 0x30, 0x00, 0x0c, 0x90, 0x70, 0x00, 0x10,
    0xf0, 0xc8, 0x00, 0x59, 0xe8, 0xc4, 0x00, 0x45, 0xa0, 0x8c, 0x00, 0x14,
    0x38, 0x1c, 0x00, 0x08, 0x38, 0x1c, 0x00, 0x08, 0x18, 0x1c, 0x00, 0x08,
    0x20, 0x1c, 0x00, 0x08, 0x20, 0x20, 0x00, 0x08, 0x28, 0x2c, 0x18, 0x0c,
    0x30, 0x30, 0x30, 0x41, 0x30, 0x30, 0x30, 0xa2, 0x30, 0x30, 0x30, 0xfb,
    0x30, 0x30, 0x30, 0xff, 0x30, 0x30, 0x30, 0xff, 0x30, 0x30, 0x30, 0xff,
    0x30, 0x30, 0x30, 0xff, 0x30, 0x2c, 0x30, 0xff, 0x30, 0x30, 0x28, 0xff,
    0x30, 0x30, 0x30, 0xff, 0x30, 0x2c, 0x30, 0xff, 0x30, 0x30, 0x30, 0xff,
    0x28, 0x2c, 0x28, 0xff, 0x28, 0x2c, 0x28, 0xff, 0x20, 0x20, 0x20, 0xff,
    0x18, 0x1c, 0x18, 0xff, 0x18, 0x1c, 0x18, 0xff, 0x18, 0x18, 0x18, 0xff,
    0x18, 0x1c, 0x18, 0xff, 0x20, 0x1c, 0x20, 0xff, 0x28, 0x24, 0x28, 0xff,
    0x28, 0x2c, 0x28, 0xcb, 0x28, 0x28, 0x28, 0x20, 0x00, 0x00, 0x00, 0x00,
    0x00, 0x00, 0x00, 0x00, 0x00, 0x00, 0x00, 0x00, 0x00, 0x00, 0x00, 0x00,
    0x00, 0x00, 0x00, 0x00, 0x00, 0x00, 0x00, 0x00, 0x00, 0x00, 0x00, 0x00,
    0x00, 0x00, 0x00, 0x00, 0x00, 0x00, 0x00, 0x00, 0x00, 0x00, 0x00, 0x00,
    0x00, 0x00, 0x00, 0x00, 0x00, 0x00, 0x00, 0x00, 0x00, 0x00, 0x00, 0x00,
    0x00, 0x00, 0x00, 0x00, 0x00, 0x00, 0x00, 0x00, 0x00, 0x00, 0x00, 0x00,
    0x00, 0x00, 0x00, 0x00, 0x00, 0x00, 0x00, 0x00, 0x00, 0x00, 0x00, 0x00,
    0x00, 0x00, 0x00, 0x00, 0x00, 0x00, 0x00, 0x00, 0x00, 0x00, 0x00, 0x00,
    0x00, 0x00, 0x00, 0x00, 0x00, 0x00, 0x00, 0x00, 0x00, 0x00, 0x00, 0x00,
    0x00, 0x00, 0x00, 0x00, 0x00, 0x00, 0x00, 0x00, 0x00, 0x00, 0x00, 0x00,
    0x00, 0x00, 0x00, 0x00, 0x00, 0x00, 0x00, 0x00, 0x00, 0x00, 0x00, 0x00,
    0x00, 0x00, 0x00, 0x00, 0x00, 0x00, 0x00, 0x00, 0x00, 0x00, 0x00, 0x00,
    0x00, 0x00, 0x00, 0x00, 0x00, 0x00, 0x00, 0x00, 0x00, 0x00, 0x00, 0x00,
    0x00, 0x00, 0x00, 0x00, 0x00, 0x00, 0x00, 0x00, 0x00, 0x00, 0x00, 0x00,
    0x00, 0x00, 0x00, 0x00, 0x00, 0x00, 0x00, 0x00, 0x00, 0x00, 0x00, 0x00,
    0x00, 0x00, 0x00, 0x00, 0x00, 0x00, 0x00, 0x00, 0x00, 0x00, 0x00, 0x00,
    0x00, 0x00, 0x00, 0x00, 0x00, 0x00, 0x00, 0x00, 0x00, 0x00, 0x00, 0x00,
    0x00, 0x00, 0x00, 0x00, 0x00, 0x00, 0x00, 0x00, 0x00, 0x00, 0x00, 0x00,
    0x00, 0x00, 0x00, 0x00, 0x40, 0x40, 0x40, 0x34, 0x40, 0x3c, 0x40, 0xdf,
    0x38, 0x34, 0x28, 0xff, 0x70, 0x64, 0x10, 0xff, 0x40, 0x34, 0x18, 0xff,
    0x18, 0x1c, 0x18, 0xff, 0x48, 0x40, 0x18, 0xff, 0x70, 0x5c, 0x10, 0xff,
    0x20, 0x20, 0x18, 0xff, 0x28, 0x24, 0x18, 0xff, 0x58, 0x54, 0x28, 0xff,
    0x38, 0x3c, 0x40, 0xff, 0x40, 0x3c, 0x38, 0xff, 0x40, 0x3c, 0x40, 0xff,
    0x38, 0x3c, 0x38, 0xff, 0x38, 0x3c, 0x38, 0xff, 0x38, 0x3c, 0x38, 0xff,
    0x38, 0x3c, 0x38, 0xff, 0x40, 0x3c, 0x40, 0xff, 0x38, 0x38, 0x38, 0xef,
    0x38, 0x38, 0x38, 0xa2, 0x38, 0x38, 0x30, 0x24, 0x38, 0x1c, 0x00, 0x08,
    0x20, 0x20, 0x00, 0x08, 0x40, 0x20, 0x00, 0x08, 0x38, 0x1c, 0x00, 0x08,
    0x38, 0x38, 0x00, 0x08, 0xd0, 0xac, 0x00, 0x24, 0xe8, 0xc4, 0x00, 0x51,
    0xe0, 0xbc, 0x00, 0x41, 0x38, 0x34, 0x00, 0x08, 0x30, 0x34, 0x00, 0x08,
    0x30, 0x2c, 0x00, 0x0c, 0x48, 0x2c, 0x00, 0x0c, 0x40, 0x40, 0x00, 0x0c,
    0x40, 0x2c, 0x00, 0x0c, 0x48, 0x44, 0x00, 0x0c, 0x40, 0x2c, 0x00, 0x0c,
    0x40, 0x28, 0x00, 0x0c, 0x40, 0x2c, 0x00, 0x0c, 0x40, 0x2c, 0x00, 0x0c,
    0x40, 0x28, 0x00, 0x0c, 0x40, 0x40, 0x00, 0x0c, 0x40, 0x40, 0x00, 0x0c,
    0x40, 0x2c, 0x00, 0x0c, 0x40, 0x40, 0x00, 0x0c, 0x40, 0x28, 0x00, 0x0c,
    0x40, 0x2c, 0x00, 0x0c, 0x40, 0x2c, 0x00, 0x0c, 0x40, 0x28, 0x00, 0x0c,
    0x40, 0x2c, 0x00, 0x0c, 0x48, 0x30, 0x00, 0x0c, 0x40, 0x2c, 0x00, 0x0c,
    0x48, 0x30, 0x00, 0x0c, 0x78, 0x54, 0x00, 0x10, 0xd0, 0xb0, 0x00, 0x2c,
    0xe8, 0xc4, 0x00, 0x45, 0xb0, 0x90, 0x00, 0x18, 0x30, 0x30, 0x00, 0x0c,
    0x30, 0x34, 0x00, 0x0c, 0x38, 0x38, 0x00, 0x08, 0x38, 0x38, 0x00, 0x08,
    0x38, 0x1c, 0x00, 0x08, 0x40, 0x20, 0x00, 0x08, 0x40, 0x20, 0x00, 0x08,
    0x20, 0x1c, 0x00, 0x08, 0x30, 0x2c, 0x30, 0x34, 0x30, 0x2c, 0x30, 0xae,
    0x30, 0x30, 0x30, 0xf3, 0x30, 0x30, 0x30, 0xff, 0x30, 0x2c, 0x30, 0xff,
    0x30, 0x30, 0x30, 0xff, 0x28, 0x2c, 0x30, 0xff, 0x30, 0x2c, 0x28, 0xff,
    0x30, 0x30, 0x30, 0xff, 0x30, 0x30, 0x30, 0xff, 0x30, 0x30, 0x30, 0xff,
    0x58, 0x4c, 0x20, 0xff, 0x20, 0x20, 0x18, 0xff, 0x28, 0x24, 0x18, 0xff,
    0x78, 0x60, 0x10, 0xff, 0x40, 0x34, 0x18, 0xff, 0x18, 0x1c, 0x18, 0xff,
    0x48, 0x40, 0x18, 0xff, 0x70, 0x5c, 0x10, 0xff, 0x28, 0x28, 0x20, 0xff,
    0x28, 0x2c, 0x28, 0xd3, 0x28, 0x24, 0x28, 0x20, 0x00, 0x00, 0x00, 0x00,
    0x00, 0x00, 0x00, 0x00, 0x00, 0x00, 0x00, 0x00, 0x00, 0x00, 0x00, 0x00,
    0x00, 0x00, 0x00, 0x00, 0x00, 0x00, 0x00, 0x00, 0x00, 0x00, 0x00, 0x00,
    0x00, 0x00, 0x00, 0x00, 0x00, 0x00, 0x00, 0x00, 0x00, 0x00, 0x00, 0x00,
    0x00, 0x00, 0x00, 0x00, 0x00, 0x00, 0x00, 0x00, 0x00, 0x00, 0x00, 0x00,
    0x00, 0x00, 0x00, 0x00, 0x00, 0x00, 0x00, 0x00, 0x00, 0x00, 0x00, 0x00,
    0x00, 0x00, 0x00, 0x00, 0x00, 0x00, 0x00, 0x00, 0x00, 0x00, 0x00, 0x00,
    0x00, 0x00, 0x00, 0x00, 0x00, 0x00, 0x00, 0x00, 0x00, 0x00, 0x00, 0x00,
    0x00, 0x00, 0x00, 0x00, 0x00, 0x00, 0x00, 0x00, 0x00, 0x00, 0x00, 0x00,
    0x00, 0x00, 0x00, 0x00, 0x00, 0x00, 0x00, 0x00, 0x00, 0x00, 0x00, 0x00,
    0x00, 0x00, 0x00, 0x00, 0x00, 0x00, 0x00, 0x00, 0x00, 0x00, 0x00, 0x00,
    0x00, 0x00, 0x00, 0x00, 0x00, 0x00, 0x00, 0x00, 0x00, 0x00, 0x00, 0x00,
    0x00, 0x00, 0x00, 0x00, 0x00, 0x00, 0x00, 0x00, 0x00, 0x00, 0x00, 0x00,
    0x00, 0x00, 0x00, 0x00, 0x00, 0x00, 0x00, 0x00, 0x00, 0x00, 0x00, 0x00,
    0x00, 0x00, 0x00, 0x00, 0x00, 0x00, 0x00, 0x00, 0x00, 0x00, 0x00, 0x00,
    0x00, 0x00, 0x00, 0x00, 0x00, 0x00, 0x00, 0x00, 0x00, 0x00, 0x00, 0x00,
    0x00, 0x00, 0x00, 0x00, 0x00, 0x00, 0x00, 0x00, 0x00, 0x00, 0x00, 0x00,
    0x00, 0x00, 0x00, 0x00, 0x00, 0x00, 0x00, 0x00, 0x40, 0x40, 0x40, 0x34,
    0x40, 0x3c, 0x38, 0xe7, 0x28, 0x2c, 0x28, 0xff, 0x30, 0x30, 0x18, 0xff,
    0x98, 0x7c, 0x10, 0xff, 0x60, 0x50, 0x10, 0xff, 0x18, 0x1c, 0x18, 0xff,
    0x68, 0x5c, 0x10, 0xff, 0x90, 0x78, 0x10, 0xff, 0x30, 0x28, 0x18, 0xff,
    0x30, 0x2c, 0x18, 0xff, 0x88, 0x74, 0x10, 0xff, 0x40, 0x40, 0x38, 0xff,
    0x40, 0x3c, 0x40, 0xff, 0x38, 0x3c, 0x38, 0xff, 0x38, 0x3c, 0x40, 0xff,
    0x40, 0x3c, 0x40, 0xff, 0x40, 0x38, 0x38, 0xff, 0x38, 0x38, 0x38, 0xf7,
    0x38, 0x38, 0x38, 0xb2, 0x38, 0x38, 0x30, 0x30, 0x30, 0x2c, 0x18, 0x0c,
    0x40, 0x20, 0x00, 0x08, 0x38, 0x38, 0x00, 0x08, 0x38, 0x1c, 0x00, 0x0c,
    0x38, 0x38, 0x00, 0x08, 0x30, 0x34, 0x00, 0x0c, 0x30, 0x34, 0x00, 0x0c,
    0xe0, 0xb8, 0x00, 0x34, 0xe0, 0xbc, 0x00, 0x3c, 0xa8, 0x90, 0x00, 0x18,
    0x30, 0x2c, 0x00, 0x0c, 0x48, 0x30, 0x00, 0x0c, 0x40, 0x28, 0x00, 0x0c,
    0x40, 0x2c, 0x00, 0x0c, 0x40, 0x40, 0x00, 0x0c, 0x40, 0x40, 0x00, 0x0c,
    0x40, 0x40, 0x00, 0x0c, 0x38, 0x38, 0x00, 0x0c, 0x38, 0x3c, 0x00, 0x0c,
    0x38, 0x38, 0x00, 0x0c, 0x38, 0x38, 0x00, 0x0c, 0x50, 0x3c, 0x00, 0x0c,
    0x50, 0x3c, 0x00, 0x0c, 0x50, 0x38, 0x00, 0x0c, 0x38, 0x38, 0x00, 0x0c,
    0x38, 0x3c, 0x00, 0x0c, 0x38, 0x38, 0x00, 0x0c, 0x38, 0x3c, 0x00, 0x0c,
    0x38, 0x38, 0x00, 0x0c, 0x38, 0x38, 0x00, 0x0c, 0x38, 0x3c, 0x00, 0x0c,
    0x40, 0x40, 0x00, 0x0c, 0x40, 0x40, 0x00, 0x0c, 0x40, 0x28, 0x00, 0x0c,
    0x40, 0x28, 0x00, 0x0c, 0x40, 0x2c, 0x00, 0x0c, 0x40, 0x2c, 0x00, 0x0c,
    0x48, 0x2c, 0x00, 0x0c, 0x30, 0x2c, 0x00, 0x0c, 0x30, 0x30, 0x00, 0x0c,
    0x30, 0x34, 0x00, 0x0c, 0xd8, 0xb0, 0x00, 0x2c, 0xe8, 0xc0, 0x00, 0x3c,
    0xb0, 0x8c, 0x00, 0x18, 0x30, 0x30, 0x00, 0x0c, 0x38, 0x1c, 0x00, 0x08,
    0x20, 0x20, 0x00, 0x08, 0x28, 0x28, 0x10, 0x0c, 0x30, 0x30, 0x28, 0x3c,
    0x30, 0x2c, 0x30, 0xbe, 0x30, 0x2c, 0x30, 0xfb, 0x28, 0x30, 0x30, 0xff,
    0x30, 0x2c, 0x30, 0xff, 0x28, 0x2c, 0x30, 0xff, 0x28, 0x2c, 0x28, 0xff,
    0x28, 0x2c, 0x28, 0xff, 0x38, 0x38, 0x28, 0xff, 0x88, 0x70, 0x10, 0xff,
    0x28, 0x28, 0x18, 0xff, 0x30, 0x30, 0x18, 0xff, 0x98, 0x7c, 0x10, 0xff,
    0x60, 0x50, 0x10, 0xff, 0x18, 0x1c, 0x18, 0xff, 0x68, 0x5c, 0x10, 0xff,
    0x90, 0x78, 0x10, 0xff, 0x28, 0x28, 0x18, 0xff, 0x20, 0x24, 0x20, 0xff,
    0x30, 0x2c, 0x28, 0xd3, 0x28, 0x28, 0x28, 0x24, 0x00, 0x00, 0x00, 0x00,
    0x00, 0x00, 0x00, 0x00, 0x00, 0x00, 0x00, 0x00, 0x00, 0x00, 0x00, 0x00,
    0x00, 0x00, 0x00, 0x00, 0x00, 0x00, 0x00, 0x00, 0x00, 0x00, 0x00, 0x00,
    0x00, 0x00, 0x00, 0x00, 0x00, 0x00, 0x00, 0x00, 0x00, 0x00, 0x00, 0x00,
    0x00, 0x00, 0x00, 0x00, 0x00, 0x00, 0x00, 0x00, 0x00, 0x00, 0x00, 0x00,
    0x00, 0x00, 0x00, 0x00, 0x00, 0x00, 0x00, 0x00, 0x00, 0x00, 0x00, 0x00,
    0x00, 0x00, 0x00, 0x00, 0x00, 0x00, 0x00, 0x00, 0x00, 0x00, 0x00, 0x00,
    0x00, 0x00, 0x00, 0x00, 0x00, 0x00, 0x00, 0x00, 0x00, 0x00, 0x00, 0x00,
    0x00, 0x00, 0x00, 0x00, 0x00, 0x00, 0x00, 0x00, 0x00, 0x00, 0x00, 0x00,
    0x00, 0x00, 0x00, 0x00, 0x00, 0x00, 0x00, 0x00, 0x00, 0x00, 0x00, 0x00,
    0x00, 0x00, 0x00, 0x00, 0x00, 0x00, 0x00, 0x00, 0x00, 0x00, 0x00, 0x00,
    0x00, 0x00, 0x00, 0x00, 0x00, 0x00, 0x00, 0x00, 0x00, 0x00, 0x00, 0x00,
    0x00, 0x00, 0x00, 0x00, 0x00, 0x00, 0x00, 0x00, 0x00, 0x00, 0x00, 0x00,
    0x00, 0x00, 0x00, 0x00, 0x00, 0x00, 0x00, 0x00, 0x00, 0x00, 0x00, 0x00,
    0x00, 0x00, 0x00, 0x00, 0x00, 0x00, 0x00, 0x00, 0x00, 0x00, 0x00, 0x00,
    0x00, 0x00, 0x00, 0x00, 0x00, 0x00, 0x00, 0x00, 0x00, 0x00, 0x00, 0x00,
    0x00, 0x00, 0x00, 0x00, 0x00, 0x00, 0x00, 0x00, 0x00, 0x00, 0x00, 0x00,
    0x38, 0x38, 0x38, 0x28, 0x40, 0x3c, 0x40, 0xdf, 0x28, 0x28, 0x28, 0xff,
    0x18, 0x1c, 0x18, 0xff, 0x18, 0x18, 0x18, 0xff, 0x30, 0x2c, 0x18, 0xff,
    0x20, 0x1c, 0x18, 0xff, 0x18, 0x18, 0x18, 0xff, 0x20, 0x20, 0x18, 0xff,
    0x30, 0x28, 0x18, 0xff, 0x18, 0x18, 0x18, 0xff, 0x18, 0x1c, 0x18, 0xff,
    0x30, 0x2c, 0x18, 0xff, 0x38, 0x38, 0x38, 0xff, 0x38, 0x3c, 0x38, 0xff,
    0x38, 0x3c, 0x38, 0xff, 0x40, 0x3c, 0x38, 0xff, 0x38, 0x3c, 0x40, 0xff,
    0x38, 0x38, 0x38, 0xe3, 0x38, 0x38, 0x38, 0x55, 0x38, 0x24, 0x10, 0x10,
    0x40, 0x20, 0x00, 0x08, 0x38, 0x1c, 0x00, 0x08, 0x38, 0x38, 0x00, 0x08,
    0xb0, 0x90, 0x00, 0x18, 0x38, 0x34, 0x00, 0x0c, 0x30, 0x34, 0x00, 0x08,
    0x30, 0x2c, 0x00, 0x0c, 0x48, 0x2c, 0x00, 0x0c, 0x48, 0x30, 0x00, 0x0c,
    0x40, 0x40, 0x00, 0x0c, 0x40, 0x40, 0x00, 0x0c, 0x40, 0x40, 0x00, 0x0c,
    0x40, 0x40, 0x00, 0x0c, 0x38, 0x38, 0x00, 0x0c, 0x50, 0x3c, 0x00, 0x0c,
    0x50, 0x38, 0x00, 0x0c, 0x50, 0x38, 0x00, 0x0c, 0x50, 0x38, 0x00, 0x0c,
    0x48, 0x38, 0x00, 0x10, 0x48, 0x34, 0x00, 0x0c, 0x48, 0x38, 0x00, 0x10,
    0x48, 0x34, 0x00, 0x10, 0x48, 0x38, 0x00, 0x0c, 0x48, 0x48, 0x00, 0x10,
    0x48, 0x34, 0x00, 0x10, 0x48, 0x38, 0x00, 0x10, 0x48, 0x34, 0x00, 0x0c,
    0x48, 0x38, 0x00, 0x10, 0x48, 0x34, 0x00, 0x10, 0x48, 0x38, 0x00, 0x0c,
    0x48, 0x34, 0x00, 0x10, 0x48, 0x34, 0x00, 0x0c, 0x50, 0x38, 0x00, 0x0c,
    0x50, 0x3c, 0x00, 0x0c, 0x48, 0x38, 0x00, 0x0c, 0x38, 0x3c, 0x00, 0x0c,
    0x38, 0x3c, 0x00, 0x0c, 0x40, 0x40, 0x00, 0x0c, 0x40, 0x40, 0x00, 0x0c,
    0x40, 0x2c, 0x00, 0x0c, 0x40, 0x28, 0x00, 0x0c, 0x48, 0x2c, 0x00, 0x0c,
    0xc8, 0xa0, 0x00, 0x20, 0xe8, 0xc8, 0x00, 0x55, 0xe8, 0xc4, 0x00, 0x51,
    0x48, 0x44, 0x00, 0x0c, 0x38, 0x38, 0x00, 0x08, 0x38, 0x38, 0x00, 0x08,
    0x38, 0x1c, 0x00, 0x08, 0x40, 0x20, 0x00, 0x08, 0x28, 0x28, 0x18, 0x14,
    0x28, 0x2c, 0x28, 0x69, 0x30, 0x2c, 0x28, 0xeb, 0x30, 0x30, 0x30, 0xff,
    0x30, 0x30, 0x30, 0xff, 0x30, 0x2c, 0x30, 0xff, 0x30, 0x2c, 0x30, 0xff,
    0x30, 0x2c, 0x28, 0xff, 0x28, 0x28, 0x18, 0xff, 0x18, 0x18, 0x18, 0xff,
    0x18, 0x1c, 0x18, 0xff, 0x30, 0x2c, 0x18, 0xff, 0x20, 0x1c, 0x18, 0xff,
    0x18, 0x18, 0x18, 0xff, 0x20, 0x20, 0x18, 0xff, 0x30, 0x28, 0x18, 0xff,
    0x18, 0x18, 0x18, 0xff, 0x18, 0x18, 0x18, 0xff, 0x28, 0x24, 0x28, 0xff,
    0x28, 0x28, 0x28, 0xcf, 0x28, 0x2c, 0x28, 0x1c, 0x00, 0x00, 0x00, 0x00,
    0x00, 0x00, 0x00, 0x00, 0x00, 0x00, 0x00, 0x00, 0x00, 0x00, 0x00, 0x00,
    0x00, 0x00, 0x00, 0x00, 0x00, 0x00, 0x00, 0x00, 0x00, 0x00, 0x00, 0x00,
    0x00, 0x00, 0x00, 0x00, 0x00, 0x00, 0x00, 0x00, 0x00, 0x00, 0x00, 0x00,
    0x00, 0x00, 0x00, 0x00, 0x00, 0x00, 0x00, 0x00, 0x00, 0x00, 0x00, 0x00,
    0x00, 0x00, 0x00, 0x00, 0x00, 0x00, 0x00, 0x00, 0x00, 0x00, 0x00, 0x00,
    0x00, 0x00, 0x00, 0x00, 0x00, 0x00, 0x00, 0x00, 0x00, 0x00, 0x00, 0x00,
    0x00, 0x00, 0x00, 0x00, 0x00, 0x00, 0x00, 0x00, 0x00, 0x00, 0x00, 0x00,
    0x00, 0x00, 0x00, 0x00, 0x00, 0x00, 0x00, 0x00, 0x00, 0x00, 0x00, 0x00,
    0x00, 0x00, 0x00, 0x00, 0x00, 0x00, 0x00, 0x00, 0x00, 0x00, 0x00, 0x00,
    0x00, 0x00, 0x00, 0x00, 0x00, 0x00, 0x00, 0x00, 0x00, 0x00, 0x00, 0x00,
    0x00, 0x00, 0x00, 0x00, 0x00, 0x00, 0x00, 0x00, 0x00, 0x00, 0x00, 0x00,
    0x00, 0x00, 0x00, 0x00, 0x00, 0x00, 0x00, 0x00, 0x00, 0x00, 0x00, 0x00,
    0x00, 0x00, 0x00, 0x00, 0x00, 0x00, 0x00, 0x00, 0x00, 0x00, 0x00, 0x00,
    0x00, 0x00, 0x00, 0x00, 0x00, 0x00, 0x00, 0x00, 0x00, 0x00, 0x00, 0x00,
    0x00, 0x00, 0x00, 0x00, 0x00, 0x00, 0x00, 0x00, 0x00, 0x00, 0x00, 0x00,
    0x00, 0x00, 0x00, 0x00, 0x40, 0x40, 0x40, 0x20, 0x40, 0x3c, 0x40, 0xd3,
    0x30, 0x34, 0x28, 0xff, 0x30, 0x30, 0x18, 0xff, 0x18, 0x18, 0x18, 0xff,
    0x18, 0x1c, 0x18, 0xff, 0x38, 0x30, 0x18, 0xff, 0x20, 0x20, 0x18, 0xff,
    0x18, 0x1c, 0x18, 0xff, 0x28, 0x20, 0x18, 0xff, 0x30, 0x2c, 0x18, 0xff,
    0x18, 0x1c, 0x18, 0xff, 0x18, 0x18, 0x18, 0xff, 0x38, 0x30, 0x18, 0xff,
    0x38, 0x38, 0x38, 0xff, 0x38, 0x3c, 0x38, 0xff, 0x40, 0x3c, 0x40, 0xff,
    0x38, 0x38, 0x38, 0xfb, 0x38, 0x38, 0x38, 0xa6, 0x38, 0x30, 0x30, 0x24,
    0x20, 0x20, 0x00, 0x08, 0x20, 0x20, 0x00, 0x08, 0x20, 0x1c, 0x00, 0x08,
    0x88, 0x78, 0x00, 0x10, 0xe8, 0xc0, 0x00, 0x45, 0xf0, 0xc8, 0x00, 0x65,
    0xc0, 0xa0, 0x00, 0x20, 0x30, 0x2c, 0x00, 0x0c, 0x30, 0x2c, 0x00, 0x0c,
    0x28, 0x2c, 0x00, 0x0c, 0x40, 0x28, 0x00, 0x0c, 0x40, 0x28, 0x00, 0x0c,
    0x40, 0x2c, 0x00, 0x0c, 0x38, 0x28, 0x00, 0x0c, 0x38, 0x38, 0x00, 0x0c,
    0x38, 0x3c, 0x00, 0x0c, 0x38, 0x38, 0x00, 0x0c, 0x38, 0x38, 0x00, 0x10,
    0x38, 0x34, 0x00, 0x0c, 0x48, 0x38, 0x00, 0x10, 0x48, 0x38, 0x00, 0x0c,
    0x48, 0x34, 0x00, 0x10, 0x48, 0x38, 0x00, 0x0c, 0x48, 0x38, 0x00, 0x0c,
    0x48, 0x34, 0x00, 0x10, 0x40, 0x34, 0x00, 0x10, 0x40, 0x34, 0x00, 0x10,
    0x40, 0x34, 0x00, 0x10, 0x48, 0x34, 0x00, 0x10, 0x48, 0x34, 0x00, 0x0c,
    0x48, 0x38, 0x00, 0x10, 0x48, 0x38, 0x00, 0x10, 0x48, 0x38, 0x00, 0x0c,
    0x48, 0x34, 0x00, 0x10, 0x48, 0x38, 0x00, 0x0c, 0x48, 0x34, 0x00, 0x10,
    0x48, 0x38, 0x00, 0x0c, 0x38, 0x38, 0x00, 0x0c, 0x38, 0x38, 0x00, 0x0c,
    0x38, 0x28, 0x00, 0x0c, 0x38, 0x28, 0x00, 0x0c, 0x40, 0x28, 0x00, 0x0c,
    0x40, 0x2c, 0x00, 0x0c, 0x40, 0x2c, 0x00, 0x0c, 0x28, 0x28, 0x00, 0x0c,
    0x40, 0x40, 0x00, 0x0c, 0x88, 0x80, 0x00, 0x14, 0x30, 0x2c, 0x00, 0x0c,
    0x30, 0x18, 0x00, 0x08, 0x30, 0x18, 0x00, 0x0c, 0x38, 0x1c, 0x00, 0x08,
    0x18, 0x1c, 0x00, 0x08, 0x20, 0x20, 0x00, 0x08, 0x20, 0x20, 0x00, 0x08,
    0x30, 0x30, 0x28, 0x28, 0x30, 0x2c, 0x28, 0xae, 0x28, 0x2c, 0x28, 0xff,
    0x30, 0x2c, 0x30, 0xff, 0x30, 0x2c, 0x30, 0xff, 0x30, 0x2c, 0x28, 0xff,
    0x30, 0x30, 0x18, 0xff, 0x18, 0x18, 0x18, 0xff, 0x18, 0x18, 0x18, 0xff,
    0x38, 0x30, 0x18, 0xff, 0x20, 0x20, 0x18, 0xff, 0x18, 0x1c, 0x20, 0xff,
    0x28, 0x20, 0x18, 0xff, 0x30, 0x30, 0x18, 0xff, 0x18, 0x1c, 0x18, 0xff,
    0x18, 0x18, 0x18, 0xff, 0x38, 0x30, 0x18, 0xff, 0x28, 0x28, 0x20, 0xff,
    0x28, 0x28, 0x28, 0xc3, 0x28, 0x28, 0x28, 0x14, 0x00, 0x00, 0x00, 0x00,
    0x00, 0x00, 0x00, 0x00, 0x00, 0x00, 0x00, 0x00, 0x00, 0x00, 0x00, 0x00,
    0x00, 0x00, 0x00, 0x00, 0x00, 0x00, 0x00, 0x00, 0x00, 0x00, 0x00, 0x00,
    0x00, 0x00, 0x00, 0x00, 0x00, 0x00, 0x00, 0x00, 0x00, 0x00, 0x00, 0x00,
    0x00, 0x00, 0x00, 0x00, 0x00, 0x00, 0x00, 0x00, 0x00, 0x00, 0x00, 0x00,
    0x00, 0x00, 0x00, 0x00, 0x00, 0x00, 0x00, 0x00, 0x00, 0x00, 0x00, 0x00,
    0x00, 0x00, 0x00, 0x00, 0x00, 0x00, 0x00, 0x00, 0x00, 0x00, 0x00, 0x00,
    0x00, 0x00, 0x00, 0x00, 0x00, 0x00, 0x00, 0x00, 0x00, 0x00, 0x00, 0x00,
    0x00, 0x00, 0x00, 0x00, 0x00, 0x00, 0x00, 0x00, 0x00, 0x00, 0x00, 0x00,
    0x00, 0x00, 0x00, 0x00, 0x00, 0x00, 0x00, 0x00, 0x00, 0x00, 0x00, 0x00,
    0x00, 0x00, 0x00, 0x00, 0x00, 0x00, 0x00, 0x00, 0x00, 0x00, 0x00, 0x00,
    0x00, 0x00, 0x00, 0x00, 0x00, 0x00, 0x00, 0x00, 0x00, 0x00, 0x00, 0x00,
    0x00, 0x00, 0x00, 0x00, 0x00, 0x00, 0x00, 0x00, 0x00, 0x00, 0x00, 0x00,
    0x00, 0x00, 0x00, 0x00, 0x00, 0x00, 0x00, 0x00, 0x00, 0x00, 0x00, 0x00,
    0x00, 0x00, 0x00, 0x00, 0x00, 0x00, 0x00, 0x00, 0x00, 0x00, 0x00, 0x00,
    0x00, 0x00, 0x00, 0x00, 0x00, 0x00, 0x00, 0x00, 0x38, 0x3c, 0x38, 0x14,
    0x40, 0x3c, 0x40, 0xcb, 0x28, 0x2c, 0x28, 0xff, 0x78, 0x64, 0x10, 0xff,
    0x98, 0x7c, 0x10, 0xff, 0x30, 0x2c, 0x18, 0xff, 0x38, 0x30, 0x18, 0xff,
    0xa0, 0x84, 0x10, 0xff, 0x68, 0x58, 0x10, 0xff, 0x18, 0x18, 0x18, 0xff,
    0x70, 0x64, 0x10, 0xff, 0x98, 0x80, 0x10, 0xff, 0x30, 0x28, 0x18, 0xff,
    0x38, 0x30, 0x18, 0xff, 0x90, 0x78, 0x10, 0xff, 0x40, 0x40, 0x38, 0xff,
    0x40, 0x3c, 0x40, 0xff, 0x38, 0x38, 0x38, 0xe7, 0x38, 0x38, 0x38, 0x59,
    0x30, 0x30, 0x18, 0x0c, 0x20, 0x20, 0x00, 0x08, 0x20, 0x1c, 0x00, 0x08,
    0x18, 0x1c, 0x00, 0x08, 0x30, 0x18, 0x00, 0x0c, 0x70, 0x5c, 0x00, 0x0c,
    0xe8, 0xc4, 0x00, 0x45, 0xb0, 0x8c, 0x00, 0x18, 0x40, 0x40, 0x00, 0x0c,
    0x28, 0x28, 0x00, 0x0c, 0x40, 0x2c, 0x00, 0x0c, 0x40, 0x2c, 0x00, 0x0c,
    0x38, 0x38, 0x00, 0x0c, 0x38, 0x38, 0x00, 0x0c, 0x38, 0x3c, 0x00, 0x0c,
    0x48, 0x34, 0x00, 0x10, 0x48, 0x34, 0x00, 0x10, 0x48, 0x38, 0x00, 0x0c,
    0x48, 0x38, 0x00, 0x10, 0x40, 0x34, 0x00, 0x10, 0x40, 0x34, 0x00, 0x10,
    0x40, 0x44, 0x00, 0x10, 0x40, 0x44, 0x00, 0x10, 0x48, 0x44, 0x00, 0x10,
    0x40, 0x44, 0x00, 0x10, 0x58, 0x44, 0x00, 0x10, 0x58, 0x44, 0x00, 0x10,
    0x50, 0x40, 0x00, 0x10, 0x50, 0x40, 0x00, 0x10, 0x50, 0x40, 0x00, 0x10,
    0x40, 0x40, 0x00, 0x10, 0x40, 0x44, 0x00, 0x10, 0x58, 0x44, 0x00, 0x10,
    0x58, 0x44, 0x00, 0x10, 0x40, 0x44, 0x00, 0x10, 0x40, 0x44, 0x00, 0x10,
    0x48, 0x44, 0x00, 0x10, 0x40, 0x34, 0x00, 0x10, 0x48, 0x34, 0x00, 0x10,
    0x48, 0x34, 0x00, 0x10, 0x48, 0x34, 0x00, 0x10, 0x48, 0x38, 0x00, 0x0c,
    0x48, 0x34, 0x00, 0x10, 0x38, 0x38, 0x00, 0x0c, 0x38, 0x3c, 0x00, 0x0c,
    0x38, 0x28, 0x00, 0x0c, 0x40, 0x28, 0x00, 0x0c, 0x40, 0x2c, 0x00, 0x0c,
    0x40, 0x2c, 0x00, 0x0c, 0x30, 0x2c, 0x00, 0x0c, 0x30, 0x30, 0x00, 0x0c,
    0x30, 0x34, 0x00, 0x08, 0x98, 0x78, 0x00, 0x10, 0xd8, 0xb0, 0x00, 0x2c,
    0x88, 0x68, 0x00, 0x10, 0x18, 0x1c, 0x00, 0x08, 0x20, 0x20, 0x00, 0x08,
    0x30, 0x30, 0x18, 0x0c, 0x28, 0x2c, 0x28, 0x75, 0x28, 0x2c, 0x28, 0xeb,
    0x30, 0x2c, 0x28, 0xff, 0x38, 0x3c, 0x28, 0xff, 0x90, 0x78, 0x10, 0xff,
    0x30, 0x2c, 0x18, 0xff, 0x38, 0x30, 0x18, 0xff, 0xa0, 0x84, 0x10, 0xff,
    0x68, 0x58, 0x10, 0xff, 0x18, 0x18, 0x18, 0xff, 0x78, 0x60, 0x10, 0xff,
    0x98, 0x80, 0x10, 0xff, 0x30, 0x2c, 0x18, 0xff, 0x38, 0x30, 0x18, 0xff,
    0xa0, 0x84, 0x10, 0xff, 0x68, 0x58, 0x10, 0xff, 0x20, 0x24, 0x20, 0xff,
    0x28, 0x28, 0x28, 0xb2, 0x30, 0x34, 0x38, 0x0c, 0x00, 0x00, 0x00, 0x00,
    0x00, 0x00, 0x00, 0x00, 0x00, 0x00, 0x00, 0x00, 0x00, 0x00, 0x00, 0x00,
    0x00, 0x00, 0x00, 0x00, 0x00, 0x00, 0x00, 0x00, 0x00, 0x00, 0x00, 0x00,
    0x00, 0x00, 0x00, 0x00, 0x00, 0x00, 0x00, 0x00, 0x00, 0x00, 0x00, 0x00,
    0x00, 0x00, 0x00, 0x00, 0x00, 0x00, 0x00, 0x00, 0x00, 0x00, 0x00, 0x00,
    0x00, 0x00, 0x00, 0x00, 0x00, 0x00, 0x00, 0x00, 0x00, 0x00, 0x00, 0x00,
    0x00, 0x00, 0x00, 0x00, 0x00, 0x00, 0x00, 0x00, 0x00, 0x00, 0x00, 0x00,
    0x00, 0x00, 0x00, 0x00, 0x00, 0x00, 0x00, 0x00, 0x00, 0x00, 0x00, 0x00,
    0x00, 0x00, 0x00, 0x00, 0x00, 0x00, 0x00, 0x00, 0x00, 0x00, 0x00, 0x00,
    0x00, 0x00, 0x00, 0x00, 0x00, 0x00, 0x00, 0x00, 0x00, 0x00, 0x00, 0x00,
    0x00, 0x00, 0x00, 0x00, 0x00, 0x00, 0x00, 0x00, 0x00, 0x00, 0x00, 0x00,
    0x00, 0x00, 0x00, 0x00, 0x00, 0x00, 0x00, 0x00, 0x00, 0x00, 0x00, 0x00,
    0x00, 0x00, 0x00, 0x00, 0x00, 0x00, 0x00, 0x00, 0x00, 0x00, 0x00, 0x00,
    0x00, 0x00, 0x00, 0x00, 0x00, 0x00, 0x00, 0x00, 0x00, 0x00, 0x00, 0x00,
    0x00, 0x00, 0x00, 0x00, 0x00, 0x00, 0x00, 0x00, 0x00, 0x00, 0x00, 0x00,
    0x30, 0x34, 0x30, 0x04, 0x40, 0x3c, 0x40, 0xa6, 0x30, 0x30, 0x30, 0xfb,
    0x18, 0x1c, 0x18, 0xff, 0x40, 0x34, 0x18, 0xff, 0x60, 0x50, 0x10, 0xff,
    0x20, 0x1c, 0x18, 0xff, 0x20, 0x20, 0x18, 0xff, 0x60, 0x58, 0x10, 0xff,
    0x30, 0x2c, 0x18, 0xff, 0x18, 0x18, 0x18, 0xff, 0x40, 0x38, 0x18, 0xff,
    0x60, 0x50, 0x10, 0xff, 0x20, 0x1c, 0x20, 0xff, 0x20, 0x20, 0x18, 0xff,
    0x58, 0x50, 0x28, 0xff, 0x38, 0x3c, 0x38, 0xff, 0x38, 0x38, 0x38, 0xc7,
    0x38, 0x3c, 0x38, 0x28, 0x20, 0x1c, 0x00, 0x08, 0x20, 0x1c, 0x00, 0x08,
    0x38, 0x1c, 0x00, 0x08, 0x38, 0x1c, 0x00, 0x08, 0x30, 0x18, 0x00, 0x0c,
    0x30, 0x34, 0x00, 0x0c, 0x30, 0x2c, 0x00, 0x0c, 0x40, 0x40, 0x00, 0x0c,
    0x40, 0x28, 0x00, 0x0c, 0x40, 0x28, 0x00, 0x0c, 0x38, 0x28, 0x00, 0x0c,
    0x38, 0x28, 0x00, 0x0c, 0x38, 0x38, 0x00, 0x0c, 0x38, 0x38, 0x00, 0x0c,
    0x48, 0x38, 0x00, 0x10, 0x48, 0x34, 0x00, 0x0c, 0x40, 0x34, 0x00, 0x10,
    0x48, 0x34, 0x00, 0x10, 0x48, 0x34, 0x00, 0x10, 0x40, 0x44, 0x00, 0x10,
    0x50, 0x40, 0x00, 0x10, 0x50, 0x40, 0x00, 0x10, 0x50, 0x40, 0x00, 0x10,
    0x50, 0x40, 0x00, 0x10, 0x50, 0x40, 0x00, 0x10, 0x50, 0x40, 0x00, 0x10,
    0x50, 0x40, 0x00, 0x10, 0x50, 0x40, 0x00, 0x10, 0x48, 0x3c, 0x00, 0x10,
    0x48, 0x3c, 0x00, 0x10, 0x48, 0x3c, 0x00, 0x10, 0x48, 0x3c, 0x00, 0x10,
    0x50, 0x40, 0x00, 0x10, 0x50, 0x40, 0x00, 0x10, 0x50, 0x3c, 0x00, 0x10,
    0x50, 0x40, 0x00, 0x10, 0x50, 0x40, 0x00, 0x10, 0x50, 0x40, 0x00, 0x10,
    0x50, 0x40, 0x00, 0x10, 0x40, 0x30, 0x00, 0x10, 0x40, 0x44, 0x00, 0x10,
    0x48, 0x44, 0x00, 0x10, 0x48, 0x34, 0x00, 0x10, 0x40, 0x34, 0x00, 0x10,
    0x48, 0x34, 0x00, 0x0c, 0x38, 0x34, 0x00, 0x10, 0x38, 0x38, 0x00, 0x0c,
    0x38, 0x38, 0x00, 0x0c, 0x38, 0x38, 0x00, 0x0c, 0x38, 0x28, 0x00, 0x0c,
    0x40, 0x28, 0x00, 0x0c, 0x28, 0x2c, 0x00, 0x0c, 0x30, 0x30, 0x00, 0x0c,
    0xb8, 0x98, 0x00, 0x1c, 0xf0, 0xc8, 0x00, 0x5d, 0xe8, 0xc4, 0x00, 0x51,
    0x80, 0x5c, 0x00, 0x10, 0x18, 0x1c, 0x00, 0x08, 0x18, 0x1c, 0x00, 0x08,
    0x18, 0x18, 0x00, 0x0c, 0x30, 0x2c, 0x28, 0x34, 0x28, 0x2c, 0x28, 0xd3,
    0x30, 0x2c, 0x28, 0xff, 0x50, 0x48, 0x18, 0xff, 0x20, 0x1c, 0x18, 0xff,
    0x20, 0x20, 0x18, 0xff, 0x68, 0x58, 0x10, 0xff, 0x30, 0x30, 0x18, 0xff,
    0x18, 0x18, 0x18, 0xff, 0x40, 0x38, 0x18, 0xff, 0x60, 0x50, 0x10, 0xff,
    0x20, 0x1c, 0x18, 0xff, 0x20, 0x20, 0x18, 0xff, 0x68, 0x58, 0x10, 0xff,
    0x30, 0x2c, 0x18, 0xff, 0x18, 0x1c, 0x20, 0xff, 0x28, 0x24, 0x28, 0xfb,
    0x28, 0x28, 0x28, 0x86, 0x58, 0x54, 0x58, 0x04, 0x00, 0x00, 0x00, 0x00,
    0x00, 0x00, 0x00, 0x00, 0x00, 0x00, 0x00, 0x00, 0x00, 0x00, 0x00, 0x00,
    0x00, 0x00, 0x00, 0x00, 0x00, 0x00, 0x00, 0x00, 0x00, 0x00, 0x00, 0x00,
    0x00, 0x00, 0x00, 0x00, 0x00, 0x00, 0x00, 0x00, 0x00, 0x00, 0x00, 0x00,
    0x00, 0x00, 0x00, 0x00, 0x00, 0x00, 0x00, 0x00, 0x00, 0x00, 0x00, 0x00,
    0x00, 0x00, 0x00, 0x00, 0x00, 0x00, 0x00, 0x00, 0x00, 0x00, 0x00, 0x00,
    0x00, 0x00, 0x00, 0x00, 0x00, 0x00, 0x00, 0x00, 0x00, 0x00, 0x00, 0x00,
    0x00, 0x00, 0x00, 0x00, 0x00, 0x00, 0x00, 0x00, 0x00, 0x00, 0x00, 0x00,
    0x00, 0x00, 0x00, 0x00, 0x00, 0x00, 0x00, 0x00, 0x00, 0x00, 0x00, 0x00,
    0x00, 0x00, 0x00, 0x00, 0x00, 0x00, 0x00, 0x00, 0x00, 0x00, 0x00, 0x00,
    0x00, 0x00, 0x00, 0x00, 0x00, 0x00, 0x00, 0x00, 0x00, 0x00, 0x00, 0x00,
    0x00, 0x00, 0x00, 0x00, 0x00, 0x00, 0x00, 0x00, 0x00, 0x00, 0x00, 0x00,
    0x00, 0x00, 0x00, 0x00, 0x00, 0x00, 0x00, 0x00, 0x00, 0x00, 0x00, 0x00,
    0x00, 0x00, 0x00, 0x00, 0x00, 0x00, 0x00, 0x00, 0x00, 0x00, 0x00, 0x00,
    0x00, 0x00, 0x00, 0x00, 0x00, 0x00, 0x00, 0x00, 0x40, 0x3c, 0x40, 0x75,
    0x38, 0x34, 0x38, 0xfb, 0x20, 0x1c, 0x20, 0xff, 0x18, 0x1c, 0x18, 0xff,
    0x18, 0x1c, 0x18, 0xff, 0x18, 0x18, 0x18, 0xff, 0x18, 0x1c, 0x18, 0xff,
    0x18, 0x18, 0x18, 0xff, 0x18, 0x1c, 0x18, 0xff, 0x18, 0x1c, 0x18, 0xff,
    0x18, 0x18, 0x20, 0xff, 0x18, 0x1c, 0x18, 0xff, 0x18, 0x1c, 0x18, 0xff,
    0x18, 0x18, 0x18, 0xff, 0x28, 0x24, 0x28, 0xff, 0x38, 0x3c, 0x38, 0xff,
    0x38, 0x3c, 0x38, 0xae, 0x38, 0x34, 0x28, 0x1c, 0x20, 0x20, 0x00, 0x08,
    0x18, 0x1c, 0x00, 0x08, 0x38, 0x1c, 0x00, 0x08, 0xe0, 0xb8, 0x00, 0x34,
    0x80, 0x70, 0x00, 0x10, 0x30, 0x2c, 0x00, 0x0c, 0x30, 0x30, 0x00, 0x0c,
    0x40, 0x28, 0x00, 0x0c, 0x40, 0x2c, 0x00, 0x0c, 0x38, 0x3c, 0x00, 0x0c,
    0x38, 0x38, 0x00, 0x0c, 0x38, 0x3c, 0x00, 0x0c, 0x48, 0x34, 0x00, 0x10,
    0x48, 0x34, 0x00, 0x10, 0x48, 0x34, 0x00, 0x10, 0x40, 0x44, 0x00, 0x10,
    0x58, 0x44, 0x00, 0x10, 0x40, 0x40, 0x00, 0x10, 0x50, 0x40, 0x00, 0x10,
    0x50, 0x3c, 0x00, 0x10, 0x50, 0x40, 0x00, 0x10, 0x48, 0x3c, 0x00, 0x10,
    0x50, 0x48, 0x00, 0x10, 0x58, 0x4c, 0x00, 0x10, 0x48, 0x48, 0x00, 0x10,
    0x58, 0x4c, 0x00, 0x10, 0x58, 0x48, 0x00, 0x10, 0x58, 0x4c, 0x00, 0x10,
    0x50, 0x44, 0x00, 0x10, 0x58, 0x44, 0x00, 0x10, 0x58, 0x44, 0x00, 0x14,
    0x58, 0x44, 0x00, 0x10, 0x58, 0x44, 0x00, 0x10, 0x50, 0x44, 0x00, 0x10,
    0x58, 0x4c, 0x00, 0x10, 0x58, 0x4c, 0x00, 0x10, 0x58, 0x4c, 0x00, 0x10,
    0x58, 0x4c, 0x00, 0x10, 0x48, 0x3c, 0x00, 0x10, 0x48, 0x3c, 0x00, 0x10,
    0x48, 0x3c, 0x00, 0x10, 0x50, 0x40, 0x00, 0x10, 0x50, 0x40, 0x00, 0x10,
    0x50, 0x40, 0x00, 0x10, 0x50, 0x40, 0x00, 0x10, 0x40, 0x44, 0x00, 0x10,
    0x48, 0x44, 0x00, 0x10, 0x40, 0x34, 0x00, 0x10, 0x48, 0x38, 0x00, 0x10,
    0x48, 0x34, 0x00, 0x10, 0x38, 0x3c, 0x00, 0x0c, 0x38, 0x38, 0x00, 0x0c,
    0x38, 0x28, 0x00, 0x0c, 0x40, 0x28, 0x00, 0x0c, 0x40, 0x28, 0x00, 0x0c,
    0xa0, 0x84, 0x00, 0x14, 0xd8, 0xb4, 0x00, 0x2c, 0x58, 0x40, 0x00, 0x0c,
    0x30, 0x34, 0x00, 0x0c, 0x38, 0x1c, 0x00, 0x08, 0x20, 0x1c, 0x00, 0x08,
    0x20, 0x20, 0x00, 0x08, 0x28, 0x28, 0x20, 0x24, 0x28, 0x2c, 0x30, 0xc3,
    0x28, 0x28, 0x28, 0xff, 0x20, 0x20, 0x20, 0xff, 0x18, 0x18, 0x18, 0xff,
    0x18, 0x18, 0x18, 0xff, 0x18, 0x1c, 0x18, 0xff, 0x18, 0x1c, 0x18, 0xff,
    0x18, 0x18, 0x18, 0xff, 0x18, 0x18, 0x18, 0xff, 0x18, 0x1c, 0x18, 0xff,
    0x18, 0x18, 0x20, 0xff, 0x18, 0x18, 0x18, 0xff, 0x18, 0x1c, 0x18, 0xff,
    0x18, 0x18, 0x18, 0xff, 0x20, 0x1c, 0x18, 0xff, 0x28, 0x24, 0x28, 0xf7,
    0x28, 0x28, 0x28, 0x61, 0x00, 0x00, 0x00, 0x00, 0x00, 0x00, 0x00, 0x00,
    0x00, 0x00, 0x00, 0x00, 0x00, 0x00, 0x00, 0x00, 0x00, 0x00, 0x00, 0x00,
    0x00, 0x00, 0x00, 0x00, 0x00, 0x00, 0x00, 0x00, 0x00, 0x00, 0x00, 0x00,
    0x00, 0x00, 0x00, 0x00, 0x00, 0x00, 0x00, 0x00, 0x00, 0x00, 0x00, 0x00,
    0x00, 0x00, 0x00, 0x00, 0x00, 0x00, 0x00, 0x00, 0x00, 0x00, 0x00, 0x00,
    0x00, 0x00, 0x00, 0x00, 0x00, 0x00, 0x00, 0x00, 0x00, 0x00, 0x00, 0x00,
    0x00, 0x00, 0x00, 0x00, 0x00, 0x00, 0x00, 0x00, 0x00, 0x00, 0x00, 0x00,
    0x00, 0x00, 0x00, 0x00, 0x00, 0x00, 0x00, 0x00, 0x00, 0x00, 0x00, 0x00,
    0x00, 0x00, 0x00, 0x00, 0x00, 0x00, 0x00, 0x00, 0x00, 0x00, 0x00, 0x00,
    0x00, 0x00, 0x00, 0x00, 0x00, 0x00, 0x00, 0x00, 0x00, 0x00, 0x00, 0x00,
    0x00, 0x00, 0x00, 0x00, 0x00, 0x00, 0x00, 0x00, 0x00, 0x00, 0x00, 0x00,
    0x00, 0x00, 0x00, 0x00, 0x00, 0x00, 0x00, 0x00, 0x00, 0x00, 0x00, 0x00,
    0x00, 0x00, 0x00, 0x00, 0x00, 0x00, 0x00, 0x00, 0x00, 0x00, 0x00, 0x00,
    0x00, 0x00, 0x00, 0x00, 0x00, 0x00, 0x00, 0x00, 0x00, 0x00, 0x00, 0x00,
    0x40, 0x3c, 0x40, 0x45, 0x40, 0x40, 0x38, 0xff, 0x70, 0x64, 0x10, 0xff,
    0x40, 0x34, 0x18, 0xff, 0x18, 0x1c, 0x18, 0xff, 0x48, 0x40, 0x18, 0xff,
    0x68, 0x5c, 0x10, 0xff, 0x20, 0x20, 0x18, 0xff, 0x28, 0x20, 0x18, 0xff,
    0x78, 0x64, 0x10, 0xff, 0x40, 0x34, 0x18, 0xff, 0x18, 0x18, 0x18, 0xff,
    0x48, 0x40, 0x18, 0xff, 0x70, 0x5c, 0x10, 0xff, 0x28, 0x2c, 0x28, 0xff,
    0x38, 0x38, 0x38, 0xf7, 0x38, 0x38, 0x38, 0x92, 0x30, 0x2c, 0x20, 0x10,
    0x40, 0x20, 0x00, 0x08, 0x38, 0x1c, 0x00, 0x08, 0x80, 0x6c, 0x00, 0x10,
    0xe8, 0xc4, 0x00, 0x4d, 0xf0, 0xc8, 0x00, 0x5d, 0xb0, 0x98, 0x00, 0x1c,
    0x48, 0x30, 0x00, 0x0c, 0x40, 0x40, 0x00, 0x0c, 0x40, 0x40, 0x00, 0x0c,
    0x50, 0x38, 0x00, 0x0c, 0x50, 0x38, 0x00, 0x0c, 0x48, 0x38, 0x00, 0x10,
    0x48, 0x38, 0x00, 0x10, 0x48, 0x48, 0x00, 0x0c, 0x58, 0x44, 0x00, 0x10,
    0x58, 0x44, 0x00, 0x10, 0x50, 0x44, 0x00, 0x10, 0x50, 0x40, 0x00, 0x10,
    0x50, 0x40, 0x00, 0x10, 0x50, 0x50, 0x00, 0x10, 0x58, 0x4c, 0x00, 0x10,
    0x58, 0x48, 0x00, 0x10, 0x58, 0x4c, 0x00, 0x10, 0x58, 0x4c, 0x00, 0x10,
    0x58, 0x48, 0x00, 0x10, 0x58, 0x44, 0x00, 0x14, 0x58, 0x44, 0x00, 0x10,
    0x58, 0x44, 0x00, 0x14, 0x60, 0x44, 0x00, 0x14, 0x60, 0x48, 0x00, 0x10,
    0x60, 0x54, 0x00, 0x14, 0x60, 0x54, 0x00, 0x14, 0x60, 0x54, 0x00, 0x10,
    0x60, 0x54, 0x00, 0x14, 0x68, 0x44, 0x00, 0x14, 0x60, 0x44, 0x00, 0x10,
    0x58, 0x44, 0x00, 0x14, 0x58, 0x44, 0x00, 0x10, 0x58, 0x44, 0x00, 0x10,
    0x58, 0x4c, 0x00, 0x10, 0x58, 0x4c, 0x00, 0x10, 0x58, 0x48, 0x00, 0x10,
    0x58, 0x4c, 0x00, 0x10, 0x58, 0x4c, 0x00, 0x10, 0x60, 0x50, 0x00, 0x10,
    0x50, 0x40, 0x00, 0x10, 0x50, 0x40, 0x00, 0x10, 0x58, 0x44, 0x00, 0x10,
    0x58, 0x44, 0x00, 0x10, 0x40, 0x44, 0x00, 0x10, 0x48, 0x38, 0x00, 0x0c,
    0x48, 0x34, 0x00, 0x10, 0x48, 0x38, 0x00, 0x10, 0x50, 0x38, 0x00, 0x0c,
    0x38, 0x38, 0x00, 0x0c, 0x40, 0x40, 0x00, 0x0c, 0x40, 0x2c, 0x00, 0x0c,
    0x48, 0x2c, 0x00, 0x0c, 0x48, 0x2c, 0x00, 0x0c, 0x30, 0x34, 0x00, 0x08,
    0x30, 0x34, 0x00, 0x0c, 0x38, 0x38, 0x00, 0x08, 0x38, 0x1c, 0x00, 0x08,
    0x20, 0x20, 0x00, 0x08, 0x30, 0x2c, 0x20, 0x18, 0x28, 0x2c, 0x30, 0xaa,
    0x28, 0x2c, 0x28, 0xfb, 0x28, 0x24, 0x20, 0xff, 0x70, 0x60, 0x10, 0xff,
    0x40, 0x38, 0x18, 0xff, 0x18, 0x18, 0x20, 0xff, 0x48, 0x40, 0x18, 0xff,
    0x68, 0x5c, 0x10, 0xff, 0x20, 0x20, 0x18, 0xff, 0x28, 0x24, 0x18, 0xff,
    0x78, 0x60, 0x10, 0xff, 0x40, 0x38, 0x18, 0xff, 0x18, 0x1c, 0x18, 0xff,
    0x48, 0x40, 0x18, 0xff, 0x68, 0x58, 0x18, 0xff, 0x28, 0x2c, 0x28, 0xfb,
    0x28, 0x28, 0x28, 0x3c, 0x00, 0x00, 0x00, 0x00, 0x00, 0x00, 0x00, 0x00,
    0x00, 0x00, 0x00, 0x00, 0x00, 0x00, 0x00, 0x00, 0x00, 0x00, 0x00, 0x00,
    0x00, 0x00, 0x00, 0x00, 0x00, 0x00, 0x00, 0x00, 0x00, 0x00, 0x00, 0x00,
    0x00, 0x00, 0x00, 0x00, 0x00, 0x00, 0x00, 0x00, 0x00, 0x00, 0x00, 0x00,
    0x00, 0x00, 0x00, 0x00, 0x00, 0x00, 0x00, 0x00, 0x00, 0x00, 0x00, 0x00,
    0x00, 0x00, 0x00, 0x00, 0x00, 0x00, 0x00, 0x00, 0x00, 0x00, 0x00, 0x00,
    0x00, 0x00, 0x00, 0x00, 0x00, 0x00, 0x00, 0x00, 0x00, 0x00, 0x00, 0x00,
    0x00, 0x00, 0x00, 0x00, 0x00, 0x00, 0x00, 0x00, 0x00, 0x00, 0x00, 0x00,
    0x00, 0x00, 0x00, 0x00, 0x00, 0x00, 0x00, 0x00, 0x00, 0x00, 0x00, 0x00,
    0x00, 0x00, 0x00, 0x00, 0x00, 0x00, 0x00, 0x00, 0x00, 0x00, 0x00, 0x00,
    0x00, 0x00, 0x00, 0x00, 0x00, 0x00, 0x00, 0x00, 0x00, 0x00, 0x00, 0x00,
    0x00, 0x00, 0x00, 0x00, 0x00, 0x00, 0x00, 0x00, 0x00, 0x00, 0x00, 0x00,
    0x00, 0x00, 0x00, 0x00, 0x00, 0x00, 0x00, 0x00, 0x00, 0x00, 0x00, 0x00,
    0x00, 0x00, 0x00, 0x00, 0x40, 0x3c, 0x40, 0x24, 0x38, 0x3c, 0x38, 0xdf,
    0x40, 0x38, 0x20, 0xff, 0x90, 0x80, 0x10, 0xff, 0x60, 0x50, 0x10, 0xff,
    0x18, 0x18, 0x18, 0xff, 0x68, 0x5c, 0x10, 0xff, 0x90, 0x78, 0x10, 0xff,
    0x30, 0x28, 0x18, 0xff, 0x30, 0x30, 0x18, 0xff, 0x98, 0x7c, 0x10, 0xff,
    0x60, 0x50, 0x10, 0xff, 0x18, 0x1c, 0x18, 0xff, 0x70, 0x5c, 0x10, 0xff,
    0x78, 0x68, 0x20, 0xff, 0x38, 0x3c, 0x38, 0xf7, 0x38, 0x38, 0x38, 0x7d,
    0x28, 0x28, 0x18, 0x0c, 0x20, 0x20, 0x00, 0x08, 0x38, 0x1c, 0x00, 0x08,
    0x38, 0x38, 0x00, 0x08, 0x48, 0x44, 0x00, 0x0c, 0xd0, 0xac, 0x00, 0x28,
    0x78, 0x68, 0x00, 0x10, 0x40, 0x28, 0x00, 0x0c, 0x40, 0x28, 0x00, 0x0c,
    0x38, 0x38, 0x00, 0x0c, 0x50, 0x3c, 0x00, 0x0c, 0x48, 0x34, 0x00, 0x10,
    0x48, 0x34, 0x00, 0x0c, 0x48, 0x38, 0x00, 0x10, 0x40, 0x44, 0x00, 0x10,
    0x58, 0x44, 0x00, 0x10, 0x50, 0x40, 0x00, 0x10, 0x50, 0x40, 0x00, 0x10,
    0x60, 0x50, 0x00, 0x10, 0x58, 0x4c, 0x00, 0x10, 0x58, 0x48, 0x00, 0x10,
    0x58, 0x4c, 0x00, 0x10, 0x58, 0x44, 0x00, 0x10, 0x50, 0x44, 0x00, 0x14,
    0x68, 0x54, 0x00, 0x14, 0x60, 0x54, 0x00, 0x10, 0x60, 0x54, 0x00, 0x14,
    0x60, 0x50, 0x00, 0x14, 0x60, 0x50, 0x00, 0x14, 0x60, 0x50, 0x00, 0x14,
    0x60, 0x50, 0x00, 0x14, 0x60, 0x50, 0x00, 0x14, 0x60, 0x50, 0x00, 0x14,
    0x68, 0x50, 0x00, 0x14, 0x60, 0x50, 0x00, 0x14, 0x60, 0x50, 0x00, 0x14,
    0x60, 0x50, 0x00, 0x14, 0x60, 0x50, 0x00, 0x14, 0x58, 0x50, 0x00, 0x14,
    0x60, 0x50, 0x00, 0x14, 0x60, 0x50, 0x00, 0x14, 0x60, 0x54, 0x00, 0x14,
    0x68, 0x54, 0x00, 0x14, 0x58, 0x44, 0x00, 0x14, 0x58, 0x44, 0x00, 0x10,
    0x50, 0x44, 0x00, 0x14, 0x58, 0x4c, 0x00, 0x10, 0x58, 0x48, 0x00, 0x10,
    0x58, 0x4c, 0x00, 0x10, 0x50, 0x40, 0x00, 0x10, 0x50, 0x40, 0x00, 0x10,
    0x50, 0x40, 0x00, 0x10, 0x58, 0x44, 0x00, 0x10, 0x58, 0x44, 0x00, 0x10,
    0x48, 0x48, 0x00, 0x0c, 0x48, 0x38, 0x00, 0x10, 0x48, 0x38, 0x00, 0x10,
    0x38, 0x38, 0x00, 0x0c, 0x40, 0x40, 0x00, 0x0c, 0x40, 0x40, 0x00, 0x0c,
    0x40, 0x28, 0x00, 0x0c, 0x48, 0x2c, 0x00, 0x0c, 0x30, 0x2c, 0x00, 0x0c,
    0xb8, 0x98, 0x00, 0x18, 0xb0, 0x94, 0x00, 0x18, 0x38, 0x1c, 0x00, 0x08,
    0x20, 0x20, 0x00, 0x08, 0x28, 0x28, 0x20, 0x10, 0x28, 0x2c, 0x28, 0x8e,
    0x30, 0x2c, 0x28, 0xfb, 0x80, 0x6c, 0x18, 0xff, 0x60, 0x50, 0x10, 0xff,
    0x18, 0x1c, 0x18, 0xff, 0x70, 0x5c, 0x10, 0xff, 0x90, 0x78, 0x10, 0xff,
    0x28, 0x28, 0x18, 0xff, 0x30, 0x2c, 0x18, 0xff, 0x98, 0x80, 0x10, 0xff,
    0x60, 0x50, 0x10, 0xff, 0x18, 0x18, 0x18, 0xff, 0x68, 0x5c, 0x10, 0xff,
    0x90, 0x78, 0x10, 0xff, 0x30, 0x2c, 0x18, 0xff, 0x28, 0x28, 0x28, 0xd3,
    0x28, 0x28, 0x28, 0x10, 0x00, 0x00, 0x00, 0x00, 0x00, 0x00, 0x00, 0x00,
    0x00, 0x00, 0x00, 0x00, 0x00, 0x00, 0x00, 0x00, 0x00, 0x00, 0x00, 0x00,
    0x00, 0x00, 0x00, 0x00, 0x00, 0x00, 0x00, 0x00, 0x00, 0x00, 0x00, 0x00,
    0x00, 0x00, 0x00, 0x00, 0x00, 0x00, 0x00, 0x00, 0x00, 0x00, 0x00, 0x00,
    0x00, 0x00, 0x00, 0x00, 0x00, 0x00, 0x00, 0x00, 0x00, 0x00, 0x00, 0x00,
    0x00, 0x00, 0x00, 0x00, 0x00, 0x00, 0x00, 0x00, 0x00, 0x00, 0x00, 0x00,
    0x00, 0x00, 0x00, 0x00, 0x00, 0x00, 0x00, 0x00, 0x00, 0x00, 0x00, 0x00,
    0x00, 0x00, 0x00, 0x00, 0x00, 0x00, 0x00, 0x00, 0x00, 0x00, 0x00, 0x00,
    0x00, 0x00, 0x00, 0x00, 0x00, 0x00, 0x00, 0x00, 0x00, 0x00, 0x00, 0x00,
    0x00, 0x00, 0x00, 0x00, 0x00, 0x00, 0x00, 0x00, 0x00, 0x00, 0x00, 0x00,
    0x00, 0x00, 0x00, 0x00, 0x00, 0x00, 0x00, 0x00, 0x00, 0x00, 0x00, 0x00,
    0x00, 0x00, 0x00, 0x00, 0x00, 0x00, 0x00, 0x00, 0x00, 0x00, 0x00, 0x00,
    0x00, 0x00, 0x00, 0x00, 0x00, 0x00, 0x00, 0x00, 0x48, 0x48, 0x48, 0x08,
    0x40, 0x40, 0x40, 0xba, 0x30, 0x2c, 0x30, 0xff, 0x18, 0x1c, 0x18, 0xff,
    0x30, 0x28, 0x18, 0xff, 0x20, 0x1c, 0x18, 0xff, 0x18, 0x1c, 0x18, 0xff,
    0x20, 0x20, 0x18, 0xff, 0x30, 0x28, 0x18, 0xff, 0x18, 0x18, 0x18, 0xff,
    0x18, 0x1c, 0x18, 0xff, 0x30, 0x2c, 0x18, 0xff, 0x20, 0x1c, 0x20, 0xff,
    0x18, 0x1c, 0x18, 0xff, 0x28, 0x28, 0x28, 0xff, 0x38, 0x3c, 0x38, 0xf7,
    0x38, 0x38, 0x38, 0x75, 0x30, 0x30, 0x18, 0x0c, 0x40, 0x20, 0x00, 0x08,
    0x38, 0x1c, 0x00, 0x08, 0x38, 0x38, 0x00, 0x08, 0x30, 0x34, 0x00, 0x0c,
    0x48, 0x30, 0x00, 0x0c, 0x48, 0x30, 0x00, 0x0c, 0x40, 0x2c, 0x00, 0x0c,
    0x40, 0x40, 0x00, 0x0c, 0x38, 0x38, 0x00, 0x0c, 0x50, 0x3c, 0x00, 0x0c,
    0x48, 0x38, 0x00, 0x10, 0x48, 0x48, 0x00, 0x0c, 0x40, 0x44, 0x00, 0x10,
    0x58, 0x44, 0x00, 0x10, 0x50, 0x40, 0x00, 0x10, 0x50, 0x40, 0x00, 0x10,
    0x60, 0x50, 0x00, 0x10, 0x58, 0x4c, 0x00, 0x10, 0x58, 0x48, 0x00, 0x10,
    0x58, 0x44, 0x00, 0x10, 0x50, 0x44, 0x00, 0x10, 0x60, 0x54, 0x00, 0x14,
    0x60, 0x50, 0x00, 0x14, 0x60, 0x50, 0x00, 0x14, 0x60, 0x50, 0x00, 0x14,
    0x68, 0x50, 0x00, 0x14, 0x68, 0x50, 0x00, 0x14, 0x68, 0x4c, 0x00, 0x14,
    0x68, 0x5c, 0x00, 0x14, 0x60, 0x58, 0x00, 0x14, 0x68, 0x58, 0x00, 0x14,
    0x68, 0x58, 0x00, 0x14, 0x68, 0x58, 0x00, 0x14, 0x68, 0x58, 0x00, 0x14,
    0x68, 0x58, 0x00, 0x14, 0x68, 0x58, 0x00, 0x14, 0x68, 0x5c, 0x00, 0x14,
    0x68, 0x58, 0x00, 0x14, 0x68, 0x58, 0x00, 0x14, 0x60, 0x58, 0x00, 0x14,
    0x68, 0x58, 0x00, 0x14, 0x68, 0x50, 0x00, 0x14, 0x60, 0x50, 0x00, 0x14,
    0x60, 0x50, 0x00, 0x14, 0x60, 0x50, 0x00, 0x14, 0x60, 0x54, 0x00, 0x10,
    0x60, 0x54, 0x00, 0x14, 0x68, 0x54, 0x00, 0x10, 0x50, 0x44, 0x00, 0x10,
    0x58, 0x4c, 0x00, 0x10, 0x58, 0x48, 0x00, 0x10, 0x60, 0x50, 0x00, 0x10,
    0x50, 0x40, 0x00, 0x10, 0x50, 0x40, 0x00, 0x10, 0x58, 0x44, 0x00, 0x10,
    0x58, 0x44, 0x00, 0x10, 0x48, 0x48, 0x00, 0x0c, 0x48, 0x34, 0x00, 0x10,
    0x50, 0x3c, 0x00, 0x0c, 0x38, 0x3c, 0x00, 0x0c, 0x40, 0x40, 0x00, 0x0c,
    0x40, 0x40, 0x00, 0x0c, 0x48, 0x2c, 0x00, 0x0c, 0xe0, 0xc0, 0x00, 0x3c,
    0xf0, 0xc8, 0x00, 0x61, 0xd0, 0xa8, 0x00, 0x20, 0x38, 0x38, 0x00, 0x08,
    0x40, 0x40, 0x00, 0x08, 0x28, 0x28, 0x18, 0x0c, 0x28, 0x28, 0x28, 0x86,
    0x30, 0x2c, 0x28, 0xfb, 0x20, 0x20, 0x20, 0xff, 0x18, 0x18, 0x18, 0xff,
    0x20, 0x20, 0x18, 0xff, 0x30, 0x28, 0x18, 0xff, 0x18, 0x1c, 0x18, 0xff,
    0x18, 0x18, 0x18, 0xff, 0x30, 0x2c, 0x18, 0xff, 0x20, 0x1c, 0x18, 0xff,
    0x18, 0x18, 0x18, 0xff, 0x20, 0x20, 0x18, 0xff, 0x30, 0x28, 0x18, 0xff,
    0x18, 0x18, 0x18, 0xff, 0x20, 0x24, 0x20, 0xff, 0x28, 0x28, 0x28, 0x9a,
    0x40, 0x40, 0x40, 0x04, 0x00, 0x00, 0x00, 0x00, 0x00, 0x00, 0x00, 0x00,
    0x00, 0x00, 0x00, 0x00, 0x00, 0x00, 0x00, 0x00, 0x00, 0x00, 0x00, 0x00,
    0x00, 0x00, 0x00, 0x00, 0x00, 0x00, 0x00, 0x00, 0x00, 0x00, 0x00, 0x00,
    0x00, 0x00, 0x00, 0x00, 0x00, 0x00, 0x00, 0x00, 0x00, 0x00, 0x00, 0x00,
    0x00, 0x00, 0x00, 0x00, 0x00, 0x00, 0x00, 0x00, 0x00, 0x00, 0x00, 0x00,
    0x00, 0x00, 0x00, 0x00, 0x00, 0x00, 0x00, 0x00, 0x00, 0x00, 0x00, 0x00,
    0x00, 0x00, 0x00, 0x00, 0x00, 0x00, 0x00, 0x00, 0x00, 0x00, 0x00, 0x00,
    0x00, 0x00, 0x00, 0x00, 0x00, 0x00, 0x00, 0x00, 0x00, 0x00, 0x00, 0x00,
    0x00, 0x00, 0x00, 0x00, 0x00, 0x00, 0x00, 0x00, 0x00, 0x00, 0x00, 0x00,
    0x00, 0x00, 0x00, 0x00, 0x00, 0x00, 0x00, 0x00, 0x00, 0x00, 0x00, 0x00,
    0x00, 0x00, 0x00, 0x00, 0x00, 0x00, 0x00, 0x00, 0x00, 0x00, 0x00, 0x00,
    0x00, 0x00, 0x00, 0x00, 0x00, 0x00, 0x00, 0x00, 0x00, 0x00, 0x00, 0x00,
    0x00, 0x00, 0x00, 0x00, 0x40, 0x3c, 0x40, 0x61, 0x38, 0x3c, 0x38, 0xfb,
    0x18, 0x1c, 0x18, 0xff, 0x18, 0x1c, 0x18, 0xff, 0x38, 0x30, 0x18, 0xff,
    0x20, 0x20, 0x18, 0xff, 0x18, 0x1c, 0x18, 0xff, 0x28, 0x20, 0x18, 0xff,
    0x30, 0x2c, 0x18, 0xff, 0x18, 0x1c, 0x20, 0xff, 0x18, 0x18, 0x18, 0xff,
    0x38, 0x30, 0x18, 0xff, 0x20, 0x20, 0x18, 0xff, 0x28, 0x24, 0x28, 0xff,
    0x38, 0x38, 0x38, 0xfb, 0x38, 0x38, 0x38, 0x7d, 0x30, 0x30, 0x18, 0x0c,
    0x20, 0x20, 0x00, 0x08, 0x48, 0x44, 0x00, 0x0c, 0x88, 0x78, 0x00, 0x10,
    0x30, 0x18, 0x00, 0x0c, 0x30, 0x2c, 0x00, 0x0c, 0x30, 0x2c, 0x00, 0x0c,
    0x40, 0x28, 0x00, 0x0c, 0x40, 0x2c, 0x00, 0x0c, 0x38, 0x3c, 0x00, 0x0c,
    0x38, 0x38, 0x00, 0x0c, 0x38, 0x38, 0x00, 0x10, 0x40, 0x34, 0x00, 0x10,
    0x40, 0x34, 0x00, 0x10, 0x58, 0x44, 0x00, 0x10, 0x50, 0x40, 0x00, 0x10,
    0x50, 0x40, 0x00, 0x10, 0x48, 0x3c, 0x00, 0x10, 0x48, 0x3c, 0x00, 0x10,
    0x50, 0x44, 0x00, 0x10, 0x58, 0x44, 0x00, 0x14, 0x58, 0x48, 0x00, 0x14,
    0x60, 0x44, 0x00, 0x14, 0x60, 0x50, 0x00, 0x14, 0x58, 0x50, 0x00, 0x14,
    0x60, 0x50, 0x00, 0x10, 0x58, 0x4c, 0x00, 0x14, 0x58, 0x4c, 0x00, 0x14,
    0x68, 0x4c, 0x00, 0x14, 0x68, 0x4c, 0x00, 0x14, 0x68, 0x58, 0x00, 0x14,
    0x68, 0x58, 0x00, 0x14, 0x60, 0x54, 0x00, 0x14, 0x60, 0x54, 0x00, 0x14,
    0x60, 0x54, 0x00, 0x14, 0x60, 0x54, 0x00, 0x14, 0x60, 0x54, 0x00, 0x14,
    0x60, 0x54, 0x00, 0x14, 0x60, 0x54, 0x00, 0x14, 0x60, 0x54, 0x00, 0x14,
    0x68, 0x5c, 0x00, 0x14, 0x68, 0x4c, 0x00, 0x14, 0x68, 0x4c, 0x00, 0x14,
    0x68, 0x4c, 0x00, 0x14, 0x58, 0x4c, 0x00, 0x14, 0x58, 0x4c, 0x00, 0x14,
    0x60, 0x50, 0x00, 0x14, 0x60, 0x50, 0x00, 0x14, 0x60, 0x50, 0x00, 0x14,
    0x50, 0x44, 0x00, 0x14, 0x58, 0x44, 0x00, 0x14, 0x58, 0x44, 0x00, 0x10,
    0x50, 0x44, 0x00, 0x14, 0x58, 0x4c, 0x00, 0x10, 0x48, 0x3c, 0x00, 0x10,
    0x50, 0x3c, 0x00, 0x10, 0x50, 0x40, 0x00, 0x10, 0x40, 0x44, 0x00, 0x10,
    0x40, 0x34, 0x00, 0x10, 0x48, 0x34, 0x00, 0x0c, 0x48, 0x34, 0x00, 0x10,
    0x38, 0x38, 0x00, 0x0c, 0x38, 0x28, 0x00, 0x0c, 0x40, 0x2c, 0x00, 0x0c,
    0x28, 0x28, 0x00, 0x0c, 0x58, 0x48, 0x00, 0x0c, 0xd8, 0xb8, 0x00, 0x38,
    0xd0, 0xac, 0x00, 0x28, 0x38, 0x34, 0x00, 0x0c, 0x20, 0x1c, 0x00, 0x08,
    0x20, 0x20, 0x00, 0x08, 0x28, 0x2c, 0x18, 0x0c, 0x28, 0x28, 0x28, 0x9a,
    0x28, 0x28, 0x28, 0xfb, 0x20, 0x20, 0x20, 0xff, 0x20, 0x20, 0x18, 0xff,
    0x30, 0x30, 0x18, 0xff, 0x18, 0x18, 0x18, 0xff, 0x18, 0x1c, 0x18, 0xff,
    0x38, 0x30, 0x18, 0xff, 0x20, 0x20, 0x18, 0xff, 0x18, 0x1c, 0x18, 0xff,
    0x28, 0x24, 0x18, 0xff, 0x30, 0x2c, 0x18, 0xff, 0x18, 0x1c, 0x18, 0xff,
    0x20, 0x1c, 0x20, 0xff, 0x28, 0x28, 0x28, 0xf3, 0x28, 0x28, 0x28, 0x49,
    0x00, 0x00, 0x00, 0x00, 0x00, 0x00, 0x00, 0x00, 0x00, 0x00, 0x00, 0x00,
    0x00, 0x00, 0x00, 0x00, 0x00, 0x00, 0x00, 0x00, 0x00, 0x00, 0x00, 0x00,
    0x00, 0x00, 0x00, 0x00, 0x00, 0x00, 0x00, 0x00, 0x00, 0x00, 0x00, 0x00,
    0x00, 0x00, 0x00, 0x00, 0x00, 0x00, 0x00, 0x00, 0x00, 0x00, 0x00, 0x00,
    0x00, 0x00, 0x00, 0x00, 0x00, 0x00, 0x00, 0x00, 0x00, 0x00, 0x00, 0x00,
    0x00, 0x00, 0x00, 0x00, 0x00, 0x00, 0x00, 0x00, 0x00, 0x00, 0x00, 0x00,
    0x00, 0x00, 0x00, 0x00, 0x00, 0x00, 0x00, 0x00, 0x00, 0x00, 0x00, 0x00,
    0x00, 0x00, 0x00, 0x00, 0x00, 0x00, 0x00, 0x00, 0x00, 0x00, 0x00, 0x00,
    0x00, 0x00, 0x00, 0x00, 0x00, 0x00, 0x00, 0x00, 0x00, 0x00, 0x00, 0x00,
    0x00, 0x00, 0x00, 0x00, 0x00, 0x00, 0x00, 0x00, 0x00, 0x00, 0x00, 0x00,
    0x00, 0x00, 0x00, 0x00, 0x00, 0x00, 0x00, 0x00, 0x00, 0x00, 0x00, 0x00,
    0x00, 0x00, 0x00, 0x00, 0x00, 0x00, 0x00, 0x00, 0x40, 0x40, 0x40, 0x24,
    0x40, 0x40, 0x38, 0xf3, 0x80, 0x70, 0x18, 0xff, 0x30, 0x28, 0x18, 0xff,
    0x38, 0x30, 0x18, 0xff, 0xa0, 0x84, 0x10, 0xff, 0x68, 0x58, 0x10, 0xff,
    0x18, 0x18, 0x18, 0xff, 0x70, 0x64, 0x10, 0xff, 0x98, 0x80, 0x10, 0xff,
    0x30, 0x28, 0x18, 0xff, 0x38, 0x30, 0x18, 0xff, 0xa0, 0x84, 0x08, 0xff,
    0x60, 0x54, 0x18, 0xff, 0x38, 0x38, 0x38, 0xff, 0x38, 0x3c, 0x38, 0x92,
    0x28, 0x28, 0x10, 0x0c, 0x20, 0x20, 0x00, 0x08, 0x48, 0x44, 0x00, 0x0c,
    0xe0, 0xb4, 0x00, 0x38, 0xf0, 0xc8, 0x00, 0x55, 0x78, 0x68, 0x00, 0x10,
    0x30, 0x2c, 0x00, 0x0c, 0x40, 0x2c, 0x00, 0x0c, 0x38, 0x38, 0x00, 0x0c,
    0x38, 0x38, 0x00, 0x0c, 0x38, 0x34, 0x00, 0x10, 0x48, 0x38, 0x00, 0x10,
    0x40, 0x34, 0x00, 0x10, 0x48, 0x44, 0x00, 0x10, 0x50, 0x3c, 0x00, 0x10,
    0x50, 0x40, 0x00, 0x10, 0x48, 0x4c, 0x00, 0x10, 0x58, 0x48, 0x00, 0x10,
    0x58, 0x44, 0x00, 0x10, 0x50, 0x44, 0x00, 0x10, 0x60, 0x48, 0x00, 0x14,
    0x60, 0x50, 0x00, 0x14, 0x58, 0x50, 0x00, 0x14, 0x58, 0x4c, 0x00, 0x14,
    0x68, 0x4c, 0x00, 0x14, 0x68, 0x4c, 0x00, 0x14, 0x68, 0x58, 0x00, 0x14,
    0x68, 0x58, 0x00, 0x14, 0x60, 0x54, 0x00, 0x14, 0x70, 0x54, 0x00, 0x14,
    0x68, 0x54, 0x00, 0x14, 0x68, 0x54, 0x00, 0x14, 0x70, 0x54, 0x00, 0x14,
    0x68, 0x54, 0x00, 0x14, 0x68, 0x5c, 0x00, 0x14, 0x68, 0x5c, 0x00, 0x18,
    0x68, 0x5c, 0x00, 0x14, 0x68, 0x5c, 0x00, 0x14, 0x68, 0x54, 0x00, 0x18,
    0x68, 0x50, 0x00, 0x14, 0x68, 0x50, 0x00, 0x14, 0x68, 0x54, 0x00, 0x14,
    0x68, 0x54, 0x00, 0x14, 0x70, 0x54, 0x00, 0x14, 0x60, 0x54, 0x00, 0x14,
    0x60, 0x54, 0x00, 0x14, 0x68, 0x58, 0x00, 0x14, 0x60, 0x58, 0x00, 0x14,
    0x68, 0x58, 0x00, 0x14, 0x68, 0x4c, 0x00, 0x14, 0x58, 0x50, 0x00, 0x14,
    0x60, 0x50, 0x00, 0x14, 0x60, 0x50, 0x00, 0x14, 0x50, 0x48, 0x00, 0x10,
    0x58, 0x44, 0x00, 0x14, 0x58, 0x44, 0x00, 0x10, 0x58, 0x4c, 0x00, 0x10,
    0x48, 0x3c, 0x00, 0x10, 0x50, 0x40, 0x00, 0x10, 0x50, 0x40, 0x00, 0x10,
    0x40, 0x44, 0x00, 0x10, 0x48, 0x44, 0x00, 0x10, 0x48, 0x34, 0x00, 0x0c,
    0x48, 0x38, 0x00, 0x10, 0x38, 0x38, 0x00, 0x0c, 0x38, 0x28, 0x00, 0x0c,
    0x40, 0x28, 0x00, 0x0c, 0x40, 0x2c, 0x00, 0x0c, 0x48, 0x2c, 0x00, 0x0c,
    0x30, 0x34, 0x00, 0x0c, 0x30, 0x18, 0x00, 0x0c, 0x20, 0x1c, 0x00, 0x08,
    0x20, 0x20, 0x00, 0x08, 0x28, 0x28, 0x18, 0x14, 0x28, 0x2c, 0x28, 0xaa,
    0x28, 0x28, 0x28, 0xff, 0x70, 0x5c, 0x18, 0xff, 0x98, 0x7c, 0x10, 0xff,
    0x30, 0x2c, 0x18, 0xff, 0x38, 0x30, 0x18, 0xff, 0xa0, 0x84, 0x10, 0xff,
    0x68, 0x58, 0x10, 0xff, 0x18, 0x18, 0x18, 0xff, 0x70, 0x64, 0x10, 0xff,
    0x98, 0x7c, 0x10, 0xff, 0x30, 0x2c, 0x18, 0xff, 0x38, 0x30, 0x18, 0xff,
    0x78, 0x64, 0x10, 0xff, 0x28, 0x28, 0x20, 0xe3, 0x28, 0x24, 0x28, 0x1c,
    0x00, 0x00, 0x00, 0x00, 0x00, 0x00, 0x00, 0x00, 0x00, 0x00, 0x00, 0x00,
    0x00, 0x00, 0x00, 0x00, 0x00, 0x00, 0x00, 0x00, 0x00, 0x00, 0x00, 0x00,
    0x00, 0x00, 0x00, 0x00, 0x00, 0x00, 0x00, 0x00, 0x00, 0x00, 0x00, 0x00,
    0x00, 0x00, 0x00, 0x00, 0x00, 0x00, 0x00, 0x00, 0x00, 0x00, 0x00, 0x00,
    0x00, 0x00, 0x00, 0x00, 0x00, 0x00, 0x00, 0x00, 0x00, 0x00, 0x00, 0x00,
    0x00, 0x00, 0x00, 0x00, 0x00, 0x00, 0x00, 0x00, 0x00, 0x00, 0x00, 0x00,
    0x00, 0x00, 0x00, 0x00, 0x00, 0x00, 0x00, 0x00, 0x00, 0x00, 0x00, 0x00,
    0x00, 0x00, 0x00, 0x00, 0x00, 0x00, 0x00, 0x00, 0x00, 0x00, 0x00, 0x00,
    0x00, 0x00, 0x00, 0x00, 0x00, 0x00, 0x00, 0x00, 0x00, 0x00, 0x00, 0x00,
    0x00, 0x00, 0x00, 0x00, 0x00, 0x00, 0x00, 0x00, 0x00, 0x00, 0x00, 0x00,
    0x00, 0x00, 0x00, 0x00, 0x00, 0x00, 0x00, 0x00, 0x00, 0x00, 0x00, 0x00,
    0x48, 0x48, 0x48, 0x08, 0x40, 0x3c, 0x40, 0xaa, 0x40, 0x40, 0x28, 0xff,
    0x60, 0x50, 0x10, 0xff, 0x20, 0x1c, 0x18, 0xff, 0x20, 0x20, 0x18, 0xff,
    0x60, 0x58, 0x10, 0xff, 0x30, 0x2c, 0x18, 0xff, 0x18, 0x18, 0x18, 0xff,
    0x40, 0x38, 0x18, 0xff, 0x60, 0x50, 0x10, 0xff, 0x20, 0x1c, 0x18, 0xff,
    0x20, 0x20, 0x18, 0xff, 0x60, 0x58, 0x18, 0xff, 0x40, 0x40, 0x38, 0xff,
    0x38, 0x38, 0x38, 0xaa, 0x30, 0x2c, 0x20, 0x10, 0x20, 0x20, 0x00, 0x08,
    0x18, 0x1c, 0x00, 0x08, 0xb8, 0x98, 0x00, 0x18, 0xf0, 0xc8, 0x00, 0x5d,
    0xc0, 0xa4, 0x00, 0x20, 0x30, 0x2c, 0x00, 0x0c, 0x40, 0x2c, 0x00, 0x0c,
    0x38, 0x28, 0x00, 0x0c, 0x38, 0x3c, 0x00, 0x0c, 0x48, 0x34, 0x00, 0x10,
    0x48, 0x38, 0x00, 0x0c, 0x40, 0x34, 0x00, 0x10, 0x48, 0x44, 0x00, 0x10,
    0x50, 0x40, 0x00, 0x10, 0x48, 0x3c, 0x00, 0x10, 0x58, 0x4c, 0x00, 0x10,
    0x58, 0x4c, 0x00, 0x10, 0x58, 0x44, 0x00, 0x14, 0x50, 0x44, 0x00, 0x14,
    0x60, 0x44, 0x00, 0x14, 0x60, 0x50, 0x00, 0x14, 0x58, 0x4c, 0x00, 0x14,
    0x68, 0x4c, 0x00, 0x14, 0x68, 0x58, 0x00, 0x14, 0x60, 0x54, 0x00, 0x14,
    0x60, 0x54, 0x00, 0x14, 0x68, 0x54, 0x00, 0x14, 0x70, 0x54, 0x00, 0x14,
    0x68, 0x50, 0x00, 0x14, 0x68, 0x5c, 0x00, 0x18, 0x68, 0x5c, 0x00, 0x14,
    0x68, 0x5c, 0x00, 0x18, 0x68, 0x5c, 0x00, 0x18, 0x70, 0x58, 0x00, 0x18,
    0x70, 0x58, 0x00, 0x18, 0x70, 0x58, 0x00, 0x18, 0x70, 0x58, 0x00, 0x18,
    0x70, 0x58, 0x00, 0x18, 0x68, 0x58, 0x00, 0x18, 0x70, 0x58, 0x00, 0x18,
    0x70, 0x58, 0x00, 0x18, 0x70, 0x5c, 0x00, 0x18, 0x68, 0x5c, 0x00, 0x18,
    0x68, 0x5c, 0x00, 0x14, 0x68, 0x5c, 0x00, 0x18, 0x68, 0x50, 0x00, 0x14,
    0x68, 0x54, 0x00, 0x14, 0x70, 0x54, 0x00, 0x14, 0x60, 0x54, 0x00, 0x14,
    0x60, 0x54, 0x00, 0x14, 0x68, 0x58, 0x00, 0x14, 0x58, 0x4c, 0x00, 0x14,
    0x58, 0x4c, 0x00, 0x14, 0x60, 0x50, 0x00, 0x14, 0x60, 0x50, 0x00, 0x14,
    0x60, 0x48, 0x00, 0x10, 0x50, 0x44, 0x00, 0x14, 0x58, 0x4c, 0x00, 0x10,
    0x50, 0x3c, 0x00, 0x10, 0x48, 0x3c, 0x00, 0x10, 0x50, 0x40, 0x00, 0x10,
    0x58, 0x44, 0x00, 0x10, 0x40, 0x44, 0x00, 0x10, 0x48, 0x38, 0x00, 0x0c,
    0x48, 0x34, 0x00, 0x10, 0x38, 0x3c, 0x00, 0x0c, 0x38, 0x28, 0x00, 0x0c,
    0x28, 0x28, 0x00, 0x0c, 0x30, 0x30, 0x00, 0x0c, 0x30, 0x2c, 0x00, 0x0c,
    0x30, 0x18, 0x00, 0x08, 0x30, 0x18, 0x00, 0x08, 0x20, 0x1c, 0x00, 0x08,
    0x20, 0x20, 0x00, 0x08, 0x28, 0x1c, 0x20, 0x18, 0x28, 0x28, 0x28, 0xbe,
    0x38, 0x34, 0x20, 0xff, 0x60, 0x50, 0x18, 0xff, 0x20, 0x1c, 0x18, 0xff,
    0x20, 0x20, 0x18, 0xff, 0x60, 0x58, 0x10, 0xff, 0x30, 0x2c, 0x18, 0xff,
    0x18, 0x18, 0x18, 0xff, 0x40, 0x38, 0x18, 0xff, 0x60, 0x50, 0x10, 0xff,
    0x20, 0x1c, 0x18, 0xff, 0x20, 0x20, 0x18, 0xff, 0x60, 0x54, 0x10, 0xff,
    0x30, 0x2c, 0x20, 0xff, 0x20, 0x24, 0x28, 0x92, 0x00, 0x00, 0x00, 0x00,
    0x00, 0x00, 0x00, 0x00, 0x00, 0x00, 0x00, 0x00, 0x00, 0x00, 0x00, 0x00,
    0x00, 0x00, 0x00, 0x00, 0x00, 0x00, 0x00, 0x00, 0x00, 0x00, 0x00, 0x00,
    0x00, 0x00, 0x00, 0x00, 0x00, 0x00, 0x00, 0x00, 0x00, 0x00, 0x00, 0x00,
    0x00, 0x00, 0x00, 0x00, 0x00, 0x00, 0x00, 0x00, 0x00, 0x00, 0x00, 0x00,
    0x00, 0x00, 0x00, 0x00, 0x00, 0x00, 0x00, 0x00, 0x00, 0x00, 0x00, 0x00,
    0x00, 0x00, 0x00, 0x00, 0x00, 0x00, 0x00, 0x00, 0x00, 0x00, 0x00, 0x00,
    0x00, 0x00, 0x00, 0x00, 0x00, 0x00, 0x00, 0x00, 0x00, 0x00, 0x00, 0x00,
    0x00, 0x00, 0x00, 0x00, 0x00, 0x00, 0x00, 0x00, 0x00, 0x00, 0x00, 0x00,
    0x00, 0x00, 0x00, 0x00, 0x00, 0x00, 0x00, 0x00, 0x00, 0x00, 0x00, 0x00,
    0x00, 0x00, 0x00, 0x00, 0x00, 0x00, 0x00, 0x00, 0x00, 0x00, 0x00, 0x00,
    0x00, 0x00, 0x00, 0x00, 0x00, 0x00, 0x00, 0x00, 0x40, 0x3c, 0x40, 0x49,
    0x38, 0x38, 0x38, 0xf7, 0x18, 0x1c, 0x18, 0xff, 0x18, 0x1c, 0x18, 0xff,
    0x18, 0x1c, 0x18, 0xff, 0x18, 0x18, 0x18, 0xff, 0x18, 0x1c, 0x18, 0xff,
    0x18, 0x1c, 0x18, 0xff, 0x18, 0x18, 0x20, 0xff, 0x18, 0x1c, 0x18, 0xff,
    0x18, 0x18, 0x18, 0xff, 0x18, 0x1c, 0x18, 0xff, 0x18, 0x1c, 0x20, 0xff,
    0x30, 0x34, 0x30, 0xff, 0x38, 0x38, 0x38, 0xc7, 0x38, 0x34, 0x28, 0x20,
    0x20, 0x20, 0x00, 0x08, 0x20, 0x1c, 0x00, 0x08, 0x38, 0x38, 0x00, 0x08,
    0x30, 0x34, 0x00, 0x0c, 0xa0, 0x8c, 0x00, 0x18, 0x30, 0x2c, 0x00, 0x0c,
    0x40, 0x28, 0x00, 0x0c, 0x38, 0x3c, 0x00, 0x0c, 0x38, 0x38, 0x00, 0x0c,
    0x48, 0x38, 0x00, 0x10, 0x40, 0x34, 0x00, 0x10, 0x48, 0x44, 0x00, 0x10,
    0x50, 0x40, 0x00, 0x10, 0x50, 0x3c, 0x00, 0x10, 0x48, 0x4c, 0x00, 0x10,
    0x58, 0x4c, 0x00, 0x10, 0x58, 0x44, 0x00, 0x10, 0x58, 0x44, 0x00, 0x10,
    0x60, 0x50, 0x00, 0x14, 0x58, 0x50, 0x00, 0x14, 0x58, 0x4c, 0x00, 0x14,
    0x68, 0x58, 0x00, 0x14, 0x60, 0x54, 0x00, 0x14, 0x70, 0x54, 0x00, 0x14,
    0x60, 0x54, 0x00, 0x14, 0x68, 0x50, 0x00, 0x14, 0x68, 0x5c, 0x00, 0x18,
    0x68, 0x5c, 0x00, 0x18, 0x70, 0x5c, 0x00, 0x14, 0x70, 0x58, 0x00, 0x18,
    0x70, 0x64, 0x00, 0x18, 0x70, 0x58, 0x00, 0x18, 0x70, 0x64, 0x00, 0x18,
    0x70, 0x64, 0x00, 0x18, 0x70, 0x60, 0x00, 0x18, 0x70, 0x60, 0x00, 0x18,
    0x70, 0x60, 0x00, 0x18, 0x70, 0x60, 0x00, 0x18, 0x70, 0x60, 0x00, 0x18,
    0x70, 0x60, 0x00, 0x18, 0x78, 0x60, 0x00, 0x18, 0x70, 0x60, 0x00, 0x18,
    0x78, 0x64, 0x00, 0x18, 0x70, 0x64, 0x00, 0x18, 0x70, 0x64, 0x00, 0x18,
    0x70, 0x58, 0x00, 0x18, 0x70, 0x58, 0x00, 0x18, 0x70, 0x5c, 0x00, 0x14,
    0x68, 0x5c, 0x00, 0x18, 0x68, 0x5c, 0x00, 0x14, 0x70, 0x60, 0x00, 0x14,
    0x68, 0x54, 0x00, 0x14, 0x60, 0x54, 0x00, 0x14, 0x68, 0x58, 0x00, 0x14,
    0x68, 0x4c, 0x00, 0x14, 0x58, 0x4c, 0x00, 0x14, 0x60, 0x50, 0x00, 0x14,
    0x60, 0x50, 0x00, 0x14, 0x50, 0x44, 0x00, 0x10, 0x58, 0x44, 0x00, 0x14,
    0x58, 0x4c, 0x00, 0x10, 0x48, 0x3c, 0x00, 0x10, 0x50, 0x40, 0x00, 0x10,
    0x50, 0x40, 0x00, 0x10, 0x40, 0x44, 0x00, 0x10, 0x48, 0x34, 0x00, 0x10,
    0x48, 0x34, 0x00, 0x10, 0x38, 0x3c, 0x00, 0x0c, 0x38, 0x38, 0x00, 0x0c,
    0x40, 0x2c, 0x00, 0x0c, 0x48, 0x30, 0x00, 0x0c, 0x30, 0x2c, 0x00, 0x0c,
    0xc0, 0xa4, 0x00, 0x20, 0xd0, 0xac, 0x00, 0x24, 0x20, 0x1c, 0x00, 0x08,
    0x20, 0x20, 0x00, 0x08, 0x28, 0x28, 0x20, 0x24, 0x28, 0x28, 0x28, 0xdb,
    0x20, 0x24, 0x20, 0xff, 0x18, 0x18, 0x18, 0xff, 0x18, 0x1c, 0x18, 0xff,
    0x18, 0x18, 0x18, 0xff, 0x18, 0x1c, 0x20, 0xff, 0x18, 0x1c, 0x18, 0xff,
    0x18, 0x18, 0x18, 0xff, 0x18, 0x1c, 0x18, 0xff, 0x18, 0x18, 0x18, 0xff,
    0x18, 0x1c, 0x18, 0xff, 0x18, 0x18, 0x18, 0xff, 0x18, 0x1c, 0x20, 0xff,
    0x28, 0x24, 0x20, 0xf7, 0x28, 0x28, 0x28, 0x34, 0x00, 0x00, 0x00, 0x00,
    0x00, 0x00, 0x00, 0x00, 0x00, 0x00, 0x00, 0x00, 0x00, 0x00, 0x00, 0x00,
    0x00, 0x00, 0x00, 0x00, 0x00, 0x00, 0x00, 0x00, 0x00, 0x00, 0x00, 0x00,
    0x00, 0x00, 0x00, 0x00, 0x00, 0x00, 0x00, 0x00, 0x00, 0x00, 0x00, 0x00,
    0x00, 0x00, 0x00, 0x00, 0x00, 0x00, 0x00, 0x00, 0x00, 0x00, 0x00, 0x00,
    0x00, 0x00, 0x00, 0x00, 0x00, 0x00, 0x00, 0x00, 0x00, 0x00, 0x00, 0x00,
    0x00, 0x00, 0x00, 0x00, 0x00, 0x00, 0x00, 0x00, 0x00, 0x00, 0x00, 0x00,
    0x00, 0x00, 0x00, 0x00, 0x00, 0x00, 0x00, 0x00, 0x00, 0x00, 0x00, 0x00,
    0x00, 0x00, 0x00, 0x00, 0x00, 0x00, 0x00, 0x00, 0x00, 0x00, 0x00, 0x00,
    0x00, 0x00, 0x00, 0x00, 0x00, 0x00, 0x00, 0x00, 0x00, 0x00, 0x00, 0x00,
    0x00, 0x00, 0x00, 0x00, 0x00, 0x00, 0x00, 0x00, 0x00, 0x00, 0x00, 0x00,
    0x40, 0x44, 0x40, 0x14, 0x40, 0x3c, 0x40, 0xdb, 0x28, 0x28, 0x28, 0xff,
    0x48, 0x40, 0x18, 0xff, 0x68, 0x5c, 0x10, 0xff, 0x20, 0x20, 0x18, 0xff,
    0x28, 0x20, 0x18, 0xff, 0x78, 0x64, 0x10, 0xff, 0x40, 0x34, 0x18, 0xff,
    0x18, 0x1c, 0x18, 0xff, 0x48, 0x40, 0x18, 0xff, 0x70, 0x5c, 0x10, 0xff,
    0x20, 0x20, 0x18, 0xff, 0x30, 0x2c, 0x30, 0xff, 0x38, 0x38, 0x38, 0xe7,
    0x38, 0x3c, 0x38, 0x28, 0x40, 0x20, 0x00, 0x08, 0x38, 0x1c, 0x00, 0x08,
    0x38, 0x38, 0x00, 0x08, 0x30, 0x34, 0x00, 0x0c, 0x30, 0x2c, 0x00, 0x0c,
    0x48, 0x2c, 0x00, 0x0c, 0x40, 0x2c, 0x00, 0x0c, 0x38, 0x3c, 0x00, 0x0c,
    0x50, 0x38, 0x00, 0x0c, 0x48, 0x34, 0x00, 0x10, 0x40, 0x34, 0x00, 0x10,
    0x48, 0x44, 0x00, 0x10, 0x50, 0x40, 0x00, 0x10, 0x50, 0x40, 0x00, 0x10,
    0x58, 0x48, 0x00, 0x10, 0x58, 0x4c, 0x00, 0x10, 0x60, 0x54, 0x00, 0x14,
    0x60, 0x54, 0x00, 0x14, 0x60, 0x50, 0x00, 0x14, 0x60, 0x50, 0x00, 0x14,
    0x68, 0x58, 0x00, 0x14, 0x68, 0x58, 0x00, 0x14, 0x68, 0x54, 0x00, 0x14,
    0x70, 0x60, 0x00, 0x14, 0x68, 0x60, 0x00, 0x14, 0x68, 0x5c, 0x00, 0x14,
    0x70, 0x5c, 0x00, 0x18, 0x70, 0x5c, 0x00, 0x14, 0x70, 0x64, 0x00, 0x18,
    0x78, 0x64, 0x00, 0x18, 0x78, 0x64, 0x00, 0x18, 0x78, 0x64, 0x00, 0x18,
    0x70, 0x60, 0x00, 0x18, 0x70, 0x60, 0x00, 0x18, 0x70, 0x60, 0x00, 0x18,
    0x80, 0x68, 0x00, 0x18, 0x80, 0x68, 0x00, 0x18, 0x80, 0x6c, 0x00, 0x18,
    0x80, 0x68, 0x00, 0x18, 0x80, 0x68, 0x00, 0x18, 0x80, 0x6c, 0x00, 0x18,
    0x80, 0x68, 0x00, 0x18, 0x80, 0x68, 0x00, 0x18, 0x80, 0x6c, 0x00, 0x18,
    0x70, 0x60, 0x00, 0x18, 0x70, 0x60, 0x00, 0x18, 0x78, 0x64, 0x00, 0x18,
    0x78, 0x64, 0x00, 0x18, 0x70, 0x64, 0x00, 0x18, 0x70, 0x64, 0x00, 0x18,
    0x70, 0x5c, 0x00, 0x18, 0x70, 0x5c, 0x00, 0x14, 0x70, 0x5c, 0x00, 0x18,
    0x70, 0x60, 0x00, 0x14, 0x68, 0x54, 0x00, 0x14, 0x60, 0x54, 0x00, 0x14,
    0x68, 0x58, 0x00, 0x14, 0x68, 0x58, 0x00, 0x14, 0x68, 0x50, 0x00, 0x14,
    0x60, 0x50, 0x00, 0x14, 0x60, 0x54, 0x00, 0x10, 0x58, 0x44, 0x00, 0x14,
    0x58, 0x4c, 0x00, 0x10, 0x58, 0x4c, 0x00, 0x10, 0x50, 0x40, 0x00, 0x10,
    0x50, 0x40, 0x00, 0x10, 0x58, 0x44, 0x00, 0x10, 0x48, 0x44, 0x00, 0x10,
    0x48, 0x34, 0x00, 0x0c, 0x50, 0x3c, 0x00, 0x0c, 0x38, 0x38, 0x00, 0x0c,
    0x40, 0x2c, 0x00, 0x0c, 0x40, 0x40, 0x00, 0x0c, 0xe0, 0xb8, 0x00, 0x38,
    0xf0, 0xc8, 0x00, 0x61, 0xc0, 0xa0, 0x00, 0x18, 0x38, 0x1c, 0x00, 0x08,
    0x20, 0x20, 0x00, 0x08, 0x28, 0x2c, 0x28, 0x3c, 0x28, 0x28, 0x28, 0xf3,
    0x20, 0x20, 0x20, 0xff, 0x28, 0x20, 0x18, 0xff, 0x78, 0x64, 0x10, 0xff,
    0x40, 0x34, 0x18, 0xff, 0x18, 0x18, 0x18, 0xff, 0x48, 0x40, 0x18, 0xff,
    0x68, 0x5c, 0x10, 0xff, 0x20, 0x20, 0x18, 0xff, 0x28, 0x20, 0x18, 0xff,
    0x70, 0x64, 0x10, 0xff, 0x40, 0x34, 0x18, 0xff, 0x20, 0x20, 0x20, 0xff,
    0x28, 0x24, 0x28, 0xc3, 0x20, 0x20, 0x20, 0x08, 0x00, 0x00, 0x00, 0x00,
    0x00, 0x00, 0x00, 0x00, 0x00, 0x00, 0x00, 0x00, 0x00, 0x00, 0x00, 0x00,
    0x00, 0x00, 0x00, 0x00, 0x00, 0x00, 0x00, 0x00, 0x00, 0x00, 0x00, 0x00,
    0x00, 0x00, 0x00, 0x00, 0x00, 0x00, 0x00, 0x00, 0x00, 0x00, 0x00, 0x00,
    0x00, 0x00, 0x00, 0x00, 0x00, 0x00, 0x00, 0x00, 0x00, 0x00, 0x00, 0x00,
    0x00, 0x00, 0x00, 0x00, 0x00, 0x00, 0x00, 0x00, 0x00, 0x00, 0x00, 0x00,
    0x00, 0x00, 0x00, 0x00, 0x00, 0x00, 0x00, 0x00, 0x00, 0x00, 0x00, 0x00,
    0x00, 0x00, 0x00, 0x00, 0x00, 0x00, 0x00, 0x00, 0x00, 0x00, 0x00, 0x00,
    0x00, 0x00, 0x00, 0x00, 0x00, 0x00, 0x00, 0x00, 0x00, 0x00, 0x00, 0x00,
    0x00, 0x00, 0x00, 0x00, 0x00, 0x00, 0x00, 0x00, 0x00, 0x00, 0x00, 0x00,
    0x00, 0x00, 0x00, 0x00, 0x00, 0x00, 0x00, 0x00, 0x38, 0x3c, 0x38, 0x71,
    0x38, 0x38, 0x38, 0xfb, 0x18, 0x1c, 0x18, 0xff, 0x68, 0x5c, 0x10, 0xff,
    0x90, 0x78, 0x10, 0xff, 0x30, 0x28, 0x18, 0xff, 0x30, 0x2c, 0x18, 0xff,
    0x98, 0x7c, 0x10, 0xff, 0x60, 0x50, 0x10, 0xff, 0x18, 0x1c, 0x18, 0xff,
    0x70, 0x5c, 0x10, 0xff, 0x90, 0x78, 0x10, 0xff, 0x38, 0x30, 0x20, 0xff,
    0x38, 0x38, 0x38, 0xf7, 0x38, 0x38, 0x38, 0x59, 0x20, 0x1c, 0x00, 0x08,
    0x38, 0x1c, 0x00, 0x08, 0x68, 0x54, 0x00, 0x0c, 0x30, 0x34, 0x00, 0x0c,
    0x48, 0x2c, 0x00, 0x0c, 0x48, 0x2c, 0x00, 0x0c, 0x40, 0x2c, 0x00, 0x0c,
    0x38, 0x3c, 0x00, 0x0c, 0x50, 0x38, 0x00, 0x0c, 0x48, 0x38, 0x00, 0x10,
    0x40, 0x44, 0x00, 0x10, 0x58, 0x44, 0x00, 0x0c, 0x50, 0x40, 0x00, 0x10,
    0x50, 0x40, 0x00, 0x10, 0x58, 0x48, 0x00, 0x10, 0x50, 0x44, 0x00, 0x10,
    0x68, 0x54, 0x00, 0x10, 0x60, 0x50, 0x00, 0x14, 0x68, 0x50, 0x00, 0x14,
    0x68, 0x4c, 0x00, 0x14, 0x68, 0x58, 0x00, 0x14, 0x60, 0x54, 0x00, 0x14,
    0x68, 0x54, 0x00, 0x14, 0x70, 0x64, 0x00, 0x14, 0x70, 0x5c, 0x00, 0x18,
    0x70, 0x5c, 0x00, 0x18, 0x70, 0x58, 0x00, 0x18, 0x70, 0x64, 0x00, 0x18,
    0x78, 0x64, 0x00, 0x18, 0x78, 0x60, 0x00, 0x18, 0x80, 0x68, 0x00, 0x18,
    0x80, 0x6c, 0x00, 0x18, 0x80, 0x68, 0x00, 0x18, 0x78, 0x64, 0x00, 0x18,
    0x78, 0x64, 0x00, 0x18, 0x78, 0x64, 0x00, 0x18, 0x78, 0x64, 0x00, 0x18,
    0x88, 0x70, 0x00, 0x18, 0x88, 0x70, 0x00, 0x18, 0x80, 0x70, 0x00, 0x18,
    0x88, 0x64, 0x00, 0x18, 0x80, 0x64, 0x00, 0x18, 0x78, 0x64, 0x00, 0x18,
    0x78, 0x64, 0x00, 0x18, 0x88, 0x70, 0x00, 0x18, 0x78, 0x64, 0x00, 0x18,
    0x78, 0x64, 0x00, 0x18, 0x80, 0x68, 0x00, 0x18, 0x80, 0x6c, 0x00, 0x18,
    0x70, 0x60, 0x00, 0x18, 0x70, 0x60, 0x00, 0x18, 0x78, 0x64, 0x00, 0x18,
    0x78, 0x64, 0x00, 0x18, 0x70, 0x64, 0x00, 0x18, 0x70, 0x5c, 0x00, 0x18,
    0x70, 0x5c, 0x00, 0x14, 0x70, 0x64, 0x00, 0x14, 0x68, 0x54, 0x00, 0x14,
    0x68, 0x54, 0x00, 0x14, 0x68, 0x58, 0x00, 0x14, 0x68, 0x58, 0x00, 0x14,
    0x60, 0x50, 0x00, 0x14, 0x60, 0x50, 0x00, 0x14, 0x50, 0x44, 0x00, 0x10,
    0x58, 0x4c, 0x00, 0x10, 0x58, 0x48, 0x00, 0x10, 0x60, 0x50, 0x00, 0x10,
    0x50, 0x40, 0x00, 0x10, 0x58, 0x44, 0x00, 0x10, 0x40, 0x44, 0x00, 0x10,
    0x48, 0x34, 0x00, 0x10, 0x38, 0x38, 0x00, 0x0c, 0x38, 0x3c, 0x00, 0x0c,
    0x40, 0x40, 0x00, 0x0c, 0x50, 0x38, 0x00, 0x0c, 0xe0, 0xb8, 0x00, 0x3c,
    0xc0, 0x98, 0x00, 0x1c, 0x38, 0x1c, 0x00, 0x08, 0x18, 0x1c, 0x00, 0x0c,
    0x30, 0x18, 0x00, 0x0c, 0x28, 0x28, 0x28, 0x79, 0x28, 0x28, 0x28, 0xfb,
    0x38, 0x30, 0x18, 0xff, 0x98, 0x80, 0x10, 0xff, 0x60, 0x50, 0x10, 0xff,
    0x18, 0x1c, 0x18, 0xff, 0x70, 0x5c, 0x10, 0xff, 0x90, 0x78, 0x10, 0xff,
    0x30, 0x28, 0x18, 0xff, 0x30, 0x30, 0x18, 0xff, 0x98, 0x7c, 0x10, 0xff,
    0x60, 0x50, 0x10, 0xff, 0x18, 0x1c, 0x18, 0xff, 0x28, 0x28, 0x20, 0xfb,
    0x28, 0x24, 0x28, 0x51, 0x00, 0x00, 0x00, 0x00, 0x00, 0x00, 0x00, 0x00,
    0x00, 0x00, 0x00, 0x00, 0x00, 0x00, 0x00, 0x00, 0x00, 0x00, 0x00, 0x00,
    0x00, 0x00, 0x00, 0x00, 0x00, 0x00, 0x00, 0x00, 0x00, 0x00, 0x00, 0x00,
    0x00, 0x00, 0x00, 0x00, 0x00, 0x00, 0x00, 0x00, 0x00, 0x00, 0x00, 0x00,
    0x00, 0x00, 0x00, 0x00, 0x00, 0x00, 0x00, 0x00, 0x00, 0x00, 0x00, 0x00,
    0x00, 0x00, 0x00, 0x00, 0x00, 0x00, 0x00, 0x00, 0x00, 0x00, 0x00, 0x00,
    0x00, 0x00, 0x00, 0x00, 0x00, 0x00, 0x00, 0x00, 0x00, 0x00, 0x00, 0x00,
    0x00, 0x00, 0x00, 0x00, 0x00, 0x00, 0x00, 0x00, 0x00, 0x00, 0x00, 0x00,
    0x00, 0x00, 0x00, 0x00, 0x00, 0x00, 0x00, 0x00, 0x00, 0x00, 0x00, 0x00,
    0x00, 0x00, 0x00, 0x00, 0x00, 0x00, 0x00, 0x00, 0x00, 0x00, 0x00, 0x00,
    0x40, 0x3c, 0x38, 0x14, 0x38, 0x3c, 0x40, 0xe7, 0x28, 0x24, 0x20, 0xff,
    0x18, 0x18, 0x18, 0xff, 0x20, 0x20, 0x18, 0xff, 0x30, 0x28, 0x18, 0xff,
    0x18, 0x1c, 0x18, 0xff, 0x18, 0x1c, 0x18, 0xff, 0x30, 0x28, 0x18, 0xff,
    0x20, 0x1c, 0x20, 0xff, 0x18, 0x1c, 0x18, 0xff, 0x20, 0x20, 0x18, 0xff,
    0x30, 0x2c, 0x18, 0xff, 0x30, 0x34, 0x38, 0xff, 0x38, 0x3c, 0x38, 0xa6,
    0x30, 0x30, 0x18, 0x0c, 0x38, 0x1c, 0x00, 0x08, 0x38, 0x38, 0x00, 0x08,
    0xe8, 0xc0, 0x00, 0x49, 0xc0, 0xa0, 0x00, 0x20, 0x48, 0x30, 0x00, 0x0c,
    0x40, 0x28, 0x00, 0x0c, 0x38, 0x3c, 0x00, 0x0c, 0x50, 0x38, 0x00, 0x0c,
    0x48, 0x34, 0x00, 0x0c, 0x50, 0x44, 0x00, 0x10, 0x58, 0x44, 0x00, 0x10,
    0x50, 0x40, 0x00, 0x10, 0x50, 0x50, 0x00, 0x10, 0x58, 0x4c, 0x00, 0x10,
    0x50, 0x44, 0x00, 0x10, 0x60, 0x54, 0x00, 0x14, 0x60, 0x50, 0x00, 0x14,
    0x68, 0x5c, 0x00, 0x14, 0x68, 0x58, 0x00, 0x14, 0x68, 0x58, 0x00, 0x14,
    0x68, 0x54, 0x00, 0x14, 0x68, 0x5c, 0x00, 0x14, 0x70, 0x5c, 0x00, 0x14,
    0x70, 0x5c, 0x00, 0x18, 0x78, 0x64, 0x00, 0x18, 0x78, 0x64, 0x00, 0x18,
    0x78, 0x60, 0x00, 0x18, 0x70, 0x6c, 0x00, 0x18, 0x80, 0x68, 0x00, 0x18,
    0x78, 0x64, 0x00, 0x18, 0x78, 0x64, 0x00, 0x18, 0x80, 0x70, 0x00, 0x18,
    0x88, 0x70, 0x00, 0x18, 0x80, 0x6c, 0x00, 0x18, 0x80, 0x6c, 0x00, 0x18,
    0x80, 0x6c, 0x00, 0x1c, 0x88, 0x6c, 0x00, 0x18, 0x88, 0x6c, 0x00, 0x18,
    0x88, 0x6c, 0x00, 0x1c, 0x88, 0x6c, 0x00, 0x1c, 0x88, 0x6c, 0x00, 0x18,
    0x88, 0x6c, 0x00, 0x1c, 0x88, 0x6c, 0x00, 0x1c, 0x88, 0x6c, 0x00, 0x18,
    0x80, 0x6c, 0x00, 0x1c, 0x80, 0x6c, 0x00, 0x18, 0x80, 0x6c, 0x00, 0x18,
    0x88, 0x70, 0x00, 0x18, 0x80, 0x70, 0x00, 0x18, 0x78, 0x64, 0x00, 0x18,
    0x78, 0x64, 0x00, 0x18, 0x80, 0x68, 0x00, 0x18, 0x80, 0x6c, 0x00, 0x18,
    0x78, 0x60, 0x00, 0x18, 0x78, 0x64, 0x00, 0x18, 0x70, 0x64, 0x00, 0x18,
    0x70, 0x5c, 0x00, 0x18, 0x70, 0x5c, 0x00, 0x18, 0x70, 0x60, 0x00, 0x14,
    0x70, 0x64, 0x00, 0x14, 0x70, 0x58, 0x00, 0x14, 0x68, 0x58, 0x00, 0x14,
    0x68, 0x50, 0x00, 0x14, 0x60, 0x50, 0x00, 0x14, 0x68, 0x54, 0x00, 0x14,
    0x58, 0x4c, 0x00, 0x10, 0x58, 0x4c, 0x00, 0x10, 0x60, 0x4c, 0x00, 0x10,
    0x50, 0x40, 0x00, 0x10, 0x58, 0x44, 0x00, 0x10, 0x40, 0x44, 0x00, 0x10,
    0x48, 0x38, 0x00, 0x10, 0x38, 0x38, 0x00, 0x0c, 0x50, 0x38, 0x00, 0x0c,
    0x40, 0x40, 0x00, 0x0c, 0x40, 0x30, 0x00, 0x0c, 0x30, 0x30, 0x00, 0x0c,
    0x30, 0x34, 0x00, 0x0c, 0x38, 0x38, 0x00, 0x08, 0x20, 0x20, 0x00, 0x08,
    0x28, 0x28, 0x20, 0x14, 0x28, 0x28, 0x28, 0xba, 0x20, 0x24, 0x28, 0xff,
    0x30, 0x2c, 0x18, 0xff, 0x20, 0x1c, 0x18, 0xff, 0x18, 0x1c, 0x18, 0xff,
    0x20, 0x20, 0x18, 0xff, 0x30, 0x28, 0x18, 0xff, 0x18, 0x18, 0x20, 0xff,
    0x18, 0x1c, 0x18, 0xff, 0x30, 0x2c, 0x18, 0xff, 0x20, 0x1c, 0x18, 0xff,
    0x18, 0x1c, 0x18, 0xff, 0x20, 0x1c, 0x20, 0xff, 0x20, 0x24, 0x28, 0xcb,
    0x20, 0x24, 0x20, 0x10, 0x00, 0x00, 0x00, 0x00, 0x00, 0x00, 0x00, 0x00,
    0x00, 0x00, 0x00, 0x00, 0x00, 0x00, 0x00, 0x00, 0x00, 0x00, 0x00, 0x00,
    0x00, 0x00, 0x00, 0x00, 0x00, 0x00, 0x00, 0x00, 0x00, 0x00, 0x00, 0x00,
    0x00, 0x00, 0x00, 0x00, 0x00, 0x00, 0x00, 0x00, 0x00, 0x00, 0x00, 0x00,
    0x00, 0x00, 0x00, 0x00, 0x00, 0x00, 0x00, 0x00, 0x00, 0x00, 0x00, 0x00,
    0x00, 0x00, 0x00, 0x00, 0x00, 0x00, 0x00, 0x00, 0x00, 0x00, 0x00, 0x00,
    0x00, 0x00, 0x00, 0x00, 0x00, 0x00, 0x00, 0x00, 0x00, 0x00, 0x00, 0x00,
    0x00, 0x00, 0x00, 0x00, 0x00, 0x00, 0x00, 0x00, 0x00, 0x00, 0x00, 0x00,
    0x00, 0x00, 0x00, 0x00, 0x00, 0x00, 0x00, 0x00, 0x00, 0x00, 0x00, 0x00,
    0x00, 0x00, 0x00, 0x00, 0x00, 0x00, 0x00, 0x00, 0x40, 0x3c, 0x40, 0x69,
    0x40, 0x3c, 0x38, 0xff, 0x20, 0x20, 0x18, 0xff, 0x18, 0x1c, 0x18, 0xff,
    0x28, 0x20, 0x18, 0xff, 0x30, 0x2c, 0x18, 0xff, 0x18, 0x1c, 0x18, 0xff,
    0x18, 0x18, 0x18, 0xff, 0x38, 0x30, 0x18, 0xff, 0x20, 0x20, 0x18, 0xff,
    0x18, 0x18, 0x18, 0xff, 0x20, 0x20, 0x18, 0xff, 0x30, 0x30, 0x30, 0xff,
    0x38, 0x3c, 0x38, 0xe3, 0x38, 0x30, 0x30, 0x24, 0x20, 0x20, 0x00, 0x08,
    0x30, 0x34, 0x00, 0x0c, 0xe0, 0xb8, 0x00, 0x38, 0xf0, 0xc8, 0x00, 0x5d,
    0x78, 0x68, 0x00, 0x10, 0x40, 0x2c, 0x00, 0x0c, 0x40, 0x2c, 0x00, 0x0c,
    0x38, 0x38, 0x00, 0x0c, 0x38, 0x38, 0x00, 0x0c, 0x40, 0x34, 0x00, 0x10,
    0x40, 0x34, 0x00, 0x10, 0x50, 0x40, 0x00, 0x10, 0x50, 0x3c, 0x00, 0x10,
    0x48, 0x4c, 0x00, 0x10, 0x58, 0x44, 0x00, 0x10, 0x58, 0x48, 0x00, 0x14,
    0x60, 0x44, 0x00, 0x14, 0x60, 0x50, 0x00, 0x14, 0x68, 0x4c, 0x00, 0x14,
    0x68, 0x58, 0x00, 0x14, 0x60, 0x54, 0x00, 0x14, 0x68, 0x54, 0x00, 0x14,
    0x68, 0x50, 0x00, 0x18, 0x68, 0x5c, 0x00, 0x18, 0x70, 0x58, 0x00, 0x18,
    0x70, 0x64, 0x00, 0x14, 0x78, 0x60, 0x00, 0x18, 0x70, 0x60, 0x00, 0x18,
    0x78, 0x64, 0x00, 0x18, 0x78, 0x64, 0x00, 0x18, 0x78, 0x64, 0x00, 0x18,
    0x78, 0x64, 0x00, 0x1c, 0x80, 0x6c, 0x00, 0x18, 0x80, 0x6c, 0x00, 0x1c,
    0x80, 0x6c, 0x00, 0x1c, 0x88, 0x6c, 0x00, 0x18, 0x88, 0x6c, 0x00, 0x1c,
    0x88, 0x68, 0x00, 0x1c, 0x80, 0x68, 0x00, 0x1c, 0x88, 0x68, 0x00, 0x1c,
    0x88, 0x70, 0x00, 0x1c, 0x80, 0x68, 0x00, 0x1c, 0x88, 0x68, 0x00, 0x1c,
    0x88, 0x68, 0x00, 0x1c, 0x88, 0x68, 0x00, 0x1c, 0x88, 0x6c, 0x00, 0x18,
    0x80, 0x6c, 0x00, 0x1c, 0x80, 0x6c, 0x00, 0x1c, 0x80, 0x6c, 0x00, 0x18,
    0x80, 0x60, 0x00, 0x1c, 0x80, 0x60, 0x00, 0x18, 0x78, 0x64, 0x00, 0x18,
    0x78, 0x64, 0x00, 0x18, 0x78, 0x60, 0x00, 0x18, 0x78, 0x60, 0x00, 0x18,
    0x70, 0x60, 0x00, 0x18, 0x70, 0x58, 0x00, 0x18, 0x70, 0x58, 0x00, 0x18,
    0x70, 0x5c, 0x00, 0x14, 0x68, 0x5c, 0x00, 0x18, 0x70, 0x54, 0x00, 0x14,
    0x60, 0x54, 0x00, 0x14, 0x68, 0x4c, 0x00, 0x14, 0x58, 0x4c, 0x00, 0x14,
    0x60, 0x50, 0x00, 0x14, 0x60, 0x50, 0x00, 0x14, 0x50, 0x44, 0x00, 0x10,
    0x58, 0x4c, 0x00, 0x10, 0x48, 0x3c, 0x00, 0x10, 0x50, 0x40, 0x00, 0x10,
    0x40, 0x40, 0x00, 0x10, 0x48, 0x44, 0x00, 0x10, 0x48, 0x34, 0x00, 0x0c,
    0x48, 0x38, 0x00, 0x10, 0x38, 0x28, 0x00, 0x0c, 0x40, 0x28, 0x00, 0x0c,
    0x28, 0x28, 0x00, 0x0c, 0x30, 0x30, 0x00, 0x0c, 0x30, 0x34, 0x00, 0x08,
    0x38, 0x18, 0x00, 0x08, 0x20, 0x1c, 0x00, 0x08, 0x20, 0x20, 0x00, 0x08,
    0x20, 0x24, 0x20, 0x2c, 0x28, 0x28, 0x28, 0xe7, 0x28, 0x28, 0x20, 0xff,
    0x20, 0x20, 0x18, 0xff, 0x18, 0x18, 0x20, 0xff, 0x20, 0x20, 0x18, 0xff,
    0x30, 0x30, 0x18, 0xff, 0x18, 0x18, 0x18, 0xff, 0x18, 0x18, 0x18, 0xff,
    0x38, 0x30, 0x18, 0xff, 0x20, 0x20, 0x18, 0xff, 0x18, 0x1c, 0x18, 0xff,
    0x20, 0x24, 0x18, 0xff, 0x28, 0x28, 0x20, 0xf7, 0x28, 0x24, 0x20, 0x55,
    0x00, 0x00, 0x00, 0x00, 0x00, 0x00, 0x00, 0x00, 0x00, 0x00, 0x00, 0x00,
    0x00, 0x00, 0x00, 0x00, 0x00, 0x00, 0x00, 0x00, 0x00, 0x00, 0x00, 0x00,
    0x00, 0x00, 0x00, 0x00, 0x00, 0x00, 0x00, 0x00, 0x00, 0x00, 0x00, 0x00,
    0x00, 0x00, 0x00, 0x00, 0x00, 0x00, 0x00, 0x00, 0x00, 0x00, 0x00, 0x00,
    0x00, 0x00, 0x00, 0x00, 0x00, 0x00, 0x00, 0x00, 0x00, 0x00, 0x00, 0x00,
    0x00, 0x00, 0x00, 0x00, 0x00, 0x00, 0x00, 0x00, 0x00, 0x00, 0x00, 0x00,
    0x00, 0x00, 0x00, 0x00, 0x00, 0x00, 0x00, 0x00, 0x00, 0x00, 0x00, 0x00,
    0x00, 0x00, 0x00, 0x00, 0x00, 0x00, 0x00, 0x00, 0x00, 0x00, 0x00, 0x00,
    0x00, 0x00, 0x00, 0x00, 0x00, 0x00, 0x00, 0x00, 0x00, 0x00, 0x00, 0x00,
    0x30, 0x2c, 0x30, 0x0c, 0x38, 0x3c, 0x38, 0xdb, 0x88, 0x74, 0x18, 0xff,
    0x68, 0x58, 0x10, 0xff, 0x18, 0x1c, 0x18, 0xff, 0x78, 0x60, 0x10, 0xff,
    0x98, 0x80, 0x10, 0xff, 0x30, 0x28, 0x18, 0xff, 0x38, 0x30, 0x18, 0xff,
    0xa0, 0x84, 0x10, 0xff, 0x68, 0x58, 0x10, 0xff, 0x18, 0x1c, 0x18, 0xff,
    0x60, 0x50, 0x20, 0xff, 0x40, 0x3c, 0x38, 0xf7, 0x38, 0x38, 0x38, 0x55,
    0x20, 0x20, 0x00, 0x08, 0x20, 0x1c, 0x00, 0x08, 0x38, 0x1c, 0x00, 0x08,
    0xc0, 0x9c, 0x00, 0x1c, 0xc8, 0xa4, 0x00, 0x24, 0x40, 0x2c, 0x00, 0x0c,
    0x40, 0x28, 0x00, 0x0c, 0x38, 0x38, 0x00, 0x0c, 0x38, 0x38, 0x00, 0x0c,
    0x48, 0x34, 0x00, 0x10, 0x40, 0x34, 0x00, 0x10, 0x50, 0x40, 0x00, 0x10,
    0x50, 0x40, 0x00, 0x10, 0x58, 0x4c, 0x00, 0x10, 0x50, 0x44, 0x00, 0x10,
    0x50, 0x44, 0x00, 0x14, 0x60, 0x50, 0x00, 0x14, 0x58, 0x4c, 0x00, 0x14,
    0x68, 0x4c, 0x00, 0x14, 0x60, 0x54, 0x00, 0x14, 0x68, 0x54, 0x00, 0x14,
    0x68, 0x5c, 0x00, 0x14, 0x70, 0x5c, 0x00, 0x18, 0x70, 0x58, 0x00, 0x18,
    0x70, 0x64, 0x00, 0x18, 0x78, 0x60, 0x00, 0x18, 0x70, 0x60, 0x00, 0x18,
    0x78, 0x64, 0x00, 0x18, 0x78, 0x64, 0x00, 0x18, 0x88, 0x64, 0x00, 0x18,
    0x80, 0x64, 0x00, 0x18, 0x80, 0x6c, 0x00, 0x1c, 0x88, 0x6c, 0x00, 0x18,
    0x80, 0x68, 0x00, 0x1c, 0x88, 0x70, 0x00, 0x1c, 0x80, 0x70, 0x00, 0x1c,
    0x90, 0x70, 0x00, 0x1c, 0x90, 0x70, 0x00, 0x1c, 0x88, 0x6c, 0x00, 0x1c,
    0x88, 0x6c, 0x00, 0x1c, 0x88, 0x6c, 0x00, 0x1c, 0x88, 0x74, 0x00, 0x1c,
    0x88, 0x6c, 0x00, 0x1c, 0x88, 0x6c, 0x00, 0x1c, 0x88, 0x6c, 0x00, 0x1c,
    0x88, 0x6c, 0x00, 0x1c, 0x90, 0x70, 0x00, 0x1c, 0x80, 0x70, 0x00, 0x1c,
    0x80, 0x70, 0x00, 0x1c, 0x88, 0x70, 0x00, 0x1c, 0x88, 0x68, 0x00, 0x1c,
    0x80, 0x6c, 0x00, 0x1c, 0x80, 0x6c, 0x00, 0x18, 0x80, 0x6c, 0x00, 0x1c,
    0x78, 0x64, 0x00, 0x18, 0x78, 0x64, 0x00, 0x18, 0x78, 0x64, 0x00, 0x18,
    0x78, 0x60, 0x00, 0x18, 0x78, 0x60, 0x00, 0x18, 0x78, 0x64, 0x00, 0x18,
    0x70, 0x58, 0x00, 0x18, 0x70, 0x5c, 0x00, 0x14, 0x68, 0x5c, 0x00, 0x18,
    0x68, 0x54, 0x00, 0x14, 0x60, 0x54, 0x00, 0x14, 0x58, 0x4c, 0x00, 0x14,
    0x58, 0x4c, 0x00, 0x14, 0x60, 0x50, 0x00, 0x14, 0x58, 0x44, 0x00, 0x14,
    0x58, 0x4c, 0x00, 0x10, 0x48, 0x3c, 0x00, 0x10, 0x50, 0x40, 0x00, 0x10,
    0x40, 0x40, 0x00, 0x10, 0x40, 0x44, 0x00, 0x10, 0x48, 0x34, 0x00, 0x0c,
    0x48, 0x38, 0x00, 0x10, 0x38, 0x3c, 0x00, 0x0c, 0x40, 0x28, 0x00, 0x0c,
    0x28, 0x28, 0x00, 0x0c, 0x30, 0x2c, 0x00, 0x0c, 0x30, 0x34, 0x00, 0x0c,
    0x78, 0x64, 0x00, 0x10, 0x20, 0x1c, 0x00, 0x08, 0x20, 0x20, 0x00, 0x08,
    0x28, 0x24, 0x28, 0x69, 0x30, 0x30, 0x20, 0xff, 0x58, 0x48, 0x18, 0xff,
    0x18, 0x18, 0x18, 0xff, 0x78, 0x64, 0x10, 0xff, 0x98, 0x80, 0x10, 0xff,
    0x30, 0x2c, 0x18, 0xff, 0x38, 0x30, 0x18, 0xff, 0xa0, 0x84, 0x10, 0xff,
    0x68, 0x58, 0x10, 0xff, 0x18, 0x18, 0x18, 0xff, 0x70, 0x60, 0x10, 0xff,
    0x70, 0x60, 0x18, 0xff, 0x28, 0x24, 0x20, 0xd7, 0x18, 0x1c, 0x20, 0x08,
    0x00, 0x00, 0x00, 0x00, 0x00, 0x00, 0x00, 0x00, 0x00, 0x00, 0x00, 0x00,
    0x00, 0x00, 0x00, 0x00, 0x00, 0x00, 0x00, 0x00, 0x00, 0x00, 0x00, 0x00,
    0x00, 0x00, 0x00, 0x00, 0x00, 0x00, 0x00, 0x00, 0x00, 0x00, 0x00, 0x00,
    0x00, 0x00, 0x00, 0x00, 0x00, 0x00, 0x00, 0x00, 0x00, 0x00, 0x00, 0x00,
    0x00, 0x00, 0x00, 0x00, 0x00, 0x00, 0x00, 0x00, 0x00, 0x00, 0x00, 0x00,
    0x00, 0x00, 0x00, 0x00, 0x00, 0x00, 0x00, 0x00, 0x00, 0x00, 0x00, 0x00,
    0x00, 0x00, 0x00, 0x00, 0x00, 0x00, 0x00, 0x00, 0x00, 0x00, 0x00, 0x00,
    0x00, 0x00, 0x00, 0x00, 0x00, 0x00, 0x00, 0x00, 0x00, 0x00, 0x00, 0x00,
    0x00, 0x00, 0x00, 0x00, 0x00, 0x00, 0x00, 0x00, 0x40, 0x3c, 0x40, 0x6d,
    0x30, 0x34, 0x30, 0xff, 0x68, 0x58, 0x10, 0xff, 0x30, 0x2c, 0x18, 0xff,
    0x18, 0x18, 0x18, 0xff, 0x40, 0x38, 0x18, 0xff, 0x60, 0x50, 0x10, 0xff,
    0x20, 0x1c, 0x18, 0xff, 0x20, 0x20, 0x18, 0xff, 0x60, 0x58, 0x10, 0xff,
    0x30, 0x30, 0x18, 0xff, 0x18, 0x18, 0x18, 0xff, 0x38, 0x3c, 0x38, 0xff,
    0x38, 0x38, 0x38, 0xb2, 0x38, 0x24, 0x10, 0x10, 0x20, 0x20, 0x00, 0x08,
    0x18, 0x1c, 0x00, 0x08, 0x30, 0x18, 0x00, 0x0c, 0x30, 0x30, 0x00, 0x0c,
    0x30, 0x2c, 0x00, 0x0c, 0x40, 0x2c, 0x00, 0x0c, 0x38, 0x38, 0x00, 0x0c,
    0x50, 0x3c, 0x00, 0x0c, 0x48, 0x34, 0x00, 0x10, 0x40, 0x34, 0x00, 0x10,
    0x50, 0x40, 0x00, 0x10, 0x50, 0x3c, 0x00, 0x10, 0x48, 0x4c, 0x00, 0x10,
    0x58, 0x44, 0x00, 0x14, 0x58, 0x48, 0x00, 0x10, 0x60, 0x44, 0x00, 0x14,
    0x58, 0x4c, 0x00, 0x14, 0x68, 0x4c, 0x00, 0x14, 0x60, 0x54, 0x00, 0x14,
    0x68, 0x54, 0x00, 0x14, 0x68, 0x5c, 0x00, 0x18, 0x70, 0x5c, 0x00, 0x14,
    0x70, 0x58, 0x00, 0x18, 0x68, 0x60, 0x00, 0x18, 0x70, 0x60, 0x00, 0x18,
    0x80, 0x68, 0x00, 0x18, 0x78, 0x64, 0x00, 0x18, 0x80, 0x60, 0x00, 0x18,
    0x80, 0x6c, 0x00, 0x1c, 0x80, 0x6c, 0x00, 0x1c, 0x88, 0x68, 0x00, 0x1c,
    0x88, 0x70, 0x00, 0x1c, 0x80, 0x70, 0x00, 0x1c, 0x88, 0x6c, 0x00, 0x1c,
    0x88, 0x74, 0x00, 0x1c, 0x88, 0x74, 0x00, 0x1c, 0x88, 0x78, 0x00, 0x1c,
    0x88, 0x74, 0x00, 0x1c, 0x88, 0x70, 0x00, 0x1c, 0x90, 0x74, 0x00, 0x1c,
    0x88, 0x70, 0x00, 0x1c, 0x88, 0x74, 0x00, 0x1c, 0x90, 0x74, 0x00, 0x1c,
    0x88, 0x70, 0x00, 0x1c, 0x88, 0x70, 0x00, 0x1c, 0x88, 0x74, 0x00, 0x1c,
    0x90, 0x74, 0x00, 0x1c, 0x88, 0x74, 0x00, 0x1c, 0x88, 0x74, 0x00, 0x1c,
    0x88, 0x6c, 0x00, 0x1c, 0x88, 0x6c, 0x00, 0x1c, 0x80, 0x70, 0x00, 0x1c,
    0x88, 0x70, 0x00, 0x1c, 0x88, 0x68, 0x00, 0x1c, 0x80, 0x6c, 0x00, 0x18,
    0x80, 0x6c, 0x00, 0x18, 0x78, 0x60, 0x00, 0x1c, 0x78, 0x64, 0x00, 0x18,
    0x70, 0x60, 0x00, 0x18, 0x78, 0x60, 0x00, 0x18, 0x70, 0x60, 0x00, 0x18,
    0x70, 0x58, 0x00, 0x18, 0x70, 0x5c, 0x00, 0x14, 0x68, 0x50, 0x00, 0x18,
    0x70, 0x54, 0x00, 0x14, 0x60, 0x54, 0x00, 0x14, 0x68, 0x4c, 0x00, 0x14,
    0x58, 0x4c, 0x00, 0x14, 0x60, 0x50, 0x00, 0x14, 0x50, 0x44, 0x00, 0x14,
    0x58, 0x44, 0x00, 0x10, 0x48, 0x3c, 0x00, 0x10, 0x50, 0x40, 0x00, 0x10,
    0x58, 0x44, 0x00, 0x10, 0x48, 0x44, 0x00, 0x10, 0x48, 0x34, 0x00, 0x0c,
    0x38, 0x3c, 0x00, 0x0c, 0x38, 0x28, 0x00, 0x0c, 0x40, 0x28, 0x00, 0x0c,
    0x48, 0x30, 0x00, 0x0c, 0xd8, 0xb4, 0x00, 0x2c, 0xe8, 0xc4, 0x00, 0x4d,
    0x60, 0x50, 0x00, 0x0c, 0x20, 0x20, 0x00, 0x08, 0x20, 0x20, 0x10, 0x10,
    0x28, 0x24, 0x20, 0xcf, 0x28, 0x28, 0x20, 0xff, 0x18, 0x1c, 0x18, 0xff,
    0x40, 0x34, 0x18, 0xff, 0x60, 0x50, 0x10, 0xff, 0x20, 0x1c, 0x18, 0xff,
    0x20, 0x20, 0x18, 0xff, 0x60, 0x58, 0x10, 0xff, 0x30, 0x2c, 0x18, 0xff,
    0x18, 0x1c, 0x18, 0xff, 0x40, 0x38, 0x18, 0xff, 0x60, 0x50, 0x18, 0xff,
    0x20, 0x20, 0x20, 0xff, 0x20, 0x24, 0x20, 0x59, 0x00, 0x00, 0x00, 0x00,
    0x00, 0x00, 0x00, 0x00, 0x00, 0x00, 0x00, 0x00, 0x00, 0x00, 0x00, 0x00,
    0x00, 0x00, 0x00, 0x00, 0x00, 0x00, 0x00, 0x00, 0x00, 0x00, 0x00, 0x00,
    0x00, 0x00, 0x00, 0x00, 0x00, 0x00, 0x00, 0x00, 0x00, 0x00, 0x00, 0x00,
    0x00, 0x00, 0x00, 0x00, 0x00, 0x00, 0x00, 0x00, 0x00, 0x00, 0x00, 0x00,
    0x00, 0x00, 0x00, 0x00, 0x00, 0x00, 0x00, 0x00, 0x00, 0x00, 0x00, 0x00,
    0x00, 0x00, 0x00, 0x00, 0x00, 0x00, 0x00, 0x00, 0x00, 0x00, 0x00, 0x00,
    0x00, 0x00, 0x00, 0x00, 0x00, 0x00, 0x00, 0x00, 0x00, 0x00, 0x00, 0x00,
    0x00, 0x00, 0x00, 0x00, 0x00, 0x00, 0x00, 0x00, 0x00, 0x00, 0x00, 0x00,
    0x40, 0x40, 0x40, 0x10, 0x38, 0x3c, 0x38, 0xcf, 0x28, 0x28, 0x28, 0xff,
    0x18, 0x1c, 0x18, 0xff, 0x18, 0x18, 0x20, 0xff, 0x18, 0x1c, 0x18, 0xff,
    0x18, 0x1c, 0x18, 0xff, 0x18, 0x18, 0x20, 0xff, 0x18, 0x1c, 0x18, 0xff,
    0x18, 0x1c, 0x18, 0xff, 0x18, 0x18, 0x20, 0xff, 0x18, 0x18, 0x18, 0xff,
    0x28, 0x24, 0x28, 0xff, 0x38, 0x38, 0x38, 0xef, 0x38, 0x38, 0x30, 0x30,
    0x20, 0x20, 0x00, 0x08, 0x20, 0x1c, 0x00, 0x08, 0x30, 0x34, 0x00, 0x0c,
    0x30, 0x34, 0x00, 0x08, 0x30, 0x2c, 0x00, 0x0c, 0x40, 0x2c, 0x00, 0x0c,
    0x38, 0x38, 0x00, 0x0c, 0x50, 0x3c, 0x00, 0x0c, 0x48, 0x38, 0x00, 0x10,
    0x40, 0x44, 0x00, 0x10, 0x58, 0x44, 0x00, 0x10, 0x50, 0x40, 0x00, 0x10,
    0x58, 0x4c, 0x00, 0x10, 0x58, 0x44, 0x00, 0x10, 0x60, 0x54, 0x00, 0x14,
    0x60, 0x50, 0x00, 0x14, 0x58, 0x4c, 0x00, 0x14, 0x68, 0x4c, 0x00, 0x14,
    0x60, 0x54, 0x00, 0x14, 0x68, 0x54, 0x00, 0x14, 0x70, 0x5c, 0x00, 0x18,
    0x78, 0x5c, 0x00, 0x14, 0x70, 0x58, 0x00, 0x18, 0x78, 0x60, 0x00, 0x18,
    0x70, 0x60, 0x00, 0x18, 0x78, 0x64, 0x00, 0x18, 0x88, 0x64, 0x00, 0x18,
    0x80, 0x6c, 0x00, 0x18, 0x88, 0x6c, 0x00, 0x1c, 0x88, 0x68, 0x00, 0x1c,
    0x80, 0x70, 0x00, 0x1c, 0x90, 0x70, 0x00, 0x1c, 0x88, 0x74, 0x00, 0x1c,
    0x88, 0x78, 0x00, 0x1c, 0x90, 0x74, 0x00, 0x1c, 0x88, 0x7c, 0x00, 0x1c,
    0x90, 0x74, 0x00, 0x1c, 0x98, 0x7c, 0x00, 0x1c, 0x90, 0x7c, 0x00, 0x1c,
    0x90, 0x78, 0x00, 0x1c, 0x90, 0x78, 0x00, 0x20, 0x90, 0x78, 0x00, 0x1c,
    0x90, 0x78, 0x00, 0x1c, 0x90, 0x78, 0x00, 0x20, 0x90, 0x78, 0x00, 0x1c,
    0x90, 0x78, 0x00, 0x1c, 0x90, 0x78, 0x00, 0x20, 0x98, 0x7c, 0x00, 0x1c,
    0x98, 0x7c, 0x00, 0x1c, 0x88, 0x7c, 0x00, 0x1c, 0x88, 0x74, 0x00, 0x1c,
    0x90, 0x78, 0x00, 0x1c, 0x88, 0x74, 0x00, 0x1c, 0x88, 0x6c, 0x00, 0x1c,
    0x90, 0x70, 0x00, 0x1c, 0x80, 0x70, 0x00, 0x1c, 0x80, 0x70, 0x00, 0x1c,
    0x80, 0x6c, 0x00, 0x18, 0x80, 0x6c, 0x00, 0x18, 0x78, 0x64, 0x00, 0x18,
    0x78, 0x64, 0x00, 0x18, 0x80, 0x68, 0x00, 0x18, 0x78, 0x60, 0x00, 0x18,
    0x78, 0x64, 0x00, 0x18, 0x70, 0x5c, 0x00, 0x14, 0x68, 0x5c, 0x00, 0x18,
    0x70, 0x54, 0x00, 0x14, 0x60, 0x54, 0x00, 0x14, 0x68, 0x58, 0x00, 0x14,
    0x58, 0x4c, 0x00, 0x14, 0x60, 0x50, 0x00, 0x14, 0x50, 0x48, 0x00, 0x14,
    0x58, 0x4c, 0x00, 0x10, 0x48, 0x4c, 0x00, 0x10, 0x50, 0x40, 0x00, 0x10,
    0x58, 0x44, 0x00, 0x10, 0x40, 0x44, 0x00, 0x10, 0x48, 0x34, 0x00, 0x10,
    0x38, 0x3c, 0x00, 0x0c, 0x40, 0x2c, 0x00, 0x0c, 0x40, 0x28, 0x00, 0x0c,
    0xa0, 0x84, 0x00, 0x14, 0xf0, 0xc8, 0x00, 0x61, 0xd8, 0xb4, 0x00, 0x28,
    0x38, 0x1c, 0x00, 0x08, 0x20, 0x20, 0x00, 0x08, 0x20, 0x24, 0x28, 0x4d,
    0x28, 0x24, 0x28, 0xf7, 0x20, 0x1c, 0x20, 0xff, 0x18, 0x1c, 0x18, 0xff,
    0x18, 0x18, 0x18, 0xff, 0x18, 0x18, 0x18, 0xff, 0x18, 0x1c, 0x18, 0xff,
    0x18, 0x18, 0x18, 0xff, 0x18, 0x18, 0x20, 0xff, 0x18, 0x1c, 0x18, 0xff,
    0x18, 0x18, 0x18, 0xff, 0x18, 0x1c, 0x18, 0xff, 0x20, 0x20, 0x20, 0xff,
    0x20, 0x24, 0x20, 0xbe, 0x40, 0x40, 0x40, 0x04, 0x00, 0x00, 0x00, 0x00,
    0x00, 0x00, 0x00, 0x00, 0x00, 0x00, 0x00, 0x00, 0x00, 0x00, 0x00, 0x00,
    0x00, 0x00, 0x00, 0x00, 0x00, 0x00, 0x00, 0x00, 0x00, 0x00, 0x00, 0x00,
    0x00, 0x00, 0x00, 0x00, 0x00, 0x00, 0x00, 0x00, 0x00, 0x00, 0x00, 0x00,
    0x00, 0x00, 0x00, 0x00, 0x00, 0x00, 0x00, 0x00, 0x00, 0x00, 0x00, 0x00,
    0x00, 0x00, 0x00, 0x00, 0x00, 0x00, 0x00, 0x00, 0x00, 0x00, 0x00, 0x00,
    0x00, 0x00, 0x00, 0x00, 0x00, 0x00, 0x00, 0x00, 0x00, 0x00, 0x00, 0x00,
    0x00, 0x00, 0x00, 0x00, 0x00, 0x00, 0x00, 0x00, 0x00, 0x00, 0x00, 0x00,
    0x00, 0x00, 0x00, 0x00, 0x00, 0x00, 0x00, 0x00, 0x38, 0x3c, 0x38, 0x41,
    0x38, 0x38, 0x38, 0xfb, 0x28, 0x24, 0x18, 0xff, 0x78, 0x60, 0x10, 0xff,
    0x40, 0x38, 0x18, 0xff, 0x18, 0x18, 0x18, 0xff, 0x48, 0x40, 0x18, 0xff,
    0x68, 0x5c, 0x10, 0xff, 0x20, 0x20, 0x18, 0xff, 0x28, 0x24, 0x18, 0xff,
    0x78, 0x60, 0x10, 0xff, 0x40, 0x38, 0x18, 0xff, 0x30, 0x34, 0x30, 0xff,
    0x38, 0x38, 0x38, 0xa2, 0x30, 0x30, 0x18, 0x0c, 0x38, 0x1c, 0x00, 0x08,
    0x68, 0x54, 0x00, 0x0c, 0x50, 0x34, 0x00, 0x0c, 0x30, 0x2c, 0x00, 0x0c,
    0x40, 0x28, 0x00, 0x0c, 0x40, 0x40, 0x00, 0x0c, 0x50, 0x38, 0x00, 0x0c,
    0x48, 0x34, 0x00, 0x10, 0x40, 0x44, 0x00, 0x10, 0x58, 0x44, 0x00, 0x0c,
    0x50, 0x40, 0x00, 0x10, 0x58, 0x4c, 0x00, 0x10, 0x58, 0x4c, 0x00, 0x10,
    0x60, 0x54, 0x00, 0x14, 0x60, 0x50, 0x00, 0x14, 0x58, 0x50, 0x00, 0x14,
    0x68, 0x58, 0x00, 0x14, 0x68, 0x54, 0x00, 0x14, 0x70, 0x60, 0x00, 0x14,
    0x70, 0x5c, 0x00, 0x18, 0x70, 0x64, 0x00, 0x18, 0x78, 0x64, 0x00, 0x18,
    0x78, 0x60, 0x00, 0x18, 0x80, 0x68, 0x00, 0x18, 0x78, 0x64, 0x00, 0x18,
    0x88, 0x70, 0x00, 0x18, 0x80, 0x6c, 0x00, 0x1c, 0x88, 0x74, 0x00, 0x18,
    0x88, 0x70, 0x00, 0x1c, 0x90, 0x70, 0x00, 0x1c, 0x88, 0x78, 0x00, 0x1c,
    0x90, 0x74, 0x00, 0x1c, 0x90, 0x78, 0x00, 0x1c, 0x98, 0x7c, 0x00, 0x1c,
    0x98, 0x7c, 0x00, 0x1c, 0x90, 0x7c, 0x00, 0x1c, 0x90, 0x78, 0x00, 0x20,
    0x98, 0x80, 0x00, 0x1c, 0x98, 0x80, 0x00, 0x20, 0x98, 0x80, 0x00, 0x20,
    0x98, 0x80, 0x00, 0x1c, 0x98, 0x7c, 0x00, 0x20, 0xa0, 0x80, 0x00, 0x20,
    0x98, 0x80, 0x00, 0x20, 0x98, 0x80, 0x00, 0x1c, 0x98, 0x80, 0x00, 0x20,
    0x98, 0x80, 0x00, 0x20, 0x98, 0x80, 0x00, 0x1c, 0x98, 0x80, 0x00, 0x1c,
    0x90, 0x80, 0x00, 0x20, 0x98, 0x7c, 0x00, 0x1c, 0x98, 0x7c, 0x00, 0x1c,
    0x88, 0x7c, 0x00, 0x1c, 0x90, 0x78, 0x00, 0x1c, 0x90, 0x78, 0x00, 0x1c,
    0x88, 0x74, 0x00, 0x1c, 0x90, 0x70, 0x00, 0x1c, 0x80, 0x70, 0x00, 0x1c,
    0x88, 0x74, 0x00, 0x1c, 0x80, 0x6c, 0x00, 0x1c, 0x88, 0x70, 0x00, 0x18,
    0x78, 0x64, 0x00, 0x18, 0x80, 0x68, 0x00, 0x18, 0x78, 0x6c, 0x00, 0x18,
    0x78, 0x64, 0x00, 0x18, 0x70, 0x58, 0x00, 0x18, 0x68, 0x5c, 0x00, 0x18,
    0x68, 0x54, 0x00, 0x14, 0x60, 0x54, 0x00, 0x14, 0x68, 0x58, 0x00, 0x14,
    0x68, 0x50, 0x00, 0x14, 0x60, 0x50, 0x00, 0x14, 0x60, 0x44, 0x00, 0x10,
    0x58, 0x4c, 0x00, 0x10, 0x48, 0x4c, 0x00, 0x10, 0x50, 0x40, 0x00, 0x10,
    0x58, 0x44, 0x00, 0x10, 0x48, 0x44, 0x00, 0x10, 0x48, 0x34, 0x00, 0x0c,
    0x50, 0x3c, 0x00, 0x0c, 0x40, 0x40, 0x00, 0x0c, 0x40, 0x2c, 0x00, 0x0c,
    0xc0, 0xa0, 0x00, 0x20, 0x88, 0x68, 0x00, 0x10, 0x38, 0x38, 0x00, 0x08,
    0x38, 0x1c, 0x00, 0x08, 0x20, 0x20, 0x10, 0x10, 0x20, 0x24, 0x20, 0xbe,
    0x20, 0x24, 0x20, 0xff, 0x48, 0x40, 0x18, 0xff, 0x68, 0x5c, 0x10, 0xff,
    0x20, 0x20, 0x18, 0xff, 0x28, 0x24, 0x18, 0xff, 0x78, 0x64, 0x10, 0xff,
    0x40, 0x34, 0x18, 0xff, 0x18, 0x18, 0x18, 0xff, 0x48, 0x40, 0x18, 0xff,
    0x70, 0x5c, 0x10, 0xff, 0x20, 0x20, 0x18, 0xff, 0x20, 0x20, 0x20, 0xf7,
    0x28, 0x24, 0x28, 0x24, 0x00, 0x00, 0x00, 0x00, 0x00, 0x00, 0x00, 0x00,
    0x00, 0x00, 0x00, 0x00, 0x00, 0x00, 0x00, 0x00, 0x00, 0x00, 0x00, 0x00,
    0x00, 0x00, 0x00, 0x00, 0x00, 0x00, 0x00, 0x00, 0x00, 0x00, 0x00, 0x00,
    0x00, 0x00, 0x00, 0x00, 0x00, 0x00, 0x00, 0x00, 0x00, 0x00, 0x00, 0x00,
    0x00, 0x00, 0x00, 0x00, 0x00, 0x00, 0x00, 0x00, 0x00, 0x00, 0x00, 0x00,
    0x00, 0x00, 0x00, 0x00, 0x00, 0x00, 0x00, 0x00, 0x00, 0x00, 0x00, 0x00,
    0x00, 0x00, 0x00, 0x00, 0x00, 0x00, 0x00, 0x00, 0x00, 0x00, 0x00, 0x00,
    0x00, 0x00, 0x00, 0x00, 0x00, 0x00, 0x00, 0x00, 0x00, 0x00, 0x00, 0x00,
    0x80, 0x80, 0x80, 0x00, 0x40, 0x3c, 0x40, 0xb6, 0x28, 0x2c, 0x30, 0xff,
    0x30, 0x2c, 0x18, 0xff, 0x98, 0x80, 0x10, 0xff, 0x60, 0x50, 0x10, 0xff,
    0x18, 0x1c, 0x18, 0xff, 0x70, 0x5c, 0x10, 0xff, 0x90, 0x78, 0x10, 0xff,
    0x28, 0x28, 0x18, 0xff, 0x30, 0x2c, 0x18, 0xff, 0x98, 0x80, 0x10, 0xff,
    0x60, 0x54, 0x20, 0xff, 0x38, 0x38, 0x38, 0xf3, 0x38, 0x38, 0x30, 0x24,
    0x40, 0x20, 0x00, 0x08, 0x38, 0x38, 0x00, 0x08, 0xe8, 0xc0, 0x00, 0x45,
    0xe0, 0xb8, 0x00, 0x34, 0x48, 0x30, 0x00, 0x0c, 0x40, 0x40, 0x00, 0x0c,
    0x38, 0x3c, 0x00, 0x0c, 0x48, 0x38, 0x00, 0x0c, 0x48, 0x48, 0x00, 0x10,
    0x40, 0x44, 0x00, 0x10, 0x50, 0x40, 0x00, 0x10, 0x48, 0x3c, 0x00, 0x10,
    0x58, 0x48, 0x00, 0x10, 0x68, 0x44, 0x00, 0x10, 0x60, 0x50, 0x00, 0x14,
    0x68, 0x50, 0x00, 0x14, 0x68, 0x4c, 0x00, 0x14, 0x60, 0x54, 0x00, 0x14,
    0x70, 0x54, 0x00, 0x14, 0x70, 0x5c, 0x00, 0x14, 0x70, 0x64, 0x00, 0x18,
    0x78, 0x64, 0x00, 0x18, 0x80, 0x68, 0x00, 0x18, 0x80, 0x6c, 0x00, 0x18,
    0x78, 0x64, 0x00, 0x18, 0x80, 0x6c, 0x00, 0x18, 0x88, 0x6c, 0x00, 0x1c,
    0x80, 0x70, 0x00, 0x1c, 0x90, 0x70, 0x00, 0x1c, 0x88, 0x78, 0x00, 0x1c,
    0x88, 0x78, 0x00, 0x1c, 0x88, 0x70, 0x00, 0x1c, 0x88, 0x7c, 0x00, 0x1c,
    0x98, 0x7c, 0x00, 0x1c, 0x98, 0x7c, 0x00, 0x1c, 0x98, 0x7c, 0x00, 0x20,
    0x98, 0x80, 0x00, 0x20, 0x90, 0x78, 0x00, 0x20, 0xa0, 0x80, 0x00, 0x20,
    0xa0, 0x84, 0x00, 0x20, 0xa0, 0x80, 0x00, 0x20, 0xa0, 0x84, 0x00, 0x20,
    0xa8, 0x84, 0x00, 0x20, 0xa8, 0x80, 0x00, 0x20, 0xa0, 0x84, 0x00, 0x20,
    0xa0, 0x80, 0x00, 0x20, 0xa0, 0x80, 0x00, 0x20, 0xa0, 0x84, 0x00, 0x20,
    0x98, 0x84, 0x00, 0x20, 0xa0, 0x80, 0x00, 0x20, 0xa0, 0x7c, 0x00, 0x20,
    0x98, 0x80, 0x00, 0x1c, 0x98, 0x7c, 0x00, 0x20, 0x90, 0x78, 0x00, 0x1c,
    0x98, 0x7c, 0x00, 0x1c, 0x98, 0x7c, 0x00, 0x1c, 0x88, 0x7c, 0x00, 0x1c,
    0x90, 0x78, 0x00, 0x1c, 0x88, 0x78, 0x00, 0x1c, 0x90, 0x70, 0x00, 0x1c,
    0x88, 0x70, 0x00, 0x1c, 0x80, 0x6c, 0x00, 0x18, 0x80, 0x6c, 0x00, 0x1c,
    0x78, 0x64, 0x00, 0x18, 0x80, 0x68, 0x00, 0x18, 0x70, 0x60, 0x00, 0x18,
    0x78, 0x64, 0x00, 0x18, 0x70, 0x58, 0x00, 0x18, 0x68, 0x5c, 0x00, 0x14,
    0x70, 0x60, 0x00, 0x14, 0x70, 0x54, 0x00, 0x14, 0x68, 0x58, 0x00, 0x14,
    0x60, 0x50, 0x00, 0x14, 0x60, 0x50, 0x00, 0x14, 0x58, 0x44, 0x00, 0x14,
    0x58, 0x4c, 0x00, 0x10, 0x58, 0x4c, 0x00, 0x10, 0x50, 0x40, 0x00, 0x10,
    0x58, 0x44, 0x00, 0x10, 0x48, 0x34, 0x00, 0x10, 0x48, 0x34, 0x00, 0x10,
    0x38, 0x3c, 0x00, 0x0c, 0x40, 0x28, 0x00, 0x0c, 0x40, 0x30, 0x00, 0x0c,
    0x30, 0x34, 0x00, 0x0c, 0x30, 0x34, 0x00, 0x0c, 0x38, 0x1c, 0x00, 0x08,
    0x20, 0x20, 0x00, 0x08, 0x20, 0x24, 0x20, 0x38, 0x28, 0x24, 0x28, 0xf7,
    0x68, 0x58, 0x18, 0xff, 0x90, 0x78, 0x10, 0xff, 0x28, 0x28, 0x18, 0xff,
    0x30, 0x2c, 0x18, 0xff, 0x98, 0x80, 0x10, 0xff, 0x60, 0x50, 0x10, 0xff,
    0x18, 0x1c, 0x18, 0xff, 0x70, 0x5c, 0x10, 0xff, 0x90, 0x78, 0x10, 0xff,
    0x30, 0x28, 0x18, 0xff, 0x20, 0x20, 0x20, 0xff, 0x20, 0x20, 0x20, 0x92,
    0x00, 0x00, 0x00, 0x00, 0x00, 0x00, 0x00, 0x00, 0x00, 0x00, 0x00, 0x00,
    0x00, 0x00, 0x00, 0x00, 0x00, 0x00, 0x00, 0x00, 0x00, 0x00, 0x00, 0x00,
    0x00, 0x00, 0x00, 0x00, 0x00, 0x00, 0x00, 0x00, 0x00, 0x00, 0x00, 0x00,
    0x00, 0x00, 0x00, 0x00, 0x00, 0x00, 0x00, 0x00, 0x00, 0x00, 0x00, 0x00,
    0x00, 0x00, 0x00, 0x00, 0x00, 0x00, 0x00, 0x00, 0x00, 0x00, 0x00, 0x00,
    0x00, 0x00, 0x00, 0x00, 0x00, 0x00, 0x00, 0x00, 0x00, 0x00, 0x00, 0x00,
    0x00, 0x00, 0x00, 0x00, 0x00, 0x00, 0x00, 0x00, 0x00, 0x00, 0x00, 0x00,
    0x00, 0x00, 0x00, 0x00, 0x00, 0x00, 0x00, 0x00, 0x38, 0x38, 0x38, 0x24,
    0x38, 0x38, 0x38, 0xef, 0x20, 0x20, 0x20, 0xff, 0x18, 0x1c, 0x18, 0xff,
    0x30, 0x28, 0x18, 0xff, 0x20, 0x1c, 0x18, 0xff, 0x18, 0x1c, 0x18, 0xff,
    0x20, 0x20, 0x18, 0xff, 0x30, 0x28, 0x18, 0xff, 0x18, 0x18, 0x18, 0xff,
    0x18, 0x1c, 0x18, 0xff, 0x30, 0x2c, 0x18, 0xff, 0x38, 0x38, 0x30, 0xff,
    0x38, 0x38, 0x38, 0x9a, 0x38, 0x1c, 0x00, 0x08, 0x38, 0x38, 0x00, 0x08,
    0xb8, 0x9c, 0x00, 0x1c, 0xf0, 0xc8, 0x00, 0x65, 0xb0, 0x8c, 0x00, 0x18,
    0x40, 0x2c, 0x00, 0x0c, 0x38, 0x38, 0x00, 0x0c, 0x50, 0x38, 0x00, 0x0c,
    0x48, 0x48, 0x00, 0x10, 0x40, 0x44, 0x00, 0x10, 0x58, 0x44, 0x00, 0x0c,
    0x50, 0x50, 0x00, 0x10, 0x58, 0x4c, 0x00, 0x10, 0x58, 0x44, 0x00, 0x14,
    0x60, 0x54, 0x00, 0x14, 0x68, 0x50, 0x00, 0x14, 0x68, 0x4c, 0x00, 0x14,
    0x68, 0x58, 0x00, 0x14, 0x70, 0x60, 0x00, 0x14, 0x70, 0x5c, 0x00, 0x18,
    0x70, 0x68, 0x00, 0x14, 0x78, 0x64, 0x00, 0x18, 0x80, 0x68, 0x00, 0x18,
    0x80, 0x68, 0x00, 0x18, 0x78, 0x64, 0x00, 0x18, 0x80, 0x6c, 0x00, 0x18,
    0x88, 0x74, 0x00, 0x1c, 0x80, 0x70, 0x00, 0x1c, 0x90, 0x7c, 0x00, 0x1c,
    0x90, 0x78, 0x00, 0x1c, 0x90, 0x74, 0x00, 0x1c, 0x88, 0x7c, 0x00, 0x1c,
    0x98, 0x7c, 0x00, 0x1c, 0x98, 0x80, 0x00, 0x1c, 0x98, 0x80, 0x00, 0x20,
    0x98, 0x84, 0x00, 0x20, 0xa0, 0x84, 0x00, 0x20, 0xa0, 0x84, 0x00, 0x20,
    0xa0, 0x84, 0x00, 0x1c, 0xa0, 0x88, 0x00, 0x20, 0xa0, 0x88, 0x00, 0x20,
    0xa0, 0x88, 0x00, 0x20, 0xa8, 0x88, 0x00, 0x20, 0xa8, 0x88, 0x00, 0x20,
    0xa8, 0x88, 0x00, 0x20, 0xa8, 0x88, 0x00, 0x20, 0xa8, 0x88, 0x00, 0x20,
    0xa0, 0x88, 0x00, 0x20, 0xa0, 0x88, 0x00, 0x20, 0xa0, 0x84, 0x00, 0x20,
    0xa0, 0x88, 0x00, 0x20, 0xa0, 0x8c, 0x00, 0x20, 0x98, 0x80, 0x00, 0x20,
    0xa0, 0x84, 0x00, 0x20, 0x90, 0x7c, 0x00, 0x20, 0x98, 0x7c, 0x00, 0x20,
    0x90, 0x78, 0x00, 0x1c, 0x98, 0x7c, 0x00, 0x1c, 0x98, 0x7c, 0x00, 0x1c,
    0x90, 0x74, 0x00, 0x1c, 0x90, 0x78, 0x00, 0x1c, 0x90, 0x70, 0x00, 0x1c,
    0x80, 0x70, 0x00, 0x1c, 0x80, 0x6c, 0x00, 0x18, 0x80, 0x6c, 0x00, 0x1c,
    0x80, 0x70, 0x00, 0x18, 0x80, 0x68, 0x00, 0x18, 0x78, 0x6c, 0x00, 0x18,
    0x78, 0x64, 0x00, 0x18, 0x70, 0x5c, 0x00, 0x14, 0x68, 0x5c, 0x00, 0x18,
    0x68, 0x60, 0x00, 0x14, 0x70, 0x5c, 0x00, 0x14, 0x68, 0x58, 0x00, 0x14,
    0x60, 0x50, 0x00, 0x14, 0x60, 0x54, 0x00, 0x10, 0x58, 0x44, 0x00, 0x14,
    0x58, 0x4c, 0x00, 0x10, 0x60, 0x50, 0x00, 0x10, 0x50, 0x44, 0x00, 0x10,
    0x58, 0x44, 0x00, 0x10, 0x48, 0x34, 0x00, 0x0c, 0x50, 0x3c, 0x00, 0x0c,
    0x40, 0x40, 0x00, 0x0c, 0x40, 0x28, 0x00, 0x0c, 0x48, 0x2c, 0x00, 0x0c,
    0x30, 0x34, 0x00, 0x0c, 0x38, 0x38, 0x00, 0x08, 0x38, 0x1c, 0x00, 0x08,
    0x28, 0x24, 0x10, 0x10, 0x20, 0x24, 0x20, 0xb6, 0x28, 0x28, 0x20, 0xff,
    0x30, 0x28, 0x18, 0xff, 0x18, 0x18, 0x18, 0xff, 0x18, 0x1c, 0x18, 0xff,
    0x30, 0x28, 0x18, 0xff, 0x20, 0x1c, 0x18, 0xff, 0x18, 0x1c, 0x18, 0xff,
    0x20, 0x20, 0x18, 0xff, 0x28, 0x28, 0x18, 0xff, 0x18, 0x18, 0x18, 0xff,
    0x20, 0x1c, 0x20, 0xff, 0x20, 0x20, 0x20, 0xdb, 0x28, 0x28, 0x28, 0x14,
    0x00, 0x00, 0x00, 0x00, 0x00, 0x00, 0x00, 0x00, 0x00, 0x00, 0x00, 0x00,
    0x00, 0x00, 0x00, 0x00, 0x00, 0x00, 0x00, 0x00, 0x00, 0x00, 0x00, 0x00,
    0x00, 0x00, 0x00, 0x00, 0x00, 0x00, 0x00, 0x00, 0x00, 0x00, 0x00, 0x00,
    0x00, 0x00, 0x00, 0x00, 0x00, 0x00, 0x00, 0x00, 0x00, 0x00, 0x00, 0x00,
    0x00, 0x00, 0x00, 0x00, 0x00, 0x00, 0x00, 0x00, 0x00, 0x00, 0x00, 0x00,
    0x00, 0x00, 0x00, 0x00, 0x00, 0x00, 0x00, 0x00, 0x00, 0x00, 0x00, 0x00,
    0x00, 0x00, 0x00, 0x00, 0x00, 0x00, 0x00, 0x00, 0x00, 0x00, 0x00, 0x00,
    0x00, 0x00, 0x00, 0x00, 0x38, 0x3c, 0x38, 0x5d, 0x38, 0x38, 0x38, 0xfb,
    0x20, 0x1c, 0x18, 0xff, 0x18, 0x1c, 0x18, 0xff, 0x38, 0x30, 0x18, 0xff,
    0x20, 0x20, 0x18, 0xff, 0x18, 0x18, 0x20, 0xff, 0x20, 0x20, 0x18, 0xff,
    0x30, 0x30, 0x18, 0xff, 0x18, 0x18, 0x18, 0xff, 0x18, 0x18, 0x18, 0xff,
    0x38, 0x30, 0x20, 0xff, 0x38, 0x38, 0x38, 0xf3, 0x38, 0x38, 0x38, 0x3c,
    0x20, 0x20, 0x00, 0x08, 0x20, 0x1c, 0x00, 0x08, 0x90, 0x70, 0x00, 0x14,
    0xd8, 0xb4, 0x00, 0x2c, 0x50, 0x40, 0x00, 0x0c, 0x40, 0x28, 0x00, 0x0c,
    0x38, 0x28, 0x00, 0x0c, 0x38, 0x34, 0x00, 0x10, 0x48, 0x38, 0x00, 0x0c,
    0x40, 0x44, 0x00, 0x10, 0x50, 0x40, 0x00, 0x10, 0x58, 0x4c, 0x00, 0x10,
    0x58, 0x4c, 0x00, 0x10, 0x58, 0x44, 0x00, 0x14, 0x60, 0x50, 0x00, 0x14,
    0x58, 0x4c, 0x00, 0x14, 0x68, 0x58, 0x00, 0x14, 0x68, 0x54, 0x00, 0x14,
    0x68, 0x5c, 0x00, 0x14, 0x70, 0x5c, 0x00, 0x18, 0x70, 0x58, 0x00, 0x18,
    0x78, 0x60, 0x00, 0x18, 0x80, 0x6c, 0x00, 0x18, 0x78, 0x64, 0x00, 0x18,
    0x80, 0x6c, 0x00, 0x18, 0x88, 0x6c, 0x00, 0x1c, 0x88, 0x68, 0x00, 0x1c,
    0x88, 0x70, 0x00, 0x1c, 0x88, 0x6c, 0x00, 0x1c, 0x90, 0x74, 0x00, 0x1c,
    0x88, 0x7c, 0x00, 0x1c, 0x90, 0x78, 0x00, 0x1c, 0x98, 0x80, 0x00, 0x20,
    0x98, 0x7c, 0x00, 0x1c, 0x98, 0x7c, 0x00, 0x20, 0x98, 0x84, 0x00, 0x20,
    0x98, 0x80, 0x00, 0x20, 0xa0, 0x7c, 0x00, 0x20, 0xa0, 0x88, 0x00, 0x20,
    0xa8, 0x88, 0x00, 0x20, 0xa8, 0x84, 0x00, 0x20, 0xa0, 0x84, 0x00, 0x20,
    0xa0, 0x80, 0x00, 0x20, 0xa0, 0x84, 0x00, 0x20, 0xa0, 0x88, 0x00, 0x20,
    0xa0, 0x84, 0x00, 0x20, 0xa0, 0x84, 0x00, 0x20, 0xa0, 0x84, 0x00, 0x20,
    0xa0, 0x80, 0x00, 0x20, 0xa8, 0x88, 0x00, 0x20, 0xa0, 0x88, 0x00, 0x20,
    0xa0, 0x88, 0x00, 0x20, 0xa0, 0x80, 0x00, 0x20, 0xa0, 0x84, 0x00, 0x20,
    0x98, 0x84, 0x00, 0x20, 0x98, 0x7c, 0x00, 0x20, 0x98, 0x7c, 0x00, 0x20,
    0x90, 0x78, 0x00, 0x20, 0x90, 0x78, 0x00, 0x1c, 0x88, 0x70, 0x00, 0x1c,
    0x88, 0x74, 0x00, 0x1c, 0x88, 0x78, 0x00, 0x1c, 0x88, 0x70, 0x00, 0x1c,
    0x80, 0x70, 0x00, 0x1c, 0x80, 0x6c, 0x00, 0x18, 0x80, 0x64, 0x00, 0x18,
    0x78, 0x64, 0x00, 0x18, 0x70, 0x60, 0x00, 0x18, 0x78, 0x60, 0x00, 0x18,
    0x70, 0x64, 0x00, 0x18, 0x70, 0x5c, 0x00, 0x18, 0x68, 0x50, 0x00, 0x14,
    0x60, 0x54, 0x00, 0x14, 0x68, 0x4c, 0x00, 0x14, 0x58, 0x4c, 0x00, 0x14,
    0x58, 0x50, 0x00, 0x14, 0x58, 0x44, 0x00, 0x10, 0x58, 0x4c, 0x00, 0x10,
    0x48, 0x3c, 0x00, 0x10, 0x50, 0x40, 0x00, 0x10, 0x40, 0x34, 0x00, 0x10,
    0x48, 0x34, 0x00, 0x0c, 0x50, 0x3c, 0x00, 0x0c, 0x38, 0x38, 0x00, 0x0c,
    0x40, 0x28, 0x00, 0x0c, 0x30, 0x30, 0x00, 0x0c, 0x30, 0x2c, 0x00, 0x0c,
    0x30, 0x34, 0x00, 0x08, 0x20, 0x1c, 0x00, 0x08, 0x20, 0x20, 0x00, 0x08,
    0x20, 0x24, 0x20, 0x4d, 0x20, 0x24, 0x20, 0xfb, 0x30, 0x2c, 0x18, 0xff,
    0x18, 0x18, 0x18, 0xff, 0x18, 0x1c, 0x18, 0xff, 0x38, 0x30, 0x18, 0xff,
    0x20, 0x20, 0x18, 0xff, 0x18, 0x18, 0x20, 0xff, 0x28, 0x20, 0x18, 0xff,
    0x30, 0x30, 0x18, 0xff, 0x18, 0x1c, 0x18, 0xff, 0x18, 0x18, 0x18, 0xff,
    0x28, 0x24, 0x20, 0xfb, 0x20, 0x20, 0x20, 0x41, 0x00, 0x00, 0x00, 0x00,
    0x00, 0x00, 0x00, 0x00, 0x00, 0x00, 0x00, 0x00, 0x00, 0x00, 0x00, 0x00,
    0x00, 0x00, 0x00, 0x00, 0x00, 0x00, 0x00, 0x00, 0x00, 0x00, 0x00, 0x00,
    0x00, 0x00, 0x00, 0x00, 0x00, 0x00, 0x00, 0x00, 0x00, 0x00, 0x00, 0x00,
    0x00, 0x00, 0x00, 0x00, 0x00, 0x00, 0x00, 0x00, 0x00, 0x00, 0x00, 0x00,
    0x00, 0x00, 0x00, 0x00, 0x00, 0x00, 0x00, 0x00, 0x00, 0x00, 0x00, 0x00,
    0x00, 0x00, 0x00, 0x00, 0x00, 0x00, 0x00, 0x00, 0x00, 0x00, 0x00, 0x00,
    0x00, 0x00, 0x00, 0x00, 0x00, 0x00, 0x00, 0x00, 0x00, 0x00, 0x00, 0x00,
    0x40, 0x3c, 0x40, 0xbe, 0x78, 0x64, 0x20, 0xff, 0x30, 0x2c, 0x18, 0xff,
    0x38, 0x30, 0x18, 0xff, 0xa0, 0x84, 0x08, 0xff, 0x68, 0x58, 0x10, 0xff,
    0x18, 0x18, 0x18, 0xff, 0x78, 0x64, 0x10, 0xff, 0x98, 0x80, 0x10, 0xff,
    0x30, 0x28, 0x18, 0xff, 0x38, 0x30, 0x18, 0xff, 0x58, 0x54, 0x28, 0xff,
    0x38, 0x38, 0x38, 0xb2, 0x38, 0x1c, 0x00, 0x08, 0x20, 0x20, 0x00, 0x08,
    0x38, 0x1c, 0x00, 0x08, 0x30, 0x34, 0x00, 0x0c, 0x30, 0x2c, 0x00, 0x0c,
    0x28, 0x2c, 0x00, 0x0c, 0x38, 0x28, 0x00, 0x0c, 0x38, 0x38, 0x00, 0x0c,
    0x48, 0x38, 0x00, 0x10, 0x40, 0x44, 0x00, 0x10, 0x50, 0x40, 0x00, 0x10,
    0x50, 0x3c, 0x00, 0x10, 0x58, 0x4c, 0x00, 0x10, 0x58, 0x44, 0x00, 0x14,
    0x60, 0x44, 0x00, 0x14, 0x58, 0x50, 0x00, 0x10, 0x68, 0x58, 0x00, 0x14,
    0x70, 0x54, 0x00, 0x14, 0x68, 0x5c, 0x00, 0x14, 0x70, 0x5c, 0x00, 0x18,
    0x70, 0x58, 0x00, 0x18, 0x78, 0x60, 0x00, 0x18, 0x80, 0x68, 0x00, 0x18,
    0x78, 0x64, 0x00, 0x18, 0x80, 0x6c, 0x00, 0x1c, 0x88, 0x6c, 0x00, 0x18,
    0x80, 0x70, 0x00, 0x1c, 0x88, 0x6c, 0x00, 0x1c, 0x88, 0x78, 0x00, 0x1c,
    0x88, 0x70, 0x00, 0x1c, 0x98, 0x7c, 0x00, 0x1c, 0x90, 0x80, 0x00, 0x1c,
    0x98, 0x80, 0x00, 0x20, 0xa0, 0x80, 0x00, 0x20, 0xa0, 0x84, 0x00, 0x20,
    0x98, 0x80, 0x00, 0x20, 0xa0, 0x84, 0x00, 0x20, 0xa8, 0x88, 0x00, 0x20,
    0xa0, 0x84, 0x00, 0x20, 0xa0, 0x88, 0x00, 0x20, 0xa8, 0x8c, 0x00, 0x20,
    0xa8, 0x8c, 0x00, 0x20, 0xa0, 0x84, 0x00, 0x20, 0xa8, 0x8c, 0x00, 0x20,
    0xa0, 0x8c, 0x00, 0x24, 0xa8, 0x8c, 0x00, 0x20, 0xa8, 0x8c, 0x00, 0x20,
    0xa0, 0x8c, 0x00, 0x24, 0xa8, 0x88, 0x00, 0x20, 0xa8, 0x88, 0x00, 0x20,
    0xa8, 0x8c, 0x00, 0x20, 0xa8, 0x88, 0x00, 0x20, 0xa0, 0x8c, 0x00, 0x20,
    0xa0, 0x84, 0x00, 0x20, 0xa0, 0x84, 0x00, 0x20, 0xa0, 0x80, 0x00, 0x20,
    0xa0, 0x80, 0x00, 0x20, 0x98, 0x84, 0x00, 0x20, 0x90, 0x78, 0x00, 0x20,
    0x98, 0x80, 0x00, 0x1c, 0x90, 0x78, 0x00, 0x20, 0x90, 0x7c, 0x00, 0x1c,
    0x90, 0x70, 0x00, 0x1c, 0x90, 0x78, 0x00, 0x1c, 0x88, 0x6c, 0x00, 0x1c,
    0x88, 0x70, 0x00, 0x1c, 0x80, 0x6c, 0x00, 0x1c, 0x80, 0x60, 0x00, 0x18,
    0x78, 0x64, 0x00, 0x18, 0x70, 0x60, 0x00, 0x18, 0x78, 0x60, 0x00, 0x18,
    0x70, 0x64, 0x00, 0x18, 0x70, 0x5c, 0x00, 0x18, 0x70, 0x54, 0x00, 0x14,
    0x60, 0x54, 0x00, 0x14, 0x68, 0x4c, 0x00, 0x14, 0x60, 0x50, 0x00, 0x14,
    0x60, 0x50, 0x00, 0x14, 0x50, 0x44, 0x00, 0x14, 0x58, 0x4c, 0x00, 0x10,
    0x50, 0x40, 0x00, 0x10, 0x50, 0x40, 0x00, 0x10, 0x40, 0x34, 0x00, 0x10,
    0x38, 0x34, 0x00, 0x10, 0x38, 0x3c, 0x00, 0x0c, 0x38, 0x3c, 0x00, 0x0c,
    0x40, 0x28, 0x00, 0x0c, 0x58, 0x5c, 0x00, 0x0c, 0xe8, 0xc0, 0x00, 0x4d,
    0x90, 0x80, 0x00, 0x10, 0x20, 0x20, 0x00, 0x08, 0x20, 0x1c, 0x00, 0x08,
    0x28, 0x24, 0x28, 0xcb, 0x58, 0x4c, 0x18, 0xff, 0x30, 0x28, 0x18, 0xff,
    0x38, 0x30, 0x18, 0xff, 0xa0, 0x84, 0x10, 0xff, 0x68, 0x58, 0x10, 0xff,
    0x18, 0x1c, 0x18, 0xff, 0x70, 0x60, 0x10, 0xff, 0x98, 0x80, 0x10, 0xff,
    0x30, 0x28, 0x18, 0xff, 0x38, 0x30, 0x18, 0xff, 0x60, 0x54, 0x18, 0xff,
    0x20, 0x20, 0x20, 0xa6, 0x00, 0x00, 0x00, 0x00, 0x00, 0x00, 0x00, 0x00,
    0x00, 0x00, 0x00, 0x00, 0x00, 0x00, 0x00, 0x00, 0x00, 0x00, 0x00, 0x00,
    0x00, 0x00, 0x00, 0x00, 0x00, 0x00, 0x00, 0x00, 0x00, 0x00, 0x00, 0x00,
    0x00, 0x00, 0x00, 0x00, 0x00, 0x00, 0x00, 0x00, 0x00, 0x00, 0x00, 0x00,
    0x00, 0x00, 0x00, 0x00, 0x00, 0x00, 0x00, 0x00, 0x00, 0x00, 0x00, 0x00,
    0x00, 0x00, 0x00, 0x00, 0x00, 0x00, 0x00, 0x00, 0x00, 0x00, 0x00, 0x00,
    0x00, 0x00, 0x00, 0x00, 0x00, 0x00, 0x00, 0x00, 0x00, 0x00, 0x00, 0x00,
    0x00, 0x00, 0x00, 0x00, 0x38, 0x3c, 0x38, 0x1c, 0x40, 0x3c, 0x38, 0xfb,
    0x58, 0x4c, 0x18, 0xff, 0x20, 0x1c, 0x18, 0xff, 0x20, 0x20, 0x18, 0xff,
    0x60, 0x58, 0x10, 0xff, 0x30, 0x2c, 0x18, 0xff, 0x18, 0x1c, 0x18, 0xff,
    0x40, 0x34, 0x18, 0xff, 0x60, 0x50, 0x10, 0xff, 0x20, 0x1c, 0x18, 0xff,
    0x20, 0x24, 0x20, 0xff, 0x38, 0x3c, 0x38, 0xfb, 0x38, 0x34, 0x38, 0x41,
    0x20, 0x20, 0x00, 0x08, 0x18, 0x1c, 0x00, 0x08, 0x30, 0x18, 0x00, 0x0c,
    0x30, 0x2c, 0x00, 0x0c, 0x30, 0x30, 0x00, 0x0c, 0x28, 0x28, 0x00, 0x0c,
    0x38, 0x28, 0x00, 0x0c, 0x38, 0x38, 0x00, 0x0c, 0x48, 0x34, 0x00, 0x10,
    0x48, 0x44, 0x00, 0x10, 0x50, 0x40, 0x00, 0x10, 0x48, 0x4c, 0x00, 0x10,
    0x58, 0x44, 0x00, 0x10, 0x50, 0x44, 0x00, 0x14, 0x60, 0x50, 0x00, 0x14,
    0x68, 0x4c, 0x00, 0x14, 0x60, 0x54, 0x00, 0x14, 0x68, 0x50, 0x00, 0x14,
    0x68, 0x5c, 0x00, 0x18, 0x70, 0x58, 0x00, 0x18, 0x68, 0x60, 0x00, 0x18,
    0x70, 0x60, 0x00, 0x18, 0x78, 0x64, 0x00, 0x18, 0x80, 0x64, 0x00, 0x18,
    0x80, 0x6c, 0x00, 0x1c, 0x80, 0x70, 0x00, 0x1c, 0x80, 0x6c, 0x00, 0x1c,
    0x88, 0x78, 0x00, 0x1c, 0x88, 0x70, 0x00, 0x1c, 0x98, 0x7c, 0x00, 0x1c,
    0x90, 0x78, 0x00, 0x1c, 0x98, 0x7c, 0x00, 0x20, 0x90, 0x7c, 0x00, 0x20,
    0x98, 0x80, 0x00, 0x20, 0xa0, 0x80, 0x00, 0x20, 0xa0, 0x88, 0x00, 0x20,
    0xa0, 0x80, 0x00, 0x20, 0xa8, 0x8c, 0x00, 0x20, 0xa8, 0x88, 0x00, 0x20,
    0xa8, 0x88, 0x00, 0x24, 0xb0, 0x8c, 0x00, 0x24, 0xa8, 0x90, 0x00, 0x20,
    0xa8, 0x8c, 0x00, 0x24, 0xb0, 0x90, 0x00, 0x24, 0xb0, 0x90, 0x00, 0x24,
    0xb0, 0x94, 0x00, 0x24, 0xb0, 0x90, 0x00, 0x24, 0xa8, 0x88, 0x00, 0x24,
    0xa8, 0x88, 0x00, 0x24, 0xa8, 0x8c, 0x00, 0x24, 0xa8, 0x8c, 0x00, 0x24,
    0xa8, 0x8c, 0x00, 0x20, 0xa8, 0x8c, 0x00, 0x24, 0xa8, 0x88, 0x00, 0x20,
    0xa0, 0x8c, 0x00, 0x20, 0xa0, 0x80, 0x00, 0x20, 0xa8, 0x88, 0x00, 0x20,
    0xa0, 0x88, 0x00, 0x20, 0x98, 0x80, 0x00, 0x20, 0xa0, 0x7c, 0x00, 0x20,
    0x90, 0x7c, 0x00, 0x20, 0x90, 0x78, 0x00, 0x1c, 0x88, 0x7c, 0x00, 0x1c,
    0x90, 0x70, 0x00, 0x1c, 0x90, 0x78, 0x00, 0x1c, 0x88, 0x6c, 0x00, 0x1c,
    0x80, 0x70, 0x00, 0x1c, 0x80, 0x6c, 0x00, 0x1c, 0x78, 0x60, 0x00, 0x1c,
    0x78, 0x64, 0x00, 0x18, 0x70, 0x60, 0x00, 0x18, 0x78, 0x60, 0x00, 0x18,
    0x70, 0x58, 0x00, 0x18, 0x68, 0x5c, 0x00, 0x14, 0x68, 0x54, 0x00, 0x14,
    0x60, 0x54, 0x00, 0x14, 0x58, 0x4c, 0x00, 0x14, 0x60, 0x50, 0x00, 0x14,
    0x60, 0x44, 0x00, 0x10, 0x58, 0x44, 0x00, 0x14, 0x48, 0x3c, 0x00, 0x10,
    0x50, 0x40, 0x00, 0x10, 0x48, 0x34, 0x00, 0x10, 0x48, 0x34, 0x00, 0x10,
    0x50, 0x38, 0x00, 0x0c, 0x38, 0x3c, 0x00, 0x0c, 0x40, 0x2c, 0x00, 0x0c,
    0x40, 0x40, 0x00, 0x0c, 0xf0, 0xc4, 0x00, 0x55, 0xe0, 0xb8, 0x00, 0x38,
    0x18, 0x1c, 0x00, 0x08, 0x20, 0x1c, 0x00, 0x08, 0x20, 0x24, 0x20, 0x61,
    0x28, 0x24, 0x20, 0xfb, 0x20, 0x20, 0x18, 0xff, 0x20, 0x20, 0x18, 0xff,
    0x60, 0x58, 0x10, 0xff, 0x30, 0x2c, 0x18, 0xff, 0x18, 0x1c, 0x18, 0xff,
    0x40, 0x38, 0x18, 0xff, 0x60, 0x50, 0x10, 0xff, 0x20, 0x1c, 0x18, 0xff,
    0x20, 0x20, 0x18, 0xff, 0x58, 0x4c, 0x18, 0xff, 0x20, 0x24, 0x20, 0xeb,
    0x20, 0x20, 0x20, 0x14, 0x00, 0x00, 0x00, 0x00, 0x00, 0x00, 0x00, 0x00,
    0x00, 0x00, 0x00, 0x00, 0x00, 0x00, 0x00, 0x00, 0x00, 0x00, 0x00, 0x00,
    0x00, 0x00, 0x00, 0x00, 0x00, 0x00, 0x00, 0x00, 0x00, 0x00, 0x00, 0x00,
    0x00, 0x00, 0x00, 0x00, 0x00, 0x00, 0x00, 0x00, 0x00, 0x00, 0x00, 0x00,
    0x00, 0x00, 0x00, 0x00, 0x00, 0x00, 0x00, 0x00, 0x00, 0x00, 0x00, 0x00,
    0x00, 0x00, 0x00, 0x00, 0x00, 0x00, 0x00, 0x00, 0x00, 0x00, 0x00, 0x00,
    0x00, 0x00, 0x00, 0x00, 0x00, 0x00, 0x00, 0x00, 0x00, 0x00, 0x00, 0x00,
    0x38, 0x3c, 0x38, 0x61, 0x30, 0x34, 0x30, 0xff, 0x18, 0x1c, 0x18, 0xff,
    0x18, 0x18, 0x18, 0xff, 0x18, 0x1c, 0x18, 0xff, 0x18, 0x18, 0x20, 0xff,
    0x18, 0x1c, 0x18, 0xff, 0x18, 0x1c, 0x18, 0xff, 0x18, 0x18, 0x20, 0xff,
    0x18, 0x1c, 0x18, 0xff, 0x18, 0x1c, 0x18, 0xff, 0x28, 0x24, 0x28, 0xff,
    0x38, 0x38, 0x38, 0xdb, 0x30, 0x30, 0x28, 0x1c, 0x20, 0x1c, 0x00, 0x08,
    0x38, 0x1c, 0x00, 0x08, 0x30, 0x34, 0x00, 0x0c, 0x30, 0x30, 0x00, 0x0c,
    0x40, 0x28, 0x00, 0x0c, 0x40, 0x40, 0x00, 0x0c, 0x38, 0x38, 0x00, 0x0c,
    0x48, 0x38, 0x00, 0x10, 0x48, 0x44, 0x00, 0x10, 0x50, 0x40, 0x00, 0x10,
    0x50, 0x40, 0x00, 0x10, 0x58, 0x4c, 0x00, 0x10, 0x58, 0x44, 0x00, 0x10,
    0x60, 0x50, 0x00, 0x14, 0x58, 0x4c, 0x00, 0x14, 0x68, 0x58, 0x00, 0x14,
    0x68, 0x54, 0x00, 0x14, 0x68, 0x5c, 0x00, 0x18, 0x70, 0x5c, 0x00, 0x14,
    0x70, 0x64, 0x00, 0x18, 0x78, 0x60, 0x00, 0x18, 0x78, 0x64, 0x00, 0x18,
    0x80, 0x70, 0x00, 0x18, 0x80, 0x6c, 0x00, 0x1c, 0x88, 0x70, 0x00, 0x1c,
    0x88, 0x70, 0x00, 0x1c, 0x88, 0x78, 0x00, 0x1c, 0x90, 0x70, 0x00, 0x1c,
    0x98, 0x7c, 0x00, 0x1c, 0x98, 0x80, 0x00, 0x20, 0x90, 0x7c, 0x00, 0x20,
    0xa0, 0x80, 0x00, 0x20, 0x98, 0x80, 0x00, 0x20, 0xa0, 0x84, 0x00, 0x20,
    0xa0, 0x84, 0x00, 0x20, 0xa8, 0x8c, 0x00, 0x20, 0xa8, 0x88, 0x00, 0x20,
    0xa8, 0x8c, 0x00, 0x24, 0xa8, 0x8c, 0x00, 0x20, 0xa8, 0x88, 0x00, 0x24,
    0xb0, 0x90, 0x00, 0x24, 0xc0, 0xa0, 0x00, 0x2c, 0xe8, 0xc0, 0x00, 0x55,
    0xf0, 0xc8, 0x00, 0x7d, 0xf8, 0xd0, 0x00, 0x92, 0xf8, 0xd0, 0x00, 0x9e,
    0xf8, 0xd0, 0x00, 0x9e, 0xf8, 0xcc, 0x00, 0x92, 0xf0, 0xc8, 0x00, 0x75,
    0xe8, 0xc0, 0x00, 0x55, 0xb8, 0x9c, 0x00, 0x28, 0xb0, 0x90, 0x00, 0x24,
    0xb0, 0x90, 0x00, 0x24, 0xa8, 0x8c, 0x00, 0x24, 0xb0, 0x8c, 0x00, 0x20,
    0xa8, 0x88, 0x00, 0x20, 0xa0, 0x8c, 0x00, 0x20, 0xa0, 0x88, 0x00, 0x20,
    0xa0, 0x88, 0x00, 0x20, 0xa0, 0x7c, 0x00, 0x20, 0xa0, 0x84, 0x00, 0x20,
    0x98, 0x80, 0x00, 0x20, 0x90, 0x78, 0x00, 0x1c, 0x98, 0x7c, 0x00, 0x1c,
    0x88, 0x7c, 0x00, 0x1c, 0x90, 0x74, 0x00, 0x1c, 0x90, 0x70, 0x00, 0x1c,
    0x80, 0x70, 0x00, 0x1c, 0x80, 0x6c, 0x00, 0x18, 0x78, 0x64, 0x00, 0x18,
    0x78, 0x64, 0x00, 0x18, 0x70, 0x60, 0x00, 0x18, 0x78, 0x64, 0x00, 0x18,
    0x70, 0x5c, 0x00, 0x18, 0x68, 0x5c, 0x00, 0x18, 0x60, 0x54, 0x00, 0x14,
    0x68, 0x58, 0x00, 0x14, 0x58, 0x50, 0x00, 0x14, 0x60, 0x50, 0x00, 0x14,
    0x58, 0x48, 0x00, 0x10, 0x58, 0x4c, 0x00, 0x10, 0x50, 0x3c, 0x00, 0x10,
    0x50, 0x40, 0x00, 0x10, 0x40, 0x34, 0x00, 0x10, 0x48, 0x34, 0x00, 0x0c,
    0x38, 0x38, 0x00, 0x0c, 0x40, 0x2c, 0x00, 0x0c, 0x40, 0x28, 0x00, 0x0c,
    0xc8, 0xac, 0x00, 0x28, 0xd0, 0xb0, 0x00, 0x28, 0x38, 0x1c, 0x00, 0x08,
    0x20, 0x20, 0x00, 0x08, 0x20, 0x20, 0x20, 0x28, 0x20, 0x24, 0x28, 0xef,
    0x20, 0x1c, 0x20, 0xff, 0x18, 0x1c, 0x18, 0xff, 0x18, 0x18, 0x18, 0xff,
    0x18, 0x18, 0x20, 0xff, 0x18, 0x1c, 0x18, 0xff, 0x18, 0x18, 0x18, 0xff,
    0x18, 0x18, 0x18, 0xff, 0x18, 0x1c, 0x18, 0xff, 0x18, 0x1c, 0x18, 0xff,
    0x18, 0x18, 0x18, 0xff, 0x20, 0x20, 0x20, 0xf7, 0x20, 0x20, 0x20, 0x49,
    0x00, 0x00, 0x00, 0x00, 0x00, 0x00, 0x00, 0x00, 0x00, 0x00, 0x00, 0x00,
    0x00, 0x00, 0x00, 0x00, 0x00, 0x00, 0x00, 0x00, 0x00, 0x00, 0x00, 0x00,
    0x00, 0x00, 0x00, 0x00, 0x00, 0x00, 0x00, 0x00, 0x00, 0x00, 0x00, 0x00,
    0x00, 0x00, 0x00, 0x00, 0x00, 0x00, 0x00, 0x00, 0x00, 0x00, 0x00, 0x00,
    0x00, 0x00, 0x00, 0x00, 0x00, 0x00, 0x00, 0x00, 0x00, 0x00, 0x00, 0x00,
    0x00, 0x00, 0x00, 0x00, 0x00, 0x00, 0x00, 0x00, 0x00, 0x00, 0x00, 0x00,
    0x00, 0x00, 0x00, 0x00, 0x40, 0x40, 0x40, 0x04, 0x38, 0x3c, 0x38, 0xa6,
    0x50, 0x48, 0x28, 0xff, 0x70, 0x5c, 0x10, 0xff, 0x20, 0x20, 0x18, 0xff,
    0x28, 0x20, 0x18, 0xff, 0x78, 0x64, 0x10, 0xff, 0x40, 0x34, 0x18, 0xff,
    0x18, 0x18, 0x18, 0xff, 0x48, 0x40, 0x18, 0xff, 0x68, 0x5c, 0x10, 0xff,
    0x20, 0x20, 0x18, 0xff, 0x30, 0x30, 0x30, 0xff, 0x38, 0x38, 0x38, 0x92,
    0x20, 0x20, 0x00, 0x08, 0x38, 0x1c, 0x00, 0x08, 0xc0, 0xa0, 0x00, 0x20,
    0xc8, 0xac, 0x00, 0x20, 0x30, 0x2c, 0x00, 0x0c, 0x40, 0x2c, 0x00, 0x0c,
    0x38, 0x38, 0x00, 0x0c, 0x48, 0x38, 0x00, 0x0c, 0x40, 0x44, 0x00, 0x10,
    0x58, 0x44, 0x00, 0x10, 0x50, 0x50, 0x00, 0x10, 0x58, 0x48, 0x00, 0x10,
    0x50, 0x44, 0x00, 0x14, 0x60, 0x54, 0x00, 0x10, 0x60, 0x50, 0x00, 0x14,
    0x68, 0x58, 0x00, 0x14, 0x68, 0x54, 0x00, 0x14, 0x70, 0x64, 0x00, 0x14,
    0x70, 0x5c, 0x00, 0x18, 0x70, 0x64, 0x00, 0x18, 0x70, 0x60, 0x00, 0x18,
    0x80, 0x68, 0x00, 0x18, 0x88, 0x70, 0x00, 0x18, 0x80, 0x6c, 0x00, 0x18,
    0x80, 0x70, 0x00, 0x1c, 0x90, 0x70, 0x00, 0x1c, 0x88, 0x78, 0x00, 0x1c,
    0x88, 0x7c, 0x00, 0x1c, 0x98, 0x7c, 0x00, 0x1c, 0x98, 0x80, 0x00, 0x20,
    0x98, 0x84, 0x00, 0x20, 0xa0, 0x84, 0x00, 0x20, 0xa0, 0x88, 0x00, 0x20,
    0xa0, 0x84, 0x00, 0x20, 0xa0, 0x8c, 0x00, 0x20, 0xa8, 0x8c, 0x00, 0x20,
    0xa8, 0x8c, 0x00, 0x24, 0xb0, 0x8c, 0x00, 0x24, 0xb0, 0x90, 0x00, 0x24,
    0xc8, 0xac, 0x00, 0x30, 0xf0, 0xc4, 0x00, 0x65, 0xf8, 0xd0, 0x00, 0xb6,
    0xf8, 0xd4, 0x00, 0xf7, 0xf8, 0xd4, 0x00, 0xfb, 0xf8, 0xd4, 0x00, 0xff,
    0xf8, 0xd4, 0x00, 0xff, 0xf8, 0xd4, 0x00, 0xff, 0xf8, 0xd4, 0x00, 0xff,
    0xf8, 0xd4, 0x00, 0xff, 0xf8, 0xd4, 0x00, 0xff, 0xf8, 0xd4, 0x00, 0xfb,
    0xf8, 0xd4, 0x00, 0xef, 0xf8, 0xd0, 0x00, 0xaa, 0xe8, 0xc4, 0x00, 0x61,
    0xc0, 0xa4, 0x00, 0x30, 0xb0, 0x90, 0x00, 0x24, 0xa8, 0x90, 0x00, 0x24,
    0xa8, 0x8c, 0x00, 0x24, 0xa8, 0x8c, 0x00, 0x20, 0xa0, 0x8c, 0x00, 0x20,
    0xa8, 0x88, 0x00, 0x20, 0xa0, 0x84, 0x00, 0x20, 0x98, 0x84, 0x00, 0x20,
    0x98, 0x7c, 0x00, 0x20, 0x98, 0x80, 0x00, 0x20, 0x98, 0x7c, 0x00, 0x1c,
    0x90, 0x7c, 0x00, 0x1c, 0x90, 0x78, 0x00, 0x1c, 0x90, 0x70, 0x00, 0x1c,
    0x88, 0x70, 0x00, 0x1c, 0x80, 0x6c, 0x00, 0x18, 0x78, 0x64, 0x00, 0x18,
    0x80, 0x68, 0x00, 0x18, 0x78, 0x60, 0x00, 0x18, 0x78, 0x64, 0x00, 0x18,
    0x70, 0x5c, 0x00, 0x14, 0x70, 0x60, 0x00, 0x14, 0x60, 0x54, 0x00, 0x14,
    0x68, 0x4c, 0x00, 0x14, 0x60, 0x50, 0x00, 0x14, 0x60, 0x54, 0x00, 0x10,
    0x50, 0x44, 0x00, 0x14, 0x58, 0x4c, 0x00, 0x10, 0x50, 0x40, 0x00, 0x10,
    0x58, 0x44, 0x00, 0x10, 0x48, 0x38, 0x00, 0x10, 0x48, 0x34, 0x00, 0x10,
    0x50, 0x38, 0x00, 0x0c, 0x40, 0x40, 0x00, 0x0c, 0x40, 0x30, 0x00, 0x0c,
    0x30, 0x34, 0x00, 0x08, 0x38, 0x38, 0x00, 0x08, 0x38, 0x1c, 0x00, 0x08,
    0x20, 0x20, 0x00, 0x08, 0x20, 0x24, 0x20, 0xb6, 0x20, 0x20, 0x20, 0xff,
    0x28, 0x20, 0x18, 0xff, 0x78, 0x64, 0x10, 0xff, 0x40, 0x38, 0x18, 0xff,
    0x18, 0x18, 0x18, 0xff, 0x48, 0x40, 0x18, 0xff, 0x70, 0x5c, 0x10, 0xff,
    0x20, 0x20, 0x18, 0xff, 0x20, 0x20, 0x18, 0xff, 0x78, 0x60, 0x10, 0xff,
    0x38, 0x34, 0x20, 0xff, 0x20, 0x20, 0x20, 0x8a, 0x00, 0x00, 0x00, 0x00,
    0x00, 0x00, 0x00, 0x00, 0x00, 0x00, 0x00, 0x00, 0x00, 0x00, 0x00, 0x00,
    0x00, 0x00, 0x00, 0x00, 0x00, 0x00, 0x00, 0x00, 0x00, 0x00, 0x00, 0x00,
    0x00, 0x00, 0x00, 0x00, 0x00, 0x00, 0x00, 0x00, 0x00, 0x00, 0x00, 0x00,
    0x00, 0x00, 0x00, 0x00, 0x00, 0x00, 0x00, 0x00, 0x00, 0x00, 0x00, 0x00,
    0x00, 0x00, 0x00, 0x00, 0x00, 0x00, 0x00, 0x00, 0x00, 0x00, 0x00, 0x00,
    0x00, 0x00, 0x00, 0x00, 0x00, 0x00, 0x00, 0x00, 0x00, 0x00, 0x00, 0x00,
    0x38, 0x34, 0x38, 0x10, 0x40, 0x3c, 0x40, 0xd7, 0x60, 0x58, 0x20, 0xff,
    0x90, 0x78, 0x10, 0xff, 0x28, 0x28, 0x18, 0xff, 0x30, 0x30, 0x18, 0xff,
    0x98, 0x7c, 0x10, 0xff, 0x60, 0x50, 0x10, 0xff, 0x18, 0x1c, 0x18, 0xff,
    0x70, 0x5c, 0x10, 0xff, 0x90, 0x78, 0x10, 0xff, 0x30, 0x28, 0x18, 0xff,
    0x38, 0x38, 0x38, 0xfb, 0x30, 0x34, 0x30, 0x34, 0x20, 0x20, 0x00, 0x08,
    0x38, 0x1c, 0x00, 0x08, 0xf0, 0xc4, 0x00, 0x51, 0xe0, 0xc0, 0x00, 0x3c,
    0x40, 0x40, 0x00, 0x0c, 0x40, 0x28, 0x00, 0x0c, 0x38, 0x3c, 0x00, 0x0c,
    0x48, 0x34, 0x00, 0x0c, 0x48, 0x44, 0x00, 0x10, 0x50, 0x44, 0x00, 0x10,
    0x60, 0x50, 0x00, 0x10, 0x58, 0x4c, 0x00, 0x10, 0x58, 0x44, 0x00, 0x10,
    0x60, 0x50, 0x00, 0x14, 0x68, 0x4c, 0x00, 0x14, 0x60, 0x54, 0x00, 0x14,
    0x68, 0x60, 0x00, 0x14, 0x70, 0x5c, 0x00, 0x18, 0x70, 0x64, 0x00, 0x18,
    0x78, 0x64, 0x00, 0x18, 0x80, 0x68, 0x00, 0x18, 0x78, 0x64, 0x00, 0x18,
    0x80, 0x6c, 0x00, 0x18, 0x88, 0x74, 0x00, 0x1c, 0x90, 0x70, 0x00, 0x1c,
    0x90, 0x78, 0x00, 0x1c, 0x90, 0x74, 0x00, 0x1c, 0x98, 0x7c, 0x00, 0x1c,
    0x98, 0x80, 0x00, 0x1c, 0x98, 0x80, 0x00, 0x20, 0xa0, 0x84, 0x00, 0x20,
    0xa0, 0x88, 0x00, 0x20, 0xa0, 0x8c, 0x00, 0x20, 0xa0, 0x8c, 0x00, 0x20,
    0xa8, 0x88, 0x00, 0x20, 0xa8, 0x8c, 0x00, 0x24, 0xb0, 0x90, 0x00, 0x24,
    0xc8, 0xa8, 0x00, 0x2c, 0xf0, 0xc8, 0x00, 0x7d, 0xf8, 0xd4, 0x00, 0xe3,
    0xf8, 0xd4, 0x00, 0xfb, 0xf8, 0xd4, 0x00, 0xff, 0xf8, 0xd4, 0x00, 0xff,
    0xf0, 0xcc, 0x00, 0xff, 0xe8, 0xc0, 0x00, 0xff, 0xd8, 0xb8, 0x00, 0xff,
    0xd8, 0xb4, 0x08, 0xff, 0xd8, 0xb4, 0x00, 0xff, 0xd8, 0xb8, 0x00, 0xff,
    0xe8, 0xc0, 0x00, 0xff, 0xf0, 0xcc, 0x00, 0xff, 0xf8, 0xd4, 0x00, 0xff,
    0xf8, 0xd4, 0x00, 0xff, 0xf8, 0xd4, 0x00, 0xfb, 0xf8, 0xd0, 0x00, 0xdb,
    0xf0, 0xc8, 0x00, 0x6d, 0xc0, 0xa0, 0x00, 0x2c, 0xa8, 0x90, 0x00, 0x24,
    0xa8, 0x8c, 0x00, 0x20, 0xa8, 0x8c, 0x00, 0x20, 0xa8, 0x8c, 0x00, 0x20,
    0xa0, 0x84, 0x00, 0x20, 0xa0, 0x88, 0x00, 0x20, 0xa0, 0x84, 0x00, 0x20,
    0x98, 0x7c, 0x00, 0x1c, 0x98, 0x80, 0x00, 0x20, 0x98, 0x7c, 0x00, 0x1c,
    0x90, 0x80, 0x00, 0x1c, 0x88, 0x78, 0x00, 0x1c, 0x90, 0x70, 0x00, 0x1c,
    0x88, 0x6c, 0x00, 0x1c, 0x80, 0x6c, 0x00, 0x1c, 0x88, 0x64, 0x00, 0x18,
    0x80, 0x68, 0x00, 0x18, 0x78, 0x64, 0x00, 0x18, 0x70, 0x58, 0x00, 0x18,
    0x70, 0x5c, 0x00, 0x18, 0x70, 0x54, 0x00, 0x14, 0x68, 0x58, 0x00, 0x14,
    0x68, 0x4c, 0x00, 0x14, 0x60, 0x50, 0x00, 0x14, 0x60, 0x54, 0x00, 0x14,
    0x58, 0x4c, 0x00, 0x10, 0x50, 0x40, 0x00, 0x10, 0x58, 0x44, 0x00, 0x10,
    0x40, 0x44, 0x00, 0x10, 0x48, 0x38, 0x00, 0x0c, 0x50, 0x38, 0x00, 0x0c,
    0x40, 0x40, 0x00, 0x0c, 0x40, 0x28, 0x00, 0x0c, 0x30, 0x2c, 0x00, 0x0c,
    0x30, 0x34, 0x00, 0x0c, 0x38, 0x1c, 0x00, 0x08, 0x20, 0x20, 0x00, 0x08,
    0x20, 0x24, 0x20, 0x55, 0x20, 0x24, 0x28, 0xfb, 0x38, 0x30, 0x18, 0xff,
    0x98, 0x7c, 0x10, 0xff, 0x60, 0x50, 0x10, 0xff, 0x18, 0x1c, 0x18, 0xff,
    0x68, 0x5c, 0x10, 0xff, 0x90, 0x78, 0x10, 0xff, 0x30, 0x28, 0x18, 0xff,
    0x30, 0x30, 0x18, 0xff, 0x98, 0x7c, 0x10, 0xff, 0x50, 0x44, 0x18, 0xff,
    0x20, 0x20, 0x20, 0xcb, 0x00, 0x00, 0x00, 0x04, 0x00, 0x00, 0x00, 0x00,
    0x00, 0x00, 0x00, 0x00, 0x00, 0x00, 0x00, 0x00, 0x00, 0x00, 0x00, 0x00,
    0x00, 0x00, 0x00, 0x00, 0x00, 0x00, 0x00, 0x00, 0x00, 0x00, 0x00, 0x00,
    0x00, 0x00, 0x00, 0x00, 0x00, 0x00, 0x00, 0x00, 0x00, 0x00, 0x00, 0x00,
    0x00, 0x00, 0x00, 0x00, 0x00, 0x00, 0x00, 0x00, 0x00, 0x00, 0x00, 0x00,
    0x00, 0x00, 0x00, 0x00, 0x00, 0x00, 0x00, 0x00, 0x00, 0x00, 0x00, 0x00,
    0x00, 0x00, 0x00, 0x00, 0x00, 0x00, 0x00, 0x00, 0x38, 0x38, 0x38, 0x28,
    0x38, 0x38, 0x38, 0xfb, 0x20, 0x20, 0x18, 0xff, 0x30, 0x28, 0x18, 0xff,
    0x18, 0x18, 0x18, 0xff, 0x18, 0x1c, 0x18, 0xff, 0x30, 0x2c, 0x18, 0xff,
    0x20, 0x1c, 0x18, 0xff, 0x18, 0x1c, 0x18, 0xff, 0x20, 0x20, 0x18, 0xff,
    0x30, 0x28, 0x18, 0xff, 0x20, 0x24, 0x28, 0xff, 0x38, 0x38, 0x38, 0xdb,
    0x38, 0x34, 0x20, 0x10, 0x38, 0x1c, 0x00, 0x08, 0x68, 0x54, 0x00, 0x0c,
    0xf0, 0xc4, 0x00, 0x51, 0xb0, 0x8c, 0x00, 0x18, 0x40, 0x2c, 0x00, 0x0c,
    0x40, 0x40, 0x00, 0x0c, 0x50, 0x38, 0x00, 0x0c, 0x48, 0x48, 0x00, 0x10,
    0x58, 0x44, 0x00, 0x10, 0x50, 0x40, 0x00, 0x10, 0x58, 0x4c, 0x00, 0x10,
    0x50, 0x44, 0x00, 0x10, 0x60, 0x54, 0x00, 0x14, 0x60, 0x50, 0x00, 0x14,
    0x68, 0x5c, 0x00, 0x14, 0x68, 0x54, 0x00, 0x14, 0x70, 0x60, 0x00, 0x14,
    0x70, 0x68, 0x00, 0x14, 0x70, 0x64, 0x00, 0x18, 0x78, 0x60, 0x00, 0x18,
    0x78, 0x64, 0x00, 0x18, 0x80, 0x6c, 0x00, 0x18, 0x88, 0x6c, 0x00, 0x1c,
    0x90, 0x70, 0x00, 0x1c, 0x88, 0x78, 0x00, 0x1c, 0x90, 0x74, 0x00, 0x1c,
    0x98, 0x7c, 0x00, 0x1c, 0x98, 0x80, 0x00, 0x1c, 0x98, 0x78, 0x00, 0x20,
    0xa0, 0x84, 0x00, 0x20, 0xa0, 0x84, 0x00, 0x20, 0xa0, 0x88, 0x00, 0x20,
    0xa8, 0x8c, 0x00, 0x20, 0xa8, 0x8c, 0x00, 0x24, 0xa8, 0x8c, 0x00, 0x20,
    0xb0, 0x90, 0x00, 0x24, 0xe0, 0xb8, 0x00, 0x45, 0xf8, 0xd4, 0x00, 0xcb,
    0xf8, 0xd4, 0x00, 0xfb, 0xf8, 0xd4, 0x00, 0xff, 0xf8, 0xd4, 0x00, 0xff,
    0xd0, 0xac, 0x08, 0xff, 0x70, 0x60, 0x08, 0xff, 0x40, 0x38, 0x10, 0xff,
    0x28, 0x24, 0x10, 0xff, 0x18, 0x18, 0x10, 0xff, 0x10, 0x10, 0x10, 0xff,
    0x10, 0x10, 0x10, 0xff, 0x18, 0x18, 0x10, 0xff, 0x30, 0x28, 0x10, 0xff,
    0x40, 0x3c, 0x10, 0xff, 0x80, 0x68, 0x08, 0xff, 0xd8, 0xb4, 0x00, 0xff,
    0xf8, 0xd4, 0x00, 0xff, 0xf8, 0xd4, 0x00, 0xff, 0xf8, 0xd4, 0x00, 0xf7,
    0xf8, 0xd0, 0x00, 0xbe, 0xd8, 0xb4, 0x00, 0x3c, 0xb0, 0x90, 0x00, 0x24,
    0xb8, 0x98, 0x00, 0x24, 0xa8, 0x8c, 0x00, 0x24, 0xa8, 0x8c, 0x00, 0x20,
    0xa0, 0x8c, 0x00, 0x20, 0xa0, 0x88, 0x00, 0x20, 0x98, 0x84, 0x00, 0x20,
    0x98, 0x7c, 0x00, 0x1c, 0x98, 0x80, 0x00, 0x20, 0x90, 0x7c, 0x00, 0x1c,
    0x90, 0x74, 0x00, 0x1c, 0x88, 0x74, 0x00, 0x1c, 0x80, 0x70, 0x00, 0x1c,
    0x80, 0x6c, 0x00, 0x18, 0x80, 0x64, 0x00, 0x18, 0x78, 0x64, 0x00, 0x18,
    0x80, 0x6c, 0x00, 0x18, 0x78, 0x64, 0x00, 0x18, 0x70, 0x5c, 0x00, 0x14,
    0x70, 0x60, 0x00, 0x14, 0x68, 0x54, 0x00, 0x14, 0x68, 0x4c, 0x00, 0x14,
    0x68, 0x50, 0x00, 0x14, 0x60, 0x54, 0x00, 0x10, 0x58, 0x44, 0x00, 0x10,
    0x58, 0x4c, 0x00, 0x10, 0x50, 0x40, 0x00, 0x10, 0x58, 0x44, 0x00, 0x10,
    0x48, 0x34, 0x00, 0x0c, 0x50, 0x3c, 0x00, 0x0c, 0x50, 0x40, 0x00, 0x0c,
    0x40, 0x28, 0x00, 0x0c, 0x48, 0x2c, 0x00, 0x0c, 0x30, 0x34, 0x00, 0x0c,
    0x38, 0x38, 0x00, 0x08, 0x20, 0x1c, 0x00, 0x08, 0x28, 0x24, 0x20, 0x24,
    0x20, 0x20, 0x20, 0xe3, 0x18, 0x1c, 0x20, 0xff, 0x30, 0x28, 0x18, 0xff,
    0x20, 0x1c, 0x18, 0xff, 0x18, 0x1c, 0x18, 0xff, 0x20, 0x20, 0x18, 0xff,
    0x30, 0x28, 0x18, 0xff, 0x18, 0x18, 0x20, 0xff, 0x18, 0x1c, 0x18, 0xff,
    0x30, 0x2c, 0x18, 0xff, 0x20, 0x1c, 0x18, 0xff, 0x20, 0x20, 0x20, 0xfb,
    0x28, 0x28, 0x28, 0x14, 0x00, 0x00, 0x00, 0x00, 0x00, 0x00, 0x00, 0x00,
    0x00, 0x00, 0x00, 0x00, 0x00, 0x00, 0x00, 0x00, 0x00, 0x00, 0x00, 0x00,
    0x00, 0x00, 0x00, 0x00, 0x00, 0x00, 0x00, 0x00, 0x00, 0x00, 0x00, 0x00,
    0x00, 0x00, 0x00, 0x00, 0x00, 0x00, 0x00, 0x00, 0x00, 0x00, 0x00, 0x00,
    0x00, 0x00, 0x00, 0x00, 0x00, 0x00, 0x00, 0x00, 0x00, 0x00, 0x00, 0x00,
    0x00, 0x00, 0x00, 0x00, 0x00, 0x00, 0x00, 0x00, 0x00, 0x00, 0x00, 0x00,
    0x00, 0x00, 0x00, 0x00, 0x40, 0x3c, 0x38, 0x69, 0x30, 0x30, 0x30, 0xff,
    0x28, 0x24, 0x18, 0xff, 0x30, 0x2c, 0x18, 0xff, 0x18, 0x18, 0x18, 0xff,
    0x18, 0x1c, 0x18, 0xff, 0x38, 0x30, 0x18, 0xff, 0x20, 0x20, 0x18, 0xff,
    0x18, 0x18, 0x20, 0xff, 0x20, 0x20, 0x18, 0xff, 0x30, 0x30, 0x18, 0xff,
    0x30, 0x2c, 0x30, 0xff, 0x38, 0x38, 0x38, 0xaa, 0x30, 0x18, 0x00, 0x0c,
    0x20, 0x1c, 0x00, 0x08, 0x18, 0x18, 0x00, 0x0c, 0x30, 0x34, 0x00, 0x0c,
    0x30, 0x2c, 0x00, 0x0c, 0x40, 0x28, 0x00, 0x0c, 0x38, 0x3c, 0x00, 0x0c,
    0x48, 0x34, 0x00, 0x10, 0x40, 0x34, 0x00, 0x10, 0x40, 0x40, 0x00, 0x10,
    0x50, 0x40, 0x00, 0x10, 0x48, 0x4c, 0x00, 0x10, 0x58, 0x44, 0x00, 0x14,
    0x60, 0x50, 0x00, 0x14, 0x68, 0x4c, 0x00, 0x14, 0x68, 0x4c, 0x00, 0x14,
    0x60, 0x54, 0x00, 0x14, 0x68, 0x5c, 0x00, 0x18, 0x70, 0x58, 0x00, 0x18,
    0x78, 0x60, 0x00, 0x18, 0x70, 0x60, 0x00, 0x18, 0x78, 0x64, 0x00, 0x18,
    0x80, 0x6c, 0x00, 0x18, 0x80, 0x68, 0x00, 0x1c, 0x80, 0x70, 0x00, 0x1c,
    0x88, 0x74, 0x00, 0x1c, 0x88, 0x74, 0x00, 0x1c, 0x90, 0x78, 0x00, 0x1c,
    0x98, 0x80, 0x00, 0x20, 0x98, 0x7c, 0x00, 0x20, 0x98, 0x80, 0x00, 0x20,
    0xa0, 0x88, 0x00, 0x20, 0xa0, 0x8c, 0x00, 0x20, 0xa8, 0x88, 0x00, 0x20,
    0xa8, 0x8c, 0x00, 0x24, 0xb0, 0x94, 0x00, 0x24, 0xe8, 0xc4, 0x00, 0x61,
    0xf8, 0xd4, 0x00, 0xeb, 0xf8, 0xd4, 0x00, 0xff, 0xf8, 0xd0, 0x00, 0xff,
    0xc0, 0xa0, 0x08, 0xff, 0x58, 0x48, 0x10, 0xff, 0x10, 0x14, 0x10, 0xff,
    0x10, 0x10, 0x10, 0xff, 0x10, 0x10, 0x10, 0xff, 0x10, 0x10, 0x10, 0xff,
    0x10, 0x10, 0x10, 0xff, 0x10, 0x10, 0x10, 0xff, 0x10, 0x10, 0x10, 0xff,
    0x10, 0x10, 0x10, 0xff, 0x10, 0x10, 0x10, 0xff, 0x10, 0x10, 0x10, 0xff,
    0x10, 0x10, 0x10, 0xff, 0x18, 0x18, 0x10, 0xff, 0x60, 0x50, 0x10, 0xff,
    0xc8, 0xa8, 0x08, 0xff, 0xf8, 0xd4, 0x00, 0xff, 0xf8, 0xd4, 0x00, 0xff,
    0xf8, 0xd0, 0x00, 0xe3, 0xe0, 0xc0, 0x00, 0x51, 0xa8, 0x8c, 0x00, 0x24,
    0xb0, 0x8c, 0x00, 0x24, 0xa8, 0x88, 0x00, 0x20, 0xa0, 0x80, 0x00, 0x20,
    0xa8, 0x88, 0x00, 0x20, 0xa0, 0x80, 0x00, 0x20, 0xa0, 0x7c, 0x00, 0x20,
    0x98, 0x7c, 0x00, 0x1c, 0x90, 0x78, 0x00, 0x20, 0x90, 0x70, 0x00, 0x1c,
    0x88, 0x6c, 0x00, 0x1c, 0x90, 0x70, 0x00, 0x1c, 0x88, 0x6c, 0x00, 0x18,
    0x80, 0x6c, 0x00, 0x1c, 0x78, 0x64, 0x00, 0x18, 0x78, 0x60, 0x00, 0x18,
    0x68, 0x60, 0x00, 0x18, 0x70, 0x58, 0x00, 0x18, 0x68, 0x5c, 0x00, 0x18,
    0x70, 0x54, 0x00, 0x14, 0x68, 0x58, 0x00, 0x14, 0x60, 0x50, 0x00, 0x14,
    0x60, 0x44, 0x00, 0x14, 0x50, 0x44, 0x00, 0x14, 0x48, 0x3c, 0x00, 0x10,
    0x50, 0x40, 0x00, 0x10, 0x40, 0x44, 0x00, 0x10, 0x40, 0x34, 0x00, 0x10,
    0x38, 0x34, 0x00, 0x10, 0x38, 0x28, 0x00, 0x0c, 0x28, 0x2c, 0x00, 0x0c,
    0x30, 0x30, 0x00, 0x0c, 0x98, 0x80, 0x00, 0x14, 0x98, 0x78, 0x00, 0x10,
    0x20, 0x1c, 0x00, 0x08, 0x20, 0x20, 0x10, 0x10, 0x20, 0x24, 0x20, 0xc3,
    0x20, 0x20, 0x20, 0xff, 0x38, 0x30, 0x18, 0xff, 0x20, 0x20, 0x18, 0xff,
    0x18, 0x18, 0x20, 0xff, 0x28, 0x24, 0x18, 0xff, 0x30, 0x2c, 0x18, 0xff,
    0x18, 0x18, 0x18, 0xff, 0x18, 0x1c, 0x18, 0xff, 0x38, 0x30, 0x18, 0xff,
    0x20, 0x20, 0x18, 0xff, 0x20, 0x20, 0x20, 0xff, 0x20, 0x20, 0x20, 0x4d,
    0x00, 0x00, 0x00, 0x00, 0x00, 0x00, 0x00, 0x00, 0x00, 0x00, 0x00, 0x00,
    0x00, 0x00, 0x00, 0x00, 0x00, 0x00, 0x00, 0x00, 0x00, 0x00, 0x00, 0x00,
    0x00, 0x00, 0x00, 0x00, 0x00, 0x00, 0x00, 0x00, 0x00, 0x00, 0x00, 0x00,
    0x00, 0x00, 0x00, 0x00, 0x00, 0x00, 0x00, 0x00, 0x00, 0x00, 0x00, 0x00,
    0x00, 0x00, 0x00, 0x00, 0x00, 0x00, 0x00, 0x00, 0x00, 0x00, 0x00, 0x00,
    0x00, 0x00, 0x00, 0x00, 0x00, 0x00, 0x00, 0x00, 0x00, 0x00, 0x00, 0x00,
    0x38, 0x3c, 0x38, 0xae, 0x28, 0x28, 0x28, 0xff, 0x78, 0x64, 0x10, 0xff,
    0x98, 0x80, 0x10, 0xff, 0x30, 0x28, 0x18, 0xff, 0x38, 0x30, 0x18, 0xff,
    0xa0, 0x84, 0x10, 0xff, 0x68, 0x58, 0x10, 0xff, 0x18, 0x18, 0x18, 0xff,
    0x78, 0x64, 0x10, 0xff, 0x90, 0x7c, 0x10, 0xff, 0x40, 0x3c, 0x30, 0xff,
    0x38, 0x38, 0x38, 0x69, 0x20, 0x20, 0x00, 0x08, 0x18, 0x1c, 0x00, 0x08,
    0x30, 0x18, 0x00, 0x08, 0x30, 0x34, 0x00, 0x0c, 0x30, 0x30, 0x00, 0x0c,
    0x40, 0x28, 0x00, 0x0c, 0x38, 0x3c, 0x00, 0x0c, 0x48, 0x38, 0x00, 0x0c,
    0x40, 0x34, 0x00, 0x10, 0x50, 0x3c, 0x00, 0x10, 0x50, 0x40, 0x00, 0x10,
    0x58, 0x4c, 0x00, 0x10, 0x50, 0x44, 0x00, 0x10, 0x60, 0x50, 0x00, 0x14,
    0x68, 0x4c, 0x00, 0x14, 0x60, 0x54, 0x00, 0x14, 0x68, 0x50, 0x00, 0x18,
    0x70, 0x5c, 0x00, 0x14, 0x70, 0x64, 0x00, 0x18, 0x70, 0x60, 0x00, 0x18,
    0x78, 0x64, 0x00, 0x18, 0x88, 0x64, 0x00, 0x18, 0x80, 0x6c, 0x00, 0x1c,
    0x88, 0x70, 0x00, 0x1c, 0x88, 0x6c, 0x00, 0x1c, 0x90, 0x74, 0x00, 0x1c,
    0x98, 0x7c, 0x00, 0x1c, 0x98, 0x7c, 0x00, 0x20, 0xa0, 0x84, 0x00, 0x20,
    0x98, 0x80, 0x00, 0x20, 0xa0, 0x84, 0x00, 0x20, 0xa0, 0x8c, 0x00, 0x20,
    0xa8, 0x88, 0x00, 0x20, 0xa8, 0x8c, 0x00, 0x24, 0xb0, 0x94, 0x00, 0x24,
    0xf0, 0xc8, 0x00, 0x79, 0xf8, 0xd4, 0x00, 0xf3, 0xf8, 0xd4, 0x00, 0xff,
    0xe8, 0xc0, 0x00, 0xff, 0x60, 0x54, 0x08, 0xff, 0x18, 0x14, 0x10, 0xff,
    0x10, 0x10, 0x10, 0xff, 0x10, 0x10, 0x10, 0xff, 0x10, 0x10, 0x10, 0xff,
    0x10, 0x10, 0x10, 0xff, 0x10, 0x14, 0x10, 0xff, 0x10, 0x10, 0x10, 0xff,
    0x10, 0x10, 0x10, 0xff, 0x10, 0x14, 0x10, 0xff, 0x10, 0x10, 0x10, 0xff,
    0x10, 0x10, 0x10, 0xff, 0x10, 0x10, 0x10, 0xff, 0x10, 0x10, 0x10, 0xff,
    0x10, 0x10, 0x10, 0xff, 0x10, 0x10, 0x10, 0xff, 0x18, 0x14, 0x10, 0xff,
    0x78, 0x68, 0x08, 0xff, 0xf0, 0xc8, 0x00, 0xff, 0xf8, 0xd4, 0x00, 0xff,
    0xf8, 0xd4, 0x00, 0xef, 0xe8, 0xc4, 0x00, 0x61, 0xb0, 0x94, 0x00, 0x24,
    0xb0, 0x8c, 0x00, 0x24, 0xa8, 0x88, 0x00, 0x24, 0xa0, 0x84, 0x00, 0x20,
    0xa0, 0x84, 0x00, 0x20, 0x98, 0x80, 0x00, 0x20, 0x90, 0x7c, 0x00, 0x20,
    0x90, 0x80, 0x00, 0x1c, 0x98, 0x7c, 0x00, 0x1c, 0x88, 0x74, 0x00, 0x1c,
    0x88, 0x6c, 0x00, 0x1c, 0x88, 0x70, 0x00, 0x1c, 0x80, 0x6c, 0x00, 0x18,
    0x78, 0x64, 0x00, 0x18, 0x80, 0x68, 0x00, 0x18, 0x78, 0x60, 0x00, 0x18,
    0x70, 0x58, 0x00, 0x18, 0x68, 0x5c, 0x00, 0x14, 0x68, 0x60, 0x00, 0x14,
    0x60, 0x54, 0x00, 0x14, 0x58, 0x4c, 0x00, 0x14, 0x60, 0x50, 0x00, 0x14,
    0x50, 0x48, 0x00, 0x10, 0x58, 0x4c, 0x00, 0x10, 0x50, 0x40, 0x00, 0x10,
    0x50, 0x40, 0x00, 0x10, 0x48, 0x44, 0x00, 0x10, 0x48, 0x34, 0x00, 0x0c,
    0x38, 0x38, 0x00, 0x0c, 0x40, 0x2c, 0x00, 0x0c, 0x30, 0x2c, 0x00, 0x0c,
    0xe8, 0xc0, 0x00, 0x51, 0xe0, 0xc0, 0x00, 0x3c, 0x38, 0x1c, 0x00, 0x08,
    0x20, 0x20, 0x00, 0x08, 0x20, 0x20, 0x20, 0x7d, 0x30, 0x2c, 0x20, 0xff,
    0x98, 0x84, 0x08, 0xff, 0x68, 0x58, 0x10, 0xff, 0x18, 0x18, 0x18, 0xff,
    0x70, 0x64, 0x10, 0xff, 0x98, 0x80, 0x10, 0xff, 0x30, 0x28, 0x18, 0xff,
    0x38, 0x30, 0x18, 0xff, 0xa0, 0x84, 0x08, 0xff, 0x60, 0x58, 0x10, 0xff,
    0x18, 0x1c, 0x20, 0xff, 0x20, 0x20, 0x20, 0x8e, 0x00, 0x00, 0x00, 0x00,
    0x00, 0x00, 0x00, 0x00, 0x00, 0x00, 0x00, 0x00, 0x00, 0x00, 0x00, 0x00,
    0x00, 0x00, 0x00, 0x00, 0x00, 0x00, 0x00, 0x00, 0x00, 0x00, 0x00, 0x00,
    0x00, 0x00, 0x00, 0x00, 0x00, 0x00, 0x00, 0x00, 0x00, 0x00, 0x00, 0x00,
    0x00, 0x00, 0x00, 0x00, 0x00, 0x00, 0x00, 0x00, 0x00, 0x00, 0x00, 0x00,
    0x00, 0x00, 0x00, 0x00, 0x00, 0x00, 0x00, 0x00, 0x00, 0x00, 0x00, 0x00,
    0x00, 0x00, 0x00, 0x00, 0x48, 0x44, 0x48, 0x0c, 0x38, 0x38, 0x38, 0xd7,
    0x28, 0x28, 0x28, 0xff, 0x38, 0x34, 0x18, 0xff, 0x60, 0x50, 0x10, 0xff,
    0x20, 0x1c, 0x18, 0xff, 0x20, 0x20, 0x18, 0xff, 0x60, 0x58, 0x10, 0xff,
    0x30, 0x2c, 0x18, 0xff, 0x18, 0x1c, 0x18, 0xff, 0x40, 0x38, 0x18, 0xff,
    0x60, 0x54, 0x18, 0xff, 0x38, 0x38, 0x38, 0xff, 0x38, 0x34, 0x30, 0x30,
    0x20, 0x20, 0x00, 0x08, 0x20, 0x1c, 0x00, 0x08, 0x30, 0x18, 0x00, 0x08,
    0x30, 0x30, 0x00, 0x0c, 0x40, 0x28, 0x00, 0x0c, 0x38, 0x3c, 0x00, 0x0c,
    0x38, 0x38, 0x00, 0x0c, 0x48, 0x34, 0x00, 0x0c, 0x48, 0x34, 0x00, 0x10,
    0x50, 0x40, 0x00, 0x10, 0x48, 0x3c, 0x00, 0x10, 0x58, 0x44, 0x00, 0x10,
    0x60, 0x44, 0x00, 0x14, 0x58, 0x50, 0x00, 0x14, 0x68, 0x4c, 0x00, 0x14,
    0x60, 0x54, 0x00, 0x14, 0x68, 0x50, 0x00, 0x14, 0x70, 0x5c, 0x00, 0x18,
    0x78, 0x64, 0x00, 0x18, 0x78, 0x68, 0x00, 0x18, 0x78, 0x64, 0x00, 0x18,
    0x80, 0x64, 0x00, 0x1c, 0x88, 0x68, 0x00, 0x1c, 0x90, 0x70, 0x00, 0x1c,
    0x90, 0x74, 0x00, 0x1c, 0x88, 0x74, 0x00, 0x1c, 0x90, 0x78, 0x00, 0x1c,
    0x98, 0x7c, 0x00, 0x1c, 0x98, 0x84, 0x00, 0x20, 0xa0, 0x80, 0x00, 0x20,
    0xa0, 0x80, 0x00, 0x20, 0xa8, 0x8c, 0x00, 0x20, 0xb0, 0x8c, 0x00, 0x24,
    0xb0, 0x90, 0x00, 0x24, 0xe8, 0xc4, 0x00, 0x61, 0xf8, 0xd4, 0x00, 0xf7,
    0xf8, 0xd4, 0x00, 0xff, 0xd0, 0xb0, 0x08, 0xff, 0x30, 0x2c, 0x10, 0xff,
    0x10, 0x14, 0x10, 0xff, 0x10, 0x10, 0x10, 0xff, 0x10, 0x10, 0x10, 0xff,
    0x10, 0x14, 0x10, 0xff, 0x10, 0x10, 0x10, 0xff, 0x10, 0x10, 0x10, 0xff,
    0x10, 0x10, 0x10, 0xff, 0x18, 0x14, 0x18, 0xff, 0x10, 0x10, 0x10, 0xff,
    0x10, 0x10, 0x10, 0xff, 0x18, 0x14, 0x18, 0xff, 0x10, 0x10, 0x10, 0xff,
    0x10, 0x14, 0x10, 0xff, 0x10, 0x10, 0x10, 0xff, 0x10, 0x10, 0x10, 0xff,
    0x10, 0x10, 0x10, 0xff, 0x10, 0x10, 0x10, 0xff, 0x10, 0x14, 0x10, 0xff,
    0x40, 0x38, 0x10, 0xff, 0xe0, 0xb8, 0x00, 0xff, 0xf8, 0xd4, 0x00, 0xff,
    0xf8, 0xd0, 0x00, 0xeb, 0xe8, 0xc0, 0x00, 0x51, 0xb0, 0x90, 0x00, 0x24,
    0xa8, 0x90, 0x00, 0x20, 0xa0, 0x8c, 0x00, 0x20, 0xa0, 0x84, 0x00, 0x20,
    0xa0, 0x84, 0x00, 0x20, 0xa0, 0x84, 0x00, 0x20, 0x98, 0x80, 0x00, 0x20,
    0x90, 0x78, 0x00, 0x1c, 0x88, 0x70, 0x00, 0x1c, 0x88, 0x6c, 0x00, 0x1c,
    0x80, 0x70, 0x00, 0x1c, 0x88, 0x68, 0x00, 0x1c, 0x80, 0x6c, 0x00, 0x1c,
    0x78, 0x64, 0x00, 0x18, 0x70, 0x60, 0x00, 0x18, 0x70, 0x64, 0x00, 0x18,
    0x68, 0x5c, 0x00, 0x18, 0x70, 0x60, 0x00, 0x14, 0x68, 0x54, 0x00, 0x14,
    0x68, 0x4c, 0x00, 0x14, 0x60, 0x50, 0x00, 0x14, 0x58, 0x44, 0x00, 0x14,
    0x58, 0x44, 0x00, 0x10, 0x48, 0x3c, 0x00, 0x10, 0x50, 0x40, 0x00, 0x10,
    0x48, 0x44, 0x00, 0x10, 0x48, 0x34, 0x00, 0x10, 0x38, 0x3c, 0x00, 0x0c,
    0x38, 0x28, 0x00, 0x0c, 0x28, 0x28, 0x00, 0x0c, 0xe0, 0xb4, 0x00, 0x34,
    0xe8, 0xc8, 0x00, 0x51, 0x30, 0x34, 0x00, 0x08, 0x20, 0x20, 0x00, 0x08,
    0x20, 0x20, 0x18, 0x38, 0x20, 0x24, 0x20, 0xff, 0x68, 0x58, 0x10, 0xff,
    0x30, 0x2c, 0x18, 0xff, 0x18, 0x1c, 0x18, 0xff, 0x40, 0x34, 0x18, 0xff,
    0x60, 0x50, 0x10, 0xff, 0x20, 0x1c, 0x18, 0xff, 0x20, 0x20, 0x18, 0xff,
    0x68, 0x58, 0x10, 0xff, 0x30, 0x2c, 0x18, 0xff, 0x18, 0x1c, 0x20, 0xff,
    0x20, 0x20, 0x20, 0xba, 0x30, 0x34, 0x30, 0x04, 0x00, 0x00, 0x00, 0x00,
    0x00, 0x00, 0x00, 0x00, 0x00, 0x00, 0x00, 0x00, 0x00, 0x00, 0x00, 0x00,
    0x00, 0x00, 0x00, 0x00, 0x00, 0x00, 0x00, 0x00, 0x00, 0x00, 0x00, 0x00,
    0x00, 0x00, 0x00, 0x00, 0x00, 0x00, 0x00, 0x00, 0x00, 0x00, 0x00, 0x00,
    0x00, 0x00, 0x00, 0x00, 0x00, 0x00, 0x00, 0x00, 0x00, 0x00, 0x00, 0x00,
    0x00, 0x00, 0x00, 0x00, 0x00, 0x00, 0x00, 0x00, 0x00, 0x00, 0x00, 0x00,
    0x38, 0x3c, 0x38, 0x1c, 0x38, 0x38, 0x38, 0xe7, 0x20, 0x24, 0x20, 0xff,
    0x18, 0x1c, 0x18, 0xff, 0x18, 0x18, 0x18, 0xff, 0x18, 0x1c, 0x18, 0xff,
    0x18, 0x1c, 0x18, 0xff, 0x18, 0x18, 0x18, 0xff, 0x18, 0x18, 0x18, 0xff,
    0x18, 0x1c, 0x18, 0xff, 0x18, 0x18, 0x18, 0xff, 0x28, 0x24, 0x28, 0xff,
    0x38, 0x38, 0x38, 0xeb, 0x18, 0x1c, 0x00, 0x08, 0x20, 0x20, 0x00, 0x08,
    0x38, 0x1c, 0x00, 0x08, 0x30, 0x34, 0x00, 0x0c, 0x30, 0x2c, 0x00, 0x0c,
    0x40, 0x2c, 0x00, 0x0c, 0x38, 0x38, 0x00, 0x0c, 0x50, 0x3c, 0x00, 0x0c,
    0x48, 0x34, 0x00, 0x10, 0x40, 0x44, 0x00, 0x10, 0x50, 0x40, 0x00, 0x10,
    0x58, 0x4c, 0x00, 0x10, 0x58, 0x44, 0x00, 0x14, 0x60, 0x50, 0x00, 0x14,
    0x58, 0x50, 0x00, 0x14, 0x68, 0x58, 0x00, 0x14, 0x70, 0x54, 0x00, 0x14,
    0x68, 0x5c, 0x00, 0x18, 0x70, 0x58, 0x00, 0x18, 0x70, 0x60, 0x00, 0x18,
    0x78, 0x64, 0x00, 0x18, 0x78, 0x64, 0x00, 0x18, 0x80, 0x6c, 0x00, 0x18,
    0x80, 0x70, 0x00, 0x1c, 0x88, 0x78, 0x00, 0x1c, 0x90, 0x74, 0x00, 0x1c,
    0x98, 0x7c, 0x00, 0x1c, 0x98, 0x80, 0x00, 0x20, 0x90, 0x7c, 0x00, 0x20,
    0xa0, 0x80, 0x00, 0x20, 0xa8, 0x88, 0x00, 0x20, 0xa8, 0x8c, 0x00, 0x20,
    0xa8, 0x8c, 0x00, 0x20, 0xb0, 0x90, 0x00, 0x24, 0xe0, 0xb8, 0x00, 0x45,
    0xf8, 0xd4, 0x00, 0xe7, 0xf8, 0xd4, 0x00, 0xff, 0xd8, 0xb0, 0x00, 0xff,
    0x30, 0x28, 0x10, 0xff, 0x10, 0x10, 0x10, 0xff, 0x10, 0x10, 0x10, 0xff,
    0x10, 0x10, 0x10, 0xff, 0x10, 0x14, 0x10, 0xff, 0x10, 0x10, 0x10, 0xff,
    0x10, 0x10, 0x10, 0xff, 0x10, 0x10, 0x10, 0xff, 0x10, 0x10, 0x10, 0xff,
    0x10, 0x10, 0x10, 0xff, 0x10, 0x10, 0x10, 0xff, 0x10, 0x10, 0x10, 0xff,
    0x10, 0x10, 0x10, 0xff, 0x10, 0x14, 0x10, 0xff, 0x10, 0x10, 0x10, 0xff,
    0x10, 0x10, 0x18, 0xff, 0x10, 0x14, 0x10, 0xff, 0x10, 0x10, 0x10, 0xff,
    0x10, 0x10, 0x10, 0xff, 0x10, 0x10, 0x10, 0xff, 0x10, 0x10, 0x10, 0xff,
    0x38, 0x30, 0x10, 0xff, 0xe0, 0xbc, 0x00, 0xff, 0xf8, 0xd4, 0x00, 0xff,
    0xf8, 0xd4, 0x00, 0xe3, 0xd8, 0xb4, 0x00, 0x41, 0xa8, 0x88, 0x00, 0x24,
    0xa8, 0x8c, 0x00, 0x24, 0xa0, 0x8c, 0x00, 0x20, 0xa8, 0x88, 0x00, 0x20,
    0xa0, 0x80, 0x00, 0x20, 0x98, 0x84, 0x00, 0x20, 0x98, 0x80, 0x00, 0x20,
    0x98, 0x7c, 0x00, 0x1c, 0x90, 0x78, 0x00, 0x1c, 0x88, 0x6c, 0x00, 0x1c,
    0x80, 0x70, 0x00, 0x1c, 0x80, 0x6c, 0x00, 0x18, 0x80, 0x64, 0x00, 0x18,
    0x78, 0x64, 0x00, 0x18, 0x70, 0x60, 0x00, 0x18, 0x70, 0x58, 0x00, 0x18,
    0x68, 0x5c, 0x00, 0x18, 0x70, 0x54, 0x00, 0x14, 0x68, 0x58, 0x00, 0x14,
    0x58, 0x50, 0x00, 0x14, 0x60, 0x44, 0x00, 0x14, 0x50, 0x44, 0x00, 0x14,
    0x58, 0x4c, 0x00, 0x10, 0x50, 0x40, 0x00, 0x10, 0x58, 0x44, 0x00, 0x10,
    0x48, 0x34, 0x00, 0x0c, 0x50, 0x3c, 0x00, 0x0c, 0x38, 0x28, 0x00, 0x0c,
    0x40, 0x28, 0x00, 0x0c, 0x90, 0x70, 0x00, 0x14, 0xc0, 0x9c, 0x00, 0x1c,
    0x38, 0x1c, 0x00, 0x08, 0x20, 0x20, 0x00, 0x08, 0x20, 0x1c, 0x00, 0x08,
    0x20, 0x20, 0x20, 0xef, 0x18, 0x1c, 0x20, 0xff, 0x18, 0x18, 0x18, 0xff,
    0x18, 0x1c, 0x18, 0xff, 0x18, 0x1c, 0x18, 0xff, 0x18, 0x18, 0x18, 0xff,
    0x18, 0x1c, 0x18, 0xff, 0x18, 0x1c, 0x20, 0xff, 0x18, 0x18, 0x18, 0xff,
    0x18, 0x18, 0x18, 0xff, 0x20, 0x1c, 0x20, 0xff, 0x20, 0x20, 0x20, 0xd3,
    0x28, 0x28, 0x28, 0x0c, 0x00, 0x00, 0x00, 0x00, 0x00, 0x00, 0x00, 0x00,
    0x00, 0x00, 0x00, 0x00, 0x00, 0x00, 0x00, 0x00, 0x00, 0x00, 0x00, 0x00,
    0x00, 0x00, 0x00, 0x00, 0x00, 0x00, 0x00, 0x00, 0x00, 0x00, 0x00, 0x00,
    0x00, 0x00, 0x00, 0x00, 0x00, 0x00, 0x00, 0x00, 0x00, 0x00, 0x00, 0x00,
    0x00, 0x00, 0x00, 0x00, 0x00, 0x00, 0x00, 0x00, 0x00, 0x00, 0x00, 0x00,
    0x00, 0x00, 0x00, 0x00, 0x00, 0x00, 0x00, 0x00, 0x38, 0x38, 0x38, 0x30,
    0x38, 0x38, 0x38, 0xf3, 0x20, 0x1c, 0x20, 0xff, 0x48, 0x40, 0x18, 0xff,
    0x68, 0x5c, 0x10, 0xff, 0x20, 0x20, 0x18, 0xff, 0x28, 0x24, 0x20, 0xff,
    0x78, 0x60, 0x10, 0xff, 0x40, 0x38, 0x18, 0xff, 0x18, 0x18, 0x18, 0xff,
    0x48, 0x40, 0x18, 0xff, 0x58, 0x4c, 0x28, 0xff, 0x38, 0x38, 0x38, 0xae,
    0x20, 0x20, 0x00, 0x08, 0x38, 0x1c, 0x00, 0x08, 0xd0, 0xb0, 0x00, 0x28,
    0xe0, 0xbc, 0x00, 0x3c, 0x40, 0x28, 0x00, 0x0c, 0x40, 0x40, 0x00, 0x0c,
    0x38, 0x3c, 0x00, 0x0c, 0x48, 0x34, 0x00, 0x10, 0x48, 0x44, 0x00, 0x10,
    0x50, 0x40, 0x00, 0x10, 0x48, 0x4c, 0x00, 0x10, 0x58, 0x4c, 0x00, 0x10,
    0x60, 0x54, 0x00, 0x10, 0x60, 0x50, 0x00, 0x14, 0x68, 0x4c, 0x00, 0x14,
    0x60, 0x58, 0x00, 0x14, 0x68, 0x60, 0x00, 0x14, 0x70, 0x5c, 0x00, 0x14,
    0x78, 0x64, 0x00, 0x18, 0x80, 0x6c, 0x00, 0x18, 0x78, 0x64, 0x00, 0x18,
    0x80, 0x6c, 0x00, 0x1c, 0x88, 0x74, 0x00, 0x18, 0x90, 0x70, 0x00, 0x1c,
    0x90, 0x78, 0x00, 0x1c, 0x98, 0x7c, 0x00, 0x1c, 0x98, 0x80, 0x00, 0x1c,
    0x98, 0x7c, 0x00, 0x20, 0xa0, 0x80, 0x00, 0x20, 0xa0, 0x88, 0x00, 0x20,
    0xa0, 0x8c, 0x00, 0x20, 0xa8, 0x8c, 0x00, 0x24, 0xa8, 0x98, 0x00, 0x24,
    0xc8, 0xa8, 0x00, 0x2c, 0xf8, 0xd4, 0x00, 0xcb, 0xf8, 0xd4, 0x00, 0xff,
    0xe8, 0xc0, 0x00, 0xff, 0x30, 0x2c, 0x10, 0xff, 0x10, 0x10, 0x10, 0xff,
    0x10, 0x10, 0x10, 0xff, 0x10, 0x14, 0x10, 0xff, 0x10, 0x10, 0x10, 0xff,
    0x10, 0x10, 0x10, 0xff, 0x18, 0x10, 0x18, 0xff, 0x10, 0x14, 0x10, 0xff,
    0x10, 0x14, 0x10, 0xff, 0x18, 0x10, 0x10, 0xff, 0x10, 0x14, 0x10, 0xff,
    0x10, 0x10, 0x10, 0xff, 0x10, 0x10, 0x10, 0xff, 0x10, 0x14, 0x10, 0xff,
    0x10, 0x10, 0x10, 0xff, 0x18, 0x10, 0x10, 0xff, 0x10, 0x10, 0x10, 0xff,
    0x10, 0x14, 0x10, 0xff, 0x10, 0x10, 0x10, 0xff, 0x10, 0x10, 0x10, 0xff,
    0x10, 0x14, 0x10, 0xff, 0x10, 0x10, 0x10, 0xff, 0x10, 0x10, 0x10, 0xff,
    0x48, 0x3c, 0x10, 0xff, 0xf8, 0xcc, 0x00, 0xff, 0xf8, 0xd4, 0x00, 0xff,
    0xf8, 0xd0, 0x00, 0xba, 0xb8, 0x9c, 0x00, 0x28, 0xa8, 0x8c, 0x00, 0x20,
    0xa8, 0x88, 0x00, 0x24, 0xa0, 0x8c, 0x00, 0x20, 0xa0, 0x84, 0x00, 0x20,
    0xa0, 0x80, 0x00, 0x20, 0x90, 0x7c, 0x00, 0x20, 0x90, 0x80, 0x00, 0x1c,
    0x90, 0x7c, 0x00, 0x1c, 0x88, 0x78, 0x00, 0x1c, 0x90, 0x70, 0x00, 0x1c,
    0x88, 0x74, 0x00, 0x1c, 0x80, 0x6c, 0x00, 0x18, 0x78, 0x64, 0x00, 0x18,
    0x78, 0x6c, 0x00, 0x18, 0x70, 0x64, 0x00, 0x18, 0x70, 0x5c, 0x00, 0x14,
    0x70, 0x54, 0x00, 0x14, 0x70, 0x58, 0x00, 0x14, 0x68, 0x58, 0x00, 0x14,
    0x58, 0x50, 0x00, 0x14, 0x60, 0x54, 0x00, 0x10, 0x58, 0x4c, 0x00, 0x10,
    0x50, 0x40, 0x00, 0x10, 0x50, 0x40, 0x00, 0x10, 0x50, 0x44, 0x00, 0x10,
    0x48, 0x34, 0x00, 0x10, 0x50, 0x3c, 0x00, 0x0c, 0x40, 0x40, 0x00, 0x0c,
    0x48, 0x2c, 0x00, 0x0c, 0x30, 0x34, 0x00, 0x08, 0x30, 0x34, 0x00, 0x0c,
    0x38, 0x38, 0x00, 0x08, 0x40, 0x20, 0x00, 0x08, 0x20, 0x20, 0x20, 0xba,
    0x58, 0x48, 0x18, 0xff, 0x40, 0x34, 0x18, 0xff, 0x18, 0x1c, 0x18, 0xff,
    0x48, 0x40, 0x18, 0xff, 0x70, 0x5c, 0x10, 0xff, 0x20, 0x20, 0x18, 0xff,
    0x28, 0x20, 0x18, 0xff, 0x70, 0x64, 0x10, 0xff, 0x40, 0x38, 0x18, 0xff,
    0x18, 0x1c, 0x18, 0xff, 0x20, 0x1c, 0x20, 0xeb, 0x18, 0x18, 0x18, 0x14,
    0x00, 0x00, 0x00, 0x00, 0x00, 0x00, 0x00, 0x00, 0x00, 0x00, 0x00, 0x00,
    0x00, 0x00, 0x00, 0x00, 0x00, 0x00, 0x00, 0x00, 0x00, 0x00, 0x00, 0x00,
    0x00, 0x00, 0x00, 0x00, 0x00, 0x00, 0x00, 0x00, 0x00, 0x00, 0x00, 0x00,
    0x00, 0x00, 0x00, 0x00, 0x00, 0x00, 0x00, 0x00, 0x00, 0x00, 0x00, 0x00,
    0x00, 0x00, 0x00, 0x00, 0x00, 0x00, 0x00, 0x00, 0x00, 0x00, 0x00, 0x00,
    0x00, 0x00, 0x00, 0x00, 0x38, 0x38, 0x38, 0x45, 0x38, 0x38, 0x38, 0xff,
    0x18, 0x1c, 0x20, 0xff, 0x70, 0x5c, 0x10, 0xff, 0x90, 0x78, 0x10, 0xff,
    0x30, 0x28, 0x18, 0xff, 0x30, 0x2c, 0x18, 0xff, 0x98, 0x80, 0x10, 0xff,
    0x60, 0x50, 0x10, 0xff, 0x18, 0x1c, 0x18, 0xff, 0x68, 0x5c, 0x10, 0xff,
    0x50, 0x4c, 0x28, 0xff, 0x38, 0x38, 0x38, 0x79, 0x20, 0x20, 0x00, 0x08,
    0x38, 0x1c, 0x00, 0x08, 0xe8, 0xc0, 0x00, 0x45, 0xe8, 0xc0, 0x00, 0x45,
    0x40, 0x2c, 0x00, 0x0c, 0x40, 0x40, 0x00, 0x0c, 0x50, 0x38, 0x00, 0x0c,
    0x48, 0x38, 0x00, 0x0c, 0x40, 0x44, 0x00, 0x10, 0x50, 0x40, 0x00, 0x10,
    0x48, 0x4c, 0x00, 0x10, 0x58, 0x48, 0x00, 0x10, 0x60, 0x54, 0x00, 0x14,
    0x60, 0x50, 0x00, 0x14, 0x68, 0x4c, 0x00, 0x14, 0x70, 0x54, 0x00, 0x14,
    0x68, 0x5c, 0x00, 0x14, 0x70, 0x58, 0x00, 0x18, 0x78, 0x64, 0x00, 0x18,
    0x80, 0x68, 0x00, 0x18, 0x88, 0x64, 0x00, 0x18, 0x80, 0x6c, 0x00, 0x1c,
    0x88, 0x70, 0x00, 0x1c, 0x88, 0x6c, 0x00, 0x1c, 0x88, 0x70, 0x00, 0x1c,
    0x98, 0x7c, 0x00, 0x1c, 0x98, 0x80, 0x00, 0x20, 0x98, 0x80, 0x00, 0x20,
    0x98, 0x80, 0x00, 0x20, 0xa8, 0x88, 0x00, 0x20, 0xa8, 0x88, 0x00, 0x20,
    0xb0, 0x8c, 0x00, 0x20, 0xb0, 0x90, 0x00, 0x24, 0xf0, 0xc8, 0x00, 0x7d,
    0xf8, 0xd4, 0x00, 0xff, 0xf8, 0xd0, 0x00, 0xff, 0x60, 0x54, 0x10, 0xff,
    0x10, 0x14, 0x10, 0xff, 0x10, 0x10, 0x10, 0xff, 0x10, 0x10, 0x10, 0xff,
    0x10, 0x14, 0x10, 0xff, 0x10, 0x10, 0x10, 0xff, 0x10, 0x10, 0x10, 0xff,
    0x10, 0x10, 0x10, 0xff, 0x10, 0x10, 0x10, 0xff, 0x10, 0x10, 0x18, 0xff,
    0x10, 0x10, 0x10, 0xff, 0x10, 0x14, 0x10, 0xff, 0x10, 0x10, 0x18, 0xff,
    0x18, 0x10, 0x10, 0xff, 0x10, 0x10, 0x10, 0xff, 0x10, 0x10, 0x18, 0xff,
    0x10, 0x10, 0x10, 0xff, 0x10, 0x14, 0x10, 0xff, 0x10, 0x10, 0x10, 0xff,
    0x18, 0x10, 0x18, 0xff, 0x10, 0x14, 0x10, 0xff, 0x10, 0x10, 0x10, 0xff,
    0x10, 0x10, 0x10, 0xff, 0x10, 0x14, 0x10, 0xff, 0x18, 0x14, 0x10, 0xff,
    0x80, 0x6c, 0x08, 0xff, 0xf8, 0xd0, 0x00, 0xff, 0xf8, 0xd4, 0x00, 0xfb,
    0xe8, 0xc4, 0x00, 0x61, 0xb0, 0x90, 0x00, 0x24, 0xa8, 0x8c, 0x00, 0x20,
    0xa8, 0x8c, 0x00, 0x20, 0xa8, 0x88, 0x00, 0x20, 0xa0, 0x84, 0x00, 0x20,
    0xa0, 0x7c, 0x00, 0x20, 0x98, 0x7c, 0x00, 0x1c, 0x98, 0x7c, 0x00, 0x1c,
    0x90, 0x74, 0x00, 0x1c, 0x88, 0x78, 0x00, 0x1c, 0x88, 0x70, 0x00, 0x1c,
    0x80, 0x6c, 0x00, 0x1c, 0x78, 0x64, 0x00, 0x18, 0x80, 0x68, 0x00, 0x18,
    0x78, 0x64, 0x00, 0x18, 0x70, 0x5c, 0x00, 0x18, 0x68, 0x5c, 0x00, 0x14,
    0x70, 0x54, 0x00, 0x14, 0x68, 0x5c, 0x00, 0x14, 0x60, 0x50, 0x00, 0x14,
    0x60, 0x54, 0x00, 0x10, 0x58, 0x4c, 0x00, 0x10, 0x50, 0x40, 0x00, 0x10,
    0x50, 0x40, 0x00, 0x10, 0x58, 0x44, 0x00, 0x10, 0x48, 0x34, 0x00, 0x10,
    0x38, 0x38, 0x00, 0x0c, 0x40, 0x40, 0x00, 0x0c, 0x48, 0x30, 0x00, 0x0c,
    0x30, 0x34, 0x00, 0x08, 0x30, 0x30, 0x00, 0x0c, 0x38, 0x38, 0x00, 0x08,
    0x40, 0x20, 0x00, 0x08, 0x20, 0x20, 0x20, 0x8e, 0x58, 0x48, 0x18, 0xff,
    0x60, 0x50, 0x10, 0xff, 0x18, 0x1c, 0x18, 0xff, 0x70, 0x5c, 0x10, 0xff,
    0x90, 0x78, 0x10, 0xff, 0x28, 0x28, 0x18, 0xff, 0x30, 0x2c, 0x18, 0xff,
    0x98, 0x80, 0x10, 0xff, 0x60, 0x50, 0x10, 0xff, 0x18, 0x18, 0x18, 0xff,
    0x20, 0x20, 0x20, 0xff, 0x20, 0x20, 0x20, 0x20, 0x00, 0x00, 0x00, 0x00,
    0x00, 0x00, 0x00, 0x00, 0x00, 0x00, 0x00, 0x00, 0x00, 0x00, 0x00, 0x00,
    0x00, 0x00, 0x00, 0x00, 0x00, 0x00, 0x00, 0x00, 0x00, 0x00, 0x00, 0x00,
    0x00, 0x00, 0x00, 0x00, 0x00, 0x00, 0x00, 0x00, 0x00, 0x00, 0x00, 0x00,
    0x00, 0x00, 0x00, 0x00, 0x00, 0x00, 0x00, 0x00, 0x00, 0x00, 0x00, 0x00,
    0x00, 0x00, 0x00, 0x00, 0x00, 0x00, 0x00, 0x00, 0x00, 0x00, 0x00, 0x00,
    0x38, 0x3c, 0x38, 0x69, 0x30, 0x34, 0x30, 0xff, 0x18, 0x18, 0x18, 0xff,
    0x20, 0x20, 0x18, 0xff, 0x30, 0x28, 0x18, 0xff, 0x18, 0x18, 0x18, 0xff,
    0x18, 0x1c, 0x18, 0xff, 0x30, 0x28, 0x18, 0xff, 0x20, 0x1c, 0x18, 0xff,
    0x18, 0x1c, 0x18, 0xff, 0x20, 0x20, 0x18, 0xff, 0x38, 0x38, 0x30, 0xfb,
    0x38, 0x34, 0x30, 0x51, 0x20, 0x20, 0x00, 0x08, 0x38, 0x38, 0x00, 0x08,
    0xd8, 0xb4, 0x00, 0x30, 0xd0, 0xb0, 0x00, 0x28, 0x48, 0x44, 0x00, 0x0c,
    0x40, 0x40, 0x00, 0x0c, 0x50, 0x38, 0x00, 0x0c, 0x48, 0x34, 0x00, 0x10,
    0x58, 0x44, 0x00, 0x10, 0x50, 0x40, 0x00, 0x10, 0x58, 0x4c, 0x00, 0x10,
    0x58, 0x4c, 0x00, 0x10, 0x68, 0x54, 0x00, 0x14, 0x60, 0x50, 0x00, 0x14,
    0x68, 0x58, 0x00, 0x14, 0x68, 0x54, 0x00, 0x14, 0x70, 0x5c, 0x00, 0x18,
    0x70, 0x64, 0x00, 0x18, 0x78, 0x64, 0x00, 0x18, 0x80, 0x6c, 0x00, 0x18,
    0x88, 0x64, 0x00, 0x18, 0x80, 0x6c, 0x00, 0x18, 0x80, 0x70, 0x00, 0x1c,
    0x88, 0x78, 0x00, 0x1c, 0x88, 0x7c, 0x00, 0x1c, 0x98, 0x84, 0x00, 0x1c,
    0x98, 0x80, 0x00, 0x1c, 0x98, 0x80, 0x00, 0x20, 0xa0, 0x88, 0x00, 0x20,
    0xa0, 0x8c, 0x00, 0x20, 0xa8, 0x8c, 0x00, 0x20, 0xa8, 0x90, 0x00, 0x24,
    0xc8, 0xac, 0x00, 0x30, 0xf8, 0xd0, 0x00, 0xe3, 0xf8, 0xd4, 0x00, 0xff,
    0xc0, 0xa4, 0x08, 0xff, 0x18, 0x14, 0x10, 0xff, 0x10, 0x10, 0x10, 0xff,
    0x10, 0x10, 0x10, 0xff, 0x18, 0x10, 0x10, 0xff, 0x10, 0x10, 0x18, 0xff,
    0x10, 0x14, 0x10, 0xff, 0x18, 0x10, 0x10, 0xff, 0x10, 0x14, 0x10, 0xff,
    0x10, 0x10, 0x10, 0xff, 0x10, 0x10, 0x10, 0xff, 0x10, 0x10, 0x10, 0xff,
    0x10, 0x10, 0x10, 0xff, 0x10, 0x14, 0x10, 0xff, 0x10, 0x10, 0x10, 0xff,
    0x10, 0x10, 0x10, 0xff, 0x10, 0x14, 0x10, 0xff, 0x10, 0x10, 0x10, 0xff,
    0x10, 0x10, 0x10, 0xff, 0x10, 0x10, 0x10, 0xff, 0x10, 0x10, 0x10, 0xff,
    0x10, 0x10, 0x10, 0xff, 0x18, 0x10, 0x10, 0xff, 0x10, 0x10, 0x10, 0xff,
    0x10, 0x10, 0x10, 0xff, 0x10, 0x10, 0x10, 0xff, 0x20, 0x20, 0x10, 0xff,
    0xd0, 0xb0, 0x08, 0xff, 0xf8, 0xd4, 0x00, 0xff, 0xf8, 0xd0, 0x00, 0xcb,
    0xc0, 0xa4, 0x00, 0x2c, 0xa8, 0x8c, 0x00, 0x24, 0xa8, 0x88, 0x00, 0x20,
    0xa0, 0x8c, 0x00, 0x20, 0xa0, 0x88, 0x00, 0x20, 0x98, 0x84, 0x00, 0x20,
    0x98, 0x80, 0x00, 0x20, 0x98, 0x7c, 0x00, 0x1c, 0x90, 0x74, 0x00, 0x1c,
    0x88, 0x74, 0x00, 0x1c, 0x90, 0x70, 0x00, 0x1c, 0x88, 0x6c, 0x00, 0x18,
    0x80, 0x70, 0x00, 0x18, 0x80, 0x6c, 0x00, 0x18, 0x78, 0x64, 0x00, 0x18,
    0x70, 0x5c, 0x00, 0x18, 0x68, 0x5c, 0x00, 0x14, 0x68, 0x60, 0x00, 0x14,
    0x68, 0x58, 0x00, 0x14, 0x60, 0x50, 0x00, 0x14, 0x60, 0x54, 0x00, 0x14,
    0x58, 0x4c, 0x00, 0x10, 0x60, 0x4c, 0x00, 0x10, 0x50, 0x40, 0x00, 0x10,
    0x58, 0x44, 0x00, 0x10, 0x48, 0x48, 0x00, 0x0c, 0x50, 0x3c, 0x00, 0x0c,
    0x40, 0x40, 0x00, 0x0c, 0x40, 0x2c, 0x00, 0x0c, 0x30, 0x34, 0x00, 0x0c,
    0x38, 0x34, 0x00, 0x08, 0x38, 0x38, 0x00, 0x08, 0x40, 0x20, 0x00, 0x08,
    0x20, 0x20, 0x20, 0x6d, 0x28, 0x24, 0x20, 0xff, 0x20, 0x1c, 0x18, 0xff,
    0x18, 0x1c, 0x18, 0xff, 0x20, 0x20, 0x18, 0xff, 0x28, 0x28, 0x18, 0xff,
    0x18, 0x18, 0x18, 0xff, 0x18, 0x1c, 0x18, 0xff, 0x30, 0x28, 0x18, 0xff,
    0x20, 0x1c, 0x18, 0xff, 0x18, 0x1c, 0x18, 0xff, 0x20, 0x1c, 0x20, 0xff,
    0x20, 0x1c, 0x20, 0x45, 0x00, 0x00, 0x00, 0x00, 0x00, 0x00, 0x00, 0x00,
    0x00, 0x00, 0x00, 0x00, 0x00, 0x00, 0x00, 0x00, 0x00, 0x00, 0x00, 0x00,
    0x00, 0x00, 0x00, 0x00, 0x00, 0x00, 0x00, 0x00, 0x00, 0x00, 0x00, 0x00,
    0x00, 0x00, 0x00, 0x00, 0x00, 0x00, 0x00, 0x00, 0x00, 0x00, 0x00, 0x00,
    0x00, 0x00, 0x00, 0x00, 0x00, 0x00, 0x00, 0x00, 0x00, 0x00, 0x00, 0x00,
    0x00, 0x00, 0x00, 0x00, 0x00, 0x00, 0x00, 0x00, 0x38, 0x38, 0x38, 0x8a,
    0x30, 0x2c, 0x30, 0xff, 0x18, 0x1c, 0x18, 0xff, 0x28, 0x20, 0x18, 0xff,
    0x30, 0x30, 0x18, 0xff, 0x18, 0x1c, 0x18, 0xff, 0x18, 0x18, 0x18, 0xff,
    0x38, 0x30, 0x18, 0xff, 0x20, 0x20, 0x18, 0xff, 0x18, 0x18, 0x20, 0xff,
    0x28, 0x20, 0x20, 0xff, 0x38, 0x34, 0x38, 0xf3, 0x30, 0x30, 0x30, 0x3c,
    0x20, 0x20, 0x00, 0x08, 0x38, 0x1c, 0x00, 0x08, 0x30, 0x18, 0x00, 0x0c,
    0x30, 0x30, 0x00, 0x0c, 0x28, 0x2c, 0x00, 0x0c, 0x38, 0x28, 0x00, 0x0c,
    0x38, 0x38, 0x00, 0x10, 0x48, 0x34, 0x00, 0x0c, 0x58, 0x44, 0x00, 0x10,
    0x50, 0x40, 0x00, 0x10, 0x48, 0x3c, 0x00, 0x10, 0x58, 0x44, 0x00, 0x14,
    0x60, 0x44, 0x00, 0x14, 0x58, 0x4c, 0x00, 0x14, 0x68, 0x58, 0x00, 0x14,
    0x68, 0x54, 0x00, 0x14, 0x68, 0x50, 0x00, 0x14, 0x70, 0x58, 0x00, 0x18,
    0x78, 0x60, 0x00, 0x18, 0x78, 0x64, 0x00, 0x18, 0x80, 0x6c, 0x00, 0x18,
    0x80, 0x6c, 0x00, 0x1c, 0x90, 0x70, 0x00, 0x1c, 0x88, 0x6c, 0x00, 0x1c,
    0x88, 0x70, 0x00, 0x1c, 0x90, 0x78, 0x00, 0x20, 0x98, 0x7c, 0x00, 0x20,
    0x98, 0x84, 0x00, 0x20, 0xa0, 0x88, 0x00, 0x20, 0xa8, 0x8c, 0x00, 0x20,
    0xa8, 0x8c, 0x00, 0x24, 0xa8, 0x8c, 0x00, 0x24, 0xe8, 0xc4, 0x00, 0x65,
    0xf8, 0xd4, 0x00, 0xfb, 0xf8, 0xd4, 0x00, 0xff, 0x58, 0x48, 0x10, 0xff,
    0x10, 0x10, 0x10, 0xff, 0x10, 0x10, 0x10, 0xff, 0x10, 0x14, 0x10, 0xff,
    0x10, 0x10, 0x10, 0xff, 0x10, 0x10, 0x10, 0xff, 0x10, 0x10, 0x10, 0xff,
    0x10, 0x10, 0x10, 0xff, 0x10, 0x10, 0x18, 0xff, 0x18, 0x14, 0x10, 0xff,
    0x38, 0x30, 0x10, 0xff, 0x80, 0x68, 0x08, 0xff, 0xb0, 0x94, 0x08, 0xff,
    0xd0, 0xac, 0x08, 0xff, 0xc8, 0xa8, 0x08, 0xff, 0xb0, 0x90, 0x08, 0xff,
    0x78, 0x64, 0x08, 0xff, 0x30, 0x28, 0x10, 0xff, 0x10, 0x10, 0x10, 0xff,
    0x10, 0x14, 0x10, 0xff, 0x10, 0x10, 0x10, 0xff, 0x10, 0x10, 0x18, 0xff,
    0x10, 0x14, 0x10, 0xff, 0x10, 0x10, 0x10, 0xff, 0x10, 0x10, 0x18, 0xff,
    0x10, 0x10, 0x10, 0xff, 0x10, 0x10, 0x10, 0xff, 0x60, 0x54, 0x08, 0xff,
    0xf8, 0xd4, 0x00, 0xff, 0xf8, 0xd4, 0x00, 0xf3, 0xe0, 0xbc, 0x00, 0x4d,
    0xb0, 0x90, 0x00, 0x24, 0xa8, 0x8c, 0x00, 0x24, 0xa0, 0x84, 0x00, 0x20,
    0xa0, 0x84, 0x00, 0x20, 0xa0, 0x80, 0x00, 0x20, 0x90, 0x7c, 0x00, 0x20,
    0x90, 0x78, 0x00, 0x1c, 0x88, 0x7c, 0x00, 0x1c, 0x88, 0x78, 0x00, 0x1c,
    0x80, 0x70, 0x00, 0x1c, 0x80, 0x6c, 0x00, 0x1c, 0x78, 0x64, 0x00, 0x18,
    0x70, 0x5c, 0x00, 0x18, 0x78, 0x60, 0x00, 0x18, 0x70, 0x58, 0x00, 0x18,
    0x68, 0x5c, 0x00, 0x18, 0x70, 0x54, 0x00, 0x14, 0x68, 0x58, 0x00, 0x14,
    0x58, 0x4c, 0x00, 0x14, 0x50, 0x44, 0x00, 0x14, 0x58, 0x44, 0x00, 0x14,
    0x58, 0x4c, 0x00, 0x10, 0x50, 0x40, 0x00, 0x10, 0x40, 0x44, 0x00, 0x10,
    0x48, 0x34, 0x00, 0x0c, 0x38, 0x34, 0x00, 0x10, 0x38, 0x28, 0x00, 0x0c,
    0x40, 0x28, 0x00, 0x0c, 0x90, 0x78, 0x00, 0x14, 0xc0, 0xa4, 0x00, 0x20,
    0x50, 0x34, 0x00, 0x0c, 0x20, 0x20, 0x00, 0x08, 0x20, 0x20, 0x20, 0x51,
    0x20, 0x24, 0x20, 0xfb, 0x20, 0x1c, 0x18, 0xff, 0x18, 0x18, 0x20, 0xff,
    0x28, 0x24, 0x18, 0xff, 0x30, 0x2c, 0x18, 0xff, 0x18, 0x1c, 0x20, 0xff,
    0x18, 0x1c, 0x18, 0xff, 0x38, 0x30, 0x18, 0xff, 0x20, 0x20, 0x18, 0xff,
    0x18, 0x1c, 0x18, 0xff, 0x20, 0x1c, 0x20, 0xff, 0x18, 0x1c, 0x18, 0x69,
    0x00, 0x00, 0x00, 0x00, 0x00, 0x00, 0x00, 0x00, 0x00, 0x00, 0x00, 0x00,
    0x00, 0x00, 0x00, 0x00, 0x00, 0x00, 0x00, 0x00, 0x00, 0x00, 0x00, 0x00,
    0x00, 0x00, 0x00, 0x00, 0x00, 0x00, 0x00, 0x00, 0x00, 0x00, 0x00, 0x00,
    0x00, 0x00, 0x00, 0x00, 0x00, 0x00, 0x00, 0x00, 0x00, 0x00, 0x00, 0x00,
    0x00, 0x00, 0x00, 0x00, 0x00, 0x00, 0x00, 0x00, 0x00, 0x00, 0x00, 0x00,
    0x00, 0x00, 0x00, 0x00, 0x38, 0x38, 0x38, 0xaa, 0x48, 0x40, 0x28, 0xff,
    0x18, 0x1c, 0x18, 0xff, 0x78, 0x60, 0x10, 0xff, 0x98, 0x7c, 0x10, 0xff,
    0x30, 0x2c, 0x18, 0xff, 0x38, 0x30, 0x18, 0xff, 0xa0, 0x84, 0x10, 0xff,
    0x68, 0x58, 0x10, 0xff, 0x18, 0x1c, 0x18, 0xff, 0x60, 0x54, 0x18, 0xff,
    0x38, 0x3c, 0x38, 0xeb, 0x30, 0x30, 0x30, 0x2c, 0x20, 0x20, 0x00, 0x08,
    0x20, 0x1c, 0x00, 0x08, 0x30, 0x18, 0x00, 0x0c, 0x30, 0x30, 0x00, 0x0c,
    0x40, 0x28, 0x00, 0x0c, 0x38, 0x38, 0x00, 0x0c, 0x48, 0x38, 0x00, 0x0c,
    0x48, 0x38, 0x00, 0x10, 0x40, 0x44, 0x00, 0x10, 0x50, 0x40, 0x00, 0x10,
    0x58, 0x4c, 0x00, 0x10, 0x50, 0x44, 0x00, 0x10, 0x60, 0x50, 0x00, 0x14,
    0x68, 0x4c, 0x00, 0x14, 0x68, 0x58, 0x00, 0x14, 0x70, 0x54, 0x00, 0x14,
    0x68, 0x5c, 0x00, 0x14, 0x70, 0x64, 0x00, 0x18, 0x70, 0x60, 0x00, 0x18,
    0x78, 0x64, 0x00, 0x18, 0x80, 0x6c, 0x00, 0x1c, 0x88, 0x74, 0x00, 0x18,
    0x90, 0x70, 0x00, 0x1c, 0x88, 0x78, 0x00, 0x1c, 0x98, 0x7c, 0x00, 0x1c,
    0x98, 0x80, 0x00, 0x1c, 0x90, 0x78, 0x00, 0x20, 0xa0, 0x80, 0x00, 0x20,
    0xa8, 0x88, 0x00, 0x20, 0xa8, 0x8c, 0x00, 0x20, 0xa8, 0x8c, 0x00, 0x24,
    0xb0, 0x90, 0x00, 0x24, 0xf8, 0xd0, 0x00, 0xb6, 0xf8, 0xd4, 0x00, 0xff,
    0xd0, 0xac, 0x08, 0xff, 0x10, 0x14, 0x10, 0xff, 0x10, 0x10, 0x10, 0xff,
    0x10, 0x10, 0x10, 0xff, 0x10, 0x14, 0x10, 0xff, 0x10, 0x10, 0x10, 0xff,
    0x10, 0x10, 0x10, 0xff, 0x10, 0x14, 0x10, 0xff, 0x10, 0x10, 0x10, 0xff,
    0x18, 0x18, 0x10, 0xff, 0x70, 0x5c, 0x10, 0xff, 0xc8, 0xa8, 0x08, 0xff,
    0xd0, 0xac, 0x00, 0xff, 0xd0, 0xac, 0x08, 0xff, 0xd0, 0xac, 0x00, 0xff,
    0xd0, 0xac, 0x00, 0xff, 0xd0, 0xac, 0x08, 0xff, 0xd0, 0xac, 0x08, 0xff,
    0xc8, 0xa8, 0x08, 0xff, 0x60, 0x50, 0x10, 0xff, 0x18, 0x14, 0x10, 0xff,
    0x10, 0x10, 0x10, 0xff, 0x10, 0x14, 0x10, 0xff, 0x10, 0x10, 0x10, 0xff,
    0x10, 0x14, 0x10, 0xff, 0x10, 0x10, 0x10, 0xff, 0x10, 0x14, 0x10, 0xff,
    0x10, 0x10, 0x10, 0xff, 0x18, 0x14, 0x10, 0xff, 0xd8, 0xb4, 0x08, 0xff,
    0xf8, 0xd4, 0x00, 0xff, 0xf8, 0xcc, 0x00, 0xa2, 0xb0, 0x90, 0x00, 0x24,
    0xa8, 0x90, 0x00, 0x20, 0xa8, 0x8c, 0x00, 0x20, 0xa8, 0x88, 0x00, 0x20,
    0x98, 0x80, 0x00, 0x20, 0x98, 0x7c, 0x00, 0x20, 0x90, 0x74, 0x00, 0x20,
    0x98, 0x7c, 0x00, 0x1c, 0x90, 0x74, 0x00, 0x1c, 0x90, 0x70, 0x00, 0x1c,
    0x88, 0x6c, 0x00, 0x18, 0x80, 0x6c, 0x00, 0x1c, 0x78, 0x64, 0x00, 0x18,
    0x70, 0x5c, 0x00, 0x18, 0x70, 0x64, 0x00, 0x18, 0x70, 0x5c, 0x00, 0x14,
    0x70, 0x54, 0x00, 0x14, 0x68, 0x58, 0x00, 0x14, 0x58, 0x4c, 0x00, 0x14,
    0x60, 0x44, 0x00, 0x14, 0x50, 0x44, 0x00, 0x10, 0x58, 0x4c, 0x00, 0x10,
    0x50, 0x40, 0x00, 0x10, 0x40, 0x44, 0x00, 0x10, 0x48, 0x34, 0x00, 0x10,
    0x38, 0x38, 0x00, 0x0c, 0x38, 0x28, 0x00, 0x0c, 0x28, 0x28, 0x00, 0x0c,
    0xd0, 0xb0, 0x00, 0x28, 0xf0, 0xc8, 0x00, 0x59, 0x80, 0x5c, 0x00, 0x0c,
    0x20, 0x1c, 0x00, 0x08, 0x20, 0x20, 0x20, 0x3c, 0x30, 0x2c, 0x20, 0xfb,
    0x58, 0x4c, 0x10, 0xff, 0x18, 0x18, 0x18, 0xff, 0x78, 0x64, 0x10, 0xff,
    0x98, 0x7c, 0x10, 0xff, 0x30, 0x28, 0x18, 0xff, 0x38, 0x30, 0x18, 0xff,
    0xa0, 0x84, 0x10, 0xff, 0x68, 0x58, 0x10, 0xff, 0x18, 0x18, 0x18, 0xff,
    0x38, 0x30, 0x18, 0xff, 0x20, 0x1c, 0x20, 0x8a, 0x00, 0x00, 0x00, 0x00,
    0x00, 0x00, 0x00, 0x00, 0x00, 0x00, 0x00, 0x00, 0x00, 0x00, 0x00, 0x00,
    0x00, 0x00, 0x00, 0x00, 0x00, 0x00, 0x00, 0x00, 0x00, 0x00, 0x00, 0x00,
    0x00, 0x00, 0x00, 0x00, 0x00, 0x00, 0x00, 0x00, 0x00, 0x00, 0x00, 0x00,
    0x00, 0x00, 0x00, 0x00, 0x00, 0x00, 0x00, 0x00, 0x00, 0x00, 0x00, 0x00,
    0x00, 0x00, 0x00, 0x00, 0x00, 0x00, 0x00, 0x00, 0x00, 0x00, 0x00, 0x00,
    0x38, 0x38, 0x38, 0xc3, 0x30, 0x2c, 0x28, 0xff, 0x18, 0x1c, 0x18, 0xff,
    0x40, 0x34, 0x18, 0xff, 0x60, 0x50, 0x10, 0xff, 0x20, 0x1c, 0x18, 0xff,
    0x20, 0x20, 0x18, 0xff, 0x60, 0x58, 0x10, 0xff, 0x30, 0x30, 0x18, 0xff,
    0x28, 0x24, 0x18, 0xff, 0x48, 0x3c, 0x18, 0xff, 0x48, 0x48, 0x30, 0xe7,
    0x88, 0x74, 0x18, 0x34, 0xc0, 0xa8, 0x00, 0x1c, 0xc0, 0xa0, 0x00, 0x20,
    0xc0, 0xa0, 0x00, 0x1c, 0xc0, 0xa4, 0x00, 0x20, 0xc0, 0xa0, 0x00, 0x20,
    0xb8, 0x98, 0x00, 0x20, 0xb8, 0x94, 0x00, 0x24, 0xb8, 0x94, 0x00, 0x20,
    0xb8, 0x98, 0x00, 0x24, 0xb8, 0x9c, 0x00, 0x24, 0xb0, 0x98, 0x00, 0x24,
    0xb8, 0x94, 0x00, 0x24, 0xb8, 0x94, 0x00, 0x28, 0xb8, 0x98, 0x00, 0x28,
    0xb8, 0x98, 0x00, 0x28, 0xb8, 0x94, 0x00, 0x28, 0xb8, 0x9c, 0x00, 0x28,
    0xb8, 0x9c, 0x00, 0x2c, 0xc0, 0x98, 0x00, 0x2c, 0xb8, 0x9c, 0x00, 0x2c,
    0xb8, 0xa0, 0x00, 0x2c, 0xc0, 0x9c, 0x00, 0x2c, 0xc0, 0xa0, 0x00, 0x2c,
    0xb8, 0xa4, 0x00, 0x30, 0xc8, 0xa0, 0x00, 0x30, 0xc0, 0xa0, 0x00, 0x30,
    0xc8, 0xa4, 0x00, 0x30, 0xc8, 0xa8, 0x00, 0x34, 0xc8, 0xa8, 0x00, 0x34,
    0xc8, 0xa4, 0x00, 0x34, 0xd0, 0xac, 0x00, 0x34, 0xd0, 0xb0, 0x00, 0x3c,
    0xf8, 0xd4, 0x00, 0xf7, 0xf8, 0xd4, 0x00, 0xff, 0x70, 0x60, 0x08, 0xff,
    0x10, 0x10, 0x10, 0xff, 0x10, 0x10, 0x10, 0xff, 0x10, 0x10, 0x10, 0xff,
    0x18, 0x10, 0x10, 0xff, 0x10, 0x10, 0x10, 0xff, 0x10, 0x14, 0x18, 0xff,
    0x18, 0x10, 0x10, 0xff, 0x10, 0x14, 0x10, 0xff, 0x70, 0x5c, 0x10, 0xff,
    0xc8, 0xac, 0x00, 0xff, 0xd0, 0xac, 0x00, 0xff, 0xd0, 0xac, 0x00, 0xff,
    0xd0, 0xb0, 0x08, 0xff, 0xd0, 0xac, 0x00, 0xff, 0xd0, 0xb0, 0x00, 0xff,
    0xd0, 0xac, 0x00, 0xff, 0xd0, 0xac, 0x00, 0xff, 0xd0, 0xb0, 0x00, 0xff,
    0xc8, 0xa8, 0x08, 0xff, 0x58, 0x4c, 0x10, 0xff, 0x10, 0x14, 0x10, 0xff,
    0x10, 0x10, 0x10, 0xff, 0x18, 0x10, 0x10, 0xff, 0x10, 0x10, 0x10, 0xff,
    0x10, 0x10, 0x10, 0xff, 0x10, 0x10, 0x10, 0xff, 0x10, 0x10, 0x10, 0xff,
    0x10, 0x10, 0x10, 0xff, 0x88, 0x74, 0x08, 0xff, 0xf8, 0xd4, 0x00, 0xff,
    0xf8, 0xd4, 0x00, 0xe7, 0xd0, 0xb0, 0x00, 0x38, 0xd0, 0xac, 0x00, 0x34,
    0xc8, 0xa4, 0x00, 0x34, 0xd0, 0xa4, 0x00, 0x34, 0xc8, 0xa4, 0x00, 0x30,
    0xc0, 0xa4, 0x00, 0x30, 0xc0, 0xa0, 0x00, 0x30, 0xc0, 0xa0, 0x00, 0x30,
    0xc0, 0x9c, 0x00, 0x30, 0xc0, 0xa0, 0x00, 0x2c, 0xc0, 0x9c, 0x00, 0x2c,
    0xb8, 0x98, 0x00, 0x2c, 0xb8, 0x9c, 0x00, 0x2c, 0xc0, 0x98, 0x00, 0x2c,
    0xb8, 0x9c, 0x00, 0x28, 0xb8, 0x9c, 0x00, 0x28, 0xb0, 0x94, 0x00, 0x28,
    0xb8, 0x98, 0x00, 0x28, 0xb8, 0x98, 0x00, 0x28, 0xb8, 0x94, 0x00, 0x24,
    0xb8, 0x94, 0x00, 0x28, 0xb0, 0x98, 0x00, 0x24, 0xb8, 0x94, 0x00, 0x24,
    0xb8, 0x98, 0x00, 0x24, 0xb8, 0x9c, 0x00, 0x20, 0xb8, 0x98, 0x00, 0x24,
    0xb8, 0x9c, 0x00, 0x20, 0xb8, 0xa0, 0x00, 0x20, 0xd8, 0xb8, 0x00, 0x34,
    0xf8, 0xcc, 0x00, 0x6d, 0xc8, 0xa8, 0x00, 0x24, 0xc0, 0xa8, 0x00, 0x1c,
    0x70, 0x60, 0x10, 0x3c, 0x38, 0x34, 0x18, 0xf7, 0x38, 0x38, 0x18, 0xff,
    0x28, 0x20, 0x18, 0xff, 0x40, 0x38, 0x18, 0xff, 0x60, 0x50, 0x10, 0xff,
    0x20, 0x1c, 0x18, 0xff, 0x20, 0x20, 0x18, 0xff, 0x68, 0x58, 0x10, 0xff,
    0x30, 0x2c, 0x18, 0xff, 0x18, 0x1c, 0x18, 0xff, 0x20, 0x20, 0x20, 0xff,
    0x18, 0x1c, 0x20, 0xa2, 0x00, 0x00, 0x00, 0x00, 0x00, 0x00, 0x00, 0x00,
    0x00, 0x00, 0x00, 0x00, 0x00, 0x00, 0x00, 0x00, 0x00, 0x00, 0x00, 0x00,
    0x00, 0x00, 0x00, 0x00, 0x00, 0x00, 0x00, 0x00, 0x00, 0x00, 0x00, 0x00,
    0x00, 0x00, 0x00, 0x00, 0x00, 0x00, 0x00, 0x00, 0x00, 0x00, 0x00, 0x00,
    0x00, 0x00, 0x00, 0x00, 0x00, 0x00, 0x00, 0x00, 0x00, 0x00, 0x00, 0x00,
    0x00, 0x00, 0x00, 0x00, 0x00, 0x00, 0x00, 0x00, 0x38, 0x38, 0x38, 0xd3,
    0x28, 0x28, 0x28, 0xff, 0x18, 0x1c, 0x18, 0xff, 0x18, 0x1c, 0x18, 0xff,
    0x18, 0x1c, 0x20, 0xff, 0x18, 0x18, 0x18, 0xff, 0x18, 0x1c, 0x18, 0xff,
    0x18, 0x18, 0x18, 0xff, 0x58, 0x50, 0x18, 0xff, 0xd8, 0xb4, 0x08, 0xff,
    0xf8, 0xd0, 0x00, 0xff, 0xf8, 0xd4, 0x00, 0xff, 0xf8, 0xd4, 0x00, 0xff,
    0xf8, 0xd4, 0x00, 0xff, 0xf8, 0xd4, 0x00, 0xff, 0xf8, 0xd4, 0x00, 0xff,
    0xf8, 0xd4, 0x00, 0xff, 0xf8, 0xd4, 0x00, 0xff, 0xf8, 0xd4, 0x00, 0xff,
    0xf8, 0xd4, 0x00, 0xff, 0xf8, 0xd4, 0x00, 0xff, 0xf8, 0xd4, 0x00, 0xff,
    0xf8, 0xd4, 0x00, 0xff, 0xf8, 0xd4, 0x00, 0xff, 0xf8, 0xd4, 0x00, 0xff,
    0xf8, 0xd4, 0x00, 0xff, 0xf8, 0xd4, 0x00, 0xff, 0xf8, 0xd4, 0x00, 0xff,
    0xf8, 0xd4, 0x00, 0xff, 0xf8, 0xd4, 0x00, 0xff, 0xf8, 0xd4, 0x00, 0xff,
    0xf8, 0xd4, 0x00, 0xff, 0xf8, 0xd4, 0x00, 0xff, 0xf8, 0xd4, 0x00, 0xff,
    0xf8, 0xd4, 0x00, 0xff, 0xf8, 0xd4, 0x00, 0xff, 0xf8, 0xd4, 0x00, 0xff,
    0xf8, 0xd4, 0x00, 0xff, 0xf8, 0xd4, 0x00, 0xff, 0xf8, 0xd4, 0x00, 0xff,
    0xf8, 0xd4, 0x00, 0xff, 0xf8, 0xd4, 0x00, 0xff, 0xf8, 0xd4, 0x00, 0xff,
    0xf8, 0xd4, 0x00, 0xff, 0xf8, 0xd4, 0x00, 0xff, 0xf8, 0xd4, 0x00, 0xff,
    0xf0, 0xc8, 0x00, 0xff, 0x40, 0x38, 0x10, 0xff, 0x10, 0x10, 0x10, 0xff,
    0x10, 0x14, 0x10, 0xff, 0x10, 0x10, 0x10, 0xff, 0x10, 0x10, 0x10, 0xff,
    0x10, 0x14, 0x10, 0xff, 0x10, 0x10, 0x10, 0xff, 0x10, 0x10, 0x10, 0xff,
    0x38, 0x2c, 0x10, 0xff, 0xc8, 0xa8, 0x08, 0xff, 0xd0, 0xac, 0x00, 0xff,
    0xd0, 0xac, 0x00, 0xff, 0xd0, 0xac, 0x08, 0xff, 0xd0, 0xac, 0x00, 0xff,
    0xd0, 0xb0, 0x08, 0xff, 0xd0, 0xac, 0x08, 0xff, 0xd0, 0xac, 0x00, 0xff,
    0xd0, 0xac, 0x00, 0xff, 0xd0, 0xac, 0x00, 0xff, 0xd0, 0xac, 0x00, 0xff,
    0xc0, 0x9c, 0x08, 0xff, 0x28, 0x24, 0x10, 0xff, 0x10, 0x10, 0x10, 0xff,
    0x10, 0x10, 0x10, 0xff, 0x10, 0x14, 0x18, 0xff, 0x18, 0x10, 0x10, 0xff,
    0x10, 0x10, 0x10, 0xff, 0x10, 0x14, 0x10, 0xff, 0x10, 0x10, 0x10, 0xff,
    0x58, 0x48, 0x10, 0xff, 0xf8, 0xd0, 0x00, 0xff, 0xf8, 0xd4, 0x00, 0xff,
    0xf8, 0xd4, 0x00, 0xff, 0xf8, 0xd4, 0x00, 0xff, 0xf8, 0xd4, 0x00, 0xff,
    0xf8, 0xd4, 0x00, 0xff, 0xf8, 0xd4, 0x00, 0xff, 0xf8, 0xd4, 0x00, 0xff,
    0xf8, 0xd4, 0x00, 0xff, 0xf8, 0xd4, 0x00, 0xff, 0xf8, 0xd4, 0x00, 0xff,
    0xf8, 0xd4, 0x00, 0xff, 0xf8, 0xd4, 0x00, 0xff, 0xf8, 0xd4, 0x00, 0xff,
    0xf8, 0xd4, 0x00, 0xff, 0xf8, 0xd4, 0x00, 0xff, 0xf8, 0xd4, 0x00, 0xff,
    0xf8, 0xd4, 0x00, 0xff, 0xf8, 0xd4, 0x00, 0xff, 0xf8, 0xd4, 0x00, 0xff,
    0xf8, 0xd4, 0x00, 0xff, 0xf8, 0xd4, 0x00, 0xff, 0xf8, 0xd4, 0x00, 0xff,
    0xf8, 0xd4, 0x00, 0xff, 0xf8, 0xd4, 0x00, 0xff, 0xf8, 0xd4, 0x00, 0xff,
    0xf8, 0xd4, 0x00, 0xff, 0xf8, 0xd4, 0x00, 0xff, 0xf8, 0xd4, 0x00, 0xff,
    0xf8, 0xd4, 0x00, 0xff, 0xf8, 0xd4, 0x00, 0xff, 0xf8, 0xd4, 0x00, 0xff,
    0xf8, 0xd4, 0x00, 0xff, 0xf8, 0xd4, 0x00, 0xff, 0xf8, 0xd4, 0x00, 0xff,
    0xf8, 0xd4, 0x00, 0xff, 0xf8, 0xd0, 0x00, 0xff, 0xd0, 0xb0, 0x08, 0xff,
    0x48, 0x40, 0x18, 0xff, 0x18, 0x1c, 0x18, 0xff, 0x18, 0x1c, 0x18, 0xff,
    0x18, 0x18, 0x18, 0xff, 0x18, 0x1c, 0x18, 0xff, 0x18, 0x18, 0x18, 0xff,
    0x18, 0x1c, 0x18, 0xff, 0x20, 0x1c, 0x20, 0xff, 0x20, 0x1c, 0x18, 0xb6,
    0x00, 0x00, 0x00, 0x00, 0x00, 0x00, 0x00, 0x00, 0x00, 0x00, 0x00, 0x00,
    0x00, 0x00, 0x00, 0x00, 0x00, 0x00, 0x00, 0x00, 0x00, 0x00, 0x00, 0x00,
    0x00, 0x00, 0x00, 0x00, 0x00, 0x00, 0x00, 0x00, 0x00, 0x00, 0x00, 0x00,
    0x00, 0x00, 0x00, 0x00, 0x00, 0x00, 0x00, 0x00, 0x00, 0x00, 0x00, 0x00,
    0x00, 0x00, 0x00, 0x00, 0x00, 0x00, 0x00, 0x00, 0x00, 0x00, 0x00, 0x00,
    0x00, 0x00, 0x00, 0x00, 0x38, 0x38, 0x38, 0xe3, 0x30, 0x30, 0x20, 0xff,
    0x18, 0x18, 0x20, 0xff, 0x48, 0x40, 0x18, 0xff, 0x68, 0x5c, 0x10, 0xff,
    0x20, 0x20, 0x18, 0xff, 0x28, 0x20, 0x18, 0xff, 0x80, 0x70, 0x10, 0xff,
    0xf0, 0xc4, 0x00, 0xff, 0x90, 0x7c, 0x10, 0xff, 0x28, 0x28, 0x20, 0xff,
    0x28, 0x24, 0x20, 0xff, 0x28, 0x24, 0x20, 0xff, 0x28, 0x24, 0x20, 0xff,
    0x38, 0x30, 0x20, 0xff, 0x60, 0x54, 0x18, 0xff, 0x28, 0x28, 0x20, 0xff,
    0x28, 0x24, 0x20, 0xff, 0x28, 0x24, 0x20, 0xff, 0x28, 0x24, 0x20, 0xff,
    0x28, 0x24, 0x20, 0xff, 0x28, 0x24, 0x20, 0xff, 0x28, 0x24, 0x20, 0xff,
    0x28, 0x24, 0x20, 0xff, 0x20, 0x24, 0x20, 0xff, 0x28, 0x24, 0x20, 0xff,
    0x20, 0x24, 0x20, 0xff, 0x20, 0x24, 0x20, 0xff, 0x28, 0x24, 0x20, 0xff,
    0x28, 0x24, 0x20, 0xff, 0x28, 0x24, 0x20, 0xff, 0x28, 0x24, 0x20, 0xff,
    0x28, 0x24, 0x20, 0xff, 0x28, 0x24, 0x20, 0xff, 0x28, 0x24, 0x20, 0xff,
    0x28, 0x24, 0x20, 0xff, 0x20, 0x24, 0x20, 0xff, 0x28, 0x24, 0x20, 0xff,
    0x28, 0x24, 0x20, 0xff, 0x20, 0x24, 0x20, 0xff, 0x28, 0x24, 0x20, 0xff,
    0x28, 0x24, 0x20, 0xff, 0x28, 0x24, 0x20, 0xff, 0x28, 0x24, 0x20, 0xff,
    0x80, 0x6c, 0x18, 0xff, 0xf8, 0xd4, 0x00, 0xff, 0xe8, 0xc0, 0x00, 0xff,
    0x28, 0x24, 0x10, 0xff, 0x10, 0x10, 0x10, 0xff, 0x18, 0x14, 0x10, 0xff,
    0x10, 0x10, 0x10, 0xff, 0x10, 0x10, 0x18, 0xff, 0x10, 0x10, 0x10, 0xff,
    0x10, 0x10, 0x10, 0xff, 0x10, 0x10, 0x10, 0xff, 0x80, 0x68, 0x08, 0xff,
    0xd0, 0xac, 0x08, 0xff, 0xd0, 0xb0, 0x00, 0xff, 0xd0, 0xac, 0x08, 0xff,
    0xd0, 0xac, 0x00, 0xff, 0xd0, 0xac, 0x00, 0xff, 0xd0, 0xac, 0x00, 0xff,
    0xd0, 0xac, 0x08, 0xff, 0xd0, 0xb0, 0x08, 0xff, 0xd0, 0xac, 0x08, 0xff,
    0xd0, 0xac, 0x00, 0xff, 0xd0, 0xac, 0x08, 0xff, 0xd0, 0xac, 0x00, 0xff,
    0x70, 0x5c, 0x08, 0xff, 0x10, 0x10, 0x10, 0xff, 0x10, 0x10, 0x10, 0xff,
    0x10, 0x14, 0x10, 0xff, 0x10, 0x10, 0x10, 0xff, 0x10, 0x10, 0x18, 0xff,
    0x10, 0x14, 0x10, 0xff, 0x10, 0x10, 0x10, 0xff, 0x38, 0x2c, 0x10, 0xff,
    0xf8, 0xd0, 0x00, 0xff, 0xf8, 0xd0, 0x00, 0xff, 0x68, 0x58, 0x18, 0xff,
    0x28, 0x24, 0x20, 0xff, 0x20, 0x24, 0x20, 0xff, 0x28, 0x24, 0x20, 0xff,
    0x28, 0x24, 0x20, 0xff, 0x20, 0x24, 0x20, 0xff, 0x28, 0x24, 0x20, 0xff,
    0x28, 0x24, 0x20, 0xff, 0x28, 0x24, 0x20, 0xff, 0x28, 0x24, 0x20, 0xff,
    0x28, 0x24, 0x20, 0xff, 0x28, 0x24, 0x20, 0xff, 0x28, 0x24, 0x20, 0xff,
    0x28, 0x24, 0x20, 0xff, 0x28, 0x24, 0x20, 0xff, 0x28, 0x24, 0x20, 0xff,
    0x28, 0x24, 0x20, 0xff, 0x28, 0x24, 0x20, 0xff, 0x20, 0x24, 0x20, 0xff,
    0x20, 0x24, 0x20, 0xff, 0x28, 0x24, 0x20, 0xff, 0x28, 0x24, 0x20, 0xff,
    0x28, 0x24, 0x20, 0xff, 0x28, 0x24, 0x20, 0xff, 0x28, 0x24, 0x20, 0xff,
    0x28, 0x24, 0x20, 0xff, 0x28, 0x24, 0x20, 0xff, 0x28, 0x24, 0x20, 0xff,
    0x28, 0x24, 0x20, 0xff, 0x28, 0x24, 0x20, 0xff, 0x28, 0x24, 0x20, 0xff,
    0x28, 0x24, 0x20, 0xff, 0x28, 0x24, 0x20, 0xff, 0x28, 0x24, 0x20, 0xff,
    0x30, 0x2c, 0x20, 0xff, 0xa0, 0x88, 0x10, 0xff, 0xe0, 0xc0, 0x00, 0xff,
    0x70, 0x60, 0x10, 0xff, 0x20, 0x20, 0x18, 0xff, 0x28, 0x24, 0x18, 0xff,
    0x78, 0x60, 0x10, 0xff, 0x40, 0x38, 0x18, 0xff, 0x18, 0x18, 0x18, 0xff,
    0x28, 0x28, 0x18, 0xff, 0x20, 0x1c, 0x20, 0xc3, 0x00, 0x00, 0x00, 0x00,
    0x00, 0x00, 0x00, 0x00, 0x00, 0x00, 0x00, 0x00, 0x00, 0x00, 0x00, 0x00,
    0x00, 0x00, 0x00, 0x00, 0x00, 0x00, 0x00, 0x00, 0x00, 0x00, 0x00, 0x00,
    0x00, 0x00, 0x00, 0x00, 0x00, 0x00, 0x00, 0x00, 0x00, 0x00, 0x00, 0x00,
    0x00, 0x00, 0x00, 0x00, 0x00, 0x00, 0x00, 0x00, 0x00, 0x00, 0x00, 0x00,
    0x00, 0x00, 0x00, 0x00, 0x00, 0x00, 0x00, 0x00, 0x00, 0x00, 0x00, 0x00,
    0x38, 0x38, 0x38, 0xeb, 0x48, 0x40, 0x20, 0xff, 0x20, 0x1c, 0x18, 0xff,
    0x70, 0x5c, 0x10, 0xff, 0x90, 0x78, 0x10, 0xff, 0x28, 0x28, 0x18, 0xff,
    0x30, 0x2c, 0x18, 0xff, 0xb0, 0x94, 0x08, 0xff, 0xf0, 0xc4, 0x08, 0xff,
    0x28, 0x28, 0x20, 0xff, 0x20, 0x20, 0x20, 0xff, 0x20, 0x24, 0x20, 0xff,
    0x20, 0x20, 0x20, 0xff, 0x20, 0x24, 0x20, 0xff, 0x38, 0x34, 0x20, 0xff,
    0x70, 0x64, 0x18, 0xff, 0x20, 0x24, 0x20, 0xff, 0x20, 0x20, 0x20, 0xff,
    0x20, 0x24, 0x20, 0xff, 0x20, 0x24, 0x20, 0xff, 0x20, 0x20, 0x28, 0xff,
    0x20, 0x20, 0x20, 0xff, 0x20, 0x24, 0x20, 0xff, 0x20, 0x20, 0x28, 0xff,
    0x20, 0x20, 0x20, 0xff, 0x20, 0x24, 0x20, 0xff, 0x20, 0x20, 0x28, 0xff,
    0x20, 0x24, 0x20, 0xff, 0x20, 0x24, 0x28, 0xff, 0x20, 0x24, 0x20, 0xff,
    0x20, 0x24, 0x28, 0xff, 0x20, 0x20, 0x20, 0xff, 0x20, 0x24, 0x28, 0xff,
    0x20, 0x24, 0x20, 0xff, 0x20, 0x20, 0x28, 0xff, 0x20, 0x20, 0x20, 0xff,
    0x20, 0x24, 0x28, 0xff, 0x20, 0x20, 0x20, 0xff, 0x20, 0x20, 0x28, 0xff,
    0x20, 0x20, 0x20, 0xff, 0x20, 0x20, 0x28, 0xff, 0x20, 0x24, 0x20, 0xff,
    0x20, 0x20, 0x20, 0xff, 0x20, 0x20, 0x28, 0xff, 0x90, 0x7c, 0x10, 0xff,
    0xf8, 0xd4, 0x00, 0xff, 0xe0, 0xb8, 0x00, 0xff, 0x18, 0x18, 0x10, 0xff,
    0x10, 0x10, 0x10, 0xff, 0x10, 0x10, 0x10, 0xff, 0x10, 0x14, 0x10, 0xff,
    0x10, 0x10, 0x10, 0xff, 0x18, 0x10, 0x10, 0xff, 0x10, 0x14, 0x10, 0xff,
    0x10, 0x14, 0x10, 0xff, 0xb0, 0x94, 0x08, 0xff, 0xd0, 0xac, 0x00, 0xff,
    0xd0, 0xb0, 0x00, 0xff, 0xd0, 0xac, 0x08, 0xff, 0xd0, 0xb0, 0x00, 0xff,
    0xd0, 0xb0, 0x00, 0xff, 0xd0, 0xac, 0x00, 0xff, 0xd0, 0xac, 0x00, 0xff,
    0xd0, 0xb0, 0x00, 0xff, 0xd0, 0xac, 0x00, 0xff, 0xd0, 0xb0, 0x08, 0xff,
    0xd0, 0xb0, 0x00, 0xff, 0xd0, 0xac, 0x08, 0xff, 0xa8, 0x90, 0x08, 0xff,
    0x10, 0x14, 0x10, 0xff, 0x10, 0x10, 0x10, 0xff, 0x10, 0x10, 0x10, 0xff,
    0x10, 0x10, 0x10, 0xff, 0x10, 0x10, 0x10, 0xff, 0x10, 0x10, 0x10, 0xff,
    0x10, 0x14, 0x10, 0xff, 0x20, 0x1c, 0x10, 0xff, 0xf8, 0xcc, 0x00, 0xff,
    0xf8, 0xd4, 0x00, 0xff, 0x78, 0x64, 0x18, 0xff, 0x20, 0x24, 0x20, 0xff,
    0x20, 0x20, 0x20, 0xff, 0x20, 0x24, 0x20, 0xff, 0x20, 0x20, 0x28, 0xff,
    0x20, 0x24, 0x20, 0xff, 0x20, 0x24, 0x20, 0xff, 0x20, 0x20, 0x28, 0xff,
    0x20, 0x24, 0x20, 0xff, 0x20, 0x24, 0x20, 0xff, 0x20, 0x20, 0x28, 0xff,
    0x20, 0x24, 0x20, 0xff, 0x20, 0x24, 0x20, 0xff, 0x20, 0x20, 0x28, 0xff,
    0x20, 0x24, 0x20, 0xff, 0x20, 0x24, 0x20, 0xff, 0x20, 0x20, 0x28, 0xff,
    0x20, 0x24, 0x20, 0xff, 0x20, 0x20, 0x20, 0xff, 0x20, 0x20, 0x28, 0xff,
    0x20, 0x24, 0x20, 0xff, 0x20, 0x20, 0x20, 0xff, 0x20, 0x20, 0x28, 0xff,
    0x20, 0x20, 0x20, 0xff, 0x20, 0x20, 0x20, 0xff, 0x20, 0x20, 0x28, 0xff,
    0x20, 0x20, 0x20, 0xff, 0x20, 0x20, 0x20, 0xff, 0x20, 0x20, 0x28, 0xff,
    0x20, 0x24, 0x20, 0xff, 0x20, 0x20, 0x20, 0xff, 0x20, 0x20, 0x28, 0xff,
    0x20, 0x24, 0x20, 0xff, 0x20, 0x20, 0x20, 0xff, 0x20, 0x24, 0x20, 0xff,
    0x30, 0x28, 0x20, 0xff, 0xf8, 0xd0, 0x00, 0xff, 0x98, 0x80, 0x10, 0xff,
    0x30, 0x28, 0x18, 0xff, 0x30, 0x2c, 0x18, 0xff, 0x98, 0x80, 0x10, 0xff,
    0x60, 0x50, 0x10, 0xff, 0x18, 0x18, 0x18, 0xff, 0x40, 0x38, 0x18, 0xff,
    0x18, 0x1c, 0x20, 0xcf, 0x00, 0x00, 0x00, 0x00, 0x00, 0x00, 0x00, 0x00,
    0x00, 0x00, 0x00, 0x00, 0x00, 0x00, 0x00, 0x00, 0x00, 0x00, 0x00, 0x00,
    0x00, 0x00, 0x00, 0x00, 0x00, 0x00, 0x00, 0x00, 0x00, 0x00, 0x00, 0x00,
    0x00, 0x00, 0x00, 0x00, 0x00, 0x00, 0x00, 0x00, 0x00, 0x00, 0x00, 0x00,
    0x00, 0x00, 0x00, 0x00, 0x00, 0x00, 0x00, 0x00, 0x00, 0x00, 0x00, 0x00,
    0x00, 0x00, 0x00, 0x00, 0x00, 0x00, 0x00, 0x00, 0x38, 0x38, 0x38, 0xf3,
    0x20, 0x20, 0x20, 0xff, 0x18, 0x18, 0x18, 0xff, 0x20, 0x20, 0x18, 0xff,
    0x30, 0x28, 0x18, 0xff, 0x18, 0x18, 0x18, 0xff, 0x18, 0x1c, 0x18, 0xff,
    0x60, 0x54, 0x10, 0xff, 0xf0, 0xc4, 0x08, 0xff, 0x20, 0x24, 0x20, 0xff,
    0x20, 0x24, 0x20, 0xff, 0x20, 0x20, 0x28, 0xff, 0x20, 0x24, 0x20, 0xff,
    0x20, 0x20, 0x20, 0xff, 0x30, 0x2c, 0x20, 0xff, 0x50, 0x44, 0x18, 0xff,
    0x20, 0x20, 0x20, 0xff, 0x20, 0x20, 0x28, 0xff, 0x20, 0x24, 0x20, 0xff,
    0x20, 0x24, 0x20, 0xff, 0x20, 0x20, 0x28, 0xff, 0x20, 0x24, 0x20, 0xff,
    0x20, 0x24, 0x20, 0xff, 0x20, 0x20, 0x28, 0xff, 0x20, 0x24, 0x20, 0xff,
    0x20, 0x20, 0x20, 0xff, 0x28, 0x20, 0x20, 0xff, 0x20, 0x24, 0x28, 0xff,
    0x20, 0x20, 0x20, 0xff, 0x20, 0x20, 0x20, 0xff, 0x20, 0x24, 0x20, 0xff,
    0x20, 0x20, 0x20, 0xff, 0x20, 0x20, 0x20, 0xff, 0x20, 0x24, 0x28, 0xff,
    0x20, 0x20, 0x20, 0xff, 0x20, 0x24, 0x20, 0xff, 0x20, 0x24, 0x20, 0xff,
    0x20, 0x20, 0x20, 0xff, 0x20, 0x24, 0x20, 0xff, 0x20, 0x24, 0x28, 0xff,
    0x20, 0x20, 0x20, 0xff, 0x20, 0x24, 0x20, 0xff, 0x20, 0x24, 0x28, 0xff,
    0x20, 0x20, 0x20, 0xff, 0xa0, 0x88, 0x10, 0xff, 0xf8, 0xd4, 0x00, 0xff,
    0xd8, 0xb4, 0x08, 0xff, 0x10, 0x14, 0x10, 0xff, 0x10, 0x10, 0x10, 0xff,
    0x10, 0x10, 0x10, 0xff, 0x10, 0x10, 0x10, 0xff, 0x10, 0x14, 0x10, 0xff,
    0x10, 0x10, 0x10, 0xff, 0x10, 0x10, 0x10, 0xff, 0x10, 0x10, 0x10, 0xff,
    0xd0, 0xac, 0x08, 0xff, 0xd0, 0xac, 0x00, 0xff, 0xd0, 0xac, 0x00, 0xff,
    0xd0, 0xac, 0x08, 0xff, 0xd0, 0xac, 0x08, 0xff, 0xd0, 0xac, 0x08, 0xff,
    0xc8, 0xac, 0x08, 0xff, 0xd0, 0xac, 0x00, 0xff, 0xd0, 0xac, 0x00, 0xff,
    0xc8, 0xac, 0x08, 0xff, 0xd0, 0xac, 0x00, 0xff, 0xd0, 0xac, 0x00, 0xff,
    0xd0, 0xac, 0x00, 0xff, 0xc8, 0xac, 0x08, 0xff, 0x10, 0x10, 0x10, 0xff,
    0x10, 0x10, 0x10, 0xff, 0x10, 0x14, 0x10, 0xff, 0x18, 0x10, 0x10, 0xff,
    0x10, 0x10, 0x10, 0xff, 0x10, 0x10, 0x10, 0xff, 0x10, 0x10, 0x10, 0xff,
    0x10, 0x14, 0x10, 0xff, 0xf0, 0xcc, 0x00, 0xff, 0xf8, 0xd4, 0x00, 0xff,
    0x80, 0x6c, 0x18, 0xff, 0x20, 0x24, 0x20, 0xff, 0x20, 0x24, 0x20, 0xff,
    0x20, 0x20, 0x28, 0xff, 0x20, 0x20, 0x20, 0xff, 0x20, 0x24, 0x20, 0xff,
    0x20, 0x20, 0x28, 0xff, 0x20, 0x20, 0x20, 0xff, 0x20, 0x24, 0x20, 0xff,
    0x20, 0x20, 0x28, 0xff, 0x20, 0x20, 0x20, 0xff, 0x20, 0x24, 0x20, 0xff,
    0x20, 0x20, 0x28, 0xff, 0x20, 0x20, 0x20, 0xff, 0x20, 0x24, 0x20, 0xff,
    0x20, 0x20, 0x28, 0xff, 0x20, 0x24, 0x20, 0xff, 0x20, 0x24, 0x20, 0xff,
    0x20, 0x20, 0x28, 0xff, 0x28, 0x24, 0x20, 0xff, 0x20, 0x24, 0x20, 0xff,
    0x20, 0x20, 0x28, 0xff, 0x20, 0x24, 0x20, 0xff, 0x20, 0x24, 0x20, 0xff,
    0x20, 0x24, 0x28, 0xff, 0x20, 0x24, 0x20, 0xff, 0x20, 0x24, 0x20, 0xff,
    0x20, 0x24, 0x28, 0xff, 0x20, 0x20, 0x20, 0xff, 0x20, 0x24, 0x20, 0xff,
    0x20, 0x20, 0x20, 0xff, 0x20, 0x24, 0x28, 0xff, 0x20, 0x20, 0x20, 0xff,
    0x20, 0x24, 0x20, 0xff, 0x20, 0x24, 0x28, 0xff, 0x20, 0x20, 0x20, 0xff,
    0xf8, 0xd4, 0x00, 0xff, 0x40, 0x3c, 0x18, 0xff, 0x18, 0x18, 0x18, 0xff,
    0x18, 0x1c, 0x18, 0xff, 0x30, 0x28, 0x18, 0xff, 0x20, 0x1c, 0x18, 0xff,
    0x18, 0x1c, 0x18, 0xff, 0x18, 0x1c, 0x20, 0xff, 0x18, 0x1c, 0x18, 0xd3,
    0x00, 0x00, 0x00, 0x00, 0x00, 0x00, 0x00, 0x00, 0x00, 0x00, 0x00, 0x00,
    0x00, 0x00, 0x00, 0x00, 0x00, 0x00, 0x00, 0x00, 0x00, 0x00, 0x00, 0x00,
    0x00, 0x00, 0x00, 0x00, 0x00, 0x00, 0x00, 0x00, 0x00, 0x00, 0x00, 0x00,
    0x00, 0x00, 0x00, 0x00, 0x00, 0x00, 0x00, 0x00, 0x00, 0x00, 0x00, 0x00,
    0x00, 0x00, 0x00, 0x00, 0x00, 0x00, 0x00, 0x00, 0x00, 0x00, 0x00, 0x00,
    0x00, 0x00, 0x00, 0x00, 0x38, 0x38, 0x38, 0xf3, 0x20, 0x24, 0x20, 0xff,
    0x18, 0x18, 0x18, 0xff, 0x28, 0x24, 0x18, 0xff, 0x30, 0x30, 0x18, 0xff,
    0x18, 0x18, 0x18, 0xff, 0x18, 0x1c, 0x18, 0xff, 0x68, 0x58, 0x10, 0xff,
    0xf0, 0xc4, 0x08, 0xff, 0x20, 0x24, 0x20, 0xff, 0x20, 0x20, 0x20, 0xff,
    0x28, 0x20, 0x28, 0xff, 0x20, 0x24, 0x20, 0xff, 0x20, 0x20, 0x20, 0xff,
    0x20, 0x20, 0x28, 0xff, 0x20, 0x24, 0x20, 0xff, 0x20, 0x24, 0x20, 0xff,
    0x28, 0x20, 0x28, 0xff, 0x20, 0x20, 0x20, 0xff, 0x20, 0x24, 0x20, 0xff,
    0x28, 0x20, 0x20, 0xff, 0x20, 0x20, 0x20, 0xff, 0x20, 0x24, 0x20, 0xff,
    0x28, 0x20, 0x20, 0xff, 0x20, 0x24, 0x28, 0xff, 0x20, 0x24, 0x20, 0xff,
    0x28, 0x20, 0x20, 0xff, 0x20, 0x24, 0x20, 0xff, 0x20, 0x20, 0x20, 0xff,
    0x28, 0x20, 0x20, 0xff, 0x20, 0x24, 0x28, 0xff, 0x20, 0x24, 0x20, 0xff,
    0x20, 0x20, 0x20, 0xff, 0x20, 0x24, 0x20, 0xff, 0x28, 0x20, 0x20, 0xff,
    0x20, 0x24, 0x20, 0xff, 0x20, 0x20, 0x28, 0xff, 0x28, 0x20, 0x20, 0xff,
    0x20, 0x24, 0x20, 0xff, 0x28, 0x24, 0x20, 0xff, 0x20, 0x20, 0x20, 0xff,
    0x20, 0x20, 0x20, 0xff, 0x28, 0x24, 0x20, 0xff, 0x20, 0x24, 0x20, 0xff,
    0xa0, 0x84, 0x10, 0xff, 0xf8, 0xd4, 0x00, 0xff, 0xd8, 0xb4, 0x00, 0xff,
    0x10, 0x14, 0x10, 0xff, 0x10, 0x10, 0x10, 0xff, 0x18, 0x10, 0x10, 0xff,
    0x10, 0x10, 0x18, 0xff, 0x10, 0x10, 0x10, 0xff, 0x10, 0x14, 0x10, 0xff,
    0x10, 0x10, 0x18, 0xff, 0x10, 0x10, 0x10, 0xff, 0xc8, 0xa8, 0x08, 0xff,
    0xd0, 0xb0, 0x08, 0xff, 0xd0, 0xac, 0x00, 0xff, 0xd0, 0xac, 0x00, 0xff,
    0xd0, 0xac, 0x00, 0xff, 0xd0, 0xb0, 0x00, 0xff, 0xd0, 0xac, 0x08, 0xff,
    0xd0, 0xb0, 0x00, 0xff, 0xd0, 0xac, 0x08, 0xff, 0xd0, 0xac, 0x00, 0xff,
    0xd0, 0xb0, 0x08, 0xff, 0xd0, 0xac, 0x00, 0xff, 0xd0, 0xac, 0x00, 0xff,
    0xc8, 0xa8, 0x08, 0xff, 0x10, 0x10, 0x10, 0xff, 0x10, 0x10, 0x10, 0xff,
    0x10, 0x14, 0x18, 0xff, 0x10, 0x10, 0x10, 0xff, 0x10, 0x14, 0x10, 0xff,
    0x10, 0x10, 0x18, 0xff, 0x10, 0x10, 0x10, 0xff, 0x18, 0x14, 0x10, 0xff,
    0xf8, 0xcc, 0x00, 0xff, 0xf8, 0xd4, 0x00, 0xff, 0x80, 0x6c, 0x18, 0xff,
    0x20, 0x20, 0x20, 0xff, 0x20, 0x24, 0x20, 0xff, 0x28, 0x20, 0x20, 0xff,
    0x20, 0x24, 0x20, 0xff, 0x20, 0x24, 0x20, 0xff, 0x28, 0x20, 0x20, 0xff,
    0x20, 0x24, 0x20, 0xff, 0x20, 0x24, 0x20, 0xff, 0x28, 0x20, 0x20, 0xff,
    0x20, 0x24, 0x20, 0xff, 0x20, 0x24, 0x20, 0xff, 0x28, 0x20, 0x20, 0xff,
    0x20, 0x24, 0x20, 0xff, 0x20, 0x20, 0x20, 0xff, 0x28, 0x20, 0x20, 0xff,
    0x20, 0x24, 0x20, 0xff, 0x20, 0x20, 0x20, 0xff, 0x28, 0x20, 0x20, 0xff,
    0x20, 0x24, 0x20, 0xff, 0x20, 0x20, 0x20, 0xff, 0x20, 0x24, 0x20, 0xff,
    0x28, 0x20, 0x20, 0xff, 0x20, 0x24, 0x20, 0xff, 0x20, 0x20, 0x20, 0xff,
    0x20, 0x20, 0x20, 0xff, 0x20, 0x24, 0x20, 0xff, 0x20, 0x20, 0x20, 0xff,
    0x20, 0x24, 0x20, 0xff, 0x78, 0x68, 0x18, 0xff, 0x30, 0x2c, 0x20, 0xff,
    0x20, 0x20, 0x20, 0xff, 0x20, 0x24, 0x20, 0xff, 0x20, 0x20, 0x20, 0xff,
    0x20, 0x20, 0x20, 0xff, 0x20, 0x24, 0x20, 0xff, 0xf8, 0xd0, 0x00, 0xff,
    0x48, 0x40, 0x18, 0xff, 0x18, 0x18, 0x18, 0xff, 0x18, 0x1c, 0x18, 0xff,
    0x38, 0x30, 0x18, 0xff, 0x20, 0x20, 0x18, 0xff, 0x18, 0x1c, 0x20, 0xff,
    0x18, 0x1c, 0x18, 0xff, 0x20, 0x1c, 0x18, 0xd3, 0x00, 0x00, 0x00, 0x00,
    0x00, 0x00, 0x00, 0x00, 0x00, 0x00, 0x00, 0x00, 0x00, 0x00, 0x00, 0x00,
    0x00, 0x00, 0x00, 0x00, 0x00, 0x00, 0x00, 0x00, 0x00, 0x00, 0x00, 0x00,
    0x00, 0x00, 0x00, 0x00, 0x00, 0x00, 0x00, 0x00, 0x00, 0x00, 0x00, 0x00,
    0x00, 0x00, 0x00, 0x00, 0x00, 0x00, 0x00, 0x00, 0x00, 0x00, 0x00, 0x00,
    0x00, 0x00, 0x00, 0x00, 0x00, 0x00, 0x00, 0x00, 0x00, 0x00, 0x00, 0x00,
    0x38, 0x38, 0x38, 0xeb, 0x40, 0x3c, 0x28, 0xff, 0x18, 0x1c, 0x20, 0xff,
    0x78, 0x60, 0x10, 0xff, 0x98, 0x7c, 0x10, 0xff, 0x30, 0x2c, 0x18, 0xff,
    0x38, 0x30, 0x18, 0xff, 0xb8, 0x98, 0x08, 0xff, 0xf0, 0xc4, 0x00, 0xff,
    0x30, 0x2c, 0x20, 0xff, 0x20, 0x24, 0x20, 0xff, 0x20, 0x20, 0x20, 0xff,
    0x28, 0x24, 0x20, 0xff, 0x20, 0x24, 0x28, 0xff, 0x20, 0x20, 0x20, 0xff,
    0x20, 0x24, 0x20, 0xff, 0x20, 0x24, 0x20, 0xff, 0x28, 0x20, 0x20, 0xff,
    0x20, 0x24, 0x20, 0xff, 0x20, 0x20, 0x28, 0xff, 0x28, 0x24, 0x20, 0xff,
    0x20, 0x20, 0x28, 0xff, 0x20, 0x20, 0x20, 0xff, 0x28, 0x24, 0x20, 0xff,
    0x20, 0x20, 0x20, 0xff, 0x20, 0x24, 0x28, 0xff, 0x20, 0x20, 0x20, 0xff,
    0x20, 0x24, 0x20, 0xff, 0x20, 0x24, 0x28, 0xff, 0x28, 0x20, 0x20, 0xff,
    0x20, 0x24, 0x20, 0xff, 0x20, 0x20, 0x28, 0xff, 0x28, 0x24, 0x20, 0xff,
    0x20, 0x20, 0x20, 0xff, 0x20, 0x24, 0x28, 0xff, 0x28, 0x20, 0x20, 0xff,
    0x20, 0x24, 0x20, 0xff, 0x20, 0x20, 0x28, 0xff, 0x20, 0x20, 0x20, 0xff,
    0x28, 0x24, 0x20, 0xff, 0x20, 0x20, 0x28, 0xff, 0x20, 0x24, 0x20, 0xff,
    0x20, 0x20, 0x20, 0xff, 0x20, 0x20, 0x20, 0xff, 0x90, 0x7c, 0x10, 0xff,
    0xf8, 0xd4, 0x00, 0xff, 0xe0, 0xb8, 0x00, 0xff, 0x18, 0x18, 0x10, 0xff,
    0x10, 0x10, 0x10, 0xff, 0x10, 0x14, 0x10, 0xff, 0x10, 0x10, 0x10, 0xff,
    0x10, 0x10, 0x10, 0xff, 0x18, 0x10, 0x10, 0xff, 0x10, 0x14, 0x10, 0xff,
    0x10, 0x10, 0x10, 0xff, 0xa8, 0x90, 0x08, 0xff, 0xd0, 0xac, 0x00, 0xff,
    0xd0, 0xac, 0x00, 0xff, 0xd0, 0xb0, 0x08, 0xff, 0xc8, 0xac, 0x00, 0xff,
    0xd0, 0xac, 0x00, 0xff, 0xd0, 0xb0, 0x00, 0xff, 0xd0, 0xac, 0x08, 0xff,
    0xd0, 0xac, 0x00, 0xff, 0xd0, 0xb0, 0x00, 0xff, 0xc8, 0xac, 0x08, 0xff,
    0xd0, 0xac, 0x08, 0xff, 0xd0, 0xb0, 0x00, 0xff, 0xa0, 0x88, 0x08, 0xff,
    0x10, 0x10, 0x10, 0xff, 0x10, 0x10, 0x10, 0xff, 0x10, 0x10, 0x10, 0xff,
    0x10, 0x10, 0x10, 0xff, 0x18, 0x10, 0x10, 0xff, 0x10, 0x14, 0x10, 0xff,
    0x10, 0x10, 0x10, 0xff, 0x20, 0x1c, 0x10, 0xff, 0xf8, 0xcc, 0x00, 0xff,
    0xf8, 0xd0, 0x00, 0xff, 0x78, 0x64, 0x18, 0xff, 0x20, 0x24, 0x20, 0xff,
    0x20, 0x20, 0x20, 0xff, 0x20, 0x24, 0x28, 0xff, 0x28, 0x20, 0x20, 0xff,
    0x20, 0x20, 0x28, 0xff, 0x20, 0x24, 0x20, 0xff, 0x28, 0x20, 0x28, 0xff,
    0x20, 0x20, 0x20, 0xff, 0x20, 0x24, 0x28, 0xff, 0x20, 0x20, 0x20, 0xff,
    0x20, 0x20, 0x28, 0xff, 0x28, 0x24, 0x20, 0xff, 0x20, 0x24, 0x28, 0xff,
    0x20, 0x20, 0x20, 0xff, 0x20, 0x24, 0x28, 0xff, 0x28, 0x24, 0x28, 0xff,
    0x20, 0x20, 0x20, 0xff, 0x20, 0x24, 0x28, 0xff, 0x20, 0x20, 0x20, 0xff,
    0x20, 0x24, 0x28, 0xff, 0x28, 0x20, 0x20, 0xff, 0x20, 0x20, 0x28, 0xff,
    0x20, 0x24, 0x20, 0xff, 0x28, 0x20, 0x28, 0xff, 0x20, 0x20, 0x20, 0xff,
    0x28, 0x24, 0x28, 0xff, 0x28, 0x20, 0x20, 0xff, 0x28, 0x24, 0x20, 0xff,
    0x78, 0x68, 0x18, 0xff, 0x28, 0x28, 0x20, 0xff, 0x20, 0x20, 0x20, 0xff,
    0x28, 0x24, 0x28, 0xff, 0x28, 0x24, 0x20, 0xff, 0x20, 0x20, 0x20, 0xff,
    0x38, 0x30, 0x20, 0xff, 0xf8, 0xd0, 0x00, 0xff, 0xa0, 0x84, 0x08, 0xff,
    0x30, 0x2c, 0x18, 0xff, 0x38, 0x30, 0x18, 0xff, 0xa0, 0x84, 0x10, 0xff,
    0x68, 0x58, 0x10, 0xff, 0x18, 0x18, 0x18, 0xff, 0x30, 0x28, 0x18, 0xff,
    0x20, 0x1c, 0x20, 0xcf, 0x00, 0x00, 0x00, 0x00, 0x00, 0x00, 0x00, 0x00,
    0x00, 0x00, 0x00, 0x00, 0x00, 0x00, 0x00, 0x00, 0x00, 0x00, 0x00, 0x00,
    0x00, 0x00, 0x00, 0x00, 0x00, 0x00, 0x00, 0x00, 0x00, 0x00, 0x00, 0x00,
    0x00, 0x00, 0x00, 0x00, 0x00, 0x00, 0x00, 0x00, 0x00, 0x00, 0x00, 0x00,
    0x00, 0x00, 0x00, 0x00, 0x00, 0x00, 0x00, 0x00, 0x00, 0x00, 0x00, 0x00,
    0x00, 0x00, 0x00, 0x00, 0x00, 0x00, 0x00, 0x00, 0x38, 0x38, 0x38, 0xe3,
    0x38, 0x38, 0x38, 0xff, 0x20, 0x20, 0x20, 0xff, 0x40, 0x34, 0x18, 0xff,
    0x60, 0x50, 0x10, 0xff, 0x20, 0x1c, 0x18, 0xff, 0x20, 0x20, 0x18, 0xff,
    0x70, 0x64, 0x10, 0xff, 0xe0, 0xbc, 0x08, 0xff, 0xa8, 0x8c, 0x10, 0xff,
    0x38, 0x34, 0x20, 0xff, 0x38, 0x30, 0x20, 0xff, 0x38, 0x30, 0x20, 0xff,
    0x38, 0x30, 0x20, 0xff, 0x38, 0x30, 0x20, 0xff, 0x38, 0x30, 0x20, 0xff,
    0x38, 0x30, 0x20, 0xff, 0x30, 0x30, 0x20, 0xff, 0x38, 0x30, 0x20, 0xff,
    0x38, 0x30, 0x20, 0xff, 0x30, 0x30, 0x20, 0xff, 0x38, 0x30, 0x20, 0xff,
    0x38, 0x30, 0x20, 0xff, 0x30, 0x30, 0x20, 0xff, 0x38, 0x30, 0x20, 0xff,
    0x38, 0x30, 0x20, 0xff, 0x38, 0x30, 0x20, 0xff, 0x38, 0x30, 0x20, 0xff,
    0x38, 0x30, 0x20, 0xff, 0x38, 0x30, 0x20, 0xff, 0x38, 0x30, 0x20, 0xff,
    0x38, 0x30, 0x20, 0xff, 0x38, 0x30, 0x20, 0xff, 0x38, 0x30, 0x20, 0xff,
    0x30, 0x30, 0x20, 0xff, 0x38, 0x30, 0x20, 0xff, 0x38, 0x30, 0x20, 0xff,
    0x38, 0x30, 0x20, 0xff, 0x38, 0x30, 0x20, 0xff, 0x30, 0x30, 0x20, 0xff,
    0x38, 0x30, 0x20, 0xff, 0x38, 0x30, 0x20, 0xff, 0x38, 0x30, 0x20, 0xff,
    0x38, 0x30, 0x20, 0xff, 0x80, 0x70, 0x18, 0xff, 0xf8, 0xd4, 0x00, 0xff,
    0xe8, 0xc0, 0x00, 0xff, 0x30, 0x28, 0x10, 0xff, 0x10, 0x10, 0x10, 0xff,
    0x10, 0x10, 0x10, 0xff, 0x10, 0x14, 0x10, 0xff, 0x10, 0x10, 0x10, 0xff,
    0x10, 0x10, 0x10, 0xff, 0x10, 0x10, 0x10, 0xff, 0x10, 0x10, 0x10, 0xff,
    0x78, 0x64, 0x08, 0xff, 0xd0, 0xac, 0x08, 0xff, 0xd0, 0xac, 0x00, 0xff,
    0xd0, 0xb0, 0x08, 0xff, 0xd0, 0xac, 0x08, 0xff, 0xd0, 0xac, 0x00, 0xff,
    0xd0, 0xac, 0x00, 0xff, 0xc8, 0xac, 0x08, 0xff, 0xd0, 0xac, 0x00, 0xff,
    0xd0, 0xac, 0x00, 0xff, 0xd0, 0xac, 0x00, 0xff, 0xd0, 0xac, 0x00, 0xff,
    0xd0, 0xac, 0x08, 0xff, 0x60, 0x54, 0x08, 0xff, 0x10, 0x14, 0x10, 0xff,
    0x18, 0x10, 0x10, 0xff, 0x10, 0x10, 0x10, 0xff, 0x10, 0x14, 0x10, 0xff,
    0x10, 0x10, 0x10, 0xff, 0x10, 0x10, 0x10, 0xff, 0x10, 0x10, 0x10, 0xff,
    0x38, 0x30, 0x10, 0xff, 0xf8, 0xd0, 0x00, 0xff, 0xf8, 0xd0, 0x00, 0xff,
    0x70, 0x60, 0x18, 0xff, 0x38, 0x30, 0x20, 0xff, 0x38, 0x30, 0x20, 0xff,
    0x38, 0x30, 0x20, 0xff, 0x38, 0x30, 0x20, 0xff, 0x30, 0x30, 0x20, 0xff,
    0x38, 0x30, 0x20, 0xff, 0x38, 0x30, 0x20, 0xff, 0x38, 0x30, 0x20, 0xff,
    0x38, 0x30, 0x20, 0xff, 0x38, 0x30, 0x20, 0xff, 0x38, 0x30, 0x20, 0xff,
    0x30, 0x30, 0x20, 0xff, 0x38, 0x30, 0x20, 0xff, 0x38, 0x30, 0x20, 0xff,
    0x38, 0x30, 0x20, 0xff, 0x30, 0x30, 0x20, 0xff, 0x38, 0x30, 0x20, 0xff,
    0x38, 0x30, 0x20, 0xff, 0x38, 0x30, 0x20, 0xff, 0x38, 0x30, 0x20, 0xff,
    0x38, 0x30, 0x20, 0xff, 0x30, 0x30, 0x20, 0xff, 0x38, 0x30, 0x20, 0xff,
    0x38, 0x30, 0x20, 0xff, 0x38, 0x30, 0x20, 0xff, 0x30, 0x30, 0x20, 0xff,
    0x38, 0x30, 0x20, 0xff, 0x38, 0x30, 0x20, 0xff, 0x48, 0x40, 0x20, 0xff,
    0x38, 0x30, 0x20, 0xff, 0x38, 0x30, 0x20, 0xff, 0x30, 0x30, 0x20, 0xff,
    0x38, 0x30, 0x20, 0xff, 0x40, 0x3c, 0x20, 0xff, 0xb8, 0x9c, 0x10, 0xff,
    0xd8, 0xb4, 0x08, 0xff, 0x60, 0x54, 0x10, 0xff, 0x20, 0x1c, 0x18, 0xff,
    0x20, 0x20, 0x18, 0xff, 0x60, 0x58, 0x10, 0xff, 0x30, 0x2c, 0x18, 0xff,
    0x18, 0x1c, 0x20, 0xff, 0x20, 0x1c, 0x20, 0xff, 0x18, 0x1c, 0x18, 0xc3,
    0x00, 0x00, 0x00, 0x00, 0x00, 0x00, 0x00, 0x00, 0x00, 0x00, 0x00, 0x00,
    0x00, 0x00, 0x00, 0x00, 0x00, 0x00, 0x00, 0x00, 0x00, 0x00, 0x00, 0x00,
    0x00, 0x00, 0x00, 0x00, 0x00, 0x00, 0x00, 0x00, 0x00, 0x00, 0x00, 0x00,
    0x00, 0x00, 0x00, 0x00, 0x00, 0x00, 0x00, 0x00, 0x00, 0x00, 0x00, 0x00,
    0x00, 0x00, 0x00, 0x00, 0x00, 0x00, 0x00, 0x00, 0x00, 0x00, 0x00, 0x00,
    0x00, 0x00, 0x00, 0x00, 0x38, 0x38, 0x38, 0xd3, 0x38, 0x38, 0x38, 0xff,
    0x30, 0x30, 0x30, 0xff, 0x20, 0x20, 0x20, 0xff, 0x18, 0x1c, 0x18, 0xff,
    0x18, 0x1c, 0x18, 0xff, 0x18, 0x18, 0x20, 0xff, 0x18, 0x18, 0x18, 0xff,
    0x58, 0x4c, 0x18, 0xff, 0xd0, 0xb0, 0x10, 0xff, 0xf8, 0xd4, 0x00, 0xff,
    0xf8, 0xd4, 0x00, 0xff, 0xf8, 0xd4, 0x00, 0xff, 0xf8, 0xd4, 0x00, 0xff,
    0xf8, 0xd4, 0x00, 0xff, 0xf8, 0xd4, 0x00, 0xff, 0xf8, 0xd4, 0x00, 0xff,
    0xf8, 0xd4, 0x00, 0xff, 0xf8, 0xd4, 0x00, 0xff, 0xf8, 0xd4, 0x00, 0xff,
    0xf8, 0xd4, 0x00, 0xff, 0xf8, 0xd4, 0x00, 0xff, 0xf8, 0xd4, 0x00, 0xff,
    0xf8, 0xd4, 0x00, 0xff, 0xf8, 0xd4, 0x00, 0xff, 0xf8, 0xd4, 0x00, 0xff,
    0xf8, 0xd4, 0x00, 0xff, 0xf8, 0xd4, 0x00, 0xff, 0xf8, 0xd4, 0x00, 0xff,
    0xf8, 0xd4, 0x00, 0xff, 0xf8, 0xd4, 0x00, 0xff, 0xf8, 0xd4, 0x00, 0xff,
    0xf8, 0xd4, 0x00, 0xff, 0xf8, 0xd4, 0x00, 0xff, 0xf8, 0xd4, 0x00, 0xff,
    0xf8, 0xd4, 0x00, 0xff, 0xf8, 0xd4, 0x00, 0xff, 0xf8, 0xd4, 0x00, 0xff,
    0xf8, 0xd4, 0x00, 0xff, 0xf8, 0xd4, 0x00, 0xff, 0xf8, 0xd4, 0x00, 0xff,
    0xf8, 0xd4, 0x00, 0xff, 0xf8, 0xd4, 0x00, 0xff, 0xf8, 0xd4, 0x00, 0xff,
    0xf8, 0xd4, 0x00, 0xff, 0xf8, 0xd4, 0x00, 0xff, 0xf8, 0xcc, 0x00, 0xff,
    0x40, 0x3c, 0x10, 0xff, 0x10, 0x10, 0x10, 0xff, 0x10, 0x10, 0x18, 0xff,
    0x10, 0x10, 0x10, 0xff, 0x18, 0x14, 0x10, 0xff, 0x10, 0x10, 0x18, 0xff,
    0x10, 0x10, 0x10, 0xff, 0x10, 0x14, 0x10, 0xff, 0x30, 0x28, 0x10, 0xff,
    0xc8, 0xa8, 0x08, 0xff, 0xd0, 0xac, 0x00, 0xff, 0xd0, 0xac, 0x00, 0xff,
    0xd0, 0xac, 0x08, 0xff, 0xd0, 0xb0, 0x00, 0xff, 0xd0, 0xac, 0x00, 0xff,
    0xd0, 0xac, 0x08, 0xff, 0xd0, 0xb0, 0x08, 0xff, 0xd0, 0xac, 0x00, 0xff,
    0xd0, 0xb0, 0x08, 0xff, 0xd0, 0xac, 0x00, 0xff, 0xb8, 0x9c, 0x08, 0xff,
    0x28, 0x24, 0x10, 0xff, 0x10, 0x10, 0x10, 0xff, 0x10, 0x10, 0x10, 0xff,
    0x10, 0x14, 0x18, 0xff, 0x10, 0x10, 0x10, 0xff, 0x10, 0x10, 0x10, 0xff,
    0x10, 0x10, 0x18, 0xff, 0x10, 0x14, 0x10, 0xff, 0x58, 0x4c, 0x10, 0xff,
    0xf8, 0xd0, 0x00, 0xff, 0xf8, 0xd4, 0x00, 0xff, 0xf8, 0xd4, 0x00, 0xff,
    0xf8, 0xd4, 0x00, 0xff, 0xf8, 0xd4, 0x00, 0xff, 0xf8, 0xd4, 0x00, 0xff,
    0xf8, 0xd4, 0x00, 0xff, 0xf8, 0xd4, 0x00, 0xff, 0xf8, 0xd4, 0x00, 0xff,
    0xf8, 0xd4, 0x00, 0xff, 0xf8, 0xd4, 0x00, 0xff, 0xf8, 0xd4, 0x00, 0xff,
    0xf8, 0xd4, 0x00, 0xff, 0xf8, 0xd4, 0x00, 0xff, 0xf8, 0xd4, 0x00, 0xff,
    0xf8, 0xd4, 0x00, 0xff, 0xf8, 0xd4, 0x00, 0xff, 0xf8, 0xd4, 0x00, 0xff,
    0xf8, 0xd4, 0x00, 0xff, 0xf8, 0xd4, 0x00, 0xff, 0xf8, 0xd4, 0x00, 0xff,
    0xf8, 0xd4, 0x00, 0xff, 0xf8, 0xd4, 0x00, 0xff, 0xf8, 0xd4, 0x00, 0xff,
    0xf8, 0xd4, 0x00, 0xff, 0xf8, 0xd4, 0x00, 0xff, 0xf8, 0xd4, 0x00, 0xff,
    0xf8, 0xd4, 0x00, 0xff, 0xf8, 0xd4, 0x00, 0xff, 0xf8, 0xd4, 0x00, 0xff,
    0xf8, 0xd4, 0x00, 0xff, 0xf8, 0xd4, 0x00, 0xff, 0xf8, 0xd4, 0x00, 0xff,
    0xf8, 0xd4, 0x00, 0xff, 0xf8, 0xd4, 0x00, 0xff, 0xf8, 0xd4, 0x00, 0xff,
    0xf8, 0xd0, 0x00, 0xff, 0xc0, 0xa0, 0x08, 0xff, 0x40, 0x38, 0x18, 0xff,
    0x18, 0x1c, 0x18, 0xff, 0x18, 0x1c, 0x18, 0xff, 0x18, 0x18, 0x20, 0xff,
    0x18, 0x18, 0x18, 0xff, 0x20, 0x1c, 0x18, 0xff, 0x20, 0x1c, 0x20, 0xff,
    0x18, 0x1c, 0x18, 0xff, 0x18, 0x1c, 0x20, 0xb6, 0x00, 0x00, 0x00, 0x00,
    0x00, 0x00, 0x00, 0x00, 0x00, 0x00, 0x00, 0x00, 0x00, 0x00, 0x00, 0x00,
    0x00, 0x00, 0x00, 0x00, 0x00, 0x00, 0x00, 0x00, 0x00, 0x00, 0x00, 0x00,
    0x00, 0x00, 0x00, 0x00, 0x00, 0x00, 0x00, 0x00, 0x00, 0x00, 0x00, 0x00,
    0x00, 0x00, 0x00, 0x00, 0x00, 0x00, 0x00, 0x00, 0x00, 0x00, 0x00, 0x00,
    0x00, 0x00, 0x00, 0x00, 0x00, 0x00, 0x00, 0x00, 0x00, 0x00, 0x00, 0x00,
    0x38, 0x38, 0x38, 0xbe, 0x38, 0x38, 0x38, 0xff, 0x38, 0x38, 0x38, 0xff,
    0x38, 0x38, 0x38, 0xff, 0x40, 0x3c, 0x28, 0xff, 0x28, 0x28, 0x28, 0xff,
    0x28, 0x24, 0x28, 0xff, 0x40, 0x40, 0x28, 0xff, 0x38, 0x34, 0x38, 0xff,
    0x38, 0x38, 0x38, 0xff, 0x38, 0x38, 0x30, 0xff, 0x38, 0x34, 0x38, 0xe3,
    0x40, 0x40, 0x20, 0x24, 0x70, 0x5c, 0x00, 0x0c, 0xb0, 0x90, 0x00, 0x18,
    0xe8, 0xc4, 0x00, 0x51, 0xc0, 0x9c, 0x00, 0x1c, 0x68, 0x54, 0x00, 0x10,
    0x70, 0x50, 0x00, 0x10, 0x68, 0x5c, 0x00, 0x10, 0x68, 0x5c, 0x00, 0x10,
    0x70, 0x54, 0x00, 0x14, 0x68, 0x60, 0x00, 0x14, 0x70, 0x58, 0x00, 0x14,
    0x78, 0x60, 0x00, 0x14, 0x70, 0x5c, 0x00, 0x18, 0x78, 0x64, 0x00, 0x18,
    0x78, 0x70, 0x00, 0x18, 0x80, 0x6c, 0x00, 0x18, 0x80, 0x64, 0x00, 0x18,
    0x88, 0x6c, 0x00, 0x18, 0x88, 0x70, 0x00, 0x1c, 0x88, 0x78, 0x00, 0x1c,
    0x90, 0x78, 0x00, 0x1c, 0x98, 0x7c, 0x00, 0x1c, 0x98, 0x80, 0x00, 0x20,
    0x98, 0x7c, 0x00, 0x20, 0xa0, 0x80, 0x00, 0x20, 0xa0, 0x84, 0x00, 0x20,
    0xa8, 0x88, 0x00, 0x24, 0xa8, 0x90, 0x00, 0x20, 0xb0, 0x90, 0x00, 0x24,
    0xb0, 0x94, 0x00, 0x24, 0xb0, 0x98, 0x00, 0x24, 0xc0, 0xa0, 0x00, 0x2c,
    0xf8, 0xd4, 0x00, 0xef, 0xf8, 0xd4, 0x00, 0xff, 0x80, 0x6c, 0x08, 0xff,
    0x10, 0x10, 0x10, 0xff, 0x10, 0x10, 0x10, 0xff, 0x10, 0x10, 0x10, 0xff,
    0x10, 0x10, 0x10, 0xff, 0x10, 0x14, 0x10, 0xff, 0x10, 0x10, 0x10, 0xff,
    0x10, 0x10, 0x10, 0xff, 0x10, 0x10, 0x10, 0xff, 0x60, 0x50, 0x10, 0xff,
    0xc8, 0xa8, 0x00, 0xff, 0xd0, 0xac, 0x00, 0xff, 0xd0, 0xac, 0x08, 0xff,
    0xc8, 0xb0, 0x00, 0xff, 0xd0, 0xac, 0x00, 0xff, 0xd0, 0xac, 0x08, 0xff,
    0xd0, 0xb0, 0x00, 0xff, 0xc8, 0xac, 0x00, 0xff, 0xd0, 0xac, 0x08, 0xff,
    0xc0, 0xa4, 0x08, 0xff, 0x48, 0x40, 0x10, 0xff, 0x10, 0x10, 0x10, 0xff,
    0x10, 0x10, 0x10, 0xff, 0x10, 0x10, 0x10, 0xff, 0x10, 0x10, 0x10, 0xff,
    0x10, 0x10, 0x10, 0xff, 0x18, 0x14, 0x10, 0xff, 0x10, 0x10, 0x10, 0xff,
    0x10, 0x10, 0x10, 0xff, 0x98, 0x7c, 0x08, 0xff, 0xf8, 0xd4, 0x00, 0xff,
    0xf8, 0xd4, 0x00, 0xe3, 0xb8, 0x9c, 0x00, 0x28, 0xb0, 0x98, 0x00, 0x24,
    0xb0, 0x94, 0x00, 0x24, 0xb0, 0x90, 0x00, 0x24, 0xa0, 0x90, 0x00, 0x24,
    0xa8, 0x8c, 0x00, 0x20, 0xa0, 0x84, 0x00, 0x20, 0xa0, 0x80, 0x00, 0x20,
    0x98, 0x84, 0x00, 0x20, 0x98, 0x80, 0x00, 0x20, 0x90, 0x7c, 0x00, 0x1c,
    0x90, 0x78, 0x00, 0x1c, 0x90, 0x70, 0x00, 0x1c, 0x80, 0x70, 0x00, 0x1c,
    0x88, 0x6c, 0x00, 0x1c, 0x80, 0x70, 0x00, 0x18, 0x80, 0x6c, 0x00, 0x18,
    0x88, 0x64, 0x00, 0x18, 0x80, 0x68, 0x00, 0x18, 0x70, 0x5c, 0x00, 0x18,
    0x68, 0x64, 0x00, 0x14, 0x70, 0x58, 0x00, 0x14, 0x68, 0x60, 0x00, 0x14,
    0x70, 0x54, 0x00, 0x14, 0x78, 0x5c, 0x00, 0x10, 0x70, 0x50, 0x00, 0x10,
    0x60, 0x50, 0x00, 0x10, 0x60, 0x54, 0x00, 0x10, 0x68, 0x5c, 0x00, 0x0c,
    0x60, 0x50, 0x00, 0x0c, 0x68, 0x54, 0x00, 0x0c, 0x70, 0x5c, 0x00, 0x0c,
    0x30, 0x2c, 0x18, 0x30, 0x20, 0x20, 0x20, 0xf7, 0x20, 0x20, 0x20, 0xff,
    0x20, 0x20, 0x20, 0xff, 0x20, 0x20, 0x20, 0xff, 0x30, 0x30, 0x18, 0xff,
    0x20, 0x1c, 0x18, 0xff, 0x20, 0x1c, 0x20, 0xff, 0x30, 0x2c, 0x18, 0xff,
    0x20, 0x1c, 0x20, 0xff, 0x20, 0x1c, 0x18, 0xff, 0x18, 0x1c, 0x18, 0xff,
    0x18, 0x1c, 0x18, 0x9e, 0x00, 0x00, 0x00, 0x00, 0x00, 0x00, 0x00, 0x00,
    0x00, 0x00, 0x00, 0x00, 0x00, 0x00, 0x00, 0x00, 0x00, 0x00, 0x00, 0x00,
    0x00, 0x00, 0x00, 0x00, 0x00, 0x00, 0x00, 0x00, 0x00, 0x00, 0x00, 0x00,
    0x00, 0x00, 0x00, 0x00, 0x00, 0x00, 0x00, 0x00, 0x00, 0x00, 0x00, 0x00,
    0x00, 0x00, 0x00, 0x00, 0x00, 0x00, 0x00, 0x00, 0x00, 0x00, 0x00, 0x00,
    0x00, 0x00, 0x00, 0x00, 0x00, 0x00, 0x00, 0x00, 0x38, 0x38, 0x38, 0xa6,
    0x38, 0x38, 0x38, 0xff, 0x38, 0x38, 0x38, 0xff, 0x38, 0x38, 0x38, 0xff,
    0x38, 0x38, 0x38, 0xff, 0x38, 0x34, 0x38, 0xff, 0x38, 0x38, 0x38, 0xff,
    0x38, 0x34, 0x38, 0xff, 0x30, 0x34, 0x30, 0xff, 0x38, 0x34, 0x38, 0xff,
    0x38, 0x34, 0x38, 0xff, 0x30, 0x34, 0x30, 0xeb, 0x30, 0x30, 0x28, 0x30,
    0x20, 0x20, 0x00, 0x08, 0xa8, 0x80, 0x00, 0x14, 0xf0, 0xc8, 0x00, 0x5d,
    0xc8, 0xa8, 0x00, 0x24, 0x40, 0x2c, 0x00, 0x0c, 0x38, 0x38, 0x00, 0x0c,
    0x48, 0x38, 0x00, 0x0c, 0x48, 0x34, 0x00, 0x10, 0x58, 0x44, 0x00, 0x10,
    0x50, 0x40, 0x00, 0x10, 0x58, 0x4c, 0x00, 0x10, 0x68, 0x48, 0x00, 0x10,
    0x60, 0x50, 0x00, 0x14, 0x68, 0x58, 0x00, 0x14, 0x68, 0x58, 0x00, 0x14,
    0x68, 0x54, 0x00, 0x14, 0x70, 0x5c, 0x00, 0x18, 0x70, 0x64, 0x00, 0x18,
    0x78, 0x6c, 0x00, 0x18, 0x78, 0x64, 0x00, 0x18, 0x80, 0x6c, 0x00, 0x1c,
    0x88, 0x6c, 0x00, 0x18, 0x90, 0x70, 0x00, 0x1c, 0x90, 0x78, 0x00, 0x1c,
    0x98, 0x7c, 0x00, 0x1c, 0x98, 0x80, 0x00, 0x20, 0x98, 0x84, 0x00, 0x20,
    0xa0, 0x88, 0x00, 0x20, 0xa0, 0x88, 0x00, 0x20, 0xa8, 0x8c, 0x00, 0x20,
    0xa8, 0x90, 0x00, 0x24, 0xb0, 0x90, 0x00, 0x24, 0xf8, 0xd0, 0x00, 0xaa,
    0xf8, 0xd4, 0x00, 0xff, 0xd8, 0xb4, 0x08, 0xff, 0x18, 0x18, 0x10, 0xff,
    0x10, 0x10, 0x10, 0xff, 0x10, 0x10, 0x10, 0xff, 0x10, 0x14, 0x10, 0xff,
    0x10, 0x10, 0x10, 0xff, 0x10, 0x10, 0x10, 0xff, 0x10, 0x10, 0x10, 0xff,
    0x10, 0x14, 0x10, 0xff, 0x10, 0x14, 0x10, 0xff, 0x58, 0x4c, 0x10, 0xff,
    0xb8, 0xa0, 0x08, 0xff, 0xd0, 0xac, 0x00, 0xff, 0xd0, 0xac, 0x00, 0xff,
    0xd0, 0xac, 0x08, 0xff, 0xd0, 0xac, 0x00, 0xff, 0xd0, 0xac, 0x00, 0xff,
    0xc8, 0xac, 0x00, 0xff, 0xb8, 0x9c, 0x08, 0xff, 0x48, 0x40, 0x08, 0xff,
    0x10, 0x14, 0x10, 0xff, 0x10, 0x10, 0x10, 0xff, 0x10, 0x10, 0x10, 0xff,
    0x10, 0x14, 0x10, 0xff, 0x10, 0x10, 0x10, 0xff, 0x10, 0x10, 0x10, 0xff,
    0x10, 0x14, 0x10, 0xff, 0x10, 0x10, 0x10, 0xff, 0x18, 0x18, 0x10, 0xff,
    0xe0, 0xbc, 0x00, 0xff, 0xf8, 0xd4, 0x00, 0xff, 0xf8, 0xc8, 0x00, 0x92,
    0xb0, 0x90, 0x00, 0x24, 0xa8, 0x90, 0x00, 0x24, 0xa8, 0x8c, 0x00, 0x20,
    0xa8, 0x88, 0x00, 0x20, 0x98, 0x80, 0x00, 0x20, 0x98, 0x84, 0x00, 0x20,
    0x90, 0x78, 0x00, 0x20, 0x90, 0x7c, 0x00, 0x1c, 0x90, 0x78, 0x00, 0x1c,
    0x90, 0x70, 0x00, 0x1c, 0x88, 0x74, 0x00, 0x18, 0x80, 0x6c, 0x00, 0x1c,
    0x78, 0x64, 0x00, 0x18, 0x78, 0x60, 0x00, 0x18, 0x70, 0x64, 0x00, 0x18,
    0x70, 0x5c, 0x00, 0x18, 0x70, 0x60, 0x00, 0x14, 0x68, 0x58, 0x00, 0x14,
    0x68, 0x4c, 0x00, 0x14, 0x60, 0x50, 0x00, 0x14, 0x50, 0x48, 0x00, 0x10,
    0x58, 0x4c, 0x00, 0x10, 0x50, 0x40, 0x00, 0x10, 0x58, 0x44, 0x00, 0x10,
    0x48, 0x48, 0x00, 0x0c, 0x48, 0x38, 0x00, 0x10, 0x38, 0x3c, 0x00, 0x0c,
    0x40, 0x28, 0x00, 0x0c, 0x30, 0x30, 0x00, 0x0c, 0x30, 0x34, 0x00, 0x0c,
    0x38, 0x38, 0x00, 0x08, 0x40, 0x20, 0x00, 0x08, 0x20, 0x1c, 0x20, 0x41,
    0x20, 0x1c, 0x20, 0xf7, 0x20, 0x1c, 0x18, 0xff, 0x20, 0x1c, 0x18, 0xff,
    0x20, 0x1c, 0x20, 0xff, 0x20, 0x1c, 0x20, 0xff, 0x20, 0x1c, 0x20, 0xff,
    0x18, 0x1c, 0x18, 0xff, 0x18, 0x1c, 0x20, 0xff, 0x20, 0x1c, 0x20, 0xff,
    0x18, 0x1c, 0x18, 0xff, 0x18, 0x1c, 0x20, 0xff, 0x20, 0x1c, 0x18, 0x82,
    0x00, 0x00, 0x00, 0x00, 0x00, 0x00, 0x00, 0x00, 0x00, 0x00, 0x00, 0x00,
    0x00, 0x00, 0x00, 0x00, 0x00, 0x00, 0x00, 0x00, 0x00, 0x00, 0x00, 0x00,
    0x00, 0x00, 0x00, 0x00, 0x00, 0x00, 0x00, 0x00, 0x00, 0x00, 0x00, 0x00,
    0x00, 0x00, 0x00, 0x00, 0x00, 0x00, 0x00, 0x00, 0x00, 0x00, 0x00, 0x00,
    0x00, 0x00, 0x00, 0x00, 0x00, 0x00, 0x00, 0x00, 0x00, 0x00, 0x00, 0x00,
    0x00, 0x00, 0x00, 0x00, 0x38, 0x38, 0x38, 0x8a, 0x38, 0x34, 0x38, 0xff,
    0x38, 0x38, 0x38, 0xff, 0x38, 0x34, 0x38, 0xff, 0x38, 0x34, 0x38, 0xff,
    0x30, 0x38, 0x38, 0xff, 0x38, 0x34, 0x38, 0xff, 0x38, 0x38, 0x38, 0xff,
    0x30, 0x34, 0x30, 0xff, 0x38, 0x34, 0x38, 0xff, 0x38, 0x34, 0x38, 0xff,
    0x30, 0x34, 0x30, 0xf3, 0x38, 0x30, 0x30, 0x41, 0x20, 0x20, 0x00, 0x08,
    0x78, 0x60, 0x00, 0x0c, 0xe0, 0xb8, 0x00, 0x34, 0xb0, 0x94, 0x00, 0x18,
    0x40, 0x40, 0x00, 0x0c, 0x38, 0x38, 0x00, 0x0c, 0x48, 0x34, 0x00, 0x10,
    0x48, 0x38, 0x00, 0x0c, 0x58, 0x44, 0x00, 0x10, 0x50, 0x40, 0x00, 0x10,
    0x58, 0x4c, 0x00, 0x10, 0x60, 0x44, 0x00, 0x10, 0x60, 0x50, 0x00, 0x14,
    0x68, 0x4c, 0x00, 0x14, 0x68, 0x58, 0x00, 0x14, 0x70, 0x54, 0x00, 0x14,
    0x70, 0x5c, 0x00, 0x14, 0x70, 0x64, 0x00, 0x18, 0x70, 0x68, 0x00, 0x18,
    0x78, 0x64, 0x00, 0x18, 0x80, 0x6c, 0x00, 0x1c, 0x80, 0x6c, 0x00, 0x18,
    0x88, 0x70, 0x00, 0x1c, 0x90, 0x74, 0x00, 0x1c, 0x88, 0x7c, 0x00, 0x1c,
    0x98, 0x80, 0x00, 0x1c, 0xa0, 0x84, 0x00, 0x20, 0xa0, 0x84, 0x00, 0x20,
    0xa0, 0x88, 0x00, 0x20, 0xa0, 0x8c, 0x00, 0x20, 0xb0, 0x8c, 0x00, 0x20,
    0xb0, 0x90, 0x00, 0x24, 0xe8, 0xc4, 0x00, 0x61, 0xf8, 0xd4, 0x00, 0xfb,
    0xf8, 0xd4, 0x00, 0xff, 0x60, 0x50, 0x10, 0xff, 0x10, 0x10, 0x10, 0xff,
    0x10, 0x10, 0x10, 0xff, 0x18, 0x10, 0x18, 0xff, 0x10, 0x10, 0x10, 0xff,
    0x10, 0x14, 0x10, 0xff, 0x18, 0x10, 0x18, 0xff, 0x10, 0x10, 0x10, 0xff,
    0x10, 0x10, 0x10, 0xff, 0x10, 0x14, 0x10, 0xff, 0x28, 0x24, 0x10, 0xff,
    0x68, 0x5c, 0x08, 0xff, 0xa8, 0x90, 0x08, 0xff, 0xc8, 0xac, 0x08, 0xff,
    0xc8, 0xa8, 0x08, 0xff, 0xa0, 0x88, 0x08, 0xff, 0x60, 0x54, 0x08, 0xff,
    0x28, 0x24, 0x10, 0xff, 0x10, 0x10, 0x10, 0xff, 0x10, 0x10, 0x10, 0xff,
    0x10, 0x10, 0x10, 0xff, 0x10, 0x10, 0x10, 0xff, 0x10, 0x14, 0x10, 0xff,
    0x18, 0x10, 0x18, 0xff, 0x10, 0x10, 0x10, 0xff, 0x10, 0x10, 0x10, 0xff,
    0x10, 0x10, 0x18, 0xff, 0x70, 0x5c, 0x10, 0xff, 0xf8, 0xd4, 0x00, 0xff,
    0xf8, 0xd4, 0x00, 0xf3, 0xe0, 0xbc, 0x00, 0x49, 0xa8, 0x88, 0x00, 0x24,
    0xb0, 0x90, 0x00, 0x24, 0xa8, 0x8c, 0x00, 0x20, 0xa0, 0x88, 0x00, 0x20,
    0xa0, 0x84, 0x00, 0x20, 0x90, 0x7c, 0x00, 0x20, 0x90, 0x78, 0x00, 0x1c,
    0x90, 0x70, 0x00, 0x1c, 0x90, 0x74, 0x00, 0x1c, 0x90, 0x70, 0x00, 0x1c,
    0x88, 0x74, 0x00, 0x1c, 0x80, 0x6c, 0x00, 0x18, 0x78, 0x64, 0x00, 0x18,
    0x70, 0x60, 0x00, 0x18, 0x70, 0x64, 0x00, 0x18, 0x70, 0x5c, 0x00, 0x14,
    0x70, 0x60, 0x00, 0x14, 0x68, 0x58, 0x00, 0x14, 0x60, 0x4c, 0x00, 0x14,
    0x60, 0x50, 0x00, 0x14, 0x58, 0x44, 0x00, 0x14, 0x58, 0x4c, 0x00, 0x10,
    0x50, 0x40, 0x00, 0x10, 0x58, 0x44, 0x00, 0x10, 0x48, 0x48, 0x00, 0x0c,
    0x48, 0x34, 0x00, 0x10, 0x38, 0x38, 0x00, 0x0c, 0x40, 0x2c, 0x00, 0x0c,
    0x78, 0x64, 0x00, 0x10, 0x30, 0x34, 0x00, 0x08, 0x38, 0x38, 0x00, 0x08,
    0x40, 0x20, 0x00, 0x08, 0x20, 0x1c, 0x18, 0x51, 0x18, 0x1c, 0x20, 0xfb,
    0x18, 0x1c, 0x20, 0xff, 0x20, 0x1c, 0x18, 0xff, 0x18, 0x1c, 0x20, 0xff,
    0x20, 0x1c, 0x20, 0xff, 0x20, 0x1c, 0x18, 0xff, 0x18, 0x1c, 0x18, 0xff,
    0x20, 0x1c, 0x20, 0xff, 0x18, 0x1c, 0x18, 0xff, 0x20, 0x1c, 0x20, 0xff,
    0x18, 0x1c, 0x18, 0xff, 0x20, 0x1c, 0x20, 0x69, 0x00, 0x00, 0x00, 0x00,
    0x00, 0x00, 0x00, 0x00, 0x00, 0x00, 0x00, 0x00, 0x00, 0x00, 0x00, 0x00,
    0x00, 0x00, 0x00, 0x00, 0x00, 0x00, 0x00, 0x00, 0x00, 0x00, 0x00, 0x00,
    0x00, 0x00, 0x00, 0x00, 0x00, 0x00, 0x00, 0x00, 0x00, 0x00, 0x00, 0x00,
    0x00, 0x00, 0x00, 0x00, 0x00, 0x00, 0x00, 0x00, 0x00, 0x00, 0x00, 0x00,
    0x00, 0x00, 0x00, 0x00, 0x00, 0x00, 0x00, 0x00, 0x00, 0x00, 0x00, 0x00,
    0x38, 0x38, 0x38, 0x65, 0x38, 0x34, 0x38, 0xff, 0x30, 0x34, 0x30, 0xff,
    0x38, 0x38, 0x38, 0xff, 0x38, 0x34, 0x30, 0xff, 0x30, 0x38, 0x30, 0xff,
    0x38, 0x34, 0x38, 0xff, 0x38, 0x34, 0x30, 0xff, 0x30, 0x34, 0x38, 0xff,
    0x38, 0x38, 0x30, 0xff, 0x30, 0x34, 0x30, 0xff, 0x30, 0x34, 0x38, 0xfb,
    0x30, 0x30, 0x30, 0x51, 0x20, 0x20, 0x00, 0x08, 0x38, 0x1c, 0x00, 0x08,
    0x30, 0x18, 0x00, 0x0c, 0x30, 0x30, 0x00, 0x0c, 0x30, 0x2c, 0x00, 0x0c,
    0x40, 0x2c, 0x00, 0x0c, 0x38, 0x3c, 0x00, 0x0c, 0x48, 0x34, 0x00, 0x0c,
    0x40, 0x44, 0x00, 0x10, 0x50, 0x40, 0x00, 0x10, 0x48, 0x3c, 0x00, 0x10,
    0x58, 0x4c, 0x00, 0x10, 0x50, 0x48, 0x00, 0x14, 0x58, 0x50, 0x00, 0x14,
    0x68, 0x4c, 0x00, 0x14, 0x70, 0x54, 0x00, 0x14, 0x68, 0x50, 0x00, 0x18,
    0x70, 0x58, 0x00, 0x18, 0x78, 0x64, 0x00, 0x18, 0x80, 0x68, 0x00, 0x18,
    0x80, 0x64, 0x00, 0x18, 0x80, 0x6c, 0x00, 0x1c, 0x88, 0x70, 0x00, 0x1c,
    0x88, 0x6c, 0x00, 0x1c, 0x90, 0x70, 0x00, 0x1c, 0x98, 0x7c, 0x00, 0x1c,
    0x98, 0x7c, 0x00, 0x1c, 0xa0, 0x84, 0x00, 0x20, 0xa0, 0x80, 0x00, 0x20,
    0xa0, 0x84, 0x00, 0x20, 0xa8, 0x88, 0x00, 0x24, 0xa8, 0x8c, 0x00, 0x20,
    0xc8, 0xa4, 0x00, 0x30, 0xf8, 0xd0, 0x00, 0xdb, 0xf8, 0xd4, 0x00, 0xff,
    0xc8, 0xa8, 0x08, 0xff, 0x18, 0x14, 0x10, 0xff, 0x10, 0x14, 0x10, 0xff,
    0x10, 0x10, 0x10, 0xff, 0x10, 0x10, 0x10, 0xff, 0x10, 0x10, 0x10, 0xff,
    0x10, 0x14, 0x10, 0xff, 0x10, 0x10, 0x10, 0xff, 0x10, 0x10, 0x10, 0xff,
    0x10, 0x10, 0x10, 0xff, 0x10, 0x10, 0x10, 0xff, 0x10, 0x10, 0x10, 0xff,
    0x10, 0x10, 0x10, 0xff, 0x10, 0x10, 0x10, 0xff, 0x10, 0x14, 0x10, 0xff,
    0x10, 0x10, 0x10, 0xff, 0x10, 0x10, 0x10, 0xff, 0x10, 0x10, 0x10, 0xff,
    0x10, 0x10, 0x10, 0xff, 0x10, 0x10, 0x10, 0xff, 0x10, 0x10, 0x10, 0xff,
    0x10, 0x10, 0x10, 0xff, 0x10, 0x10, 0x10, 0xff, 0x10, 0x14, 0x10, 0xff,
    0x10, 0x10, 0x10, 0xff, 0x10, 0x10, 0x10, 0xff, 0x28, 0x20, 0x10, 0xff,
    0xd8, 0xb4, 0x00, 0xff, 0xf8, 0xd4, 0x00, 0xff, 0xf8, 0xd0, 0x00, 0xc3,
    0xc0, 0x9c, 0x00, 0x28, 0xa8, 0x90, 0x00, 0x24, 0xa8, 0x88, 0x00, 0x20,
    0xa0, 0x80, 0x00, 0x20, 0xa0, 0x88, 0x00, 0x20, 0xa0, 0x80, 0x00, 0x20,
    0x98, 0x80, 0x00, 0x1c, 0x98, 0x7c, 0x00, 0x1c, 0x90, 0x74, 0x00, 0x1c,
    0x88, 0x78, 0x00, 0x1c, 0x80, 0x70, 0x00, 0x1c, 0x80, 0x6c, 0x00, 0x18,
    0x78, 0x64, 0x00, 0x18, 0x78, 0x60, 0x00, 0x18, 0x78, 0x64, 0x00, 0x18,
    0x70, 0x5c, 0x00, 0x14, 0x68, 0x5c, 0x00, 0x18, 0x60, 0x54, 0x00, 0x14,
    0x68, 0x4c, 0x00, 0x14, 0x58, 0x50, 0x00, 0x14, 0x50, 0x48, 0x00, 0x10,
    0x58, 0x4c, 0x00, 0x10, 0x50, 0x40, 0x00, 0x10, 0x50, 0x40, 0x00, 0x10,
    0x40, 0x34, 0x00, 0x10, 0x48, 0x34, 0x00, 0x0c, 0x38, 0x38, 0x00, 0x0c,
    0x40, 0x2c, 0x00, 0x0c, 0x40, 0x40, 0x00, 0x0c, 0xe8, 0xc0, 0x00, 0x45,
    0xe8, 0xc0, 0x00, 0x49, 0x38, 0x1c, 0x00, 0x08, 0x20, 0x20, 0x00, 0x08,
    0x20, 0x20, 0x18, 0x6d, 0x18, 0x1c, 0x20, 0xff, 0x20, 0x20, 0x20, 0xff,
    0x20, 0x1c, 0x18, 0xff, 0x18, 0x20, 0x20, 0xff, 0x18, 0x1c, 0x18, 0xff,
    0x18, 0x1c, 0x18, 0xff, 0x20, 0x1c, 0x20, 0xff, 0x18, 0x1c, 0x18, 0xff,
    0x18, 0x1c, 0x18, 0xff, 0x18, 0x1c, 0x18, 0xff, 0x20, 0x1c, 0x18, 0xff,
    0x18, 0x18, 0x18, 0x45, 0x00, 0x00, 0x00, 0x00, 0x00, 0x00, 0x00, 0x00,
    0x00, 0x00, 0x00, 0x00, 0x00, 0x00, 0x00, 0x00, 0x00, 0x00, 0x00, 0x00,
    0x00, 0x00, 0x00, 0x00, 0x00, 0x00, 0x00, 0x00, 0x00, 0x00, 0x00, 0x00,
    0x00, 0x00, 0x00, 0x00, 0x00, 0x00, 0x00, 0x00, 0x00, 0x00, 0x00, 0x00,
    0x00, 0x00, 0x00, 0x00, 0x00, 0x00, 0x00, 0x00, 0x00, 0x00, 0x00, 0x00,
    0x00, 0x00, 0x00, 0x00, 0x00, 0x00, 0x00, 0x00, 0x30, 0x34, 0x30, 0x41,
    0x38, 0x34, 0x38, 0xfb, 0x38, 0x38, 0x38, 0xff, 0x30, 0x38, 0x38, 0xff,
    0x38, 0x34, 0x38, 0xff, 0x38, 0x34, 0x30, 0xff, 0x30, 0x34, 0x38, 0xff,
    0x38, 0x34, 0x38, 0xff, 0x30, 0x34, 0x30, 0xff, 0x38, 0x34, 0x38, 0xff,
    0x38, 0x34, 0x30, 0xff, 0x30, 0x34, 0x38, 0xff, 0x30, 0x34, 0x30, 0x82,
    0x20, 0x20, 0x00, 0x08, 0x18, 0x1c, 0x00, 0x08, 0x30, 0x18, 0x00, 0x08,
    0x30, 0x30, 0x00, 0x0c, 0x30, 0x2c, 0x00, 0x0c, 0x40, 0x28, 0x00, 0x0c,
    0x38, 0x3c, 0x00, 0x0c, 0x48, 0x34, 0x00, 0x10, 0x48, 0x34, 0x00, 0x10,
    0x50, 0x40, 0x00, 0x10, 0x48, 0x3c, 0x00, 0x10, 0x58, 0x4c, 0x00, 0x10,
    0x58, 0x44, 0x00, 0x14, 0x60, 0x50, 0x00, 0x14, 0x68, 0x4c, 0x00, 0x14,
    0x60, 0x54, 0x00, 0x14, 0x68, 0x50, 0x00, 0x14, 0x70, 0x58, 0x00, 0x18,
    0x78, 0x64, 0x00, 0x18, 0x78, 0x60, 0x00, 0x18, 0x78, 0x64, 0x00, 0x18,
    0x80, 0x6c, 0x00, 0x18, 0x80, 0x68, 0x00, 0x1c, 0x88, 0x6c, 0x00, 0x1c,
    0x90, 0x78, 0x00, 0x1c, 0x98, 0x7c, 0x00, 0x1c, 0x98, 0x80, 0x00, 0x20,
    0x98, 0x80, 0x00, 0x20, 0xa0, 0x84, 0x00, 0x20, 0xa0, 0x88, 0x00, 0x20,
    0xa0, 0x8c, 0x00, 0x20, 0xa8, 0x8c, 0x00, 0x24, 0xb0, 0x90, 0x00, 0x24,
    0xf0, 0xc8, 0x00, 0x6d, 0xf8, 0xd4, 0x00, 0xf7, 0xf8, 0xd4, 0x00, 0xff,
    0x80, 0x68, 0x08, 0xff, 0x10, 0x14, 0x10, 0xff, 0x10, 0x10, 0x10, 0xff,
    0x10, 0x10, 0x10, 0xff, 0x10, 0x10, 0x10, 0xff, 0x10, 0x10, 0x10, 0xff,
    0x10, 0x10, 0x10, 0xff, 0x10, 0x10, 0x10, 0xff, 0x18, 0x14, 0x10, 0xff,
    0x10, 0x10, 0x10, 0xff, 0x10, 0x10, 0x10, 0xff, 0x10, 0x14, 0x10, 0xff,
    0x10, 0x10, 0x10, 0xff, 0x10, 0x10, 0x10, 0xff, 0x10, 0x10, 0x10, 0xff,
    0x10, 0x14, 0x10, 0xff, 0x10, 0x10, 0x10, 0xff, 0x10, 0x10, 0x10, 0xff,
    0x10, 0x14, 0x10, 0xff, 0x18, 0x14, 0x10, 0xff, 0x10, 0x10, 0x18, 0xff,
    0x10, 0x10, 0x10, 0xff, 0x10, 0x10, 0x10, 0xff, 0x10, 0x14, 0x10, 0xff,
    0x18, 0x14, 0x10, 0xff, 0x98, 0x80, 0x08, 0xff, 0xf8, 0xd4, 0x00, 0xff,
    0xf8, 0xd4, 0x00, 0xf7, 0xe8, 0xbc, 0x00, 0x51, 0xa8, 0x88, 0x00, 0x24,
    0xa8, 0x8c, 0x00, 0x24, 0xa8, 0x8c, 0x00, 0x20, 0xa0, 0x88, 0x00, 0x20,
    0xa0, 0x84, 0x00, 0x20, 0x90, 0x7c, 0x00, 0x20, 0x90, 0x74, 0x00, 0x1c,
    0x88, 0x70, 0x00, 0x1c, 0x90, 0x78, 0x00, 0x1c, 0x88, 0x6c, 0x00, 0x1c,
    0x80, 0x70, 0x00, 0x1c, 0x80, 0x6c, 0x00, 0x1c, 0x78, 0x64, 0x00, 0x18,
    0x78, 0x60, 0x00, 0x18, 0x70, 0x58, 0x00, 0x18, 0x70, 0x5c, 0x00, 0x18,
    0x68, 0x5c, 0x00, 0x14, 0x60, 0x54, 0x00, 0x14, 0x68, 0x4c, 0x00, 0x14,
    0x60, 0x50, 0x00, 0x14, 0x58, 0x44, 0x00, 0x10, 0x58, 0x4c, 0x00, 0x10,
    0x50, 0x40, 0x00, 0x10, 0x50, 0x3c, 0x00, 0x10, 0x40, 0x34, 0x00, 0x10,
    0x48, 0x34, 0x00, 0x10, 0x38, 0x3c, 0x00, 0x0c, 0x40, 0x2c, 0x00, 0x0c,
    0x58, 0x48, 0x00, 0x10, 0xe8, 0xc4, 0x00, 0x4d, 0xe0, 0xb8, 0x00, 0x34,
    0x20, 0x1c, 0x00, 0x08, 0x20, 0x20, 0x00, 0x08, 0x20, 0x1c, 0x20, 0x96,
    0x20, 0x1c, 0x18, 0xff, 0x18, 0x1c, 0x18, 0xff, 0x20, 0x1c, 0x20, 0xff,
    0x20, 0x1c, 0x18, 0xff, 0x18, 0x1c, 0x20, 0xff, 0x20, 0x1c, 0x20, 0xff,
    0x20, 0x1c, 0x20, 0xff, 0x18, 0x1c, 0x18, 0xff, 0x18, 0x1c, 0x20, 0xff,
    0x20, 0x1c, 0x20, 0xff, 0x18, 0x18, 0x18, 0xfb, 0x18, 0x18, 0x18, 0x1c,
    0x00, 0x00, 0x00, 0x00, 0x00, 0x00, 0x00, 0x00, 0x00, 0x00, 0x00, 0x00,
    0x00, 0x00, 0x00, 0x00, 0x00, 0x00, 0x00, 0x00, 0x00, 0x00, 0x00, 0x00,
    0x00, 0x00, 0x00, 0x00, 0x00, 0x00, 0x00, 0x00, 0x00, 0x00, 0x00, 0x00,
    0x00, 0x00, 0x00, 0x00, 0x00, 0x00, 0x00, 0x00, 0x00, 0x00, 0x00, 0x00,
    0x00, 0x00, 0x00, 0x00, 0x00, 0x00, 0x00, 0x00, 0x00, 0x00, 0x00, 0x00,
    0x00, 0x00, 0x00, 0x00, 0x38, 0x38, 0x38, 0x2c, 0x30, 0x34, 0x30, 0xf3,
    0x38, 0x34, 0x38, 0xff, 0x38, 0x34, 0x30, 0xff, 0x30, 0x34, 0x38, 0xff,
    0x38, 0x34, 0x38, 0xff, 0x38, 0x38, 0x30, 0xff, 0x30, 0x34, 0x30, 0xff,
    0x30, 0x34, 0x38, 0xff, 0x38, 0x34, 0x38, 0xff, 0x38, 0x34, 0x30, 0xff,
    0x30, 0x34, 0x38, 0xff, 0x30, 0x34, 0x30, 0xb6, 0x20, 0x20, 0x00, 0x08,
    0x20, 0x1c, 0x00, 0x08, 0x18, 0x18, 0x00, 0x0c, 0x30, 0x18, 0x00, 0x0c,
    0x30, 0x30, 0x00, 0x0c, 0x40, 0x28, 0x00, 0x0c, 0x38, 0x3c, 0x00, 0x0c,
    0x48, 0x34, 0x00, 0x0c, 0x48, 0x34, 0x00, 0x10, 0x40, 0x30, 0x00, 0x10,
    0x48, 0x3c, 0x00, 0x10, 0x58, 0x4c, 0x00, 0x10, 0x58, 0x44, 0x00, 0x10,
    0x60, 0x50, 0x00, 0x14, 0x60, 0x4c, 0x00, 0x14, 0x68, 0x58, 0x00, 0x14,
    0x68, 0x54, 0x00, 0x14, 0x68, 0x5c, 0x00, 0x14, 0x70, 0x58, 0x00, 0x18,
    0x70, 0x60, 0x00, 0x18, 0x78, 0x64, 0x00, 0x18, 0x80, 0x6c, 0x00, 0x18,
    0x80, 0x6c, 0x00, 0x1c, 0x80, 0x70, 0x00, 0x1c, 0x88, 0x74, 0x00, 0x1c,
    0x88, 0x70, 0x00, 0x1c, 0x90, 0x78, 0x00, 0x20, 0x90, 0x7c, 0x00, 0x20,
    0x98, 0x80, 0x00, 0x20, 0xa0, 0x80, 0x00, 0x20, 0xa0, 0x84, 0x00, 0x20,
    0xa8, 0x88, 0x00, 0x20, 0xa8, 0x90, 0x00, 0x24, 0xc0, 0xa0, 0x00, 0x2c,
    0xf8, 0xd0, 0x00, 0xbe, 0xf8, 0xd4, 0x00, 0xff, 0xf0, 0xc8, 0x00, 0xff,
    0x40, 0x38, 0x10, 0xff, 0x10, 0x10, 0x10, 0xff, 0x10, 0x14, 0x10, 0xff,
    0x18, 0x14, 0x18, 0xff, 0x10, 0x10, 0x10, 0xff, 0x10, 0x10, 0x10, 0xff,
    0x10, 0x14, 0x18, 0xff, 0x10, 0x10, 0x10, 0xff, 0x10, 0x10, 0x10, 0xff,
    0x10, 0x10, 0x10, 0xff, 0x18, 0x14, 0x10, 0xff, 0x10, 0x10, 0x10, 0xff,
    0x10, 0x10, 0x10, 0xff, 0x10, 0x10, 0x10, 0xff, 0x18, 0x14, 0x10, 0xff,
    0x10, 0x10, 0x10, 0xff, 0x10, 0x10, 0x18, 0xff, 0x10, 0x10, 0x10, 0xff,
    0x10, 0x10, 0x10, 0xff, 0x10, 0x14, 0x10, 0xff, 0x18, 0x10, 0x10, 0xff,
    0x10, 0x10, 0x10, 0xff, 0x10, 0x10, 0x18, 0xff, 0x58, 0x4c, 0x10, 0xff,
    0xf8, 0xd0, 0x00, 0xff, 0xf8, 0xd4, 0x00, 0xff, 0xf8, 0xd0, 0x00, 0xae,
    0xb0, 0x98, 0x00, 0x24, 0xa8, 0x90, 0x00, 0x20, 0xa8, 0x88, 0x00, 0x24,
    0xa0, 0x84, 0x00, 0x20, 0xa0, 0x80, 0x00, 0x20, 0xa0, 0x80, 0x00, 0x20,
    0x90, 0x7c, 0x00, 0x20, 0x90, 0x78, 0x00, 0x20, 0x90, 0x70, 0x00, 0x1c,
    0x88, 0x78, 0x00, 0x1c, 0x88, 0x70, 0x00, 0x1c, 0x80, 0x6c, 0x00, 0x18,
    0x78, 0x64, 0x00, 0x18, 0x78, 0x64, 0x00, 0x18, 0x78, 0x60, 0x00, 0x18,
    0x70, 0x58, 0x00, 0x18, 0x70, 0x5c, 0x00, 0x14, 0x70, 0x54, 0x00, 0x14,
    0x68, 0x58, 0x00, 0x14, 0x58, 0x4c, 0x00, 0x14, 0x60, 0x44, 0x00, 0x14,
    0x50, 0x44, 0x00, 0x14, 0x48, 0x3c, 0x00, 0x10, 0x50, 0x40, 0x00, 0x10,
    0x50, 0x40, 0x00, 0x10, 0x48, 0x34, 0x00, 0x10, 0x38, 0x34, 0x00, 0x0c,
    0x38, 0x28, 0x00, 0x0c, 0x28, 0x28, 0x00, 0x0c, 0x40, 0x40, 0x00, 0x0c,
    0xa8, 0x84, 0x00, 0x18, 0x90, 0x70, 0x00, 0x14, 0x18, 0x1c, 0x00, 0x08,
    0x20, 0x20, 0x00, 0x08, 0x18, 0x1c, 0x20, 0xc3, 0x18, 0x1c, 0x18, 0xff,
    0x18, 0x1c, 0x20, 0xff, 0x20, 0x1c, 0x20, 0xff, 0x18, 0x1c, 0x18, 0xff,
    0x18, 0x1c, 0x18, 0xff, 0x18, 0x1c, 0x18, 0xff, 0x18, 0x1c, 0x18, 0xff,
    0x20, 0x1c, 0x18, 0xff, 0x18, 0x1c, 0x18, 0xff, 0x20, 0x1c, 0x20, 0xff,
    0x18, 0x18, 0x18, 0xe7, 0x18, 0x18, 0x18, 0x14, 0x00, 0x00, 0x00, 0x00,
    0x00, 0x00, 0x00, 0x00, 0x00, 0x00, 0x00, 0x00, 0x00, 0x00, 0x00, 0x00,
    0x00, 0x00, 0x00, 0x00, 0x00, 0x00, 0x00, 0x00, 0x00, 0x00, 0x00, 0x00,
    0x00, 0x00, 0x00, 0x00, 0x00, 0x00, 0x00, 0x00, 0x00, 0x00, 0x00, 0x00,
    0x00, 0x00, 0x00, 0x00, 0x00, 0x00, 0x00, 0x00, 0x00, 0x00, 0x00, 0x00,
    0x00, 0x00, 0x00, 0x00, 0x00, 0x00, 0x00, 0x00, 0x00, 0x00, 0x00, 0x00,
    0x30, 0x34, 0x30, 0x1c, 0x38, 0x34, 0x38, 0xe3, 0x38, 0x38, 0x38, 0xff,
    0x30, 0x34, 0x30, 0xff, 0x38, 0x34, 0x38, 0xff, 0x30, 0x38, 0x38, 0xff,
    0x30, 0x34, 0x30, 0xff, 0x38, 0x34, 0x30, 0xff, 0x30, 0x34, 0x38, 0xff,
    0x30, 0x34, 0x30, 0xff, 0x38, 0x34, 0x30, 0xff, 0x30, 0x34, 0x30, 0xff,
    0x38, 0x34, 0x38, 0xef, 0x30, 0x18, 0x00, 0x08, 0x20, 0x20, 0x00, 0x08,
    0x38, 0x1c, 0x00, 0x08, 0x30, 0x18, 0x00, 0x08, 0x58, 0x40, 0x00, 0x0c,
    0x40, 0x2c, 0x00, 0x0c, 0x38, 0x38, 0x00, 0x0c, 0x50, 0x3c, 0x00, 0x0c,
    0x48, 0x34, 0x00, 0x10, 0x40, 0x44, 0x00, 0x10, 0x50, 0x40, 0x00, 0x10,
    0x50, 0x4c, 0x00, 0x10, 0x50, 0x44, 0x00, 0x14, 0x60, 0x50, 0x00, 0x14,
    0x60, 0x50, 0x00, 0x14, 0x68, 0x58, 0x00, 0x14, 0x68, 0x54, 0x00, 0x14,
    0x68, 0x5c, 0x00, 0x18, 0x70, 0x58, 0x00, 0x18, 0x70, 0x60, 0x00, 0x18,
    0x78, 0x64, 0x00, 0x18, 0x78, 0x64, 0x00, 0x18, 0x80, 0x6c, 0x00, 0x1c,
    0x88, 0x70, 0x00, 0x1c, 0x88, 0x6c, 0x00, 0x1c, 0x90, 0x78, 0x00, 0x1c,
    0x98, 0x7c, 0x00, 0x1c, 0x98, 0x80, 0x00, 0x1c, 0xa0, 0x7c, 0x00, 0x20,
    0xa0, 0x7c, 0x00, 0x20, 0xa8, 0x88, 0x00, 0x20, 0xa0, 0x8c, 0x00, 0x20,
    0xa8, 0x8c, 0x00, 0x20, 0xa8, 0x88, 0x00, 0x24, 0xd0, 0xb4, 0x00, 0x3c,
    0xf8, 0xd0, 0x00, 0xe3, 0xf8, 0xd4, 0x00, 0xff, 0xe0, 0xb8, 0x00, 0xff,
    0x38, 0x30, 0x10, 0xff, 0x10, 0x10, 0x10, 0xff, 0x10, 0x10, 0x10, 0xff,
    0x10, 0x10, 0x10, 0xff, 0x10, 0x14, 0x10, 0xff, 0x18, 0x10, 0x10, 0xff,
    0x10, 0x10, 0x10, 0xff, 0x10, 0x10, 0x10, 0xff, 0x10, 0x14, 0x18, 0xff,
    0x10, 0x10, 0x10, 0xff, 0x10, 0x10, 0x10, 0xff, 0x10, 0x10, 0x10, 0xff,
    0x10, 0x14, 0x10, 0xff, 0x10, 0x10, 0x10, 0xff, 0x10, 0x10, 0x10, 0xff,
    0x10, 0x14, 0x10, 0xff, 0x18, 0x10, 0x10, 0xff, 0x10, 0x10, 0x10, 0xff,
    0x10, 0x10, 0x10, 0xff, 0x10, 0x14, 0x10, 0xff, 0x10, 0x10, 0x10, 0xff,
    0x48, 0x3c, 0x10, 0xff, 0xe8, 0xc4, 0x00, 0xff, 0xf8, 0xd4, 0x00, 0xff,
    0xf8, 0xd0, 0x00, 0xdb, 0xd0, 0xac, 0x00, 0x38, 0xa8, 0x8c, 0x00, 0x24,
    0xa8, 0x8c, 0x00, 0x24, 0xa8, 0x8c, 0x00, 0x20, 0xa8, 0x88, 0x00, 0x20,
    0x98, 0x80, 0x00, 0x20, 0xa0, 0x7c, 0x00, 0x20, 0x90, 0x78, 0x00, 0x1c,
    0x90, 0x7c, 0x00, 0x1c, 0x90, 0x74, 0x00, 0x1c, 0x88, 0x6c, 0x00, 0x1c,
    0x80, 0x70, 0x00, 0x1c, 0x80, 0x6c, 0x00, 0x1c, 0x78, 0x64, 0x00, 0x18,
    0x70, 0x5c, 0x00, 0x18, 0x70, 0x60, 0x00, 0x18, 0x70, 0x58, 0x00, 0x18,
    0x68, 0x5c, 0x00, 0x18, 0x70, 0x54, 0x00, 0x14, 0x68, 0x58, 0x00, 0x14,
    0x58, 0x50, 0x00, 0x14, 0x60, 0x44, 0x00, 0x14, 0x50, 0x48, 0x00, 0x14,
    0x58, 0x4c, 0x00, 0x10, 0x50, 0x40, 0x00, 0x10, 0x58, 0x44, 0x00, 0x10,
    0x48, 0x34, 0x00, 0x10, 0x38, 0x3c, 0x00, 0x0c, 0x38, 0x28, 0x00, 0x0c,
    0x28, 0x28, 0x00, 0x0c, 0x30, 0x2c, 0x00, 0x0c, 0x38, 0x34, 0x00, 0x08,
    0x38, 0x1c, 0x00, 0x08, 0x20, 0x20, 0x00, 0x08, 0x18, 0x18, 0x00, 0x0c,
    0x20, 0x1c, 0x18, 0xf3, 0x18, 0x1c, 0x20, 0xff, 0x20, 0x1c, 0x18, 0xff,
    0x20, 0x1c, 0x20, 0xff, 0x18, 0x1c, 0x20, 0xff, 0x20, 0x1c, 0x18, 0xff,
    0x18, 0x1c, 0x20, 0xff, 0x20, 0x1c, 0x18, 0xff, 0x18, 0x18, 0x18, 0xff,
    0x18, 0x1c, 0x20, 0xff, 0x18, 0x18, 0x18, 0xff, 0x18, 0x1c, 0x18, 0xcf,
    0x18, 0x14, 0x18, 0x0c, 0x00, 0x00, 0x00, 0x00, 0x00, 0x00, 0x00, 0x00,
    0x00, 0x00, 0x00, 0x00, 0x00, 0x00, 0x00, 0x00, 0x00, 0x00, 0x00, 0x00,
    0x00, 0x00, 0x00, 0x00, 0x00, 0x00, 0x00, 0x00, 0x00, 0x00, 0x00, 0x00,
    0x00, 0x00, 0x00, 0x00, 0x00, 0x00, 0x00, 0x00, 0x00, 0x00, 0x00, 0x00,
    0x00, 0x00, 0x00, 0x00, 0x00, 0x00, 0x00, 0x00, 0x00, 0x00, 0x00, 0x00,
    0x00, 0x00, 0x00, 0x00, 0x00, 0x00, 0x00, 0x00, 0x38, 0x38, 0x38, 0x08,
    0x38, 0x34, 0x38, 0xd3, 0x38, 0x38, 0x38, 0xff, 0x38, 0x34, 0x30, 0xff,
    0x38, 0x34, 0x38, 0xff, 0x38, 0x34, 0x38, 0xff, 0x38, 0x34, 0x38, 0xff,
    0x38, 0x34, 0x38, 0xff, 0x30, 0x34, 0x30, 0xff, 0x38, 0x34, 0x38, 0xff,
    0x30, 0x34, 0x38, 0xff, 0x38, 0x34, 0x30, 0xff, 0x30, 0x34, 0x30, 0xff,
    0x30, 0x30, 0x30, 0x38, 0x40, 0x20, 0x00, 0x08, 0x68, 0x54, 0x00, 0x0c,
    0xf0, 0xc4, 0x00, 0x4d, 0xd0, 0xb0, 0x00, 0x2c, 0x40, 0x40, 0x00, 0x0c,
    0x38, 0x38, 0x00, 0x0c, 0x50, 0x3c, 0x00, 0x0c, 0x48, 0x34, 0x00, 0x10,
    0x58, 0x44, 0x00, 0x10, 0x50, 0x40, 0x00, 0x10, 0x58, 0x4c, 0x00, 0x10,
    0x50, 0x44, 0x00, 0x10, 0x60, 0x54, 0x00, 0x10, 0x60, 0x50, 0x00, 0x14,
    0x68, 0x58, 0x00, 0x14, 0x70, 0x54, 0x00, 0x14, 0x68, 0x5c, 0x00, 0x14,
    0x70, 0x68, 0x00, 0x14, 0x78, 0x64, 0x00, 0x18, 0x78, 0x60, 0x00, 0x18,
    0x78, 0x64, 0x00, 0x18, 0x80, 0x6c, 0x00, 0x18, 0x88, 0x70, 0x00, 0x1c,
    0x90, 0x70, 0x00, 0x1c, 0x90, 0x78, 0x00, 0x1c, 0x98, 0x7c, 0x00, 0x1c,
    0x90, 0x74, 0x00, 0x1c, 0x98, 0x80, 0x00, 0x1c, 0xa0, 0x84, 0x00, 0x20,
    0xa0, 0x88, 0x00, 0x20, 0xa0, 0x8c, 0x00, 0x20, 0xa8, 0x90, 0x00, 0x20,
    0xa8, 0x90, 0x00, 0x24, 0xb0, 0x90, 0x00, 0x24, 0xe0, 0xc0, 0x00, 0x51,
    0xf8, 0xd4, 0x00, 0xef, 0xf8, 0xd4, 0x00, 0xff, 0xe0, 0xbc, 0x00, 0xff,
    0x48, 0x3c, 0x10, 0xff, 0x18, 0x14, 0x10, 0xff, 0x10, 0x10, 0x10, 0xff,
    0x10, 0x10, 0x10, 0xff, 0x10, 0x10, 0x10, 0xff, 0x10, 0x10, 0x10, 0xff,
    0x10, 0x14, 0x10, 0xff, 0x10, 0x10, 0x10, 0xff, 0x10, 0x10, 0x10, 0xff,
    0x10, 0x10, 0x10, 0xff, 0x18, 0x14, 0x18, 0xff, 0x10, 0x10, 0x10, 0xff,
    0x10, 0x10, 0x10, 0xff, 0x10, 0x10, 0x18, 0xff, 0x10, 0x10, 0x10, 0xff,
    0x10, 0x14, 0x10, 0xff, 0x10, 0x10, 0x10, 0xff, 0x10, 0x10, 0x18, 0xff,
    0x18, 0x14, 0x10, 0xff, 0x58, 0x4c, 0x10, 0xff, 0xe8, 0xc4, 0x00, 0xff,
    0xf8, 0xd4, 0x00, 0xff, 0xf8, 0xd0, 0x00, 0xe3, 0xe0, 0xbc, 0x00, 0x45,
    0xb0, 0x90, 0x00, 0x24, 0xb0, 0x8c, 0x00, 0x20, 0xa8, 0x8c, 0x00, 0x20,
    0xa0, 0x84, 0x00, 0x20, 0xa0, 0x80, 0x00, 0x20, 0x98, 0x84, 0x00, 0x20,
    0x98, 0x80, 0x00, 0x1c, 0x90, 0x80, 0x00, 0x1c, 0x98, 0x7c, 0x00, 0x1c,
    0x90, 0x74, 0x00, 0x1c, 0x90, 0x70, 0x00, 0x1c, 0x88, 0x6c, 0x00, 0x1c,
    0x80, 0x6c, 0x00, 0x18, 0x88, 0x64, 0x00, 0x18, 0x80, 0x6c, 0x00, 0x18,
    0x78, 0x64, 0x00, 0x18, 0x70, 0x5c, 0x00, 0x18, 0x70, 0x60, 0x00, 0x14,
    0x60, 0x54, 0x00, 0x14, 0x68, 0x58, 0x00, 0x14, 0x68, 0x50, 0x00, 0x14,
    0x60, 0x54, 0x00, 0x10, 0x58, 0x44, 0x00, 0x10, 0x58, 0x4c, 0x00, 0x10,
    0x50, 0x40, 0x00, 0x10, 0x40, 0x44, 0x00, 0x10, 0x48, 0x48, 0x00, 0x0c,
    0x50, 0x38, 0x00, 0x0c, 0x38, 0x3c, 0x00, 0x0c, 0x40, 0x2c, 0x00, 0x0c,
    0x30, 0x2c, 0x00, 0x0c, 0x30, 0x34, 0x00, 0x0c, 0x38, 0x1c, 0x00, 0x08,
    0x40, 0x20, 0x00, 0x08, 0x20, 0x20, 0x18, 0x41, 0x20, 0x1c, 0x20, 0xff,
    0x20, 0x1c, 0x20, 0xff, 0x18, 0x1c, 0x18, 0xff, 0x18, 0x1c, 0x18, 0xff,
    0x20, 0x1c, 0x20, 0xff, 0x20, 0x1c, 0x20, 0xff, 0x20, 0x1c, 0x20, 0xff,
    0x18, 0x1c, 0x18, 0xff, 0x20, 0x1c, 0x20, 0xff, 0x18, 0x1c, 0x18, 0xff,
    0x20, 0x1c, 0x18, 0xff, 0x18, 0x18, 0x18, 0xb6, 0x00, 0x00, 0x00, 0x04,
    0x00, 0x00, 0x00, 0x00, 0x00, 0x00, 0x00, 0x00, 0x00, 0x00, 0x00, 0x00,
    0x00, 0x00, 0x00, 0x00, 0x00, 0x00, 0x00, 0x00, 0x00, 0x00, 0x00, 0x00,
    0x00, 0x00, 0x00, 0x00, 0x00, 0x00, 0x00, 0x00, 0x00, 0x00, 0x00, 0x00,
    0x00, 0x00, 0x00, 0x00, 0x00, 0x00, 0x00, 0x00, 0x00, 0x00, 0x00, 0x00,
    0x00, 0x00, 0x00, 0x00, 0x00, 0x00, 0x00, 0x00, 0x00, 0x00, 0x00, 0x00,
    0x00, 0x00, 0x00, 0x00, 0x00, 0x00, 0x00, 0x00, 0x30, 0x34, 0x30, 0xa6,
    0x30, 0x34, 0x38, 0xff, 0x38, 0x34, 0x38, 0xff, 0x30, 0x38, 0x30, 0xff,
    0x30, 0x34, 0x30, 0xff, 0x38, 0x34, 0x30, 0xff, 0x30, 0x34, 0x38, 0xff,
    0x38, 0x34, 0x30, 0xff, 0x38, 0x34, 0x38, 0xff, 0x30, 0x34, 0x30, 0xff,
    0x30, 0x34, 0x30, 0xff, 0x38, 0x34, 0x38, 0xff, 0x30, 0x30, 0x30, 0x71,
    0x20, 0x20, 0x00, 0x08, 0x50, 0x34, 0x00, 0x0c, 0xe8, 0xc0, 0x00, 0x45,
    0xe8, 0xc0, 0x00, 0x49, 0x40, 0x2c, 0x00, 0x0c, 0x40, 0x40, 0x00, 0x0c,
    0x38, 0x38, 0x00, 0x0c, 0x48, 0x38, 0x00, 0x0c, 0x40, 0x44, 0x00, 0x10,
    0x50, 0x40, 0x00, 0x10, 0x60, 0x50, 0x00, 0x10, 0x58, 0x4c, 0x00, 0x10,
    0x60, 0x54, 0x00, 0x14, 0x60, 0x50, 0x00, 0x14, 0x68, 0x4c, 0x00, 0x14,
    0x60, 0x54, 0x00, 0x14, 0x70, 0x60, 0x00, 0x14, 0x70, 0x5c, 0x00, 0x18,
    0x78, 0x64, 0x00, 0x18, 0x78, 0x68, 0x00, 0x18, 0x80, 0x6c, 0x00, 0x18,
    0x80, 0x70, 0x00, 0x18, 0x88, 0x6c, 0x00, 0x18, 0x80, 0x70, 0x00, 0x1c,
    0x88, 0x74, 0x00, 0x1c, 0x88, 0x7c, 0x00, 0x1c, 0x98, 0x7c, 0x00, 0x1c,
    0x98, 0x7c, 0x00, 0x20, 0x98, 0x7c, 0x00, 0x20, 0xa0, 0x80, 0x00, 0x20,
    0xa0, 0x84, 0x00, 0x20, 0xa0, 0x8c, 0x00, 0x20, 0xa8, 0x90, 0x00, 0x24,
    0xb0, 0x94, 0x00, 0x20, 0xb0, 0x8c, 0x00, 0x24, 0xf0, 0xc4, 0x00, 0x61,
    0xf8, 0xd4, 0x00, 0xeb, 0xf8, 0xd4, 0x00, 0xff, 0xf8, 0xcc, 0x00, 0xff,
    0x80, 0x6c, 0x08, 0xff, 0x20, 0x20, 0x10, 0xff, 0x10, 0x10, 0x18, 0xff,
    0x10, 0x14, 0x10, 0xff, 0x10, 0x10, 0x10, 0xff, 0x18, 0x10, 0x18, 0xff,
    0x10, 0x10, 0x10, 0xff, 0x10, 0x10, 0x10, 0xff, 0x10, 0x14, 0x10, 0xff,
    0x10, 0x10, 0x10, 0xff, 0x10, 0x10, 0x10, 0xff, 0x10, 0x10, 0x10, 0xff,
    0x18, 0x14, 0x10, 0xff, 0x10, 0x10, 0x10, 0xff, 0x10, 0x10, 0x10, 0xff,
    0x10, 0x10, 0x10, 0xff, 0x28, 0x20, 0x10, 0xff, 0x98, 0x80, 0x08, 0xff,
    0xf8, 0xd0, 0x00, 0xff, 0xf8, 0xd4, 0x00, 0xff, 0xf8, 0xd0, 0x00, 0xe3,
    0xe8, 0xbc, 0x00, 0x4d, 0xb0, 0x90, 0x00, 0x24, 0xa8, 0x90, 0x00, 0x20,
    0xa8, 0x88, 0x00, 0x24, 0xa0, 0x8c, 0x00, 0x20, 0xa0, 0x84, 0x00, 0x20,
    0x98, 0x80, 0x00, 0x20, 0xa0, 0x80, 0x00, 0x20, 0x98, 0x80, 0x00, 0x20,
    0x98, 0x7c, 0x00, 0x1c, 0x88, 0x70, 0x00, 0x1c, 0x88, 0x6c, 0x00, 0x1c,
    0x80, 0x70, 0x00, 0x1c, 0x88, 0x6c, 0x00, 0x18, 0x88, 0x70, 0x00, 0x18,
    0x80, 0x6c, 0x00, 0x18, 0x70, 0x60, 0x00, 0x18, 0x70, 0x64, 0x00, 0x18,
    0x70, 0x5c, 0x00, 0x14, 0x70, 0x54, 0x00, 0x14, 0x60, 0x54, 0x00, 0x14,
    0x68, 0x58, 0x00, 0x14, 0x60, 0x50, 0x00, 0x14, 0x50, 0x48, 0x00, 0x14,
    0x58, 0x4c, 0x00, 0x10, 0x50, 0x3c, 0x00, 0x10, 0x58, 0x44, 0x00, 0x10,
    0x48, 0x44, 0x00, 0x10, 0x48, 0x34, 0x00, 0x10, 0x50, 0x38, 0x00, 0x0c,
    0x40, 0x40, 0x00, 0x0c, 0x48, 0x2c, 0x00, 0x0c, 0x30, 0x34, 0x00, 0x0c,
    0x38, 0x38, 0x00, 0x08, 0x38, 0x1c, 0x00, 0x08, 0x40, 0x20, 0x00, 0x08,
    0x18, 0x1c, 0x18, 0x8a, 0x18, 0x1c, 0x20, 0xff, 0x20, 0x1c, 0x18, 0xff,
    0x18, 0x1c, 0x20, 0xff, 0x20, 0x1c, 0x18, 0xff, 0x18, 0x1c, 0x18, 0xff,
    0x18, 0x1c, 0x18, 0xff, 0x18, 0x1c, 0x18, 0xff, 0x18, 0x1c, 0x18, 0xff,
    0x18, 0x18, 0x20, 0xff, 0x18, 0x18, 0x18, 0xff, 0x18, 0x1c, 0x18, 0xff,
    0x18, 0x18, 0x20, 0x86, 0x00, 0x00, 0x00, 0x00, 0x00, 0x00, 0x00, 0x00,
    0x00, 0x00, 0x00, 0x00, 0x00, 0x00, 0x00, 0x00, 0x00, 0x00, 0x00, 0x00,
    0x00, 0x00, 0x00, 0x00, 0x00, 0x00, 0x00, 0x00, 0x00, 0x00, 0x00, 0x00,
    0x00, 0x00, 0x00, 0x00, 0x00, 0x00, 0x00, 0x00, 0x00, 0x00, 0x00, 0x00,
    0x00, 0x00, 0x00, 0x00, 0x00, 0x00, 0x00, 0x00, 0x00, 0x00, 0x00, 0x00,
    0x00, 0x00, 0x00, 0x00, 0x00, 0x00, 0x00, 0x00, 0x00, 0x00, 0x00, 0x00,
    0x00, 0x00, 0x00, 0x00, 0x38, 0x34, 0x38, 0x65, 0x38, 0x34, 0x30, 0xff,
    0x30, 0x34, 0x38, 0xff, 0x38, 0x34, 0x38, 0xff, 0x38, 0x38, 0x38, 0xff,
    0x30, 0x34, 0x30, 0xff, 0x30, 0x34, 0x30, 0xff, 0x38, 0x34, 0x38, 0xff,
    0x30, 0x34, 0x30, 0xff, 0x30, 0x34, 0x30, 0xff, 0x38, 0x34, 0x38, 0xff,
    0x30, 0x30, 0x30, 0xff, 0x30, 0x30, 0x30, 0xae, 0x30, 0x34, 0x00, 0x08,
    0x38, 0x1c, 0x00, 0x08, 0xc0, 0xa4, 0x00, 0x1c, 0xc0, 0xa0, 0x00, 0x20,
    0x40, 0x40, 0x00, 0x0c, 0x40, 0x28, 0x00, 0x0c, 0x38, 0x38, 0x00, 0x0c,
    0x48, 0x38, 0x00, 0x10, 0x48, 0x44, 0x00, 0x10, 0x50, 0x3c, 0x00, 0x10,
    0x50, 0x50, 0x00, 0x10, 0x58, 0x4c, 0x00, 0x10, 0x58, 0x44, 0x00, 0x14,
    0x58, 0x50, 0x00, 0x14, 0x68, 0x50, 0x00, 0x14, 0x68, 0x5c, 0x00, 0x14,
    0x70, 0x54, 0x00, 0x14, 0x70, 0x5c, 0x00, 0x18, 0x70, 0x64, 0x00, 0x18,
    0x78, 0x60, 0x00, 0x18, 0x70, 0x68, 0x00, 0x18, 0x78, 0x64, 0x00, 0x18,
    0x80, 0x6c, 0x00, 0x1c, 0x88, 0x70, 0x00, 0x1c, 0x90, 0x70, 0x00, 0x1c,
    0x90, 0x78, 0x00, 0x1c, 0x98, 0x7c, 0x00, 0x1c, 0x90, 0x78, 0x00, 0x20,
    0x98, 0x7c, 0x00, 0x1c, 0x98, 0x84, 0x00, 0x20, 0xa0, 0x88, 0x00, 0x20,
    0xa8, 0x88, 0x00, 0x20, 0xa8, 0x8c, 0x00, 0x20, 0xa8, 0x8c, 0x00, 0x24,
    0xa8, 0x8c, 0x00, 0x20, 0xb0, 0x94, 0x00, 0x24, 0xe8, 0xc0, 0x00, 0x55,
    0xf8, 0xd4, 0x00, 0xe3, 0xf8, 0xd4, 0x00, 0xff, 0xf8, 0xd0, 0x00, 0xff,
    0xd8, 0xb0, 0x08, 0xff, 0x60, 0x54, 0x10, 0xff, 0x18, 0x14, 0x10, 0xff,
    0x10, 0x10, 0x10, 0xff, 0x10, 0x10, 0x10, 0xff, 0x10, 0x14, 0x10, 0xff,
    0x10, 0x10, 0x10, 0xff, 0x18, 0x10, 0x10, 0xff, 0x10, 0x10, 0x10, 0xff,
    0x10, 0x10, 0x10, 0xff, 0x10, 0x14, 0x10, 0xff, 0x10, 0x10, 0x10, 0xff,
    0x10, 0x10, 0x10, 0xff, 0x18, 0x18, 0x18, 0xff, 0x70, 0x5c, 0x10, 0xff,
    0xd8, 0xb4, 0x00, 0xff, 0xf8, 0xd4, 0x00, 0xff, 0xf8, 0xd4, 0x00, 0xff,
    0xf8, 0xd0, 0x00, 0xdb, 0xe0, 0xbc, 0x00, 0x45, 0xb0, 0x90, 0x00, 0x24,
    0xa8, 0x90, 0x00, 0x20, 0xa8, 0x8c, 0x00, 0x24, 0xa0, 0x8c, 0x00, 0x20,
    0xa0, 0x88, 0x00, 0x20, 0xa0, 0x80, 0x00, 0x20, 0x98, 0x84, 0x00, 0x20,
    0x98, 0x7c, 0x00, 0x1c, 0x90, 0x78, 0x00, 0x20, 0x88, 0x7c, 0x00, 0x1c,
    0x90, 0x74, 0x00, 0x1c, 0x90, 0x70, 0x00, 0x1c, 0x88, 0x6c, 0x00, 0x1c,
    0x80, 0x6c, 0x00, 0x1c, 0x80, 0x70, 0x00, 0x18, 0x80, 0x68, 0x00, 0x18,
    0x78, 0x60, 0x00, 0x18, 0x70, 0x64, 0x00, 0x18, 0x68, 0x5c, 0x00, 0x18,
    0x70, 0x54, 0x00, 0x14, 0x68, 0x58, 0x00, 0x14, 0x68, 0x50, 0x00, 0x14,
    0x60, 0x50, 0x00, 0x14, 0x58, 0x48, 0x00, 0x10, 0x58, 0x4c, 0x00, 0x10,
    0x50, 0x40, 0x00, 0x10, 0x58, 0x44, 0x00, 0x10, 0x40, 0x44, 0x00, 0x10,
    0x48, 0x34, 0x00, 0x0c, 0x50, 0x3c, 0x00, 0x0c, 0x40, 0x40, 0x00, 0x0c,
    0x88, 0x68, 0x00, 0x10, 0xc8, 0xa8, 0x00, 0x20, 0x48, 0x34, 0x00, 0x0c,
    0x38, 0x1c, 0x00, 0x08, 0x20, 0x20, 0x10, 0x10, 0x18, 0x1c, 0x20, 0xc3,
    0x20, 0x1c, 0x18, 0xff, 0x18, 0x1c, 0x20, 0xff, 0x20, 0x1c, 0x20, 0xff,
    0x20, 0x1c, 0x18, 0xff, 0x18, 0x1c, 0x18, 0xff, 0x18, 0x1c, 0x20, 0xff,
    0x20, 0x1c, 0x18, 0xff, 0x20, 0x1c, 0x18, 0xff, 0x18, 0x1c, 0x20, 0xff,
    0x20, 0x18, 0x18, 0xff, 0x18, 0x18, 0x18, 0xff, 0x20, 0x1c, 0x20, 0x49,
    0x00, 0x00, 0x00, 0x00, 0x00, 0x00, 0x00, 0x00, 0x00, 0x00, 0x00, 0x00,
    0x00, 0x00, 0x00, 0x00, 0x00, 0x00, 0x00, 0x00, 0x00, 0x00, 0x00, 0x00,
    0x00, 0x00, 0x00, 0x00, 0x00, 0x00, 0x00, 0x00, 0x00, 0x00, 0x00, 0x00,
    0x00, 0x00, 0x00, 0x00, 0x00, 0x00, 0x00, 0x00, 0x00, 0x00, 0x00, 0x00,
    0x00, 0x00, 0x00, 0x00, 0x00, 0x00, 0x00, 0x00, 0x00, 0x00, 0x00, 0x00,
    0x00, 0x00, 0x00, 0x00, 0x00, 0x00, 0x00, 0x00, 0x00, 0x00, 0x00, 0x00,
    0x30, 0x34, 0x30, 0x24, 0x38, 0x34, 0x30, 0xf7, 0x30, 0x34, 0x30, 0xff,
    0x30, 0x34, 0x38, 0xff, 0x38, 0x34, 0x38, 0xff, 0x30, 0x34, 0x30, 0xff,
    0x30, 0x34, 0x30, 0xff, 0x30, 0x34, 0x38, 0xff, 0x38, 0x34, 0x30, 0xff,
    0x30, 0x34, 0x38, 0xff, 0x30, 0x30, 0x30, 0xff, 0x30, 0x30, 0x30, 0xff,
    0x30, 0x30, 0x30, 0xdf, 0x30, 0x30, 0x20, 0x10, 0x20, 0x1c, 0x00, 0x08,
    0x18, 0x1c, 0x00, 0x08, 0x30, 0x18, 0x00, 0x0c, 0x30, 0x30, 0x00, 0x0c,
    0x40, 0x28, 0x00, 0x0c, 0x40, 0x2c, 0x00, 0x0c, 0x50, 0x38, 0x00, 0x0c,
    0x48, 0x34, 0x00, 0x0c, 0x40, 0x34, 0x00, 0x10, 0x50, 0x40, 0x00, 0x10,
    0x48, 0x3c, 0x00, 0x10, 0x58, 0x44, 0x00, 0x10, 0x50, 0x48, 0x00, 0x10,
    0x60, 0x50, 0x00, 0x14, 0x58, 0x4c, 0x00, 0x14, 0x60, 0x54, 0x00, 0x14,
    0x70, 0x54, 0x00, 0x14, 0x70, 0x5c, 0x00, 0x14, 0x70, 0x64, 0x00, 0x18,
    0x78, 0x60, 0x00, 0x18, 0x78, 0x64, 0x00, 0x18, 0x78, 0x64, 0x00, 0x1c,
    0x80, 0x6c, 0x00, 0x18, 0x80, 0x70, 0x00, 0x1c, 0x88, 0x6c, 0x00, 0x1c,
    0x90, 0x74, 0x00, 0x1c, 0x88, 0x70, 0x00, 0x1c, 0x90, 0x78, 0x00, 0x20,
    0x98, 0x7c, 0x00, 0x20, 0x98, 0x84, 0x00, 0x20, 0xa0, 0x7c, 0x00, 0x20,
    0xa0, 0x84, 0x00, 0x20, 0xa8, 0x8c, 0x00, 0x20, 0xa8, 0x88, 0x00, 0x24,
    0xb0, 0x8c, 0x00, 0x20, 0xb0, 0x90, 0x00, 0x24, 0xd8, 0xb4, 0x00, 0x41,
    0xf8, 0xd0, 0x00, 0xba, 0xf8, 0xd4, 0x00, 0xfb, 0xf8, 0xd4, 0x00, 0xff,
    0xf8, 0xd4, 0x00, 0xff, 0xd8, 0xb4, 0x00, 0xff, 0x88, 0x74, 0x08, 0xff,
    0x58, 0x48, 0x10, 0xff, 0x38, 0x30, 0x10, 0xff, 0x20, 0x1c, 0x10, 0xff,
    0x10, 0x14, 0x10, 0xff, 0x18, 0x14, 0x18, 0xff, 0x20, 0x1c, 0x10, 0xff,
    0x38, 0x30, 0x10, 0xff, 0x58, 0x4c, 0x10, 0xff, 0x98, 0x7c, 0x08, 0xff,
    0xe0, 0xbc, 0x00, 0xff, 0xf8, 0xd4, 0x00, 0xff, 0xf8, 0xd4, 0x00, 0xff,
    0xf8, 0xd4, 0x00, 0xf7, 0xf8, 0xd0, 0x00, 0xae, 0xd0, 0xb0, 0x00, 0x38,
    0xb0, 0x90, 0x00, 0x24, 0xb0, 0x90, 0x00, 0x20, 0xa8, 0x88, 0x00, 0x20,
    0xa0, 0x8c, 0x00, 0x20, 0xa0, 0x88, 0x00, 0x20, 0x98, 0x7c, 0x00, 0x20,
    0x98, 0x7c, 0x00, 0x20, 0x98, 0x80, 0x00, 0x1c, 0x90, 0x78, 0x00, 0x20,
    0x90, 0x7c, 0x00, 0x1c, 0x90, 0x74, 0x00, 0x1c, 0x90, 0x70, 0x00, 0x1c,
    0x80, 0x68, 0x00, 0x1c, 0x80, 0x6c, 0x00, 0x18, 0x88, 0x64, 0x00, 0x18,
    0x78, 0x64, 0x00, 0x18, 0x70, 0x60, 0x00, 0x18, 0x70, 0x58, 0x00, 0x18,
    0x68, 0x5c, 0x00, 0x18, 0x68, 0x54, 0x00, 0x14, 0x60, 0x54, 0x00, 0x14,
    0x68, 0x4c, 0x00, 0x14, 0x58, 0x50, 0x00, 0x14, 0x50, 0x48, 0x00, 0x14,
    0x58, 0x44, 0x00, 0x10, 0x48, 0x3c, 0x00, 0x10, 0x50, 0x40, 0x00, 0x10,
    0x40, 0x44, 0x00, 0x10, 0x48, 0x34, 0x00, 0x0c, 0x38, 0x3c, 0x00, 0x0c,
    0x40, 0x2c, 0x00, 0x0c, 0x28, 0x28, 0x00, 0x0c, 0xd0, 0xac, 0x00, 0x28,
    0xf0, 0xc8, 0x00, 0x61, 0x80, 0x6c, 0x00, 0x0c, 0x20, 0x20, 0x00, 0x08,
    0x20, 0x1c, 0x18, 0x24, 0x18, 0x1c, 0x18, 0xe7, 0x20, 0x1c, 0x18, 0xff,
    0x18, 0x1c, 0x18, 0xff, 0x18, 0x1c, 0x18, 0xff, 0x18, 0x1c, 0x20, 0xff,
    0x20, 0x1c, 0x20, 0xff, 0x18, 0x18, 0x18, 0xff, 0x18, 0x18, 0x18, 0xff,
    0x18, 0x18, 0x18, 0xff, 0x18, 0x1c, 0x18, 0xff, 0x18, 0x1c, 0x18, 0xff,
    0x18, 0x18, 0x18, 0xf7, 0x20, 0x20, 0x20, 0x10, 0x00, 0x00, 0x00, 0x00,
    0x00, 0x00, 0x00, 0x00, 0x00, 0x00, 0x00, 0x00, 0x00, 0x00, 0x00, 0x00,
    0x00, 0x00, 0x00, 0x00, 0x00, 0x00, 0x00, 0x00, 0x00, 0x00, 0x00, 0x00,
    0x00, 0x00, 0x00, 0x00, 0x00, 0x00, 0x00, 0x00, 0x00, 0x00, 0x00, 0x00,
    0x00, 0x00, 0x00, 0x00, 0x00, 0x00, 0x00, 0x00, 0x00, 0x00, 0x00, 0x00,
    0x00, 0x00, 0x00, 0x00, 0x00, 0x00, 0x00, 0x00, 0x00, 0x00, 0x00, 0x00,
    0x00, 0x00, 0x00, 0x00, 0x00, 0x00, 0x00, 0x00, 0x40, 0x40, 0x40, 0x0c,
    0x30, 0x34, 0x38, 0xd3, 0x38, 0x34, 0x30, 0xff, 0x38, 0x34, 0x30, 0xff,
    0x30, 0x34, 0x38, 0xff, 0x38, 0x34, 0x30, 0xff, 0x30, 0x34, 0x38, 0xff,
    0x38, 0x34, 0x30, 0xff, 0x30, 0x34, 0x30, 0xff, 0x38, 0x34, 0x38, 0xff,
    0x30, 0x30, 0x30, 0xff, 0x30, 0x34, 0x30, 0xff, 0x38, 0x34, 0x38, 0xff,
    0x30, 0x30, 0x30, 0x41, 0x20, 0x20, 0x00, 0x08, 0x20, 0x1c, 0x00, 0x08,
    0x30, 0x18, 0x00, 0x08, 0x30, 0x2c, 0x00, 0x0c, 0x40, 0x2c, 0x00, 0x0c,
    0x40, 0x2c, 0x00, 0x0c, 0x38, 0x28, 0x00, 0x0c, 0x48, 0x34, 0x00, 0x10,
    0x40, 0x34, 0x00, 0x10, 0x58, 0x44, 0x00, 0x10, 0x50, 0x40, 0x00, 0x10,
    0x58, 0x4c, 0x00, 0x10, 0x58, 0x44, 0x00, 0x14, 0x60, 0x44, 0x00, 0x14,
    0x58, 0x4c, 0x00, 0x14, 0x68, 0x58, 0x00, 0x14, 0x68, 0x54, 0x00, 0x14,
    0x68, 0x5c, 0x00, 0x18, 0x70, 0x58, 0x00, 0x18, 0x78, 0x64, 0x00, 0x18,
    0x70, 0x60, 0x00, 0x18, 0x78, 0x64, 0x00, 0x18, 0x80, 0x6c, 0x00, 0x18,
    0x88, 0x6c, 0x00, 0x18, 0x80, 0x70, 0x00, 0x1c, 0x88, 0x78, 0x00, 0x1c,
    0x90, 0x74, 0x00, 0x1c, 0x90, 0x7c, 0x00, 0x1c, 0x90, 0x78, 0x00, 0x1c,
    0x98, 0x7c, 0x00, 0x1c, 0xa0, 0x84, 0x00, 0x20, 0xa0, 0x80, 0x00, 0x20,
    0xa0, 0x84, 0x00, 0x20, 0xa0, 0x84, 0x00, 0x20, 0xa8, 0x88, 0x00, 0x24,
    0xa8, 0x90, 0x00, 0x20, 0xa8, 0x88, 0x00, 0x24, 0xb8, 0x9c, 0x00, 0x28,
    0xe8, 0xc4, 0x00, 0x61, 0xf8, 0xd0, 0x00, 0xcb, 0xf8, 0xd4, 0x00, 0xf3,
    0xf8, 0xd4, 0x00, 0xff, 0xf8, 0xd4, 0x00, 0xff, 0xf8, 0xd0, 0x00, 0xff,
    0xf8, 0xd0, 0x00, 0xff, 0xf8, 0xcc, 0x00, 0xff, 0xf0, 0xcc, 0x00, 0xff,
    0xf8, 0xcc, 0x00, 0xff, 0xf8, 0xcc, 0x00, 0xff, 0xf8, 0xd0, 0x00, 0xff,
    0xf8, 0xd0, 0x00, 0xff, 0xf8, 0xd4, 0x00, 0xff, 0xf8, 0xd4, 0x00, 0xff,
    0xf8, 0xd4, 0x00, 0xf3, 0xf8, 0xd0, 0x00, 0xc3, 0xe8, 0xbc, 0x00, 0x51,
    0xb0, 0x98, 0x00, 0x24, 0xa8, 0x88, 0x00, 0x24, 0xb0, 0x8c, 0x00, 0x20,
    0xa0, 0x88, 0x00, 0x24, 0xa0, 0x8c, 0x00, 0x20, 0xa0, 0x88, 0x00, 0x20,
    0xa0, 0x80, 0x00, 0x20, 0xa0, 0x7c, 0x00, 0x20, 0x98, 0x7c, 0x00, 0x20,
    0x98, 0x80, 0x00, 0x1c, 0x98, 0x7c, 0x00, 0x1c, 0x90, 0x74, 0x00, 0x1c,
    0x88, 0x6c, 0x00, 0x1c, 0x88, 0x70, 0x00, 0x1c, 0x80, 0x6c, 0x00, 0x18,
    0x80, 0x70, 0x00, 0x18, 0x78, 0x64, 0x00, 0x18, 0x78, 0x60, 0x00, 0x18,
    0x78, 0x64, 0x00, 0x18, 0x70, 0x58, 0x00, 0x18, 0x68, 0x5c, 0x00, 0x14,
    0x60, 0x54, 0x00, 0x14, 0x68, 0x58, 0x00, 0x14, 0x68, 0x4c, 0x00, 0x14,
    0x60, 0x50, 0x00, 0x14, 0x50, 0x44, 0x00, 0x10, 0x58, 0x4c, 0x00, 0x10,
    0x50, 0x40, 0x00, 0x10, 0x48, 0x44, 0x00, 0x10, 0x48, 0x48, 0x00, 0x10,
    0x48, 0x34, 0x00, 0x10, 0x38, 0x3c, 0x00, 0x0c, 0x40, 0x28, 0x00, 0x0c,
    0x30, 0x30, 0x00, 0x0c, 0xe8, 0xc0, 0x00, 0x41, 0xe0, 0xc0, 0x00, 0x3c,
    0x38, 0x1c, 0x00, 0x08, 0x20, 0x20, 0x00, 0x08, 0x18, 0x1c, 0x18, 0x61,
    0x20, 0x1c, 0x20, 0xff, 0x18, 0x1c, 0x20, 0xff, 0x18, 0x1c, 0x18, 0xff,
    0x20, 0x1c, 0x18, 0xff, 0x18, 0x18, 0x18, 0xff, 0x18, 0x1c, 0x20, 0xff,
    0x18, 0x18, 0x18, 0xff, 0x18, 0x18, 0x18, 0xff, 0x20, 0x1c, 0x20, 0xff,
    0x18, 0x18, 0x18, 0xff, 0x18, 0x18, 0x18, 0xff, 0x18, 0x18, 0x18, 0xc3,
    0x00, 0x00, 0x00, 0x04, 0x00, 0x00, 0x00, 0x00, 0x00, 0x00, 0x00, 0x00,
    0x00, 0x00, 0x00, 0x00, 0x00, 0x00, 0x00, 0x00, 0x00, 0x00, 0x00, 0x00,
    0x00, 0x00, 0x00, 0x00, 0x00, 0x00, 0x00, 0x00, 0x00, 0x00, 0x00, 0x00,
    0x00, 0x00, 0x00, 0x00, 0x00, 0x00, 0x00, 0x00, 0x00, 0x00, 0x00, 0x00,
    0x00, 0x00, 0x00, 0x00, 0x00, 0x00, 0x00, 0x00, 0x00, 0x00, 0x00, 0x00,
    0x00, 0x00, 0x00, 0x00, 0x00, 0x00, 0x00, 0x00, 0x00, 0x00, 0x00, 0x00,
    0x00, 0x00, 0x00, 0x00, 0x58, 0x54, 0x58, 0x04, 0x30, 0x34, 0x38, 0x9e,
    0x38, 0x34, 0x30, 0xff, 0x30, 0x34, 0x38, 0xff, 0x30, 0x34, 0x30, 0xff,
    0x38, 0x34, 0x30, 0xff, 0x30, 0x34, 0x38, 0xff, 0x30, 0x30, 0x30, 0xff,
    0x38, 0x34, 0x30, 0xff, 0x30, 0x30, 0x30, 0xff, 0x30, 0x30, 0x30, 0xff,
    0x30, 0x34, 0x30, 0xff, 0x30, 0x30, 0x30, 0xff, 0x30, 0x30, 0x30, 0x9e,
    0x20, 0x1c, 0x00, 0x08, 0x18, 0x1c, 0x00, 0x08, 0x38, 0x1c, 0x00, 0x08,
    0x30, 0x34, 0x00, 0x0c, 0x30, 0x2c, 0x00, 0x0c, 0x40, 0x28, 0x00, 0x0c,
    0x38, 0x28, 0x00, 0x0c, 0x38, 0x38, 0x00, 0x10, 0x48, 0x34, 0x00, 0x10,
    0x40, 0x44, 0x00, 0x10, 0x50, 0x40, 0x00, 0x10, 0x48, 0x4c, 0x00, 0x10,
    0x50, 0x44, 0x00, 0x14, 0x50, 0x48, 0x00, 0x10, 0x60, 0x50, 0x00, 0x14,
    0x68, 0x4c, 0x00, 0x14, 0x60, 0x54, 0x00, 0x14, 0x70, 0x54, 0x00, 0x14,
    0x70, 0x5c, 0x00, 0x14, 0x70, 0x64, 0x00, 0x18, 0x78, 0x60, 0x00, 0x18,
    0x70, 0x60, 0x00, 0x18, 0x78, 0x64, 0x00, 0x18, 0x80, 0x6c, 0x00, 0x1c,
    0x88, 0x68, 0x00, 0x1c, 0x90, 0x70, 0x00, 0x1c, 0x88, 0x78, 0x00, 0x1c,
    0x88, 0x70, 0x00, 0x1c, 0x90, 0x7c, 0x00, 0x1c, 0x90, 0x78, 0x00, 0x20,
    0x98, 0x80, 0x00, 0x20, 0xa0, 0x84, 0x00, 0x20, 0xa0, 0x7c, 0x00, 0x20,
    0xa0, 0x88, 0x00, 0x20, 0xa0, 0x84, 0x00, 0x20, 0xa0, 0x8c, 0x00, 0x20,
    0xa8, 0x88, 0x00, 0x24, 0xa8, 0x8c, 0x00, 0x20, 0xa8, 0x88, 0x00, 0x24,
    0xc0, 0x9c, 0x00, 0x2c, 0xe0, 0xbc, 0x00, 0x4d, 0xf8, 0xcc, 0x00, 0xa2,
    0xf8, 0xd4, 0x00, 0xe7, 0xf8, 0xd4, 0x00, 0xff, 0xf8, 0xd0, 0x00, 0xff,
    0xf8, 0xd0, 0x00, 0xff, 0xf8, 0xd4, 0x00, 0xff, 0xf8, 0xd4, 0x00, 0xff,
    0xf8, 0xd0, 0x00, 0xff, 0xf8, 0xd0, 0x00, 0xff, 0xf8, 0xd4, 0x00, 0xff,
    0xf8, 0xd4, 0x00, 0xe3, 0xf8, 0xc8, 0x00, 0x92, 0xe0, 0xbc, 0x00, 0x49,
    0xc0, 0x9c, 0x00, 0x2c, 0xa8, 0x88, 0x00, 0x24, 0xb0, 0x90, 0x00, 0x20,
    0xa8, 0x90, 0x00, 0x24, 0xa8, 0x8c, 0x00, 0x20, 0xa0, 0x84, 0x00, 0x20,
    0xa0, 0x84, 0x00, 0x20, 0x98, 0x80, 0x00, 0x20, 0x98, 0x7c, 0x00, 0x20,
    0x98, 0x7c, 0x00, 0x1c, 0x98, 0x80, 0x00, 0x20, 0x98, 0x7c, 0x00, 0x1c,
    0x88, 0x70, 0x00, 0x1c, 0x88, 0x6c, 0x00, 0x1c, 0x80, 0x70, 0x00, 0x1c,
    0x78, 0x68, 0x00, 0x1c, 0x80, 0x64, 0x00, 0x1c, 0x78, 0x64, 0x00, 0x18,
    0x80, 0x6c, 0x00, 0x18, 0x78, 0x60, 0x00, 0x18, 0x70, 0x58, 0x00, 0x18,
    0x68, 0x5c, 0x00, 0x18, 0x70, 0x54, 0x00, 0x14, 0x60, 0x48, 0x00, 0x14,
    0x68, 0x4c, 0x00, 0x14, 0x58, 0x50, 0x00, 0x14, 0x50, 0x48, 0x00, 0x14,
    0x58, 0x4c, 0x00, 0x10, 0x48, 0x3c, 0x00, 0x10, 0x50, 0x40, 0x00, 0x10,
    0x48, 0x34, 0x00, 0x10, 0x48, 0x34, 0x00, 0x0c, 0x38, 0x34, 0x00, 0x10,
    0x38, 0x28, 0x00, 0x0c, 0x40, 0x28, 0x00, 0x0c, 0x30, 0x2c, 0x00, 0x0c,
    0x78, 0x68, 0x00, 0x10, 0x68, 0x5c, 0x00, 0x10, 0x18, 0x1c, 0x00, 0x08,
    0x20, 0x1c, 0x00, 0x08, 0x18, 0x1c, 0x18, 0xbe, 0x18, 0x18, 0x18, 0xff,
    0x20, 0x1c, 0x20, 0xff, 0x18, 0x1c, 0x18, 0xff, 0x20, 0x18, 0x20, 0xff,
    0x20, 0x1c, 0x18, 0xff, 0x18, 0x1c, 0x18, 0xff, 0x18, 0x1c, 0x18, 0xff,
    0x20, 0x1c, 0x20, 0xff, 0x18, 0x18, 0x18, 0xff, 0x18, 0x18, 0x18, 0xff,
    0x18, 0x18, 0x18, 0xff, 0x18, 0x18, 0x18, 0x82, 0x00, 0x00, 0x00, 0x00,
    0x00, 0x00, 0x00, 0x00, 0x00, 0x00, 0x00, 0x00, 0x00, 0x00, 0x00, 0x00,
    0x00, 0x00, 0x00, 0x00, 0x00, 0x00, 0x00, 0x00, 0x00, 0x00, 0x00, 0x00,
    0x00, 0x00, 0x00, 0x00, 0x00, 0x00, 0x00, 0x00, 0x00, 0x00, 0x00, 0x00,
    0x00, 0x00, 0x00, 0x00, 0x00, 0x00, 0x00, 0x00, 0x00, 0x00, 0x00, 0x00,
    0x00, 0x00, 0x00, 0x00, 0x00, 0x00, 0x00, 0x00, 0x00, 0x00, 0x00, 0x00,
    0x00, 0x00, 0x00, 0x00, 0x00, 0x00, 0x00, 0x00, 0x00, 0x00, 0x00, 0x00,
    0x00, 0x00, 0x00, 0x00, 0x30, 0x34, 0x30, 0x5d, 0x38, 0x34, 0x38, 0xff,
    0x30, 0x34, 0x30, 0xff, 0x30, 0x34, 0x30, 0xff, 0x38, 0x34, 0x38, 0xff,
    0x30, 0x30, 0x30, 0xff, 0x30, 0x34, 0x38, 0xff, 0x30, 0x30, 0x30, 0xff,
    0x30, 0x34, 0x30, 0xff, 0x38, 0x34, 0x38, 0xff, 0x30, 0x30, 0x30, 0xff,
    0x30, 0x30, 0x30, 0xff, 0x30, 0x30, 0x30, 0xdb, 0x30, 0x2c, 0x28, 0x1c,
    0x20, 0x1c, 0x00, 0x08, 0x38, 0x1c, 0x00, 0x08, 0xb8, 0x9c, 0x00, 0x1c,
    0xb8, 0x98, 0x00, 0x1c, 0x40, 0x28, 0x00, 0x0c, 0x40, 0x40, 0x00, 0x0c,
    0x38, 0x38, 0x00, 0x0c, 0x48, 0x34, 0x00, 0x0c, 0x48, 0x34, 0x00, 0x10,
    0x50, 0x40, 0x00, 0x10, 0x50, 0x40, 0x00, 0x10, 0x58, 0x4c, 0x00, 0x10,
    0x58, 0x44, 0x00, 0x10, 0x60, 0x44, 0x00, 0x14, 0x58, 0x4c, 0x00, 0x14,
    0x68, 0x58, 0x00, 0x14, 0x68, 0x54, 0x00, 0x14, 0x68, 0x5c, 0x00, 0x18,
    0x70, 0x5c, 0x00, 0x14, 0x78, 0x60, 0x00, 0x18, 0x78, 0x60, 0x00, 0x18,
    0x78, 0x64, 0x00, 0x18, 0x78, 0x64, 0x00, 0x18, 0x80, 0x6c, 0x00, 0x1c,
    0x88, 0x70, 0x00, 0x1c, 0x90, 0x70, 0x00, 0x1c, 0x90, 0x74, 0x00, 0x1c,
    0x88, 0x70, 0x00, 0x1c, 0x98, 0x7c, 0x00, 0x1c, 0x90, 0x78, 0x00, 0x1c,
    0x98, 0x7c, 0x00, 0x20, 0x98, 0x84, 0x00, 0x20, 0xa0, 0x80, 0x00, 0x20,
    0xa0, 0x84, 0x00, 0x20, 0xa0, 0x84, 0x00, 0x20, 0xa0, 0x8c, 0x00, 0x20,
    0xa8, 0x88, 0x00, 0x24, 0xa8, 0x8c, 0x00, 0x20, 0xa8, 0x90, 0x00, 0x24,
    0xa8, 0x88, 0x00, 0x24, 0xb0, 0x90, 0x00, 0x24, 0xd0, 0xb0, 0x00, 0x38,
    0xf8, 0xd4, 0x00, 0xff, 0x68, 0x58, 0x18, 0xff, 0x78, 0x68, 0x18, 0xff,
    0x80, 0x6c, 0x18, 0xff, 0x80, 0x6c, 0x18, 0xff, 0x78, 0x64, 0x18, 0xff,
    0x70, 0x60, 0x18, 0xff, 0xf8, 0xd4, 0x00, 0xff, 0xb8, 0x9c, 0x00, 0x28,
    0xb0, 0x90, 0x00, 0x24, 0xa8, 0x8c, 0x00, 0x24, 0xa8, 0x8c, 0x00, 0x20,
    0xa8, 0x88, 0x00, 0x24, 0xa8, 0x88, 0x00, 0x20, 0xa0, 0x8c, 0x00, 0x20,
    0xa0, 0x84, 0x00, 0x20, 0xa0, 0x88, 0x00, 0x20, 0x98, 0x7c, 0x00, 0x20,
    0x98, 0x7c, 0x00, 0x20, 0x98, 0x80, 0x00, 0x20, 0x98, 0x80, 0x00, 0x1c,
    0x98, 0x7c, 0x00, 0x1c, 0x90, 0x70, 0x00, 0x1c, 0x88, 0x74, 0x00, 0x1c,
    0x90, 0x70, 0x00, 0x1c, 0x88, 0x68, 0x00, 0x1c, 0x80, 0x6c, 0x00, 0x18,
    0x80, 0x70, 0x00, 0x18, 0x78, 0x64, 0x00, 0x18, 0x78, 0x60, 0x00, 0x18,
    0x70, 0x64, 0x00, 0x18, 0x70, 0x5c, 0x00, 0x14, 0x68, 0x50, 0x00, 0x18,
    0x60, 0x54, 0x00, 0x14, 0x68, 0x58, 0x00, 0x14, 0x58, 0x50, 0x00, 0x14,
    0x60, 0x50, 0x00, 0x14, 0x58, 0x44, 0x00, 0x10, 0x58, 0x4c, 0x00, 0x10,
    0x50, 0x40, 0x00, 0x10, 0x40, 0x3c, 0x00, 0x10, 0x40, 0x44, 0x00, 0x10,
    0x48, 0x38, 0x00, 0x0c, 0x38, 0x3c, 0x00, 0x0c, 0x40, 0x28, 0x00, 0x0c,
    0x40, 0x2c, 0x00, 0x0c, 0x30, 0x2c, 0x00, 0x0c, 0x30, 0x18, 0x00, 0x08,
    0x38, 0x1c, 0x00, 0x08, 0x20, 0x20, 0x00, 0x08, 0x20, 0x1c, 0x18, 0x2c,
    0x18, 0x1c, 0x18, 0xef, 0x18, 0x1c, 0x18, 0xff, 0x20, 0x18, 0x18, 0xff,
    0x18, 0x1c, 0x20, 0xff, 0x18, 0x1c, 0x18, 0xff, 0x18, 0x18, 0x18, 0xff,
    0x18, 0x18, 0x18, 0xff, 0x20, 0x18, 0x18, 0xff, 0x18, 0x1c, 0x18, 0xff,
    0x18, 0x18, 0x18, 0xff, 0x18, 0x18, 0x18, 0xff, 0x18, 0x18, 0x18, 0xf7,
    0x18, 0x18, 0x18, 0x45, 0x00, 0x00, 0x00, 0x00, 0x00, 0x00, 0x00, 0x00,
    0x00, 0x00, 0x00, 0x00, 0x00, 0x00, 0x00, 0x00, 0x00, 0x00, 0x00, 0x00,
    0x00, 0x00, 0x00, 0x00, 0x00, 0x00, 0x00, 0x00, 0x00, 0x00, 0x00, 0x00,
    0x00, 0x00, 0x00, 0x00, 0x00, 0x00, 0x00, 0x00, 0x00, 0x00, 0x00, 0x00,
    0x00, 0x00, 0x00, 0x00, 0x00, 0x00, 0x00, 0x00, 0x00, 0x00, 0x00, 0x00,
    0x00, 0x00, 0x00, 0x00, 0x00, 0x00, 0x00, 0x00, 0x00, 0x00, 0x00, 0x00,
    0x00, 0x00, 0x00, 0x00, 0x00, 0x00, 0x00, 0x00, 0x00, 0x00, 0x00, 0x00,
    0x38, 0x38, 0x38, 0x14, 0x38, 0x34, 0x38, 0xf7, 0x38, 0x34, 0x30, 0xff,
    0x30, 0x34, 0x38, 0xff, 0x30, 0x34, 0x30, 0xff, 0x38, 0x34, 0x30, 0xff,
    0x38, 0x34, 0x38, 0xff, 0x30, 0x30, 0x30, 0xff, 0x30, 0x30, 0x30, 0xff,
    0x30, 0x34, 0x38, 0xff, 0x38, 0x34, 0x30, 0xff, 0x30, 0x30, 0x30, 0xff,
    0x30, 0x30, 0x30, 0xfb, 0x30, 0x30, 0x30, 0x4d, 0x40, 0x20, 0x00, 0x08,
    0x38, 0x38, 0x00, 0x08, 0xe8, 0xc0, 0x00, 0x3c, 0xf0, 0xc8, 0x00, 0x55,
    0x40, 0x40, 0x00, 0x0c, 0x40, 0x40, 0x00, 0x0c, 0x38, 0x38, 0x00, 0x0c,
    0x48, 0x34, 0x00, 0x0c, 0x48, 0x48, 0x00, 0x0c, 0x58, 0x44, 0x00, 0x10,
    0x50, 0x3c, 0x00, 0x10, 0x58, 0x4c, 0x00, 0x10, 0x50, 0x44, 0x00, 0x14,
    0x60, 0x54, 0x00, 0x10, 0x60, 0x50, 0x00, 0x14, 0x68, 0x58, 0x00, 0x14,
    0x70, 0x54, 0x00, 0x14, 0x70, 0x54, 0x00, 0x14, 0x70, 0x5c, 0x00, 0x18,
    0x70, 0x64, 0x00, 0x18, 0x78, 0x60, 0x00, 0x18, 0x80, 0x68, 0x00, 0x18,
    0x80, 0x70, 0x00, 0x18, 0x80, 0x6c, 0x00, 0x18, 0x88, 0x6c, 0x00, 0x18,
    0x80, 0x70, 0x00, 0x1c, 0x88, 0x78, 0x00, 0x1c, 0x90, 0x74, 0x00, 0x1c,
    0x88, 0x7c, 0x00, 0x1c, 0x98, 0x7c, 0x00, 0x1c, 0x98, 0x80, 0x00, 0x1c,
    0x98, 0x80, 0x00, 0x20, 0xa0, 0x84, 0x00, 0x20, 0xa0, 0x7c, 0x00, 0x20,
    0xa0, 0x88, 0x00, 0x20, 0xa8, 0x88, 0x00, 0x20, 0xa0, 0x8c, 0x00, 0x20,
    0xa8, 0x8c, 0x00, 0x20, 0xa8, 0x8c, 0x00, 0x20, 0xa8, 0x90, 0x00, 0x24,
    0xa8, 0x90, 0x00, 0x20, 0xd0, 0xac, 0x00, 0x34, 0xf8, 0xd4, 0x00, 0xff,
    0x28, 0x24, 0x20, 0xff, 0x20, 0x24, 0x20, 0xff, 0x20, 0x20, 0x20, 0xff,
    0x20, 0x24, 0x20, 0xff, 0x20, 0x24, 0x20, 0xff, 0x30, 0x30, 0x20, 0xff,
    0xf8, 0xd4, 0x00, 0xff, 0xb0, 0x98, 0x00, 0x24, 0xb0, 0x90, 0x00, 0x24,
    0xa8, 0x8c, 0x00, 0x20, 0xa8, 0x90, 0x00, 0x20, 0xa8, 0x8c, 0x00, 0x20,
    0xa0, 0x8c, 0x00, 0x20, 0xa8, 0x84, 0x00, 0x20, 0xa0, 0x88, 0x00, 0x20,
    0xa0, 0x88, 0x00, 0x20, 0x98, 0x84, 0x00, 0x20, 0x98, 0x7c, 0x00, 0x20,
    0x98, 0x80, 0x00, 0x1c, 0x98, 0x7c, 0x00, 0x1c, 0x88, 0x7c, 0x00, 0x1c,
    0x88, 0x74, 0x00, 0x1c, 0x88, 0x78, 0x00, 0x1c, 0x90, 0x70, 0x00, 0x1c,
    0x88, 0x6c, 0x00, 0x18, 0x80, 0x6c, 0x00, 0x1c, 0x78, 0x64, 0x00, 0x18,
    0x80, 0x68, 0x00, 0x18, 0x78, 0x64, 0x00, 0x18, 0x70, 0x64, 0x00, 0x18,
    0x70, 0x5c, 0x00, 0x18, 0x68, 0x60, 0x00, 0x14, 0x60, 0x54, 0x00, 0x14,
    0x68, 0x58, 0x00, 0x14, 0x60, 0x50, 0x00, 0x14, 0x60, 0x44, 0x00, 0x10,
    0x58, 0x44, 0x00, 0x14, 0x58, 0x4c, 0x00, 0x10, 0x50, 0x40, 0x00, 0x10,
    0x58, 0x44, 0x00, 0x10, 0x48, 0x48, 0x00, 0x10, 0x50, 0x38, 0x00, 0x0c,
    0x38, 0x38, 0x00, 0x0c, 0x40, 0x40, 0x00, 0x0c, 0x48, 0x30, 0x00, 0x0c,
    0x30, 0x34, 0x00, 0x0c, 0x30, 0x34, 0x00, 0x08, 0x38, 0x1c, 0x00, 0x08,
    0x20, 0x1c, 0x00, 0x08, 0x20, 0x1c, 0x18, 0x6d, 0x20, 0x1c, 0x20, 0xff,
    0x18, 0x1c, 0x20, 0xff, 0x18, 0x1c, 0x18, 0xff, 0x20, 0x1c, 0x20, 0xff,
    0x18, 0x1c, 0x18, 0xff, 0x18, 0x1c, 0x20, 0xff, 0x18, 0x18, 0x20, 0xff,
    0x18, 0x1c, 0x18, 0xff, 0x18, 0x18, 0x18, 0xff, 0x20, 0x1c, 0x20, 0xff,
    0x18, 0x18, 0x18, 0xff, 0x18, 0x18, 0x18, 0xe7, 0x20, 0x20, 0x20, 0x10,
    0x00, 0x00, 0x00, 0x00, 0x00, 0x00, 0x00, 0x00, 0x00, 0x00, 0x00, 0x00,
    0x00, 0x00, 0x00, 0x00, 0x00, 0x00, 0x00, 0x00, 0x00, 0x00, 0x00, 0x00,
    0x00, 0x00, 0x00, 0x00, 0x00, 0x00, 0x00, 0x00, 0x00, 0x00, 0x00, 0x00,
    0x00, 0x00, 0x00, 0x00, 0x00, 0x00, 0x00, 0x00, 0x00, 0x00, 0x00, 0x00,
    0x00, 0x00, 0x00, 0x00, 0x00, 0x00, 0x00, 0x00, 0x00, 0x00, 0x00, 0x00,
    0x00, 0x00, 0x00, 0x00, 0x00, 0x00, 0x00, 0x00, 0x00, 0x00, 0x00, 0x00,
    0x00, 0x00, 0x00, 0x00, 0x00, 0x00, 0x00, 0x00, 0x00, 0x00, 0x00, 0x00,
    0x30, 0x30, 0x30, 0xae, 0x30, 0x34, 0x30, 0xff, 0x38, 0x34, 0x38, 0xff,
    0x30, 0x30, 0x30, 0xff, 0x30, 0x34, 0x30, 0xff, 0x30, 0x30, 0x30, 0xff,
    0x38, 0x34, 0x30, 0xff, 0x30, 0x30, 0x30, 0xff, 0x30, 0x30, 0x30, 0xff,
    0x30, 0x34, 0x38, 0xff, 0x30, 0x30, 0x30, 0xff, 0x30, 0x30, 0x30, 0xff,
    0x30, 0x30, 0x30, 0xc3, 0x28, 0x2c, 0x18, 0x0c, 0x40, 0x20, 0x00, 0x08,
    0xb0, 0x94, 0x00, 0x18, 0xe8, 0xc8, 0x00, 0x59, 0xb0, 0x94, 0x00, 0x18,
    0x40, 0x28, 0x00, 0x0c, 0x38, 0x3c, 0x00, 0x0c, 0x50, 0x3c, 0x00, 0x0c,
    0x48, 0x34, 0x00, 0x10, 0x50, 0x44, 0x00, 0x10, 0x50, 0x40, 0x00, 0x10,
    0x50, 0x40, 0x00, 0x10, 0x58, 0x4c, 0x00, 0x10, 0x50, 0x44, 0x00, 0x14,
    0x60, 0x50, 0x00, 0x14, 0x68, 0x50, 0x00, 0x14, 0x68, 0x58, 0x00, 0x14,
    0x70, 0x54, 0x00, 0x14, 0x68, 0x54, 0x00, 0x14, 0x70, 0x5c, 0x00, 0x18,
    0x70, 0x64, 0x00, 0x18, 0x78, 0x60, 0x00, 0x18, 0x80, 0x68, 0x00, 0x18,
    0x78, 0x64, 0x00, 0x18, 0x80, 0x6c, 0x00, 0x1c, 0x80, 0x6c, 0x00, 0x18,
    0x88, 0x70, 0x00, 0x1c, 0x88, 0x6c, 0x00, 0x1c, 0x90, 0x74, 0x00, 0x1c,
    0x90, 0x7c, 0x00, 0x1c, 0x98, 0x7c, 0x00, 0x1c, 0x98, 0x7c, 0x00, 0x20,
    0x98, 0x80, 0x00, 0x1c, 0x98, 0x7c, 0x00, 0x20, 0xa0, 0x84, 0x00, 0x20,
    0xa0, 0x7c, 0x00, 0x20, 0xa0, 0x88, 0x00, 0x20, 0xa8, 0x88, 0x00, 0x20,
    0xa0, 0x8c, 0x00, 0x20, 0xa0, 0x8c, 0x00, 0x20, 0xa8, 0x8c, 0x00, 0x20,
    0xc8, 0xa4, 0x00, 0x34, 0xf8, 0xd4, 0x00, 0xff, 0x28, 0x24, 0x20, 0xff,
    0x20, 0x20, 0x20, 0xff, 0x20, 0x24, 0x20, 0xff, 0x20, 0x20, 0x20, 0xff,
    0x20, 0x24, 0x20, 0xff, 0x38, 0x30, 0x20, 0xff, 0xf8, 0xd4, 0x00, 0xff,
    0xb0, 0x94, 0x00, 0x24, 0xa8, 0x8c, 0x00, 0x20, 0xa8, 0x8c, 0x00, 0x20,
    0xa0, 0x8c, 0x00, 0x20, 0xa8, 0x88, 0x00, 0x20, 0xa0, 0x84, 0x00, 0x20,
    0xa0, 0x84, 0x00, 0x20, 0xa0, 0x80, 0x00, 0x20, 0x98, 0x84, 0x00, 0x20,
    0x98, 0x80, 0x00, 0x20, 0x90, 0x78, 0x00, 0x1c, 0x98, 0x78, 0x00, 0x1c,
    0x90, 0x70, 0x00, 0x20, 0x88, 0x74, 0x00, 0x1c, 0x88, 0x78, 0x00, 0x1c,
    0x80, 0x70, 0x00, 0x1c, 0x88, 0x6c, 0x00, 0x1c, 0x80, 0x6c, 0x00, 0x18,
    0x78, 0x64, 0x00, 0x18, 0x78, 0x6c, 0x00, 0x18, 0x78, 0x64, 0x00, 0x18,
    0x70, 0x64, 0x00, 0x18, 0x70, 0x5c, 0x00, 0x14, 0x70, 0x60, 0x00, 0x14,
    0x70, 0x54, 0x00, 0x14, 0x68, 0x58, 0x00, 0x14, 0x58, 0x50, 0x00, 0x14,
    0x60, 0x54, 0x00, 0x14, 0x58, 0x48, 0x00, 0x10, 0x58, 0x4c, 0x00, 0x10,
    0x50, 0x50, 0x00, 0x10, 0x50, 0x40, 0x00, 0x10, 0x40, 0x44, 0x00, 0x10,
    0x48, 0x34, 0x00, 0x10, 0x38, 0x3c, 0x00, 0x0c, 0x38, 0x28, 0x00, 0x0c,
    0x40, 0x28, 0x00, 0x0c, 0x80, 0x60, 0x00, 0x10, 0x30, 0x34, 0x00, 0x0c,
    0x38, 0x1c, 0x00, 0x08, 0x20, 0x20, 0x00, 0x08, 0x28, 0x28, 0x10, 0x0c,
    0x18, 0x1c, 0x18, 0xd7, 0x18, 0x18, 0x20, 0xff, 0x20, 0x1c, 0x18, 0xff,
    0x18, 0x1c, 0x18, 0xff, 0x20, 0x18, 0x18, 0xff, 0x18, 0x18, 0x18, 0xff,
    0x20, 0x1c, 0x18, 0xff, 0x18, 0x1c, 0x18, 0xff, 0x18, 0x18, 0x20, 0xff,
    0x20, 0x1c, 0x18, 0xff, 0x18, 0x18, 0x18, 0xff, 0x18, 0x18, 0x18, 0xff,
    0x18, 0x18, 0x18, 0x96, 0x00, 0x00, 0x00, 0x00, 0x00, 0x00, 0x00, 0x00,
    0x00, 0x00, 0x00, 0x00, 0x00, 0x00, 0x00, 0x00, 0x00, 0x00, 0x00, 0x00,
    0x00, 0x00, 0x00, 0x00, 0x00, 0x00, 0x00, 0x00, 0x00, 0x00, 0x00, 0x00,
    0x00, 0x00, 0x00, 0x00, 0x00, 0x00, 0x00, 0x00, 0x00, 0x00, 0x00, 0x00,
    0x00, 0x00, 0x00, 0x00, 0x00, 0x00, 0x00, 0x00, 0x00, 0x00, 0x00, 0x00,
    0x00, 0x00, 0x00, 0x00, 0x00, 0x00, 0x00, 0x00, 0x00, 0x00, 0x00, 0x00,
    0x00, 0x00, 0x00, 0x00, 0x00, 0x00, 0x00, 0x00, 0x00, 0x00, 0x00, 0x00,
    0x00, 0x00, 0x00, 0x00, 0x00, 0x00, 0x00, 0x00, 0x30, 0x34, 0x38, 0x59,
    0x30, 0x30, 0x30, 0xfb, 0x38, 0x34, 0x30, 0xff, 0x30, 0x34, 0x38, 0xff,
    0x30, 0x30, 0x30, 0xff, 0x30, 0x34, 0x38, 0xff, 0x30, 0x34, 0x30, 0xff,
    0x38, 0x30, 0x30, 0xff, 0x30, 0x34, 0x38, 0xff, 0x30, 0x30, 0x30, 0xff,
    0x30, 0x30, 0x30, 0xff, 0x30, 0x30, 0x30, 0xff, 0x30, 0x30, 0x30, 0xf7,
    0x30, 0x30, 0x28, 0x41, 0x40, 0x20, 0x00, 0x08, 0x48, 0x4c, 0x00, 0x0c,
    0x90, 0x80, 0x00, 0x14, 0x30, 0x2c, 0x00, 0x0c, 0x40, 0x2c, 0x00, 0x0c,
    0x40, 0x40, 0x00, 0x0c, 0x38, 0x3c, 0x00, 0x0c, 0x48, 0x34, 0x00, 0x10,
    0x48, 0x48, 0x00, 0x0c, 0x58, 0x44, 0x00, 0x10, 0x50, 0x40, 0x00, 0x10,
    0x58, 0x4c, 0x00, 0x10, 0x58, 0x4c, 0x00, 0x10, 0x60, 0x54, 0x00, 0x10,
    0x60, 0x50, 0x00, 0x14, 0x68, 0x58, 0x00, 0x14, 0x68, 0x58, 0x00, 0x14,
    0x70, 0x54, 0x00, 0x14, 0x68, 0x5c, 0x00, 0x14, 0x70, 0x5c, 0x00, 0x18,
    0x78, 0x64, 0x00, 0x18, 0x70, 0x60, 0x00, 0x18, 0x80, 0x68, 0x00, 0x18,
    0x88, 0x64, 0x00, 0x18, 0x80, 0x6c, 0x00, 0x1c, 0x88, 0x6c, 0x00, 0x18,
    0x80, 0x70, 0x00, 0x1c, 0x90, 0x70, 0x00, 0x1c, 0x90, 0x74, 0x00, 0x1c,
    0x90, 0x80, 0x00, 0x1c, 0x98, 0x7c, 0x00, 0x1c, 0x90, 0x74, 0x00, 0x1c,
    0x98, 0x80, 0x00, 0x20, 0x98, 0x80, 0x00, 0x1c, 0x98, 0x80, 0x00, 0x20,
    0x98, 0x84, 0x00, 0x20, 0xa8, 0x84, 0x00, 0x20, 0xa0, 0x84, 0x00, 0x20,
    0xa0, 0x88, 0x00, 0x20, 0xa8, 0x88, 0x00, 0x20, 0xd0, 0xa4, 0x00, 0x34,
    0xf8, 0xd4, 0x00, 0xff, 0x20, 0x24, 0x28, 0xff, 0x20, 0x20, 0x28, 0xff,
    0x20, 0x24, 0x20, 0xff, 0x20, 0x20, 0x28, 0xff, 0x20, 0x20, 0x20, 0xff,
    0x38, 0x30, 0x20, 0xff, 0xf8, 0xd4, 0x00, 0xff, 0xb0, 0x90, 0x00, 0x24,
    0xa8, 0x88, 0x00, 0x20, 0xa0, 0x88, 0x00, 0x20, 0xa0, 0x84, 0x00, 0x20,
    0xa8, 0x84, 0x00, 0x20, 0x98, 0x84, 0x00, 0x20, 0x98, 0x7c, 0x00, 0x20,
    0x98, 0x80, 0x00, 0x20, 0x98, 0x7c, 0x00, 0x1c, 0x90, 0x78, 0x00, 0x1c,
    0x98, 0x7c, 0x00, 0x1c, 0x90, 0x74, 0x00, 0x1c, 0x88, 0x74, 0x00, 0x1c,
    0x90, 0x70, 0x00, 0x1c, 0x80, 0x70, 0x00, 0x1c, 0x88, 0x6c, 0x00, 0x1c,
    0x80, 0x6c, 0x00, 0x18, 0x78, 0x64, 0x00, 0x18, 0x80, 0x68, 0x00, 0x18,
    0x70, 0x60, 0x00, 0x18, 0x70, 0x64, 0x00, 0x18, 0x70, 0x5c, 0x00, 0x18,
    0x70, 0x5c, 0x00, 0x14, 0x70, 0x54, 0x00, 0x14, 0x68, 0x58, 0x00, 0x14,
    0x68, 0x4c, 0x00, 0x14, 0x60, 0x50, 0x00, 0x14, 0x50, 0x48, 0x00, 0x10,
    0x58, 0x4c, 0x00, 0x10, 0x58, 0x4c, 0x00, 0x10, 0x50, 0x3c, 0x00, 0x10,
    0x58, 0x44, 0x00, 0x10, 0x48, 0x48, 0x00, 0x0c, 0x50, 0x38, 0x00, 0x0c,
    0x38, 0x3c, 0x00, 0x0c, 0x40, 0x2c, 0x00, 0x0c, 0x80, 0x60, 0x00, 0x10,
    0xe8, 0xc0, 0x00, 0x4d, 0xd0, 0xb0, 0x00, 0x28, 0x38, 0x1c, 0x00, 0x08,
    0x20, 0x20, 0x00, 0x08, 0x18, 0x1c, 0x18, 0x55, 0x18, 0x1c, 0x18, 0xff,
    0x18, 0x1c, 0x20, 0xff, 0x20, 0x18, 0x18, 0xff, 0x18, 0x1c, 0x20, 0xff,
    0x18, 0x1c, 0x20, 0xff, 0x18, 0x18, 0x18, 0xff, 0x18, 0x18, 0x18, 0xff,
    0x20, 0x18, 0x18, 0xff, 0x18, 0x1c, 0x18, 0xff, 0x18, 0x18, 0x18, 0xff,
    0x18, 0x18, 0x18, 0xff, 0x18, 0x18, 0x18, 0xf7, 0x18, 0x1c, 0x20, 0x38,
    0x00, 0x00, 0x00, 0x00, 0x00, 0x00, 0x00, 0x00, 0x00, 0x00, 0x00, 0x00,
    0x00, 0x00, 0x00, 0x00, 0x00, 0x00, 0x00, 0x00, 0x00, 0x00, 0x00, 0x00,
    0x00, 0x00, 0x00, 0x00, 0x00, 0x00, 0x00, 0x00, 0x00, 0x00, 0x00, 0x00,
    0x00, 0x00, 0x00, 0x00, 0x00, 0x00, 0x00, 0x00, 0x00, 0x00, 0x00, 0x00,
    0x00, 0x00, 0x00, 0x00, 0x00, 0x00, 0x00, 0x00, 0x00, 0x00, 0x00, 0x00,
    0x00, 0x00, 0x00, 0x00, 0x00, 0x00, 0x00, 0x00, 0x00, 0x00, 0x00, 0x00,
    0x00, 0x00, 0x00, 0x00, 0x00, 0x00, 0x00, 0x00, 0x00, 0x00, 0x00, 0x00,
    0x00, 0x00, 0x00, 0x00, 0x30, 0x30, 0x30, 0x20, 0x30, 0x34, 0x30, 0xef,
    0x30, 0x30, 0x30, 0xff, 0x38, 0x30, 0x30, 0xff, 0x30, 0x34, 0x30, 0xff,
    0x30, 0x30, 0x38, 0xff, 0x30, 0x30, 0x30, 0xff, 0x30, 0x30, 0x30, 0xff,
    0x30, 0x30, 0x30, 0xff, 0x30, 0x30, 0x30, 0xff, 0x30, 0x30, 0x30, 0xff,
    0x30, 0x30, 0x30, 0xff, 0x30, 0x30, 0x30, 0xff, 0x30, 0x30, 0x30, 0xa2,
    0x18, 0x1c, 0x00, 0x08, 0x18, 0x1c, 0x00, 0x08, 0x38, 0x1c, 0x00, 0x08,
    0x30, 0x34, 0x00, 0x08, 0x30, 0x30, 0x00, 0x0c, 0x28, 0x28, 0x00, 0x0c,
    0x38, 0x28, 0x00, 0x0c, 0x38, 0x3c, 0x00, 0x0c, 0x48, 0x34, 0x00, 0x10,
    0x48, 0x44, 0x00, 0x10, 0x58, 0x44, 0x00, 0x10, 0x50, 0x40, 0x00, 0x10,
    0x48, 0x3c, 0x00, 0x10, 0x58, 0x44, 0x00, 0x14, 0x50, 0x48, 0x00, 0x10,
    0x58, 0x50, 0x00, 0x14, 0x68, 0x4c, 0x00, 0x14, 0x68, 0x58, 0x00, 0x14,
    0x68, 0x54, 0x00, 0x14, 0x68, 0x50, 0x00, 0x14, 0x70, 0x5c, 0x00, 0x18,
    0x70, 0x64, 0x00, 0x18, 0x70, 0x60, 0x00, 0x18, 0x80, 0x68, 0x00, 0x18,
    0x78, 0x64, 0x00, 0x18, 0x80, 0x6c, 0x00, 0x1c, 0x80, 0x6c, 0x00, 0x18,
    0x80, 0x70, 0x00, 0x1c, 0x90, 0x70, 0x00, 0x1c, 0x88, 0x78, 0x00, 0x1c,
    0x90, 0x74, 0x00, 0x1c, 0x88, 0x70, 0x00, 0x1c, 0x98, 0x7c, 0x00, 0x1c,
    0x90, 0x78, 0x00, 0x20, 0x98, 0x80, 0x00, 0x1c, 0x98, 0x7c, 0x00, 0x20,
    0x98, 0x7c, 0x00, 0x20, 0x98, 0x80, 0x00, 0x20, 0xa0, 0x84, 0x00, 0x20,
    0x98, 0x80, 0x00, 0x20, 0xc8, 0xa4, 0x00, 0x34, 0xf8, 0xd4, 0x00, 0xff,
    0x28, 0x24, 0x20, 0xff, 0x20, 0x24, 0x20, 0xff, 0x28, 0x20, 0x20, 0xff,
    0x20, 0x24, 0x20, 0xff, 0x20, 0x24, 0x20, 0xff, 0x38, 0x30, 0x20, 0xff,
    0xf8, 0xd4, 0x00, 0xff, 0xa8, 0x90, 0x00, 0x24, 0x98, 0x80, 0x00, 0x20,
    0x98, 0x84, 0x00, 0x20, 0xa0, 0x80, 0x00, 0x20, 0x90, 0x7c, 0x00, 0x20,
    0x98, 0x7c, 0x00, 0x20, 0x90, 0x78, 0x00, 0x1c, 0x90, 0x78, 0x00, 0x20,
    0x98, 0x7c, 0x00, 0x1c, 0x90, 0x70, 0x00, 0x1c, 0x90, 0x74, 0x00, 0x1c,
    0x88, 0x6c, 0x00, 0x1c, 0x80, 0x74, 0x00, 0x1c, 0x88, 0x68, 0x00, 0x1c,
    0x88, 0x6c, 0x00, 0x18, 0x80, 0x6c, 0x00, 0x18, 0x78, 0x64, 0x00, 0x18,
    0x78, 0x60, 0x00, 0x18, 0x70, 0x60, 0x00, 0x18, 0x70, 0x64, 0x00, 0x18,
    0x70, 0x5c, 0x00, 0x18, 0x68, 0x5c, 0x00, 0x14, 0x70, 0x54, 0x00, 0x14,
    0x68, 0x58, 0x00, 0x14, 0x58, 0x4c, 0x00, 0x14, 0x58, 0x50, 0x00, 0x14,
    0x50, 0x44, 0x00, 0x14, 0x58, 0x44, 0x00, 0x14, 0x58, 0x4c, 0x00, 0x10,
    0x50, 0x40, 0x00, 0x10, 0x58, 0x44, 0x00, 0x10, 0x40, 0x34, 0x00, 0x10,
    0x48, 0x34, 0x00, 0x10, 0x38, 0x38, 0x00, 0x0c, 0x40, 0x28, 0x00, 0x0c,
    0x40, 0x28, 0x00, 0x0c, 0xc8, 0xa8, 0x00, 0x28, 0xf0, 0xc8, 0x00, 0x65,
    0xa0, 0x84, 0x00, 0x14, 0x20, 0x20, 0x00, 0x08, 0x20, 0x20, 0x10, 0x10,
    0x20, 0x18, 0x20, 0xba, 0x18, 0x1c, 0x18, 0xff, 0x20, 0x1c, 0x18, 0xff,
    0x18, 0x18, 0x18, 0xff, 0x18, 0x18, 0x18, 0xff, 0x18, 0x1c, 0x18, 0xff,
    0x20, 0x1c, 0x20, 0xff, 0x18, 0x18, 0x18, 0xff, 0x18, 0x18, 0x18, 0xff,
    0x18, 0x18, 0x18, 0xff, 0x18, 0x18, 0x18, 0xff, 0x18, 0x18, 0x18, 0xff,
    0x18, 0x18, 0x18, 0xd7, 0x20, 0x1c, 0x20, 0x14, 0x00, 0x00, 0x00, 0x00,
    0x00, 0x00, 0x00, 0x00, 0x00, 0x00, 0x00, 0x00, 0x00, 0x00, 0x00, 0x00,
    0x00, 0x00, 0x00, 0x00, 0x00, 0x00, 0x00, 0x00, 0x00, 0x00, 0x00, 0x00,
    0x00, 0x00, 0x00, 0x00, 0x00, 0x00, 0x00, 0x00, 0x00, 0x00, 0x00, 0x00,
    0x00, 0x00, 0x00, 0x00, 0x00, 0x00, 0x00, 0x00, 0x00, 0x00, 0x00, 0x00,
    0x00, 0x00, 0x00, 0x00, 0x00, 0x00, 0x00, 0x00, 0x00, 0x00, 0x00, 0x00,
    0x00, 0x00, 0x00, 0x00, 0x00, 0x00, 0x00, 0x00, 0x00, 0x00, 0x00, 0x00,
    0x00, 0x00, 0x00, 0x00, 0x00, 0x00, 0x00, 0x00, 0x00, 0x00, 0x00, 0x00,
    0x00, 0x00, 0x00, 0x00, 0x30, 0x30, 0x30, 0xa6, 0x30, 0x34, 0x30, 0xff,
    0x30, 0x30, 0x30, 0xff, 0x38, 0x34, 0x30, 0xff, 0x30, 0x30, 0x30, 0xff,
    0x30, 0x30, 0x30, 0xff, 0x30, 0x30, 0x30, 0xff, 0x30, 0x34, 0x30, 0xff,
    0x38, 0x30, 0x30, 0xff, 0x30, 0x30, 0x30, 0xff, 0x30, 0x30, 0x30, 0xff,
    0x30, 0x30, 0x30, 0xff, 0x30, 0x30, 0x30, 0xfb, 0x30, 0x2c, 0x30, 0x34,
    0x20, 0x20, 0x00, 0x08, 0x38, 0x1c, 0x00, 0x08, 0x30, 0x34, 0x00, 0x0c,
    0x38, 0x34, 0x00, 0x0c, 0x30, 0x2c, 0x00, 0x0c, 0x40, 0x28, 0x00, 0x0c,
    0x38, 0x3c, 0x00, 0x0c, 0x48, 0x34, 0x00, 0x10, 0x48, 0x34, 0x00, 0x0c,
    0x40, 0x44, 0x00, 0x10, 0x50, 0x40, 0x00, 0x10, 0x48, 0x3c, 0x00, 0x10,
    0x58, 0x4c, 0x00, 0x10, 0x58, 0x44, 0x00, 0x14, 0x60, 0x50, 0x00, 0x14,
    0x58, 0x50, 0x00, 0x14, 0x68, 0x4c, 0x00, 0x14, 0x60, 0x54, 0x00, 0x14,
    0x70, 0x54, 0x00, 0x14, 0x68, 0x5c, 0x00, 0x14, 0x70, 0x58, 0x00, 0x18,
    0x70, 0x64, 0x00, 0x18, 0x70, 0x60, 0x00, 0x18, 0x78, 0x68, 0x00, 0x18,
    0x78, 0x64, 0x00, 0x18, 0x80, 0x64, 0x00, 0x1c, 0x80, 0x6c, 0x00, 0x18,
    0x80, 0x68, 0x00, 0x1c, 0x80, 0x70, 0x00, 0x1c, 0x88, 0x78, 0x00, 0x1c,
    0x88, 0x74, 0x00, 0x1c, 0x90, 0x70, 0x00, 0x1c, 0x88, 0x70, 0x00, 0x1c,
    0x98, 0x7c, 0x00, 0x1c, 0x90, 0x78, 0x00, 0x1c, 0x98, 0x7c, 0x00, 0x20,
    0x98, 0x80, 0x00, 0x1c, 0x90, 0x7c, 0x00, 0x20, 0x90, 0x78, 0x00, 0x20,
    0xc8, 0xa4, 0x00, 0x30, 0xf8, 0xd4, 0x00, 0xff, 0x28, 0x24, 0x20, 0xff,
    0x20, 0x20, 0x20, 0xff, 0x20, 0x24, 0x28, 0xff, 0x20, 0x24, 0x20, 0xff,
    0x20, 0x20, 0x20, 0xff, 0x38, 0x30, 0x20, 0xff, 0xf8, 0xd4, 0x00, 0xff,
    0xa8, 0x8c, 0x00, 0x20, 0x90, 0x7c, 0x00, 0x20, 0x98, 0x7c, 0x00, 0x20,
    0x98, 0x80, 0x00, 0x1c, 0x90, 0x74, 0x00, 0x20, 0x90, 0x78, 0x00, 0x1c,
    0x90, 0x78, 0x00, 0x1c, 0x88, 0x7c, 0x00, 0x1c, 0x90, 0x70, 0x00, 0x1c,
    0x88, 0x74, 0x00, 0x1c, 0x90, 0x70, 0x00, 0x1c, 0x80, 0x70, 0x00, 0x1c,
    0x88, 0x68, 0x00, 0x1c, 0x80, 0x6c, 0x00, 0x18, 0x80, 0x6c, 0x00, 0x1c,
    0x78, 0x64, 0x00, 0x18, 0x80, 0x68, 0x00, 0x18, 0x78, 0x60, 0x00, 0x18,
    0x70, 0x64, 0x00, 0x18, 0x70, 0x58, 0x00, 0x18, 0x68, 0x5c, 0x00, 0x14,
    0x70, 0x54, 0x00, 0x14, 0x60, 0x54, 0x00, 0x14, 0x68, 0x4c, 0x00, 0x14,
    0x58, 0x50, 0x00, 0x14, 0x60, 0x44, 0x00, 0x14, 0x58, 0x48, 0x00, 0x10,
    0x58, 0x4c, 0x00, 0x10, 0x48, 0x3c, 0x00, 0x10, 0x50, 0x40, 0x00, 0x10,
    0x48, 0x44, 0x00, 0x10, 0x48, 0x34, 0x00, 0x10, 0x38, 0x38, 0x00, 0x0c,
    0x38, 0x28, 0x00, 0x0c, 0x40, 0x2c, 0x00, 0x0c, 0x48, 0x30, 0x00, 0x0c,
    0x98, 0x8c, 0x00, 0x14, 0xd8, 0xb0, 0x00, 0x24, 0x18, 0x1c, 0x00, 0x08,
    0x20, 0x20, 0x00, 0x08, 0x20, 0x1c, 0x18, 0x49, 0x18, 0x1c, 0x18, 0xfb,
    0x18, 0x1c, 0x20, 0xff, 0x18, 0x18, 0x18, 0xff, 0x18, 0x18, 0x18, 0xff,
    0x18, 0x1c, 0x18, 0xff, 0x20, 0x18, 0x18, 0xff, 0x18, 0x18, 0x18, 0xff,
    0x18, 0x18, 0x18, 0xff, 0x18, 0x1c, 0x18, 0xff, 0x18, 0x18, 0x20, 0xff,
    0x18, 0x18, 0x18, 0xff, 0x18, 0x18, 0x18, 0xff, 0x18, 0x18, 0x18, 0x82,
    0x00, 0x00, 0x00, 0x00, 0x00, 0x00, 0x00, 0x00, 0x00, 0x00, 0x00, 0x00,
    0x00, 0x00, 0x00, 0x00, 0x00, 0x00, 0x00, 0x00, 0x00, 0x00, 0x00, 0x00,
    0x00, 0x00, 0x00, 0x00, 0x00, 0x00, 0x00, 0x00, 0x00, 0x00, 0x00, 0x00,
    0x00, 0x00, 0x00, 0x00, 0x00, 0x00, 0x00, 0x00, 0x00, 0x00, 0x00, 0x00,
    0x00, 0x00, 0x00, 0x00, 0x00, 0x00, 0x00, 0x00, 0x00, 0x00, 0x00, 0x00,
    0x00, 0x00, 0x00, 0x00, 0x00, 0x00, 0x00, 0x00, 0x00, 0x00, 0x00, 0x00,
    0x00, 0x00, 0x00, 0x00, 0x00, 0x00, 0x00, 0x00, 0x00, 0x00, 0x00, 0x00,
    0x00, 0x00, 0x00, 0x00, 0x00, 0x00, 0x00, 0x00, 0x00, 0x00, 0x00, 0x00,
    0x30, 0x30, 0x30, 0x34, 0x30, 0x34, 0x38, 0xf7, 0x30, 0x30, 0x30, 0xff,
    0x30, 0x30, 0x30, 0xff, 0x30, 0x30, 0x30, 0xff, 0x30, 0x30, 0x30, 0xff,
    0x30, 0x34, 0x30, 0xff, 0x30, 0x30, 0x30, 0xff, 0x30, 0x30, 0x30, 0xff,
    0x30, 0x30, 0x30, 0xff, 0x30, 0x30, 0x30, 0xff, 0x30, 0x30, 0x30, 0xff,
    0x30, 0x30, 0x30, 0xff, 0x30, 0x2c, 0x30, 0xae, 0x28, 0x28, 0x10, 0x0c,
    0x20, 0x1c, 0x00, 0x08, 0x38, 0x1c, 0x00, 0x08, 0x58, 0x40, 0x00, 0x0c,
    0xa0, 0x78, 0x00, 0x14, 0x28, 0x2c, 0x00, 0x0c, 0x40, 0x2c, 0x00, 0x0c,
    0x38, 0x38, 0x00, 0x0c, 0x48, 0x38, 0x00, 0x0c, 0x48, 0x34, 0x00, 0x10,
    0x48, 0x44, 0x00, 0x10, 0x50, 0x40, 0x00, 0x10, 0x48, 0x3c, 0x00, 0x10,
    0x58, 0x4c, 0x00, 0x10, 0x58, 0x48, 0x00, 0x14, 0x60, 0x50, 0x00, 0x14,
    0x58, 0x50, 0x00, 0x14, 0x58, 0x4c, 0x00, 0x14, 0x60, 0x48, 0x00, 0x14,
    0x70, 0x54, 0x00, 0x14, 0x68, 0x5c, 0x00, 0x18, 0x70, 0x58, 0x00, 0x18,
    0x70, 0x64, 0x00, 0x18, 0x70, 0x60, 0x00, 0x18, 0x78, 0x60, 0x00, 0x18,
    0x78, 0x64, 0x00, 0x18, 0x78, 0x64, 0x00, 0x18, 0x80, 0x6c, 0x00, 0x1c,
    0x80, 0x6c, 0x00, 0x18, 0x88, 0x70, 0x00, 0x1c, 0x80, 0x70, 0x00, 0x1c,
    0x88, 0x6c, 0x00, 0x1c, 0x88, 0x6c, 0x00, 0x1c, 0x90, 0x78, 0x00, 0x1c,
    0x90, 0x70, 0x00, 0x1c, 0x90, 0x7c, 0x00, 0x1c, 0x98, 0x7c, 0x00, 0x1c,
    0x90, 0x78, 0x00, 0x1c, 0x90, 0x78, 0x00, 0x20, 0xc0, 0xa0, 0x00, 0x30,
    0xf8, 0xd4, 0x00, 0xff, 0x20, 0x24, 0x20, 0xff, 0x20, 0x20, 0x28, 0xff,
    0x20, 0x24, 0x20, 0xff, 0x28, 0x20, 0x20, 0xff, 0x20, 0x24, 0x28, 0xff,
    0x38, 0x30, 0x20, 0xff, 0xf8, 0xd4, 0x00, 0xff, 0x98, 0x84, 0x00, 0x20,
    0x90, 0x74, 0x00, 0x1c, 0x90, 0x78, 0x00, 0x20, 0x98, 0x7c, 0x00, 0x1c,
    0x88, 0x70, 0x00, 0x1c, 0x88, 0x70, 0x00, 0x1c, 0x90, 0x74, 0x00, 0x1c,
    0x88, 0x78, 0x00, 0x1c, 0x88, 0x6c, 0x00, 0x1c, 0x80, 0x70, 0x00, 0x1c,
    0x80, 0x68, 0x00, 0x1c, 0x80, 0x6c, 0x00, 0x1c, 0x80, 0x64, 0x00, 0x18,
    0x78, 0x64, 0x00, 0x18, 0x78, 0x64, 0x00, 0x18, 0x78, 0x60, 0x00, 0x18,
    0x70, 0x60, 0x00, 0x18, 0x70, 0x58, 0x00, 0x18, 0x70, 0x58, 0x00, 0x18,
    0x68, 0x50, 0x00, 0x18, 0x70, 0x54, 0x00, 0x14, 0x60, 0x54, 0x00, 0x14,
    0x68, 0x4c, 0x00, 0x14, 0x58, 0x50, 0x00, 0x14, 0x50, 0x44, 0x00, 0x14,
    0x58, 0x44, 0x00, 0x10, 0x48, 0x3c, 0x00, 0x10, 0x48, 0x3c, 0x00, 0x10,
    0x50, 0x40, 0x00, 0x10, 0x48, 0x34, 0x00, 0x10, 0x48, 0x34, 0x00, 0x10,
    0x38, 0x34, 0x00, 0x0c, 0x38, 0x28, 0x00, 0x0c, 0x28, 0x2c, 0x00, 0x0c,
    0x28, 0x28, 0x00, 0x0c, 0x30, 0x2c, 0x00, 0x0c, 0x30, 0x18, 0x00, 0x0c,
    0x18, 0x1c, 0x00, 0x08, 0x20, 0x1c, 0x00, 0x08, 0x18, 0x18, 0x10, 0x14,
    0x18, 0x18, 0x18, 0xcb, 0x18, 0x1c, 0x18, 0xff, 0x18, 0x18, 0x18, 0xff,
    0x20, 0x18, 0x20, 0xff, 0x18, 0x1c, 0x18, 0xff, 0x18, 0x1c, 0x20, 0xff,
    0x18, 0x18, 0x18, 0xff, 0x18, 0x18, 0x18, 0xff, 0x18, 0x18, 0x18, 0xff,
    0x18, 0x1c, 0x18, 0xff, 0x18, 0x18, 0x18, 0xff, 0x18, 0x18, 0x18, 0xff,
    0x18, 0x18, 0x18, 0xf7, 0x18, 0x18, 0x18, 0x18, 0x00, 0x00, 0x00, 0x00,
    0x00, 0x00, 0x00, 0x00, 0x00, 0x00, 0x00, 0x00, 0x00, 0x00, 0x00, 0x00,
    0x00, 0x00, 0x00, 0x00, 0x00, 0x00, 0x00, 0x00, 0x00, 0x00, 0x00, 0x00,
    0x00, 0x00, 0x00, 0x00, 0x00, 0x00, 0x00, 0x00, 0x00, 0x00, 0x00, 0x00,
    0x00, 0x00, 0x00, 0x00, 0x00, 0x00, 0x00, 0x00, 0x00, 0x00, 0x00, 0x00,
    0x00, 0x00, 0x00, 0x00, 0x00, 0x00, 0x00, 0x00, 0x00, 0x00, 0x00, 0x00,
    0x00, 0x00, 0x00, 0x00, 0x00, 0x00, 0x00, 0x00, 0x00, 0x00, 0x00, 0x00,
    0x00, 0x00, 0x00, 0x00, 0x00, 0x00, 0x00, 0x00, 0x00, 0x00, 0x00, 0x00,
    0x00, 0x00, 0x00, 0x00, 0x00, 0x00, 0x00, 0x00, 0x38, 0x38, 0x38, 0x0c,
    0x38, 0x34, 0x30, 0xcb, 0x30, 0x30, 0x30, 0xff, 0x30, 0x30, 0x30, 0xff,
    0x30, 0x34, 0x38, 0xff, 0x38, 0x30, 0x30, 0xff, 0x30, 0x30, 0x30, 0xff,
    0x30, 0x30, 0x30, 0xff, 0x30, 0x30, 0x30, 0xff, 0x30, 0x30, 0x30, 0xff,
    0x30, 0x30, 0x30, 0xff, 0x30, 0x30, 0x30, 0xff, 0x30, 0x30, 0x30, 0xff,
    0x30, 0x30, 0x30, 0xf3, 0x30, 0x30, 0x28, 0x3c, 0x20, 0x20, 0x00, 0x08,
    0x18, 0x1c, 0x00, 0x08, 0xc8, 0xa8, 0x00, 0x24, 0xf0, 0xc4, 0x00, 0x59,
    0xa0, 0x84, 0x00, 0x14, 0x40, 0x2c, 0x00, 0x0c, 0x40, 0x28, 0x00, 0x0c,
    0x38, 0x3c, 0x00, 0x0c, 0x48, 0x38, 0x00, 0x0c, 0x48, 0x44, 0x00, 0x10,
    0x48, 0x44, 0x00, 0x10, 0x50, 0x40, 0x00, 0x10, 0x48, 0x3c, 0x00, 0x10,
    0x58, 0x4c, 0x00, 0x10, 0x50, 0x44, 0x00, 0x10, 0x60, 0x50, 0x00, 0x14,
    0x58, 0x4c, 0x00, 0x14, 0x68, 0x4c, 0x00, 0x14, 0x60, 0x54, 0x00, 0x14,
    0x70, 0x54, 0x00, 0x14, 0x68, 0x5c, 0x00, 0x14, 0x70, 0x5c, 0x00, 0x14,
    0x70, 0x64, 0x00, 0x18, 0x70, 0x60, 0x00, 0x18, 0x78, 0x60, 0x00, 0x18,
    0x78, 0x64, 0x00, 0x18, 0x78, 0x64, 0x00, 0x18, 0x80, 0x64, 0x00, 0x1c,
    0x80, 0x6c, 0x00, 0x18, 0x88, 0x6c, 0x00, 0x1c, 0x88, 0x70, 0x00, 0x1c,
    0x80, 0x70, 0x00, 0x1c, 0x88, 0x6c, 0x00, 0x1c, 0x88, 0x78, 0x00, 0x1c,
    0x88, 0x74, 0x00, 0x1c, 0x90, 0x74, 0x00, 0x1c, 0x88, 0x70, 0x00, 0x1c,
    0x90, 0x7c, 0x00, 0x1c, 0xc0, 0xa0, 0x00, 0x30, 0xf8, 0xd4, 0x00, 0xff,
    0x28, 0x24, 0x20, 0xff, 0x20, 0x24, 0x20, 0xff, 0x20, 0x20, 0x20, 0xff,
    0x20, 0x20, 0x20, 0xff, 0x20, 0x24, 0x20, 0xff, 0x38, 0x30, 0x20, 0xff,
    0xf8, 0xd4, 0x00, 0xff, 0x98, 0x80, 0x00, 0x20, 0x88, 0x70, 0x00, 0x1c,
    0x90, 0x70, 0x00, 0x1c, 0x90, 0x78, 0x00, 0x1c, 0x88, 0x78, 0x00, 0x1c,
    0x88, 0x74, 0x00, 0x1c, 0x88, 0x6c, 0x00, 0x1c, 0x88, 0x70, 0x00, 0x1c,
    0x80, 0x70, 0x00, 0x1c, 0x80, 0x6c, 0x00, 0x1c, 0x80, 0x6c, 0x00, 0x18,
    0x78, 0x64, 0x00, 0x18, 0x78, 0x64, 0x00, 0x18, 0x78, 0x64, 0x00, 0x18,
    0x78, 0x60, 0x00, 0x18, 0x78, 0x64, 0x00, 0x18, 0x70, 0x58, 0x00, 0x18,
    0x70, 0x5c, 0x00, 0x18, 0x68, 0x50, 0x00, 0x14, 0x68, 0x54, 0x00, 0x14,
    0x60, 0x54, 0x00, 0x14, 0x68, 0x4c, 0x00, 0x14, 0x58, 0x50, 0x00, 0x14,
    0x60, 0x50, 0x00, 0x14, 0x50, 0x44, 0x00, 0x14, 0x58, 0x4c, 0x00, 0x10,
    0x58, 0x4c, 0x00, 0x10, 0x50, 0x40, 0x00, 0x10, 0x58, 0x44, 0x00, 0x10,
    0x40, 0x34, 0x00, 0x10, 0x48, 0x34, 0x00, 0x0c, 0x38, 0x3c, 0x00, 0x0c,
    0x40, 0x28, 0x00, 0x0c, 0x40, 0x28, 0x00, 0x0c, 0x30, 0x30, 0x00, 0x0c,
    0x30, 0x34, 0x00, 0x0c, 0x38, 0x1c, 0x00, 0x08, 0x20, 0x1c, 0x00, 0x08,
    0x20, 0x20, 0x00, 0x08, 0x18, 0x18, 0x18, 0x59, 0x18, 0x1c, 0x18, 0xf7,
    0x18, 0x1c, 0x18, 0xff, 0x20, 0x18, 0x18, 0xff, 0x18, 0x1c, 0x18, 0xff,
    0x18, 0x1c, 0x18, 0xff, 0x18, 0x18, 0x18, 0xff, 0x18, 0x18, 0x18, 0xff,
    0x18, 0x18, 0x18, 0xff, 0x18, 0x18, 0x20, 0xff, 0x18, 0x18, 0x18, 0xff,
    0x18, 0x18, 0x18, 0xff, 0x18, 0x18, 0x18, 0xff, 0x18, 0x18, 0x18, 0xb6,
    0x00, 0x00, 0x00, 0x04, 0x00, 0x00, 0x00, 0x00, 0x00, 0x00, 0x00, 0x00,
    0x00, 0x00, 0x00, 0x00, 0x00, 0x00, 0x00, 0x00, 0x00, 0x00, 0x00, 0x00,
    0x00, 0x00, 0x00, 0x00, 0x00, 0x00, 0x00, 0x00, 0x00, 0x00, 0x00, 0x00,
    0x00, 0x00, 0x00, 0x00, 0x00, 0x00, 0x00, 0x00, 0x00, 0x00, 0x00, 0x00,
    0x00, 0x00, 0x00, 0x00, 0x00, 0x00, 0x00, 0x00, 0x00, 0x00, 0x00, 0x00,
    0x00, 0x00, 0x00, 0x00, 0x00, 0x00, 0x00, 0x00, 0x00, 0x00, 0x00, 0x00,
    0x00, 0x00, 0x00, 0x00, 0x00, 0x00, 0x00, 0x00, 0x00, 0x00, 0x00, 0x00,
    0x00, 0x00, 0x00, 0x00, 0x00, 0x00, 0x00, 0x00, 0x00, 0x00, 0x00, 0x00,
    0x00, 0x00, 0x00, 0x00, 0x00, 0x00, 0x00, 0x00, 0x30, 0x30, 0x30, 0x5d,
    0x38, 0x34, 0x38, 0xff, 0x30, 0x30, 0x30, 0xff, 0x30, 0x30, 0x30, 0xff,
    0x30, 0x30, 0x30, 0xff, 0x30, 0x30, 0x30, 0xff, 0x30, 0x30, 0x30, 0xff,
    0x30, 0x30, 0x30, 0xff, 0x30, 0x30, 0x30, 0xff, 0x30, 0x30, 0x30, 0xff,
    0x30, 0x30, 0x30, 0xff, 0x30, 0x30, 0x30, 0xff, 0x30, 0x30, 0x30, 0xff,
    0x30, 0x2c, 0x30, 0xbe, 0x28, 0x28, 0x18, 0x14, 0x20, 0x20, 0x00, 0x08,
    0x88, 0x78, 0x00, 0x10, 0xf0, 0xc8, 0x00, 0x55, 0xe0, 0xb8, 0x00, 0x34,
    0x48, 0x44, 0x00, 0x0c, 0x40, 0x40, 0x00, 0x0c, 0x38, 0x38, 0x00, 0x0c,
    0x50, 0x38, 0x00, 0x0c, 0x48, 0x48, 0x00, 0x10, 0x50, 0x44, 0x00, 0x10,
    0x50, 0x40, 0x00, 0x10, 0x60, 0x50, 0x00, 0x10, 0x58, 0x4c, 0x00, 0x10,
    0x58, 0x4c, 0x00, 0x10, 0x60, 0x54, 0x00, 0x14, 0x60, 0x50, 0x00, 0x14,
    0x68, 0x4c, 0x00, 0x14, 0x68, 0x58, 0x00, 0x14, 0x68, 0x54, 0x00, 0x14,
    0x70, 0x60, 0x00, 0x14, 0x68, 0x5c, 0x00, 0x18, 0x70, 0x5c, 0x00, 0x14,
    0x78, 0x64, 0x00, 0x18, 0x78, 0x60, 0x00, 0x18, 0x80, 0x68, 0x00, 0x18,
    0x80, 0x68, 0x00, 0x18, 0x88, 0x70, 0x00, 0x18, 0x80, 0x70, 0x00, 0x18,
    0x80, 0x6c, 0x00, 0x1c, 0x88, 0x6c, 0x00, 0x18, 0x88, 0x70, 0x00, 0x1c,
    0x90, 0x70, 0x00, 0x1c, 0x88, 0x70, 0x00, 0x1c, 0x88, 0x78, 0x00, 0x1c,
    0x88, 0x74, 0x00, 0x1c, 0x88, 0x78, 0x00, 0x1c, 0x90, 0x74, 0x00, 0x1c,
    0xc0, 0x9c, 0x00, 0x30, 0xf8, 0xd4, 0x00, 0xff, 0x28, 0x24, 0x28, 0xff,
    0x20, 0x24, 0x20, 0xff, 0x20, 0x20, 0x28, 0xff, 0x28, 0x24, 0x20, 0xff,
    0x20, 0x24, 0x20, 0xff, 0x30, 0x30, 0x20, 0xff, 0xf8, 0xd4, 0x00, 0xff,
    0xa0, 0x84, 0x00, 0x20, 0x90, 0x74, 0x00, 0x1c, 0x90, 0x74, 0x00, 0x1c,
    0x88, 0x78, 0x00, 0x1c, 0x88, 0x74, 0x00, 0x1c, 0x90, 0x70, 0x00, 0x1c,
    0x88, 0x74, 0x00, 0x1c, 0x88, 0x74, 0x00, 0x1c, 0x88, 0x6c, 0x00, 0x18,
    0x80, 0x6c, 0x00, 0x18, 0x88, 0x70, 0x00, 0x18, 0x78, 0x64, 0x00, 0x18,
    0x80, 0x6c, 0x00, 0x18, 0x78, 0x6c, 0x00, 0x18, 0x78, 0x64, 0x00, 0x18,
    0x78, 0x64, 0x00, 0x18, 0x70, 0x68, 0x00, 0x18, 0x70, 0x5c, 0x00, 0x14,
    0x70, 0x60, 0x00, 0x14, 0x70, 0x54, 0x00, 0x14, 0x68, 0x58, 0x00, 0x14,
    0x58, 0x50, 0x00, 0x14, 0x60, 0x50, 0x00, 0x14, 0x60, 0x54, 0x00, 0x10,
    0x58, 0x4c, 0x00, 0x10, 0x58, 0x4c, 0x00, 0x10, 0x50, 0x40, 0x00, 0x10,
    0x58, 0x44, 0x00, 0x10, 0x40, 0x44, 0x00, 0x10, 0x48, 0x48, 0x00, 0x10,
    0x50, 0x38, 0x00, 0x0c, 0x38, 0x3c, 0x00, 0x0c, 0x40, 0x40, 0x00, 0x0c,
    0x40, 0x40, 0x00, 0x0c, 0x60, 0x4c, 0x00, 0x0c, 0x30, 0x34, 0x00, 0x0c,
    0x38, 0x38, 0x00, 0x08, 0x40, 0x20, 0x00, 0x08, 0x20, 0x18, 0x18, 0x18,
    0x18, 0x18, 0x18, 0xdb, 0x20, 0x1c, 0x20, 0xff, 0x20, 0x1c, 0x20, 0xff,
    0x18, 0x18, 0x18, 0xff, 0x18, 0x18, 0x18, 0xff, 0x20, 0x1c, 0x20, 0xff,
    0x20, 0x18, 0x18, 0xff, 0x18, 0x18, 0x18, 0xff, 0x18, 0x1c, 0x18, 0xff,
    0x20, 0x18, 0x18, 0xff, 0x18, 0x18, 0x18, 0xff, 0x18, 0x18, 0x18, 0xff,
    0x18, 0x18, 0x18, 0xff, 0x18, 0x18, 0x18, 0x4d, 0x00, 0x00, 0x00, 0x00,
    0x00, 0x00, 0x00, 0x00, 0x00, 0x00, 0x00, 0x00, 0x00, 0x00, 0x00, 0x00,
    0x00, 0x00, 0x00, 0x00, 0x00, 0x00, 0x00, 0x00, 0x00, 0x00, 0x00, 0x00,
    0x00, 0x00, 0x00, 0x00, 0x00, 0x00, 0x00, 0x00, 0x00, 0x00, 0x00, 0x00,
    0x00, 0x00, 0x00, 0x00, 0x00, 0x00, 0x00, 0x00, 0x00, 0x00, 0x00, 0x00,
    0x00, 0x00, 0x00, 0x00, 0x00, 0x00, 0x00, 0x00, 0x00, 0x00, 0x00, 0x00,
    0x00, 0x00, 0x00, 0x00, 0x00, 0x00, 0x00, 0x00, 0x00, 0x00, 0x00, 0x00,
    0x00, 0x00, 0x00, 0x00, 0x00, 0x00, 0x00, 0x00, 0x00, 0x00, 0x00, 0x00,
    0x00, 0x00, 0x00, 0x00, 0x00, 0x00, 0x00, 0x00, 0x00, 0x00, 0x00, 0x00,
    0x00, 0x00, 0x00, 0x00, 0x40, 0x40, 0x40, 0x04, 0x30, 0x30, 0x30, 0xcf,
    0x30, 0x30, 0x30, 0xff, 0x30, 0x30, 0x30, 0xff, 0x30, 0x30, 0x30, 0xff,
    0x30, 0x30, 0x30, 0xff, 0x30, 0x30, 0x30, 0xff, 0x30, 0x30, 0x30, 0xff,
    0x30, 0x30, 0x30, 0xff, 0x30, 0x30, 0x30, 0xff, 0x30, 0x30, 0x30, 0xff,
    0x30, 0x2c, 0x30, 0xff, 0x30, 0x30, 0x30, 0xff, 0x30, 0x2c, 0x30, 0xfb,
    0x28, 0x2c, 0x28, 0x69, 0x20, 0x20, 0x00, 0x08, 0x38, 0x1c, 0x00, 0x08,
    0x98, 0x78, 0x00, 0x10, 0x60, 0x60, 0x00, 0x0c, 0x30, 0x30, 0x00, 0x0c,
    0x40, 0x2c, 0x00, 0x0c, 0x40, 0x40, 0x00, 0x0c, 0x38, 0x38, 0x00, 0x0c,
    0x48, 0x34, 0x00, 0x10, 0x48, 0x34, 0x00, 0x0c, 0x58, 0x44, 0x00, 0x10,
    0x50, 0x40, 0x00, 0x10, 0x60, 0x4c, 0x00, 0x10, 0x58, 0x4c, 0x00, 0x10,
    0x58, 0x4c, 0x00, 0x10, 0x60, 0x44, 0x00, 0x14, 0x60, 0x50, 0x00, 0x14,
    0x68, 0x4c, 0x00, 0x14, 0x68, 0x58, 0x00, 0x14, 0x68, 0x54, 0x00, 0x14,
    0x70, 0x60, 0x00, 0x14, 0x68, 0x5c, 0x00, 0x18, 0x70, 0x5c, 0x00, 0x18,
    0x70, 0x58, 0x00, 0x18, 0x78, 0x64, 0x00, 0x18, 0x70, 0x60, 0x00, 0x18,
    0x80, 0x68, 0x00, 0x18, 0x78, 0x64, 0x00, 0x18, 0x78, 0x64, 0x00, 0x18,
    0x88, 0x70, 0x00, 0x18, 0x80, 0x6c, 0x00, 0x1c, 0x88, 0x6c, 0x00, 0x18,
    0x88, 0x74, 0x00, 0x1c, 0x80, 0x70, 0x00, 0x1c, 0x90, 0x70, 0x00, 0x1c,
    0x88, 0x70, 0x00, 0x1c, 0x90, 0x70, 0x00, 0x1c, 0xc0, 0xa0, 0x00, 0x2c,
    0xf8, 0xd4, 0x00, 0xff, 0x28, 0x24, 0x20, 0xff, 0x20, 0x20, 0x20, 0xff,
    0x20, 0x24, 0x20, 0xff, 0x28, 0x20, 0x28, 0xff, 0x20, 0x20, 0x20, 0xff,
    0x38, 0x30, 0x20, 0xff, 0xf8, 0xd4, 0x00, 0xff, 0x98, 0x80, 0x00, 0x20,
    0x90, 0x70, 0x00, 0x1c, 0x90, 0x70, 0x00, 0x1c, 0x80, 0x70, 0x00, 0x1c,
    0x80, 0x70, 0x00, 0x1c, 0x88, 0x6c, 0x00, 0x18, 0x80, 0x6c, 0x00, 0x1c,
    0x80, 0x6c, 0x00, 0x18, 0x80, 0x70, 0x00, 0x18, 0x88, 0x64, 0x00, 0x18,
    0x78, 0x64, 0x00, 0x1c, 0x80, 0x6c, 0x00, 0x18, 0x78, 0x60, 0x00, 0x18,
    0x78, 0x64, 0x00, 0x18, 0x70, 0x60, 0x00, 0x18, 0x70, 0x5c, 0x00, 0x14,
    0x68, 0x5c, 0x00, 0x18, 0x70, 0x54, 0x00, 0x14, 0x60, 0x54, 0x00, 0x14,
    0x68, 0x58, 0x00, 0x14, 0x58, 0x50, 0x00, 0x14, 0x60, 0x50, 0x00, 0x14,
    0x60, 0x54, 0x00, 0x14, 0x58, 0x4c, 0x00, 0x10, 0x60, 0x4c, 0x00, 0x10,
    0x50, 0x3c, 0x00, 0x10, 0x50, 0x40, 0x00, 0x10, 0x48, 0x44, 0x00, 0x10,
    0x48, 0x34, 0x00, 0x10, 0x48, 0x34, 0x00, 0x0c, 0x50, 0x3c, 0x00, 0x0c,
    0x40, 0x40, 0x00, 0x0c, 0x58, 0x40, 0x00, 0x0c, 0xe0, 0xbc, 0x00, 0x34,
    0xe8, 0xc4, 0x00, 0x45, 0x30, 0x34, 0x00, 0x0c, 0x38, 0x38, 0x00, 0x08,
    0x40, 0x20, 0x00, 0x08, 0x18, 0x18, 0x18, 0x7d, 0x18, 0x1c, 0x18, 0xff,
    0x18, 0x18, 0x18, 0xff, 0x18, 0x1c, 0x18, 0xff, 0x18, 0x18, 0x20, 0xff,
    0x18, 0x1c, 0x18, 0xff, 0x18, 0x1c, 0x18, 0xff, 0x18, 0x18, 0x18, 0xff,
    0x18, 0x18, 0x18, 0xff, 0x18, 0x1c, 0x18, 0xff, 0x18, 0x18, 0x18, 0xff,
    0x18, 0x18, 0x18, 0xff, 0x18, 0x18, 0x18, 0xff, 0x18, 0x18, 0x18, 0xc3,
    0x00, 0x00, 0x00, 0x04, 0x00, 0x00, 0x00, 0x00, 0x00, 0x00, 0x00, 0x00,
    0x00, 0x00, 0x00, 0x00, 0x00, 0x00, 0x00, 0x00, 0x00, 0x00, 0x00, 0x00,
    0x00, 0x00, 0x00, 0x00, 0x00, 0x00, 0x00, 0x00, 0x00, 0x00, 0x00, 0x00,
    0x00, 0x00, 0x00, 0x00, 0x00, 0x00, 0x00, 0x00, 0x00, 0x00, 0x00, 0x00,
    0x00, 0x00, 0x00, 0x00, 0x00, 0x00, 0x00, 0x00, 0x00, 0x00, 0x00, 0x00,
    0x00, 0x00, 0x00, 0x00, 0x00, 0x00, 0x00, 0x00, 0x00, 0x00, 0x00, 0x00,
    0x00, 0x00, 0x00, 0x00, 0x00, 0x00, 0x00, 0x00, 0x00, 0x00, 0x00, 0x00,
    0x00, 0x00, 0x00, 0x00, 0x00, 0x00, 0x00, 0x00, 0x00, 0x00, 0x00, 0x00,
    0x00, 0x00, 0x00, 0x00, 0x00, 0x00, 0x00, 0x00, 0x00, 0x00, 0x00, 0x00,
    0x00, 0x00, 0x00, 0x00, 0x30, 0x30, 0x30, 0x61, 0x30, 0x30, 0x30, 0xff,
    0x30, 0x34, 0x30, 0xff, 0x30, 0x30, 0x30, 0xff, 0x30, 0x30, 0x30, 0xff,
    0x30, 0x30, 0x30, 0xff, 0x30, 0x30, 0x30, 0xff, 0x30, 0x30, 0x30, 0xff,
    0x30, 0x30, 0x30, 0xff, 0x30, 0x30, 0x30, 0xff, 0x30, 0x30, 0x30, 0xff,
    0x30, 0x2c, 0x30, 0xff, 0x30, 0x30, 0x30, 0xff, 0x28, 0x2c, 0x30, 0xeb,
    0x30, 0x30, 0x28, 0x2c, 0x40, 0x20, 0x00, 0x08, 0x38, 0x1c, 0x00, 0x08,
    0x30, 0x34, 0x00, 0x0c, 0x30, 0x34, 0x00, 0x0c, 0x40, 0x2c, 0x00, 0x0c,
    0x40, 0x2c, 0x00, 0x0c, 0x40, 0x40, 0x00, 0x0c, 0x50, 0x3c, 0x00, 0x0c,
    0x48, 0x34, 0x00, 0x0c, 0x40, 0x44, 0x00, 0x10, 0x58, 0x44, 0x00, 0x10,
    0x50, 0x40, 0x00, 0x10, 0x50, 0x50, 0x00, 0x10, 0x58, 0x4c, 0x00, 0x10,
    0x58, 0x4c, 0x00, 0x10, 0x60, 0x54, 0x00, 0x10, 0x60, 0x50, 0x00, 0x14,
    0x68, 0x50, 0x00, 0x14, 0x68, 0x58, 0x00, 0x14, 0x70, 0x58, 0x00, 0x14,
    0x70, 0x54, 0x00, 0x14, 0x70, 0x60, 0x00, 0x14, 0x70, 0x5c, 0x00, 0x14,
    0x70, 0x5c, 0x00, 0x18, 0x78, 0x64, 0x00, 0x18, 0x78, 0x64, 0x00, 0x18,
    0x78, 0x6c, 0x00, 0x18, 0x70, 0x6c, 0x00, 0x18, 0x80, 0x68, 0x00, 0x18,
    0x78, 0x64, 0x00, 0x18, 0x80, 0x70, 0x00, 0x18, 0x80, 0x6c, 0x00, 0x18,
    0x80, 0x6c, 0x00, 0x1c, 0x88, 0x6c, 0x00, 0x18, 0x88, 0x6c, 0x00, 0x1c,
    0x88, 0x74, 0x00, 0x18, 0xc0, 0xa4, 0x00, 0x2c, 0xf8, 0xd4, 0x00, 0xff,
    0x28, 0x24, 0x20, 0xff, 0x20, 0x24, 0x20, 0xff, 0x20, 0x20, 0x20, 0xff,
    0x20, 0x24, 0x20, 0xff, 0x20, 0x24, 0x20, 0xff, 0x38, 0x30, 0x20, 0xff,
    0xf8, 0xd4, 0x00, 0xff, 0x90, 0x7c, 0x00, 0x1c, 0x88, 0x74, 0x00, 0x18,
    0x88, 0x6c, 0x00, 0x1c, 0x80, 0x6c, 0x00, 0x18, 0x80, 0x6c, 0x00, 0x1c,
    0x88, 0x70, 0x00, 0x18, 0x78, 0x64, 0x00, 0x18, 0x80, 0x64, 0x00, 0x18,
    0x80, 0x6c, 0x00, 0x18, 0x80, 0x6c, 0x00, 0x18, 0x70, 0x60, 0x00, 0x18,
    0x78, 0x64, 0x00, 0x18, 0x70, 0x64, 0x00, 0x18, 0x70, 0x5c, 0x00, 0x18,
    0x70, 0x5c, 0x00, 0x14, 0x70, 0x60, 0x00, 0x14, 0x70, 0x54, 0x00, 0x14,
    0x68, 0x58, 0x00, 0x14, 0x68, 0x58, 0x00, 0x14, 0x58, 0x50, 0x00, 0x14,
    0x60, 0x50, 0x00, 0x14, 0x60, 0x54, 0x00, 0x10, 0x58, 0x4c, 0x00, 0x10,
    0x58, 0x4c, 0x00, 0x10, 0x50, 0x4c, 0x00, 0x10, 0x50, 0x40, 0x00, 0x10,
    0x58, 0x44, 0x00, 0x10, 0x48, 0x34, 0x00, 0x10, 0x48, 0x34, 0x00, 0x0c,
    0x50, 0x3c, 0x00, 0x0c, 0x40, 0x40, 0x00, 0x0c, 0x40, 0x28, 0x00, 0x0c,
    0xb8, 0x94, 0x00, 0x1c, 0xf0, 0xc8, 0x00, 0x65, 0xd8, 0xb4, 0x00, 0x30,
    0x38, 0x38, 0x00, 0x08, 0x40, 0x20, 0x00, 0x08, 0x18, 0x18, 0x18, 0x30,
    0x18, 0x1c, 0x18, 0xef, 0x20, 0x1c, 0x20, 0xff, 0x18, 0x18, 0x18, 0xff,
    0x18, 0x1c, 0x18, 0xff, 0x20, 0x18, 0x18, 0xff, 0x18, 0x18, 0x20, 0xff,
    0x18, 0x18, 0x18, 0xff, 0x18, 0x18, 0x18, 0xff, 0x18, 0x18, 0x20, 0xff,
    0x18, 0x18, 0x18, 0xff, 0x18, 0x18, 0x18, 0xff, 0x18, 0x18, 0x18, 0xff,
    0x18, 0x18, 0x18, 0xf7, 0x18, 0x18, 0x18, 0x4d, 0x00, 0x00, 0x00, 0x00,
    0x00, 0x00, 0x00, 0x00, 0x00, 0x00, 0x00, 0x00, 0x00, 0x00, 0x00, 0x00,
    0x00, 0x00, 0x00, 0x00, 0x00, 0x00, 0x00, 0x00, 0x00, 0x00, 0x00, 0x00,
    0x00, 0x00, 0x00, 0x00, 0x00, 0x00, 0x00, 0x00, 0x00, 0x00, 0x00, 0x00,
    0x00, 0x00, 0x00, 0x00, 0x00, 0x00, 0x00, 0x00, 0x00, 0x00, 0x00, 0x00,
    0x00, 0x00, 0x00, 0x00, 0x00, 0x00, 0x00, 0x00, 0x00, 0x00, 0x00, 0x00,
    0x00, 0x00, 0x00, 0x00, 0x00, 0x00, 0x00, 0x00, 0x00, 0x00, 0x00, 0x00,
    0x00, 0x00, 0x00, 0x00, 0x00, 0x00, 0x00, 0x00, 0x00, 0x00, 0x00, 0x00,
    0x00, 0x00, 0x00, 0x00, 0x00, 0x00, 0x00, 0x00, 0x00, 0x00, 0x00, 0x00,
    0x00, 0x00, 0x00, 0x00, 0x00, 0x00, 0x00, 0x00, 0x00, 0x00, 0x00, 0x00,
    0x28, 0x2c, 0x28, 0x10, 0x30, 0x30, 0x30, 0xdf, 0x30, 0x30, 0x30, 0xff,
    0x30, 0x30, 0x30, 0xff, 0x30, 0x30, 0x30, 0xff, 0x30, 0x30, 0x30, 0xff,
    0x30, 0x30, 0x30, 0xff, 0x30, 0x30, 0x30, 0xff, 0x30, 0x30, 0x30, 0xff,
    0x30, 0x2c, 0x30, 0xff, 0x28, 0x2c, 0x30, 0xff, 0x30, 0x30, 0x28, 0xff,
    0x30, 0x2c, 0x30, 0xff, 0x30, 0x2c, 0x30, 0xff, 0x28, 0x2c, 0x28, 0xae,
    0x30, 0x2c, 0x18, 0x0c, 0x18, 0x1c, 0x00, 0x08, 0x20, 0x1c, 0x00, 0x08,
    0x30, 0x18, 0x00, 0x08, 0x30, 0x2c, 0x00, 0x0c, 0x30, 0x2c, 0x00, 0x0c,
    0x40, 0x2c, 0x00, 0x0c, 0x38, 0x3c, 0x00, 0x0c, 0x38, 0x38, 0x00, 0x0c,
    0x48, 0x38, 0x00, 0x10, 0x40, 0x34, 0x00, 0x10, 0x48, 0x44, 0x00, 0x10,
    0x50, 0x3c, 0x00, 0x10, 0x50, 0x40, 0x00, 0x10, 0x58, 0x4c, 0x00, 0x10,
    0x58, 0x44, 0x00, 0x14, 0x50, 0x48, 0x00, 0x14, 0x60, 0x50, 0x00, 0x14,
    0x60, 0x50, 0x00, 0x14, 0x68, 0x4c, 0x00, 0x14, 0x68, 0x4c, 0x00, 0x14,
    0x60, 0x54, 0x00, 0x14, 0x70, 0x54, 0x00, 0x14, 0x68, 0x50, 0x00, 0x14,
    0x70, 0x5c, 0x00, 0x14, 0x70, 0x58, 0x00, 0x18, 0x70, 0x64, 0x00, 0x18,
    0x68, 0x60, 0x00, 0x18, 0x78, 0x60, 0x00, 0x18, 0x70, 0x60, 0x00, 0x18,
    0x78, 0x64, 0x00, 0x18, 0x78, 0x64, 0x00, 0x18, 0x78, 0x64, 0x00, 0x18,
    0x88, 0x64, 0x00, 0x18, 0x78, 0x64, 0x00, 0x1c, 0x80, 0x6c, 0x00, 0x1c,
    0xb8, 0xa0, 0x00, 0x2c, 0xf8, 0xd4, 0x00, 0xff, 0x28, 0x24, 0x28, 0xff,
    0x20, 0x24, 0x20, 0xff, 0x20, 0x20, 0x28, 0xff, 0x20, 0x24, 0x20, 0xff,
    0x20, 0x24, 0x20, 0xff, 0x38, 0x30, 0x20, 0xff, 0xf8, 0xd4, 0x00, 0xff,
    0x90, 0x78, 0x00, 0x1c, 0x80, 0x6c, 0x00, 0x18, 0x80, 0x64, 0x00, 0x1c,
    0x78, 0x64, 0x00, 0x18, 0x78, 0x64, 0x00, 0x18, 0x78, 0x64, 0x00, 0x18,
    0x70, 0x5c, 0x00, 0x18, 0x78, 0x60, 0x00, 0x18, 0x78, 0x60, 0x00, 0x18,
    0x70, 0x60, 0x00, 0x18, 0x70, 0x58, 0x00, 0x18, 0x70, 0x58, 0x00, 0x18,
    0x68, 0x5c, 0x00, 0x14, 0x68, 0x5c, 0x00, 0x18, 0x70, 0x54, 0x00, 0x14,
    0x60, 0x54, 0x00, 0x14, 0x68, 0x58, 0x00, 0x14, 0x58, 0x4c, 0x00, 0x14,
    0x58, 0x50, 0x00, 0x14, 0x60, 0x50, 0x00, 0x14, 0x58, 0x48, 0x00, 0x14,
    0x58, 0x4c, 0x00, 0x10, 0x50, 0x4c, 0x00, 0x10, 0x50, 0x3c, 0x00, 0x10,
    0x50, 0x40, 0x00, 0x10, 0x40, 0x34, 0x00, 0x10, 0x40, 0x34, 0x00, 0x10,
    0x48, 0x34, 0x00, 0x0c, 0x38, 0x3c, 0x00, 0x0c, 0x38, 0x28, 0x00, 0x10,
    0x40, 0x28, 0x00, 0x0c, 0x30, 0x2c, 0x00, 0x0c, 0x78, 0x64, 0x00, 0x10,
    0xd8, 0xb4, 0x00, 0x2c, 0x38, 0x1c, 0x00, 0x08, 0x20, 0x20, 0x00, 0x08,
    0x18, 0x18, 0x08, 0x14, 0x18, 0x18, 0x18, 0xc3, 0x20, 0x1c, 0x18, 0xff,
    0x18, 0x18, 0x18, 0xff, 0x18, 0x1c, 0x20, 0xff, 0x20, 0x1c, 0x18, 0xff,
    0x18, 0x18, 0x18, 0xff, 0x18, 0x18, 0x18, 0xff, 0x18, 0x18, 0x18, 0xff,
    0x18, 0x18, 0x18, 0xff, 0x18, 0x18, 0x18, 0xff, 0x18, 0x18, 0x18, 0xff,
    0x18, 0x18, 0x18, 0xff, 0x18, 0x18, 0x18, 0xff, 0x18, 0x18, 0x18, 0xc7,
    0x18, 0x14, 0x18, 0x0c, 0x00, 0x00, 0x00, 0x00, 0x00, 0x00, 0x00, 0x00,
    0x00, 0x00, 0x00, 0x00, 0x00, 0x00, 0x00, 0x00, 0x00, 0x00, 0x00, 0x00,
    0x00, 0x00, 0x00, 0x00, 0x00, 0x00, 0x00, 0x00, 0x00, 0x00, 0x00, 0x00,
    0x00, 0x00, 0x00, 0x00, 0x00, 0x00, 0x00, 0x00, 0x00, 0x00, 0x00, 0x00,
    0x00, 0x00, 0x00, 0x00, 0x00, 0x00, 0x00, 0x00, 0x00, 0x00, 0x00, 0x00,
    0x00, 0x00, 0x00, 0x00, 0x00, 0x00, 0x00, 0x00, 0x00, 0x00, 0x00, 0x00,
    0x00, 0x00, 0x00, 0x00, 0x00, 0x00, 0x00, 0x00, 0x00, 0x00, 0x00, 0x00,
    0x00, 0x00, 0x00, 0x00, 0x00, 0x00, 0x00, 0x00, 0x00, 0x00, 0x00, 0x00,
    0x00, 0x00, 0x00, 0x00, 0x00, 0x00, 0x00, 0x00, 0x00, 0x00, 0x00, 0x00,
    0x00, 0x00, 0x00, 0x00, 0x00, 0x00, 0x00, 0x00, 0x00, 0x00, 0x00, 0x00,
    0x30, 0x2c, 0x30, 0x5d, 0x30, 0x30, 0x30, 0xfb, 0x30, 0x30, 0x30, 0xff,
    0x30, 0x30, 0x30, 0xff, 0x30, 0x30, 0x30, 0xff, 0x30, 0x30, 0x30, 0xff,
    0x30, 0x30, 0x30, 0xff, 0x30, 0x2c, 0x30, 0xff, 0x30, 0x2c, 0x30, 0xff,
    0x30, 0x30, 0x28, 0xff, 0x28, 0x30, 0x30, 0xff, 0x30, 0x2c, 0x30, 0xff,
    0x30, 0x2c, 0x28, 0xff, 0x30, 0x2c, 0x30, 0xfb, 0x28, 0x2c, 0x28, 0x75,
    0x18, 0x18, 0x00, 0x0c, 0x20, 0x1c, 0x00, 0x08, 0x38, 0x1c, 0x00, 0x08,
    0x90, 0x78, 0x00, 0x14, 0xd8, 0xb0, 0x00, 0x30, 0x58, 0x48, 0x00, 0x10,
    0x40, 0x28, 0x00, 0x0c, 0x38, 0x28, 0x00, 0x0c, 0x38, 0x38, 0x00, 0x0c,
    0x48, 0x34, 0x00, 0x0c, 0x48, 0x34, 0x00, 0x10, 0x58, 0x44, 0x00, 0x10,
    0x50, 0x40, 0x00, 0x10, 0x50, 0x40, 0x00, 0x10, 0x48, 0x3c, 0x00, 0x10,
    0x58, 0x4c, 0x00, 0x10, 0x50, 0x44, 0x00, 0x10, 0x60, 0x50, 0x00, 0x14,
    0x58, 0x50, 0x00, 0x14, 0x58, 0x4c, 0x00, 0x14, 0x68, 0x4c, 0x00, 0x14,
    0x60, 0x54, 0x00, 0x14, 0x60, 0x54, 0x00, 0x14, 0x70, 0x54, 0x00, 0x14,
    0x68, 0x5c, 0x00, 0x18, 0x70, 0x5c, 0x00, 0x14, 0x70, 0x58, 0x00, 0x18,
    0x70, 0x58, 0x00, 0x18, 0x70, 0x64, 0x00, 0x18, 0x78, 0x60, 0x00, 0x18,
    0x78, 0x60, 0x00, 0x18, 0x70, 0x60, 0x00, 0x18, 0x80, 0x6c, 0x00, 0x18,
    0x78, 0x64, 0x00, 0x18, 0x78, 0x64, 0x00, 0x18, 0xb8, 0x9c, 0x00, 0x2c,
    0xf8, 0xd4, 0x00, 0xff, 0x28, 0x24, 0x20, 0xff, 0x20, 0x20, 0x20, 0xff,
    0x20, 0x20, 0x28, 0xff, 0x28, 0x20, 0x20, 0xff, 0x20, 0x24, 0x20, 0xff,
    0x30, 0x30, 0x20, 0xff, 0xf8, 0xd4, 0x00, 0xff, 0x90, 0x70, 0x00, 0x1c,
    0x78, 0x64, 0x00, 0x18, 0x78, 0x64, 0x00, 0x18, 0x78, 0x6c, 0x00, 0x18,
    0x78, 0x60, 0x00, 0x18, 0x70, 0x60, 0x00, 0x18, 0x78, 0x60, 0x00, 0x18,
    0x78, 0x64, 0x00, 0x18, 0x70, 0x60, 0x00, 0x18, 0x70, 0x58, 0x00, 0x18,
    0x70, 0x5c, 0x00, 0x18, 0x68, 0x5c, 0x00, 0x14, 0x70, 0x54, 0x00, 0x14,
    0x60, 0x54, 0x00, 0x14, 0x60, 0x54, 0x00, 0x14, 0x68, 0x4c, 0x00, 0x14,
    0x58, 0x4c, 0x00, 0x14, 0x58, 0x50, 0x00, 0x14, 0x60, 0x44, 0x00, 0x14,
    0x50, 0x44, 0x00, 0x10, 0x58, 0x4c, 0x00, 0x10, 0x58, 0x4c, 0x00, 0x10,
    0x50, 0x3c, 0x00, 0x10, 0x50, 0x40, 0x00, 0x10, 0x48, 0x44, 0x00, 0x10,
    0x48, 0x34, 0x00, 0x10, 0x38, 0x34, 0x00, 0x10, 0x38, 0x38, 0x00, 0x0c,
    0x38, 0x3c, 0x00, 0x0c, 0x40, 0x28, 0x00, 0x0c, 0x30, 0x30, 0x00, 0x0c,
    0x30, 0x34, 0x00, 0x08, 0x30, 0x18, 0x00, 0x0c, 0x38, 0x1c, 0x00, 0x08,
    0x20, 0x20, 0x00, 0x08, 0x28, 0x14, 0x00, 0x0c, 0x20, 0x1c, 0x18, 0x92,
    0x18, 0x18, 0x18, 0xff, 0x18, 0x18, 0x18, 0xff, 0x18, 0x1c, 0x18, 0xff,
    0x18, 0x18, 0x18, 0xff, 0x18, 0x18, 0x18, 0xff, 0x18, 0x18, 0x18, 0xff,
    0x18, 0x1c, 0x18, 0xff, 0x18, 0x1c, 0x18, 0xff, 0x18, 0x18, 0x18, 0xff,
    0x18, 0x18, 0x18, 0xff, 0x18, 0x18, 0x18, 0xff, 0x18, 0x18, 0x18, 0xff,
    0x18, 0x18, 0x18, 0xf7, 0x18, 0x14, 0x18, 0x3c, 0x00, 0x00, 0x00, 0x00,
    0x00, 0x00, 0x00, 0x00, 0x00, 0x00, 0x00, 0x00, 0x00, 0x00, 0x00, 0x00,
    0x00, 0x00, 0x00, 0x00, 0x00, 0x00, 0x00, 0x00, 0x00, 0x00, 0x00, 0x00,
    0x00, 0x00, 0x00, 0x00, 0x00, 0x00, 0x00, 0x00, 0x00, 0x00, 0x00, 0x00,
    0x00, 0x00, 0x00, 0x00, 0x00, 0x00, 0x00, 0x00, 0x00, 0x00, 0x00, 0x00,
    0x00, 0x00, 0x00, 0x00, 0x00, 0x00, 0x00, 0x00, 0x00, 0x00, 0x00, 0x00,
    0x00, 0x00, 0x00, 0x00, 0x00, 0x00, 0x00, 0x00, 0x00, 0x00, 0x00, 0x00,
    0x00, 0x00, 0x00, 0x00, 0x00, 0x00, 0x00, 0x00, 0x00, 0x00, 0x00, 0x00,
    0x00, 0x00, 0x00, 0x00, 0x00, 0x00, 0x00, 0x00, 0x00, 0x00, 0x00, 0x00,
    0x00, 0x00, 0x00, 0x00, 0x00, 0x00, 0x00, 0x00, 0x00, 0x00, 0x00, 0x00,
    0x00, 0x00, 0x00, 0x00, 0x00, 0x00, 0x00, 0x00, 0x38, 0x38, 0x38, 0x10,
    0x30, 0x30, 0x30, 0xd3, 0x30, 0x30, 0x30, 0xff, 0x30, 0x30, 0x30, 0xff,
    0x30, 0x30, 0x30, 0xff, 0x30, 0x30, 0x30, 0xff, 0x30, 0x2c, 0x30, 0xff,
    0x30, 0x2c, 0x30, 0xff, 0x28, 0x30, 0x30, 0xff, 0x30, 0x2c, 0x30, 0xff,
    0x30, 0x30, 0x30, 0xff, 0x28, 0x2c, 0x28, 0xff, 0x28, 0x2c, 0x30, 0xff,
    0x30, 0x30, 0x30, 0xff, 0x28, 0x2c, 0x28, 0xeb, 0x30, 0x2c, 0x28, 0x34,
    0x20, 0x20, 0x00, 0x08, 0x18, 0x1c, 0x00, 0x08, 0xb0, 0x8c, 0x00, 0x18,
    0xf0, 0xc8, 0x00, 0x5d, 0xe0, 0xb8, 0x00, 0x3c, 0x40, 0x40, 0x00, 0x0c,
    0x28, 0x2c, 0x00, 0x0c, 0x38, 0x28, 0x00, 0x0c, 0x38, 0x38, 0x00, 0x0c,
    0x48, 0x34, 0x00, 0x10, 0x40, 0x34, 0x00, 0x10, 0x40, 0x44, 0x00, 0x10,
    0x50, 0x40, 0x00, 0x10, 0x50, 0x40, 0x00, 0x10, 0x48, 0x3c, 0x00, 0x10,
    0x58, 0x4c, 0x00, 0x10, 0x58, 0x48, 0x00, 0x14, 0x50, 0x48, 0x00, 0x10,
    0x60, 0x50, 0x00, 0x14, 0x60, 0x50, 0x00, 0x14, 0x58, 0x4c, 0x00, 0x14,
    0x68, 0x4c, 0x00, 0x14, 0x60, 0x54, 0x00, 0x14, 0x60, 0x54, 0x00, 0x14,
    0x70, 0x54, 0x00, 0x14, 0x68, 0x5c, 0x00, 0x18, 0x68, 0x5c, 0x00, 0x14,
    0x70, 0x5c, 0x00, 0x18, 0x70, 0x58, 0x00, 0x18, 0x70, 0x58, 0x00, 0x18,
    0x70, 0x64, 0x00, 0x18, 0x78, 0x64, 0x00, 0x18, 0x70, 0x60, 0x00, 0x18,
    0x78, 0x60, 0x00, 0x18, 0xc0, 0x98, 0x00, 0x2c, 0xf8, 0xd4, 0x00, 0xff,
    0x28, 0x24, 0x20, 0xff, 0x20, 0x24, 0x20, 0xff, 0x20, 0x24, 0x20, 0xff,
    0x20, 0x20, 0x28, 0xff, 0x20, 0x20, 0x20, 0xff, 0x38, 0x30, 0x20, 0xff,
    0xf8, 0xd4, 0x00, 0xff, 0x80, 0x70, 0x00, 0x1c, 0x78, 0x60, 0x00, 0x18,
    0x70, 0x60, 0x00, 0x18, 0x70, 0x64, 0x00, 0x18, 0x70, 0x64, 0x00, 0x18,
    0x70, 0x58, 0x00, 0x18, 0x70, 0x58, 0x00, 0x18, 0x70, 0x5c, 0x00, 0x18,
    0x68, 0x5c, 0x00, 0x14, 0x68, 0x5c, 0x00, 0x18, 0x70, 0x54, 0x00, 0x14,
    0x60, 0x54, 0x00, 0x14, 0x60, 0x54, 0x00, 0x14, 0x68, 0x58, 0x00, 0x14,
    0x68, 0x4c, 0x00, 0x14, 0x58, 0x50, 0x00, 0x14, 0x60, 0x50, 0x00, 0x14,
    0x50, 0x44, 0x00, 0x14, 0x58, 0x48, 0x00, 0x10, 0x48, 0x3c, 0x00, 0x10,
    0x48, 0x3c, 0x00, 0x10, 0x50, 0x40, 0x00, 0x10, 0x50, 0x40, 0x00, 0x10,
    0x40, 0x34, 0x00, 0x10, 0x40, 0x34, 0x00, 0x10, 0x38, 0x34, 0x00, 0x0c,
    0x38, 0x28, 0x00, 0x0c, 0x38, 0x28, 0x00, 0x0c, 0x40, 0x28, 0x00, 0x0c,
    0x30, 0x2c, 0x00, 0x0c, 0x30, 0x30, 0x00, 0x0c, 0x30, 0x18, 0x00, 0x08,
    0x18, 0x1c, 0x00, 0x08, 0x20, 0x1c, 0x00, 0x08, 0x20, 0x20, 0x00, 0x08,
    0x18, 0x18, 0x18, 0x4d, 0x18, 0x18, 0x18, 0xf7, 0x18, 0x1c, 0x20, 0xff,
    0x18, 0x1c, 0x18, 0xff, 0x18, 0x18, 0x18, 0xff, 0x18, 0x18, 0x18, 0xff,
    0x18, 0x18, 0x18, 0xff, 0x18, 0x18, 0x18, 0xff, 0x18, 0x18, 0x18, 0xff,
    0x18, 0x18, 0x18, 0xff, 0x18, 0x18, 0x18, 0xff, 0x18, 0x18, 0x18, 0xff,
    0x18, 0x18, 0x18, 0xff, 0x18, 0x18, 0x18, 0xff, 0x18, 0x18, 0x18, 0xb6,
    0x28, 0x28, 0x28, 0x08, 0x00, 0x00, 0x00, 0x00, 0x00, 0x00, 0x00, 0x00,
    0x00, 0x00, 0x00, 0x00, 0x00, 0x00, 0x00, 0x00, 0x00, 0x00, 0x00, 0x00,
    0x00, 0x00, 0x00, 0x00, 0x00, 0x00, 0x00, 0x00, 0x00, 0x00, 0x00, 0x00,
    0x00, 0x00, 0x00, 0x00, 0x00, 0x00, 0x00, 0x00, 0x00, 0x00, 0x00, 0x00,
    0x00, 0x00, 0x00, 0x00, 0x00, 0x00, 0x00, 0x00, 0x00, 0x00, 0x00, 0x00,
    0x00, 0x00, 0x00, 0x00, 0x00, 0x00, 0x00, 0x00, 0x00, 0x00, 0x00, 0x00,
    0x00, 0x00, 0x00, 0x00, 0x00, 0x00, 0x00, 0x00, 0x00, 0x00, 0x00, 0x00,
    0x00, 0x00, 0x00, 0x00, 0x00, 0x00, 0x00, 0x00, 0x00, 0x00, 0x00, 0x00,
    0x00, 0x00, 0x00, 0x00, 0x00, 0x00, 0x00, 0x00, 0x00, 0x00, 0x00, 0x00,
    0x00, 0x00, 0x00, 0x00, 0x00, 0x00, 0x00, 0x00, 0x00, 0x00, 0x00, 0x00,
    0x00, 0x00, 0x00, 0x00, 0x00, 0x00, 0x00, 0x00, 0x30, 0x2c, 0x30, 0x3c,
    0x30, 0x2c, 0x30, 0xf7, 0x30, 0x30, 0x30, 0xff, 0x30, 0x30, 0x30, 0xff,
    0x30, 0x2c, 0x30, 0xff, 0x30, 0x2c, 0x30, 0xff, 0x28, 0x30, 0x28, 0xff,
    0x30, 0x30, 0x30, 0xff, 0x30, 0x2c, 0x30, 0xff, 0x30, 0x2c, 0x28, 0xff,
    0x28, 0x2c, 0x30, 0xff, 0x30, 0x2c, 0x30, 0xff, 0x30, 0x2c, 0x28, 0xff,
    0x28, 0x2c, 0x30, 0xff, 0x28, 0x2c, 0x28, 0xd3, 0x28, 0x28, 0x20, 0x24,
    0x20, 0x20, 0x00, 0x08, 0x20, 0x1c, 0x00, 0x08, 0xc8, 0xac, 0x00, 0x24,
    0xe0, 0xbc, 0x00, 0x38, 0x40, 0x40, 0x00, 0x0c, 0x30, 0x2c, 0x00, 0x0c,
    0x40, 0x2c, 0x00, 0x0c, 0x38, 0x28, 0x00, 0x0c, 0x38, 0x38, 0x00, 0x0c,
    0x48, 0x34, 0x00, 0x0c, 0x48, 0x34, 0x00, 0x0c, 0x48, 0x44, 0x00, 0x10,
    0x48, 0x44, 0x00, 0x10, 0x50, 0x40, 0x00, 0x10, 0x48, 0x3c, 0x00, 0x10,
    0x58, 0x4c, 0x00, 0x10, 0x58, 0x44, 0x00, 0x14, 0x50, 0x44, 0x00, 0x10,
    0x58, 0x50, 0x00, 0x14, 0x60, 0x50, 0x00, 0x14, 0x60, 0x50, 0x00, 0x14,
    0x68, 0x4c, 0x00, 0x14, 0x68, 0x58, 0x00, 0x14, 0x60, 0x54, 0x00, 0x14,
    0x70, 0x54, 0x00, 0x14, 0x68, 0x54, 0x00, 0x14, 0x70, 0x54, 0x00, 0x14,
    0x68, 0x5c, 0x00, 0x18, 0x68, 0x5c, 0x00, 0x14, 0x70, 0x5c, 0x00, 0x14,
    0x70, 0x5c, 0x00, 0x18, 0x70, 0x58, 0x00, 0x18, 0x70, 0x64, 0x00, 0x18,
    0xb8, 0x9c, 0x00, 0x28, 0xf8, 0xd4, 0x00, 0xff, 0x28, 0x24, 0x28, 0xff,
    0x20, 0x24, 0x20, 0xff, 0x20, 0x24, 0x20, 0xff, 0x20, 0x24, 0x20, 0xff,
    0x28, 0x20, 0x28, 0xff, 0x38, 0x30, 0x20, 0xff, 0xf8, 0xd4, 0x00, 0xff,
    0x80, 0x6c, 0x00, 0x1c, 0x70, 0x58, 0x00, 0x18, 0x70, 0x58, 0x00, 0x18,
    0x70, 0x5c, 0x00, 0x14, 0x70, 0x5c, 0x00, 0x18, 0x70, 0x5c, 0x00, 0x14,
    0x68, 0x5c, 0x00, 0x18, 0x70, 0x54, 0x00, 0x14, 0x68, 0x54, 0x00, 0x14,
    0x60, 0x54, 0x00, 0x14, 0x60, 0x54, 0x00, 0x14, 0x68, 0x4c, 0x00, 0x14,
    0x68, 0x4c, 0x00, 0x14, 0x58, 0x50, 0x00, 0x14, 0x60, 0x50, 0x00, 0x14,
    0x60, 0x44, 0x00, 0x14, 0x50, 0x48, 0x00, 0x10, 0x58, 0x44, 0x00, 0x14,
    0x48, 0x4c, 0x00, 0x10, 0x50, 0x4c, 0x00, 0x10, 0x50, 0x40, 0x00, 0x10,
    0x58, 0x44, 0x00, 0x10, 0x48, 0x30, 0x00, 0x10, 0x48, 0x34, 0x00, 0x10,
    0x38, 0x34, 0x00, 0x10, 0x38, 0x3c, 0x00, 0x0c, 0x38, 0x38, 0x00, 0x0c,
    0x40, 0x2c, 0x00, 0x0c, 0x48, 0x30, 0x00, 0x0c, 0xd0, 0xb0, 0x00, 0x30,
    0x98, 0x80, 0x00, 0x10, 0x38, 0x1c, 0x00, 0x08, 0x20, 0x1c, 0x00, 0x08,
    0x20, 0x20, 0x00, 0x08, 0x18, 0x1c, 0x18, 0x30, 0x18, 0x18, 0x18, 0xe3,
    0x18, 0x1c, 0x18, 0xff, 0x20, 0x1c, 0x18, 0xff, 0x18, 0x18, 0x18, 0xff,
    0x18, 0x18, 0x18, 0xff, 0x20, 0x18, 0x20, 0xff, 0x18, 0x18, 0x18, 0xff,
    0x18, 0x18, 0x18, 0xff, 0x18, 0x18, 0x18, 0xff, 0x18, 0x18, 0x18, 0xff,
    0x18, 0x18, 0x18, 0xff, 0x18, 0x18, 0x18, 0xff, 0x18, 0x18, 0x18, 0xff,
    0x18, 0x18, 0x18, 0xf3, 0x18, 0x18, 0x18, 0x28, 0x00, 0x00, 0x00, 0x00,
    0x00, 0x00, 0x00, 0x00, 0x00, 0x00, 0x00, 0x00, 0x00, 0x00, 0x00, 0x00,
    0x00, 0x00, 0x00, 0x00, 0x00, 0x00, 0x00, 0x00, 0x00, 0x00, 0x00, 0x00,
    0x00, 0x00, 0x00, 0x00, 0x00, 0x00, 0x00, 0x00, 0x00, 0x00, 0x00, 0x00,
    0x00, 0x00, 0x00, 0x00, 0x00, 0x00, 0x00, 0x00, 0x00, 0x00, 0x00, 0x00,
    0x00, 0x00, 0x00, 0x00, 0x00, 0x00, 0x00, 0x00, 0x00, 0x00, 0x00, 0x00,
    0x00, 0x00, 0x00, 0x00, 0x00, 0x00, 0x00, 0x00, 0x00, 0x00, 0x00, 0x00,
    0x00, 0x00, 0x00, 0x00, 0x00, 0x00, 0x00, 0x00, 0x00, 0x00, 0x00, 0x00,
    0x00, 0x00, 0x00, 0x00, 0x00, 0x00, 0x00, 0x00, 0x00, 0x00, 0x00, 0x00,
    0x00, 0x00, 0x00, 0x00, 0x00, 0x00, 0x00, 0x00, 0x00, 0x00, 0x00, 0x00,
    0x00, 0x00, 0x00, 0x00, 0x00, 0x00, 0x00, 0x00, 0x00, 0x00, 0x00, 0x00,
    0x00, 0x00, 0x00, 0x00, 0x30, 0x34, 0x30, 0x04, 0x30, 0x30, 0x30, 0x9a,
    0x30, 0x30, 0x30, 0xff, 0x30, 0x30, 0x30, 0xff, 0x30, 0x30, 0x30, 0xff,
    0x30, 0x2c, 0x28, 0xff, 0x30, 0x30, 0x30, 0xff, 0x30, 0x2c, 0x30, 0xff,
    0x30, 0x30, 0x28, 0xff, 0x28, 0x2c, 0x28, 0xff, 0x30, 0x2c, 0x30, 0xff,
    0x30, 0x30, 0x30, 0xff, 0x30, 0x2c, 0x28, 0xff, 0x30, 0x2c, 0x30, 0xff,
    0x28, 0x2c, 0x30, 0xff, 0x28, 0x2c, 0x28, 0xc3, 0x30, 0x2c, 0x20, 0x18,
    0x40, 0x20, 0x00, 0x08, 0x38, 0x38, 0x00, 0x08, 0x30, 0x34, 0x00, 0x08,
    0x30, 0x34, 0x00, 0x0c, 0x48, 0x2c, 0x00, 0x0c, 0x48, 0x2c, 0x00, 0x0c,
    0x40, 0x40, 0x00, 0x0c, 0x50, 0x3c, 0x00, 0x0c, 0x50, 0x3c, 0x00, 0x0c,
    0x48, 0x34, 0x00, 0x10, 0x48, 0x48, 0x00, 0x0c, 0x58, 0x44, 0x00, 0x10,
    0x58, 0x44, 0x00, 0x10, 0x50, 0x3c, 0x00, 0x10, 0x58, 0x4c, 0x00, 0x10,
    0x58, 0x4c, 0x00, 0x10, 0x58, 0x4c, 0x00, 0x10, 0x60, 0x44, 0x00, 0x14,
    0x60, 0x54, 0x00, 0x14, 0x60, 0x50, 0x00, 0x14, 0x68, 0x50, 0x00, 0x14,
    0x68, 0x58, 0x00, 0x14, 0x68, 0x58, 0x00, 0x14, 0x68, 0x58, 0x00, 0x14,
    0x68, 0x54, 0x00, 0x14, 0x70, 0x54, 0x00, 0x14, 0x70, 0x60, 0x00, 0x14,
    0x68, 0x60, 0x00, 0x14, 0x70, 0x5c, 0x00, 0x18, 0x78, 0x5c, 0x00, 0x14,
    0x70, 0x5c, 0x00, 0x14, 0x70, 0x5c, 0x00, 0x18, 0xb8, 0x9c, 0x00, 0x28,
    0xf8, 0xd4, 0x00, 0xff, 0x28, 0x24, 0x20, 0xff, 0x20, 0x20, 0x20, 0xff,
    0x20, 0x20, 0x28, 0xff, 0x20, 0x24, 0x20, 0xff, 0x20, 0x24, 0x20, 0xff,
    0x38, 0x30, 0x20, 0xff, 0xf8, 0xd4, 0x00, 0xff, 0x80, 0x70, 0x00, 0x18,
    0x70, 0x5c, 0x00, 0x14, 0x70, 0x5c, 0x00, 0x14, 0x70, 0x5c, 0x00, 0x18,
    0x68, 0x5c, 0x00, 0x14, 0x70, 0x60, 0x00, 0x14, 0x70, 0x60, 0x00, 0x14,
    0x70, 0x54, 0x00, 0x14, 0x70, 0x54, 0x00, 0x14, 0x68, 0x58, 0x00, 0x14,
    0x68, 0x58, 0x00, 0x14, 0x68, 0x58, 0x00, 0x14, 0x58, 0x50, 0x00, 0x14,
    0x60, 0x50, 0x00, 0x14, 0x60, 0x54, 0x00, 0x14, 0x58, 0x44, 0x00, 0x10,
    0x58, 0x4c, 0x00, 0x10, 0x58, 0x4c, 0x00, 0x10, 0x58, 0x4c, 0x00, 0x10,
    0x50, 0x40, 0x00, 0x10, 0x58, 0x44, 0x00, 0x10, 0x40, 0x44, 0x00, 0x10,
    0x48, 0x48, 0x00, 0x10, 0x48, 0x34, 0x00, 0x0c, 0x50, 0x3c, 0x00, 0x0c,
    0x38, 0x38, 0x00, 0x0c, 0x40, 0x40, 0x00, 0x0c, 0x48, 0x2c, 0x00, 0x0c,
    0xd8, 0xb4, 0x00, 0x34, 0xf0, 0xc8, 0x00, 0x61, 0xc8, 0xa4, 0x00, 0x20,
    0x38, 0x38, 0x00, 0x08, 0x40, 0x20, 0x00, 0x08, 0x20, 0x1c, 0x18, 0x24,
    0x18, 0x18, 0x18, 0xcf, 0x18, 0x1c, 0x18, 0xff, 0x18, 0x18, 0x18, 0xff,
    0x20, 0x18, 0x20, 0xff, 0x18, 0x1c, 0x18, 0xff, 0x18, 0x18, 0x18, 0xff,
    0x18, 0x18, 0x18, 0xff, 0x18, 0x1c, 0x18, 0xff, 0x18, 0x18, 0x18, 0xff,
    0x20, 0x18, 0x20, 0xff, 0x18, 0x18, 0x18, 0xff, 0x18, 0x18, 0x18, 0xff,
    0x18, 0x18, 0x18, 0xff, 0x18, 0x18, 0x18, 0xfb, 0x18, 0x18, 0x18, 0x82,
    0x00, 0x00, 0x00, 0x00, 0x00, 0x00, 0x00, 0x00, 0x00, 0x00, 0x00, 0x00,
    0x00, 0x00, 0x00, 0x00, 0x00, 0x00, 0x00, 0x00, 0x00, 0x00, 0x00, 0x00,
    0x00, 0x00, 0x00, 0x00, 0x00, 0x00, 0x00, 0x00, 0x00, 0x00, 0x00, 0x00,
    0x00, 0x00, 0x00, 0x00, 0x00, 0x00, 0x00, 0x00, 0x00, 0x00, 0x00, 0x00,
    0x00, 0x00, 0x00, 0x00, 0x00, 0x00, 0x00, 0x00, 0x00, 0x00, 0x00, 0x00,
    0x00, 0x00, 0x00, 0x00, 0x00, 0x00, 0x00, 0x00, 0x00, 0x00, 0x00, 0x00,
    0x00, 0x00, 0x00, 0x00, 0x00, 0x00, 0x00, 0x00, 0x00, 0x00, 0x00, 0x00,
    0x00, 0x00, 0x00, 0x00, 0x00, 0x00, 0x00, 0x00, 0x00, 0x00, 0x00, 0x00,
    0x00, 0x00, 0x00, 0x00, 0x00, 0x00, 0x00, 0x00, 0x00, 0x00, 0x00, 0x00,
    0x00, 0x00, 0x00, 0x00, 0x00, 0x00, 0x00, 0x00, 0x00, 0x00, 0x00, 0x00,
    0x00, 0x00, 0x00, 0x00, 0x00, 0x00, 0x00, 0x00, 0x00, 0x00, 0x00, 0x00,
    0x00, 0x00, 0x00, 0x00, 0x28, 0x2c, 0x28, 0x18, 0x30, 0x2c, 0x30, 0xe7,
    0x30, 0x30, 0x30, 0xff, 0x28, 0x2c, 0x30, 0xff, 0x30, 0x2c, 0x30, 0xff,
    0x28, 0x30, 0x30, 0xff, 0x28, 0x2c, 0x28, 0xff, 0x30, 0x2c, 0x30, 0xff,
    0x28, 0x2c, 0x30, 0xff, 0x28, 0x30, 0x28, 0xff, 0x30, 0x2c, 0x30, 0xff,
    0x28, 0x2c, 0x28, 0xff, 0x28, 0x2c, 0x28, 0xff, 0x30, 0x2c, 0x30, 0xff,
    0x30, 0x2c, 0x30, 0xff, 0x28, 0x2c, 0x28, 0xaa, 0x28, 0x28, 0x20, 0x14,
    0x40, 0x20, 0x00, 0x08, 0x38, 0x1c, 0x00, 0x08, 0x30, 0x34, 0x00, 0x08,
    0x30, 0x34, 0x00, 0x08, 0x30, 0x2c, 0x00, 0x0c, 0x40, 0x2c, 0x00, 0x0c,
    0x40, 0x40, 0x00, 0x0c, 0x38, 0x38, 0x00, 0x0c, 0x38, 0x3c, 0x00, 0x0c,
    0x48, 0x34, 0x00, 0x10, 0x48, 0x34, 0x00, 0x0c, 0x40, 0x44, 0x00, 0x10,
    0x58, 0x44, 0x00, 0x10, 0x50, 0x40, 0x00, 0x10, 0x50, 0x50, 0x00, 0x10,
    0x50, 0x3c, 0x00, 0x10, 0x58, 0x4c, 0x00, 0x10, 0x58, 0x48, 0x00, 0x10,
    0x50, 0x44, 0x00, 0x10, 0x60, 0x54, 0x00, 0x14, 0x58, 0x50, 0x00, 0x14,
    0x60, 0x50, 0x00, 0x14, 0x58, 0x50, 0x00, 0x14, 0x68, 0x4c, 0x00, 0x14,
    0x68, 0x58, 0x00, 0x14, 0x68, 0x58, 0x00, 0x14, 0x68, 0x58, 0x00, 0x14,
    0x70, 0x54, 0x00, 0x14, 0x70, 0x54, 0x00, 0x14, 0x70, 0x54, 0x00, 0x14,
    0x70, 0x54, 0x00, 0x14, 0xb0, 0x94, 0x00, 0x28, 0xf8, 0xd4, 0x00, 0xff,
    0x28, 0x24, 0x20, 0xff, 0x20, 0x20, 0x20, 0xff, 0x20, 0x20, 0x20, 0xff,
    0x28, 0x24, 0x20, 0xff, 0x20, 0x20, 0x20, 0xff, 0x30, 0x30, 0x20, 0xff,
    0xf8, 0xd4, 0x00, 0xff, 0x80, 0x6c, 0x00, 0x18, 0x70, 0x60, 0x00, 0x14,
    0x70, 0x60, 0x00, 0x14, 0x70, 0x54, 0x00, 0x14, 0x70, 0x54, 0x00, 0x14,
    0x68, 0x58, 0x00, 0x14, 0x60, 0x58, 0x00, 0x14, 0x68, 0x58, 0x00, 0x14,
    0x68, 0x58, 0x00, 0x14, 0x68, 0x50, 0x00, 0x14, 0x58, 0x50, 0x00, 0x14,
    0x60, 0x50, 0x00, 0x14, 0x60, 0x44, 0x00, 0x14, 0x50, 0x48, 0x00, 0x10,
    0x58, 0x44, 0x00, 0x10, 0x58, 0x4c, 0x00, 0x10, 0x58, 0x4c, 0x00, 0x10,
    0x50, 0x40, 0x00, 0x10, 0x50, 0x3c, 0x00, 0x10, 0x40, 0x44, 0x00, 0x10,
    0x48, 0x44, 0x00, 0x10, 0x48, 0x34, 0x00, 0x10, 0x48, 0x38, 0x00, 0x0c,
    0x50, 0x3c, 0x00, 0x0c, 0x38, 0x38, 0x00, 0x0c, 0x40, 0x2c, 0x00, 0x0c,
    0x48, 0x30, 0x00, 0x0c, 0x30, 0x2c, 0x00, 0x0c, 0xd8, 0xb4, 0x00, 0x34,
    0xc8, 0xa4, 0x00, 0x20, 0x38, 0x38, 0x00, 0x08, 0x20, 0x20, 0x00, 0x08,
    0x18, 0x1c, 0x10, 0x1c, 0x18, 0x18, 0x18, 0xc3, 0x18, 0x1c, 0x18, 0xff,
    0x18, 0x1c, 0x18, 0xff, 0x18, 0x18, 0x18, 0xff, 0x18, 0x1c, 0x20, 0xff,
    0x18, 0x18, 0x18, 0xff, 0x18, 0x18, 0x18, 0xff, 0x18, 0x18, 0x18, 0xff,
    0x18, 0x1c, 0x18, 0xff, 0x18, 0x18, 0x18, 0xff, 0x18, 0x18, 0x18, 0xff,
    0x18, 0x18, 0x18, 0xff, 0x18, 0x18, 0x18, 0xff, 0x18, 0x18, 0x18, 0xff,
    0x18, 0x14, 0x18, 0xd7, 0x20, 0x20, 0x20, 0x10, 0x00, 0x00, 0x00, 0x00,
    0x00, 0x00, 0x00, 0x00, 0x00, 0x00, 0x00, 0x00, 0x00, 0x00, 0x00, 0x00,
    0x00, 0x00, 0x00, 0x00, 0x00, 0x00, 0x00, 0x00, 0x00, 0x00, 0x00, 0x00,
    0x00, 0x00, 0x00, 0x00, 0x00, 0x00, 0x00, 0x00, 0x00, 0x00, 0x00, 0x00,
    0x00, 0x00, 0x00, 0x00, 0x00, 0x00, 0x00, 0x00, 0x00, 0x00, 0x00, 0x00,
    0x00, 0x00, 0x00, 0x00, 0x00, 0x00, 0x00, 0x00, 0x00, 0x00, 0x00, 0x00,
    0x00, 0x00, 0x00, 0x00, 0x00, 0x00, 0x00, 0x00, 0x00, 0x00, 0x00, 0x00,
    0x00, 0x00, 0x00, 0x00, 0x00, 0x00, 0x00, 0x00, 0x00, 0x00, 0x00, 0x00,
    0x00, 0x00, 0x00, 0x00, 0x00, 0x00, 0x00, 0x00, 0x00, 0x00, 0x00, 0x00,
    0x00, 0x00, 0x00, 0x00, 0x00, 0x00, 0x00, 0x00, 0x00, 0x00, 0x00, 0x00,
    0x00, 0x00, 0x00, 0x00, 0x00, 0x00, 0x00, 0x00, 0x00, 0x00, 0x00, 0x00,
    0x00, 0x00, 0x00, 0x00, 0x00, 0x00, 0x00, 0x00, 0x00, 0x00, 0x00, 0x00,
    0x00, 0x00, 0x00, 0x00, 0x30, 0x2c, 0x30, 0x55, 0x30, 0x2c, 0x30, 0xf7,
    0x30, 0x30, 0x28, 0xff, 0x30, 0x30, 0x30, 0xff, 0x30, 0x2c, 0x30, 0xff,
    0x28, 0x2c, 0x28, 0xff, 0x30, 0x2c, 0x30, 0xff, 0x30, 0x2c, 0x30, 0xff,
    0x30, 0x2c, 0x28, 0xff, 0x28, 0x2c, 0x30, 0xff, 0x28, 0x2c, 0x30, 0xff,
    0x30, 0x2c, 0x28, 0xff, 0x30, 0x2c, 0x28, 0xff, 0x28, 0x2c, 0x30, 0xff,
    0x28, 0x2c, 0x28, 0xfb, 0x28, 0x2c, 0x28, 0x8e, 0x28, 0x28, 0x18, 0x0c,
    0x20, 0x20, 0x00, 0x08, 0x38, 0x1c, 0x00, 0x08, 0x38, 0x34, 0x00, 0x0c,
    0x98, 0x80, 0x00, 0x14, 0xe0, 0xb8, 0x00, 0x38, 0x50, 0x38, 0x00, 0x0c,
    0x40, 0x28, 0x00, 0x0c, 0x40, 0x40, 0x00, 0x0c, 0x38, 0x3c, 0x00, 0x0c,
    0x50, 0x3c, 0x00, 0x0c, 0x48, 0x34, 0x00, 0x10, 0x40, 0x44, 0x00, 0x10,
    0x58, 0x44, 0x00, 0x10, 0x58, 0x44, 0x00, 0x10, 0x50, 0x40, 0x00, 0x10,
    0x50, 0x40, 0x00, 0x10, 0x58, 0x4c, 0x00, 0x10, 0x58, 0x4c, 0x00, 0x10,
    0x58, 0x48, 0x00, 0x14, 0x60, 0x54, 0x00, 0x10, 0x60, 0x54, 0x00, 0x10,
    0x60, 0x50, 0x00, 0x14, 0x60, 0x50, 0x00, 0x14, 0x58, 0x50, 0x00, 0x14,
    0x68, 0x50, 0x00, 0x14, 0x68, 0x4c, 0x00, 0x14, 0x68, 0x58, 0x00, 0x14,
    0x60, 0x58, 0x00, 0x14, 0x68, 0x58, 0x00, 0x14, 0x68, 0x58, 0x00, 0x14,
    0xb8, 0x98, 0x00, 0x28, 0xf8, 0xd4, 0x00, 0xff, 0x28, 0x24, 0x28, 0xff,
    0x20, 0x24, 0x20, 0xff, 0x20, 0x24, 0x20, 0xff, 0x20, 0x20, 0x28, 0xff,
    0x20, 0x24, 0x20, 0xff, 0x38, 0x30, 0x20, 0xff, 0xf8, 0xd4, 0x00, 0xff,
    0x88, 0x64, 0x00, 0x18, 0x68, 0x58, 0x00, 0x14, 0x68, 0x58, 0x00, 0x14,
    0x68, 0x58, 0x00, 0x14, 0x68, 0x58, 0x00, 0x14, 0x68, 0x4c, 0x00, 0x14,
    0x58, 0x50, 0x00, 0x14, 0x58, 0x50, 0x00, 0x14, 0x60, 0x50, 0x00, 0x14,
    0x58, 0x50, 0x00, 0x14, 0x60, 0x54, 0x00, 0x14, 0x58, 0x48, 0x00, 0x10,
    0x58, 0x4c, 0x00, 0x10, 0x58, 0x4c, 0x00, 0x10, 0x58, 0x4c, 0x00, 0x10,
    0x60, 0x50, 0x00, 0x10, 0x50, 0x40, 0x00, 0x10, 0x58, 0x44, 0x00, 0x10,
    0x58, 0x44, 0x00, 0x10, 0x48, 0x34, 0x00, 0x10, 0x48, 0x34, 0x00, 0x0c,
    0x50, 0x38, 0x00, 0x0c, 0x50, 0x3c, 0x00, 0x0c, 0x40, 0x40, 0x00, 0x0c,
    0x40, 0x28, 0x00, 0x0c, 0x40, 0x2c, 0x00, 0x0c, 0x30, 0x30, 0x00, 0x0c,
    0x30, 0x34, 0x00, 0x08, 0x30, 0x34, 0x00, 0x0c, 0x38, 0x38, 0x00, 0x08,
    0x40, 0x20, 0x00, 0x08, 0x28, 0x28, 0x10, 0x0c, 0x18, 0x1c, 0x18, 0xaa,
    0x18, 0x18, 0x18, 0xff, 0x20, 0x1c, 0x20, 0xff, 0x18, 0x18, 0x18, 0xff,
    0x20, 0x1c, 0x18, 0xff, 0x18, 0x18, 0x18, 0xff, 0x18, 0x18, 0x18, 0xff,
    0x18, 0x18, 0x18, 0xff, 0x20, 0x18, 0x20, 0xff, 0x18, 0x18, 0x18, 0xff,
    0x18, 0x18, 0x18, 0xff, 0x18, 0x18, 0x18, 0xff, 0x18, 0x18, 0x18, 0xff,
    0x18, 0x18, 0x18, 0xff, 0x18, 0x18, 0x18, 0xf3, 0x18, 0x14, 0x18, 0x3c,
    0x00, 0x00, 0x00, 0x00, 0x00, 0x00, 0x00, 0x00, 0x00, 0x00, 0x00, 0x00,
    0x00, 0x00, 0x00, 0x00, 0x00, 0x00, 0x00, 0x00, 0x00, 0x00, 0x00, 0x00,
    0x00, 0x00, 0x00, 0x00, 0x00, 0x00, 0x00, 0x00, 0x00, 0x00, 0x00, 0x00,
    0x00, 0x00, 0x00, 0x00, 0x00, 0x00, 0x00, 0x00, 0x00, 0x00, 0x00, 0x00,
    0x00, 0x00, 0x00, 0x00, 0x00, 0x00, 0x00, 0x00, 0x00, 0x00, 0x00, 0x00,
    0x00, 0x00, 0x00, 0x00, 0x00, 0x00, 0x00, 0x00, 0x00, 0x00, 0x00, 0x00,
    0x00, 0x00, 0x00, 0x00, 0x00, 0x00, 0x00, 0x00, 0x00, 0x00, 0x00, 0x00,
    0x00, 0x00, 0x00, 0x00, 0x00, 0x00, 0x00, 0x00, 0x00, 0x00, 0x00, 0x00,
    0x00, 0x00, 0x00, 0x00, 0x00, 0x00, 0x00, 0x00, 0x00, 0x00, 0x00, 0x00,
    0x00, 0x00, 0x00, 0x00, 0x00, 0x00, 0x00, 0x00, 0x00, 0x00, 0x00, 0x00,
    0x00, 0x00, 0x00, 0x00, 0x00, 0x00, 0x00, 0x00, 0x00, 0x00, 0x00, 0x00,
    0x00, 0x00, 0x00, 0x00, 0x00, 0x00, 0x00, 0x00, 0x00, 0x00, 0x00, 0x00,
    0x28, 0x2c, 0x28, 0x04, 0x28, 0x2c, 0x30, 0xae, 0x30, 0x30, 0x30, 0xff,
    0x28, 0x2c, 0x28, 0xff, 0x30, 0x2c, 0x30, 0xff, 0x30, 0x2c, 0x28, 0xff,
    0x28, 0x30, 0x30, 0xff, 0x28, 0x2c, 0x28, 0xff, 0x30, 0x2c, 0x28, 0xff,
    0x30, 0x2c, 0x30, 0xff, 0x28, 0x2c, 0x30, 0xff, 0x28, 0x2c, 0x28, 0xff,
    0x28, 0x2c, 0x28, 0xff, 0x28, 0x2c, 0x28, 0xff, 0x30, 0x2c, 0x30, 0xff,
    0x28, 0x28, 0x28, 0xfb, 0x28, 0x28, 0x28, 0x86, 0x28, 0x28, 0x18, 0x0c,
    0x20, 0x20, 0x00, 0x08, 0x38, 0x1c, 0x00, 0x08, 0xc8, 0xa8, 0x00, 0x20,
    0xf0, 0xc8, 0x00, 0x61, 0xe0, 0xc0, 0x00, 0x41, 0x50, 0x50, 0x00, 0x0c,
    0x40, 0x28, 0x00, 0x0c, 0x40, 0x2c, 0x00, 0x0c, 0x38, 0x28, 0x00, 0x0c,
    0x38, 0x38, 0x00, 0x0c, 0x48, 0x34, 0x00, 0x0c, 0x48, 0x38, 0x00, 0x0c,
    0x40, 0x44, 0x00, 0x10, 0x40, 0x44, 0x00, 0x10, 0x50, 0x3c, 0x00, 0x10,
    0x50, 0x40, 0x00, 0x10, 0x50, 0x40, 0x00, 0x10, 0x48, 0x4c, 0x00, 0x10,
    0x58, 0x4c, 0x00, 0x10, 0x58, 0x44, 0x00, 0x14, 0x50, 0x48, 0x00, 0x14,
    0x50, 0x48, 0x00, 0x10, 0x58, 0x48, 0x00, 0x14, 0x58, 0x50, 0x00, 0x14,
    0x60, 0x50, 0x00, 0x14, 0x58, 0x50, 0x00, 0x14, 0x58, 0x50, 0x00, 0x14,
    0x58, 0x4c, 0x00, 0x14, 0x58, 0x4c, 0x00, 0x14, 0xb8, 0x98, 0x00, 0x28,
    0xf8, 0xd4, 0x00, 0xff, 0x28, 0x24, 0x20, 0xff, 0x20, 0x24, 0x20, 0xff,
    0x20, 0x20, 0x28, 0xff, 0x28, 0x24, 0x20, 0xff, 0x20, 0x24, 0x20, 0xff,
    0x38, 0x30, 0x20, 0xff, 0xf8, 0xd4, 0x00, 0xff, 0x80, 0x68, 0x00, 0x18,
    0x58, 0x4c, 0x00, 0x14, 0x58, 0x4c, 0x00, 0x14, 0x58, 0x50, 0x00, 0x14,
    0x58, 0x50, 0x00, 0x14, 0x60, 0x50, 0x00, 0x14, 0x60, 0x50, 0x00, 0x14,
    0x60, 0x48, 0x00, 0x14, 0x58, 0x48, 0x00, 0x10, 0x50, 0x44, 0x00, 0x10,
    0x58, 0x44, 0x00, 0x14, 0x58, 0x4c, 0x00, 0x10, 0x48, 0x3c, 0x00, 0x10,
    0x50, 0x40, 0x00, 0x10, 0x50, 0x40, 0x00, 0x10, 0x50, 0x3c, 0x00, 0x10,
    0x48, 0x44, 0x00, 0x10, 0x40, 0x34, 0x00, 0x10, 0x48, 0x34, 0x00, 0x10,
    0x48, 0x38, 0x00, 0x0c, 0x38, 0x3c, 0x00, 0x0c, 0x38, 0x38, 0x00, 0x0c,
    0x40, 0x28, 0x00, 0x0c, 0x40, 0x2c, 0x00, 0x0c, 0x30, 0x2c, 0x00, 0x0c,
    0x30, 0x34, 0x00, 0x0c, 0x30, 0x34, 0x00, 0x08, 0x38, 0x1c, 0x00, 0x08,
    0x38, 0x1c, 0x00, 0x08, 0x20, 0x20, 0x00, 0x08, 0x28, 0x28, 0x10, 0x0c,
    0x18, 0x18, 0x18, 0x96, 0x18, 0x18, 0x18, 0xff, 0x18, 0x1c, 0x20, 0xff,
    0x18, 0x18, 0x18, 0xff, 0x18, 0x18, 0x18, 0xff, 0x18, 0x18, 0x18, 0xff,
    0x18, 0x18, 0x18, 0xff, 0x18, 0x18, 0x18, 0xff, 0x18, 0x18, 0x18, 0xff,
    0x18, 0x18, 0x18, 0xff, 0x18, 0x18, 0x18, 0xff, 0x18, 0x18, 0x18, 0xff,
    0x18, 0x18, 0x18, 0xff, 0x18, 0x18, 0x18, 0xff, 0x18, 0x18, 0x18, 0xff,
    0x18, 0x14, 0x18, 0x8e, 0x00, 0x00, 0x00, 0x04, 0x00, 0x00, 0x00, 0x00,
    0x00, 0x00, 0x00, 0x00, 0x00, 0x00, 0x00, 0x00, 0x00, 0x00, 0x00, 0x00,
    0x00, 0x00, 0x00, 0x00, 0x00, 0x00, 0x00, 0x00, 0x00, 0x00, 0x00, 0x00,
    0x00, 0x00, 0x00, 0x00, 0x00, 0x00, 0x00, 0x00, 0x00, 0x00, 0x00, 0x00,
    0x00, 0x00, 0x00, 0x00, 0x00, 0x00, 0x00, 0x00, 0x00, 0x00, 0x00, 0x00,
    0x00, 0x00, 0x00, 0x00, 0x00, 0x00, 0x00, 0x00, 0x00, 0x00, 0x00, 0x00,
    0x00, 0x00, 0x00, 0x00, 0x00, 0x00, 0x00, 0x00, 0x00, 0x00, 0x00, 0x00,
    0x00, 0x00, 0x00, 0x00, 0x00, 0x00, 0x00, 0x00, 0x00, 0x00, 0x00, 0x00,
    0x00, 0x00, 0x00, 0x00, 0x00, 0x00, 0x00, 0x00, 0x00, 0x00, 0x00, 0x00,
    0x00, 0x00, 0x00, 0x00, 0x00, 0x00, 0x00, 0x00, 0x00, 0x00, 0x00, 0x00,
    0x00, 0x00, 0x00, 0x00, 0x00, 0x00, 0x00, 0x00, 0x00, 0x00, 0x00, 0x00,
    0x00, 0x00, 0x00, 0x00, 0x00, 0x00, 0x00, 0x00, 0x00, 0x00, 0x00, 0x00,
    0x00, 0x00, 0x00, 0x00, 0x00, 0x00, 0x00, 0x00, 0x00, 0x00, 0x00, 0x00,
    0x28, 0x2c, 0x28, 0x18, 0x30, 0x2c, 0x30, 0xcf, 0x30, 0x2c, 0x30, 0xff,
    0x28, 0x2c, 0x28, 0xff, 0x28, 0x2c, 0x30, 0xff, 0x30, 0x2c, 0x30, 0xff,
    0x28, 0x2c, 0x28, 0xff, 0x30, 0x2c, 0x30, 0xff, 0x30, 0x2c, 0x28, 0xff,
    0x28, 0x2c, 0x28, 0xff, 0x30, 0x2c, 0x30, 0xff, 0x28, 0x2c, 0x28, 0xff,
    0x30, 0x2c, 0x30, 0xff, 0x30, 0x2c, 0x28, 0xff, 0x28, 0x28, 0x28, 0xff,
    0x28, 0x2c, 0x28, 0xfb, 0x28, 0x28, 0x28, 0x9a, 0x28, 0x28, 0x20, 0x14,
    0x20, 0x20, 0x00, 0x08, 0x18, 0x1c, 0x00, 0x08, 0xb8, 0x98, 0x00, 0x18,
    0xd8, 0xb8, 0x00, 0x2c, 0x30, 0x2c, 0x00, 0x0c, 0x30, 0x30, 0x00, 0x0c,
    0x28, 0x28, 0x00, 0x0c, 0x40, 0x28, 0x00, 0x0c, 0x40, 0x2c, 0x00, 0x0c,
    0x38, 0x3c, 0x00, 0x0c, 0x48, 0x34, 0x00, 0x10, 0x48, 0x34, 0x00, 0x0c,
    0x48, 0x34, 0x00, 0x10, 0x48, 0x34, 0x00, 0x10, 0x48, 0x34, 0x00, 0x10,
    0x50, 0x3c, 0x00, 0x10, 0x50, 0x40, 0x00, 0x10, 0x50, 0x40, 0x00, 0x10,
    0x58, 0x4c, 0x00, 0x10, 0x48, 0x4c, 0x00, 0x10, 0x58, 0x4c, 0x00, 0x10,
    0x58, 0x44, 0x00, 0x10, 0x58, 0x44, 0x00, 0x10, 0x50, 0x48, 0x00, 0x14,
    0x58, 0x48, 0x00, 0x10, 0x60, 0x54, 0x00, 0x14, 0x60, 0x50, 0x00, 0x14,
    0x60, 0x50, 0x00, 0x14, 0xb8, 0x9c, 0x00, 0x28, 0xf8, 0xd4, 0x00, 0xff,
    0x28, 0x24, 0x20, 0xff, 0x20, 0x20, 0x20, 0xff, 0x20, 0x20, 0x20, 0xff,
    0x20, 0x20, 0x20, 0xff, 0x20, 0x24, 0x28, 0xff, 0x38, 0x30, 0x20, 0xff,
    0xf8, 0xd4, 0x00, 0xff, 0x70, 0x5c, 0x00, 0x14, 0x60, 0x50, 0x00, 0x14,
    0x58, 0x50, 0x00, 0x14, 0x60, 0x48, 0x00, 0x14, 0x58, 0x48, 0x00, 0x10,
    0x50, 0x44, 0x00, 0x14, 0x50, 0x48, 0x00, 0x10, 0x58, 0x44, 0x00, 0x10,
    0x58, 0x4c, 0x00, 0x10, 0x58, 0x4c, 0x00, 0x10, 0x48, 0x3c, 0x00, 0x10,
    0x50, 0x40, 0x00, 0x10, 0x50, 0x40, 0x00, 0x10, 0x50, 0x3c, 0x00, 0x10,
    0x58, 0x44, 0x00, 0x10, 0x40, 0x44, 0x00, 0x10, 0x48, 0x34, 0x00, 0x10,
    0x48, 0x34, 0x00, 0x0c, 0x38, 0x38, 0x00, 0x10, 0x38, 0x28, 0x00, 0x0c,
    0x40, 0x40, 0x00, 0x0c, 0x40, 0x28, 0x00, 0x0c, 0x50, 0x40, 0x00, 0x0c,
    0xb0, 0x94, 0x00, 0x1c, 0xe8, 0xc4, 0x00, 0x4d, 0x88, 0x64, 0x00, 0x10,
    0x20, 0x1c, 0x00, 0x08, 0x38, 0x1c, 0x00, 0x08, 0x20, 0x20, 0x00, 0x08,
    0x20, 0x1c, 0x10, 0x1c, 0x18, 0x1c, 0x18, 0xaa, 0x18, 0x18, 0x20, 0xff,
    0x20, 0x18, 0x18, 0xff, 0x18, 0x18, 0x18, 0xff, 0x18, 0x18, 0x18, 0xff,
    0x18, 0x18, 0x18, 0xff, 0x18, 0x1c, 0x18, 0xff, 0x18, 0x18, 0x18, 0xff,
    0x18, 0x18, 0x18, 0xff, 0x18, 0x18, 0x18, 0xff, 0x18, 0x18, 0x18, 0xff,
    0x18, 0x18, 0x18, 0xff, 0x18, 0x18, 0x18, 0xff, 0x18, 0x18, 0x18, 0xff,
    0x18, 0x18, 0x18, 0xff, 0x18, 0x14, 0x18, 0xbe, 0x18, 0x1c, 0x18, 0x08,
    0x00, 0x00, 0x00, 0x00, 0x00, 0x00, 0x00, 0x00, 0x00, 0x00, 0x00, 0x00,
    0x00, 0x00, 0x00, 0x00, 0x00, 0x00, 0x00, 0x00, 0x00, 0x00, 0x00, 0x00,
    0x00, 0x00, 0x00, 0x00, 0x00, 0x00, 0x00, 0x00, 0x00, 0x00, 0x00, 0x00,
    0x00, 0x00, 0x00, 0x00, 0x00, 0x00, 0x00, 0x00, 0x00, 0x00, 0x00, 0x00,
    0x00, 0x00, 0x00, 0x00, 0x00, 0x00, 0x00, 0x00, 0x00, 0x00, 0x00, 0x00,
    0x00, 0x00, 0x00, 0x00, 0x00, 0x00, 0x00, 0x00, 0x00, 0x00, 0x00, 0x00,
    0x00, 0x00, 0x00, 0x00, 0x00, 0x00, 0x00, 0x00, 0x00, 0x00, 0x00, 0x00,
    0x00, 0x00, 0x00, 0x00, 0x00, 0x00, 0x00, 0x00, 0x00, 0x00, 0x00, 0x00,
    0x00, 0x00, 0x00, 0x00, 0x00, 0x00, 0x00, 0x00, 0x00, 0x00, 0x00, 0x00,
    0x00, 0x00, 0x00, 0x00, 0x00, 0x00, 0x00, 0x00, 0x00, 0x00, 0x00, 0x00,
    0x00, 0x00, 0x00, 0x00, 0x00, 0x00, 0x00, 0x00, 0x00, 0x00, 0x00, 0x00,
    0x00, 0x00, 0x00, 0x00, 0x00, 0x00, 0x00, 0x00, 0x00, 0x00, 0x00, 0x00,
    0x00, 0x00, 0x00, 0x00, 0x00, 0x00, 0x00, 0x00, 0x00, 0x00, 0x00, 0x00,
    0x30, 0x30, 0x30, 0x34, 0x30, 0x2c, 0x28, 0xf7, 0x28, 0x2c, 0x28, 0xff,
    0x30, 0x2c, 0x30, 0xff, 0x30, 0x2c, 0x28, 0xff, 0x28, 0x2c, 0x30, 0xff,
    0x28, 0x2c, 0x30, 0xff, 0x28, 0x2c, 0x28, 0xff, 0x28, 0x2c, 0x28, 0xff,
    0x30, 0x2c, 0x28, 0xff, 0x28, 0x2c, 0x30, 0xff, 0x28, 0x2c, 0x28, 0xff,
    0x28, 0x28, 0x28, 0xff, 0x28, 0x28, 0x28, 0xff, 0x30, 0x2c, 0x28, 0xff,
    0x28, 0x28, 0x28, 0xfb, 0x28, 0x28, 0x28, 0xaa, 0x28, 0x1c, 0x20, 0x18,
    0x20, 0x20, 0x00, 0x08, 0x20, 0x1c, 0x00, 0x08, 0x18, 0x1c, 0x00, 0x08,
    0x30, 0x18, 0x00, 0x0c, 0x30, 0x34, 0x00, 0x0c, 0x30, 0x30, 0x00, 0x0c,
    0x30, 0x2c, 0x00, 0x0c, 0x28, 0x2c, 0x00, 0x0c, 0x40, 0x28, 0x00, 0x0c,
    0x38, 0x28, 0x00, 0x0c, 0x38, 0x3c, 0x00, 0x0c, 0x38, 0x38, 0x00, 0x0c,
    0x48, 0x38, 0x00, 0x10, 0x48, 0x34, 0x00, 0x0c, 0x40, 0x34, 0x00, 0x10,
    0x48, 0x44, 0x00, 0x10, 0x48, 0x44, 0x00, 0x10, 0x50, 0x3c, 0x00, 0x10,
    0x50, 0x40, 0x00, 0x10, 0x50, 0x40, 0x00, 0x10, 0x48, 0x3c, 0x00, 0x10,
    0x48, 0x3c, 0x00, 0x10, 0x58, 0x4c, 0x00, 0x10, 0x58, 0x4c, 0x00, 0x10,
    0x58, 0x4c, 0x00, 0x10, 0x58, 0x44, 0x00, 0x10, 0x50, 0x48, 0x00, 0x14,
    0xb8, 0x94, 0x00, 0x24, 0xf8, 0xd4, 0x00, 0xff, 0x28, 0x24, 0x28, 0xff,
    0x20, 0x24, 0x20, 0xff, 0x20, 0x24, 0x20, 0xff, 0x20, 0x20, 0x28, 0xff,
    0x20, 0x20, 0x20, 0xff, 0x38, 0x30, 0x20, 0xff, 0xf8, 0xd4, 0x00, 0xff,
    0x68, 0x60, 0x00, 0x14, 0x58, 0x48, 0x00, 0x14, 0x58, 0x44, 0x00, 0x10,
    0x58, 0x4c, 0x00, 0x10, 0x58, 0x4c, 0x00, 0x10, 0x48, 0x3c, 0x00, 0x10,
    0x48, 0x3c, 0x00, 0x10, 0x50, 0x3c, 0x00, 0x10, 0x50, 0x40, 0x00, 0x10,
    0x50, 0x40, 0x00, 0x10, 0x50, 0x40, 0x00, 0x10, 0x48, 0x34, 0x00, 0x10,
    0x48, 0x34, 0x00, 0x10, 0x40, 0x34, 0x00, 0x10, 0x48, 0x34, 0x00, 0x10,
    0x48, 0x38, 0x00, 0x10, 0x38, 0x38, 0x00, 0x0c, 0x38, 0x3c, 0x00, 0x0c,
    0x38, 0x28, 0x00, 0x0c, 0x40, 0x28, 0x00, 0x0c, 0x40, 0x28, 0x00, 0x0c,
    0x30, 0x30, 0x00, 0x0c, 0xa0, 0x84, 0x00, 0x14, 0xf0, 0xc8, 0x00, 0x5d,
    0xe8, 0xc0, 0x00, 0x45, 0x60, 0x50, 0x00, 0x0c, 0x20, 0x1c, 0x00, 0x08,
    0x20, 0x20, 0x00, 0x08, 0x20, 0x1c, 0x18, 0x24, 0x18, 0x18, 0x18, 0xc3,
    0x18, 0x18, 0x18, 0xfb, 0x18, 0x1c, 0x18, 0xff, 0x18, 0x18, 0x18, 0xff,
    0x18, 0x18, 0x18, 0xff, 0x18, 0x1c, 0x18, 0xff, 0x20, 0x18, 0x18, 0xff,
    0x18, 0x18, 0x18, 0xff, 0x18, 0x18, 0x18, 0xff, 0x18, 0x18, 0x18, 0xff,
    0x18, 0x18, 0x18, 0xff, 0x18, 0x18, 0x18, 0xff, 0x18, 0x18, 0x18, 0xff,
    0x18, 0x18, 0x18, 0xff, 0x18, 0x18, 0x18, 0xff, 0x18, 0x14, 0x18, 0xf3,
    0x18, 0x18, 0x18, 0x2c, 0x00, 0x00, 0x00, 0x00, 0x00, 0x00, 0x00, 0x00,
    0x00, 0x00, 0x00, 0x00, 0x00, 0x00, 0x00, 0x00, 0x00, 0x00, 0x00, 0x00,
    0x00, 0x00, 0x00, 0x00, 0x00, 0x00, 0x00, 0x00, 0x00, 0x00, 0x00, 0x00,
    0x00, 0x00, 0x00, 0x00, 0x00, 0x00, 0x00, 0x00, 0x00, 0x00, 0x00, 0x00,
    0x00, 0x00, 0x00, 0x00, 0x00, 0x00, 0x00, 0x00, 0x00, 0x00, 0x00, 0x00,
    0x00, 0x00, 0x00, 0x00, 0x00, 0x00, 0x00, 0x00, 0x00, 0x00, 0x00, 0x00,
    0x00, 0x00, 0x00, 0x00, 0x00, 0x00, 0x00, 0x00, 0x00, 0x00, 0x00, 0x00,
    0x00, 0x00, 0x00, 0x00, 0x00, 0x00, 0x00, 0x00, 0x00, 0x00, 0x00, 0x00,
    0x00, 0x00, 0x00, 0x00, 0x00, 0x00, 0x00, 0x00, 0x00, 0x00, 0x00, 0x00,
    0x00, 0x00, 0x00, 0x00, 0x00, 0x00, 0x00, 0x00, 0x00, 0x00, 0x00, 0x00,
    0x00, 0x00, 0x00, 0x00, 0x00, 0x00, 0x00, 0x00, 0x00, 0x00, 0x00, 0x00,
    0x00, 0x00, 0x00, 0x00, 0x00, 0x00, 0x00, 0x00, 0x00, 0x00, 0x00, 0x00,
    0x00, 0x00, 0x00, 0x00, 0x00, 0x00, 0x00, 0x00, 0x00, 0x00, 0x00, 0x00,
    0x00, 0x00, 0x00, 0x00, 0x00, 0x00, 0x00, 0x00, 0x00, 0x00, 0x00, 0x00,
    0x30, 0x2c, 0x30, 0x65, 0x28, 0x2c, 0x28, 0xfb, 0x30, 0x2c, 0x30, 0xff,
    0x28, 0x2c, 0x28, 0xff, 0x30, 0x2c, 0x28, 0xff, 0x28, 0x2c, 0x28, 0xff,
    0x28, 0x2c, 0x30, 0xff, 0x30, 0x2c, 0x28, 0xff, 0x28, 0x2c, 0x30, 0xff,
    0x28, 0x28, 0x28, 0xff, 0x28, 0x28, 0x28, 0xff, 0x28, 0x2c, 0x30, 0xff,
    0x30, 0x2c, 0x28, 0xff, 0x28, 0x28, 0x28, 0xff, 0x28, 0x28, 0x28, 0xff,
    0x28, 0x28, 0x28, 0xff, 0x28, 0x28, 0x28, 0xbe, 0x28, 0x28, 0x20, 0x24,
    0x20, 0x20, 0x00, 0x08, 0x20, 0x1c, 0x00, 0x08, 0x38, 0x1c, 0x00, 0x08,
    0x30, 0x18, 0x00, 0x08, 0x30, 0x34, 0x00, 0x08, 0xc0, 0xa0, 0x00, 0x20,
    0xa0, 0x84, 0x00, 0x14, 0x28, 0x28, 0x00, 0x0c, 0x40, 0x2c, 0x00, 0x0c,
    0x40, 0x2c, 0x00, 0x0c, 0x38, 0x38, 0x00, 0x0c, 0x38, 0x38, 0x00, 0x0c,
    0x38, 0x3c, 0x00, 0x0c, 0x48, 0x34, 0x00, 0x10, 0x48, 0x34, 0x00, 0x0c,
    0x40, 0x34, 0x00, 0x10, 0x48, 0x44, 0x00, 0x10, 0x48, 0x44, 0x00, 0x10,
    0x50, 0x40, 0x00, 0x10, 0x50, 0x40, 0x00, 0x10, 0x50, 0x40, 0x00, 0x10,
    0x50, 0x3c, 0x00, 0x10, 0x50, 0x40, 0x00, 0x10, 0x50, 0x40, 0x00, 0x10,
    0x48, 0x3c, 0x00, 0x10, 0x58, 0x4c, 0x00, 0x10, 0xb0, 0x98, 0x00, 0x24,
    0xf8, 0xd4, 0x00, 0xff, 0x28, 0x24, 0x20, 0xff, 0x20, 0x20, 0x20, 0xff,
    0x20, 0x24, 0x28, 0xff, 0x28, 0x24, 0x20, 0xff, 0x20, 0x24, 0x20, 0xff,
    0x38, 0x30, 0x20, 0xff, 0xf8, 0xd4, 0x00, 0xff, 0x70, 0x58, 0x00, 0x14,
    0x48, 0x3c, 0x00, 0x10, 0x48, 0x3c, 0x00, 0x10, 0x50, 0x40, 0x00, 0x10,
    0x50, 0x40, 0x00, 0x10, 0x50, 0x40, 0x00, 0x10, 0x50, 0x40, 0x00, 0x10,
    0x50, 0x40, 0x00, 0x10, 0x58, 0x44, 0x00, 0x10, 0x40, 0x44, 0x00, 0x10,
    0x48, 0x30, 0x00, 0x10, 0x48, 0x34, 0x00, 0x10, 0x48, 0x34, 0x00, 0x0c,
    0x48, 0x34, 0x00, 0x0c, 0x50, 0x3c, 0x00, 0x0c, 0x38, 0x38, 0x00, 0x0c,
    0x38, 0x3c, 0x00, 0x0c, 0x40, 0x28, 0x00, 0x0c, 0x40, 0x28, 0x00, 0x0c,
    0x40, 0x2c, 0x00, 0x0c, 0x30, 0x30, 0x00, 0x0c, 0x30, 0x34, 0x00, 0x0c,
    0x50, 0x40, 0x00, 0x0c, 0xc0, 0xa0, 0x00, 0x1c, 0x20, 0x1c, 0x00, 0x08,
    0x20, 0x20, 0x00, 0x08, 0x20, 0x20, 0x00, 0x08, 0x18, 0x1c, 0x18, 0x30,
    0x18, 0x18, 0x18, 0xcf, 0x18, 0x18, 0x18, 0xff, 0x18, 0x1c, 0x20, 0xff,
    0x18, 0x18, 0x18, 0xff, 0x18, 0x18, 0x18, 0xff, 0x18, 0x1c, 0x18, 0xff,
    0x18, 0x18, 0x20, 0xff, 0x18, 0x18, 0x18, 0xff, 0x18, 0x18, 0x18, 0xff,
    0x18, 0x18, 0x18, 0xff, 0x18, 0x18, 0x18, 0xff, 0x18, 0x18, 0x18, 0xff,
    0x18, 0x18, 0x18, 0xff, 0x18, 0x18, 0x18, 0xff, 0x18, 0x18, 0x18, 0xff,
    0x18, 0x14, 0x18, 0xf3, 0x18, 0x18, 0x18, 0x55, 0x00, 0x00, 0x00, 0x00,
    0x00, 0x00, 0x00, 0x00, 0x00, 0x00, 0x00, 0x00, 0x00, 0x00, 0x00, 0x00,
    0x00, 0x00, 0x00, 0x00, 0x00, 0x00, 0x00, 0x00, 0x00, 0x00, 0x00, 0x00,
    0x00, 0x00, 0x00, 0x00, 0x00, 0x00, 0x00, 0x00, 0x00, 0x00, 0x00, 0x00,
    0x00, 0x00, 0x00, 0x00, 0x00, 0x00, 0x00, 0x00, 0x00, 0x00, 0x00, 0x00,
    0x00, 0x00, 0x00, 0x00, 0x00, 0x00, 0x00, 0x00, 0x00, 0x00, 0x00, 0x00,
    0x00, 0x00, 0x00, 0x00, 0x00, 0x00, 0x00, 0x00, 0x00, 0x00, 0x00, 0x00,
    0x00, 0x00, 0x00, 0x00, 0x00, 0x00, 0x00, 0x00, 0x00, 0x00, 0x00, 0x00,
    0x00, 0x00, 0x00, 0x00, 0x00, 0x00, 0x00, 0x00, 0x00, 0x00, 0x00, 0x00,
    0x00, 0x00, 0x00, 0x00, 0x00, 0x00, 0x00, 0x00, 0x00, 0x00, 0x00, 0x00,
    0x00, 0x00, 0x00, 0x00, 0x00, 0x00, 0x00, 0x00, 0x00, 0x00, 0x00, 0x00,
    0x00, 0x00, 0x00, 0x00, 0x00, 0x00, 0x00, 0x00, 0x00, 0x00, 0x00, 0x00,
    0x00, 0x00, 0x00, 0x00, 0x00, 0x00, 0x00, 0x00, 0x00, 0x00, 0x00, 0x00,
    0x00, 0x00, 0x00, 0x00, 0x00, 0x00, 0x00, 0x00, 0x00, 0x00, 0x00, 0x00,
    0x00, 0x00, 0x00, 0x00, 0x00, 0x00, 0x00, 0x00, 0x00, 0x00, 0x00, 0x00,
    0x28, 0x2c, 0x30, 0x8e, 0x28, 0x2c, 0x28, 0xfb, 0x30, 0x2c, 0x30, 0xff,
    0x30, 0x2c, 0x30, 0xff, 0x30, 0x2c, 0x28, 0xff, 0x30, 0x2c, 0x30, 0xff,
    0x28, 0x2c, 0x28, 0xff, 0x30, 0x2c, 0x28, 0xff, 0x30, 0x2c, 0x30, 0xff,
    0x28, 0x28, 0x28, 0xff, 0x28, 0x28, 0x28, 0xff, 0x28, 0x2c, 0x30, 0xff,
    0x28, 0x2c, 0x28, 0xff, 0x30, 0x2c, 0x28, 0xff, 0x28, 0x28, 0x28, 0xff,
    0x28, 0x28, 0x28, 0xff, 0x28, 0x28, 0x28, 0xdb, 0x28, 0x28, 0x28, 0x3c,
    0x30, 0x18, 0x00, 0x0c, 0x40, 0x20, 0x00, 0x08, 0x38, 0x1c, 0x00, 0x08,
    0x60, 0x44, 0x00, 0x0c, 0xe8, 0xc0, 0x00, 0x4d, 0xf0, 0xc8, 0x00, 0x61,
    0xd0, 0xac, 0x00, 0x28, 0x48, 0x2c, 0x00, 0x0c, 0x40, 0x2c, 0x00, 0x0c,
    0x40, 0x40, 0x00, 0x0c, 0x38, 0x38, 0x00, 0x0c, 0x38, 0x3c, 0x00, 0x0c,
    0x50, 0x38, 0x00, 0x0c, 0x48, 0x38, 0x00, 0x10, 0x48, 0x34, 0x00, 0x0c,
    0x48, 0x34, 0x00, 0x0c, 0x40, 0x44, 0x00, 0x10, 0x58, 0x44, 0x00, 0x10,
    0x58, 0x44, 0x00, 0x10, 0x58, 0x44, 0x00, 0x10, 0x50, 0x40, 0x00, 0x10,
    0x50, 0x40, 0x00, 0x10, 0x50, 0x3c, 0x00, 0x10, 0x50, 0x40, 0x00, 0x10,
    0x50, 0x50, 0x00, 0x10, 0xb8, 0x94, 0x00, 0x24, 0xf8, 0xd4, 0x00, 0xff,
    0x28, 0x24, 0x20, 0xff, 0x20, 0x20, 0x20, 0xff, 0x20, 0x20, 0x20, 0xff,
    0x20, 0x24, 0x20, 0xff, 0x20, 0x20, 0x20, 0xff, 0x38, 0x30, 0x20, 0xff,
    0xf8, 0xd4, 0x00, 0xff, 0x68, 0x5c, 0x00, 0x14, 0x50, 0x40, 0x00, 0x10,
    0x50, 0x40, 0x00, 0x10, 0x50, 0x40, 0x00, 0x10, 0x50, 0x3c, 0x00, 0x10,
    0x50, 0x40, 0x00, 0x10, 0x58, 0x44, 0x00, 0x10, 0x58, 0x44, 0x00, 0x10,
    0x50, 0x44, 0x00, 0x10, 0x40, 0x44, 0x00, 0x10, 0x48, 0x48, 0x00, 0x10,
    0x48, 0x34, 0x00, 0x0c, 0x48, 0x38, 0x00, 0x10, 0x50, 0x3c, 0x00, 0x0c,
    0x38, 0x38, 0x00, 0x0c, 0x38, 0x3c, 0x00, 0x0c, 0x40, 0x40, 0x00, 0x0c,
    0x40, 0x28, 0x00, 0x0c, 0x70, 0x5c, 0x00, 0x10, 0x40, 0x40, 0x00, 0x0c,
    0x30, 0x34, 0x00, 0x08, 0x30, 0x34, 0x00, 0x0c, 0x38, 0x38, 0x00, 0x08,
    0x38, 0x38, 0x00, 0x08, 0x40, 0x20, 0x00, 0x08, 0x28, 0x14, 0x00, 0x0c,
    0x18, 0x18, 0x18, 0x4d, 0x18, 0x18, 0x18, 0xe3, 0x18, 0x1c, 0x18, 0xff,
    0x18, 0x1c, 0x18, 0xff, 0x20, 0x1c, 0x20, 0xff, 0x20, 0x18, 0x18, 0xff,
    0x18, 0x18, 0x18, 0xff, 0x18, 0x18, 0x18, 0xff, 0x18, 0x18, 0x18, 0xff,
    0x18, 0x1c, 0x18, 0xff, 0x18, 0x18, 0x18, 0xff, 0x18, 0x18, 0x18, 0xff,
    0x18, 0x18, 0x18, 0xff, 0x18, 0x18, 0x18, 0xff, 0x18, 0x18, 0x18, 0xff,
    0x18, 0x18, 0x18, 0xff, 0x18, 0x14, 0x18, 0xf7, 0x18, 0x18, 0x18, 0x71,
    0x00, 0x00, 0x00, 0x00, 0x00, 0x00, 0x00, 0x00, 0x00, 0x00, 0x00, 0x00,
    0x00, 0x00, 0x00, 0x00, 0x00, 0x00, 0x00, 0x00, 0x00, 0x00, 0x00, 0x00,
    0x00, 0x00, 0x00, 0x00, 0x00, 0x00, 0x00, 0x00, 0x00, 0x00, 0x00, 0x00,
    0x00, 0x00, 0x00, 0x00, 0x00, 0x00, 0x00, 0x00, 0x00, 0x00, 0x00, 0x00,
    0x00, 0x00, 0x00, 0x00, 0x00, 0x00, 0x00, 0x00, 0x00, 0x00, 0x00, 0x00,
    0x00, 0x00, 0x00, 0x00, 0x00, 0x00, 0x00, 0x00, 0x00, 0x00, 0x00, 0x00,
    0x00, 0x00, 0x00, 0x00, 0x00, 0x00, 0x00, 0x00, 0x00, 0x00, 0x00, 0x00,
    0x00, 0x00, 0x00, 0x00, 0x00, 0x00, 0x00, 0x00, 0x00, 0x00, 0x00, 0x00,
    0x00, 0x00, 0x00, 0x00, 0x00, 0x00, 0x00, 0x00, 0x00, 0x00, 0x00, 0x00,
    0x00, 0x00, 0x00, 0x00, 0x00, 0x00, 0x00, 0x00, 0x00, 0x00, 0x00, 0x00,
    0x00, 0x00, 0x00, 0x00, 0x00, 0x00, 0x00, 0x00, 0x00, 0x00, 0x00, 0x00,
    0x00, 0x00, 0x00, 0x00, 0x00, 0x00, 0x00, 0x00, 0x00, 0x00, 0x00, 0x00,
    0x00, 0x00, 0x00, 0x00, 0x00, 0x00, 0x00, 0x00, 0x00, 0x00, 0x00, 0x00,
    0x00, 0x00, 0x00, 0x00, 0x00, 0x00, 0x00, 0x00, 0x00, 0x00, 0x00, 0x00,
    0x00, 0x00, 0x00, 0x00, 0x00, 0x00, 0x00, 0x00, 0x28, 0x28, 0x28, 0x0c,
    0x30, 0x2c, 0x28, 0xb2, 0x28, 0x2c, 0x30, 0xff, 0x28, 0x2c, 0x28, 0xff,
    0x28, 0x2c, 0x28, 0xff, 0x28, 0x2c, 0x28, 0xff, 0x28, 0x28, 0x30, 0xff,
    0x28, 0x2c, 0x28, 0xff, 0x28, 0x28, 0x28, 0xff, 0x30, 0x2c, 0x28, 0xff,
    0x28, 0x28, 0x28, 0xff, 0x28, 0x28, 0x30, 0xff, 0x30, 0x2c, 0x28, 0xff,
    0x28, 0x28, 0x28, 0xff, 0x28, 0x28, 0x28, 0xff, 0x28, 0x28, 0x28, 0xff,
    0x28, 0x28, 0x28, 0xff, 0x28, 0x28, 0x28, 0xf3, 0x28, 0x28, 0x28, 0x79,
    0x28, 0x28, 0x20, 0x14, 0x20, 0x20, 0x00, 0x08, 0x38, 0x1c, 0x00, 0x08,
    0x78, 0x50, 0x00, 0x0c, 0xd8, 0xb8, 0x00, 0x2c, 0xc8, 0xac, 0x00, 0x24,
    0x30, 0x34, 0x00, 0x08, 0x48, 0x2c, 0x00, 0x0c, 0x48, 0x30, 0x00, 0x0c,
    0x40, 0x2c, 0x00, 0x0c, 0x40, 0x28, 0x00, 0x0c, 0x40, 0x40, 0x00, 0x0c,
    0x38, 0x3c, 0x00, 0x0c, 0x50, 0x38, 0x00, 0x0c, 0x50, 0x3c, 0x00, 0x0c,
    0x48, 0x34, 0x00, 0x10, 0x48, 0x34, 0x00, 0x0c, 0x48, 0x34, 0x00, 0x10,
    0x48, 0x48, 0x00, 0x10, 0x40, 0x44, 0x00, 0x10, 0x58, 0x44, 0x00, 0x10,
    0x58, 0x44, 0x00, 0x10, 0x58, 0x44, 0x00, 0x10, 0x58, 0x44, 0x00, 0x10,
    0xc0, 0x98, 0x00, 0x24, 0xf8, 0xd4, 0x00, 0xff, 0x28, 0x24, 0x28, 0xff,
    0x20, 0x20, 0x20, 0xff, 0x20, 0x24, 0x20, 0xff, 0x20, 0x20, 0x28, 0xff,
    0x20, 0x24, 0x20, 0xff, 0x38, 0x30, 0x20, 0xff, 0xf8, 0xd4, 0x00, 0xff,
    0x70, 0x54, 0x00, 0x14, 0x58, 0x44, 0x00, 0x10, 0x58, 0x44, 0x00, 0x10,
    0x40, 0x44, 0x00, 0x10, 0x48, 0x44, 0x00, 0x10, 0x40, 0x34, 0x00, 0x10,
    0x48, 0x34, 0x00, 0x10, 0x48, 0x34, 0x00, 0x0c, 0x48, 0x34, 0x00, 0x10,
    0x48, 0x38, 0x00, 0x0c, 0x50, 0x3c, 0x00, 0x0c, 0x38, 0x38, 0x00, 0x0c,
    0x38, 0x3c, 0x00, 0x0c, 0x40, 0x40, 0x00, 0x0c, 0x40, 0x28, 0x00, 0x0c,
    0x40, 0x40, 0x00, 0x0c, 0x58, 0x40, 0x00, 0x0c, 0xc8, 0xac, 0x00, 0x28,
    0xf0, 0xc8, 0x00, 0x59, 0xb0, 0x8c, 0x00, 0x18, 0x38, 0x38, 0x00, 0x08,
    0x38, 0x1c, 0x00, 0x08, 0x38, 0x38, 0x00, 0x08, 0x40, 0x20, 0x00, 0x08,
    0x18, 0x18, 0x10, 0x14, 0x18, 0x1c, 0x18, 0x92, 0x18, 0x18, 0x18, 0xf7,
    0x18, 0x18, 0x18, 0xff, 0x18, 0x1c, 0x18, 0xff, 0x18, 0x18, 0x18, 0xff,
    0x18, 0x18, 0x18, 0xff, 0x18, 0x18, 0x18, 0xff, 0x18, 0x1c, 0x18, 0xff,
    0x18, 0x18, 0x18, 0xff, 0x20, 0x18, 0x18, 0xff, 0x18, 0x18, 0x18, 0xff,
    0x18, 0x18, 0x18, 0xff, 0x18, 0x18, 0x18, 0xff, 0x18, 0x18, 0x18, 0xff,
    0x18, 0x18, 0x18, 0xff, 0x18, 0x18, 0x18, 0xff, 0x18, 0x18, 0x18, 0xff,
    0x18, 0x18, 0x18, 0x9a, 0x28, 0x28, 0x28, 0x08, 0x00, 0x00, 0x00, 0x00,
    0x00, 0x00, 0x00, 0x00, 0x00, 0x00, 0x00, 0x00, 0x00, 0x00, 0x00, 0x00,
    0x00, 0x00, 0x00, 0x00, 0x00, 0x00, 0x00, 0x00, 0x00, 0x00, 0x00, 0x00,
    0x00, 0x00, 0x00, 0x00, 0x00, 0x00, 0x00, 0x00, 0x00, 0x00, 0x00, 0x00,
    0x00, 0x00, 0x00, 0x00, 0x00, 0x00, 0x00, 0x00, 0x00, 0x00, 0x00, 0x00,
    0x00, 0x00, 0x00, 0x00, 0x00, 0x00, 0x00, 0x00, 0x00, 0x00, 0x00, 0x00,
    0x00, 0x00, 0x00, 0x00, 0x00, 0x00, 0x00, 0x00, 0x00, 0x00, 0x00, 0x00,
    0x00, 0x00, 0x00, 0x00, 0x00, 0x00, 0x00, 0x00, 0x00, 0x00, 0x00, 0x00,
    0x00, 0x00, 0x00, 0x00, 0x00, 0x00, 0x00, 0x00, 0x00, 0x00, 0x00, 0x00,
    0x00, 0x00, 0x00, 0x00, 0x00, 0x00, 0x00, 0x00, 0x00, 0x00, 0x00, 0x00,
    0x00, 0x00, 0x00, 0x00, 0x00, 0x00, 0x00, 0x00, 0x00, 0x00, 0x00, 0x00,
    0x00, 0x00, 0x00, 0x00, 0x00, 0x00, 0x00, 0x00, 0x00, 0x00, 0x00, 0x00,
    0x00, 0x00, 0x00, 0x00, 0x00, 0x00, 0x00, 0x00, 0x00, 0x00, 0x00, 0x00,
    0x00, 0x00, 0x00, 0x00, 0x00, 0x00, 0x00, 0x00, 0x00, 0x00, 0x00, 0x00,
    0x00, 0x00, 0x00, 0x00, 0x00, 0x00, 0x00, 0x00, 0x00, 0x00, 0x00, 0x00,
    0x00, 0x00, 0x00, 0x00, 0x00, 0x00, 0x00, 0x00, 0x28, 0x2c, 0x28, 0x18,
    0x30, 0x2c, 0x28, 0xcb, 0x28, 0x2c, 0x30, 0xff, 0x28, 0x2c, 0x28, 0xff,
    0x30, 0x2c, 0x30, 0xff, 0x30, 0x2c, 0x28, 0xff, 0x28, 0x28, 0x28, 0xff,
    0x28, 0x28, 0x30, 0xff, 0x28, 0x2c, 0x28, 0xff, 0x30, 0x2c, 0x28, 0xff,
    0x28, 0x28, 0x28, 0xff, 0x28, 0x28, 0x28, 0xff, 0x28, 0x28, 0x28, 0xff,
    0x28, 0x28, 0x30, 0xff, 0x28, 0x2c, 0x28, 0xff, 0x28, 0x28, 0x28, 0xff,
    0x28, 0x28, 0x28, 0xff, 0x28, 0x28, 0x28, 0xfb, 0x28, 0x28, 0x28, 0xba,
    0x28, 0x24, 0x20, 0x2c, 0x20, 0x20, 0x00, 0x08, 0x40, 0x20, 0x00, 0x08,
    0x38, 0x38, 0x00, 0x08, 0x38, 0x38, 0x00, 0x08, 0x30, 0x34, 0x00, 0x0c,
    0x30, 0x34, 0x00, 0x0c, 0x30, 0x2c, 0x00, 0x0c, 0x40, 0x28, 0x00, 0x0c,
    0x40, 0x2c, 0x00, 0x0c, 0x40, 0x28, 0x00, 0x0c, 0x40, 0x28, 0x00, 0x0c,
    0x40, 0x40, 0x00, 0x0c, 0x40, 0x40, 0x00, 0x0c, 0x38, 0x3c, 0x00, 0x0c,
    0x38, 0x38, 0x00, 0x0c, 0x50, 0x3c, 0x00, 0x0c, 0x50, 0x38, 0x00, 0x0c,
    0x48, 0x34, 0x00, 0x0c, 0x48, 0x48, 0x00, 0x10, 0x48, 0x34, 0x00, 0x0c,
    0x48, 0x34, 0x00, 0x0c, 0x48, 0x48, 0x00, 0x10, 0xb8, 0x9c, 0x00, 0x24,
    0xf8, 0xd4, 0x00, 0xff, 0x28, 0x24, 0x20, 0xff, 0x20, 0x24, 0x20, 0xff,
    0x20, 0x20, 0x28, 0xff, 0x28, 0x24, 0x20, 0xff, 0x20, 0x24, 0x20, 0xff,
    0x38, 0x30, 0x20, 0xff, 0xf8, 0xd4, 0x00, 0xff, 0x68, 0x5c, 0x00, 0x10,
    0x48, 0x48, 0x00, 0x0c, 0x48, 0x34, 0x00, 0x10, 0x48, 0x34, 0x00, 0x0c,
    0x48, 0x38, 0x00, 0x0c, 0x48, 0x34, 0x00, 0x10, 0x50, 0x38, 0x00, 0x0c,
    0x50, 0x3c, 0x00, 0x0c, 0x50, 0x38, 0x00, 0x0c, 0x38, 0x38, 0x00, 0x0c,
    0x40, 0x40, 0x00, 0x0c, 0x40, 0x40, 0x00, 0x0c, 0x40, 0x28, 0x00, 0x0c,
    0x40, 0x28, 0x00, 0x0c, 0x48, 0x30, 0x00, 0x0c, 0x48, 0x2c, 0x00, 0x0c,
    0x58, 0x40, 0x00, 0x0c, 0xe8, 0xc4, 0x00, 0x55, 0xe0, 0xbc, 0x00, 0x34,
    0x88, 0x78, 0x00, 0x10, 0x38, 0x1c, 0x00, 0x08, 0x20, 0x20, 0x00, 0x08,
    0x40, 0x1c, 0x00, 0x08, 0x18, 0x18, 0x18, 0x34, 0x18, 0x18, 0x18, 0xc3,
    0x20, 0x1c, 0x18, 0xff, 0x18, 0x1c, 0x18, 0xff, 0x20, 0x18, 0x20, 0xff,
    0x18, 0x1c, 0x18, 0xff, 0x20, 0x1c, 0x20, 0xff, 0x18, 0x18, 0x18, 0xff,
    0x18, 0x18, 0x18, 0xff, 0x18, 0x18, 0x20, 0xff, 0x18, 0x1c, 0x18, 0xff,
    0x18, 0x18, 0x18, 0xff, 0x18, 0x18, 0x18, 0xff, 0x18, 0x18, 0x18, 0xff,
    0x18, 0x18, 0x18, 0xff, 0x18, 0x18, 0x18, 0xff, 0x18, 0x18, 0x18, 0xff,
    0x18, 0x18, 0x18, 0xff, 0x18, 0x14, 0x18, 0xba, 0x10, 0x10, 0x10, 0x0c,
    0x00, 0x00, 0x00, 0x00, 0x00, 0x00, 0x00, 0x00, 0x00, 0x00, 0x00, 0x00,
    0x00, 0x00, 0x00, 0x00, 0x00, 0x00, 0x00, 0x00, 0x00, 0x00, 0x00, 0x00,
    0x00, 0x00, 0x00, 0x00, 0x00, 0x00, 0x00, 0x00, 0x00, 0x00, 0x00, 0x00,
    0x00, 0x00, 0x00, 0x00, 0x00, 0x00, 0x00, 0x00, 0x00, 0x00, 0x00, 0x00,
    0x00, 0x00, 0x00, 0x00, 0x00, 0x00, 0x00, 0x00, 0x00, 0x00, 0x00, 0x00,
    0x00, 0x00, 0x00, 0x00, 0x00, 0x00, 0x00, 0x00, 0x00, 0x00, 0x00, 0x00,
    0x00, 0x00, 0x00, 0x00, 0x00, 0x00, 0x00, 0x00, 0x00, 0x00, 0x00, 0x00,
    0x00, 0x00, 0x00, 0x00, 0x00, 0x00, 0x00, 0x00, 0x00, 0x00, 0x00, 0x00,
    0x00, 0x00, 0x00, 0x00, 0x00, 0x00, 0x00, 0x00, 0x00, 0x00, 0x00, 0x00,
    0x00, 0x00, 0x00, 0x00, 0x00, 0x00, 0x00, 0x00, 0x00, 0x00, 0x00, 0x00,
    0x00, 0x00, 0x00, 0x00, 0x00, 0x00, 0x00, 0x00, 0x00, 0x00, 0x00, 0x00,
    0x00, 0x00, 0x00, 0x00, 0x00, 0x00, 0x00, 0x00, 0x00, 0x00, 0x00, 0x00,
    0x00, 0x00, 0x00, 0x00, 0x00, 0x00, 0x00, 0x00, 0x00, 0x00, 0x00, 0x00,
    0x00, 0x00, 0x00, 0x00, 0x00, 0x00, 0x00, 0x00, 0x00, 0x00, 0x00, 0x00,
    0x00, 0x00, 0x00, 0x00, 0x00, 0x00, 0x00, 0x00, 0x00, 0x00, 0x00, 0x00,
    0x00, 0x00, 0x00, 0x00, 0x00, 0x00, 0x00, 0x00, 0x28, 0x28, 0x28, 0x20,
    0x28, 0x2c, 0x28, 0xd3, 0x30, 0x28, 0x30, 0xff, 0x28, 0x28, 0x28, 0xff,
    0x28, 0x2c, 0x28, 0xff, 0x28, 0x28, 0x28, 0xff, 0x28, 0x2c, 0x30, 0xff,
    0x28, 0x28, 0x28, 0xff, 0x28, 0x28, 0x28, 0xff, 0x28, 0x28, 0x28, 0xff,
    0x28, 0x28, 0x28, 0xff, 0x28, 0x28, 0x28, 0xff, 0x28, 0x28, 0x28, 0xff,
    0x28, 0x28, 0x28, 0xff, 0x28, 0x28, 0x28, 0xff, 0x28, 0x28, 0x28, 0xff,
    0x28, 0x28, 0x28, 0xff, 0x28, 0x28, 0x28, 0xff, 0x28, 0x28, 0x28, 0xe7,
    0x28, 0x24, 0x28, 0x69, 0x20, 0x20, 0x10, 0x10, 0x20, 0x20, 0x00, 0x08,
    0x20, 0x1c, 0x00, 0x08, 0x20, 0x1c, 0x00, 0x08, 0x38, 0x1c, 0x00, 0x08,
    0x30, 0x18, 0x00, 0x08, 0xe0, 0xb8, 0x00, 0x38, 0xf0, 0xc8, 0x00, 0x55,
    0xd0, 0xac, 0x00, 0x2c, 0x40, 0x30, 0x00, 0x0c, 0x28, 0x28, 0x00, 0x0c,
    0x40, 0x2c, 0x00, 0x0c, 0x40, 0x28, 0x00, 0x0c, 0x40, 0x2c, 0x00, 0x0c,
    0x38, 0x28, 0x00, 0x0c, 0x38, 0x28, 0x00, 0x0c, 0x38, 0x3c, 0x00, 0x0c,
    0x38, 0x38, 0x00, 0x0c, 0x38, 0x3c, 0x00, 0x0c, 0x38, 0x38, 0x00, 0x10,
    0x48, 0x34, 0x00, 0x0c, 0xb0, 0x94, 0x00, 0x20, 0xf8, 0xd4, 0x00, 0xff,
    0x28, 0x24, 0x20, 0xff, 0x20, 0x20, 0x20, 0xff, 0x20, 0x20, 0x20, 0xff,
    0x20, 0x24, 0x20, 0xff, 0x20, 0x20, 0x20, 0xff, 0x38, 0x30, 0x20, 0xff,
    0xf8, 0xd4, 0x00, 0xff, 0x70, 0x50, 0x00, 0x10, 0x38, 0x38, 0x00, 0x0c,
    0x38, 0x38, 0x00, 0x10, 0x38, 0x38, 0x00, 0x0c, 0x38, 0x3c, 0x00, 0x0c,
    0x38, 0x3c, 0x00, 0x0c, 0x38, 0x28, 0x00, 0x0c, 0x38, 0x28, 0x00, 0x0c,
    0x40, 0x2c, 0x00, 0x0c, 0x40, 0x28, 0x00, 0x0c, 0x28, 0x2c, 0x00, 0x0c,
    0x30, 0x2c, 0x00, 0x0c, 0x80, 0x70, 0x00, 0x10, 0x30, 0x30, 0x00, 0x0c,
    0x30, 0x34, 0x00, 0x0c, 0x30, 0x18, 0x00, 0x0c, 0x30, 0x18, 0x00, 0x0c,
    0x48, 0x44, 0x00, 0x0c, 0x18, 0x1c, 0x00, 0x08, 0x18, 0x1c, 0x00, 0x08,
    0x20, 0x20, 0x00, 0x08, 0x20, 0x18, 0x18, 0x18, 0x18, 0x18, 0x18, 0x7d,
    0x18, 0x1c, 0x18, 0xef, 0x18, 0x1c, 0x18, 0xff, 0x18, 0x18, 0x18, 0xff,
    0x18, 0x18, 0x20, 0xff, 0x18, 0x1c, 0x18, 0xff, 0x18, 0x18, 0x18, 0xff,
    0x18, 0x18, 0x18, 0xff, 0x18, 0x18, 0x18, 0xff, 0x18, 0x18, 0x18, 0xff,
    0x18, 0x18, 0x18, 0xff, 0x18, 0x18, 0x18, 0xff, 0x18, 0x18, 0x18, 0xff,
    0x18, 0x18, 0x18, 0xff, 0x18, 0x18, 0x18, 0xff, 0x18, 0x18, 0x18, 0xff,
    0x18, 0x18, 0x18, 0xff, 0x18, 0x18, 0x18, 0xff, 0x18, 0x14, 0x18, 0xc3,
    0x18, 0x14, 0x18, 0x18, 0x00, 0x00, 0x00, 0x00, 0x00, 0x00, 0x00, 0x00,
    0x00, 0x00, 0x00, 0x00, 0x00, 0x00, 0x00, 0x00, 0x00, 0x00, 0x00, 0x00,
    0x00, 0x00, 0x00, 0x00, 0x00, 0x00, 0x00, 0x00, 0x00, 0x00, 0x00, 0x00,
    0x00, 0x00, 0x00, 0x00, 0x00, 0x00, 0x00, 0x00, 0x00, 0x00, 0x00, 0x00,
    0x00, 0x00, 0x00, 0x00, 0x00, 0x00, 0x00, 0x00, 0x00, 0x00, 0x00, 0x00,
    0x00, 0x00, 0x00, 0x00, 0x00, 0x00, 0x00, 0x00, 0x00, 0x00, 0x00, 0x00,
    0x00, 0x00, 0x00, 0x00, 0x00, 0x00, 0x00, 0x00, 0x00, 0x00, 0x00, 0x00,
    0x00, 0x00, 0x00, 0x00, 0x00, 0x00, 0x00, 0x00, 0x00, 0x00, 0x00, 0x00,
    0x00, 0x00, 0x00, 0x00, 0x00, 0x00, 0x00, 0x00, 0x00, 0x00, 0x00, 0x00,
    0x00, 0x00, 0x00, 0x00, 0x00, 0x00, 0x00, 0x00, 0x00, 0x00, 0x00, 0x00,
    0x00, 0x00, 0x00, 0x00, 0x00, 0x00, 0x00, 0x00, 0x00, 0x00, 0x00, 0x00,
    0x00, 0x00, 0x00, 0x00, 0x00, 0x00, 0x00, 0x00, 0x00, 0x00, 0x00, 0x00,
    0x00, 0x00, 0x00, 0x00, 0x00, 0x00, 0x00, 0x00, 0x00, 0x00, 0x00, 0x00,
    0x00, 0x00, 0x00, 0x00, 0x00, 0x00, 0x00, 0x00, 0x00, 0x00, 0x00, 0x00,
    0x00, 0x00, 0x00, 0x00, 0x00, 0x00, 0x00, 0x00, 0x00, 0x00, 0x00, 0x00,
    0x00, 0x00, 0x00, 0x00, 0x00, 0x00, 0x00, 0x00, 0x00, 0x00, 0x00, 0x00,
    0x00, 0x00, 0x00, 0x00, 0x00, 0x00, 0x00, 0x00, 0x28, 0x24, 0x28, 0x20,
    0x28, 0x28, 0x28, 0xd3, 0x28, 0x2c, 0x28, 0xff, 0x28, 0x28, 0x28, 0xff,
    0x30, 0x2c, 0x28, 0xff, 0x28, 0x28, 0x28, 0xff, 0x28, 0x28, 0x28, 0xff,
    0x28, 0x28, 0x28, 0xff, 0x28, 0x2c, 0x30, 0xff, 0x28, 0x28, 0x28, 0xff,
    0x28, 0x28, 0x28, 0xff, 0x28, 0x28, 0x28, 0xff, 0x28, 0x28, 0x28, 0xff,
    0x28, 0x28, 0x28, 0xff, 0x28, 0x28, 0x28, 0xff, 0x28, 0x28, 0x28, 0xff,
    0x28, 0x28, 0x28, 0xff, 0x28, 0x24, 0x28, 0xff, 0x28, 0x24, 0x20, 0xff,
    0x28, 0x24, 0x28, 0xcf, 0x28, 0x28, 0x20, 0x4d, 0x20, 0x20, 0x10, 0x10,
    0x20, 0x20, 0x00, 0x08, 0x20, 0x1c, 0x00, 0x08, 0x38, 0x1c, 0x00, 0x08,
    0x80, 0x70, 0x00, 0x10, 0xe0, 0xb8, 0x00, 0x38, 0xe0, 0xc0, 0x00, 0x38,
    0x30, 0x34, 0x00, 0x0c, 0x30, 0x2c, 0x00, 0x0c, 0x30, 0x2c, 0x00, 0x0c,
    0x30, 0x30, 0x00, 0x0c, 0x30, 0x2c, 0x00, 0x0c, 0x28, 0x28, 0x00, 0x0c,
    0x40, 0x2c, 0x00, 0x0c, 0x40, 0x28, 0x00, 0x0c, 0x40, 0x2c, 0x00, 0x0c,
    0x40, 0x28, 0x00, 0x0c, 0x38, 0x28, 0x00, 0x0c, 0x38, 0x28, 0x00, 0x0c,
    0xb8, 0x9c, 0x00, 0x20, 0xf8, 0xd4, 0x00, 0xff, 0x28, 0x24, 0x28, 0xff,
    0x20, 0x24, 0x20, 0xff, 0x20, 0x24, 0x28, 0xff, 0x20, 0x20, 0x20, 0xff,
    0x20, 0x24, 0x28, 0xff, 0x38, 0x30, 0x20, 0xff, 0xf8, 0xd4, 0x00, 0xff,
    0x60, 0x50, 0x00, 0x10, 0x38, 0x38, 0x00, 0x0c, 0x38, 0x38, 0x00, 0x0c,
    0x40, 0x2c, 0x00, 0x0c, 0x40, 0x28, 0x00, 0x0c, 0x28, 0x28, 0x00, 0x0c,
    0x40, 0x28, 0x00, 0x0c, 0x40, 0x2c, 0x00, 0x0c, 0x30, 0x2c, 0x00, 0x0c,
    0x30, 0x30, 0x00, 0x0c, 0xb0, 0x98, 0x00, 0x1c, 0xe8, 0xc4, 0x00, 0x51,
    0xf0, 0xc8, 0x00, 0x59, 0x58, 0x44, 0x00, 0x0c, 0x30, 0x34, 0x00, 0x08,
    0x38, 0x1c, 0x00, 0x08, 0x38, 0x1c, 0x00, 0x08, 0x20, 0x20, 0x00, 0x08,
    0x20, 0x20, 0x00, 0x08, 0x18, 0x18, 0x10, 0x14, 0x18, 0x18, 0x18, 0x59,
    0x18, 0x18, 0x18, 0xdb, 0x20, 0x1c, 0x18, 0xff, 0x18, 0x18, 0x18, 0xff,
    0x18, 0x1c, 0x20, 0xff, 0x20, 0x18, 0x18, 0xff, 0x18, 0x18, 0x18, 0xff,
    0x18, 0x18, 0x18, 0xff, 0x18, 0x18, 0x18, 0xff, 0x18, 0x18, 0x18, 0xff,
    0x18, 0x18, 0x18, 0xff, 0x18, 0x18, 0x18, 0xff, 0x18, 0x18, 0x18, 0xff,
    0x18, 0x18, 0x18, 0xff, 0x18, 0x18, 0x18, 0xff, 0x18, 0x18, 0x18, 0xff,
    0x18, 0x18, 0x18, 0xff, 0x18, 0x18, 0x18, 0xff, 0x18, 0x18, 0x18, 0xff,
    0x18, 0x18, 0x18, 0xba, 0x18, 0x18, 0x18, 0x14, 0x00, 0x00, 0x00, 0x00,
    0x00, 0x00, 0x00, 0x00, 0x00, 0x00, 0x00, 0x00, 0x00, 0x00, 0x00, 0x00,
    0x00, 0x00, 0x00, 0x00, 0x00, 0x00, 0x00, 0x00, 0x00, 0x00, 0x00, 0x00,
    0x00, 0x00, 0x00, 0x00, 0x00, 0x00, 0x00, 0x00, 0x00, 0x00, 0x00, 0x00,
    0x00, 0x00, 0x00, 0x00, 0x00, 0x00, 0x00, 0x00, 0x00, 0x00, 0x00, 0x00,
    0x00, 0x00, 0x00, 0x00, 0x00, 0x00, 0x00, 0x00, 0x00, 0x00, 0x00, 0x00,
    0x00, 0x00, 0x00, 0x00, 0x00, 0x00, 0x00, 0x00, 0x00, 0x00, 0x00, 0x00,
    0x00, 0x00, 0x00, 0x00, 0x00, 0x00, 0x00, 0x00, 0x00, 0x00, 0x00, 0x00,
    0x00, 0x00, 0x00, 0x00, 0x00, 0x00, 0x00, 0x00, 0x00, 0x00, 0x00, 0x00,
    0x00, 0x00, 0x00, 0x00, 0x00, 0x00, 0x00, 0x00, 0x00, 0x00, 0x00, 0x00,
    0x00, 0x00, 0x00, 0x00, 0x00, 0x00, 0x00, 0x00, 0x00, 0x00, 0x00, 0x00,
    0x00, 0x00, 0x00, 0x00, 0x00, 0x00, 0x00, 0x00, 0x00, 0x00, 0x00, 0x00,
    0x00, 0x00, 0x00, 0x00, 0x00, 0x00, 0x00, 0x00, 0x00, 0x00, 0x00, 0x00,
    0x00, 0x00, 0x00, 0x00, 0x00, 0x00, 0x00, 0x00, 0x00, 0x00, 0x00, 0x00,
    0x00, 0x00, 0x00, 0x00, 0x00, 0x00, 0x00, 0x00, 0x00, 0x00, 0x00, 0x00,
    0x00, 0x00, 0x00, 0x00, 0x00, 0x00, 0x00, 0x00, 0x00, 0x00, 0x00, 0x00,
    0x00, 0x00, 0x00, 0x00, 0x00, 0x00, 0x00, 0x00, 0x00, 0x00, 0x00, 0x00,
    0x00, 0x00, 0x00, 0x00, 0x00, 0x00, 0x00, 0x00, 0x28, 0x2c, 0x28, 0x24,
    0x28, 0x28, 0x28, 0xcf, 0x28, 0x28, 0x28, 0xff, 0x28, 0x28, 0x28, 0xff,
    0x28, 0x28, 0x28, 0xff, 0x28, 0x28, 0x28, 0xff, 0x30, 0x2c, 0x28, 0xff,
    0x28, 0x28, 0x28, 0xff, 0x28, 0x28, 0x28, 0xff, 0x28, 0x28, 0x28, 0xff,
    0x28, 0x28, 0x28, 0xff, 0x28, 0x28, 0x28, 0xff, 0x28, 0x28, 0x28, 0xff,
    0x28, 0x28, 0x28, 0xff, 0x28, 0x28, 0x28, 0xff, 0x28, 0x28, 0x28, 0xff,
    0x28, 0x24, 0x28, 0xff, 0x28, 0x28, 0x28, 0xff, 0x20, 0x24, 0x28, 0xff,
    0x20, 0x24, 0x28, 0xf7, 0x28, 0x24, 0x28, 0xbe, 0x20, 0x24, 0x20, 0x38,
    0x20, 0x24, 0x10, 0x10, 0x20, 0x20, 0x00, 0x08, 0x20, 0x20, 0x00, 0x08,
    0x18, 0x1c, 0x00, 0x08, 0x30, 0x34, 0x00, 0x08, 0x38, 0x1c, 0x00, 0x08,
    0x30, 0x18, 0x00, 0x0c, 0x30, 0x34, 0x00, 0x08, 0x48, 0x30, 0x00, 0x0c,
    0xe8, 0xc4, 0x00, 0x49, 0xd8, 0xb4, 0x00, 0x34, 0x98, 0x80, 0x00, 0x14,
    0x30, 0x2c, 0x00, 0x0c, 0x30, 0x30, 0x00, 0x0c, 0x30, 0x2c, 0x00, 0x0c,
    0x28, 0x28, 0x00, 0x0c, 0x28, 0x2c, 0x00, 0x0c, 0xb8, 0xa0, 0x00, 0x20,
    0xf8, 0xd4, 0x00, 0xff, 0x28, 0x24, 0x20, 0xff, 0x20, 0x20, 0x20, 0xff,
    0x20, 0x24, 0x20, 0xff, 0x28, 0x20, 0x20, 0xff, 0x20, 0x24, 0x20, 0xff,
    0x30, 0x30, 0x20, 0xff, 0xf8, 0xd4, 0x00, 0xff, 0x68, 0x54, 0x00, 0x10,
    0x28, 0x2c, 0x00, 0x0c, 0x28, 0x28, 0x00, 0x0c, 0x40, 0x2c, 0x00, 0x0c,
    0x58, 0x5c, 0x00, 0x10, 0x78, 0x68, 0x00, 0x10, 0x58, 0x40, 0x00, 0x0c,
    0x30, 0x2c, 0x00, 0x0c, 0x30, 0x34, 0x00, 0x0c, 0x30, 0x34, 0x00, 0x08,
    0xc8, 0xa0, 0x00, 0x20, 0xe0, 0xbc, 0x00, 0x3c, 0xb0, 0x98, 0x00, 0x1c,
    0x50, 0x34, 0x00, 0x08, 0x20, 0x1c, 0x00, 0x08, 0x20, 0x20, 0x00, 0x08,
    0x20, 0x20, 0x00, 0x08, 0x20, 0x20, 0x10, 0x10, 0x20, 0x18, 0x18, 0x49,
    0x18, 0x1c, 0x18, 0xcb, 0x18, 0x18, 0x18, 0xf7, 0x20, 0x1c, 0x20, 0xff,
    0x18, 0x18, 0x18, 0xff, 0x18, 0x1c, 0x18, 0xff, 0x20, 0x18, 0x18, 0xff,
    0x18, 0x18, 0x18, 0xff, 0x18, 0x1c, 0x18, 0xff, 0x18, 0x18, 0x18, 0xff,
    0x20, 0x18, 0x18, 0xff, 0x18, 0x18, 0x18, 0xff, 0x18, 0x18, 0x18, 0xff,
    0x18, 0x18, 0x18, 0xff, 0x18, 0x18, 0x18, 0xff, 0x18, 0x18, 0x18, 0xff,
    0x18, 0x18, 0x18, 0xff, 0x18, 0x18, 0x18, 0xff, 0x18, 0x18, 0x18, 0xff,
    0x18, 0x18, 0x18, 0xff, 0x18, 0x14, 0x18, 0xc3, 0x18, 0x18, 0x18, 0x14,
    0x00, 0x00, 0x00, 0x00, 0x00, 0x00, 0x00, 0x00, 0x00, 0x00, 0x00, 0x00,
    0x00, 0x00, 0x00, 0x00, 0x00, 0x00, 0x00, 0x00, 0x00, 0x00, 0x00, 0x00,
    0x00, 0x00, 0x00, 0x00, 0x00, 0x00, 0x00, 0x00, 0x00, 0x00, 0x00, 0x00,
    0x00, 0x00, 0x00, 0x00, 0x00, 0x00, 0x00, 0x00, 0x00, 0x00, 0x00, 0x00,
    0x00, 0x00, 0x00, 0x00, 0x00, 0x00, 0x00, 0x00, 0x00, 0x00, 0x00, 0x00,
    0x00, 0x00, 0x00, 0x00, 0x00, 0x00, 0x00, 0x00, 0x00, 0x00, 0x00, 0x00,
    0x00, 0x00, 0x00, 0x00, 0x00, 0x00, 0x00, 0x00, 0x00, 0x00, 0x00, 0x00,
    0x00, 0x00, 0x00, 0x00, 0x00, 0x00, 0x00, 0x00, 0x00, 0x00, 0x00, 0x00,
    0x00, 0x00, 0x00, 0x00, 0x00, 0x00, 0x00, 0x00, 0x00, 0x00, 0x00, 0x00,
    0x00, 0x00, 0x00, 0x00, 0x00, 0x00, 0x00, 0x00, 0x00, 0x00, 0x00, 0x00,
    0x00, 0x00, 0x00, 0x00, 0x00, 0x00, 0x00, 0x00, 0x00, 0x00, 0x00, 0x00,
    0x00, 0x00, 0x00, 0x00, 0x00, 0x00, 0x00, 0x00, 0x00, 0x00, 0x00, 0x00,
    0x00, 0x00, 0x00, 0x00, 0x00, 0x00, 0x00, 0x00, 0x00, 0x00, 0x00, 0x00,
    0x00, 0x00, 0x00, 0x00, 0x00, 0x00, 0x00, 0x00, 0x00, 0x00, 0x00, 0x00,
    0x00, 0x00, 0x00, 0x00, 0x00, 0x00, 0x00, 0x00, 0x00, 0x00, 0x00, 0x00,
    0x00, 0x00, 0x00, 0x00, 0x00, 0x00, 0x00, 0x00, 0x00, 0x00, 0x00, 0x00,
    0x00, 0x00, 0x00, 0x00, 0x00, 0x00, 0x00, 0x00, 0x00, 0x00, 0x00, 0x00,
    0x00, 0x00, 0x00, 0x00, 0x00, 0x00, 0x00, 0x00, 0x30, 0x2c, 0x30, 0x1c,
    0x28, 0x28, 0x28, 0xc3, 0x28, 0x28, 0x28, 0xff, 0x28, 0x2c, 0x30, 0xff,
    0x28, 0x28, 0x28, 0xff, 0x28, 0x28, 0x28, 0xff, 0x28, 0x28, 0x28, 0xff,
    0x28, 0x28, 0x28, 0xff, 0x28, 0x28, 0x28, 0xff, 0x28, 0x28, 0x28, 0xff,
    0x28, 0x28, 0x28, 0xff, 0x28, 0x28, 0x28, 0xff, 0x28, 0x28, 0x28, 0xff,
    0x28, 0x24, 0x28, 0xff, 0x28, 0x28, 0x28, 0xff, 0x28, 0x28, 0x20, 0xff,
    0x28, 0x24, 0x28, 0xff, 0x28, 0x28, 0x28, 0xff, 0x28, 0x24, 0x20, 0xff,
    0x20, 0x24, 0x20, 0xff, 0x28, 0x24, 0x28, 0xf7, 0x20, 0x24, 0x28, 0xb6,
    0x28, 0x24, 0x20, 0x4d, 0x20, 0x1c, 0x00, 0x08, 0x20, 0x20, 0x00, 0x08,
    0x20, 0x20, 0x00, 0x08, 0x20, 0x1c, 0x00, 0x08, 0x20, 0x1c, 0x00, 0x08,
    0x38, 0x1c, 0x00, 0x08, 0x60, 0x4c, 0x00, 0x0c, 0xe8, 0xc0, 0x00, 0x3c,
    0xe8, 0xc4, 0x00, 0x55, 0xd0, 0xb0, 0x00, 0x28, 0x30, 0x34, 0x00, 0x0c,
    0x30, 0x34, 0x00, 0x0c, 0x30, 0x34, 0x00, 0x08, 0x70, 0x5c, 0x00, 0x10,
    0xd0, 0xb0, 0x00, 0x28, 0xe0, 0xb8, 0x00, 0x34, 0xf8, 0xd4, 0x00, 0xff,
    0x28, 0x24, 0x20, 0xff, 0x20, 0x20, 0x28, 0xff, 0x20, 0x20, 0x20, 0xff,
    0x20, 0x24, 0x20, 0xff, 0x28, 0x24, 0x20, 0xff, 0x38, 0x34, 0x20, 0xff,
    0xf8, 0xd4, 0x00, 0xff, 0x58, 0x5c, 0x00, 0x10, 0x30, 0x30, 0x00, 0x0c,
    0x30, 0x2c, 0x00, 0x0c, 0xa8, 0x90, 0x00, 0x18, 0xf0, 0xc8, 0x00, 0x51,
    0xf0, 0xc8, 0x00, 0x5d, 0xc8, 0xa0, 0x00, 0x20, 0x30, 0x34, 0x00, 0x0c,
    0x38, 0x1c, 0x00, 0x08, 0x38, 0x1c, 0x00, 0x08, 0x20, 0x1c, 0x00, 0x08,
    0x20, 0x1c, 0x00, 0x08, 0x18, 0x1c, 0x00, 0x08, 0x20, 0x1c, 0x00, 0x08,
    0x20, 0x20, 0x00, 0x08, 0x28, 0x28, 0x18, 0x0c, 0x18, 0x1c, 0x18, 0x55,
    0x18, 0x1c, 0x18, 0xba, 0x20, 0x1c, 0x20, 0xfb, 0x18, 0x1c, 0x18, 0xff,
    0x18, 0x1c, 0x18, 0xff, 0x18, 0x18, 0x20, 0xff, 0x18, 0x1c, 0x18, 0xff,
    0x18, 0x1c, 0x18, 0xff, 0x18, 0x18, 0x18, 0xff, 0x18, 0x18, 0x18, 0xff,
    0x18, 0x18, 0x18, 0xff, 0x18, 0x1c, 0x20, 0xff, 0x18, 0x18, 0x18, 0xff,
    0x18, 0x18, 0x18, 0xff, 0x18, 0x18, 0x18, 0xff, 0x18, 0x18, 0x18, 0xff,
    0x18, 0x18, 0x18, 0xff, 0x18, 0x18, 0x18, 0xff, 0x18, 0x18, 0x18, 0xff,
    0x18, 0x18, 0x18, 0xff, 0x18, 0x14, 0x18, 0xff, 0x18, 0x14, 0x18, 0xba,
    0x10, 0x14, 0x18, 0x18, 0x00, 0x00, 0x00, 0x00, 0x00, 0x00, 0x00, 0x00,
    0x00, 0x00, 0x00, 0x00, 0x00, 0x00, 0x00, 0x00, 0x00, 0x00, 0x00, 0x00,
    0x00, 0x00, 0x00, 0x00, 0x00, 0x00, 0x00, 0x00, 0x00, 0x00, 0x00, 0x00,
    0x00, 0x00, 0x00, 0x00, 0x00, 0x00, 0x00, 0x00, 0x00, 0x00, 0x00, 0x00,
    0x00, 0x00, 0x00, 0x00, 0x00, 0x00, 0x00, 0x00, 0x00, 0x00, 0x00, 0x00,
    0x00, 0x00, 0x00, 0x00, 0x00, 0x00, 0x00, 0x00, 0x00, 0x00, 0x00, 0x00,
    0x00, 0x00, 0x00, 0x00, 0x00, 0x00, 0x00, 0x00, 0x00, 0x00, 0x00, 0x00,
    0x00, 0x00, 0x00, 0x00, 0x00, 0x00, 0x00, 0x00, 0x00, 0x00, 0x00, 0x00,
    0x00, 0x00, 0x00, 0x00, 0x00, 0x00, 0x00, 0x00, 0x00, 0x00, 0x00, 0x00,
    0x00, 0x00, 0x00, 0x00, 0x00, 0x00, 0x00, 0x00, 0x00, 0x00, 0x00, 0x00,
    0x00, 0x00, 0x00, 0x00, 0x00, 0x00, 0x00, 0x00, 0x00, 0x00, 0x00, 0x00,
    0x00, 0x00, 0x00, 0x00, 0x00, 0x00, 0x00, 0x00, 0x00, 0x00, 0x00, 0x00,
    0x00, 0x00, 0x00, 0x00, 0x00, 0x00, 0x00, 0x00, 0x00, 0x00, 0x00, 0x00,
    0x00, 0x00, 0x00, 0x00, 0x00, 0x00, 0x00, 0x00, 0x00, 0x00, 0x00, 0x00,
    0x00, 0x00, 0x00, 0x00, 0x00, 0x00, 0x00, 0x00, 0x00, 0x00, 0x00, 0x00,
    0x00, 0x00, 0x00, 0x00, 0x00, 0x00, 0x00, 0x00, 0x00, 0x00, 0x00, 0x00,
    0x00, 0x00, 0x00, 0x00, 0x00, 0x00, 0x00, 0x00, 0x00, 0x00, 0x00, 0x00,
    0x00, 0x00, 0x00, 0x00, 0x00, 0x00, 0x00, 0x00, 0x00, 0x00, 0x00, 0x00,
    0x00, 0x00, 0x00, 0x00, 0x00, 0x00, 0x00, 0x00, 0x28, 0x28, 0x28, 0x14,
    0x28, 0x28, 0x28, 0xb2, 0x28, 0x28, 0x28, 0xfb, 0x28, 0x28, 0x28, 0xff,
    0x28, 0x28, 0x28, 0xff, 0x28, 0x28, 0x28, 0xff, 0x28, 0x28, 0x28, 0xff,
    0x28, 0x28, 0x28, 0xff, 0x28, 0x28, 0x28, 0xff, 0x28, 0x28, 0x28, 0xff,
    0x28, 0x28, 0x28, 0xff, 0x28, 0x28, 0x28, 0xff, 0x28, 0x24, 0x28, 0xff,
    0x28, 0x28, 0x28, 0xff, 0x20, 0x24, 0x20, 0xff, 0x28, 0x28, 0x28, 0xff,
    0x28, 0x28, 0x28, 0xff, 0x28, 0x24, 0x28, 0xff, 0x28, 0x24, 0x20, 0xff,
    0x28, 0x24, 0x28, 0xff, 0x28, 0x24, 0x28, 0xff, 0x20, 0x24, 0x20, 0xfb,
    0x20, 0x24, 0x20, 0xcb, 0x28, 0x24, 0x20, 0x61, 0x28, 0x20, 0x20, 0x28,
    0x20, 0x20, 0x00, 0x08, 0x40, 0x20, 0x00, 0x08, 0x40, 0x20, 0x00, 0x08,
    0x38, 0x1c, 0x00, 0x08, 0x38, 0x38, 0x00, 0x08, 0x30, 0x34, 0x00, 0x0c,
    0x38, 0x38, 0x00, 0x08, 0x38, 0x34, 0x00, 0x08, 0x30, 0x34, 0x00, 0x0c,
    0x30, 0x34, 0x00, 0x08, 0xa0, 0x84, 0x00, 0x14, 0xf0, 0xc4, 0x00, 0x59,
    0xf8, 0xcc, 0x00, 0x6d, 0xf8, 0xd4, 0x00, 0xff, 0x28, 0x24, 0x20, 0xff,
    0x20, 0x24, 0x20, 0xff, 0x20, 0x20, 0x28, 0xff, 0x30, 0x2c, 0x20, 0xff,
    0x78, 0x64, 0x18, 0xff, 0x80, 0x70, 0x10, 0xff, 0xf8, 0xd4, 0x00, 0xff,
    0x60, 0x4c, 0x00, 0x0c, 0x30, 0x34, 0x00, 0x08, 0x30, 0x34, 0x00, 0x0c,
    0x88, 0x78, 0x00, 0x10, 0xe0, 0xbc, 0x00, 0x30, 0xc0, 0xa8, 0x00, 0x20,
    0x50, 0x54, 0x00, 0x0c, 0x38, 0x38, 0x00, 0x08, 0x38, 0x38, 0x00, 0x08,
    0x38, 0x38, 0x00, 0x08, 0x40, 0x1c, 0x00, 0x08, 0x40, 0x20, 0x00, 0x08,
    0x18, 0x1c, 0x00, 0x08, 0x18, 0x1c, 0x18, 0x2c, 0x20, 0x1c, 0x18, 0x6d,
    0x18, 0x18, 0x18, 0xd7, 0x20, 0x1c, 0x20, 0xff, 0x18, 0x1c, 0x18, 0xff,
    0x18, 0x18, 0x20, 0xff, 0x20, 0x1c, 0x18, 0xff, 0x20, 0x1c, 0x18, 0xff,
    0x18, 0x18, 0x18, 0xff, 0x20, 0x18, 0x20, 0xff, 0x18, 0x1c, 0x18, 0xff,
    0x18, 0x1c, 0x20, 0xff, 0x18, 0x18, 0x18, 0xff, 0x18, 0x18, 0x18, 0xff,
    0x18, 0x18, 0x18, 0xff, 0x18, 0x1c, 0x18, 0xff, 0x18, 0x18, 0x18, 0xff,
    0x18, 0x18, 0x18, 0xff, 0x18, 0x18, 0x18, 0xff, 0x18, 0x18, 0x18, 0xff,
    0x18, 0x18, 0x18, 0xff, 0x18, 0x18, 0x18, 0xff, 0x18, 0x14, 0x18, 0xf7,
    0x18, 0x18, 0x18, 0x9a, 0x10, 0x14, 0x10, 0x0c, 0x00, 0x00, 0x00, 0x00,
    0x00, 0x00, 0x00, 0x00, 0x00, 0x00, 0x00, 0x00, 0x00, 0x00, 0x00, 0x00,
    0x00, 0x00, 0x00, 0x00, 0x00, 0x00, 0x00, 0x00, 0x00, 0x00, 0x00, 0x00,
    0x00, 0x00, 0x00, 0x00, 0x00, 0x00, 0x00, 0x00, 0x00, 0x00, 0x00, 0x00,
    0x00, 0x00, 0x00, 0x00, 0x00, 0x00, 0x00, 0x00, 0x00, 0x00, 0x00, 0x00,
    0x00, 0x00, 0x00, 0x00, 0x00, 0x00, 0x00, 0x00, 0x00, 0x00, 0x00, 0x00,
    0x00, 0x00, 0x00, 0x00, 0x00, 0x00, 0x00, 0x00, 0x00, 0x00, 0x00, 0x00,
    0x00, 0x00, 0x00, 0x00, 0x00, 0x00, 0x00, 0x00, 0x00, 0x00, 0x00, 0x00,
    0x00, 0x00, 0x00, 0x00, 0x00, 0x00, 0x00, 0x00, 0x00, 0x00, 0x00, 0x00,
    0x00, 0x00, 0x00, 0x00, 0x00, 0x00, 0x00, 0x00, 0x00, 0x00, 0x00, 0x00,
    0x00, 0x00, 0x00, 0x00, 0x00, 0x00, 0x00, 0x00, 0x00, 0x00, 0x00, 0x00,
    0x00, 0x00, 0x00, 0x00, 0x00, 0x00, 0x00, 0x00, 0x00, 0x00, 0x00, 0x00,
    0x00, 0x00, 0x00, 0x00, 0x00, 0x00, 0x00, 0x00, 0x00, 0x00, 0x00, 0x00,
    0x00, 0x00, 0x00, 0x00, 0x00, 0x00, 0x00, 0x00, 0x00, 0x00, 0x00, 0x00,
    0x00, 0x00, 0x00, 0x00, 0x00, 0x00, 0x00, 0x00, 0x00, 0x00, 0x00, 0x00,
    0x00, 0x00, 0x00, 0x00, 0x00, 0x00, 0x00, 0x00, 0x00, 0x00, 0x00, 0x00,
    0x00, 0x00, 0x00, 0x00, 0x00, 0x00, 0x00, 0x00, 0x00, 0x00, 0x00, 0x00,
    0x00, 0x00, 0x00, 0x00, 0x00, 0x00, 0x00, 0x00, 0x00, 0x00, 0x00, 0x00,
    0x00, 0x00, 0x00, 0x00, 0x00, 0x00, 0x00, 0x00, 0x00, 0x00, 0x00, 0x00,
    0x00, 0x00, 0x00, 0x00, 0x00, 0x00, 0x00, 0x00, 0x38, 0x34, 0x38, 0x0c,
    0x28, 0x28, 0x28, 0x8a, 0x28, 0x28, 0x28, 0xf7, 0x28, 0x28, 0x28, 0xff,
    0x28, 0x28, 0x28, 0xff, 0x28, 0x28, 0x28, 0xff, 0x28, 0x28, 0x28, 0xff,
    0x28, 0x28, 0x28, 0xff, 0x28, 0x28, 0x28, 0xff, 0x28, 0x28, 0x28, 0xff,
    0x28, 0x28, 0x28, 0xff, 0x28, 0x28, 0x28, 0xff, 0x28, 0x24, 0x28, 0xff,
    0x28, 0x24, 0x28, 0xff, 0x20, 0x28, 0x20, 0xff, 0x20, 0x24, 0x28, 0xff,
    0x20, 0x24, 0x28, 0xff, 0x28, 0x24, 0x20, 0xff, 0x20, 0x28, 0x28, 0xff,
    0x28, 0x24, 0x28, 0xff, 0x20, 0x24, 0x20, 0xff, 0x20, 0x24, 0x28, 0xff,
    0x20, 0x24, 0x28, 0xff, 0x20, 0x20, 0x20, 0xef, 0x20, 0x24, 0x20, 0xb6,
    0x20, 0x24, 0x20, 0x55, 0x28, 0x24, 0x20, 0x24, 0x20, 0x20, 0x10, 0x10,
    0x20, 0x20, 0x00, 0x08, 0x20, 0x20, 0x00, 0x08, 0x20, 0x20, 0x00, 0x08,
    0x20, 0x1c, 0x00, 0x08, 0x38, 0x38, 0x00, 0x08, 0x38, 0x38, 0x00, 0x08,
    0x30, 0x34, 0x00, 0x0c, 0x80, 0x5c, 0x00, 0x0c, 0xc8, 0xa8, 0x00, 0x24,
    0xf8, 0xd4, 0x00, 0xff, 0x28, 0x24, 0x20, 0xff, 0x20, 0x24, 0x20, 0xff,
    0x20, 0x24, 0x20, 0xff, 0x28, 0x24, 0x20, 0xff, 0x28, 0x28, 0x20, 0xff,
    0x40, 0x38, 0x20, 0xff, 0xf8, 0xd4, 0x00, 0xff, 0x68, 0x54, 0x00, 0x0c,
    0x38, 0x38, 0x00, 0x08, 0x38, 0x38, 0x00, 0x08, 0x38, 0x1c, 0x00, 0x08,
    0x38, 0x1c, 0x00, 0x08, 0x18, 0x1c, 0x00, 0x08, 0x20, 0x20, 0x00, 0x08,
    0x20, 0x20, 0x00, 0x08, 0x40, 0x20, 0x00, 0x08, 0x20, 0x20, 0x10, 0x10,
    0x18, 0x1c, 0x18, 0x24, 0x20, 0x1c, 0x18, 0x61, 0x20, 0x1c, 0x20, 0xc3,
    0x18, 0x1c, 0x18, 0xef, 0x18, 0x1c, 0x18, 0xff, 0x18, 0x1c, 0x20, 0xff,
    0x20, 0x1c, 0x18, 0xff, 0x18, 0x18, 0x18, 0xff, 0x18, 0x1c, 0x20, 0xff,
    0x18, 0x18, 0x18, 0xff, 0x18, 0x18, 0x18, 0xff, 0x18, 0x1c, 0x18, 0xff,
    0x18, 0x18, 0x18, 0xff, 0x20, 0x18, 0x20, 0xff, 0x18, 0x18, 0x18, 0xff,
    0x18, 0x18, 0x18, 0xff, 0x20, 0x18, 0x18, 0xff, 0x18, 0x18, 0x18, 0xff,
    0x18, 0x18, 0x18, 0xff, 0x18, 0x18, 0x18, 0xff, 0x18, 0x18, 0x18, 0xff,
    0x18, 0x18, 0x18, 0xff, 0x18, 0x18, 0x18, 0xff, 0x18, 0x18, 0x18, 0xff,
    0x18, 0x14, 0x18, 0xf3, 0x18, 0x18, 0x18, 0x71, 0x28, 0x28, 0x28, 0x08,
    0x00, 0x00, 0x00, 0x00, 0x00, 0x00, 0x00, 0x00, 0x00, 0x00, 0x00, 0x00,
    0x00, 0x00, 0x00, 0x00, 0x00, 0x00, 0x00, 0x00, 0x00, 0x00, 0x00, 0x00,
    0x00, 0x00, 0x00, 0x00, 0x00, 0x00, 0x00, 0x00, 0x00, 0x00, 0x00, 0x00,
    0x00, 0x00, 0x00, 0x00, 0x00, 0x00, 0x00, 0x00, 0x00, 0x00, 0x00, 0x00,
    0x00, 0x00, 0x00, 0x00, 0x00, 0x00, 0x00, 0x00, 0x00, 0x00, 0x00, 0x00,
    0x00, 0x00, 0x00, 0x00, 0x00, 0x00, 0x00, 0x00, 0x00, 0x00, 0x00, 0x00,
    0x00, 0x00, 0x00, 0x00, 0x00, 0x00, 0x00, 0x00, 0x00, 0x00, 0x00, 0x00,
    0x00, 0x00, 0x00, 0x00, 0x00, 0x00, 0x00, 0x00, 0x00, 0x00, 0x00, 0x00,
    0x00, 0x00, 0x00, 0x00, 0x00, 0x00, 0x00, 0x00, 0x00, 0x00, 0x00, 0x00,
    0x00, 0x00, 0x00, 0x00, 0x00, 0x00, 0x00, 0x00, 0x00, 0x00, 0x00, 0x00,
    0x00, 0x00, 0x00, 0x00, 0x00, 0x00, 0x00, 0x00, 0x00, 0x00, 0x00, 0x00,
    0x00, 0x00, 0x00, 0x00, 0x00, 0x00, 0x00, 0x00, 0x00, 0x00, 0x00, 0x00,
    0x00, 0x00, 0x00, 0x00, 0x00, 0x00, 0x00, 0x00, 0x00, 0x00, 0x00, 0x00,
    0x00, 0x00, 0x00, 0x00, 0x00, 0x00, 0x00, 0x00, 0x00, 0x00, 0x00, 0x00,
    0x00, 0x00, 0x00, 0x00, 0x00, 0x00, 0x00, 0x00, 0x00, 0x00, 0x00, 0x00,
    0x00, 0x00, 0x00, 0x00, 0x00, 0x00, 0x00, 0x00, 0x00, 0x00, 0x00, 0x00,
    0x00, 0x00, 0x00, 0x00, 0x00, 0x00, 0x00, 0x00, 0x00, 0x00, 0x00, 0x00,
    0x00, 0x00, 0x00, 0x00, 0x00, 0x00, 0x00, 0x00, 0x00, 0x00, 0x00, 0x00,
    0x00, 0x00, 0x00, 0x00, 0x00, 0x00, 0x00, 0x00, 0x00, 0x00, 0x00, 0x00,
    0x00, 0x00, 0x00, 0x00, 0x00, 0x00, 0x00, 0x00, 0x58, 0x54, 0x58, 0x04,
    0x28, 0x2c, 0x28, 0x61, 0x28, 0x28, 0x28, 0xfb, 0x28, 0x28, 0x28, 0xff,
    0x28, 0x28, 0x28, 0xff, 0x28, 0x28, 0x28, 0xff, 0x28, 0x28, 0x28, 0xff,
    0x28, 0x28, 0x28, 0xff, 0x28, 0x24, 0x28, 0xff, 0x28, 0x24, 0x20, 0xff,
    0x28, 0x28, 0x28, 0xff, 0x20, 0x24, 0x28, 0xff, 0x28, 0x28, 0x28, 0xff,
    0x28, 0x24, 0x20, 0xff, 0x28, 0x24, 0x20, 0xff, 0x28, 0x24, 0x28, 0xff,
    0x20, 0x28, 0x28, 0xff, 0x28, 0x24, 0x20, 0xff, 0x28, 0x24, 0x28, 0xff,
    0x20, 0x24, 0x20, 0xff, 0x28, 0x24, 0x28, 0xff, 0x28, 0x24, 0x28, 0xff,
    0x28, 0x24, 0x28, 0xff, 0x20, 0x24, 0x20, 0xff, 0x20, 0x24, 0x28, 0xfb,
    0x20, 0x20, 0x20, 0xe3, 0x20, 0x20, 0x20, 0xc3, 0x20, 0x20, 0x20, 0x7d,
    0x20, 0x20, 0x20, 0x38, 0x20, 0x1c, 0x00, 0x08, 0x20, 0x20, 0x00, 0x08,
    0x40, 0x1c, 0x00, 0x08, 0x20, 0x20, 0x00, 0x08, 0x20, 0x20, 0x00, 0x08,
    0x40, 0x20, 0x00, 0x08, 0xc0, 0xa8, 0x00, 0x1c, 0xf8, 0xd4, 0x00, 0xff,
    0x28, 0x24, 0x28, 0xff, 0x20, 0x20, 0x20, 0xff, 0x20, 0x20, 0x20, 0xff,
    0x20, 0x24, 0x28, 0xff, 0x20, 0x20, 0x20, 0xff, 0x38, 0x30, 0x20, 0xff,
    0xf8, 0xd4, 0x00, 0xff, 0x60, 0x5c, 0x00, 0x0c, 0x40, 0x20, 0x00, 0x08,
    0x20, 0x20, 0x00, 0x08, 0x20, 0x20, 0x00, 0x08, 0x20, 0x20, 0x00, 0x08,
    0x20, 0x1c, 0x00, 0x08, 0x18, 0x18, 0x00, 0x0c, 0x20, 0x20, 0x18, 0x41,
    0x18, 0x18, 0x20, 0x8a, 0x18, 0x1c, 0x20, 0xc3, 0x18, 0x1c, 0x18, 0xe7,
    0x20, 0x1c, 0x20, 0xff, 0x18, 0x1c, 0x20, 0xff, 0x20, 0x1c, 0x18, 0xff,
    0x18, 0x18, 0x18, 0xff, 0x18, 0x1c, 0x20, 0xff, 0x20, 0x1c, 0x18, 0xff,
    0x20, 0x1c, 0x18, 0xff, 0x18, 0x1c, 0x20, 0xff, 0x18, 0x18, 0x18, 0xff,
    0x20, 0x1c, 0x20, 0xff, 0x18, 0x1c, 0x18, 0xff, 0x18, 0x1c, 0x18, 0xff,
    0x18, 0x18, 0x18, 0xff, 0x18, 0x18, 0x18, 0xff, 0x18, 0x1c, 0x18, 0xff,
    0x18, 0x18, 0x18, 0xff, 0x18, 0x18, 0x18, 0xff, 0x18, 0x18, 0x18, 0xff,
    0x18, 0x18, 0x18, 0xff, 0x18, 0x18, 0x18, 0xff, 0x18, 0x18, 0x18, 0xff,
    0x18, 0x18, 0x18, 0xff, 0x18, 0x18, 0x18, 0xf3, 0x18, 0x18, 0x18, 0x55,
    0x00, 0x00, 0x00, 0x00, 0x00, 0x00, 0x00, 0x00, 0x00, 0x00, 0x00, 0x00,
    0x00, 0x00, 0x00, 0x00, 0x00, 0x00, 0x00, 0x00, 0x00, 0x00, 0x00, 0x00,
    0x00, 0x00, 0x00, 0x00, 0x00, 0x00, 0x00, 0x00, 0x00, 0x00, 0x00, 0x00,
    0x00, 0x00, 0x00, 0x00, 0x00, 0x00, 0x00, 0x00, 0x00, 0x00, 0x00, 0x00,
    0x00, 0x00, 0x00, 0x00, 0x00, 0x00, 0x00, 0x00, 0x00, 0x00, 0x00, 0x00,
    0x00, 0x00, 0x00, 0x00, 0x00, 0x00, 0x00, 0x00, 0x00, 0x00, 0x00, 0x00,
    0x00, 0x00, 0x00, 0x00, 0x00, 0x00, 0x00, 0x00, 0x00, 0x00, 0x00, 0x00,
    0x00, 0x00, 0x00, 0x00, 0x00, 0x00, 0x00, 0x00, 0x00, 0x00, 0x00, 0x00,
    0x00, 0x00, 0x00, 0x00, 0x00, 0x00, 0x00, 0x00, 0x00, 0x00, 0x00, 0x00,
    0x00, 0x00, 0x00, 0x00, 0x00, 0x00, 0x00, 0x00, 0x00, 0x00, 0x00, 0x00,
    0x00, 0x00, 0x00, 0x00, 0x00, 0x00, 0x00, 0x00, 0x00, 0x00, 0x00, 0x00,
    0x00, 0x00, 0x00, 0x00, 0x00, 0x00, 0x00, 0x00, 0x00, 0x00, 0x00, 0x00,
    0x00, 0x00, 0x00, 0x00, 0x00, 0x00, 0x00, 0x00, 0x00, 0x00, 0x00, 0x00,
    0x00, 0x00, 0x00, 0x00, 0x00, 0x00, 0x00, 0x00, 0x00, 0x00, 0x00, 0x00,
    0x00, 0x00, 0x00, 0x00, 0x00, 0x00, 0x00, 0x00, 0x00, 0x00, 0x00, 0x00,
    0x00, 0x00, 0x00, 0x00, 0x00, 0x00, 0x00, 0x00, 0x00, 0x00, 0x00, 0x00,
    0x00, 0x00, 0x00, 0x00, 0x00, 0x00, 0x00, 0x00, 0x00, 0x00, 0x00, 0x00,
    0x00, 0x00, 0x00, 0x00, 0x00, 0x00, 0x00, 0x00, 0x00, 0x00, 0x00, 0x00,
    0x00, 0x00, 0x00, 0x00, 0x00, 0x00, 0x00, 0x00, 0x00, 0x00, 0x00, 0x00,
    0x00, 0x00, 0x00, 0x00, 0x00, 0x00, 0x00, 0x00, 0x00, 0x00, 0x00, 0x00,
    0x00, 0x00, 0x00, 0x00, 0x00, 0x00, 0x00, 0x00, 0x00, 0x00, 0x00, 0x00,
    0x28, 0x28, 0x28, 0x3c, 0x28, 0x28, 0x28, 0xd3, 0x28, 0x28, 0x28, 0xff,
    0x28, 0x28, 0x28, 0xff, 0x28, 0x28, 0x28, 0xff, 0x28, 0x28, 0x28, 0xff,
    0x28, 0x24, 0x28, 0xff, 0x28, 0x24, 0x28, 0xff, 0x20, 0x28, 0x20, 0xff,
    0x28, 0x28, 0x28, 0xff, 0x28, 0x24, 0x20, 0xff, 0x20, 0x24, 0x28, 0xff,
    0x28, 0x24, 0x28, 0xff, 0x28, 0x28, 0x20, 0xff, 0x20, 0x24, 0x28, 0xff,
    0x20, 0x24, 0x20, 0xff, 0x28, 0x24, 0x20, 0xff, 0x20, 0x24, 0x28, 0xff,
    0x20, 0x24, 0x20, 0xff, 0x28, 0x24, 0x20, 0xff, 0x20, 0x24, 0x20, 0xff,
    0x28, 0x24, 0x20, 0xff, 0x28, 0x24, 0x28, 0xff, 0x20, 0x20, 0x20, 0xff,
    0x20, 0x24, 0x20, 0xff, 0x20, 0x24, 0x20, 0xff, 0x20, 0x20, 0x20, 0xff,
    0x20, 0x20, 0x20, 0xef, 0x20, 0x20, 0x20, 0xbe, 0x20, 0x20, 0x20, 0x8e,
    0x20, 0x20, 0x20, 0x6d, 0x20, 0x20, 0x20, 0x51, 0x20, 0x20, 0x20, 0x3c,
    0x70, 0x60, 0x10, 0x3c, 0xf8, 0xd4, 0x00, 0xff, 0x28, 0x24, 0x20, 0xff,
    0x20, 0x20, 0x20, 0xff, 0x20, 0x20, 0x28, 0xff, 0x20, 0x24, 0x20, 0xff,
    0x20, 0x24, 0x20, 0xff, 0x38, 0x30, 0x20, 0xff, 0xf8, 0xd4, 0x00, 0xff,
    0x30, 0x2c, 0x18, 0x30, 0x18, 0x1c, 0x20, 0x41, 0x20, 0x1c, 0x18, 0x55,
    0x20, 0x1c, 0x20, 0x6d, 0x20, 0x1c, 0x20, 0x96, 0x18, 0x1c, 0x20, 0xc3,
    0x20, 0x1c, 0x18, 0xf3, 0x20, 0x1c, 0x20, 0xff, 0x18, 0x1c, 0x18, 0xff,
    0x20, 0x1c, 0x18, 0xff, 0x20, 0x1c, 0x18, 0xff, 0x18, 0x1c, 0x18, 0xff,
    0x18, 0x1c, 0x18, 0xff, 0x20, 0x18, 0x20, 0xff, 0x18, 0x1c, 0x18, 0xff,
    0x18, 0x1c, 0x20, 0xff, 0x18, 0x18, 0x18, 0xff, 0x18, 0x18, 0x18, 0xff,
    0x18, 0x18, 0x18, 0xff, 0x20, 0x1c, 0x18, 0xff, 0x18, 0x18, 0x18, 0xff,
    0x18, 0x18, 0x18, 0xff, 0x18, 0x18, 0x18, 0xff, 0x18, 0x18, 0x18, 0xff,
    0x18, 0x18, 0x18, 0xff, 0x18, 0x18, 0x18, 0xff, 0x18, 0x18, 0x18, 0xff,
    0x18, 0x18, 0x18, 0xff, 0x18, 0x18, 0x18, 0xff, 0x18, 0x18, 0x18, 0xff,
    0x18, 0x18, 0x18, 0xff, 0x18, 0x18, 0x18, 0xff, 0x18, 0x14, 0x18, 0xbe,
    0x18, 0x18, 0x18, 0x2c, 0x00, 0x00, 0x00, 0x00, 0x00, 0x00, 0x00, 0x00,
    0x00, 0x00, 0x00, 0x00, 0x00, 0x00, 0x00, 0x00, 0x00, 0x00, 0x00, 0x00,
    0x00, 0x00, 0x00, 0x00, 0x00, 0x00, 0x00, 0x00, 0x00, 0x00, 0x00, 0x00,
    0x00, 0x00, 0x00, 0x00, 0x00, 0x00, 0x00, 0x00, 0x00, 0x00, 0x00, 0x00,
    0x00, 0x00, 0x00, 0x00, 0x00, 0x00, 0x00, 0x00, 0x00, 0x00, 0x00, 0x00,
    0x00, 0x00, 0x00, 0x00, 0x00, 0x00, 0x00, 0x00, 0x00, 0x00, 0x00, 0x00,
    0x00, 0x00, 0x00, 0x00, 0x00, 0x00, 0x00, 0x00, 0x00, 0x00, 0x00, 0x00,
    0x00, 0x00, 0x00, 0x00, 0x00, 0x00, 0x00, 0x00, 0x00, 0x00, 0x00, 0x00,
    0x00, 0x00, 0x00, 0x00, 0x00, 0x00, 0x00, 0x00, 0x00, 0x00, 0x00, 0x00,
    0x00, 0x00, 0x00, 0x00, 0x00, 0x00, 0x00, 0x00, 0x00, 0x00, 0x00, 0x00,
    0x00, 0x00, 0x00, 0x00, 0x00, 0x00, 0x00, 0x00, 0x00, 0x00, 0x00, 0x00,
    0x00, 0x00, 0x00, 0x00, 0x00, 0x00, 0x00, 0x00, 0x00, 0x00, 0x00, 0x00,
    0x00, 0x00, 0x00, 0x00, 0x00, 0x00, 0x00, 0x00, 0x00, 0x00, 0x00, 0x00,
    0x00, 0x00, 0x00, 0x00, 0x00, 0x00, 0x00, 0x00, 0x00, 0x00, 0x00, 0x00,
    0x00, 0x00, 0x00, 0x00, 0x00, 0x00, 0x00, 0x00, 0x00, 0x00, 0x00, 0x00,
    0x00, 0x00, 0x00, 0x00, 0x00, 0x00, 0x00, 0x00, 0x00, 0x00, 0x00, 0x00,
    0x00, 0x00, 0x00, 0x00, 0x00, 0x00, 0x00, 0x00, 0x00, 0x00, 0x00, 0x00,
    0x00, 0x00, 0x00, 0x00, 0x00, 0x00, 0x00, 0x00, 0x00, 0x00, 0x00, 0x00,
    0x00, 0x00, 0x00, 0x00, 0x00, 0x00, 0x00, 0x00, 0x00, 0x00, 0x00, 0x00,
    0x00, 0x00, 0x00, 0x00, 0x00, 0x00, 0x00, 0x00, 0x00, 0x00, 0x00, 0x00,
    0x00, 0x00, 0x00, 0x00, 0x00, 0x00, 0x00, 0x00, 0x00, 0x00, 0x00, 0x00,
    0x00, 0x00, 0x00, 0x00, 0x00, 0x00, 0x00, 0x00, 0x00, 0x00, 0x00, 0x00,
    0x28, 0x28, 0x28, 0x10, 0x28, 0x28, 0x28, 0x9a, 0x28, 0x24, 0x28, 0xf3,
    0x28, 0x28, 0x28, 0xff, 0x28, 0x24, 0x28, 0xff, 0x28, 0x28, 0x28, 0xff,
    0x20, 0x28, 0x28, 0xff, 0x28, 0x24, 0x28, 0xff, 0x28, 0x24, 0x20, 0xff,
    0x20, 0x24, 0x28, 0xff, 0x20, 0x24, 0x28, 0xff, 0x20, 0x24, 0x20, 0xff,
    0x28, 0x24, 0x28, 0xff, 0x20, 0x24, 0x20, 0xff, 0x28, 0x24, 0x28, 0xff,
    0x28, 0x24, 0x28, 0xff, 0x20, 0x24, 0x20, 0xff, 0x20, 0x24, 0x20, 0xff,
    0x20, 0x24, 0x20, 0xff, 0x20, 0x20, 0x28, 0xff, 0x20, 0x24, 0x20, 0xff,
    0x20, 0x20, 0x20, 0xff, 0x20, 0x20, 0x20, 0xff, 0x28, 0x24, 0x28, 0xff,
    0x20, 0x24, 0x20, 0xff, 0x20, 0x20, 0x20, 0xff, 0x20, 0x20, 0x20, 0xff,
    0x20, 0x20, 0x20, 0xff, 0x20, 0x20, 0x20, 0xff, 0x20, 0x20, 0x20, 0xff,
    0x20, 0x20, 0x20, 0xfb, 0x20, 0x20, 0x20, 0xfb, 0x30, 0x30, 0x20, 0xf7,
    0xf8, 0xd4, 0x00, 0xff, 0x28, 0x24, 0x20, 0xff, 0x20, 0x24, 0x20, 0xff,
    0x20, 0x20, 0x20, 0xff, 0x28, 0x24, 0x20, 0xff, 0x20, 0x20, 0x20, 0xff,
    0x30, 0x30, 0x20, 0xff, 0xf8, 0xd4, 0x00, 0xff, 0x20, 0x20, 0x20, 0xf7,
    0x20, 0x1c, 0x20, 0xf7, 0x18, 0x1c, 0x20, 0xfb, 0x20, 0x1c, 0x18, 0xff,
    0x18, 0x1c, 0x20, 0xff, 0x18, 0x1c, 0x18, 0xff, 0x20, 0x1c, 0x20, 0xff,
    0x18, 0x1c, 0x20, 0xff, 0x20, 0x1c, 0x20, 0xff, 0x20, 0x1c, 0x18, 0xff,
    0x18, 0x1c, 0x20, 0xff, 0x18, 0x1c, 0x18, 0xff, 0x20, 0x1c, 0x18, 0xff,
    0x18, 0x1c, 0x20, 0xff, 0x20, 0x1c, 0x18, 0xff, 0x18, 0x18, 0x18, 0xff,
    0x18, 0x18, 0x18, 0xff, 0x18, 0x1c, 0x20, 0xff, 0x18, 0x1c, 0x18, 0xff,
    0x18, 0x18, 0x18, 0xff, 0x18, 0x18, 0x18, 0xff, 0x18, 0x18, 0x18, 0xff,
    0x18, 0x18, 0x20, 0xff, 0x20, 0x18, 0x18, 0xff, 0x18, 0x18, 0x18, 0xff,
    0x18, 0x18, 0x18, 0xff, 0x18, 0x18, 0x18, 0xff, 0x18, 0x18, 0x18, 0xff,
    0x18, 0x18, 0x18, 0xff, 0x18, 0x18, 0x18, 0xff, 0x18, 0x18, 0x18, 0xf3,
    0x18, 0x14, 0x18, 0x8e, 0x18, 0x1c, 0x18, 0x08, 0x00, 0x00, 0x00, 0x00,
    0x00, 0x00, 0x00, 0x00, 0x00, 0x00, 0x00, 0x00, 0x00, 0x00, 0x00, 0x00,
    0x00, 0x00, 0x00, 0x00, 0x00, 0x00, 0x00, 0x00, 0x00, 0x00, 0x00, 0x00,
    0x00, 0x00, 0x00, 0x00, 0x00, 0x00, 0x00, 0x00, 0x00, 0x00, 0x00, 0x00,
    0x00, 0x00, 0x00, 0x00, 0x00, 0x00, 0x00, 0x00, 0x00, 0x00, 0x00, 0x00,
    0x00, 0x00, 0x00, 0x00, 0x00, 0x00, 0x00, 0x00, 0x00, 0x00, 0x00, 0x00,
    0x00, 0x00, 0x00, 0x00, 0x00, 0x00, 0x00, 0x00, 0x00, 0x00, 0x00, 0x00,
    0x00, 0x00, 0x00, 0x00, 0x00, 0x00, 0x00, 0x00, 0x00, 0x00, 0x00, 0x00,
    0x00, 0x00, 0x00, 0x00, 0x00, 0x00, 0x00, 0x00, 0x00, 0x00, 0x00, 0x00,
    0x00, 0x00, 0x00, 0x00, 0x00, 0x00, 0x00, 0x00, 0x00, 0x00, 0x00, 0x00,
    0x00, 0x00, 0x00, 0x00, 0x00, 0x00, 0x00, 0x00, 0x00, 0x00, 0x00, 0x00,
    0x00, 0x00, 0x00, 0x00, 0x00, 0x00, 0x00, 0x00, 0x00, 0x00, 0x00, 0x00,
    0x00, 0x00, 0x00, 0x00, 0x00, 0x00, 0x00, 0x00, 0x00, 0x00, 0x00, 0x00,
    0x00, 0x00, 0x00, 0x00, 0x00, 0x00, 0x00, 0x00, 0x00, 0x00, 0x00, 0x00,
    0x00, 0x00, 0x00, 0x00, 0x00, 0x00, 0x00, 0x00, 0x00, 0x00, 0x00, 0x00,
    0x00, 0x00, 0x00, 0x00, 0x00, 0x00, 0x00, 0x00, 0x00, 0x00, 0x00, 0x00,
    0x00, 0x00, 0x00, 0x00, 0x00, 0x00, 0x00, 0x00, 0x00, 0x00, 0x00, 0x00,
    0x00, 0x00, 0x00, 0x00, 0x00, 0x00, 0x00, 0x00, 0x00, 0x00, 0x00, 0x00,
    0x00, 0x00, 0x00, 0x00, 0x00, 0x00, 0x00, 0x00, 0x00, 0x00, 0x00, 0x00,
    0x00, 0x00, 0x00, 0x00, 0x00, 0x00, 0x00, 0x00, 0x00, 0x00, 0x00, 0x00,
    0x00, 0x00, 0x00, 0x00, 0x00, 0x00, 0x00, 0x00, 0x00, 0x00, 0x00, 0x00,
    0x00, 0x00, 0x00, 0x00, 0x00, 0x00, 0x00, 0x00, 0x00, 0x00, 0x00, 0x00,
    0x00, 0x00, 0x00, 0x00, 0x00, 0x00, 0x00, 0x00, 0x00, 0x00, 0x00, 0x00,
    0x40, 0x40, 0x40, 0x04, 0x28, 0x28, 0x28, 0x49, 0x20, 0x24, 0x20, 0xe7,
    0x28, 0x24, 0x28, 0xff, 0x28, 0x24, 0x20, 0xff, 0x28, 0x28, 0x28, 0xff,
    0x20, 0x24, 0x20, 0xff, 0x28, 0x24, 0x28, 0xff, 0x28, 0x28, 0x28, 0xff,
    0x20, 0x24, 0x20, 0xff, 0x28, 0x24, 0x20, 0xff, 0x28, 0x24, 0x28, 0xff,
    0x20, 0x24, 0x20, 0xff, 0x20, 0x24, 0x20, 0xff, 0x20, 0x24, 0x28, 0xff,
    0x28, 0x24, 0x20, 0xff, 0x28, 0x24, 0x20, 0xff, 0x20, 0x20, 0x28, 0xff,
    0x28, 0x24, 0x28, 0xff, 0x20, 0x20, 0x20, 0xff, 0x20, 0x20, 0x20, 0xff,
    0x20, 0x24, 0x20, 0xff, 0x20, 0x20, 0x20, 0xff, 0x20, 0x20, 0x20, 0xff,
    0x20, 0x20, 0x20, 0xff, 0x20, 0x20, 0x20, 0xff, 0x20, 0x24, 0x20, 0xff,
    0x20, 0x20, 0x20, 0xff, 0x20, 0x20, 0x20, 0xff, 0x20, 0x20, 0x20, 0xff,
    0x20, 0x20, 0x20, 0xff, 0x30, 0x2c, 0x20, 0xff, 0xf8, 0xd4, 0x00, 0xff,
    0x28, 0x24, 0x20, 0xff, 0x20, 0x20, 0x28, 0xff, 0x20, 0x24, 0x20, 0xff,
    0x20, 0x20, 0x28, 0xff, 0x20, 0x24, 0x20, 0xff, 0x38, 0x30, 0x20, 0xff,
    0xf8, 0xd4, 0x00, 0xff, 0x20, 0x20, 0x20, 0xff, 0x20, 0x1c, 0x20, 0xff,
    0x20, 0x1c, 0x18, 0xff, 0x20, 0x20, 0x20, 0xff, 0x18, 0x1c, 0x18, 0xff,
    0x20, 0x1c, 0x18, 0xff, 0x18, 0x1c, 0x20, 0xff, 0x18, 0x1c, 0x18, 0xff,
    0x20, 0x1c, 0x18, 0xff, 0x18, 0x1c, 0x20, 0xff, 0x18, 0x1c, 0x20, 0xff,
    0x20, 0x18, 0x18, 0xff, 0x18, 0x18, 0x20, 0xff, 0x18, 0x1c, 0x18, 0xff,
    0x18, 0x18, 0x18, 0xff, 0x20, 0x18, 0x18, 0xff, 0x20, 0x1c, 0x18, 0xff,
    0x18, 0x1c, 0x20, 0xff, 0x18, 0x18, 0x18, 0xff, 0x18, 0x18, 0x18, 0xff,
    0x18, 0x18, 0x18, 0xff, 0x18, 0x1c, 0x18, 0xff, 0x18, 0x18, 0x18, 0xff,
    0x18, 0x18, 0x18, 0xff, 0x18, 0x18, 0x18, 0xff, 0x18, 0x18, 0x18, 0xff,
    0x18, 0x18, 0x18, 0xff, 0x18, 0x18, 0x18, 0xff, 0x18, 0x18, 0x18, 0xfb,
    0x18, 0x18, 0x18, 0xd7, 0x18, 0x14, 0x18, 0x3c, 0x00, 0x00, 0x00, 0x04,
    0x00, 0x00, 0x00, 0x00, 0x00, 0x00, 0x00, 0x00, 0x00, 0x00, 0x00, 0x00,
    0x00, 0x00, 0x00, 0x00, 0x00, 0x00, 0x00, 0x00, 0x00, 0x00, 0x00, 0x00,
    0x00, 0x00, 0x00, 0x00, 0x00, 0x00, 0x00, 0x00, 0x00, 0x00, 0x00, 0x00,
    0x00, 0x00, 0x00, 0x00, 0x00, 0x00, 0x00, 0x00, 0x00, 0x00, 0x00, 0x00,
    0x00, 0x00, 0x00, 0x00, 0x00, 0x00, 0x00, 0x00, 0x00, 0x00, 0x00, 0x00,
    0x00, 0x00, 0x00, 0x00, 0x00, 0x00, 0x00, 0x00, 0x00, 0x00, 0x00, 0x00,
    0x00, 0x00, 0x00, 0x00, 0x00, 0x00, 0x00, 0x00, 0x00, 0x00, 0x00, 0x00,
    0x00, 0x00, 0x00, 0x00, 0x00, 0x00, 0x00, 0x00, 0x00, 0x00, 0x00, 0x00,
    0x00, 0x00, 0x00, 0x00, 0x00, 0x00, 0x00, 0x00, 0x00, 0x00, 0x00, 0x00,
    0x00, 0x00, 0x00, 0x00, 0x00, 0x00, 0x00, 0x00, 0x00, 0x00, 0x00, 0x00,
    0x00, 0x00, 0x00, 0x00, 0x00, 0x00, 0x00, 0x00, 0x00, 0x00, 0x00, 0x00,
    0x00, 0x00, 0x00, 0x00, 0x00, 0x00, 0x00, 0x00, 0x00, 0x00, 0x00, 0x00,
    0x00, 0x00, 0x00, 0x00, 0x00, 0x00, 0x00, 0x00, 0x00, 0x00, 0x00, 0x00,
    0x00, 0x00, 0x00, 0x00, 0x00, 0x00, 0x00, 0x00, 0x00, 0x00, 0x00, 0x00,
    0x00, 0x00, 0x00, 0x00, 0x00, 0x00, 0x00, 0x00, 0x00, 0x00, 0x00, 0x00,
    0x00, 0x00, 0x00, 0x00, 0x00, 0x00, 0x00, 0x00, 0x00, 0x00, 0x00, 0x00,
    0x00, 0x00, 0x00, 0x00, 0x00, 0x00, 0x00, 0x00, 0x00, 0x00, 0x00, 0x00,
    0x00, 0x00, 0x00, 0x00, 0x00, 0x00, 0x00, 0x00, 0x00, 0x00, 0x00, 0x00,
    0x00, 0x00, 0x00, 0x00, 0x00, 0x00, 0x00, 0x00, 0x00, 0x00, 0x00, 0x00,
    0x00, 0x00, 0x00, 0x00, 0x00, 0x00, 0x00, 0x00, 0x00, 0x00, 0x00, 0x00,
    0x00, 0x00, 0x00, 0x00, 0x00, 0x00, 0x00, 0x00, 0x00, 0x00, 0x00, 0x00,
    0x00, 0x00, 0x00, 0x00, 0x00, 0x00, 0x00, 0x00, 0x00, 0x00, 0x00, 0x00,
    0x00, 0x00, 0x00, 0x00, 0x00, 0x00, 0x00, 0x00, 0x00, 0x00, 0x00, 0x00,
    0x00, 0x00, 0x00, 0x00, 0x28, 0x24, 0x28, 0x1c, 0x20, 0x24, 0x20, 0x92,
    0x28, 0x24, 0x28, 0xf7, 0x20, 0x24, 0x20, 0xff, 0x28, 0x24, 0x28, 0xff,
    0x28, 0x24, 0x28, 0xff, 0x28, 0x24, 0x20, 0xff, 0x20, 0x24, 0x20, 0xff,
    0x28, 0x24, 0x28, 0xff, 0x20, 0x24, 0x28, 0xff, 0x28, 0x24, 0x20, 0xff,
    0x20, 0x24, 0x20, 0xff, 0x20, 0x24, 0x28, 0xff, 0x28, 0x24, 0x20, 0xff,
    0x20, 0x24, 0x20, 0xff, 0x20, 0x24, 0x28, 0xff, 0x20, 0x20, 0x20, 0xff,
    0x28, 0x24, 0x20, 0xff, 0x20, 0x24, 0x28, 0xff, 0x28, 0x20, 0x20, 0xff,
    0x20, 0x20, 0x20, 0xff, 0x20, 0x20, 0x20, 0xff, 0x20, 0x20, 0x20, 0xff,
    0x20, 0x20, 0x28, 0xff, 0x20, 0x20, 0x20, 0xff, 0x20, 0x20, 0x20, 0xff,
    0x20, 0x20, 0x20, 0xff, 0x20, 0x20, 0x20, 0xff, 0x20, 0x20, 0x20, 0xff,
    0x30, 0x30, 0x20, 0xff, 0xf8, 0xd4, 0x00, 0xff, 0x28, 0x24, 0x20, 0xff,
    0x20, 0x20, 0x20, 0xff, 0x20, 0x24, 0x20, 0xff, 0x20, 0x24, 0x20, 0xff,
    0x28, 0x20, 0x28, 0xff, 0x38, 0x30, 0x20, 0xff, 0xf8, 0xd4, 0x00, 0xff,
    0x20, 0x20, 0x20, 0xff, 0x18, 0x1c, 0x18, 0xff, 0x20, 0x1c, 0x20, 0xff,
    0x18, 0x1c, 0x20, 0xff, 0x20, 0x1c, 0x18, 0xff, 0x20, 0x1c, 0x20, 0xff,
    0x18, 0x1c, 0x20, 0xff, 0x20, 0x1c, 0x18, 0xff, 0x20, 0x1c, 0x18, 0xff,
    0x18, 0x1c, 0x18, 0xff, 0x18, 0x1c, 0x18, 0xff, 0x20, 0x1c, 0x20, 0xff,
    0x18, 0x1c, 0x18, 0xff, 0x18, 0x18, 0x18, 0xff, 0x18, 0x1c, 0x20, 0xff,
    0x18, 0x1c, 0x18, 0xff, 0x18, 0x18, 0x18, 0xff, 0x18, 0x18, 0x18, 0xff,
    0x20, 0x18, 0x18, 0xff, 0x18, 0x18, 0x18, 0xff, 0x18, 0x18, 0x20, 0xff,
    0x20, 0x18, 0x18, 0xff, 0x18, 0x18, 0x18, 0xff, 0x18, 0x18, 0x18, 0xff,
    0x18, 0x18, 0x18, 0xff, 0x18, 0x18, 0x18, 0xff, 0x18, 0x18, 0x18, 0xff,
    0x18, 0x18, 0x18, 0xf3, 0x18, 0x18, 0x18, 0x82, 0x20, 0x1c, 0x20, 0x10,
    0x00, 0x00, 0x00, 0x00, 0x00, 0x00, 0x00, 0x00, 0x00, 0x00, 0x00, 0x00,
    0x00, 0x00, 0x00, 0x00, 0x00, 0x00, 0x00, 0x00, 0x00, 0x00, 0x00, 0x00,
    0x00, 0x00, 0x00, 0x00, 0x00, 0x00, 0x00, 0x00, 0x00, 0x00, 0x00, 0x00,
    0x00, 0x00, 0x00, 0x00, 0x00, 0x00, 0x00, 0x00, 0x00, 0x00, 0x00, 0x00,
    0x00, 0x00, 0x00, 0x00, 0x00, 0x00, 0x00, 0x00, 0x00, 0x00, 0x00, 0x00,
    0x00, 0x00, 0x00, 0x00, 0x00, 0x00, 0x00, 0x00, 0x00, 0x00, 0x00, 0x00,
    0x00, 0x00, 0x00, 0x00, 0x00, 0x00, 0x00, 0x00, 0x00, 0x00, 0x00, 0x00,
    0x00, 0x00, 0x00, 0x00, 0x00, 0x00, 0x00, 0x00, 0x00, 0x00, 0x00, 0x00,
    0x00, 0x00, 0x00, 0x00, 0x00, 0x00, 0x00, 0x00, 0x00, 0x00, 0x00, 0x00,
    0x00, 0x00, 0x00, 0x00, 0x00, 0x00, 0x00, 0x00, 0x00, 0x00, 0x00, 0x00,
    0x00, 0x00, 0x00, 0x00, 0x00, 0x00, 0x00, 0x00, 0x00, 0x00, 0x00, 0x00,
    0x00, 0x00, 0x00, 0x00, 0x00, 0x00, 0x00, 0x00, 0x00, 0x00, 0x00, 0x00,
    0x00, 0x00, 0x00, 0x00, 0x00, 0x00, 0x00, 0x00, 0x00, 0x00, 0x00, 0x00,
    0x00, 0x00, 0x00, 0x00, 0x00, 0x00, 0x00, 0x00, 0x00, 0x00, 0x00, 0x00,
    0x00, 0x00, 0x00, 0x00, 0x00, 0x00, 0x00, 0x00, 0x00, 0x00, 0x00, 0x00,
    0x00, 0x00, 0x00, 0x00, 0x00, 0x00, 0x00, 0x00, 0x00, 0x00, 0x00, 0x00,
    0x00, 0x00, 0x00, 0x00, 0x00, 0x00, 0x00, 0x00, 0x00, 0x00, 0x00, 0x00,
    0x00, 0x00, 0x00, 0x00, 0x00, 0x00, 0x00, 0x00, 0x00, 0x00, 0x00, 0x00,
    0x00, 0x00, 0x00, 0x00, 0x00, 0x00, 0x00, 0x00, 0x00, 0x00, 0x00, 0x00,
    0x00, 0x00, 0x00, 0x00, 0x00, 0x00, 0x00, 0x00, 0x00, 0x00, 0x00, 0x00,
    0x00, 0x00, 0x00, 0x00, 0x00, 0x00, 0x00, 0x00, 0x00, 0x00, 0x00, 0x00,
    0x00, 0x00, 0x00, 0x00, 0x00, 0x00, 0x00, 0x00, 0x00, 0x00, 0x00, 0x00,
    0x00, 0x00, 0x00, 0x00, 0x00, 0x00, 0x00, 0x00, 0x00, 0x00, 0x00, 0x00,
    0x00, 0x00, 0x00, 0x00, 0x00, 0x00, 0x00, 0x00, 0x00, 0x00, 0x00, 0x00,
    0x00, 0x00, 0x00, 0x00, 0x00, 0x00, 0x00, 0x00, 0x28, 0x28, 0x28, 0x34,
    0x28, 0x24, 0x28, 0xc3, 0x20, 0x24, 0x20, 0xfb, 0x20, 0x28, 0x28, 0xff,
    0x28, 0x24, 0x28, 0xff, 0x28, 0x24, 0x28, 0xff, 0x20, 0x24, 0x20, 0xff,
    0x28, 0x24, 0x28, 0xff, 0x28, 0x24, 0x28, 0xff, 0x28, 0x24, 0x20, 0xff,
    0x28, 0x24, 0x28, 0xff, 0x20, 0x20, 0x20, 0xff, 0x20, 0x24, 0x20, 0xff,
    0x28, 0x24, 0x28, 0xff, 0x20, 0x20, 0x20, 0xff, 0x20, 0x20, 0x20, 0xff,
    0x20, 0x24, 0x20, 0xff, 0x20, 0x24, 0x28, 0xff, 0x28, 0x24, 0x20, 0xff,
    0x20, 0x20, 0x20, 0xff, 0x20, 0x24, 0x20, 0xff, 0x28, 0x20, 0x20, 0xff,
    0x20, 0x20, 0x20, 0xff, 0x20, 0x20, 0x20, 0xff, 0x20, 0x20, 0x20, 0xff,
    0x20, 0x20, 0x20, 0xff, 0x20, 0x20, 0x20, 0xff, 0x30, 0x2c, 0x20, 0xff,
    0xf8, 0xd4, 0x00, 0xff, 0x28, 0x28, 0x20, 0xff, 0x20, 0x20, 0x20, 0xff,
    0x20, 0x20, 0x20, 0xff, 0x28, 0x24, 0x20, 0xff, 0x20, 0x24, 0x20, 0xff,
    0x38, 0x34, 0x20, 0xff, 0xf8, 0xd4, 0x00, 0xff, 0x20, 0x20, 0x20, 0xff,
    0x20, 0x1c, 0x18, 0xff, 0x18, 0x20, 0x20, 0xff, 0x20, 0x1c, 0x20, 0xff,
    0x20, 0x1c, 0x18, 0xff, 0x18, 0x1c, 0x20, 0xff, 0x18, 0x1c, 0x18, 0xff,
    0x20, 0x1c, 0x20, 0xff, 0x18, 0x1c, 0x20, 0xff, 0x20, 0x1c, 0x20, 0xff,
    0x18, 0x1c, 0x18, 0xff, 0x18, 0x1c, 0x18, 0xff, 0x20, 0x1c, 0x20, 0xff,
    0x20, 0x1c, 0x18, 0xff, 0x18, 0x18, 0x18, 0xff, 0x18, 0x18, 0x20, 0xff,
    0x18, 0x1c, 0x18, 0xff, 0x20, 0x1c, 0x18, 0xff, 0x18, 0x18, 0x18, 0xff,
    0x18, 0x18, 0x18, 0xff, 0x18, 0x1c, 0x18, 0xff, 0x18, 0x18, 0x18, 0xff,
    0x18, 0x18, 0x18, 0xff, 0x18, 0x18, 0x18, 0xff, 0x18, 0x18, 0x18, 0xff,
    0x18, 0x18, 0x18, 0xf7, 0x18, 0x18, 0x18, 0xb6, 0x18, 0x18, 0x18, 0x28,
    0x00, 0x00, 0x00, 0x00, 0x00, 0x00, 0x00, 0x00, 0x00, 0x00, 0x00, 0x00,
    0x00, 0x00, 0x00, 0x00, 0x00, 0x00, 0x00, 0x00, 0x00, 0x00, 0x00, 0x00,
    0x00, 0x00, 0x00, 0x00, 0x00, 0x00, 0x00, 0x00, 0x00, 0x00, 0x00, 0x00,
    0x00, 0x00, 0x00, 0x00, 0x00, 0x00, 0x00, 0x00, 0x00, 0x00, 0x00, 0x00,
    0x00, 0x00, 0x00, 0x00, 0x00, 0x00, 0x00, 0x00, 0x00, 0x00, 0x00, 0x00,
    0x00, 0x00, 0x00, 0x00, 0x00, 0x00, 0x00, 0x00, 0x00, 0x00, 0x00, 0x00,
    0x00, 0x00, 0x00, 0x00, 0x00, 0x00, 0x00, 0x00, 0x00, 0x00, 0x00, 0x00,
    0x00, 0x00, 0x00, 0x00, 0x00, 0x00, 0x00, 0x00, 0x00, 0x00, 0x00, 0x00,
    0x00, 0x00, 0x00, 0x00, 0x00, 0x00, 0x00, 0x00, 0x00, 0x00, 0x00, 0x00,
    0x00, 0x00, 0x00, 0x00, 0x00, 0x00, 0x00, 0x00, 0x00, 0x00, 0x00, 0x00,
    0x00, 0x00, 0x00, 0x00, 0x00, 0x00, 0x00, 0x00, 0x00, 0x00, 0x00, 0x00,
    0x00, 0x00, 0x00, 0x00, 0x00, 0x00, 0x00, 0x00, 0x00, 0x00, 0x00, 0x00,
    0x00, 0x00, 0x00, 0x00, 0x00, 0x00, 0x00, 0x00, 0x00, 0x00, 0x00, 0x00,
    0x00, 0x00, 0x00, 0x00, 0x00, 0x00, 0x00, 0x00, 0x00, 0x00, 0x00, 0x00,
    0x00, 0x00, 0x00, 0x00, 0x00, 0x00, 0x00, 0x00, 0x00, 0x00, 0x00, 0x00,
    0x00, 0x00, 0x00, 0x00, 0x00, 0x00, 0x00, 0x00, 0x00, 0x00, 0x00, 0x00,
    0x00, 0x00, 0x00, 0x00, 0x00, 0x00, 0x00, 0x00, 0x00, 0x00, 0x00, 0x00,
    0x00, 0x00, 0x00, 0x00, 0x00, 0x00, 0x00, 0x00, 0x00, 0x00, 0x00, 0x00,
    0x00, 0x00, 0x00, 0x00, 0x00, 0x00, 0x00, 0x00, 0x00, 0x00, 0x00, 0x00,
    0x00, 0x00, 0x00, 0x00, 0x00, 0x00, 0x00, 0x00, 0x00, 0x00, 0x00, 0x00,
    0x00, 0x00, 0x00, 0x00, 0x00, 0x00, 0x00, 0x00, 0x00, 0x00, 0x00, 0x00,
    0x00, 0x00, 0x00, 0x00, 0x00, 0x00, 0x00, 0x00, 0x00, 0x00, 0x00, 0x00,
    0x00, 0x00, 0x00, 0x00, 0x00, 0x00, 0x00, 0x00, 0x00, 0x00, 0x00, 0x00,
    0x00, 0x00, 0x00, 0x00, 0x00, 0x00, 0x00, 0x00, 0x00, 0x00, 0x00, 0x00,
    0x00, 0x00, 0x00, 0x00, 0x00, 0x00, 0x00, 0x00, 0x00, 0x00, 0x00, 0x00,
    0x00, 0x00, 0x00, 0x00, 0x00, 0x00, 0x00, 0x00, 0x20, 0x20, 0x20, 0x08,
    0x28, 0x28, 0x28, 0x51, 0x20, 0x24, 0x20, 0xcf, 0x20, 0x24, 0x20, 0xf7,
    0x28, 0x24, 0x28, 0xff, 0x20, 0x24, 0x20, 0xff, 0x20, 0x24, 0x20, 0xff,
    0x20, 0x24, 0x20, 0xff, 0x20, 0x24, 0x28, 0xff, 0x20, 0x24, 0x20, 0xff,
    0x20, 0x24, 0x28, 0xff, 0x28, 0x24, 0x20, 0xff, 0x20, 0x20, 0x20, 0xff,
    0x20, 0x20, 0x20, 0xff, 0x28, 0x24, 0x20, 0xff, 0x20, 0x20, 0x20, 0xff,
    0x20, 0x20, 0x20, 0xff, 0x20, 0x20, 0x20, 0xff, 0x20, 0x20, 0x20, 0xff,
    0x20, 0x20, 0x28, 0xff, 0x20, 0x24, 0x20, 0xff, 0x20, 0x20, 0x20, 0xff,
    0x20, 0x20, 0x20, 0xff, 0x20, 0x20, 0x20, 0xff, 0x20, 0x20, 0x20, 0xff,
    0x20, 0x20, 0x20, 0xff, 0x30, 0x28, 0x18, 0xff, 0xe8, 0xc0, 0x00, 0xff,
    0x70, 0x60, 0x18, 0xff, 0x28, 0x24, 0x28, 0xff, 0x20, 0x20, 0x20, 0xff,
    0x20, 0x20, 0x28, 0xff, 0x28, 0x28, 0x20, 0xff, 0x80, 0x70, 0x10, 0xff,
    0xd8, 0xb4, 0x08, 0xff, 0x20, 0x20, 0x20, 0xff, 0x20, 0x1c, 0x18, 0xff,
    0x18, 0x1c, 0x20, 0xff, 0x18, 0x1c, 0x18, 0xff, 0x20, 0x1c, 0x18, 0xff,
    0x18, 0x1c, 0x20, 0xff, 0x20, 0x1c, 0x18, 0xff, 0x18, 0x1c, 0x18, 0xff,
    0x18, 0x1c, 0x20, 0xff, 0x20, 0x1c, 0x18, 0xff, 0x18, 0x18, 0x18, 0xff,
    0x18, 0x18, 0x20, 0xff, 0x18, 0x18, 0x18, 0xff, 0x18, 0x1c, 0x18, 0xff,
    0x20, 0x18, 0x18, 0xff, 0x18, 0x18, 0x18, 0xff, 0x18, 0x1c, 0x20, 0xff,
    0x18, 0x18, 0x18, 0xff, 0x18, 0x18, 0x18, 0xff, 0x18, 0x18, 0x18, 0xff,
    0x18, 0x1c, 0x18, 0xff, 0x18, 0x18, 0x18, 0xff, 0x18, 0x18, 0x18, 0xff,
    0x18, 0x18, 0x18, 0xf7, 0x18, 0x18, 0x18, 0xc3, 0x18, 0x14, 0x18, 0x41,
    0x28, 0x2c, 0x28, 0x04, 0x00, 0x00, 0x00, 0x00, 0x00, 0x00, 0x00, 0x00,
    0x00, 0x00, 0x00, 0x00, 0x00, 0x00, 0x00, 0x00, 0x00, 0x00, 0x00, 0x00,
    0x00, 0x00, 0x00, 0x00, 0x00, 0x00, 0x00, 0x00, 0x00, 0x00, 0x00, 0x00,
    0x00, 0x00, 0x00, 0x00, 0x00, 0x00, 0x00, 0x00, 0x00, 0x00, 0x00, 0x00,
    0x00, 0x00, 0x00, 0x00, 0x00, 0x00, 0x00, 0x00, 0x00, 0x00, 0x00, 0x00,
    0x00, 0x00, 0x00, 0x00, 0x00, 0x00, 0x00, 0x00, 0x00, 0x00, 0x00, 0x00,
    0x00, 0x00, 0x00, 0x00, 0x00, 0x00, 0x00, 0x00, 0x00, 0x00, 0x00, 0x00,
    0x00, 0x00, 0x00, 0x00, 0x00, 0x00, 0x00, 0x00, 0x00, 0x00, 0x00, 0x00,
    0x00, 0x00, 0x00, 0x00, 0x00, 0x00, 0x00, 0x00, 0x00, 0x00, 0x00, 0x00,
    0x00, 0x00, 0x00, 0x00, 0x00, 0x00, 0x00, 0x00, 0x00, 0x00, 0x00, 0x00,
    0x00, 0x00, 0x00, 0x00, 0x00, 0x00, 0x00, 0x00, 0x00, 0x00, 0x00, 0x00,
    0x00, 0x00, 0x00, 0x00, 0x00, 0x00, 0x00, 0x00, 0x00, 0x00, 0x00, 0x00,
    0x00, 0x00, 0x00, 0x00, 0x00, 0x00, 0x00, 0x00, 0x00, 0x00, 0x00, 0x00,
    0x00, 0x00, 0x00, 0x00, 0x00, 0x00, 0x00, 0x00, 0x00, 0x00, 0x00, 0x00,
    0x00, 0x00, 0x00, 0x00, 0x00, 0x00, 0x00, 0x00, 0x00, 0x00, 0x00, 0x00,
    0x00, 0x00, 0x00, 0x00, 0x00, 0x00, 0x00, 0x00, 0x00, 0x00, 0x00, 0x00,
    0x00, 0x00, 0x00, 0x00, 0x00, 0x00, 0x00, 0x00, 0x00, 0x00, 0x00, 0x00,
    0x00, 0x00, 0x00, 0x00, 0x00, 0x00, 0x00, 0x00, 0x00, 0x00, 0x00, 0x00,
    0x00, 0x00, 0x00, 0x00, 0x00, 0x00, 0x00, 0x00, 0x00, 0x00, 0x00, 0x00,
    0x00, 0x00, 0x00, 0x00, 0x00, 0x00, 0x00, 0x00, 0x00, 0x00, 0x00, 0x00,
    0x00, 0x00, 0x00, 0x00, 0x00, 0x00, 0x00, 0x00, 0x00, 0x00, 0x00, 0x00,
    0x00, 0x00, 0x00, 0x00, 0x00, 0x00, 0x00, 0x00, 0x00, 0x00, 0x00, 0x00,
    0x00, 0x00, 0x00, 0x00, 0x00, 0x00, 0x00, 0x00, 0x00, 0x00, 0x00, 0x00,
    0x00, 0x00, 0x00, 0x00, 0x00, 0x00, 0x00, 0x00, 0x00, 0x00, 0x00, 0x00,
    0x00, 0x00, 0x00, 0x00, 0x00, 0x00, 0x00, 0x00, 0x00, 0x00, 0x00, 0x00,
    0x00, 0x00, 0x00, 0x00, 0x00, 0x00, 0x00, 0x00, 0x00, 0x00, 0x00, 0x00,
    0x00, 0x00, 0x00, 0x00, 0x00, 0x00, 0x00, 0x00, 0x00, 0x00, 0x00, 0x00,
    0x20, 0x24, 0x20, 0x10, 0x28, 0x24, 0x20, 0x55, 0x20, 0x24, 0x20, 0xd3,
    0x28, 0x24, 0x28, 0xff, 0x28, 0x24, 0x28, 0xff, 0x20, 0x24, 0x20, 0xff,
    0x20, 0x24, 0x20, 0xff, 0x28, 0x24, 0x28, 0xff, 0x20, 0x24, 0x20, 0xff,
    0x28, 0x24, 0x28, 0xff, 0x20, 0x20, 0x20, 0xff, 0x20, 0x24, 0x20, 0xff,
    0x20, 0x24, 0x28, 0xff, 0x28, 0x20, 0x28, 0xff, 0x20, 0x20, 0x20, 0xff,
    0x20, 0x20, 0x20, 0xff, 0x20, 0x20, 0x20, 0xff, 0x20, 0x20, 0x20, 0xff,
    0x20, 0x20, 0x20, 0xff, 0x20, 0x20, 0x20, 0xff, 0x20, 0x20, 0x20, 0xff,
    0x20, 0x20, 0x20, 0xff, 0x20, 0x20, 0x20, 0xff, 0x20, 0x20, 0x20, 0xff,
    0x20, 0x20, 0x20, 0xff, 0x80, 0x6c, 0x10, 0xff, 0xf0, 0xc8, 0x00, 0xff,
    0xc0, 0xa4, 0x08, 0xff, 0xc0, 0xa0, 0x08, 0xff, 0xc0, 0xa0, 0x08, 0xff,
    0xc8, 0xa4, 0x08, 0xff, 0xf0, 0xc8, 0x00, 0xff, 0x70, 0x60, 0x10, 0xff,
    0x20, 0x1c, 0x20, 0xff, 0x18, 0x1c, 0x20, 0xff, 0x20, 0x1c, 0x18, 0xff,
    0x20, 0x1c, 0x20, 0xff, 0x18, 0x1c, 0x20, 0xff, 0x20, 0x1c, 0x18, 0xff,
    0x20, 0x1c, 0x20, 0xff, 0x18, 0x1c, 0x18, 0xff, 0x18, 0x1c, 0x18, 0xff,
    0x20, 0x1c, 0x18, 0xff, 0x20, 0x1c, 0x20, 0xff, 0x18, 0x1c, 0x18, 0xff,
    0x18, 0x18, 0x18, 0xff, 0x18, 0x1c, 0x20, 0xff, 0x18, 0x1c, 0x18, 0xff,
    0x20, 0x18, 0x18, 0xff, 0x18, 0x18, 0x18, 0xff, 0x18, 0x18, 0x18, 0xff,
    0x18, 0x18, 0x18, 0xff, 0x18, 0x18, 0x20, 0xff, 0x18, 0x18, 0x18, 0xff,
    0x18, 0x18, 0x18, 0xff, 0x18, 0x18, 0x18, 0xc3, 0x18, 0x18, 0x18, 0x4d,
    0x10, 0x14, 0x18, 0x0c, 0x00, 0x00, 0x00, 0x00, 0x00, 0x00, 0x00, 0x00,
    0x00, 0x00, 0x00, 0x00, 0x00, 0x00, 0x00, 0x00, 0x00, 0x00, 0x00, 0x00,
    0x00, 0x00, 0x00, 0x00, 0x00, 0x00, 0x00, 0x00, 0x00, 0x00, 0x00, 0x00,
    0x00, 0x00, 0x00, 0x00, 0x00, 0x00, 0x00, 0x00, 0x00, 0x00, 0x00, 0x00,
    0x00, 0x00, 0x00, 0x00, 0x00, 0x00, 0x00, 0x00, 0x00, 0x00, 0x00, 0x00,
    0x00, 0x00, 0x00, 0x00, 0x00, 0x00, 0x00, 0x00, 0x00, 0x00, 0x00, 0x00,
    0x00, 0x00, 0x00, 0x00, 0x00, 0x00, 0x00, 0x00, 0x00, 0x00, 0x00, 0x00,
    0x00, 0x00, 0x00, 0x00, 0x00, 0x00, 0x00, 0x00, 0x00, 0x00, 0x00, 0x00,
    0x00, 0x00, 0x00, 0x00, 0x00, 0x00, 0x00, 0x00, 0x00, 0x00, 0x00, 0x00,
    0x00, 0x00, 0x00, 0x00, 0x00, 0x00, 0x00, 0x00, 0x00, 0x00, 0x00, 0x00,
    0x00, 0x00, 0x00, 0x00, 0x00, 0x00, 0x00, 0x00, 0x00, 0x00, 0x00, 0x00,
    0x00, 0x00, 0x00, 0x00, 0x00, 0x00, 0x00, 0x00, 0x00, 0x00, 0x00, 0x00,
    0x00, 0x00, 0x00, 0x00, 0x00, 0x00, 0x00, 0x00, 0x00, 0x00, 0x00, 0x00,
    0x00, 0x00, 0x00, 0x00, 0x00, 0x00, 0x00, 0x00, 0x00, 0x00, 0x00, 0x00,
    0x00, 0x00, 0x00, 0x00, 0x00, 0x00, 0x00, 0x00, 0x00, 0x00, 0x00, 0x00,
    0x00, 0x00, 0x00, 0x00, 0x00, 0x00, 0x00, 0x00, 0x00, 0x00, 0x00, 0x00,
    0x00, 0x00, 0x00, 0x00, 0x00, 0x00, 0x00, 0x00, 0x00, 0x00, 0x00, 0x00,
    0x00, 0x00, 0x00, 0x00, 0x00, 0x00, 0x00, 0x00, 0x00, 0x00, 0x00, 0x00,
    0x00, 0x00, 0x00, 0x00, 0x00, 0x00, 0x00, 0x00, 0x00, 0x00, 0x00, 0x00,
    0x00, 0x00, 0x00, 0x00, 0x00, 0x00, 0x00, 0x00, 0x00, 0x00, 0x00, 0x00,
    0x00, 0x00, 0x00, 0x00, 0x00, 0x00, 0x00, 0x00, 0x00, 0x00, 0x00, 0x00,
    0x00, 0x00, 0x00, 0x00, 0x00, 0x00, 0x00, 0x00, 0x00, 0x00, 0x00, 0x00,
    0x00, 0x00, 0x00, 0x00, 0x00, 0x00, 0x00, 0x00, 0x00, 0x00, 0x00, 0x00,
    0x00, 0x00, 0x00, 0x00, 0x00, 0x00, 0x00, 0x00, 0x00, 0x00, 0x00, 0x00,
    0x00, 0x00, 0x00, 0x00, 0x00, 0x00, 0x00, 0x00, 0x00, 0x00, 0x00, 0x00,
    0x00, 0x00, 0x00, 0x00, 0x00, 0x00, 0x00, 0x00, 0x00, 0x00, 0x00, 0x00,
    0x00, 0x00, 0x00, 0x00, 0x00, 0x00, 0x00, 0x00, 0x00, 0x00, 0x00, 0x00,
    0x00, 0x00, 0x00, 0x00, 0x00, 0x00, 0x00, 0x00, 0x00, 0x00, 0x00, 0x00,
    0x00, 0x00, 0x00, 0x00, 0x18, 0x1c, 0x20, 0x08, 0x28, 0x24, 0x28, 0x59,
    0x20, 0x24, 0x20, 0xbe, 0x20, 0x20, 0x20, 0xf7, 0x28, 0x24, 0x20, 0xff,
    0x20, 0x20, 0x20, 0xff, 0x20, 0x20, 0x20, 0xff, 0x20, 0x20, 0x20, 0xff,
    0x20, 0x20, 0x20, 0xff, 0x20, 0x20, 0x20, 0xff, 0x20, 0x20, 0x20, 0xff,
    0x20, 0x20, 0x20, 0xff, 0x20, 0x24, 0x20, 0xff, 0x20, 0x20, 0x20, 0xff,
    0x20, 0x20, 0x20, 0xff, 0x20, 0x20, 0x20, 0xff, 0x20, 0x20, 0x20, 0xff,
    0x20, 0x20, 0x20, 0xff, 0x20, 0x20, 0x20, 0xff, 0x20, 0x20, 0x20, 0xff,
    0x20, 0x20, 0x20, 0xff, 0x20, 0x20, 0x20, 0xff, 0x20, 0x20, 0x20, 0xff,
    0x20, 0x1c, 0x20, 0xff, 0x60, 0x50, 0x18, 0xff, 0x98, 0x84, 0x10, 0xff,
    0xa0, 0x88, 0x10, 0xff, 0xa0, 0x88, 0x10, 0xff, 0x98, 0x80, 0x10, 0xff,
    0x50, 0x48, 0x18, 0xff, 0x20, 0x1c, 0x20, 0xff, 0x18, 0x1c, 0x18, 0xff,
    0x18, 0x1c, 0x18, 0xff, 0x20, 0x1c, 0x20, 0xff, 0x18, 0x1c, 0x18, 0xff,
    0x18, 0x1c, 0x18, 0xff, 0x18, 0x1c, 0x18, 0xff, 0x18, 0x1c, 0x20, 0xff,
    0x20, 0x1c, 0x18, 0xff, 0x18, 0x1c, 0x20, 0xff, 0x18, 0x18, 0x18, 0xff,
    0x18, 0x18, 0x18, 0xff, 0x18, 0x1c, 0x18, 0xff, 0x20, 0x18, 0x18, 0xff,
    0x18, 0x18, 0x20, 0xff, 0x18, 0x18, 0x18, 0xff, 0x18, 0x18, 0x18, 0xff,
    0x18, 0x1c, 0x18, 0xff, 0x18, 0x18, 0x18, 0xff, 0x18, 0x18, 0x18, 0xff,
    0x18, 0x18, 0x18, 0xf3, 0x18, 0x18, 0x18, 0xb6, 0x18, 0x18, 0x18, 0x4d,
    0x00, 0x00, 0x00, 0x04, 0x00, 0x00, 0x00, 0x00, 0x00, 0x00, 0x00, 0x00,
    0x00, 0x00, 0x00, 0x00, 0x00, 0x00, 0x00, 0x00, 0x00, 0x00, 0x00, 0x00,
    0x00, 0x00, 0x00, 0x00, 0x00, 0x00, 0x00, 0x00, 0x00, 0x00, 0x00, 0x00,
    0x00, 0x00, 0x00, 0x00, 0x00, 0x00, 0x00, 0x00, 0x00, 0x00, 0x00, 0x00,
    0x00, 0x00, 0x00, 0x00, 0x00, 0x00, 0x00, 0x00, 0x00, 0x00, 0x00, 0x00,
    0x00, 0x00, 0x00, 0x00, 0x00, 0x00, 0x00, 0x00, 0x00, 0x00, 0x00, 0x00,
    0x00, 0x00, 0x00, 0x00, 0x00, 0x00, 0x00, 0x00, 0x00, 0x00, 0x00, 0x00,
    0x00, 0x00, 0x00, 0x00, 0x00, 0x00, 0x00, 0x00, 0x00, 0x00, 0x00, 0x00,
    0x00, 0x00, 0x00, 0x00, 0x00, 0x00, 0x00, 0x00, 0x00, 0x00, 0x00, 0x00,
    0x00, 0x00, 0x00, 0x00, 0x00, 0x00, 0x00, 0x00, 0x00, 0x00, 0x00, 0x00,
    0x00, 0x00, 0x00, 0x00, 0x00, 0x00, 0x00, 0x00, 0x00, 0x00, 0x00, 0x00,
    0x00, 0x00, 0x00, 0x00, 0x00, 0x00, 0x00, 0x00, 0x00, 0x00, 0x00, 0x00,
    0x00, 0x00, 0x00, 0x00, 0x00, 0x00, 0x00, 0x00, 0x00, 0x00, 0x00, 0x00,
    0x00, 0x00, 0x00, 0x00, 0x00, 0x00, 0x00, 0x00, 0x00, 0x00, 0x00, 0x00,
    0x00, 0x00, 0x00, 0x00, 0x00, 0x00, 0x00, 0x00, 0x00, 0x00, 0x00, 0x00,
    0x00, 0x00, 0x00, 0x00, 0x00, 0x00, 0x00, 0x00, 0x00, 0x00, 0x00, 0x00,
    0x00, 0x00, 0x00, 0x00, 0x00, 0x00, 0x00, 0x00, 0x00, 0x00, 0x00, 0x00,
    0x00, 0x00, 0x00, 0x00, 0x00, 0x00, 0x00, 0x00, 0x00, 0x00, 0x00, 0x00,
    0x00, 0x00, 0x00, 0x00, 0x00, 0x00, 0x00, 0x00, 0x00, 0x00, 0x00, 0x00,
    0x00, 0x00, 0x00, 0x00, 0x00, 0x00, 0x00, 0x00, 0x00, 0x00, 0x00, 0x00,
    0x00, 0x00, 0x00, 0x00, 0x00, 0x00, 0x00, 0x00, 0x00, 0x00, 0x00, 0x00,
    0x00, 0x00, 0x00, 0x00, 0x00, 0x00, 0x00, 0x00, 0x00, 0x00, 0x00, 0x00,
    0x00, 0x00, 0x00, 0x00, 0x00, 0x00, 0x00, 0x00, 0x00, 0x00, 0x00, 0x00,
    0x00, 0x00, 0x00, 0x00, 0x00, 0x00, 0x00, 0x00, 0x00, 0x00, 0x00, 0x00,
    0x00, 0x00, 0x00, 0x00, 0x00, 0x00, 0x00, 0x00, 0x00, 0x00, 0x00, 0x00,
    0x00, 0x00, 0x00, 0x00, 0x00, 0x00, 0x00, 0x00, 0x00, 0x00, 0x00, 0x00,
    0x00, 0x00, 0x00, 0x00, 0x00, 0x00, 0x00, 0x00, 0x00, 0x00, 0x00, 0x00,
    0x00, 0x00, 0x00, 0x00, 0x00, 0x00, 0x00, 0x00, 0x00, 0x00, 0x00, 0x00,
    0x00, 0x00, 0x00, 0x00, 0x00, 0x00, 0x00, 0x00, 0x00, 0x00, 0x00, 0x00,
    0x00, 0x00, 0x00, 0x00, 0x00, 0x00, 0x00, 0x00, 0x40, 0x40, 0x40, 0x04,
    0x28, 0x24, 0x28, 0x24, 0x20, 0x20, 0x20, 0x92, 0x20, 0x20, 0x20, 0xdb,
    0x20, 0x20, 0x20, 0xfb, 0x20, 0x24, 0x28, 0xff, 0x20, 0x20, 0x20, 0xff,
    0x20, 0x20, 0x20, 0xff, 0x20, 0x20, 0x20, 0xff, 0x20, 0x24, 0x20, 0xff,
    0x20, 0x20, 0x20, 0xff, 0x20, 0x20, 0x20, 0xff, 0x20, 0x20, 0x20, 0xff,
    0x20, 0x20, 0x20, 0xff, 0x20, 0x20, 0x20, 0xff, 0x20, 0x20, 0x20, 0xff,
    0x20, 0x20, 0x20, 0xff, 0x20, 0x20, 0x20, 0xff, 0x20, 0x20, 0x20, 0xff,
    0x20, 0x20, 0x20, 0xff, 0x20, 0x1c, 0x20, 0xff, 0x20, 0x20, 0x20, 0xff,
    0x20, 0x20, 0x20, 0xff, 0x20, 0x1c, 0x20, 0xff, 0x20, 0x1c, 0x20, 0xff,
    0x18, 0x1c, 0x18, 0xff, 0x20, 0x1c, 0x20, 0xff, 0x18, 0x1c, 0x20, 0xff,
    0x20, 0x1c, 0x20, 0xff, 0x18, 0x1c, 0x18, 0xff, 0x20, 0x1c, 0x20, 0xff,
    0x20, 0x1c, 0x20, 0xff, 0x18, 0x1c, 0x18, 0xff, 0x18, 0x1c, 0x18, 0xff,
    0x20, 0x1c, 0x20, 0xff, 0x18, 0x1c, 0x18, 0xff, 0x18, 0x1c, 0x18, 0xff,
    0x18, 0x18, 0x18, 0xff, 0x18, 0x18, 0x20, 0xff, 0x18, 0x1c, 0x18, 0xff,
    0x20, 0x18, 0x18, 0xff, 0x18, 0x18, 0x18, 0xff, 0x18, 0x18, 0x18, 0xff,
    0x18, 0x18, 0x18, 0xff, 0x18, 0x1c, 0x18, 0xff, 0x18, 0x18, 0x18, 0xf7,
    0x18, 0x18, 0x18, 0xd7, 0x18, 0x18, 0x18, 0x82, 0x18, 0x14, 0x18, 0x18,
    0x00, 0x00, 0x00, 0x04, 0x00, 0x00, 0x00, 0x00, 0x00, 0x00, 0x00, 0x00,
    0x00, 0x00, 0x00, 0x00, 0x00, 0x00, 0x00, 0x00, 0x00, 0x00, 0x00, 0x00,
    0x00, 0x00, 0x00, 0x00, 0x00, 0x00, 0x00, 0x00, 0x00, 0x00, 0x00, 0x00,
    0x00, 0x00, 0x00, 0x00, 0x00, 0x00, 0x00, 0x00, 0x00, 0x00, 0x00, 0x00,
    0x00, 0x00, 0x00, 0x00, 0x00, 0x00, 0x00, 0x00, 0x00, 0x00, 0x00, 0x00,
    0x00, 0x00, 0x00, 0x00, 0x00, 0x00, 0x00, 0x00, 0x00, 0x00, 0x00, 0x00,
    0x00, 0x00, 0x00, 0x00, 0x00, 0x00, 0x00, 0x00, 0x00, 0x00, 0x00, 0x00,
    0x00, 0x00, 0x00, 0x00, 0x00, 0x00, 0x00, 0x00, 0x00, 0x00, 0x00, 0x00,
    0x00, 0x00, 0x00, 0x00, 0x00, 0x00, 0x00, 0x00, 0x00, 0x00, 0x00, 0x00,
    0x00, 0x00, 0x00, 0x00, 0x00, 0x00, 0x00, 0x00, 0x00, 0x00, 0x00, 0x00,
    0x00, 0x00, 0x00, 0x00, 0x00, 0x00, 0x00, 0x00, 0x00, 0x00, 0x00, 0x00,
    0x00, 0x00, 0x00, 0x00, 0x00, 0x00, 0x00, 0x00, 0x00, 0x00, 0x00, 0x00,
    0x00, 0x00, 0x00, 0x00, 0x00, 0x00, 0x00, 0x00, 0x00, 0x00, 0x00, 0x00,
    0x00, 0x00, 0x00, 0x00, 0x00, 0x00, 0x00, 0x00, 0x00, 0x00, 0x00, 0x00,
    0x00, 0x00, 0x00, 0x00, 0x00, 0x00, 0x00, 0x00, 0x00, 0x00, 0x00, 0x00,
    0x00, 0x00, 0x00, 0x00, 0x00, 0x00, 0x00, 0x00, 0x00, 0x00, 0x00, 0x00,
    0x00, 0x00, 0x00, 0x00, 0x00, 0x00, 0x00, 0x00, 0x00, 0x00, 0x00, 0x00,
    0x00, 0x00, 0x00, 0x00, 0x00, 0x00, 0x00, 0x00, 0x00, 0x00, 0x00, 0x00,
    0x00, 0x00, 0x00, 0x00, 0x00, 0x00, 0x00, 0x00, 0x00, 0x00, 0x00, 0x00,
    0x00, 0x00, 0x00, 0x00, 0x00, 0x00, 0x00, 0x00, 0x00, 0x00, 0x00, 0x00,
    0x00, 0x00, 0x00, 0x00, 0x00, 0x00, 0x00, 0x00, 0x00, 0x00, 0x00, 0x00,
    0x00, 0x00, 0x00, 0x00, 0x00, 0x00, 0x00, 0x00, 0x00, 0x00, 0x00, 0x00,
    0x00, 0x00, 0x00, 0x00, 0x00, 0x00, 0x00, 0x00, 0x00, 0x00, 0x00, 0x00,
    0x00, 0x00, 0x00, 0x00, 0x00, 0x00, 0x00, 0x00, 0x00, 0x00, 0x00, 0x00,
    0x00, 0x00, 0x00, 0x00, 0x00, 0x00, 0x00, 0x00, 0x00, 0x00, 0x00, 0x00,
    0x00, 0x00, 0x00, 0x00, 0x00, 0x00, 0x00, 0x00, 0x00, 0x00, 0x00, 0x00,
    0x00, 0x00, 0x00, 0x00, 0x00, 0x00, 0x00, 0x00, 0x00, 0x00, 0x00, 0x00,
    0x00, 0x00, 0x00, 0x00, 0x00, 0x00, 0x00, 0x00, 0x00, 0x00, 0x00, 0x00,
    0x00, 0x00, 0x00, 0x00, 0x00, 0x00, 0x00, 0x00, 0x00, 0x00, 0x00, 0x00,
    0x00, 0x00, 0x00, 0x00, 0x00, 0x00, 0x00, 0x00, 0x00, 0x00, 0x00, 0x00,
    0x00, 0x00, 0x00, 0x00, 0x00, 0x00, 0x00, 0x00, 0x00, 0x00, 0x00, 0x00,
    0x00, 0x00, 0x00, 0x00, 0x28, 0x28, 0x28, 0x14, 0x20, 0x20, 0x20, 0x41,
    0x20, 0x20, 0x20, 0xa6, 0x20, 0x20, 0x20, 0xeb, 0x20, 0x20, 0x20, 0xf7,
    0x28, 0x24, 0x20, 0xff, 0x20, 0x20, 0x20, 0xff, 0x20, 0x20, 0x20, 0xff,
    0x20, 0x20, 0x20, 0xff, 0x20, 0x20, 0x20, 0xff, 0x20, 0x20, 0x20, 0xff,
    0x20, 0x20, 0x20, 0xff, 0x20, 0x20, 0x20, 0xff, 0x20, 0x20, 0x20, 0xff,
    0x20, 0x20, 0x20, 0xff, 0x20, 0x1c, 0x20, 0xff, 0x20, 0x1c, 0x20, 0xff,
    0x18, 0x20, 0x20, 0xff, 0x20, 0x1c, 0x18, 0xff, 0x18, 0x20, 0x20, 0xff,
    0x20, 0x1c, 0x18, 0xff, 0x20, 0x1c, 0x18, 0xff, 0x18, 0x1c, 0x20, 0xff,
    0x18, 0x1c, 0x18, 0xff, 0x20, 0x1c, 0x18, 0xff, 0x18, 0x1c, 0x18, 0xff,
    0x20, 0x1c, 0x20, 0xff, 0x18, 0x1c, 0x18, 0xff, 0x18, 0x1c, 0x18, 0xff,
    0x20, 0x1c, 0x20, 0xff, 0x20, 0x1c, 0x18, 0xff, 0x18, 0x1c, 0x20, 0xff,
    0x20, 0x18, 0x18, 0xff, 0x18, 0x18, 0x18, 0xff, 0x20, 0x1c, 0x18, 0xff,
    0x18, 0x1c, 0x18, 0xff, 0x18, 0x18, 0x20, 0xff, 0x18, 0x18, 0x18, 0xff,
    0x18, 0x1c, 0x18, 0xff, 0x18, 0x18, 0x18, 0xf7, 0x18, 0x18, 0x18, 0xe7,
    0x18, 0x18, 0x18, 0x96, 0x20, 0x1c, 0x20, 0x38, 0x20, 0x1c, 0x20, 0x14,
    0x00, 0x00, 0x00, 0x00, 0x00, 0x00, 0x00, 0x00, 0x00, 0x00, 0x00, 0x00,
    0x00, 0x00, 0x00, 0x00, 0x00, 0x00, 0x00, 0x00, 0x00, 0x00, 0x00, 0x00,
    0x00, 0x00, 0x00, 0x00, 0x00, 0x00, 0x00, 0x00, 0x00, 0x00, 0x00, 0x00,
    0x00, 0x00, 0x00, 0x00, 0x00, 0x00, 0x00, 0x00, 0x00, 0x00, 0x00, 0x00,
    0x00, 0x00, 0x00, 0x00, 0x00, 0x00, 0x00, 0x00, 0x00, 0x00, 0x00, 0x00,
    0x00, 0x00, 0x00, 0x00, 0x00, 0x00, 0x00, 0x00, 0x00, 0x00, 0x00, 0x00,
    0x00, 0x00, 0x00, 0x00, 0x00, 0x00, 0x00, 0x00, 0x00, 0x00, 0x00, 0x00,
    0x00, 0x00, 0x00, 0x00, 0x00, 0x00, 0x00, 0x00, 0x00, 0x00, 0x00, 0x00,
    0x00, 0x00, 0x00, 0x00, 0x00, 0x00, 0x00, 0x00, 0x00, 0x00, 0x00, 0x00,
    0x00, 0x00, 0x00, 0x00, 0x00, 0x00, 0x00, 0x00, 0x00, 0x00, 0x00, 0x00,
    0x00, 0x00, 0x00, 0x00, 0x00, 0x00, 0x00, 0x00, 0x00, 0x00, 0x00, 0x00,
    0x00, 0x00, 0x00, 0x00, 0x00, 0x00, 0x00, 0x00, 0x00, 0x00, 0x00, 0x00,
    0x00, 0x00, 0x00, 0x00, 0x00, 0x00, 0x00, 0x00, 0x00, 0x00, 0x00, 0x00,
    0x00, 0x00, 0x00, 0x00, 0x00, 0x00, 0x00, 0x00, 0x00, 0x00, 0x00, 0x00,
    0x00, 0x00, 0x00, 0x00, 0x00, 0x00, 0x00, 0x00, 0x00, 0x00, 0x00, 0x00,
    0x00, 0x00, 0x00, 0x00, 0x00, 0x00, 0x00, 0x00, 0x00, 0x00, 0x00, 0x00,
    0x00, 0x00, 0x00, 0x00, 0x00, 0x00, 0x00, 0x00, 0x00, 0x00, 0x00, 0x00,
    0x00, 0x00, 0x00, 0x00, 0x00, 0x00, 0x00, 0x00, 0x00, 0x00, 0x00, 0x00,
    0x00, 0x00, 0x00, 0x00, 0x00, 0x00, 0x00, 0x00, 0x00, 0x00, 0x00, 0x00,
    0x00, 0x00, 0x00, 0x00, 0x00, 0x00, 0x00, 0x00, 0x00, 0x00, 0x00, 0x00,
    0x00, 0x00, 0x00, 0x00, 0x00, 0x00, 0x00, 0x00, 0x00, 0x00, 0x00, 0x00,
    0x00, 0x00, 0x00, 0x00, 0x00, 0x00, 0x00, 0x00, 0x00, 0x00, 0x00, 0x00,
    0x00, 0x00, 0x00, 0x00, 0x00, 0x00, 0x00, 0x00, 0x00, 0x00, 0x00, 0x00,
    0x00, 0x00, 0x00, 0x00, 0x00, 0x00, 0x00, 0x00, 0x00, 0x00, 0x00, 0x00,
    0x00, 0x00, 0x00, 0x00, 0x00, 0x00, 0x00, 0x00, 0x00, 0x00, 0x00, 0x00,
    0x00, 0x00, 0x00, 0x00, 0x00, 0x00, 0x00, 0x00, 0x00, 0x00, 0x00, 0x00,
    0x00, 0x00, 0x00, 0x00, 0x00, 0x00, 0x00, 0x00, 0x00, 0x00, 0x00, 0x00,
    0x00, 0x00, 0x00, 0x00, 0x00, 0x00, 0x00, 0x00, 0x00, 0x00, 0x00, 0x00,
    0x00, 0x00, 0x00, 0x00, 0x00, 0x00, 0x00, 0x00, 0x00, 0x00, 0x00, 0x00,
    0x00, 0x00, 0x00, 0x00, 0x00, 0x00, 0x00, 0x00, 0x00, 0x00, 0x00, 0x00,
    0x00, 0x00, 0x00, 0x00, 0x00, 0x00, 0x00, 0x00, 0x00, 0x00, 0x00, 0x00,
    0x00, 0x00, 0x00, 0x00, 0x00, 0x00, 0x00, 0x00, 0x00, 0x00, 0x00, 0x00,
    0x00, 0x00, 0x00, 0x00, 0x00, 0x00, 0x00, 0x00, 0x00, 0x00, 0x00, 0x00,
    0x28, 0x24, 0x20, 0x14, 0x20, 0x20, 0x20, 0x49, 0x20, 0x20, 0x20, 0x8a,
    0x20, 0x20, 0x20, 0xcb, 0x20, 0x20, 0x20, 0xfb, 0x20, 0x20, 0x20, 0xff,
    0x20, 0x20, 0x20, 0xff, 0x20, 0x20, 0x20, 0xff, 0x20, 0x20, 0x20, 0xff,
    0x20, 0x20, 0x20, 0xff, 0x20, 0x20, 0x20, 0xff, 0x20, 0x20, 0x20, 0xff,
    0x20, 0x1c, 0x20, 0xff, 0x20, 0x1c, 0x18, 0xff, 0x20, 0x20, 0x20, 0xff,
    0x20, 0x1c, 0x20, 0xff, 0x18, 0x1c, 0x18, 0xff, 0x18, 0x1c, 0x20, 0xff,
    0x20, 0x20, 0x20, 0xff, 0x20, 0x1c, 0x20, 0xff, 0x18, 0x1c, 0x18, 0xff,
    0x20, 0x1c, 0x20, 0xff, 0x20, 0x1c, 0x20, 0xff, 0x18, 0x1c, 0x18, 0xff,
    0x20, 0x1c, 0x20, 0xff, 0x18, 0x1c, 0x18, 0xff, 0x18, 0x1c, 0x18, 0xff,
    0x18, 0x1c, 0x20, 0xff, 0x18, 0x1c, 0x18, 0xff, 0x18, 0x18, 0x18, 0xff,
    0x18, 0x18, 0x20, 0xff, 0x20, 0x1c, 0x18, 0xff, 0x18, 0x18, 0x18, 0xff,
    0x18, 0x18, 0x18, 0xf7, 0x18, 0x18, 0x18, 0xc3, 0x18, 0x18, 0x18, 0x82,
    0x18, 0x1c, 0x18, 0x45, 0x20, 0x20, 0x20, 0x10, 0x00, 0x00, 0x00, 0x00,
    0x00, 0x00, 0x00, 0x00, 0x00, 0x00, 0x00, 0x00, 0x00, 0x00, 0x00, 0x00,
    0x00, 0x00, 0x00, 0x00, 0x00, 0x00, 0x00, 0x00, 0x00, 0x00, 0x00, 0x00,
    0x00, 0x00, 0x00, 0x00, 0x00, 0x00, 0x00, 0x00, 0x00, 0x00, 0x00, 0x00,
    0x00, 0x00, 0x00, 0x00, 0x00, 0x00, 0x00, 0x00, 0x00, 0x00, 0x00, 0x00,
    0x00, 0x00, 0x00, 0x00, 0x00, 0x00, 0x00, 0x00, 0x00, 0x00, 0x00, 0x00,
    0x00, 0x00, 0x00, 0x00, 0x00, 0x00, 0x00, 0x00, 0x00, 0x00, 0x00, 0x00,
    0x00, 0x00, 0x00, 0x00, 0x00, 0x00, 0x00, 0x00, 0x00, 0x00, 0x00, 0x00,
    0x00, 0x00, 0x00, 0x00, 0x00, 0x00, 0x00, 0x00, 0x00, 0x00, 0x00, 0x00,
    0x00, 0x00, 0x00, 0x00, 0x00, 0x00, 0x00, 0x00, 0x00, 0x00, 0x00, 0x00,
    0x00, 0x00, 0x00, 0x00, 0x00, 0x00, 0x00, 0x00, 0x00, 0x00, 0x00, 0x00,
    0x00, 0x00, 0x00, 0x00, 0x00, 0x00, 0x00, 0x00, 0x00, 0x00, 0x00, 0x00,
    0x00, 0x00, 0x00, 0x00, 0x00, 0x00, 0x00, 0x00, 0x00, 0x00, 0x00, 0x00,
    0x00, 0x00, 0x00, 0x00, 0x00, 0x00, 0x00, 0x00, 0x00, 0x00, 0x00, 0x00,
    0x00, 0x00, 0x00, 0x00, 0x00, 0x00, 0x00, 0x00, 0x00, 0x00, 0x00, 0x00,
    0x00, 0x00, 0x00, 0x00, 0x00, 0x00, 0x00, 0x00, 0x00, 0x00, 0x00, 0x00,
    0x00, 0x00, 0x00, 0x00, 0x00, 0x00, 0x00, 0x00, 0x00, 0x00, 0x00, 0x00,
    0x00, 0x00, 0x00, 0x00, 0x00, 0x00, 0x00, 0x00, 0x00, 0x00, 0x00, 0x00,
    0x00, 0x00, 0x00, 0x00, 0x00, 0x00, 0x00, 0x00, 0x00, 0x00, 0x00, 0x00,
    0x00, 0x00, 0x00, 0x00, 0x00, 0x00, 0x00, 0x00, 0x00, 0x00, 0x00, 0x00,
    0x00, 0x00, 0x00, 0x00, 0x00, 0x00, 0x00, 0x00, 0x00, 0x00, 0x00, 0x00,
    0x00, 0x00, 0x00, 0x00, 0x00, 0x00, 0x00, 0x00, 0x00, 0x00, 0x00, 0x00,
    0x00, 0x00, 0x00, 0x00, 0x00, 0x00, 0x00, 0x00, 0x00, 0x00, 0x00, 0x00,
    0x00, 0x00, 0x00, 0x00, 0x00, 0x00, 0x00, 0x00, 0x00, 0x00, 0x00, 0x00,
    0x00, 0x00, 0x00, 0x00, 0x00, 0x00, 0x00, 0x00, 0x00, 0x00, 0x00, 0x00,
    0x00, 0x00, 0x00, 0x00, 0x00, 0x00, 0x00, 0x00, 0x00, 0x00, 0x00, 0x00,
    0x00, 0x00, 0x00, 0x00, 0x00, 0x00, 0x00, 0x00, 0x00, 0x00, 0x00, 0x00,
    0x00, 0x00, 0x00, 0x00, 0x00, 0x00, 0x00, 0x00, 0x00, 0x00, 0x00, 0x00,
    0x00, 0x00, 0x00, 0x00, 0x00, 0x00, 0x00, 0x00, 0x00, 0x00, 0x00, 0x00,
    0x00, 0x00, 0x00, 0x00, 0x00, 0x00, 0x00, 0x00, 0x00, 0x00, 0x00, 0x00,
    0x00, 0x00, 0x00, 0x00, 0x00, 0x00, 0x00, 0x00, 0x00, 0x00, 0x00, 0x00,
    0x00, 0x00, 0x00, 0x00, 0x00, 0x00, 0x00, 0x00, 0x00, 0x00, 0x00, 0x00,
    0x00, 0x00, 0x00, 0x00, 0x00, 0x00, 0x00, 0x00, 0x00, 0x00, 0x00, 0x00,
    0x00, 0x00, 0x00, 0x00, 0x00, 0x00, 0x00, 0x00, 0x00, 0x00, 0x00, 0x00,
    0x00, 0x00, 0x00, 0x00, 0x00, 0x00, 0x00, 0x00, 0x00, 0x00, 0x00, 0x00,
    0x00, 0x00, 0x00, 0x00, 0x00, 0x00, 0x00, 0x00, 0x00, 0x00, 0x00, 0x00,
    0x28, 0x28, 0x28, 0x14, 0x20, 0x20, 0x20, 0x4d, 0x20, 0x20, 0x20, 0x8e,
    0x20, 0x20, 0x20, 0xba, 0x20, 0x20, 0x20, 0xd3, 0x20, 0x1c, 0x20, 0xeb,
    0x20, 0x20, 0x20, 0xff, 0x20, 0x20, 0x20, 0xff, 0x18, 0x1c, 0x20, 0xff,
    0x20, 0x20, 0x20, 0xff, 0x20, 0x20, 0x20, 0xff, 0x20, 0x20, 0x20, 0xff,
    0x20, 0x1c, 0x18, 0xff, 0x18, 0x1c, 0x20, 0xff, 0x20, 0x1c, 0x20, 0xff,
    0x20, 0x20, 0x18, 0xff, 0x20, 0x1c, 0x20, 0xff, 0x18, 0x1c, 0x18, 0xff,
    0x18, 0x1c, 0x18, 0xff, 0x20, 0x1c, 0x20, 0xff, 0x20, 0x1c, 0x20, 0xff,
    0x20, 0x1c, 0x18, 0xff, 0x18, 0x1c, 0x18, 0xff, 0x18, 0x18, 0x18, 0xfb,
    0x20, 0x18, 0x18, 0xe7, 0x18, 0x1c, 0x18, 0xcf, 0x18, 0x1c, 0x20, 0xb6,
    0x18, 0x18, 0x18, 0x86, 0x20, 0x1c, 0x20, 0x49, 0x20, 0x20, 0x20, 0x10,
    0x00, 0x00, 0x00, 0x04, 0x00, 0x00, 0x00, 0x00, 0x00, 0x00, 0x00, 0x00,
    0x00, 0x00, 0x00, 0x00, 0x00, 0x00, 0x00, 0x00, 0x00, 0x00, 0x00, 0x00,
    0x00, 0x00, 0x00, 0x00, 0x00, 0x00, 0x00, 0x00, 0x00, 0x00, 0x00, 0x00,
    0x00, 0x00, 0x00, 0x00, 0x00, 0x00, 0x00, 0x00, 0x00, 0x00, 0x00, 0x00,
    0x00, 0x00, 0x00, 0x00, 0x00, 0x00, 0x00, 0x00, 0x00, 0x00, 0x00, 0x00,
    0x00, 0x00, 0x00, 0x00, 0x00, 0x00, 0x00, 0x00, 0x00, 0x00, 0x00, 0x00,
    0x00, 0x00, 0x00, 0x00, 0x00, 0x00, 0x00, 0x00, 0x00, 0x00, 0x00, 0x00,
    0x00, 0x00, 0x00, 0x00, 0x00, 0x00, 0x00, 0x00, 0x00, 0x00, 0x00, 0x00,
    0x00, 0x00, 0x00, 0x00, 0x00, 0x00, 0x00, 0x00, 0x00, 0x00, 0x00, 0x00,
    0x00, 0x00, 0x00, 0x00, 0x00, 0x00, 0x00, 0x00, 0x00, 0x00, 0x00, 0x00,
    0x00, 0x00, 0x00, 0x00, 0x00, 0x00, 0x00, 0x00, 0x00, 0x00, 0x00, 0x00,
    0x00, 0x00, 0x00, 0x00, 0x00, 0x00, 0x00, 0x00, 0x00, 0x00, 0x00, 0x00,
    0x00, 0x00, 0x00, 0x00, 0x00, 0x00, 0x00, 0x00, 0x00, 0x00, 0x00, 0x00,
    0x00, 0x00, 0x00, 0x00, 0x00, 0x00, 0x00, 0x00, 0x00, 0x00, 0x00, 0x00,
    0x00, 0x00, 0x00, 0x00, 0x00, 0x00, 0x00, 0x00, 0x00, 0x00, 0x00, 0x00,
    0x00, 0x00, 0x00, 0x00, 0x00, 0x00, 0x00, 0x00, 0x00, 0x00, 0x00, 0x00,
    0x00, 0x00, 0x00, 0x00, 0x00, 0x00, 0x00, 0x00, 0x00, 0x00, 0x00, 0x00,
    0x00, 0x00, 0x00, 0x00, 0x00, 0x00, 0x00, 0x00, 0x00, 0x00, 0x00, 0x00,
    0x00, 0x00, 0x00, 0x00, 0x00, 0x00, 0x00, 0x00, 0x00, 0x00, 0x00, 0x00,
    0x00, 0x00, 0x00, 0x00, 0x00, 0x00, 0x00, 0x00, 0x00, 0x00, 0x00, 0x00,
    0x00, 0x00, 0x00, 0x00, 0x00, 0x00, 0x00, 0x00, 0x00, 0x00, 0x00, 0x00,
    0x00, 0x00, 0x00, 0x00, 0x00, 0x00, 0x00, 0x00, 0x00, 0x00, 0x00, 0x00,
    0x00, 0x00, 0x00, 0x00, 0x00, 0x00, 0x00, 0x00, 0x00, 0x00, 0x00, 0x00,
    0x00, 0x00, 0x00, 0x00, 0x00, 0x00, 0x00, 0x00, 0x00, 0x00, 0x00, 0x00,
    0x00, 0x00, 0x00, 0x00, 0x00, 0x00, 0x00, 0x00, 0x00, 0x00, 0x00, 0x00,
    0x00, 0x00, 0x00, 0x00, 0x00, 0x00, 0x00, 0x00, 0x00, 0x00, 0x00, 0x00,
    0x00, 0x00, 0x00, 0x00, 0x00, 0x00, 0x00, 0x00, 0x00, 0x00, 0x00, 0x00,
    0x00, 0x00, 0x00, 0x00, 0x00, 0x00, 0x00, 0x00, 0x00, 0x00, 0x00, 0x00,
    0x00, 0x00, 0x00, 0x00, 0x00, 0x00, 0x00, 0x00, 0x00, 0x00, 0x00, 0x00,
    0x00, 0x00, 0x00, 0x00, 0x00, 0x00, 0x00, 0x00, 0x00, 0x00, 0x00, 0x00,
    0x00, 0x00, 0x00, 0x00, 0x00, 0x00, 0x00, 0x00, 0x00, 0x00, 0x00, 0x00,
    0x00, 0x00, 0x00, 0x00, 0x00, 0x00, 0x00, 0x00, 0x00, 0x00, 0x00, 0x00,
    0x00, 0x00, 0x00, 0x00, 0x00, 0x00, 0x00, 0x00, 0x00, 0x00, 0x00, 0x00,
    0x00, 0x00, 0x00, 0x00, 0x00, 0x00, 0x00, 0x00, 0x00, 0x00, 0x00, 0x00,
    0x00, 0x00, 0x00, 0x00, 0x00, 0x00, 0x00, 0x00, 0x00, 0x00, 0x00, 0x00,
    0x00, 0x00, 0x00, 0x00, 0x00, 0x00, 0x00, 0x00, 0x00, 0x00, 0x00, 0x00,
    0x00, 0x00, 0x00, 0x00, 0x00, 0x00, 0x00, 0x00, 0x00, 0x00, 0x00, 0x00,
    0x00, 0x00, 0x00, 0x00, 0x00, 0x00, 0x00, 0x00, 0x38, 0x34, 0x38, 0x04,
    0x28, 0x28, 0x28, 0x0c, 0x18, 0x18, 0x18, 0x14, 0x20, 0x1c, 0x20, 0x20,
    0x18, 0x1c, 0x18, 0x45, 0x20, 0x1c, 0x18, 0x69, 0x18, 0x1c, 0x18, 0x8a,
    0x18, 0x1c, 0x20, 0xa2, 0x20, 0x1c, 0x18, 0xb6, 0x18, 0x1c, 0x20, 0xc3,
    0x18, 0x1c, 0x18, 0xcf, 0x20, 0x1c, 0x18, 0xd3, 0x18, 0x1c, 0x18, 0xd3,
    0x18, 0x1c, 0x20, 0xcf, 0x18, 0x1c, 0x18, 0xc3, 0x20, 0x1c, 0x18, 0xb6,
    0x18, 0x1c, 0x18, 0x9e, 0x18, 0x1c, 0x18, 0x86, 0x18, 0x1c, 0x20, 0x69,
    0x18, 0x18, 0x18, 0x41, 0x20, 0x18, 0x20, 0x1c, 0x18, 0x18, 0x18, 0x14,
    0x18, 0x14, 0x18, 0x0c, 0x00, 0x00, 0x00, 0x04, 0x00, 0x00, 0x00, 0x00,
    0x00, 0x00, 0x00, 0x00, 0x00, 0x00, 0x00, 0x00, 0x00, 0x00, 0x00, 0x00,
    0x00, 0x00, 0x00, 0x00, 0x00, 0x00, 0x00, 0x00, 0x00, 0x00, 0x00, 0x00,
    0x00, 0x00, 0x00, 0x00, 0x00, 0x00, 0x00, 0x00, 0x00, 0x00, 0x00, 0x00,
    0x00, 0x00, 0x00, 0x00, 0x00, 0x00, 0x00, 0x00, 0x00, 0x00, 0x00, 0x00,
    0x00, 0x00, 0x00, 0x00, 0x00, 0x00, 0x00, 0x00, 0x00, 0x00, 0x00, 0x00,
    0x00, 0x00, 0x00, 0x00, 0x00, 0x00, 0x00, 0x00, 0x00, 0x00, 0x00, 0x00,
    0x00, 0x00, 0x00, 0x00, 0x00, 0x00, 0x00, 0x00, 0x00, 0x00, 0x00, 0x00,
    0x00, 0x00, 0x00, 0x00, 0x00, 0x00, 0x00, 0x00, 0x00, 0x00, 0x00, 0x00,
    0x00, 0x00, 0x00, 0x00, 0x00, 0x00, 0x00, 0x00, 0x00, 0x00, 0x00, 0x00,
    0x00, 0x00, 0x00, 0x00, 0x00, 0x00, 0x00, 0x00, 0x00, 0x00, 0x00, 0x00,
    0x00, 0x00, 0x00, 0x00, 0x00, 0x00, 0x00, 0x00, 0x00, 0x00, 0x00, 0x00,
    0x00, 0x00, 0x00, 0x00, 0x00, 0x00, 0x00, 0x00, 0x00, 0x00, 0x00, 0x00,
    0x00, 0x00, 0x00, 0x00, 0x00, 0x00, 0x00, 0x00, 0x00, 0x00, 0x00, 0x00,
    0x00, 0x00, 0x00, 0x00, 0x00, 0x00, 0x00, 0x00, 0x00, 0x00, 0x00, 0x00,
    0x00, 0x00, 0x00, 0x00, 0x00, 0x00, 0x00, 0x00, 0x00, 0x00, 0x00, 0x00,
    0x00, 0x00, 0x00, 0x00, 0x00, 0x00, 0x00, 0x00, 0x00, 0x00, 0x00, 0x00,
    0x00, 0x00, 0x00, 0x00, 0x00, 0x00, 0x00, 0x00, 0x00, 0x00, 0x00, 0x00,
    0x00, 0x00, 0x00, 0x00, 0x00, 0x00, 0x00, 0x00, 0x00, 0x00, 0x00, 0x00,
    0x00, 0x00, 0x00, 0x00, 0x00, 0x00, 0x00, 0x00, 0x00, 0x00, 0x00, 0x00,
    0x00, 0x00, 0x00, 0x00, 0x00, 0x00, 0x00, 0x00, 0x00, 0x00, 0x00, 0x00,
    0x00, 0x00, 0x00, 0x00, 0x00, 0x00, 0x00, 0x00, 0x00, 0x00, 0x00, 0x00,
    0x00, 0x00, 0x00, 0x00, 0x00, 0x00, 0x00, 0x00, 0x00, 0x00, 0x00, 0x00,
    0x00, 0x00, 0x00, 0x00, 0x00, 0x00, 0x00, 0x00, 0x00, 0x00, 0x00, 0x00,
    0x00, 0x00, 0x00, 0x00, 0x00, 0x00, 0x00, 0x00, 0x00, 0x00, 0x00, 0x00,
    0x00, 0x00, 0x00, 0x00, 0x00, 0x00, 0x00, 0x00, 0x00, 0x00, 0x00, 0x00,
    0x00, 0x00, 0x00, 0x00, 0x00, 0x00, 0x00, 0x00, 0x00, 0x00, 0x00, 0x00,
    0x00, 0x00, 0x00, 0x00, 0x00, 0x00, 0x00, 0x00, 0x00, 0x00, 0x00, 0x00,
    0x00, 0x00, 0x00, 0x00, 0x00, 0x00, 0x00, 0x00, 0x00, 0x00, 0x00, 0x00,
    0x00, 0x00, 0x00, 0x00, 0x00, 0x00, 0x00, 0x00, 0x00, 0x00, 0x00, 0x00,
    0x00, 0x00, 0x00, 0x00, 0x00, 0x00, 0x00, 0x00, 0x00, 0x00, 0x00, 0x00,
    0x00, 0x00, 0x00, 0x00, 0x00, 0x00, 0x00, 0x00, 0x00, 0x00, 0x00, 0x00,
    0x00, 0x00, 0x00, 0x00, 0x00, 0x00, 0x00, 0x00, 0x00, 0x00, 0x00, 0x00,
    0x00, 0x00, 0x00, 0x00, 0x00, 0x00, 0x00, 0x00, 0x00, 0x00, 0x00, 0x00,
    0x00, 0x00, 0x00, 0x00, 0x00, 0x00, 0x00, 0x00, 0x00, 0x00, 0x00, 0x00,
    0x00, 0x00, 0x00, 0x00, 0x00, 0x00, 0x00, 0x00, 0x00, 0x00, 0x00, 0x00,
    0x00, 0x00, 0x00, 0x00, 0x00, 0x00, 0x00, 0x00, 0x00, 0x00, 0x00, 0x00,
    0x00, 0x00, 0x00, 0x00, 0x00, 0x00, 0x00, 0x00, 0x00, 0x00, 0x00, 0x00,
    0x00, 0x00, 0x00, 0x00, 0x00, 0x00, 0x00, 0x00, 0x00, 0x00, 0x00, 0x00,
    0x00, 0x00, 0x00, 0x00, 0x00, 0x00, 0x00, 0x00, 0x00, 0x00, 0x00, 0x00,
    0x00, 0x00, 0x00, 0x00, 0x00, 0x00, 0x00, 0x00, 0x00, 0x00, 0x00, 0x00,
    0x00, 0x00, 0x00, 0x00, 0x00, 0x00, 0x00, 0x00, 0x00, 0x00, 0x00, 0x00,
    0x00, 0x00, 0x00, 0x00, 0x00, 0x00, 0x00, 0x00, 0x00, 0x00, 0x00, 0x00,
    0x00, 0x00, 0x00, 0x00, 0x00, 0x00, 0x00, 0x00, 0x00, 0x00, 0x00, 0x00,
    0x00, 0x00, 0x00, 0x00, 0x00, 0x00, 0x00, 0x00, 0x00, 0x00, 0x00, 0x00,
    0x00, 0x00, 0x00, 0x00, 0x00, 0x00, 0x00, 0x00, 0x00, 0x00, 0x00, 0x00,
    0x00, 0x00, 0x00, 0x00, 0x00, 0x00, 0x00, 0x00, 0x00, 0x00, 0x00, 0x00,
    0x00, 0x00, 0x00, 0x00, 0x00, 0x00, 0x00, 0x00, 0x00, 0x00, 0x00, 0x00,
    0x00, 0x00, 0x00, 0x00, 0x00, 0x00, 0x00, 0x00, 0x00, 0x00, 0x00, 0x00,
    0x00, 0x00, 0x00, 0x00, 0x00, 0x00, 0x00, 0x00, 0x00, 0x00, 0x00, 0x00,
    0x00, 0x00, 0x00, 0x00, 0x00, 0x00, 0x00, 0x00, 0x00, 0x00, 0x00, 0x00,
    0x00, 0x00, 0x00, 0x00, 0x00, 0x00, 0x00, 0x00, 0x00, 0x00, 0x00, 0x00,
    0x00, 0x00, 0x00, 0x00, 0x00, 0x00, 0x00, 0x00, 0x00, 0x00, 0x00, 0x00,
    0x00, 0x00, 0x00, 0x00, 0x00, 0x00, 0x00, 0x00, 0x00, 0x00, 0x00, 0x00,
    0x00, 0x00, 0x00, 0x00, 0x00, 0x00, 0x00, 0x00, 0x00, 0x00, 0x00, 0x00,
    0x00, 0x00, 0x00, 0x00, 0x00, 0x00, 0x00, 0x00, 0x00, 0x00, 0x00, 0x00,
    0x00, 0x00, 0x00, 0x00, 0x00, 0x00, 0x00, 0x00, 0x00, 0x00, 0x00, 0x00,
    0x00, 0x00, 0x00, 0x00, 0x00, 0x00, 0x00, 0x00, 0x00, 0x00, 0x00, 0x00,
    0x00, 0x00, 0x00, 0x00, 0x00, 0x00, 0x00, 0x00, 0x00, 0x00, 0x00, 0x00,
    0x00, 0x00, 0x00, 0x00, 0x00, 0x00, 0x00, 0x00, 0x00, 0x00, 0x00, 0x00,
    0x00, 0x00, 0x00, 0x00, 0x00, 0x00, 0x00, 0x00, 0x00, 0x00, 0x00, 0x00,
    0x00, 0x00, 0x00, 0x00, 0x00, 0x00, 0x00, 0x00, 0x00, 0x00, 0x00, 0x00,
    0x00, 0x00, 0x00, 0x00, 0x00, 0x00, 0x00, 0x00, 0x00, 0x00, 0x00, 0x00,
    0x00, 0x00, 0x00, 0x00, 0x00, 0x00, 0x00, 0x00, 0x00, 0x00, 0x00, 0x00,
    0x00, 0x00, 0x00, 0x00, 0x00, 0x00, 0x00, 0x00, 0x00, 0x00, 0x00, 0x00,
    0x00, 0x00, 0x00, 0x00, 0x00, 0x00, 0x00, 0x00, 0x00, 0x00, 0x00, 0x00,
    0x00, 0x00, 0x00, 0x00, 0x00, 0x00, 0x00, 0x00, 0x00, 0x00, 0x00, 0x00,
    0x00, 0x00, 0x00, 0x00, 0x00, 0x00, 0x00, 0x00, 0x00, 0x00, 0x00, 0x00,
    0x00, 0x00, 0x00, 0x00, 0x00, 0x00, 0x00, 0x00, 0x00, 0x00, 0x00, 0x00,
    0x00, 0x00, 0x00, 0x00, 0x00, 0x00, 0x00, 0x00, 0x00, 0x00, 0x00, 0x00,
    0x00, 0x00, 0x00, 0x00, 0x00, 0x00, 0x00, 0x00, 0x00, 0x00, 0x00, 0x00,
    0x00, 0x00, 0x00, 0x00, 0x00, 0x00, 0x00, 0x00, 0x00, 0x00, 0x00, 0x00,
    0x00, 0x00, 0x00, 0x00, 0x00, 0x00, 0x00, 0x00, 0x00, 0x00, 0x00, 0x00,
    0x00, 0x00, 0x00, 0x00, 0x00, 0x00, 0x00, 0x00, 0x00, 0x00, 0x00, 0x00,
    0x00, 0x00, 0x00, 0x00, 0x00, 0x00, 0x00, 0x00, 0x00, 0x00, 0x00, 0x00,
    0x00, 0x00, 0x00, 0x00, 0x00, 0x00, 0x00, 0x00, 0x00, 0x00, 0x00, 0x00,
    0x00, 0x00, 0x00, 0x00, 0x00, 0x00, 0x00, 0x00, 0x00, 0x00, 0x00, 0x00,
    0x00, 0x00, 0x00, 0x00, 0x00, 0x00, 0x00, 0x00, 0x00, 0x00, 0x00, 0x00,
    0x00, 0x00, 0x00, 0x00, 0x00, 0x00, 0x00, 0x00, 0x00, 0x00, 0x00, 0x00,
    0x00, 0x00, 0x00, 0x00, 0x00, 0x00, 0x00, 0x00, 0x00, 0x00, 0x00, 0x00,
    0x00, 0x00, 0x00, 0x00, 0x00, 0x00, 0x00, 0x00, 0x00, 0x00, 0x00, 0x00,
    0x00, 0x00, 0x00, 0x00, 0x00, 0x00, 0x00, 0x00, 0x00, 0x00, 0x00, 0x00,
    0x00, 0x00, 0x00, 0x00, 0x00, 0x00, 0x00, 0x00, 0x00, 0x00, 0x00, 0x00,
    0x00, 0x00, 0x00, 0x00, 0x00, 0x00, 0x00, 0x00, 0x00, 0x00, 0x00, 0x00,
    0x00, 0x00, 0x00, 0x00, 0x00, 0x00, 0x00, 0x00, 0x00, 0x00, 0x00, 0x00,
    0x00, 0x00, 0x00, 0x00, 0x00, 0x00, 0x00, 0x00, 0x00, 0x00, 0x00, 0x00,
    0x00, 0x00, 0x00, 0x00, 0x00, 0x00, 0x00, 0x00, 0x00, 0x00, 0x00, 0x00,
    0x00, 0x00, 0x00, 0x00, 0x00, 0x00, 0x00, 0x00, 0x00, 0x00, 0x00, 0x00,
    0x00, 0x00, 0x00, 0x00, 0x00, 0x00, 0x00, 0x00, 0x00, 0x00, 0x00, 0x00,
    0x00, 0x00, 0x00, 0x00, 0x00, 0x00, 0x00, 0x00, 0x00, 0x00, 0x00, 0x00,
    0x00, 0x00, 0x00, 0x00, 0x00, 0x00, 0x00, 0x00, 0x00, 0x00, 0x00, 0x00,
    0x00, 0x00, 0x00, 0x00, 0x00, 0x00, 0x00, 0x00, 0x00, 0x00, 0x00, 0x00,
    0x00, 0x00, 0x00, 0x00, 0x00, 0x00, 0x00, 0x00, 0x00, 0x00, 0x00, 0x00,
    0x00, 0x00, 0x00, 0x00, 0x00, 0x00, 0x00, 0x00, 0x00, 0x00, 0x00, 0x00,
    0x00, 0x00, 0x00, 0x00, 0x00, 0x00, 0x00, 0x00, 0x00, 0x00, 0x00, 0x00,
    0x00, 0x00, 0x00, 0x00, 0x00, 0x00, 0x00, 0x00, 0x00, 0x00, 0x00, 0x00,
    0x00, 0x00, 0x00, 0x00, 0x00, 0x00, 0x00, 0x00, 0x00, 0x00, 0x00, 0x00,
    0x00, 0x00, 0x00, 0x00, 0x00, 0x00, 0x00, 0x00, 0x00, 0x00, 0x00, 0x00,
    0x00, 0x00, 0x00, 0x00, 0x00, 0x00, 0x00, 0x00, 0x00, 0x00, 0x00, 0x00,
    0x00, 0x00, 0x00, 0x00, 0x00, 0x00, 0x00, 0x00, 0x00, 0x00, 0x00, 0x00,
    0x00, 0x00, 0x00, 0x00, 0x00, 0x00, 0x00, 0x00, 0x00, 0x00, 0x00, 0x00,
    0x00, 0x00, 0x00, 0x00, 0x00, 0x00, 0x00, 0x00, 0x00, 0x00, 0x00, 0x00,
    0x00, 0x00, 0x00, 0x00, 0x00, 0x00, 0x00, 0x00, 0x00, 0x00, 0x00, 0x00,
    0x00, 0x00, 0x00, 0x00, 0x00, 0x00, 0x00, 0x00, 0x00, 0x00, 0x00, 0x00,
    0x00, 0x00, 0x00, 0x00, 0x00, 0x00, 0x00, 0x00, 0x00, 0x00, 0x00, 0x00,
    0x00, 0x00, 0x00, 0x00, 0x00, 0x00, 0x00, 0x00, 0x00, 0x00, 0x00, 0x00,
    0x00, 0x00, 0x00, 0x00, 0x00, 0x00, 0x00, 0x00, 0x00, 0x00, 0x00, 0x00,
    0x00, 0x00, 0x00, 0x00, 0x00, 0x00, 0x00, 0x00, 0x00, 0x00, 0x00, 0x00,
    0x00, 0x00, 0x00, 0x00, 0x00, 0x00, 0x00, 0x00, 0x00, 0x00, 0x00, 0x00,
    0x00, 0x00, 0x00, 0x00, 0x00, 0x00, 0x00, 0x00, 0x00, 0x00, 0x00, 0x00,
    0x00, 0x00, 0x00, 0x00, 0x00, 0x00, 0x00, 0x00, 0x00, 0x00, 0x00, 0x00,
    0x00, 0x00, 0x00, 0x00, 0x00, 0x00, 0x00, 0x00, 0x00, 0x00, 0x00, 0x00,
    0x00, 0x00, 0x00, 0x00, 0x00, 0x00, 0x00, 0x00, 0x00, 0x00, 0x00, 0x00,
    0x00, 0x00, 0x00, 0x00, 0x00, 0x00, 0x00, 0x00, 0x00, 0x00, 0x00, 0x00,
    0x00, 0x00, 0x00, 0x00, 0x00, 0x00, 0x00, 0x00, 0x00, 0x00, 0x00, 0x00,
    0x00, 0x00, 0x00, 0x00, 0x00, 0x00, 0x00, 0x00, 0x00, 0x00, 0x00, 0x00,
    0x00, 0x00, 0x00, 0x00, 0x00, 0x00, 0x00, 0x00, 0x00, 0x00, 0x00, 0x00,
    0x00, 0x00, 0x00, 0x00, 0x00, 0x00, 0x00, 0x00, 0x00, 0x00, 0x00, 0x00,
    0x00, 0x00, 0x00, 0x00, 0x00, 0x00, 0x00, 0x00, 0x00, 0x00, 0x00, 0x00,
    0x00, 0x00, 0x00, 0x00, 0x00, 0x00, 0x00, 0x00, 0x00, 0x00, 0x00, 0x00,
    0x00, 0x00, 0x00, 0x00, 0x00, 0x00, 0x00, 0x00, 0x00, 0x00, 0x00, 0x00,
    0x00, 0x00, 0x00, 0x00, 0x00, 0x00, 0x00, 0x00, 0x00, 0x00, 0x00, 0x00,
    0x00, 0x00, 0x00, 0x00, 0x00, 0x00, 0x00, 0x00, 0x00, 0x00, 0x00, 0x00,
    0x00, 0x00, 0x00, 0x00, 0x00, 0x00, 0x00, 0x00, 0x00, 0x00, 0x00, 0x00,
    0x00, 0x00, 0x00, 0x00, 0x00, 0x00, 0x00, 0x00, 0x00, 0x00, 0x00, 0x00,
    0x00, 0x00, 0x00, 0x00, 0x00, 0x00, 0x00, 0x00, 0x00, 0x00, 0x00, 0x00,
    0x00, 0x00, 0x00, 0x00, 0x00, 0x00, 0x00, 0x00, 0x00, 0x00, 0x00, 0x00,
    0x00, 0x00, 0x00, 0x00, 0x00, 0x00, 0x00, 0x00, 0x00, 0x00, 0x00, 0x00,
    0x00, 0x00, 0x00, 0x00, 0x00, 0x00, 0x00, 0x00, 0x00, 0x00, 0x00, 0x00,
    0x00, 0x00, 0x00, 0x00, 0x00, 0x00, 0x00, 0x00, 0x00, 0x00, 0x00, 0x00,
    0x00, 0x00, 0x00, 0x00, 0x00, 0x00, 0x00, 0x00, 0x00, 0x00, 0x00, 0x00,
    0x00, 0x00, 0x00, 0x00, 0x00, 0x00, 0x00, 0x00, 0x00, 0x00, 0x00, 0x00,
    0x00, 0x00, 0x00, 0x00, 0x00, 0x00, 0x00, 0x00, 0x00, 0x00, 0x00, 0x00,
    0x00, 0x00, 0x00, 0x00, 0x00, 0x00, 0x00, 0x00, 0x00, 0x00, 0x00, 0x00,
    0x00, 0x00, 0x00, 0x00, 0x00, 0x00, 0x00, 0x00, 0x00, 0x00, 0x00, 0x00,
    0x00, 0x00, 0x00, 0x00, 0x00, 0x00, 0x00, 0x00, 0x00, 0x00, 0x00, 0x00,
    0x00, 0x00, 0x00, 0x00, 0x00, 0x00, 0x00, 0x00, 0x00, 0x00, 0x00, 0x00,
    0x00, 0x00, 0x00, 0x00, 0x00, 0x00, 0x00, 0x00, 0x00, 0x00, 0x00, 0x00,
    0x00, 0x00, 0x00, 0x00, 0x00, 0x00, 0x00, 0x00, 0x00, 0x00, 0x00, 0x00,
    0x00, 0x00, 0x00, 0x00, 0x00, 0x00, 0x00, 0x00, 0x00, 0x00, 0x00, 0x00,
    0x00, 0x00, 0x00, 0x00, 0x00, 0x00, 0x00, 0x00, 0x00, 0x00, 0x00, 0x00,
    0x00, 0x00, 0x00, 0x00, 0x00, 0x00, 0x00, 0x00, 0x00, 0x00, 0x00, 0x00,
    0x00, 0x00, 0x00, 0x00, 0x00, 0x00, 0x00, 0x00, 0x00, 0x00, 0x00, 0x00,
    0x00, 0x00, 0x00, 0x00, 0x00, 0x00, 0x00, 0x00, 0x00, 0x00, 0x00, 0x00,
    0x00, 0x00, 0x00, 0x00, 0x00, 0x00, 0x00, 0x00, 0x00, 0x00, 0x00, 0x00,
    0x00, 0x00, 0x00, 0x00, 0x00, 0x00, 0x00, 0x00, 0x00, 0x00, 0x00, 0x00,
    0x00, 0x00, 0x00, 0x00, 0x00, 0x00, 0x00, 0x00, 0x00, 0x00, 0x00, 0x00,
    0x00, 0x00, 0x00, 0x00, 0x00, 0x00, 0x00, 0x00, 0x00, 0x00, 0x00, 0x00,
    0x00, 0x00, 0x00, 0x00, 0x00, 0x00, 0x00, 0x00, 0x00, 0x00, 0x00, 0x00,
    0x00, 0x00, 0x00, 0x00, 0x00, 0x00, 0x00, 0x00, 0x00, 0x00, 0x00, 0x00,
    0x00, 0x00, 0x00, 0x00, 0x00, 0x00, 0x00, 0x00, 0x00, 0x00, 0x00, 0x00,
    0x00, 0x00, 0x00, 0x00, 0x00, 0x00, 0x00, 0x00, 0x00, 0x00, 0x00, 0x00,
    0x00, 0x00, 0x00, 0x00, 0x00, 0x00, 0x00, 0x00, 0x00, 0x00, 0x00, 0x00,
    0x00, 0x00, 0x00, 0x00, 0x00, 0x00, 0x00, 0x00, 0x00, 0x00, 0x00, 0x00,
    0x00, 0x00, 0x00, 0x00, 0x00, 0x00, 0x00, 0x00, 0x00, 0x00, 0x00, 0x00,
    0x00, 0x00, 0x00, 0x00, 0x00, 0x00, 0x00, 0x00, 0x00, 0x00, 0x00, 0x00,
    0x00, 0x00, 0x00, 0x00, 0x00, 0x00, 0x00, 0x00, 0x00, 0x00, 0x00, 0x00,
    0x00, 0x00, 0x00, 0x00, 0x00, 0x00, 0x00, 0x00, 0x00, 0x00, 0x00, 0x00,
    0x00, 0x00, 0x00, 0x00, 0x00, 0x00, 0x00, 0x00, 0x00, 0x00, 0x00, 0x00,
    0x00, 0x00, 0x00, 0x00, 0x00, 0x00, 0x00, 0x00, 0x00, 0x00, 0x00, 0x00,
    0x00, 0x00, 0x00, 0x00, 0x00, 0x00, 0x00, 0x00, 0x00, 0x00, 0x00, 0x00,
    0x00, 0x00, 0x00, 0x00, 0x00, 0x00, 0x00, 0x00, 0x00, 0x00, 0x00, 0x00,
    0x00, 0x00, 0x00, 0x00, 0x00, 0x00, 0x00, 0x00, 0x00, 0x00, 0x00, 0x00,
    0x00, 0x00, 0x00, 0x00, 0x00, 0x00, 0x00, 0x00, 0x00, 0x00, 0x00, 0x00,
    0x00, 0x00, 0x00, 0x00, 0x00, 0x00, 0x00, 0x00, 0x00, 0x00, 0x00, 0x00,
    0x00, 0x00, 0x00, 0x00, 0x00, 0x00, 0x00, 0x00, 0x00, 0x00, 0x00, 0x00,
    0x00, 0x00, 0x00, 0x00, 0x00, 0x00, 0x00, 0x00, 0x00, 0x00, 0x00, 0x00,
    0x00, 0x00, 0x00, 0x00, 0x00, 0x00, 0x00, 0x00, 0x00, 0x00, 0x00, 0x00,
    0x00, 0x00, 0x00, 0x00, 0x00, 0x00, 0x00, 0x00, 0x00, 0x00, 0x00, 0x00,
    0x00, 0x00, 0x00, 0x00, 0x00, 0x00, 0x00, 0x00, 0x00, 0x00, 0x00, 0x00,
    0x00, 0x00, 0x00, 0x00, 0x00, 0x00, 0x00, 0x00, 0x00, 0x00, 0x00, 0x00,
    0x00, 0x00, 0x00, 0x00, 0x00, 0x00, 0x00, 0x00, 0x00, 0x00, 0x00, 0x00,
    0x00, 0x00, 0x00, 0x00, 0x00, 0x00, 0x00, 0x00, 0x00, 0x00, 0x00, 0x00,
    0x00, 0x00, 0x00, 0x00, 0x00, 0x00, 0x00, 0x00, 0x00, 0x00, 0x00, 0x00,
    0x00, 0x00, 0x00, 0x00, 0x00, 0x00, 0x00, 0x00, 0x00, 0x00, 0x00, 0x00,
    0x00, 0x00, 0x00, 0x00, 0x00, 0x00, 0x00, 0x00, 0x00, 0x00, 0x00, 0x00,
    0x00, 0x00, 0x00, 0x00, 0x00, 0x00, 0x00, 0x00, 0x00, 0x00, 0x00, 0x00,
    0x00, 0x00, 0x00, 0x00, 0x00, 0x00, 0x00, 0x00, 0x00, 0x00, 0x00, 0x00,
    0x00, 0x00, 0x00, 0x00, 0x00, 0x00, 0x00, 0x00, 0x00, 0x00, 0x00, 0x00,
    0x00, 0x00, 0x00, 0x00, 0x00, 0x00, 0x00, 0x00, 0x00, 0x00, 0x00, 0x00,
    0x00, 0x00, 0x00, 0x00, 0x00, 0x00, 0x00, 0x00, 0x00, 0x00, 0x00, 0x00,
    0x00, 0x00, 0x00, 0x00, 0x00, 0x00, 0x00, 0x00, 0x00, 0x00, 0x00, 0x00,
    0x00, 0x00, 0x00, 0x00, 0x00, 0x00, 0x00, 0x00, 0x00, 0x00, 0x00, 0x00,
    0x00, 0x00, 0x00, 0x00, 0x00, 0x00, 0x00, 0x00, 0x00, 0x00, 0x00, 0x00,
    0x00, 0x00, 0x00, 0x00, 0x00, 0x00, 0x00, 0x00, 0x00, 0x00, 0x00, 0x00,
    0x00, 0x00, 0x00, 0x00, 0x00, 0x00, 0x00, 0x00, 0x00, 0x00, 0x00, 0x00,
    0x00, 0x00, 0x00, 0x00, 0x00, 0x00, 0x00, 0x00, 0x00, 0x00, 0x00, 0x00,
    0x00, 0x00, 0x00, 0x00, 0x00, 0x00, 0x00, 0x00, 0x00, 0x00, 0x00, 0x00,
    0x00, 0x00, 0x00, 0x00, 0x00, 0x00, 0x00, 0x00, 0x00, 0x00, 0x00, 0x00,
    0x00, 0x00, 0x00, 0x00, 0x00, 0x00, 0x00, 0x00, 0x00, 0x00, 0x00, 0x00,
    0x00, 0x00, 0x00, 0x00, 0x00, 0x00, 0x00, 0x00, 0x00, 0x00, 0x00, 0x00,
    0x00, 0x00, 0x00, 0x00, 0x00, 0x00, 0x00, 0x00, 0x00, 0x00, 0x00, 0x00,
    0x00, 0x00, 0x00, 0x00, 0x00, 0x00, 0x00, 0x00, 0x00, 0x00, 0x00, 0x00,
    0x00, 0x00, 0x00, 0x00, 0x00, 0x00, 0x00, 0x00, 0x00, 0x00, 0x00, 0x00,
    0x00, 0x00, 0x00, 0x00, 0x00, 0x00, 0x00, 0x00, 0x00, 0x00, 0x00, 0x00,
    0x00, 0x00, 0x00, 0x00, 0x00, 0x00, 0x00, 0x00, 0x00, 0x00, 0x00, 0x00,
    0x00, 0x00, 0x00, 0x00, 0x00, 0x00, 0x00, 0x00, 0x00, 0x00, 0x00, 0x00,
    0x00, 0x00, 0x00, 0x00, 0x00, 0x00, 0x00, 0x00, 0x00, 0x00, 0x00, 0x00,
    0x00, 0x00, 0x00, 0x00, 0x00, 0x00, 0x00, 0x00, 0x00, 0x00, 0x00, 0x00,
    0x00, 0x00, 0x00, 0x00, 0x00, 0x00, 0x00, 0x00, 0x00, 0x00, 0x00, 0x00,
    0x00, 0x00, 0x00, 0x00, 0x00, 0x00, 0x00, 0x00, 0x00, 0x00, 0x00, 0x00,
    0x00, 0x00, 0x00, 0x00, 0x00, 0x00, 0x00, 0x00, 0x00, 0x00, 0x00, 0x00,
    0x00, 0x00, 0x00, 0x00, 0x00, 0x00, 0x00, 0x00, 0x00, 0x00, 0x00, 0x00,
    0x00, 0x00, 0x00, 0x00, 0x00, 0x00, 0x00, 0x00, 0x00, 0x00, 0x00, 0x00,
    0x00, 0x00, 0x00, 0x00, 0x00, 0x00, 0x00, 0x00, 0x00, 0x00, 0x00, 0x00,
    0x00, 0x00, 0x00, 0x00, 0x00, 0x00, 0x00, 0x00, 0x00, 0x00, 0x00, 0x00,
    0x00, 0x00, 0x00, 0x00, 0x00, 0x00, 0x00, 0x00, 0x00, 0x00, 0x00, 0x00,
    0x00, 0x00, 0x00, 0x00, 0x00, 0x00, 0x00, 0x00, 0x00, 0x00, 0x00, 0x00,
    0x00, 0x00, 0x00, 0x00, 0x00, 0x00, 0x00, 0x00, 0x00, 0x00, 0x00, 0x00,
    0x00, 0x00, 0x00, 0x00, 0x00, 0x00, 0x00, 0x00, 0x00, 0x00, 0x00, 0x00,
    0x00, 0x00, 0x00, 0x00, 0x00, 0x00, 0x00, 0x00, 0x00, 0x00, 0x00, 0x00,
    0x00, 0x00, 0x00, 0x00, 0x00, 0x00, 0x00, 0x00, 0x00, 0x00, 0x00, 0x00,
    0x00, 0x00, 0x00, 0x00, 0x00, 0x00, 0x00, 0x00, 0x00, 0x00, 0x00, 0x00,
    0x00, 0x00, 0x00, 0x00, 0x00, 0x00, 0x00, 0x00, 0x00, 0x00, 0x00, 0x00,
    0x00, 0x00, 0x00, 0x00, 0x00, 0x00, 0x00, 0x00, 0x00, 0x00, 0x00, 0x00,
    0x00, 0x00, 0x00, 0x00, 0x00, 0x00, 0x00, 0x00, 0x00, 0x00, 0x00, 0x00,
    0x00, 0x00, 0x00, 0x00, 0x00, 0x00, 0x00, 0x00, 0x00, 0x00, 0x00, 0x00,
    0x00, 0x00, 0x00, 0x00, 0x00, 0x00, 0x00, 0x00, 0x00, 0x00, 0x00, 0x00,
    0x00, 0x00, 0x00, 0x00, 0x00, 0x00, 0x00, 0x00, 0x00, 0x00, 0x00, 0x00,
    0x00, 0x00, 0x00, 0x00, 0x00, 0x00, 0x00, 0x00, 0x00, 0x00, 0x00, 0x00,
    0x00, 0x00, 0x00, 0x00, 0x00, 0x00, 0x00, 0x00, 0x00, 0x00, 0x00, 0x00,
    0x00, 0x00, 0x00, 0x00, 0x00, 0x00, 0x00, 0x00, 0x00, 0x00, 0x00, 0x00,
    0x00, 0x00, 0x00, 0x00, 0x00, 0x00, 0x00, 0x00, 0x00, 0x00, 0x00, 0x00,
    0x00, 0x00, 0x00, 0x00, 0x00, 0x00, 0x00, 0x00, 0x00, 0x00, 0x00, 0x00,
    0x00, 0x00, 0x00, 0x00, 0x00, 0x00, 0x00, 0x00, 0x00, 0x00, 0x00, 0x00,
    0x00, 0x00, 0x00, 0x00, 0x00, 0x00, 0x00, 0x00, 0x00, 0x00, 0x00, 0x00,
    0x00, 0x00, 0x00, 0x00, 0x00, 0x00, 0x00, 0x00, 0x00, 0x00, 0x00, 0x00,
    0x00, 0x00, 0x00, 0x00, 0x00, 0x00, 0x00, 0x00, 0x00, 0x00, 0x00, 0x00,
    0x00, 0x00, 0x00, 0x00, 0x00, 0x00, 0x00, 0x00, 0x00, 0x00, 0x00, 0x00,
    0x00, 0x00, 0x00, 0x00, 0x00, 0x00, 0x00, 0x00, 0x00, 0x00, 0x00, 0x00,
    0x00, 0x00, 0x00, 0x00, 0x00, 0x00, 0x00, 0x00, 0x00, 0x00, 0x00, 0x00,
    0x00, 0x00, 0x00, 0x00, 0x00, 0x00, 0x00, 0x00, 0x00, 0x00, 0x00, 0x00,
    0x00, 0x00, 0x00, 0x00, 0x00, 0x00, 0x00, 0x00, 0x00, 0x00, 0x00, 0x00,
    0x00, 0x00, 0x00, 0x00, 0x00, 0x00, 0x00, 0x00, 0x00, 0x00, 0x00, 0x00,
    0x00, 0x00, 0x00, 0x00, 0x00, 0x00, 0x00, 0x00, 0x00, 0x00, 0x00, 0x00,
    0x00, 0x00, 0x00, 0x00, 0x00, 0x00, 0x00, 0x00, 0x00, 0x00, 0x00, 0x00,
    0x00, 0x00, 0x00, 0x00, 0x00, 0x00, 0x00, 0x00, 0x00, 0x00, 0x00, 0x00,
    0x00, 0x00, 0x00, 0x00, 0x00, 0x00, 0x00, 0x00, 0x00, 0x00, 0x00, 0x00,
    0x00, 0x00, 0x00, 0x00, 0x00, 0x00, 0x00, 0x00, 0x00, 0x00, 0x00, 0x00,
    0x00, 0x00, 0x00, 0x00, 0x00, 0x00, 0x00, 0x00, 0x00, 0x00, 0x00, 0x00,
    0x00, 0x00, 0x00, 0x00, 0x00, 0x00, 0x00, 0x00, 0x00, 0x00, 0x00, 0x00,
    0x00, 0x00, 0x00, 0x00, 0x00, 0x00, 0x00, 0x00, 0x00, 0x00, 0x00, 0x00,
    0x00, 0x00, 0x00, 0x00, 0x00, 0x00, 0x00, 0x00, 0x00, 0x00, 0x00, 0x00,
    0x00, 0x00, 0x00, 0x00, 0x00, 0x00, 0x00, 0x00, 0x00, 0x00, 0x00, 0x00,
    0x00, 0x00, 0x00, 0x00, 0x00, 0x00, 0x00, 0x00, 0x00, 0x00, 0x00, 0x00,
    0x00, 0x00, 0x00, 0x00, 0x00, 0x00, 0x00, 0x00, 0x00, 0x00, 0x00, 0x00,
    0x00, 0x00, 0x00, 0x00, 0x00, 0x00, 0x00, 0x00, 0x00, 0x00, 0x00, 0x00,
    0x00, 0x00, 0x00, 0x00, 0x00, 0x00, 0x00, 0x00, 0x00, 0x00, 0x00, 0x00,
    0x00, 0x00, 0x00, 0x00, 0x00, 0x00, 0x00, 0x00, 0x00, 0x00, 0x00, 0x00,
    0x00, 0x00, 0x00, 0x00, 0x00, 0x00, 0x00, 0x00, 0x00, 0x00, 0x00, 0x00,
    0x00, 0x00, 0x00, 0x00, 0x00, 0x00, 0x00, 0x00, 0x00, 0x00, 0x00, 0x00,
    0x00, 0x00, 0x00, 0x00, 0x00, 0x00, 0x00, 0x00, 0x00, 0x00, 0x00, 0x00,
    0x00, 0x00, 0x00, 0x00, 0x00, 0x00, 0x00, 0x00, 0x00, 0x00, 0x00, 0x00,
    0x00, 0x00, 0x00, 0x00, 0x00, 0x00, 0x00, 0x00, 0x00, 0x00, 0x00, 0x00,
    0x00, 0x00, 0x00, 0x00, 0x00, 0x00, 0x00, 0x00, 0x00, 0x00, 0x00, 0x00,
    0x00, 0x00, 0x00, 0x00, 0x00, 0x00, 0x00, 0x00, 0x00, 0x00, 0x00, 0x00,
    0x00, 0x00, 0x00, 0x00, 0x00, 0x00, 0x00, 0x00, 0x00, 0x00, 0x00, 0x00,
    0x00, 0x00, 0x00, 0x00, 0x00, 0x00, 0x00, 0x00, 0x00, 0x00, 0x00, 0x00,
    0x00, 0x00, 0x00, 0x00, 0x00, 0x00, 0x00, 0x00, 0x00, 0x00, 0x00, 0x00,
    0x00, 0x00, 0x00, 0x00, 0x00, 0x00, 0x00, 0x00, 0x00, 0x00, 0x00, 0x00,
    0x00, 0x00, 0x00, 0x00, 0x00, 0x00, 0x00, 0x00, 0x00, 0x00, 0x00, 0x00,
    0x00, 0x00, 0x00, 0x00, 0x00, 0x00, 0x00, 0x00, 0x00, 0x00, 0x00, 0x00,
    0x00, 0x00, 0x00, 0x00, 0x00, 0x00, 0x00, 0x00, 0x00, 0x00, 0x00, 0x00,
    0x00, 0x00, 0x00, 0x00, 0x00, 0x00, 0x00, 0x00, 0x00, 0x00, 0x00, 0x00,
    0x00, 0x00, 0x00, 0x00, 0x00, 0x00, 0x00, 0x00, 0x00, 0x00, 0x00, 0x00,
    0x00, 0x00, 0x00, 0x00, 0x00, 0x00, 0x00, 0x00, 0x00, 0x00, 0x00, 0x00,
    0x00, 0x00, 0x00, 0x00, 0x00, 0x00, 0x00, 0x00, 0x00, 0x00, 0x00, 0x00,
    0x00, 0x00, 0x00, 0x00, 0x00, 0x00, 0x00, 0x00, 0x00, 0x00, 0x00, 0x00,
    0x00, 0x00, 0x00, 0x00, 0x00, 0x00, 0x00, 0x00, 0x00, 0x00, 0x00, 0x00,
    0x00, 0x00, 0x00, 0x00, 0x00, 0x00, 0x00, 0x00, 0x00, 0x00, 0x00, 0x00,
    0x00, 0x00, 0x00, 0x00, 0x00, 0x00, 0x00, 0x00, 0x00, 0x00, 0x00, 0x00,
    0x00, 0x00, 0x00, 0x00, 0x00, 0x00, 0x00, 0x00, 0x00, 0x00, 0x00, 0x00,
    0x00, 0x00, 0x00, 0x00, 0x00, 0x00, 0x00, 0x00, 0x00, 0x00, 0x00, 0x00,
    0x00, 0x00, 0x00, 0x00, 0x00, 0x00, 0x00, 0x00, 0x00, 0x00, 0x00, 0x00,
    0x00, 0x00, 0x00, 0x00, 0x00, 0x00, 0x00, 0x00, 0x00, 0x00, 0x00, 0x00,
    0x00, 0x00, 0x00, 0x00, 0x00, 0x00, 0x00, 0x00, 0x00, 0x00, 0x00, 0x00,
    0x00, 0x00, 0x00, 0x00, 0x00, 0x00, 0x00, 0x00, 0x00, 0x00, 0x00, 0x00,
    0x00, 0x00, 0x00, 0x00, 0x00, 0x00, 0x00, 0x00, 0x00, 0x00, 0x00, 0x00,
    0x00, 0x00, 0x00, 0x00, 0x00, 0x00, 0x00, 0x00, 0x00, 0x00, 0x00, 0x00,
    0x00, 0x00, 0x00, 0x00, 0x00, 0x00, 0x00, 0x00, 0x00, 0x00, 0x00, 0x00,
    0x00, 0x00, 0x00, 0x00, 0x00, 0x00, 0x00, 0x00, 0x00, 0x00, 0x00, 0x00,
    0x00, 0x00, 0x00, 0x00, 0x00, 0x00, 0x00, 0x00, 0x00, 0x00, 0x00, 0x00,
    0x00, 0x00, 0x00, 0x00, 0x00, 0x00, 0x00, 0x00, 0x00, 0x00, 0x00, 0x00,
    0x00, 0x00, 0x00, 0x00, 0x00, 0x00, 0x00, 0x00, 0x00, 0x00, 0x00, 0x00,
    0x00, 0x00, 0x00, 0x00, 0x00, 0x00, 0x00, 0x00, 0x00, 0x00, 0x00, 0x00,
    0x00, 0x00, 0x00, 0x00, 0x00, 0x00, 0x00, 0x00, 0x00, 0x00, 0x00, 0x00,
    0x00, 0x00, 0x00, 0x00, 0x00, 0x00, 0x00, 0x00, 0x00, 0x00, 0x00, 0x00,
    0x00, 0x00, 0x00, 0x00, 0x00, 0x00, 0x00, 0x00, 0x00, 0x00, 0x00, 0x00,
    0x00, 0x00, 0x00, 0x00, 0x00, 0x00, 0x00, 0x00, 0x00, 0x00, 0x00, 0x00,
    0x00, 0x00, 0x00, 0x00, 0x00, 0x00, 0x00, 0x00, 0x00, 0x00, 0x00, 0x00,
    0x00, 0x00, 0x00, 0x00, 0x00, 0x00, 0x00, 0x00, 0x00, 0x00, 0x00, 0x00,
    0x00, 0x00, 0x00, 0x00, 0x00, 0x00, 0x00, 0x00, 0x00, 0x00, 0x00, 0x00,
    0x00, 0x00, 0x00, 0x00, 0x00, 0x00, 0x00, 0x00, 0x00, 0x00, 0x00, 0x00,
    0x00, 0x00, 0x00, 0x00, 0x00, 0x00, 0x00, 0x00, 0x00, 0x00, 0x00, 0x00,
    0x00, 0x00, 0x00, 0x00, 0x00, 0x00, 0x00, 0x00, 0x00, 0x00, 0x00, 0x00,
    0x00, 0x00, 0x00, 0x00, 0x00, 0x00, 0x00, 0x00, 0x00, 0x00, 0x00, 0x00,
    0x00, 0x00, 0x00, 0x00, 0x00, 0x00, 0x00, 0x00, 0x00, 0x00, 0x00, 0x00,
    0x00, 0x00, 0x00, 0x00, 0x00, 0x00, 0x00, 0x00, 0x00, 0x00, 0x00, 0x00,
    0x00, 0x00, 0x00, 0x00, 0x00, 0x00, 0x00, 0x00, 0x00, 0x00, 0x00, 0x00,
    0x00, 0x00, 0x00, 0x00, 0x00, 0x00, 0x00, 0x00, 0x00, 0x00, 0x00, 0x00,
    0x00, 0x00, 0x00, 0x00, 0x00, 0x00, 0x00, 0x00, 0x00, 0x00, 0x00, 0x00,
    0x00, 0x00, 0x00, 0x00, 0x00, 0x00, 0x00, 0x00, 0x00, 0x00, 0x00, 0x00,
    0x00, 0x00, 0x00, 0x00, 0x00, 0x00, 0x00, 0x00, 0x00, 0x00, 0x00, 0x00,
    0x00, 0x00, 0x00, 0x00, 0x00, 0x00, 0x00, 0x00, 0x00, 0x00, 0x00, 0x00,
    0x00, 0x00, 0x00, 0x00, 0x00, 0x00, 0x00, 0x00, 0x00, 0x00, 0x00, 0x00,
    0x00, 0x00, 0x00, 0x00, 0x00, 0x00, 0x00, 0x00, 0x00, 0x00, 0x00, 0x00,
    0x00, 0x00, 0x00, 0x00, 0x00, 0x00, 0x00, 0x00, 0x00, 0x00, 0x00, 0x00,
    0x00, 0x00, 0x00, 0x00, 0x00, 0x00, 0x00, 0x00, 0x00, 0x00, 0x00, 0x00,
    0x00, 0x00, 0x00, 0x00, 0x00, 0x00, 0x00, 0x00, 0x00, 0x00, 0x00, 0x00,
    0x00, 0x00, 0x00, 0x00, 0x00, 0x00, 0x00, 0x00, 0x00, 0x00, 0x00, 0x00,
    0x00, 0x00, 0x00, 0x00, 0x00, 0x00, 0x00, 0x00, 0x00, 0x00, 0x00, 0x00,
    0x00, 0x00, 0x00, 0x00, 0x00, 0x00, 0x00, 0x00, 0x00, 0x00, 0x00, 0x00,
    0x00, 0x00, 0x00, 0x00, 0x00, 0x00, 0x00, 0x00, 0x00, 0x00, 0x00, 0x00,
    0x00, 0x00, 0x00, 0x00, 0x00, 0x00, 0x00, 0x00, 0x00, 0x00, 0x00, 0x00,
    0x00, 0x00, 0x00, 0x00, 0x00, 0x00, 0x00, 0x00, 0x00, 0x00, 0x00, 0x00,
    0x00, 0x00, 0x00, 0x00, 0x00, 0x00, 0x00, 0x00, 0x00, 0x00, 0x00, 0x00,
    0x00, 0x00, 0x00, 0x00, 0x00, 0x00, 0x00, 0x00, 0x00, 0x00, 0x00, 0x00,
    0x00, 0x00, 0x00, 0x00, 0x00, 0x00, 0x00, 0x00, 0x00, 0x00, 0x00, 0x00,
    0x00, 0x00, 0x00, 0x00, 0x00, 0x00, 0x00, 0x00, 0x00, 0x00, 0x00, 0x00,
    0x00, 0x00, 0x00, 0x00, 0x00, 0x00, 0x00, 0x00, 0x00, 0x00, 0x00, 0x00,
    0x00, 0x00, 0x00, 0x00, 0x00, 0x00, 0x00, 0x00, 0x00, 0x00, 0x00, 0x00,
    0x00, 0x00, 0x00, 0x00, 0x00, 0x00, 0x00, 0x00, 0x00, 0x00, 0x00, 0x00,
    0x00, 0x00, 0x00, 0x00, 0x00, 0x00, 0x00, 0x00, 0x00, 0x00, 0x00, 0x00,
    0x00, 0x00, 0x00, 0x00, 0x00, 0x00, 0x00, 0x00, 0x00, 0x00, 0x00, 0x00,
    0x00, 0x00, 0x00, 0x00, 0x00, 0x00, 0x00, 0x00, 0x00, 0x00, 0x00, 0x00,
    0x00, 0x00, 0x00, 0x00, 0x00, 0x00, 0x00, 0x00, 0x00, 0x00, 0x00, 0x00,
    0x00, 0x00, 0x00, 0x00, 0x00, 0x00, 0x00, 0x00, 0x00, 0x00, 0x00, 0x00,
    0x00, 0x00, 0x00, 0x00, 0x00, 0x00, 0x00, 0x00, 0x00, 0x00, 0x00, 0x00,
    0x00, 0x00, 0x00, 0x00, 0x00, 0x00, 0x00, 0x00, 0x00, 0x00, 0x00, 0x00,
    0x00, 0x00, 0x00, 0x00, 0x00, 0x00, 0x00, 0x00, 0x00, 0x00, 0x00, 0x00,
    0x00, 0x00, 0x00, 0x00, 0x00, 0x00, 0x00, 0x00, 0x00, 0x00, 0x00, 0x00,
    0x00, 0x00, 0x00, 0x00, 0x00, 0x00, 0x00, 0x00, 0x00, 0x00, 0x00, 0x00,
    0x00, 0x00, 0x00, 0x00, 0x00, 0x00, 0x00, 0x00, 0x00, 0x00, 0x00, 0x00,
    0x00, 0x00, 0x00, 0x00, 0x00, 0x00, 0x00, 0x00, 0x00, 0x00, 0x00, 0x00,
    0x00, 0x00, 0x00, 0x00, 0x00, 0x00, 0x00, 0x00, 0x00, 0x00, 0x00, 0x00,
    0x00, 0x00, 0x00, 0x00, 0x00, 0x00, 0x00, 0x00, 0x00, 0x00, 0x00, 0x00,
    0x00, 0x00, 0x00, 0x00, 0x00, 0x00, 0x00, 0x00, 0x00, 0x00, 0x00, 0x00,
    0x00, 0x00, 0x00, 0x00, 0x00, 0x00, 0x00, 0x00, 0x00, 0x00, 0x00, 0x00,
    0x00, 0x00, 0x00, 0x00, 0x00, 0x00, 0x00, 0x00, 0x00, 0x00, 0x00, 0x00,
    0x00, 0x00, 0x00, 0x00, 0x00, 0x00, 0x00, 0x00, 0x00, 0x00, 0x00, 0x00,
    0x00, 0x00, 0x00, 0x00, 0x00, 0x00, 0x00, 0x00, 0x00, 0x00, 0x00, 0x00,
    0x00, 0x00, 0x00, 0x00, 0x00, 0x00, 0x00, 0x00, 0x00, 0x00, 0x00, 0x00,
    0x00, 0x00, 0x00, 0x00, 0x00, 0x00, 0x00, 0x00, 0x00, 0x00, 0x00, 0x00,
    0x00, 0x00, 0x00, 0x00, 0x00, 0x00, 0x00, 0x00, 0x00, 0x00, 0x00, 0x00,
    0x00, 0x00, 0x00, 0x00, 0x00, 0x00, 0x00, 0x00, 0x00, 0x00, 0x00, 0x00,
    0x00, 0x00, 0x00, 0x00, 0x00, 0x00, 0x00, 0x00, 0x00, 0x00, 0x00, 0x00,
    0x00, 0x00, 0x00, 0x00, 0x00, 0x00, 0x00, 0x00, 0x00, 0x00, 0x00, 0x00,
    0x00, 0x00, 0x00, 0x00, 0x00, 0x00, 0x00, 0x00, 0x00, 0x00, 0x00, 0x00,
    0x00, 0x00, 0x00, 0x00, 0x00, 0x00, 0x00, 0x00, 0x00, 0x00, 0x00, 0x00,
    0x00, 0x00, 0x00, 0x00, 0x00, 0x00, 0x00, 0x00, 0x00, 0x00, 0x00, 0x00,
    0x00, 0x00, 0x00, 0x00, 0x00, 0x00, 0x00, 0x00, 0x00, 0x00, 0x00, 0x00,
    0x00, 0x00, 0x00, 0x00, 0x00, 0x00, 0x00, 0x00, 0x00, 0x00, 0x00, 0x00,
    0x00, 0x00, 0x00, 0x00, 0x00, 0x00, 0x00, 0x00, 0x00, 0x00, 0x00, 0x00,
    0x00, 0x00, 0x00, 0x00, 0x00, 0x00, 0x00, 0x00, 0x00, 0x00, 0x00, 0x00,
    0x00, 0x00, 0x00, 0x00, 0x00, 0x00, 0x00, 0x00, 0x00, 0x00, 0x00, 0x00,
    0x00, 0x00, 0x00, 0x00, 0x00, 0x00, 0x00, 0x00, 0x00, 0x00, 0x00, 0x00,
    0x00, 0x00, 0x00, 0x00, 0x00, 0x00, 0x00, 0x00, 0x00, 0x00, 0x00, 0x00,
    0x00, 0x00, 0x00, 0x00, 0x00, 0x00, 0x00, 0x00, 0x00, 0x00, 0x00, 0x00,
    0x00, 0x00, 0x00, 0x00, 0x00, 0x00, 0x00, 0x00, 0x00, 0x00, 0x00, 0x00,
    0x00, 0x00, 0x00, 0x00, 0x00, 0x00, 0x00, 0x00, 0x00, 0x00, 0x00, 0x00,
    0x00, 0x00, 0x00, 0x00, 0x00, 0x00, 0x00, 0x00, 0x00, 0x00, 0x00, 0x00,
    0x00, 0x00, 0x00, 0x00, 0x00, 0x00, 0x00, 0x00, 0x00, 0x00, 0x00, 0x00,
    0x00, 0x00, 0x00, 0x00, 0x00, 0x00, 0x00, 0x00, 0x00, 0x00, 0x00, 0x00,
    0x00, 0x00, 0x00, 0x00, 0x00, 0x00, 0x00, 0x00, 0x00, 0x00, 0x00, 0x00,
    0x00, 0x00, 0x00, 0x00, 0x00, 0x00, 0x00, 0x00, 0x00, 0x00, 0x00, 0x00,
    0x00, 0x00, 0x00, 0x00, 0x00, 0x00, 0x00, 0x00, 0x00, 0x00, 0x00, 0x00,
    0x00, 0x00, 0x00, 0x00, 0x00, 0x00, 0x00, 0x00, 0x00, 0x00, 0x00, 0x00,
    0x00, 0x00, 0x00, 0x00, 0x00, 0x00, 0x00, 0x00, 0x00, 0x00, 0x00, 0x00,
    0x00, 0x00, 0x00, 0x00, 0x00, 0x00, 0x00, 0x00, 0x00, 0x00, 0x00, 0x00,
    0x00, 0x00, 0x00, 0x00, 0x00, 0x00, 0x00, 0x00, 0x00, 0x00, 0x00, 0x00,
    0x00, 0x00, 0x00, 0x00, 0x00, 0x00, 0x00, 0x00, 0x00, 0x00, 0x00, 0x00,
    0x00, 0x00, 0x00, 0x00, 0x00, 0x00, 0x00, 0x00, 0x00, 0x00, 0x00, 0x00,
    0x00, 0x00, 0x00, 0x00, 0x00, 0x00, 0x00, 0x00, 0x00, 0x00, 0x00, 0x00,
    0x00, 0x00, 0x00, 0x00, 0x00, 0x00, 0x00, 0x00, 0x00, 0x00, 0x00, 0x00,
    0x00, 0x00, 0x00, 0x00, 0x00, 0x00, 0x00, 0x00, 0x00, 0x00, 0x00, 0x00,
    0x00, 0x00, 0x00, 0x00, 0x00, 0x00, 0x00, 0x00, 0x00, 0x00, 0x00, 0x00,
    0x00, 0x00, 0x00, 0x00, 0x00, 0x00, 0x00, 0x00, 0x00, 0x00, 0x00, 0x00,
    0x00, 0x00, 0x00, 0x00, 0x00, 0x00, 0x00, 0x00, 0x00, 0x00, 0x00, 0x00,
    0x00, 0x00, 0x00, 0x00, 0x00, 0x00, 0x00, 0x00, 0x00, 0x00, 0x00, 0x00,
    0x00, 0x00, 0x00, 0x00, 0x00, 0x00, 0x00, 0x00, 0x00, 0x00, 0x00, 0x00,
    0x00, 0x00, 0x00, 0x00, 0x00, 0x00, 0x00, 0x00, 0x00, 0x00, 0x00, 0x00,
    0x00, 0x00, 0x00, 0x00, 0x00, 0x00, 0x00, 0x00, 0x00, 0x00, 0x00, 0x00,
    0x00, 0x00, 0x00, 0x00, 0x00, 0x00, 0x00, 0x00, 0x00, 0x00, 0x00, 0x00,
    0x00, 0x00, 0x00, 0x00, 0x00, 0x00, 0x00, 0x00, 0x00, 0x00, 0x00, 0x00,
    0x00, 0x00, 0x00, 0x00, 0x00, 0x00, 0x00, 0x00, 0x00, 0x00, 0x00, 0x00,
    0x00, 0x00, 0x00, 0x00, 0x00, 0x00, 0x00, 0x00, 0x00, 0x00, 0x00, 0x00,
    0x00, 0x00, 0x00, 0x00, 0x00, 0x00, 0x00, 0x00, 0x00, 0x00, 0x00, 0x00,
    0x00, 0x00, 0x00, 0x00, 0x00, 0x00, 0x00, 0x00, 0x00, 0x00, 0x00, 0x00,
    0x00, 0x00, 0x00, 0x00, 0x00, 0x00, 0x00, 0x00, 0x00, 0x00, 0x00, 0x00,
    0x00, 0x00, 0x00, 0x00, 0x00, 0x00, 0x00, 0x00, 0x00, 0x00, 0x00, 0x00,
    0x00, 0x00, 0x00, 0x00, 0x00, 0x00, 0x00, 0x00, 0x00, 0x00, 0x00, 0x00,
    0x00, 0x00, 0x00, 0x00, 0x00, 0x00, 0x00, 0x00, 0x00, 0x00, 0x00, 0x00,
    0x00, 0x00, 0x00, 0x00, 0x00, 0x00, 0x00, 0x00, 0x00, 0x00, 0x00, 0x00,
    0x00, 0x00, 0x00, 0x00
};
